ci,frame,name,type,generic,type_m1,type_m2,type_agree,conf_m1,type_version
3,exp5,Complete intersection,object,0,object,object,True,1.0,v2
4,exp5,Torque converter,object,0,object,object,True,1.0,v2
16,exp5,Early adopter,object,0,object,object,True,1.0,v2
28,exp5,Scatternet,object,0,object,object,True,1.0,v2
37,exp5,Prospect theory,object,0,object,property,False,1.0,v2
48,exp5,Dwarf spheroidal galaxy,object,0,object,object,True,1.0,v2
52,exp5,Magnetoelectric effect,property,0,property,,False,1.0,v2
53,exp5,Neural development,topic,0,topic,,False,1.0,v2
54,exp5,Science communication,topic,0,topic,,False,1.0,v2
55,exp5,Acronym,object,1,object,object,True,0.8,v2
59,exp5,Dynamic stochastic general equilibrium,method,0,method,method,True,1.0,v2
60,exp5,Abcg2,object,0,object,object,True,1.0,v2
61,exp5,Angle of attack,property,0,property,,False,1.0,v2
65,exp5,Negative-bias temperature instability,property,0,property,,False,1.0,v2
69,exp5,Turing test,method,0,method,method,True,1.0,v2
70,exp5,Base course,object,0,object,object,True,1.0,v2
73,exp5,Spin-transfer torque,property,0,property,,False,1.0,v2
74,exp5,Endogeneity,property,0,property,,False,1.0,v2
75,exp5,Impedance matching,method,0,method,method,True,1.0,v2
91,exp5,Scientific management,topic,0,topic,,False,1.0,v2
92,exp5,World literature,topic,0,topic,,False,0.8,v2
98,exp5,Ferrimagnetism,property,0,property,,False,0.9,v2
105,exp5,Space launch,topic,0,topic,,False,0.8,v2
112,exp5,Trophic cascade,topic,0,topic,,False,0.8,v2
113,exp5,Ferroalloy,object,0,object,object,True,0.8,v2
115,exp5,Team learning,topic,0,topic,,False,0.8,v2
116,exp5,Distributed feedback laser,object,0,object,object,True,0.9,v2
133,exp5,Anabolism,topic,0,topic,,False,0.8,v2
136,exp5,Software bug,object,0,object,object,True,0.8,v2
144,exp5,Expansive clay,object,0,object,object,True,0.8,v2
145,exp5,Biohydrogen,object,0,object,topic,False,0.8,v2
150,exp5,HRAS,object,0,object,object,True,0.9,v2
153,exp5,Economic order quantity,method,0,method,method,True,0.8,v2
162,exp5,Autoregressive fractionally integrated moving average,method,0,method,method,True,0.9,v2
168,exp5,Herbig Ae/Be star,object,0,object,object,True,0.9,v2
186,exp5,Linear actuator,object,0,object,object,True,0.8,v2
192,exp5,Immunogenetics,topic,0,topic,,False,0.8,v2
193,exp5,Normalized Difference Vegetation Index,method,0,method,property,False,0.8,v2
196,exp5,Matrix pencil,method,0,method,method,True,0.9,v2
197,exp5,Measurement invariance,property,0,property,,False,0.9,v2
198,exp5,Health belief model,object,0,object,method,False,0.9,v2
208,exp5,Life course approach,topic,0,topic,,False,0.9,v2
212,exp5,Recuperator,object,0,object,object,True,0.9,v2
215,exp5,Networked control system,object,0,object,topic,False,0.9,v2
218,exp5,Optical rectification,method,0,method,property,False,0.9,v2
219,exp5,Liquefied petroleum gas,object,0,object,object,True,0.9,v2
224,exp5,Neutron reflectometry,method,0,method,method,True,0.9,v2
230,exp5,Asian option,object,0,object,object,True,0.9,v2
234,exp5,Mahalanobis distance,method,0,method,property,False,0.9,v2
250,exp5,Extracellular fluid,object,0,object,object,True,0.9,v2
261,exp5,RNA silencing,method,0,method,method,True,0.9,v2
263,exp5,Siegel modular form,object,0,object,object,True,0.9,v2
269,exp5,Health equity,topic,0,topic,,False,0.9,v2
277,exp5,Glocalization,topic,0,topic,,False,0.9,v2
280,exp5,Cow dung,object,0,object,object,True,0.9,v2
282,exp5,Uncanny valley,object,0,object,property,False,0.9,v2
284,exp5,Linear code,object,0,object,method,False,0.9,v2
286,exp5,Medical prescription,object,0,object,object,True,0.9,v2
292,exp5,NPM1,object,0,object,object,True,0.9,v2
293,exp5,Energy homeostasis,property,0,property,,False,0.9,v2
294,exp5,Optode,object,0,object,object,True,0.9,v2
300,exp5,HMGA2,object,0,object,object,True,0.9,v2
301,exp5,Double auction,method,0,method,method,True,0.9,v2
308,exp5,Distance measures,method,0,method,method,True,0.9,v2
309,exp5,Impervious surface,object,0,object,object,True,0.9,v2
314,exp5,Economic sociology,topic,0,topic,,False,0.9,v2
319,exp5,Schur complement,object,0,object,method,False,0.9,v2
340,exp5,Intravital microscopy,method,0,method,method,True,0.9,v2
344,exp5,Big Five personality traits,property,0,property,,False,0.9,v2
348,exp5,Decision-making models,method,0,method,method,True,0.9,v2
352,exp5,Rotating magnetic field,property,0,property,,False,0.9,v2
365,exp5,Energy crop,object,0,object,object,True,0.9,v2
368,exp5,Fluorapatite,object,0,object,object,True,0.9,v2
369,exp5,State observer,method,0,method,method,True,0.9,v2
376,exp5,Information hiding,method,0,method,property,False,0.9,v2
385,exp5,Laser propulsion,method,0,method,method,True,0.9,v2
397,exp5,Polymer nanocomposite,object,0,object,object,True,0.9,v2
399,exp5,Spectral imaging,method,0,method,method,True,0.9,v2
404,exp5,Frame rate,property,0,property,,False,0.9,v2
407,exp5,Total productive maintenance,method,0,method,topic,False,0.9,v2
409,exp5,Service innovation,topic,0,topic,,False,0.8,v2
420,exp5,Pentose phosphate pathway,object,0,object,object,True,0.9,v2
424,exp5,Melanopsin,object,0,object,object,True,0.9,v2
432,exp5,Living lab,object,0,object,topic,False,0.8,v2
444,exp5,Lucas number,object,0,object,object,True,0.9,v2
445,exp5,Effective population size,property,0,property,,False,0.9,v2
452,exp5,Communication theory,topic,0,topic,,False,0.8,v2
459,exp5,Symmetric function,object,0,object,object,True,0.9,v2
462,exp5,Optical axis,object,0,object,object,True,0.9,v2
463,exp5,Hidden curriculum,topic,0,topic,,False,0.8,v2
477,exp5,Incentive program,topic,0,topic,,False,0.8,v2
479,exp5,Chimeric antigen receptor,object,0,object,object,True,0.9,v2
481,exp5,Ground vibrations,object,0,object,object,True,0.9,v2
483,exp5,Half-life,property,1,property,,False,0.9,v2
485,exp5,Matrix gla protein,object,0,object,object,True,0.9,v2
490,exp5,Mechanosensitive channels,object,0,object,object,True,0.9,v2
491,exp5,Sheaf,object,0,object,object,True,0.9,v2
525,exp5,Self-knowledge,topic,0,topic,,False,0.8,v2
534,exp5,X-inactivation,object,0,object,property,False,0.9,v2
552,exp5,Epigraphy,topic,0,topic,,False,0.8,v2
562,exp5,Mediterranean climate,object,0,object,property,False,0.9,v2
569,exp5,Eukaryotic translation,topic,0,topic,,False,0.8,v2
572,exp5,Phonotactics,topic,0,topic,,False,0.9,v2
583,exp5,Package insert,object,0,object,object,True,0.9,v2
593,exp5,Ampere,property,1,property,,False,0.9,v2
597,exp5,RGS2,object,0,object,object,True,0.9,v2
601,exp5,TILLING,method,0,method,method,True,0.9,v2
603,exp5,Impression management,topic,0,topic,,False,0.9,v2
606,exp5,Military history,topic,0,topic,,False,0.9,v2
607,exp5,Core network,object,0,object,object,True,0.9,v2
608,exp5,Fuzzy cognitive map,method,0,method,method,True,0.9,v2
610,exp5,Toric variety,object,0,object,object,True,0.9,v2
621,exp5,Anaerobic exercise,topic,0,topic,,False,0.9,v2
631,exp5,Pelletizing,method,0,method,method,True,0.9,v2
633,exp5,Categorical variable,property,1,property,,False,0.9,v2
638,exp5,5-HTTLPR,object,0,object,property,False,0.9,v2
639,exp5,Voltage-controlled oscillator,object,0,object,object,True,0.9,v2
641,exp5,Chemical plant,object,0,object,object,True,0.9,v2
649,exp5,Bat algorithm,method,0,method,method,True,0.9,v2
659,exp5,Pharmaceutical engineering,topic,0,topic,,False,0.9,v2
663,exp5,VNIR,object,0,object,object,True,0.9,v2
672,exp5,Hatha yoga,topic,0,topic,,False,0.8,v2
674,exp5,Expected shortfall,property,0,property,,False,0.9,v2
684,exp5,Card sorting,method,0,method,method,True,0.9,v2
691,exp5,Thermal fluctuations,property,0,property,,False,0.9,v2
695,exp5,Lorentz transformation,method,0,method,property,False,0.9,v2
711,exp5,CXCL10,object,0,object,object,True,0.9,v2
717,exp5,Mesoporous organosilica,object,0,object,object,True,0.9,v2
726,exp5,Refractometer,object,0,object,method,False,0.9,v2
744,exp5,Neurophysins,object,0,object,object,True,0.9,v2
745,exp5,Triple bottom line,topic,0,topic,,False,0.9,v2
747,exp5,Net interest margin,property,0,property,,False,0.9,v2
752,exp5,Pseudocapacitor,object,0,object,object,True,0.9,v2
757,exp5,Mathematical statistics,topic,0,topic,,False,0.9,v2
761,exp5,Physical science,topic,0,topic,,False,0.9,v2
784,exp5,Aviation medicine,topic,0,topic,,False,0.9,v2
796,exp5,Traffic sign recognition,method,0,method,method,True,0.9,v2
797,exp5,Co-channel interference,property,0,property,,False,0.9,v2
810,exp5,Phosphoproteomics,topic,0,topic,,False,0.9,v2
817,exp5,Posterior parietal cortex,object,0,object,object,True,0.9,v2
818,exp5,Pyrolytic carbon,object,0,object,object,True,1.0,v2
821,exp5,Trinomial,object,0,object,object,True,1.0,v2
822,exp5,John Cage,object,0,object,object,True,1.0,v2
825,exp5,Cooperative diversity,method,0,method,method,True,1.0,v2
839,exp5,Far-red,property,0,property,,False,1.0,v2
841,exp5,Vacuum energy,object,0,object,property,False,1.0,v2
842,exp5,Indirect costs,property,0,property,,False,1.0,v2
848,exp5,Gene expression programming,method,0,method,method,True,1.0,v2
859,exp5,Holographic display,object,0,object,object,True,1.0,v2
865,exp5,Standby power,property,0,property,,False,1.0,v2
875,exp5,Pictogram,object,0,object,object,True,1.0,v2
888,exp5,Microseism,object,0,object,object,True,1.0,v2
892,exp5,Carbon dioxide reforming,method,0,method,method,True,1.0,v2
895,exp5,Toda lattice,object,0,object,object,True,1.0,v2
918,exp5,Oil droplet,object,0,object,object,True,1.0,v2
920,exp5,Weak localization,object,0,object,property,False,1.0,v2
936,exp5,Phase center,property,0,property,,False,1.0,v2
944,exp5,Attribute-based encryption,method,0,method,method,True,1.0,v2
947,exp5,Economic restructuring,topic,0,topic,,False,1.0,v2
950,exp5,Defence mechanisms,object,0,object,property,False,1.0,v2
958,exp5,Lewis number,property,0,property,,False,1.0,v2
966,exp5,Anthropocentrism,topic,0,topic,,False,1.0,v2
969,exp5,Laser peening,method,0,method,method,True,1.0,v2
974,exp5,Paracrine signalling,method,0,method,property,False,1.0,v2
989,exp5,Phenome,object,0,object,object,True,1.0,v2
992,exp5,Cotangent bundle,object,0,object,object,True,1.0,v2
998,exp5,Congestion pricing,method,0,method,method,True,1.0,v2
1000,exp5,Crowding out,property,0,property,,False,1.0,v2
1003,exp5,Unsupervised learning,method,0,method,method,True,1.0,v2
1004,exp5,Monoacylglycerol lipase,object,0,object,object,True,1.0,v2
1016,exp5,Biomagnification,property,0,property,,False,1.0,v2
1023,exp5,Respiratory rate,property,0,property,,False,1.0,v2
1028,exp5,Ovariectomized rat,object,0,object,object,True,1.0,v2
1035,exp5,B chromosome,object,0,object,object,True,1.0,v2
1038,exp5,Tree planting,method,0,method,method,True,1.0,v2
1039,exp5,Aril,object,0,object,object,True,1.0,v2
1041,exp5,Axial-flow pump,object,0,object,object,True,1.0,v2
1054,exp5,Harnack's inequality,property,0,property,,False,1.0,v2
1056,exp5,Radioluminescence,method,0,method,property,False,1.0,v2
1061,exp5,Budget constraint,property,0,property,,False,1.0,v2
1064,exp5,Optical parametric amplifier,object,0,object,object,True,0.9,v2
1066,exp5,Lubricity,property,0,property,,False,0.9,v2
1072,exp5,Trickle-bed reactor,object,0,object,object,True,0.9,v2
1074,exp5,Tone mapping,method,0,method,method,True,0.9,v2
1078,exp5,Sensory substitution,method,0,method,method,True,0.9,v2
1086,exp5,Chrome plating,method,0,method,method,True,0.9,v2
1087,exp5,Offshore wind power,topic,0,topic,,False,0.9,v2
1100,exp5,Information transfer,topic,0,topic,,False,0.9,v2
1104,exp5,Post-perovskite,object,0,object,object,True,0.9,v2
1115,exp5,Nucleophilic aromatic substitution,method,0,method,method,True,0.9,v2
1139,exp5,Image-guided radiation therapy,method,0,method,method,True,0.9,v2
1141,exp5,Pickering emulsion,object,0,object,object,True,0.9,v2
1150,exp5,Operationalization,method,0,method,method,True,0.9,v2
1153,exp5,Mimotope,object,0,object,object,True,0.9,v2
1158,exp5,Rotation period,property,0,property,,False,0.9,v2
1166,exp5,Polynomial ring,object,0,object,object,True,0.9,v2
1168,exp5,Network engineering,topic,0,topic,,False,0.9,v2
1174,exp5,Photojournalism,topic,0,topic,,False,0.9,v2
1175,exp5,Zero divisor,object,0,object,property,False,0.9,v2
1195,exp5,Hydrogen fuel,topic,0,topic,,False,0.9,v2
1197,exp5,Social engagement,topic,0,topic,,False,0.8,v2
1201,exp5,Modern portfolio theory,method,0,method,method,True,0.9,v2
1205,exp5,Interactome,object,0,object,object,True,0.9,v2
1207,exp5,Geospatial analysis,method,0,method,method,True,0.9,v2
1210,exp5,Michelson interferometer,object,0,object,object,True,0.9,v2
1215,exp5,Renminbi,object,0,object,object,True,0.9,v2
1249,exp5,LGR5,object,0,object,object,True,0.9,v2
1251,exp5,Rootkit,object,0,object,object,True,0.9,v2
1256,exp5,Drive shaft,object,0,object,object,True,0.9,v2
1258,exp5,Localized surface plasmon,object,0,object,property,False,0.9,v2
1264,exp5,Moment of inertia,property,1,property,,False,0.9,v2
1275,exp5,Static VAR compensator,object,0,object,object,True,0.9,v2
1277,exp5,Free trade zone,topic,0,topic,,False,0.9,v2
1281,exp5,Learning effect,property,0,property,,False,0.9,v2
1282,exp5,Niche construction,topic,0,topic,,False,0.9,v2
1294,exp5,Data security,topic,0,topic,,False,0.9,v2
1298,exp5,Data pre-processing,method,0,method,method,True,0.9,v2
1299,exp5,Smart grid,topic,0,topic,,False,0.9,v2
1301,exp5,Artificial seawater,object,0,object,object,True,0.9,v2
1303,exp5,Enterprise architecture,topic,0,topic,,False,0.9,v2
1304,exp5,Exome,object,0,object,object,True,0.9,v2
1306,exp5,LS-DYNA,method,0,method,method,True,0.9,v2
1308,exp5,Vortex-induced vibration,object,0,object,property,False,0.9,v2
1324,exp5,PKM2,object,0,object,object,True,0.9,v2
1326,exp5,Graphene foam,object,0,object,object,True,0.9,v2
1350,exp5,Vagal tone,property,0,property,,False,0.9,v2
1351,exp5,Radar imaging,method,0,method,method,True,0.9,v2
1352,exp5,Allee effect,property,0,property,,False,0.9,v2
1363,exp5,Business rule,property,0,property,,False,0.9,v2
1366,exp5,Hyperelliptic curve,object,0,object,object,True,0.9,v2
1371,exp5,Multiple-criteria decision analysis,method,0,method,method,True,0.9,v2
1372,exp5,Coordination sphere,object,0,object,property,False,0.9,v2
1392,exp5,Atlantic multidecadal oscillation,object,0,object,property,False,0.9,v2
1402,exp5,Dispersity,property,0,property,,False,0.9,v2
1410,exp5,Malliavin calculus,method,0,method,method,True,0.9,v2
1413,exp5,Group representation,object,0,object,object,True,0.9,v2
1421,exp5,Unjust enrichment,topic,0,topic,,False,0.9,v2
1422,exp5,Compassion fatigue,property,0,property,,False,0.9,v2
1424,exp5,Photon upconversion,method,0,method,property,False,0.9,v2
1431,exp5,Radius of curvature,property,0,property,,False,0.9,v2
1432,exp5,Causal model,object,0,object,method,False,0.9,v2
1433,exp5,Coastal flood,topic,0,topic,,False,0.8,v2
1434,exp5,SCCmec,object,0,object,object,True,0.9,v2
1436,exp5,Unicast,topic,0,topic,,False,0.8,v2
1437,exp5,Microevolution,topic,0,topic,,False,0.8,v2
1441,exp5,Spiking neural network,object,0,object,method,False,0.9,v2
1445,exp5,Framingham Risk Score,method,0,method,method,True,0.9,v2
1447,exp5,Omnivore,object,0,object,object,True,0.8,v2
1449,exp5,Network theory,topic,0,topic,,False,0.9,v2
1458,exp5,Paleoceanography,topic,0,topic,,False,0.9,v2
1460,exp5,Fractional crystallization (geology),method,0,method,property,False,0.9,v2
1466,exp5,Oratorio,object,0,object,object,True,0.8,v2
1472,exp5,Supersolid,object,0,object,object,True,0.9,v2
1473,exp5,Relative biological effectiveness,property,0,property,,False,0.9,v2
1488,exp5,Color histogram,method,0,method,method,True,0.9,v2
1493,exp5,Differentiator,object,0,object,object,True,0.9,v2
1494,exp5,Adoration,object,0,object,property,False,0.8,v2
1495,exp5,Compound heterozygosity,property,0,property,,False,0.9,v2
1496,exp5,Groundwater discharge,property,0,property,,False,0.9,v2
1524,exp5,Phenocopy,property,0,property,,False,0.9,v2
1537,exp5,Positive psychology,topic,0,topic,,False,0.9,v2
1552,exp5,Link layer,topic,0,topic,,False,0.9,v2
1555,exp5,Booster dose,property,0,property,,False,0.9,v2
1557,exp5,IRF4,object,0,object,object,True,0.9,v2
1570,exp5,Geomatics,topic,0,topic,,False,0.9,v2
1572,exp5,Quadratic residue,object,0,object,object,True,0.9,v2
1573,exp5,Microfiber,object,0,object,object,True,0.9,v2
1580,exp5,Streak camera,method,0,method,object,False,0.9,v2
1590,exp5,GPS signals,object,0,object,object,True,0.9,v2
1591,exp5,Event study,method,0,method,method,True,0.9,v2
1607,exp5,Water retention curve,property,0,property,,False,0.9,v2
1610,exp5,Biodegradable waste,object,0,object,object,True,0.9,v2
1627,exp5,Suzuki reaction,method,0,method,method,True,0.9,v2
1628,exp5,Polarization rotator,object,0,object,object,True,0.9,v2
1633,exp5,Health law,topic,0,topic,,False,0.9,v2
1643,exp5,Ectotherm,object,0,object,object,True,0.9,v2
1656,exp5,Coronal plane,object,0,object,object,True,0.9,v2
1658,exp5,Asthenosphere,object,0,object,object,True,0.9,v2
1664,exp5,Social deprivation,property,0,property,,False,0.9,v2
1674,exp5,Liver fluke,object,0,object,object,True,0.9,v2
1678,exp5,Writing style,property,0,property,,False,0.8,v2
1681,exp5,Hyperbole,property,0,property,,False,0.8,v2
1686,exp5,Nonthermal plasma,object,0,object,object,True,0.8,v2
1691,exp5,HDAC3,object,0,object,object,True,0.9,v2
1697,exp5,Web crawler,method,0,method,method,True,0.8,v2
1698,exp5,Relative permittivity,property,0,property,,False,0.8,v2
1707,exp5,Interaction design,topic,0,topic,,False,0.8,v2
1718,exp5,Internally displaced person,object,0,object,object,True,0.8,v2
1719,exp5,Isotopologue,object,0,object,property,False,0.8,v2
1729,exp5,Wannier function,object,0,object,object,True,0.8,v2
1732,exp5,Liquefied natural gas,object,0,object,object,True,0.8,v2
1736,exp5,Suppressor of cytokine signaling 1,object,0,object,object,True,0.9,v2
1744,exp5,HOMO/LUMO,object,0,object,property,False,0.8,v2
1751,exp5,Visual analogue scale,method,0,method,method,True,0.8,v2
1752,exp5,Agile software development,topic,0,topic,,False,0.8,v2
1755,exp5,Stiffness matrix,object,0,object,object,True,0.8,v2
1770,exp5,Vapour Pressure Deficit,property,0,property,,False,0.8,v2
1778,exp5,Locked nucleic acid,object,0,object,object,True,0.8,v2
1781,exp5,Business cluster,topic,0,topic,,False,0.8,v2
1800,exp5,Design pattern,method,0,method,method,True,0.8,v2
1810,exp5,Social cognitive theory,topic,0,topic,,False,0.9,v2
1818,exp5,Retrieval-induced forgetting,property,0,property,,False,0.9,v2
1826,exp5,Optical attenuator,object,0,object,object,True,0.9,v2
1831,exp5,Buttress,object,0,object,object,True,0.9,v2
1834,exp5,Photomask,object,0,object,object,True,0.9,v2
1840,exp5,Liminality,property,0,property,,False,0.9,v2
1842,exp5,Arrow of time,property,0,property,,False,0.9,v2
1843,exp5,Fractal antenna,object,0,object,object,True,0.9,v2
1845,exp5,Shrimp farming,topic,0,topic,,False,0.9,v2
1859,exp5,Relevance vector machine,method,0,method,method,True,0.9,v2
1871,exp5,Longhorn beetle,object,0,object,object,True,1.0,v2
1874,exp5,Nanomedicine,topic,0,topic,,False,1.0,v2
1880,exp5,Psychophysics,topic,0,topic,,False,1.0,v2
1881,exp5,Lyotropic liquid crystal,object,0,object,object,True,1.0,v2
1884,exp5,Metagenomics,topic,0,topic,,False,1.0,v2
1888,exp5,Long tail,topic,0,topic,,False,1.0,v2
1896,exp5,Pith,object,0,object,object,True,1.0,v2
1899,exp5,Structural coloration,property,0,property,,False,1.0,v2
1907,exp5,Adiabatic shear band,object,0,object,object,True,1.0,v2
1933,exp5,Live cell imaging,method,0,method,method,True,1.0,v2
1937,exp5,Liveness,property,0,property,,False,0.9,v2
1951,exp5,Domain analysis,method,0,method,method,True,0.9,v2
1953,exp5,Graphic design,topic,0,topic,,False,0.9,v2
1954,exp5,Glacial period,topic,0,topic,,False,0.9,v2
1957,exp5,Aquaporin 4,object,0,object,object,True,0.9,v2
1970,exp5,Radiative cooling,method,0,method,property,False,0.9,v2
1988,exp5,CHAID,method,0,method,method,True,0.9,v2
1995,exp5,Symbolic dynamics,method,0,method,topic,False,0.9,v2
2000,exp5,Gaussian curvature,property,0,property,,False,0.9,v2
2002,exp5,Reassortment,method,0,method,property,False,0.9,v2
2013,exp5,Raji cell,object,0,object,object,True,0.9,v2
2014,exp5,Susceptibility weighted imaging,method,0,method,method,True,0.9,v2
2015,exp5,Ionogram,object,0,object,method,False,0.9,v2
2029,exp5,Antarctic sea ice,object,0,object,object,True,0.9,v2
2031,exp5,Nanoprobe,object,0,object,object,True,0.9,v2
2033,exp5,Geostationary orbit,object,0,object,object,True,0.9,v2
2036,exp5,Fractional factorial design,method,0,method,method,True,0.9,v2
2040,exp5,Cournot competition,method,0,method,topic,False,0.9,v2
2053,exp5,Social stress,topic,0,topic,,False,0.9,v2
2054,exp5,Wiener index,property,0,property,,False,0.9,v2
2061,exp5,Exome sequencing,method,0,method,method,True,1.0,v2
2063,exp5,Human settlement,topic,0,topic,,False,0.8,v2
2066,exp5,Somitogenesis,topic,0,topic,,False,1.0,v2
2081,exp5,Inorganic ions,object,0,object,object,True,1.0,v2
2083,exp5,DNA demethylation,method,0,method,property,False,1.0,v2
2109,exp5,Capital adequacy ratio,property,0,property,,False,1.0,v2
2114,exp5,Acid hydrolysis,method,0,method,method,True,1.0,v2
2117,exp5,Rescue robot,object,0,object,object,True,1.0,v2
2120,exp5,Pseudoscience,topic,0,topic,,False,1.0,v2
2121,exp5,Screenwriting,topic,0,topic,,False,1.0,v2
2133,exp5,Metamemory,property,0,property,,False,1.0,v2
2137,exp5,Bergman kernel,object,0,object,object,True,1.0,v2
2144,exp5,Pyroptosis,topic,0,topic,,False,1.0,v2
2149,exp5,Land development,topic,0,topic,,False,1.0,v2
2150,exp5,Granular computing,method,0,method,topic,False,1.0,v2
2176,exp5,Endomicroscopy,method,0,method,method,True,1.0,v2
2179,exp5,CXCL9,object,0,object,object,True,1.0,v2
2180,exp5,Image intensifier,object,0,object,object,True,1.0,v2
2190,exp5,Mitochondrial fission,method,0,method,property,False,1.0,v2
2194,exp5,Digital media,object,0,object,topic,False,1.0,v2
2197,exp5,LTE Advanced,object,0,object,object,True,1.0,v2
2209,exp5,Axiology,topic,0,topic,,False,0.8,v2
2211,exp5,Multigraph,object,0,object,object,True,1.0,v2
2218,exp5,Impression formation,topic,0,topic,,False,1.0,v2
2225,exp5,Key management,topic,0,topic,,False,1.0,v2
2229,exp5,Propensity score matching,method,0,method,method,True,1.0,v2
2230,exp5,Endochondral ossification,object,0,object,property,False,1.0,v2
2231,exp5,Harem,object,0,object,object,True,0.8,v2
2237,exp5,Multiplicative noise,property,0,property,,False,1.0,v2
2244,exp5,Geoarchaeology,topic,0,topic,,False,1.0,v2
2256,exp5,Nanocarriers,object,0,object,object,True,1.0,v2
2275,exp5,Diffraction efficiency,property,0,property,,False,1.0,v2
2283,exp5,Right to privacy,topic,0,topic,,False,1.0,v2
2286,exp5,Compact star,object,0,object,property,False,1.0,v2
2288,exp5,Mixing ratio,property,0,property,,False,1.0,v2
2291,exp5,Pulpotomy,method,0,method,method,True,1.0,v2
2299,exp5,Wiener filter,method,0,method,method,True,1.0,v2
2304,exp5,Environmental psychology,topic,0,topic,,False,1.0,v2
2306,exp5,Plasma actuator,object,0,object,object,True,1.0,v2
2308,exp5,Mentalization,property,0,property,,False,1.0,v2
2317,exp5,Digital micromirror device,object,0,object,object,True,0.9,v2
2321,exp5,Joint probability distribution,object,0,object,property,False,0.9,v2
2331,exp5,Diafiltration,method,0,method,method,True,0.9,v2
2338,exp5,Scenario analysis,method,0,method,method,True,0.9,v2
2339,exp5,Emergy,property,0,property,,False,0.9,v2
2342,exp5,Screw theory,method,0,method,method,True,0.9,v2
2354,exp5,Blind signature,method,0,method,method,True,0.9,v2
2360,exp5,Graphics hardware,object,0,object,object,True,0.9,v2
2363,exp5,Telomerization,method,0,method,method,True,0.9,v2
2383,exp5,Liquid gas,object,0,object,object,True,0.9,v2
2384,exp5,Band bending,property,0,property,,False,0.9,v2
2388,exp5,Basophilic,property,0,property,,False,0.9,v2
2390,exp5,Subadditivity,property,0,property,,False,0.9,v2
2396,exp5,Physical layer,topic,0,topic,,False,0.9,v2
2399,exp5,Ichthyoplankton,object,0,object,object,True,0.9,v2
2402,exp5,Property management,topic,0,topic,,False,0.9,v2
2403,exp5,Moral psychology,topic,0,topic,,False,0.9,v2
2431,exp5,Semiparametric regression,method,0,method,method,True,0.9,v2
2437,exp5,Region of interest,object,0,object,property,False,0.9,v2
2439,exp5,Workflow technology,topic,0,topic,,False,0.9,v2
2445,exp5,Indicator bacteria,object,0,object,object,True,0.9,v2
2466,exp5,Ocean acidification,topic,0,topic,,False,0.9,v2
2469,exp5,GPR120,object,0,object,object,True,0.9,v2
2470,exp5,Model organism,object,0,object,object,True,0.9,v2
2496,exp5,Sea spray,object,0,object,object,True,0.9,v2
2498,exp5,Continued fraction,object,0,object,method,False,0.9,v2
2523,exp5,Evolutionary game theory,topic,0,topic,,False,0.9,v2
2525,exp5,Body language,property,0,property,,False,0.9,v2
2527,exp5,Environmental impact statement,method,0,method,method,True,0.9,v2
2553,exp5,Master/slave,object,0,object,method,False,0.9,v2
2557,exp5,Contourlet,method,0,method,method,True,0.9,v2
2558,exp5,Invariant manifold,object,0,object,property,False,0.9,v2
2591,exp5,Urban ecosystem,topic,0,topic,,False,0.9,v2
2599,exp5,Hemeprotein,object,0,object,object,True,0.9,v2
2602,exp5,Cyclic group,object,0,object,object,True,0.9,v2
2603,exp5,Geometric programming,method,0,method,method,True,0.9,v2
2604,exp5,Photoelectrochemical cell,object,0,object,object,True,0.9,v2
2605,exp5,Vector flow,method,0,method,object,False,0.9,v2
2614,exp5,Latin hypercube sampling,method,0,method,method,True,0.9,v2
2621,exp5,Cognitive architecture,object,0,object,object,True,0.9,v2
2623,exp5,Biological motion,object,0,object,property,False,0.9,v2
2627,exp5,Magnetic flux leakage,method,0,method,method,True,0.9,v2
2632,exp5,Sustainability science,topic,0,topic,,False,0.9,v2
2644,exp5,Payment card,object,0,object,object,True,0.9,v2
2646,exp5,Probability measure,object,0,object,property,False,0.9,v2
2650,exp5,Tiltmeter,object,0,object,method,False,0.9,v2
2654,exp5,Seismotectonics,topic,0,topic,,False,0.9,v2
2666,exp5,Social behavior,object,0,object,property,False,0.9,v2
2680,exp5,Information model,object,0,object,method,False,0.9,v2
2686,exp5,Self-actualization,object,0,object,property,False,0.9,v2
2710,exp5,Inductive reasoning,method,0,method,method,True,0.9,v2
2712,exp5,Metabolomics,topic,0,topic,,False,0.9,v2
2713,exp5,Collaborative filtering,method,0,method,method,True,0.9,v2
2714,exp5,Ritz method,method,0,method,method,True,0.9,v2
2723,exp5,Metglas,object,0,object,object,True,0.9,v2
2725,exp5,Beta distribution,object,0,object,object,True,0.9,v2
2727,exp5,Autograph,object,0,object,object,True,0.9,v2
2736,exp5,Detrended fluctuation analysis,method,0,method,method,True,0.9,v2
2738,exp5,Semiring,object,0,object,object,True,0.9,v2
2757,exp5,Positive Youth Development,topic,0,topic,,False,0.9,v2
2765,exp5,Green economy,topic,0,topic,,False,0.9,v2
2779,exp5,Nanofluid,object,0,object,object,True,0.9,v2
2780,exp5,Greywater,object,0,object,object,True,0.9,v2
2791,exp5,Perceptual learning,method,0,method,topic,False,0.9,v2
2792,exp5,Geolocation,method,0,method,method,True,0.9,v2
2799,exp5,Saturable absorption,property,0,property,,False,0.9,v2
2800,exp5,Stable isotope ratio,property,0,property,,False,0.9,v2
2803,exp5,Galvannealed,object,0,object,property,False,0.9,v2
2817,exp5,Arc length,property,0,property,,False,0.9,v2
2826,exp5,Lipschitz continuity,property,0,property,,False,0.9,v2
2835,exp5,Stacking-fault energy,property,0,property,,False,0.9,v2
2843,exp5,Onomatopoeia,object,0,object,object,True,0.9,v2
2850,exp5,Interaction energy,property,0,property,,False,0.9,v2
2852,exp5,Brushite,object,0,object,object,True,0.9,v2
2856,exp5,Shear wave splitting,method,0,method,property,False,0.9,v2
2860,exp5,Lysin,object,0,object,object,True,0.9,v2
2866,exp5,Shortest path problem,object,0,object,method,False,0.9,v2
2871,exp5,Survival of the fittest,topic,0,topic,,False,0.9,v2
2887,exp5,Hybrid functional,object,0,object,method,False,0.9,v2
2889,exp5,Histone methylation,method,0,method,property,False,0.9,v2
2895,exp5,Botnet,object,0,object,object,True,0.9,v2
2897,exp5,Bract,object,0,object,object,True,0.9,v2
2903,exp5,Photonic integrated circuit,object,0,object,object,True,0.9,v2
2924,exp5,Autotransformer,object,0,object,object,True,0.9,v2
2928,exp5,Halogen bond,property,0,property,,False,0.9,v2
2935,exp5,East Asian Monsoon,topic,0,topic,,False,0.9,v2
2938,exp5,Differential privacy,method,0,method,method,True,0.9,v2
2939,exp5,Special relativity,topic,1,topic,,False,0.9,v2
2945,exp5,Pathosystem,topic,0,topic,,False,0.9,v2
2947,exp5,Consumer behaviour,topic,0,topic,,False,0.9,v2
2960,exp5,Nectin,object,0,object,object,True,0.9,v2
2962,exp5,Inrush current,property,0,property,,False,0.9,v2
2970,exp5,Fano resonance,property,0,property,,False,0.9,v2
2973,exp5,Pan evaporation,method,0,method,object,False,0.9,v2
2980,exp5,Spectral method,method,0,method,method,True,0.9,v2
2989,exp5,Calibration curve,method,0,method,method,True,0.9,v2
3003,exp5,HDAC6,object,0,object,object,True,0.9,v2
3016,exp5,Magnetic core,object,0,object,object,True,0.9,v2
3030,exp5,Epithet,object,0,object,property,False,0.9,v2
3034,exp5,Money market,topic,0,topic,,False,0.9,v2
3035,exp5,Bioconjugation,method,0,method,method,True,0.9,v2
3036,exp5,Water pipe,topic,0,topic,,False,0.8,v2
3045,exp5,Forest restoration,topic,0,topic,,False,0.9,v2
3047,exp5,Overfishing,topic,0,topic,,False,0.9,v2
3048,exp5,Mass spectrometry imaging,method,0,method,method,True,0.9,v2
3049,exp5,Scaling limit,object,0,object,property,False,0.9,v2
3059,exp5,Transversality,property,0,property,,False,0.9,v2
3060,exp5,Cosmetology,topic,0,topic,,False,0.9,v2
3062,exp5,Personal pronoun,object,0,object,object,True,0.9,v2
3063,exp5,Implied volatility,property,0,property,,False,0.9,v2
3066,exp5,Magnetic circuit,object,0,object,object,True,0.9,v2
3069,exp5,Primatology,topic,0,topic,,False,0.9,v2
3080,exp5,Autoregressive integrated moving average,method,0,method,method,True,0.9,v2
3081,exp5,Lava dome,object,0,object,object,True,0.9,v2
3082,exp5,Unconventional oil,object,0,object,topic,False,0.9,v2
3083,exp5,Digital humanities,topic,0,topic,,False,0.9,v2
3093,exp5,Heterocyst,object,0,object,object,True,0.9,v2
3094,exp5,Bijection,object,0,object,object,True,0.9,v2
3096,exp5,Whole genome sequencing,method,0,method,method,True,0.9,v2
3102,exp5,Camassa–Holm equation,object,0,object,property,False,0.9,v2
3104,exp5,Semantic field,topic,0,topic,,False,0.8,v2
3106,exp5,Perennial plant,object,0,object,object,True,0.9,v2
3112,exp5,Threatened species,object,0,object,property,False,0.9,v2
3114,exp5,Human pathogen,object,0,object,object,True,0.9,v2
3117,exp5,Cranial vault,object,0,object,object,True,0.9,v2
3125,exp5,Parametric model,method,0,method,method,True,0.9,v2
3126,exp5,Long-term memory,property,0,property,,False,0.9,v2
3132,exp5,Moderated mediation,method,0,method,property,False,0.9,v2
3140,exp5,High-frequency trading,topic,0,topic,,False,0.9,v2
3145,exp5,Philosophy of mind,topic,0,topic,,False,0.9,v2
3146,exp5,Loop heat pipe,object,0,object,object,True,0.9,v2
3149,exp5,Runoff model,method,0,method,method,True,0.9,v2
3153,exp5,Extended finite element method,method,0,method,method,True,0.9,v2
3154,exp5,Cahn–Hilliard equation,method,0,method,method,True,0.9,v2
3155,exp5,Electron transport chain,method,0,method,property,False,0.9,v2
3167,exp5,PAK1,object,0,object,object,True,0.9,v2
3187,exp5,Economic Value Added,property,0,property,,False,0.9,v2
3192,exp5,Beta diversity,property,0,property,,False,0.9,v2
3203,exp5,Louver,object,0,object,object,True,0.9,v2
3218,exp5,Reverse genetics,method,0,method,method,True,0.9,v2
3225,exp5,Printed electronics,topic,0,topic,,False,0.9,v2
3228,exp5,Nanopillar,object,0,object,object,True,0.9,v2
3231,exp5,Ecological study,method,0,method,method,True,0.9,v2
3232,exp5,Perichondrium,object,0,object,object,True,0.9,v2
3242,exp5,Hilbert–Huang transform,method,0,method,method,True,0.9,v2
3249,exp5,Social loafing,property,0,property,,False,0.9,v2
3254,exp5,HDAC8,object,0,object,object,True,0.9,v2
3263,exp5,Compression ratio,property,0,property,,False,0.9,v2
3266,exp5,Rhyolite,object,0,object,object,True,0.9,v2
3279,exp5,Stochastic simulation,method,0,method,method,True,0.9,v2
3283,exp5,Spin ice,object,0,object,object,True,0.9,v2
3286,exp5,Fault block,object,0,object,object,True,0.9,v2
3293,exp5,Moving load,object,0,object,property,False,0.9,v2
3309,exp5,Pleiotropy,property,0,property,,False,0.9,v2
3321,exp5,Functional dependency,property,0,property,,False,0.9,v2
3325,exp5,Attentional blink,property,0,property,,False,0.9,v2
3329,exp5,Intrinsic viscosity,property,0,property,,False,0.9,v2
3342,exp5,Design management,topic,0,topic,,False,0.9,v2
3343,exp5,Stimulus modality,property,0,property,,False,0.9,v2
3357,exp5,Chirped pulse amplification,method,0,method,method,True,0.9,v2
3359,exp5,Thermoforming,method,0,method,method,True,0.9,v2
3373,exp5,Radar altimeter,object,0,object,object,True,0.9,v2
3378,exp5,Selective laser melting,method,0,method,method,True,0.9,v2
3381,exp5,Thromboelastometry,method,0,method,method,True,0.9,v2
3384,exp5,Platelet membrane glycoprotein,object,0,object,object,True,0.9,v2
3390,exp5,Methemoglobin,object,0,object,object,True,0.9,v2
3393,exp5,IP Multimedia Subsystem,object,0,object,object,True,0.9,v2
3399,exp5,Nanobiotechnology,topic,0,topic,,False,0.9,v2
3403,exp5,Monocrystalline silicon,object,0,object,object,True,0.9,v2
3406,exp5,Self-deception,topic,0,topic,,False,0.9,v2
3410,exp5,Mobile robot navigation,method,0,method,topic,False,0.9,v2
3427,exp5,Generalizability theory,method,0,method,method,True,0.9,v2
3430,exp5,Sierpinski triangle,object,0,object,object,True,0.9,v2
3431,exp5,Systems thinking,topic,0,topic,,False,0.9,v2
3432,exp5,Cross-validation,method,1,method,method,True,0.9,v2
3439,exp5,Hidden sector,object,0,object,object,True,0.9,v2
3444,exp5,Nanophotonics,topic,0,topic,,False,0.9,v2
3445,exp5,Enterprise information system,object,0,object,topic,False,0.9,v2
3459,exp5,Image stabilization,method,0,method,method,True,0.9,v2
3460,exp5,Generalized estimating equation,method,0,method,method,True,0.9,v2
3461,exp5,Image scaling,method,0,method,method,True,0.9,v2
3472,exp5,Demobilization,topic,0,topic,,False,0.8,v2
3474,exp5,Audit risk,property,0,property,,False,0.9,v2
3476,exp5,Spatial relation,property,0,property,,False,0.9,v2
3480,exp5,Market research,topic,0,topic,,False,0.9,v2
3490,exp5,Neoprene,object,0,object,object,True,0.9,v2
3495,exp5,Benders' decomposition,method,0,method,method,True,0.9,v2
3499,exp5,EEPROM,object,0,object,object,True,0.9,v2
3503,exp5,Potentiometer,object,0,object,object,True,0.9,v2
3511,exp5,Early modern Europe,topic,0,topic,,False,0.9,v2
3521,exp5,Bounded variation,property,0,property,,False,0.9,v2
3529,exp5,Maintenance dose,property,0,property,,False,0.9,v2
3535,exp5,Zeolitic imidazolate framework,object,0,object,object,True,0.9,v2
3543,exp5,Coreference,property,0,property,,False,0.9,v2
3556,exp5,Relief valve,object,0,object,object,True,0.9,v2
3560,exp5,Biological network,object,0,object,object,True,0.9,v2
3579,exp5,Flip angle,property,0,property,,False,0.9,v2
3583,exp5,Multidisciplinary design optimization,topic,0,topic,,False,0.9,v2
3588,exp5,Real-time operating system,object,0,object,object,True,0.9,v2
3593,exp5,Peripherin,object,0,object,object,True,0.9,v2
3597,exp5,Mycovirus,object,0,object,object,True,0.9,v2
3606,exp5,Transposon mutagenesis,method,0,method,method,True,0.9,v2
3614,exp5,Evidentiality,property,0,property,,False,0.9,v2
3617,exp5,Homography,method,0,method,method,True,0.9,v2
3618,exp5,Time horizon,property,0,property,,False,0.9,v2
3626,exp5,Ampoule,object,0,object,object,True,0.9,v2
3627,exp5,Cruise missile,object,0,object,object,True,0.9,v2
3633,exp5,Tangent bundle,object,0,object,object,True,0.9,v2
3640,exp5,Trigonometry,topic,1,topic,,False,0.9,v2
3642,exp5,Quantitative susceptibility mapping,method,0,method,method,True,0.9,v2
3643,exp5,Covert channel,object,0,object,topic,False,0.9,v2
3647,exp5,Image stitching,method,0,method,method,True,0.9,v2
3649,exp5,Computational geometry,topic,1,topic,,False,0.9,v2
3662,exp5,Quantitative easing,method,0,method,topic,False,0.9,v2
3667,exp5,Interacting boson model,object,0,object,method,False,0.9,v2
3670,exp5,Turing machine,object,1,object,object,True,0.9,v2
3671,exp5,Position sensor,object,0,object,object,True,0.9,v2
3675,exp5,Global Precipitation Measurement,object,0,object,object,True,0.9,v2
3681,exp5,Plane stress,property,0,property,,False,0.9,v2
3689,exp5,Efficient-market hypothesis,property,0,property,,False,0.9,v2
3694,exp5,Fisher information,property,0,property,,False,0.9,v2
3702,exp5,PAX5,object,0,object,object,True,1.0,v2
3704,exp5,Hydraulic motor,object,0,object,object,True,1.0,v2
3712,exp5,Diffie–Hellman key exchange,method,0,method,method,True,1.0,v2
3721,exp5,Electric energy,object,0,object,property,False,1.0,v2
3728,exp5,Displacement field,property,0,property,,False,1.0,v2
3754,exp5,Critical infrastructure,topic,0,topic,,False,1.0,v2
3760,exp5,Econophysics,topic,0,topic,,False,1.0,v2
3763,exp5,Silver Nano,object,0,object,method,False,1.0,v2
3764,exp5,Interest rate risk,property,0,property,,False,1.0,v2
3769,exp5,Seismic retrofit,method,0,method,method,True,1.0,v2
3788,exp5,Graphene,object,0,object,object,True,1.0,v2
3791,exp5,Hyperlink,object,0,object,object,True,1.0,v2
3793,exp5,Soap film,object,0,object,object,True,1.0,v2
3799,exp5,Neutron radiation,object,0,object,object,True,1.0,v2
3801,exp5,Phosphorite,object,0,object,object,True,1.0,v2
3812,exp5,Hydrogen sensor,object,0,object,object,True,1.0,v2
3825,exp5,Annexin A2,object,0,object,object,True,1.0,v2
3852,exp5,Fine-structure constant,property,0,property,,False,1.0,v2
3858,exp5,Credit default swap,object,0,object,object,True,1.0,v2
3870,exp5,Sequence space,object,0,object,object,True,0.9,v2
3872,exp5,Legal history,topic,0,topic,,False,0.9,v2
3892,exp5,Cyclostratigraphy,method,0,method,method,True,0.9,v2
3894,exp5,Histamine H4 receptor,object,0,object,object,True,0.9,v2
3903,exp5,Seismic noise,object,0,object,object,True,0.9,v2
3909,exp5,T-type calcium channel,object,0,object,object,True,0.9,v2
3927,exp5,International political economy,topic,0,topic,,False,0.9,v2
3930,exp5,CX3CR1,object,0,object,object,True,0.9,v2
3931,exp5,Particle beam,object,0,object,object,True,0.9,v2
3932,exp5,HIF1A,object,0,object,object,True,0.9,v2
3933,exp5,Public institution,object,0,object,topic,False,0.9,v2
3970,exp5,Ketone bodies,object,0,object,object,True,0.9,v2
3972,exp5,Wireless mesh network,object,0,object,object,True,0.9,v2
3980,exp5,Ornstein–Uhlenbeck process,method,0,method,method,True,0.9,v2
3985,exp5,LDMOS,object,0,object,object,True,0.9,v2
3989,exp5,Organoid,object,0,object,object,True,0.9,v2
3992,exp5,PTPN11,object,0,object,object,True,0.9,v2
3998,exp5,Trough level,property,0,property,,False,0.9,v2
4005,exp5,Management control system,topic,0,topic,,False,0.9,v2
4007,exp5,Cardiac index,property,0,property,,False,0.9,v2
4008,exp5,Optical path,object,0,object,property,False,0.9,v2
4014,exp5,Transcription activator-like effector nuclease,object,0,object,method,False,1.0,v2
4018,exp5,Compressed natural gas,object,0,object,object,True,1.0,v2
4029,exp5,Ecosystem engineer,object,0,object,object,True,1.0,v2
4030,exp5,Molecular switch,object,0,object,object,True,1.0,v2
4031,exp5,Test particle,object,0,object,object,True,1.0,v2
4041,exp5,Personalized medicine,topic,0,topic,,False,1.0,v2
4045,exp5,Uncertainty quantification,method,0,method,method,True,1.0,v2
4048,exp5,National accounts,topic,0,topic,,False,1.0,v2
4060,exp5,IRF1,object,0,object,object,True,1.0,v2
4069,exp5,Plate heat exchanger,object,0,object,object,True,1.0,v2
4074,exp5,Dehumanization,topic,0,topic,,False,1.0,v2
4078,exp5,Absorption cross section,property,0,property,,False,1.0,v2
4082,exp5,Janus kinase 2,object,0,object,object,True,1.0,v2
4091,exp5,Nation-building,topic,0,topic,,False,1.0,v2
4093,exp5,Landfill gas,object,0,object,object,True,1.0,v2
4099,exp5,Binary black hole,object,0,object,object,True,1.0,v2
4105,exp5,Zone plate,object,0,object,object,True,1.0,v2
4109,exp5,Background subtraction,method,0,method,method,True,1.0,v2
4110,exp5,Sense amplifier,object,0,object,object,True,1.0,v2
4117,exp5,Industrial noise,topic,0,topic,,False,0.9,v2
4118,exp5,Capital account,topic,0,topic,,False,0.9,v2
4120,exp5,Polyaniline nanofibers,object,0,object,object,True,1.0,v2
4147,exp5,Pyrometer,object,0,object,object,True,1.0,v2
4158,exp5,Singlet state,object,0,object,object,True,1.0,v2
4161,exp5,Harmony search,method,0,method,method,True,1.0,v2
4174,exp5,Nanoshell,object,0,object,object,True,1.0,v2
4175,exp5,Sharing economy,topic,0,topic,,False,0.9,v2
4183,exp5,Stochastic dominance,method,0,method,property,False,1.0,v2
4187,exp5,Telecommunications service,topic,0,topic,,False,0.9,v2
4194,exp5,Phototropin,object,0,object,object,True,1.0,v2
4202,exp5,Contact area,property,0,property,,False,1.0,v2
4204,exp5,Cone calorimeter,object,0,object,object,True,1.0,v2
4216,exp5,Workover,topic,0,topic,,False,0.9,v2
4218,exp5,Catastrophe theory,topic,0,topic,,False,0.9,v2
4224,exp5,Kano model,method,0,method,property,False,1.0,v2
4241,exp5,Atomic absorption spectroscopy,method,0,method,method,True,1.0,v2
4244,exp5,Categorical perception,property,0,property,,False,1.0,v2
4260,exp5,Diorite,object,0,object,object,True,1.0,v2
4262,exp5,Data integrity,property,0,property,,False,1.0,v2
4265,exp5,Dwarf planet,object,0,object,object,True,0.9,v2
4270,exp5,Ground granulated blast-furnace slag,object,0,object,object,True,0.9,v2
4274,exp5,Computer programming,topic,0,topic,,False,0.8,v2
4284,exp5,Housekeeping gene,object,0,object,object,True,0.9,v2
4291,exp5,Monad (category theory),object,0,object,object,True,0.9,v2
4293,exp5,Cold pressor test,method,0,method,method,True,0.9,v2
4299,exp5,Bioburden,property,0,property,,False,0.9,v2
4301,exp5,Autopoiesis,topic,0,topic,,False,0.8,v2
4306,exp5,Microrheology,method,0,method,method,True,0.9,v2
4312,exp5,Bernstein polynomial,object,0,object,method,False,0.9,v2
4319,exp5,Linear complementarity problem,object,0,object,object,True,0.9,v2
4322,exp5,Nacelle,object,0,object,object,True,0.9,v2
4336,exp5,Zirconium alloy,object,0,object,object,True,0.9,v2
4340,exp5,Cheek pouch,object,0,object,object,True,0.9,v2
4350,exp5,Design of experiments,method,0,method,method,True,0.9,v2
4352,exp5,Reversible addition−fragmentation chain-transfer polymerization,method,0,method,method,True,0.9,v2
4369,exp5,Binomial coefficient,object,1,object,property,False,0.8,v2
4371,exp5,Cholesky decomposition,method,0,method,method,True,0.9,v2
4380,exp5,Active queue management,method,0,method,method,True,0.9,v2
4383,exp5,Underwater glider,object,0,object,object,True,0.9,v2
4392,exp5,Price level,property,0,property,,False,0.9,v2
4397,exp5,Complex network,object,0,object,topic,False,0.9,v2
4398,exp5,Bioacoustics,topic,0,topic,,False,0.9,v2
4401,exp5,Brake pad,object,0,object,object,True,0.9,v2
4408,exp5,Testicular sperm extraction,method,0,method,method,True,0.9,v2
4412,exp5,Biogenic silica,object,0,object,object,True,0.9,v2
4413,exp5,Brewster's angle,property,0,property,,False,0.9,v2
4421,exp5,Memetic algorithm,method,0,method,method,True,0.9,v2
4430,exp5,Central venous pressure,property,0,property,,False,0.9,v2
4433,exp5,Riemann zeta function,object,0,object,object,True,0.9,v2
4441,exp5,Soda-lime glass,object,0,object,object,True,0.9,v2
4443,exp5,Loading dose,property,0,property,,False,0.9,v2
4450,exp5,Uniporter,object,0,object,object,True,0.9,v2
4460,exp5,Uranium ore,object,0,object,object,True,0.9,v2
4475,exp5,Philosophical anthropology,topic,0,topic,,False,0.9,v2
4479,exp5,TFE3,object,0,object,object,True,0.9,v2
4489,exp5,Atlantic hurricane,object,0,object,object,True,0.9,v2
4490,exp5,X-ray optics,topic,0,topic,,False,0.9,v2
4497,exp5,Wafer fabrication,method,0,method,topic,False,0.9,v2
4499,exp5,Coincidence point,object,0,object,property,False,0.9,v2
4500,exp5,Image noise,property,0,property,,False,0.9,v2
4506,exp5,Zinc finger nuclease,object,0,object,object,True,1.0,v2
4532,exp5,Galanin receptor,object,0,object,object,True,1.0,v2
4539,exp5,Maximum power point tracking,method,0,method,method,True,1.0,v2
4540,exp5,Newsvendor model,method,0,method,method,True,1.0,v2
4551,exp5,Satellite navigation,topic,0,topic,,False,0.9,v2
4571,exp5,Swale,object,0,object,object,True,0.9,v2
4575,exp5,Enculturation,topic,0,topic,,False,1.0,v2
4585,exp5,Vapor-compression refrigeration,method,0,method,method,True,1.0,v2
4588,exp5,Mole fraction,property,0,property,,False,1.0,v2
4589,exp5,Anachronism,topic,0,topic,,False,1.0,v2
4590,exp5,Resonant inelastic X-ray scattering,method,0,method,method,True,1.0,v2
4604,exp5,Chemical kinetics,topic,1,topic,,False,0.9,v2
4605,exp5,Free recall,method,0,method,method,True,1.0,v2
4606,exp5,Agency cost,property,0,property,,False,1.0,v2
4607,exp5,Isotopic labeling,method,0,method,method,True,1.0,v2
4615,exp5,Mutation breeding,method,0,method,method,True,1.0,v2
4624,exp5,Ecological network,object,0,object,object,True,1.0,v2
4650,exp5,Dysferlin,object,0,object,object,True,1.0,v2
4651,exp5,Superheating,property,0,property,,False,0.9,v2
4653,exp5,Design flow,method,0,method,method,True,0.9,v2
4663,exp5,Scattering length,property,0,property,,False,0.9,v2
4667,exp5,Channelrhodopsin,object,0,object,object,True,0.9,v2
4668,exp5,Horizontal plane,object,0,object,property,False,0.9,v2
4677,exp5,Dietary Reference Intake,property,0,property,,False,0.9,v2
4680,exp5,PDGFRA,object,0,object,object,True,0.9,v2
4711,exp5,Birth rate,property,0,property,,False,0.9,v2
4712,exp5,Hadean,object,0,object,object,True,0.9,v2
4715,exp5,Autotaxin,object,0,object,object,True,0.9,v2
4719,exp5,Intraflagellar transport,method,0,method,property,False,0.9,v2
4724,exp5,End-to-end delay,property,0,property,,False,0.9,v2
4735,exp5,Speech-Language Pathology,topic,0,topic,,False,0.9,v2
4748,exp5,Project risk management,topic,0,topic,,False,0.9,v2
4753,exp5,Modelica,method,0,method,method,True,0.9,v2
4756,exp5,Reaction dynamics,topic,0,topic,,False,0.9,v2
4764,exp5,BAP1,object,0,object,object,True,0.9,v2
4771,exp5,Deep convection,object,0,object,object,True,0.9,v2
4774,exp5,Business analytics,topic,0,topic,,False,0.9,v2
4775,exp5,Carbon credit,object,0,object,object,True,0.9,v2
4779,exp5,Groundwater remediation,topic,0,topic,,False,0.9,v2
4791,exp5,Concentration polarization,property,0,property,,False,0.9,v2
4809,exp5,Security analysis,topic,0,topic,,False,0.9,v2
4811,exp5,Meritocracy,topic,0,topic,,False,0.9,v2
4818,exp5,Mass wasting,topic,0,topic,,False,0.9,v2
4835,exp5,Protocol stack,object,0,object,method,False,0.9,v2
4842,exp5,Interfacial thermal resistance,property,0,property,,False,0.9,v2
4846,exp5,Habeas corpus,object,0,object,topic,False,0.9,v2
4847,exp5,Fuel tank,object,0,object,object,True,0.9,v2
4851,exp5,Gastronomy,topic,0,topic,,False,0.9,v2
4875,exp5,Real estate investment trust,object,0,object,object,True,0.9,v2
4876,exp5,Denial-of-service attack,topic,0,topic,,False,0.9,v2
4882,exp5,Alternating group,object,0,object,object,True,0.9,v2
4887,exp5,Electrocaloric effect,property,0,property,,False,0.9,v2
4891,exp5,Stylized fact,property,0,property,,False,0.9,v2
4894,exp5,Spectral element method,method,0,method,method,True,0.9,v2
4905,exp5,Reverse Monte Carlo,method,0,method,method,True,0.9,v2
4907,exp5,Aortic pressure,property,0,property,,False,0.9,v2
4914,exp5,Feshbach resonance,property,0,property,,False,0.9,v2
4916,exp5,Organizational behavior,topic,0,topic,,False,0.9,v2
4923,exp5,TCF7L2,object,0,object,object,True,0.9,v2
4924,exp5,Seismic inversion,method,0,method,method,True,1.0,v2
4929,exp5,Schwarzian derivative,object,0,object,object,True,1.0,v2
4933,exp5,Offshoring,topic,0,topic,,False,1.0,v2
4942,exp5,Conjugated microporous polymer,object,0,object,object,True,1.0,v2
4944,exp5,Learning community,topic,0,topic,,False,1.0,v2
4950,exp5,Hydrogen economy,topic,0,topic,,False,1.0,v2
4955,exp5,Monoamine oxidase B,object,0,object,object,True,1.0,v2
4969,exp5,Corner detection,method,0,method,method,True,1.0,v2
4975,exp5,Perilipin,object,0,object,object,True,1.0,v2
4978,exp5,Undergrowth,object,0,object,object,True,1.0,v2
4992,exp5,Price discovery,topic,0,topic,,False,1.0,v2
4994,exp5,Frustrated Lewis pair,object,0,object,object,True,1.0,v2
5008,exp5,Tree canopy,object,0,object,object,True,1.0,v2
5011,exp5,Extreme point,object,0,object,object,True,1.0,v2
5012,exp5,Generative grammar,topic,0,topic,,False,1.0,v2
5015,exp5,Descriptive statistics,method,0,method,topic,False,1.0,v2
5022,exp5,Geometric distribution,object,0,object,object,True,1.0,v2
5028,exp5,Ice age,object,0,object,object,True,1.0,v2
5032,exp5,Prefabrication,method,0,method,method,True,1.0,v2
5034,exp5,Tidal power,topic,0,topic,,False,1.0,v2
5042,exp5,Industrial control system,object,0,object,object,True,0.9,v2
5049,exp5,Kilometer,property,1,property,,False,0.9,v2
5051,exp5,Ant colony optimization algorithms,method,0,method,method,True,0.9,v2
5061,exp5,Geometric mean,property,1,property,,False,0.9,v2
5070,exp5,Reference electrode,object,0,object,object,True,0.9,v2
5072,exp5,Obfuscation,method,0,method,method,True,0.9,v2
5075,exp5,Mass spectrum,property,0,property,,False,0.9,v2
5088,exp5,Separation axiom,property,0,property,,False,0.9,v2
5089,exp5,Orthogonal frequency-division multiplexing,method,0,method,method,True,0.9,v2
5102,exp5,Zerovalent iron,object,0,object,object,True,0.9,v2
5107,exp5,Sequence learning,method,0,method,method,True,0.9,v2
5114,exp5,Learning vector quantization,method,0,method,method,True,0.9,v2
5115,exp5,Zero field splitting,property,0,property,,False,0.9,v2
5118,exp5,Rhoptry,object,0,object,object,True,0.9,v2
5127,exp5,Antibody-dependent cell-mediated cytotoxicity,method,0,method,property,False,0.9,v2
5130,exp5,Vertex cover,object,0,object,object,True,0.9,v2
5133,exp5,Riemann problem,object,0,object,object,True,0.9,v2
5134,exp5,XML Schema (W3C),object,0,object,object,True,0.9,v2
5151,exp5,Buffer overflow,object,0,object,property,False,0.9,v2
5158,exp5,Software project management,topic,0,topic,,False,0.9,v2
5161,exp5,Rayleigh distribution,object,0,object,object,True,0.9,v2
5162,exp5,Laminated glass,object,0,object,object,True,0.9,v2
5163,exp5,Cough reflex,object,0,object,property,False,0.9,v2
5170,exp5,SPARQL,method,0,method,method,True,0.9,v2
5175,exp5,Binomial distribution,object,1,object,object,True,0.9,v2
5177,exp5,Adversary,object,0,object,object,True,0.9,v2
5187,exp5,Direct shear test,method,0,method,method,True,0.9,v2
5197,exp5,Rock mass classification,method,0,method,method,True,0.9,v2
5215,exp5,Flight simulator,object,0,object,object,True,0.9,v2
5249,exp5,Metabotropic glutamate receptor 5,object,0,object,object,True,0.9,v2
5258,exp5,Dynamic contrast-enhanced MRI,method,0,method,method,True,0.9,v2
5266,exp5,Waist-to-height ratio,property,0,property,,False,0.9,v2
5270,exp5,Nanosensor,object,0,object,object,True,0.9,v2
5273,exp5,Session Initiation Protocol,object,0,object,method,False,0.9,v2
5286,exp5,Coiled tubing,object,0,object,object,True,0.9,v2
5293,exp5,Buck–boost converter,object,0,object,object,True,0.9,v2
5297,exp5,Peer feedback,method,0,method,method,True,0.9,v2
5299,exp5,Spectral index,property,0,property,,False,0.9,v2
5300,exp5,16S ribosomal RNA,object,0,object,object,True,0.9,v2
5305,exp5,Lake ecosystem,object,0,object,object,True,0.9,v2
5308,exp5,Total harmonic distortion,property,0,property,,False,1.0,v2
5324,exp5,BCH code,method,0,method,method,True,1.0,v2
5325,exp5,Halbach array,object,0,object,object,True,1.0,v2
5333,exp5,Matrix decomposition,method,0,method,method,True,1.0,v2
5343,exp5,Sectional curvature,property,0,property,,False,1.0,v2
5355,exp5,Single-cell protein,object,0,object,object,True,1.0,v2
5360,exp5,Brayton cycle,method,0,method,property,False,1.0,v2
5363,exp5,Geocoding,method,0,method,method,True,1.0,v2
5364,exp5,Orthogonal array,method,0,method,object,False,1.0,v2
5378,exp5,Magnesium phosphate,object,0,object,object,True,1.0,v2
5385,exp5,Field-programmable gate array,object,0,object,object,True,1.0,v2
5386,exp5,Place attachment,property,0,property,,False,1.0,v2
5410,exp5,Soft skills,property,0,property,,False,1.0,v2
5413,exp5,Guided-mode resonance,property,0,property,,False,1.0,v2
5417,exp5,Histiocyte,object,0,object,object,True,1.0,v2
5432,exp5,Laser tracker,object,0,object,method,False,1.0,v2
5433,exp5,Museology,topic,0,topic,,False,1.0,v2
5435,exp5,Turboprop,object,0,object,object,True,1.0,v2
5443,exp5,Melanocortin 4 receptor,object,0,object,object,True,1.0,v2
5445,exp5,Neuromelanin,object,0,object,object,True,1.0,v2
5447,exp5,Transcendental function,object,0,object,object,True,0.9,v2
5463,exp5,Active galactic nucleus,object,0,object,object,True,1.0,v2
5483,exp5,Probability and statistics,topic,0,topic,,False,1.0,v2
5485,exp5,Disinvestment,topic,0,topic,,False,1.0,v2
5495,exp5,European debt crisis,topic,0,topic,,False,1.0,v2
5497,exp5,Cryogenic treatment,method,0,method,method,True,1.0,v2
5501,exp5,Skew normal distribution,object,0,object,object,True,1.0,v2
5502,exp5,Bioplastic,object,0,object,object,True,1.0,v2
5503,exp5,Inertial wave,object,0,object,object,True,1.0,v2
5505,exp5,Nanosphere lithography,method,0,method,method,True,1.0,v2
5516,exp5,GATA2,object,0,object,object,True,1.0,v2
5517,exp5,Extremely low frequency,property,0,property,,False,1.0,v2
5519,exp5,IUCN Red List,object,0,object,object,True,1.0,v2
5526,exp5,Catalan number,object,0,object,object,True,1.0,v2
5527,exp5,TRIF,object,0,object,object,True,1.0,v2
5546,exp5,Parsec,property,0,property,,False,1.0,v2
5560,exp5,External debt,property,0,property,,False,1.0,v2
5562,exp5,Magic square,object,0,object,object,True,1.0,v2
5565,exp5,Bespoke,topic,0,topic,,False,1.0,v2
5570,exp5,Lattice reduction,method,0,method,method,True,1.0,v2
5573,exp5,Symmetry group,object,0,object,object,True,0.9,v2
5574,exp5,Credit derivative,object,0,object,object,True,0.9,v2
5577,exp5,Voltage reference,object,0,object,object,True,0.9,v2
5578,exp5,Lipotoxicity,property,0,property,,False,0.9,v2
5580,exp5,Edit distance,method,0,method,method,True,0.9,v2
5582,exp5,Photometric stereo,method,0,method,method,True,0.9,v2
5585,exp5,Industrial wastewater treatment,topic,0,topic,,False,0.9,v2
5594,exp5,Gunpowder,object,1,object,object,True,0.9,v2
5604,exp5,Truss bridge,object,0,object,object,True,0.9,v2
5606,exp5,Medical laboratory,topic,0,topic,,False,0.9,v2
5608,exp5,Macroevolution,topic,0,topic,,False,0.9,v2
5612,exp5,Metamaterial absorber,object,0,object,object,True,0.9,v2
5613,exp5,SemEval,topic,0,topic,,False,0.9,v2
5621,exp5,Palindrome,object,0,object,object,True,0.9,v2
5622,exp5,Gene pool,object,0,object,object,True,0.9,v2
5624,exp5,Low-pass filter,object,0,object,method,False,0.9,v2
5629,exp5,Numerical relativity,method,0,method,topic,False,0.9,v2
5651,exp5,Bee pollen,object,0,object,object,True,0.9,v2
5652,exp5,Multivariate adaptive regression splines,method,0,method,method,True,0.9,v2
5656,exp5,Signal integrity,property,0,property,,False,0.9,v2
5661,exp5,Neddylation,method,0,method,method,True,0.9,v2
5666,exp5,Single market,topic,0,topic,,False,0.8,v2
5669,exp5,Nitrosylation,method,0,method,property,False,0.9,v2
5673,exp5,CEBPA,object,0,object,object,True,0.9,v2
5675,exp5,Isosurface,object,0,object,method,False,0.9,v2
5677,exp5,Exothermic reaction,property,1,property,,False,0.9,v2
5681,exp5,Placentation,topic,0,topic,,False,0.9,v2
5692,exp5,Spectrogram,object,0,object,method,False,0.9,v2
5704,exp5,Requirements elicitation,method,0,method,method,True,0.9,v2
5707,exp5,Prophase,property,0,property,,False,0.9,v2
5709,exp5,Last mile (transportation),topic,0,topic,,False,0.9,v2
5714,exp5,Endohedral fullerene,object,0,object,object,True,0.9,v2
5731,exp5,Dissipative particle dynamics,method,0,method,method,True,0.9,v2
5737,exp5,Through-silicon via,object,0,object,object,True,0.9,v2
5742,exp5,Topological order,property,0,property,,False,0.9,v2
5744,exp5,Imaging biomarker,object,0,object,property,False,0.9,v2
5745,exp5,Connectome,object,0,object,object,True,0.9,v2
5747,exp5,S-box,object,0,object,object,True,0.9,v2
5756,exp5,Social intelligence,property,0,property,,False,0.9,v2
5768,exp5,Photoredox catalysis,method,0,method,topic,False,0.9,v2
5775,exp5,Fuel efficiency,property,0,property,,False,0.9,v2
5781,exp5,Ensemble learning,method,0,method,method,True,0.9,v2
5792,exp5,Kronecker product,object,0,object,object,True,0.9,v2
5794,exp5,Pulse-position modulation,method,0,method,method,True,0.9,v2
5800,exp5,Brachyury,object,0,object,object,True,0.9,v2
5813,exp5,Relay channel,object,0,object,object,True,0.9,v2
5814,exp5,Bubble point,property,0,property,,False,0.9,v2
5817,exp5,Pentium,object,0,object,object,True,0.9,v2
5818,exp5,Stopband,property,0,property,,False,0.9,v2
5826,exp5,Nanomanufacturing,topic,0,topic,,False,0.9,v2
5832,exp5,Cell envelope,object,0,object,object,True,0.9,v2
5839,exp5,Multiphysics,method,0,method,method,True,0.9,v2
5846,exp5,Biophotonics,topic,0,topic,,False,0.9,v2
5851,exp5,Rectenna,object,0,object,object,True,0.9,v2
5853,exp5,Foldamer,object,0,object,object,True,0.9,v2
5857,exp5,DBSCAN,method,0,method,method,True,0.9,v2
5868,exp5,Freshwater ecosystem,object,0,object,object,True,0.9,v2
5877,exp5,Endocannabinoid system,object,0,object,object,True,0.9,v2
5878,exp5,Deep Web,object,0,object,topic,False,0.9,v2
5899,exp5,Scientific drilling,topic,0,topic,,False,0.9,v2
5901,exp5,Huffman coding,method,0,method,method,True,1.0,v2
5911,exp5,Palynofacies,topic,0,topic,,False,1.0,v2
5920,exp5,Chronotype,property,0,property,,False,1.0,v2
5930,exp5,Total fertility rate,property,0,property,,False,1.0,v2
5942,exp5,Unit disk,object,0,object,object,True,1.0,v2
5943,exp5,Neurorehabilitation,topic,0,topic,,False,1.0,v2
5951,exp5,Thermopile,object,0,object,object,True,1.0,v2
5961,exp5,Interleukin 17,object,0,object,object,True,1.0,v2
5972,exp5,ELECTRE,method,0,method,method,True,1.0,v2
5977,exp5,Brix,property,0,property,,False,1.0,v2
5982,exp5,Data access,topic,0,topic,,False,1.0,v2
5983,exp5,Virtual currency,object,0,object,topic,False,1.0,v2
5988,exp5,Metal foam,object,0,object,object,True,1.0,v2
5996,exp5,Orthogonalization,method,0,method,method,True,1.0,v2
6000,exp5,Alluvial plain,object,0,object,object,True,1.0,v2
6008,exp5,Language barrier,property,0,property,,False,1.0,v2
6009,exp5,Neuroplasticity,property,0,property,,False,1.0,v2
6012,exp5,Special economic zone,object,0,object,object,True,1.0,v2
6027,exp5,Innate lymphoid cell,object,0,object,object,True,1.0,v2
6031,exp5,Topological vector space,object,0,object,object,True,1.0,v2
6051,exp5,Overcurrent,property,0,property,,False,0.9,v2
6058,exp5,Motion capture,method,0,method,method,True,0.9,v2
6065,exp5,Organic product,object,0,object,object,True,0.9,v2
6067,exp5,Bargaining power,property,0,property,,False,0.9,v2
6069,exp5,Water pumping,method,0,method,method,True,0.9,v2
6072,exp5,Digital polymerase chain reaction,method,0,method,method,True,0.9,v2
6074,exp5,Blindsight,property,0,property,,False,0.9,v2
6077,exp5,Positive feedback,property,0,property,,False,0.9,v2
6079,exp5,Microsaccade,object,0,object,object,True,0.9,v2
6084,exp5,Cultural geography,topic,0,topic,,False,0.9,v2
6092,exp5,Exotic hadron,object,0,object,object,True,0.9,v2
6102,exp5,Modal verb,object,0,object,object,True,0.9,v2
6106,exp5,Centriole,object,0,object,object,True,0.9,v2
6111,exp5,Method of fundamental solutions,method,0,method,method,True,0.9,v2
6127,exp5,Jacobi polynomials,object,0,object,object,True,0.9,v2
6135,exp5,Mean-shift,method,0,method,method,True,0.9,v2
6140,exp5,Buffer gas,object,0,object,object,True,0.9,v2
6142,exp5,Soft matter,topic,0,topic,,False,0.9,v2
6144,exp5,Citrullination,property,0,property,,False,0.9,v2
6148,exp5,Percoll,object,0,object,object,True,0.9,v2
6149,exp5,Soil liquefaction,object,0,object,property,False,0.9,v2
6154,exp5,Oxy-fuel,method,0,method,method,True,0.9,v2
6162,exp5,Goniometer,object,0,object,object,True,0.9,v2
6167,exp5,Reverberation mapping,method,0,method,method,True,0.9,v2
6173,exp5,Doubling time,property,0,property,,False,0.9,v2
6179,exp5,Intensity modulation,method,0,method,method,True,0.9,v2
6195,exp5,P2Y12,object,0,object,object,True,0.9,v2
6196,exp5,Plasma channel,object,0,object,object,True,0.9,v2
6208,exp5,Dip-coating,method,0,method,method,True,0.9,v2
6209,exp5,Incandescence,property,0,property,,False,0.9,v2
6212,exp5,LIN28,object,0,object,object,True,0.9,v2
6213,exp5,Side channel attack,method,0,method,method,True,0.9,v2
6214,exp5,Consolidated Standards of Reporting Trials,method,0,method,method,True,0.9,v2
6232,exp5,Odometry,method,0,method,method,True,0.9,v2
6246,exp5,Servo drive,object,0,object,object,True,0.9,v2
6247,exp5,Mountaineering,topic,0,topic,,False,0.9,v2
6250,exp5,Natural experiment,method,0,method,method,True,0.9,v2
6252,exp5,Shift register,object,0,object,object,True,0.9,v2
6263,exp5,Virotherapy,method,0,method,method,True,0.9,v2
6281,exp5,Discrete dipole approximation,method,0,method,method,True,0.9,v2
6286,exp5,Stratified sampling,method,0,method,method,True,0.9,v2
6287,exp5,Dust explosion,object,0,object,object,True,0.9,v2
6293,exp5,Yield surface,object,0,object,property,False,0.9,v2
6294,exp5,Probabilistic logic,method,0,method,topic,False,0.9,v2
6316,exp5,Weak measurement,method,0,method,method,True,0.9,v2
6320,exp5,EZH2,object,0,object,object,True,0.9,v2
6331,exp5,Echo sounding,method,0,method,method,True,0.9,v2
6333,exp5,Fresnel diffraction,method,0,method,property,False,0.9,v2
6338,exp5,Heap leaching,method,0,method,method,True,0.9,v2
6344,exp5,Self-energy,property,0,property,,False,0.9,v2
6348,exp5,Thermal efficiency,property,0,property,,False,0.9,v2
6350,exp5,Value stream mapping,method,0,method,method,True,0.9,v2
6365,exp5,Texture synthesis,method,0,method,method,True,0.9,v2
6377,exp5,Geographic routing,method,0,method,method,True,0.9,v2
6384,exp5,CYP2B6,object,0,object,object,True,0.9,v2
6396,exp5,Religious identity,property,0,property,,False,0.9,v2
6400,exp5,Optogenetics,method,0,method,method,True,0.9,v2
6412,exp5,Branch and cut,method,0,method,method,True,0.9,v2
6420,exp5,Assembly language,method,0,method,method,True,0.9,v2
6424,exp5,Ambiguity function,property,0,property,,False,0.9,v2
6427,exp5,Pentaquark,object,0,object,object,True,1.0,v2
6443,exp5,Quantum error correction,method,0,method,method,True,1.0,v2
6447,exp5,Dielectric elastomers,object,0,object,object,True,1.0,v2
6455,exp5,Polymersome,object,0,object,object,True,1.0,v2
6458,exp5,Metal gate,object,0,object,object,True,1.0,v2
6466,exp5,Mef2,object,0,object,object,True,1.0,v2
6470,exp5,Conservation genetics,topic,0,topic,,False,1.0,v2
6473,exp5,Quantitative genetics,topic,0,topic,,False,1.0,v2
6498,exp5,Polytene chromosome,object,0,object,object,True,1.0,v2
6500,exp5,Apodization,method,0,method,method,True,1.0,v2
6504,exp5,Cathode ray tube,object,0,object,object,True,1.0,v2
6516,exp5,TOPSIS,method,0,method,method,True,1.0,v2
6520,exp5,Food quality,topic,0,topic,,False,1.0,v2
6521,exp5,Inverted repeat,object,0,object,object,True,1.0,v2
6522,exp5,Thromboxane receptor,object,0,object,object,True,1.0,v2
6525,exp5,Memetics,topic,0,topic,,False,1.0,v2
6553,exp5,Greedy algorithm,method,0,method,method,True,1.0,v2
6556,exp5,Magnetorotational instability,object,0,object,object,True,1.0,v2
6559,exp5,Luminous efficacy,property,0,property,,False,1.0,v2
6574,exp5,Nanosheet,object,0,object,object,True,1.0,v2
6582,exp5,Naive Bayes classifier,method,0,method,method,True,1.0,v2
6598,exp5,Line source,object,0,object,object,True,1.0,v2
6606,exp5,Renewable fuels,topic,0,topic,,False,1.0,v2
6609,exp5,PIN diode,object,0,object,object,True,1.0,v2
6610,exp5,PEDF,object,0,object,object,True,1.0,v2
6614,exp5,Current ratio,property,0,property,,False,1.0,v2
6622,exp5,Regular language,object,0,object,object,True,1.0,v2
6626,exp5,Social sustainability,topic,0,topic,,False,1.0,v2
6630,exp5,Particle filter,method,0,method,method,True,1.0,v2
6658,exp5,Depth perception,property,0,property,,False,1.0,v2
6667,exp5,Elliptic integral,object,0,object,object,True,1.0,v2
6668,exp5,Fermentation in food processing,topic,0,topic,,False,1.0,v2
6672,exp5,Rotation system,topic,0,topic,,False,1.0,v2
6676,exp5,Social preferences,property,0,property,,False,1.0,v2
6683,exp5,Marine energy,topic,0,topic,,False,1.0,v2
6698,exp5,Social issues,topic,0,topic,,False,1.0,v2
6702,exp5,Color-glass condensate,object,0,object,object,True,1.0,v2
6705,exp5,RF front end,object,0,object,object,True,1.0,v2
6708,exp5,Customer equity,property,0,property,,False,1.0,v2
6713,exp5,Parallelogram,object,0,object,object,True,1.0,v2
6723,exp5,Formins,object,0,object,object,True,0.95,v2
6735,exp5,Lateral line,object,0,object,object,True,0.95,v2
6740,exp5,Need for cognition,property,0,property,,False,0.95,v2
6741,exp5,Constant current,property,0,property,,False,0.95,v2
6753,exp5,TRPM7,object,0,object,object,True,0.95,v2
6755,exp5,Acid value,property,0,property,,False,0.95,v2
6760,exp5,Liberal education,topic,0,topic,,False,0.95,v2
6775,exp5,Scaffold protein,object,0,object,object,True,0.95,v2
6777,exp5,MiR-122,object,0,object,object,True,0.95,v2
6793,exp5,Leaf spring,object,0,object,object,True,0.95,v2
6797,exp5,Human sexuality,topic,0,topic,,False,0.8,v2
6799,exp5,Phototropism,property,0,property,,False,0.9,v2
6823,exp5,Acceptance sampling,method,0,method,method,True,0.9,v2
6835,exp5,Film industry,topic,0,topic,,False,0.9,v2
6837,exp5,Synaptonemal complex,object,0,object,object,True,0.9,v2
6838,exp5,Elliptic partial differential equation,object,0,object,object,True,0.9,v2
6841,exp5,Packet loss,property,0,property,,False,0.9,v2
6846,exp5,Kinome,object,0,object,object,True,0.9,v2
6849,exp5,Geophone,object,0,object,object,True,0.9,v2
6869,exp5,Climate sensitivity,property,0,property,,False,0.9,v2
6882,exp5,Software requirements,property,0,property,,False,0.8,v2
6894,exp5,Algebraic combinatorics,topic,0,topic,,False,0.8,v2
6904,exp5,Canon law,topic,0,topic,,False,0.8,v2
6914,exp5,Anammox,method,0,method,object,False,0.8,v2
6918,exp5,Motor imagery,method,0,method,property,False,0.8,v2
6925,exp5,Submerged arc welding,method,0,method,method,True,0.8,v2
6937,exp5,Advanced Placement,topic,0,topic,,False,0.8,v2
6948,exp5,Current sensor,object,0,object,method,False,0.8,v2
6956,exp5,Cetane number,property,0,property,,False,0.8,v2
6960,exp5,Interaction network,object,0,object,object,True,0.8,v2
6966,exp5,Stemflow,property,0,property,,False,0.8,v2
6971,exp5,Minicircle,object,0,object,object,True,0.8,v2
6989,exp5,Median filter,method,0,method,method,True,0.8,v2
6998,exp5,Process design,method,0,method,topic,False,0.8,v2
7001,exp5,Cancer stem cell,object,0,object,object,True,0.8,v2
7006,exp5,Contract management,topic,0,topic,,False,0.8,v2
7009,exp5,Flame speed,property,0,property,,False,0.8,v2
7016,exp5,Energy flux,property,0,property,,False,0.8,v2
7017,exp5,Vital capacity,property,0,property,,False,0.8,v2
7025,exp5,Gene dosage,property,0,property,,False,0.8,v2
7026,exp5,Axillary bud,object,0,object,object,True,1.0,v2
7037,exp5,Constrained optimization,method,0,method,method,True,1.0,v2
7041,exp5,Cohesive zone model,method,0,method,method,True,1.0,v2
7044,exp5,Myeloid-derived Suppressor Cell,object,0,object,object,True,1.0,v2
7046,exp5,Acceptance and commitment therapy,method,0,method,method,True,1.0,v2
7071,exp5,Scoria,object,0,object,object,True,1.0,v2
7078,exp5,PowerPC,object,0,object,object,True,1.0,v2
7085,exp5,Bit plane,object,0,object,object,True,1.0,v2
7086,exp5,Rogowski coil,object,0,object,method,False,1.0,v2
7087,exp5,Hypermarket,object,0,object,topic,False,1.0,v2
7088,exp5,Biochar,object,0,object,object,True,1.0,v2
7089,exp5,Qutrit,object,0,object,object,True,1.0,v2
7095,exp5,Personal development,topic,0,topic,,False,1.0,v2
7099,exp5,Peptide hormone,object,0,object,object,True,1.0,v2
7100,exp5,Tunnel magnetoresistance,property,0,property,,False,1.0,v2
7103,exp5,Cobordism,object,0,object,object,True,1.0,v2
7107,exp5,Automotive engine,object,0,object,topic,False,1.0,v2
7109,exp5,Role conflict,property,0,property,,False,1.0,v2
7111,exp5,Achondrite,object,0,object,object,True,1.0,v2
7117,exp5,Knowledge integration,method,0,method,topic,False,1.0,v2
7127,exp5,Mutual exclusion,property,0,property,,False,0.9,v2
7154,exp5,Dissenting opinion,property,0,property,,False,0.9,v2
7159,exp5,Response spectrum,property,0,property,,False,0.9,v2
7192,exp5,Enzyme kinetics,topic,0,topic,,False,0.9,v2
7204,exp5,Thixotropy,property,0,property,,False,0.9,v2
7206,exp5,Galling,property,0,property,,False,0.9,v2
7224,exp5,Team effectiveness,property,0,property,,False,0.9,v2
7225,exp5,Service-oriented architecture,method,0,method,method,True,0.9,v2
7238,exp5,Sleep mode,method,0,method,method,True,0.9,v2
7242,exp5,Thermochemical cycle,method,0,method,method,True,0.9,v2
7243,exp5,Longitudinal mode,property,0,property,,False,0.9,v2
7250,exp5,Business case,topic,0,topic,,False,0.9,v2
7251,exp5,Isochromosome,object,0,object,object,True,0.9,v2
7252,exp5,Decoding methods,method,0,method,method,True,0.9,v2
7260,exp5,Webcast,topic,0,topic,,False,0.9,v2
7261,exp5,Brand management,topic,0,topic,,False,0.9,v2
7263,exp5,Volunteered geographic information,topic,0,topic,,False,0.9,v2
7283,exp5,Nanofluidics,topic,0,topic,,False,0.9,v2
7292,exp5,Open-circuit voltage,property,0,property,,False,0.9,v2
7293,exp5,Translational science,topic,0,topic,,False,0.9,v2
7295,exp5,Hankel transform,method,0,method,method,True,0.9,v2
7310,exp5,Discrete Fourier transform (general),method,0,method,method,True,0.9,v2
7314,exp5,Rivet,object,0,object,object,True,0.9,v2
7315,exp5,Gravitino,object,0,object,object,True,0.9,v2
7323,exp5,Posterior probability,property,0,property,,False,0.9,v2
7334,exp5,Space vector modulation,method,0,method,method,True,0.9,v2
7336,exp5,Dynamic Vibration Absorber,object,0,object,object,True,0.9,v2
7339,exp5,Weak convergence,method,0,method,property,False,0.9,v2
7342,exp5,Moral disengagement,property,0,property,,False,0.9,v2
7345,exp5,High-level synthesis,method,0,method,method,True,0.9,v2
7346,exp5,Lipidomics,topic,0,topic,,False,0.9,v2
7350,exp5,Point of sale,topic,0,topic,,False,0.9,v2
7351,exp5,Level of service,property,0,property,,False,0.9,v2
7358,exp5,Hunter-gatherer,object,0,object,object,True,0.9,v2
7377,exp5,Direct product,object,0,object,property,False,0.9,v2
7378,exp5,Capital formation,topic,0,topic,,False,0.9,v2
7379,exp5,Sociocultural perspective,topic,0,topic,,False,0.9,v2
7393,exp5,Asymptote,object,0,object,property,False,0.9,v2
7411,exp5,Viral entry,topic,0,topic,,False,0.9,v2
7426,exp5,Visual short-term memory,property,0,property,,False,0.9,v2
7427,exp5,Phase-contrast imaging,method,0,method,method,True,1.0,v2
7429,exp5,Noon,property,0,property,,False,0.8,v2
7449,exp5,HDAC4,object,0,object,object,True,1.0,v2
7450,exp5,Loop quantum gravity,topic,0,topic,,False,1.0,v2
7451,exp5,Elementary mathematics,topic,0,topic,,False,1.0,v2
7457,exp5,Hybrid solar cell,object,0,object,object,True,1.0,v2
7458,exp5,Quantum gate,object,0,object,object,True,1.0,v2
7464,exp5,Content validity,property,0,property,,False,1.0,v2
7465,exp5,Carbon nanotube field-effect transistor,object,0,object,object,True,1.0,v2
7471,exp5,Semi-supervised learning,method,0,method,method,True,1.0,v2
7483,exp5,Circular orbit,object,0,object,property,False,1.0,v2
7486,exp5,Strict liability,property,0,property,,False,1.0,v2
7508,exp5,Dividend policy,property,0,property,,False,1.0,v2
7510,exp5,Feature learning,method,0,method,method,True,1.0,v2
7519,exp5,Ultimatum game,object,0,object,object,True,1.0,v2
7520,exp5,Pecking order,topic,0,topic,,False,1.0,v2
7522,exp5,Biosimilar,object,0,object,object,True,1.0,v2
7543,exp5,Visual analytics,topic,0,topic,,False,1.0,v2
7555,exp5,Meristics,topic,0,topic,,False,1.0,v2
7565,exp5,Effective atomic number,property,0,property,,False,1.0,v2
7566,exp5,Combinatorial auction,object,0,object,topic,False,0.9,v2
7570,exp5,Digital holographic microscopy,method,0,method,method,True,0.9,v2
7578,exp5,Plasma oscillation,object,0,object,object,True,0.9,v2
7584,exp5,Boundary current,object,0,object,object,True,0.9,v2
7585,exp5,Antenna diversity,method,0,method,method,True,0.9,v2
7590,exp5,Radial tire,object,0,object,object,True,0.9,v2
7591,exp5,Crossmodal,topic,0,topic,,False,0.9,v2
7592,exp5,Field cancerization,topic,0,topic,,False,0.9,v2
7602,exp5,Hadamard transform,method,0,method,method,True,0.9,v2
7612,exp5,Competing endogenous RNA,object,0,object,object,True,0.9,v2
7627,exp5,Rician fading,property,0,property,,False,0.9,v2
7635,exp5,Bioelectronics,topic,0,topic,,False,0.9,v2
7636,exp5,Anomie,property,0,property,,False,0.9,v2
7649,exp5,Electrical resistivity tomography,method,0,method,method,True,0.9,v2
7654,exp5,Loop-mediated isothermal amplification,method,0,method,method,True,0.9,v2
7656,exp5,Delphi method,method,0,method,method,True,0.9,v2
7663,exp5,Panel analysis,method,0,method,method,True,0.9,v2
7664,exp5,Working capital,property,0,property,,False,0.9,v2
7677,exp5,Concept drift,property,0,property,,False,0.9,v2
7692,exp5,Metric dimension,property,0,property,,False,0.9,v2
7698,exp5,Mobile technology,topic,0,topic,,False,0.8,v2
7699,exp5,Deportation,topic,0,topic,,False,0.9,v2
7709,exp5,Floor plan,object,0,object,object,True,0.8,v2
7711,exp5,Service design,topic,0,topic,,False,0.9,v2
7713,exp5,Solid-state lighting,object,0,object,topic,False,0.9,v2
7728,exp5,Circulating tumor cell,object,0,object,object,True,0.9,v2
7731,exp5,Scale-invariant feature transform,method,0,method,method,True,0.9,v2
7741,exp5,Right to know,topic,0,topic,,False,0.8,v2
7742,exp5,Speech processing,topic,0,topic,,False,0.9,v2
7750,exp5,Cardiac electrophysiology,topic,0,topic,,False,0.9,v2
7760,exp5,Rigid frame,object,0,object,object,True,0.8,v2
7769,exp5,Biological psychiatry,topic,0,topic,,False,0.9,v2
7771,exp5,Tropical cyclogenesis,topic,0,topic,,False,0.9,v2
7793,exp5,Atomic number,property,1,property,,False,0.9,v2
7798,exp5,Wronskian,object,0,object,object,True,0.9,v2
7803,exp5,Grey literature,topic,0,topic,,False,0.9,v2
7808,exp5,Durable good,object,0,object,property,False,0.9,v2
7831,exp5,Doppler broadening,property,0,property,,False,0.9,v2
7833,exp5,Consumables,object,0,object,property,False,0.9,v2
7839,exp5,Convergent evolution,topic,1,topic,,False,0.9,v2
7841,exp5,Nekton,object,0,object,object,True,0.9,v2
7850,exp5,Long non-coding RNA,object,0,object,object,True,0.9,v2
7851,exp5,Crowdsourcing,topic,0,topic,,False,0.9,v2
7853,exp5,Splice site mutation,property,0,property,,False,0.9,v2
7859,exp5,Marine debris,object,0,object,object,True,0.9,v2
7869,exp5,Heart development,topic,0,topic,,False,0.9,v2
7872,exp5,Embedment,property,0,property,,False,0.9,v2
7876,exp5,Stratotype,object,0,object,object,True,0.9,v2
7881,exp5,MreB,object,0,object,object,True,0.9,v2
7885,exp5,Epidemiological surveillance,topic,0,topic,,False,0.9,v2
7888,exp5,Pyrotechnics,topic,0,topic,,False,0.9,v2
7892,exp5,Eemian,object,0,object,object,True,0.9,v2
7893,exp5,Protein secondary structure,property,0,property,,False,0.9,v2
7896,exp5,p–n junction,object,0,object,object,True,0.9,v2
7899,exp5,Variance reduction,method,0,method,method,True,0.9,v2
7912,exp5,Image histogram,method,0,method,method,True,0.9,v2
7913,exp5,Vocabulary development,topic,0,topic,,False,0.9,v2
7914,exp5,Metadynamics,method,0,method,method,True,0.9,v2
7922,exp5,Mandibular first molar,object,0,object,object,True,0.9,v2
7923,exp5,Kinematic chain,object,0,object,object,True,0.9,v2
7928,exp5,Indian Ocean Dipole,object,0,object,property,False,0.9,v2
7931,exp5,Central government,object,0,object,object,True,0.9,v2
7933,exp5,Cortisol awakening response,property,0,property,,False,0.9,v2
7935,exp5,Cloaking,method,0,method,method,True,0.9,v2
7941,exp5,Metamorphic core complex,object,0,object,object,True,0.9,v2
7943,exp5,Thermoelectric effect,property,0,property,,False,0.9,v2
7944,exp5,Spectrum management,topic,0,topic,,False,0.9,v2
7952,exp5,Medoid,method,0,method,method,True,0.9,v2
7960,exp5,Political risk,property,0,property,,False,0.9,v2
7961,exp5,Fair value,property,0,property,,False,0.9,v2
7975,exp5,Universal joint,object,0,object,object,True,0.9,v2
7984,exp5,Island arc,object,0,object,object,True,0.9,v2
7990,exp5,Hobbing,method,0,method,method,True,0.9,v2
8001,exp5,Dictator game,method,0,method,method,True,0.9,v2
8008,exp5,Clinical decision support system,object,0,object,object,True,0.9,v2
8009,exp5,Cognitive remediation therapy,method,0,method,method,True,0.9,v2
8028,exp5,Steam distillation,method,0,method,method,True,0.9,v2
8030,exp5,Mie scattering,method,0,method,property,False,0.9,v2
8040,exp5,Quantile regression,method,0,method,method,True,0.9,v2
8043,exp5,Zoogeography,topic,0,topic,,False,0.9,v2
8049,exp5,C band,object,0,object,object,True,0.9,v2
8050,exp5,Internet traffic,topic,0,topic,,False,0.9,v2
8052,exp5,Rebound effect (conservation),topic,0,topic,,False,0.9,v2
8054,exp5,Sound intensity,property,0,property,,False,0.9,v2
8069,exp5,Interactive visualization,method,0,method,method,True,0.9,v2
8083,exp5,Phase-change memory,object,0,object,object,True,0.9,v2
8088,exp5,Electromagnetic environment,object,0,object,topic,False,0.9,v2
8090,exp5,Synthetic fiber,object,0,object,object,True,0.9,v2
8091,exp5,Lagrange polynomial,object,0,object,method,False,0.9,v2
8092,exp5,Activity diagram,method,0,method,method,True,0.9,v2
8095,exp5,Habitat destruction,topic,0,topic,,False,0.9,v2
8096,exp5,Critical micelle concentration,property,0,property,,False,0.9,v2
8103,exp5,PCI Express,object,0,object,object,True,0.9,v2
8106,exp5,Old English,topic,0,topic,,False,0.9,v2
8108,exp5,Jaggery,object,0,object,object,True,0.9,v2
8114,exp5,Quality-adjusted life year,property,0,property,,False,0.9,v2
8121,exp5,Spall,object,0,object,property,False,0.9,v2
8123,exp5,Technical communication,topic,0,topic,,False,0.9,v2
8140,exp5,Succession planning,topic,0,topic,,False,0.9,v2
8147,exp5,Bank erosion,topic,0,topic,,False,0.9,v2
8155,exp5,Functional movement,object,0,object,property,False,0.9,v2
8158,exp5,Directional antenna,object,0,object,object,True,1.0,v2
8159,exp5,High harmonic generation,method,0,method,method,True,1.0,v2
8166,exp5,Grey relational analysis,method,0,method,method,True,1.0,v2
8170,exp5,Steam-assisted gravity drainage,method,0,method,object,False,1.0,v2
8193,exp5,Auxetics,object,0,object,object,True,1.0,v2
8211,exp5,Semiosis,topic,0,topic,,False,0.9,v2
8212,exp5,Symmetrization,method,0,method,method,True,1.0,v2
8223,exp5,Logotherapy,method,0,method,topic,False,1.0,v2
8225,exp5,Hydraulic pump,object,0,object,object,True,1.0,v2
8226,exp5,Financial intermediary,object,0,object,object,True,1.0,v2
8243,exp5,Cartesian product,object,0,object,object,True,1.0,v2
8253,exp5,Symmetric-key algorithm,method,0,method,method,True,1.0,v2
8256,exp5,Ravine,object,0,object,object,True,1.0,v2
8258,exp5,Organic electronics,topic,0,topic,,False,1.0,v2
8264,exp5,Robot control,method,0,method,method,True,1.0,v2
8265,exp5,Statistical significance,property,0,property,,False,1.0,v2
8274,exp5,Video processing,method,0,method,method,True,1.0,v2
8282,exp5,Waste treatment,topic,0,topic,,False,1.0,v2
8294,exp5,Chemical imaging,method,0,method,method,True,1.0,v2
8295,exp5,Web resource,object,0,object,object,True,0.9,v2
8302,exp5,Graphic arts,topic,0,topic,,False,0.8,v2
8305,exp5,Frost heaving,object,0,object,property,False,0.9,v2
8307,exp5,Polysome,object,0,object,object,True,0.9,v2
8313,exp5,Multihoming,method,0,method,method,True,0.9,v2
8319,exp5,Endospore,object,0,object,object,True,0.9,v2
8321,exp5,Asymptotic distribution,property,0,property,,False,0.9,v2
8327,exp5,Brain size,property,0,property,,False,0.8,v2
8343,exp5,Expansionism,topic,0,topic,,False,0.8,v2
8350,exp5,Latent variable model,method,0,method,method,True,0.9,v2
8362,exp5,Fatalism,topic,0,topic,,False,0.8,v2
8368,exp5,Cognitive flexibility,property,0,property,,False,0.9,v2
8370,exp5,Fresh frozen plasma,object,0,object,object,True,0.9,v2
8371,exp5,Water-gas shift reaction,method,0,method,property,False,0.9,v2
8378,exp5,Polymer solar cell,object,0,object,object,True,0.9,v2
8382,exp5,Failure mode and effects analysis,method,0,method,method,True,0.9,v2
8386,exp5,Resting state fMRI,method,0,method,method,True,0.9,v2
8397,exp5,Sentiment analysis,method,0,method,method,True,0.9,v2
8400,exp5,Integrin-linked kinase,object,0,object,object,True,0.9,v2
8422,exp5,Mitotic index,property,0,property,,False,0.9,v2
8426,exp5,Sample entropy,method,0,method,method,True,0.9,v2
8428,exp5,Virtual learning environment,object,0,object,object,True,0.9,v2
8436,exp5,Mathematical problem,object,0,object,object,True,0.9,v2
8444,exp5,Building information modeling,method,0,method,method,True,0.9,v2
8446,exp5,PDCA,method,0,method,method,True,0.9,v2
8447,exp5,Marginal cost,property,0,property,,False,0.9,v2
8452,exp5,Binary classification,method,0,method,method,True,0.9,v2
8453,exp5,Sine wave,object,0,object,object,True,0.9,v2
8456,exp5,Biodiesel production,topic,0,topic,,False,0.9,v2
8457,exp5,Regression discontinuity design,method,0,method,method,True,0.9,v2
8468,exp5,Organocatalysis,method,0,method,method,True,0.9,v2
8482,exp5,Servant leadership,topic,0,topic,,False,0.9,v2
8484,exp5,Electricity meter,object,0,object,object,True,0.9,v2
8485,exp5,Minutiae,object,0,object,property,False,0.9,v2
8488,exp5,Cline (biology),property,0,property,,False,0.9,v2
8489,exp5,Carapace,object,0,object,object,True,0.9,v2
8491,exp5,Firmware,object,0,object,object,True,0.9,v2
8493,exp5,Go/no go,method,0,method,method,True,0.9,v2
8495,exp5,Probit model,method,0,method,method,True,0.9,v2
8498,exp5,Mollisol,object,0,object,object,True,0.9,v2
8499,exp5,Semantic role labeling,method,0,method,method,True,0.9,v2
8501,exp5,Anticyclone,object,0,object,object,True,0.9,v2
8504,exp5,Continuous stirred-tank reactor,object,0,object,object,True,0.9,v2
8506,exp5,Gene regulatory network,object,0,object,object,True,0.9,v2
8510,exp5,Photovoltaic effect,property,0,property,,False,0.9,v2
8511,exp5,Hash table,object,0,object,method,False,0.9,v2
8527,exp5,Underwater acoustics,topic,0,topic,,False,0.9,v2
8528,exp5,Social dynamics,topic,0,topic,,False,0.9,v2
8535,exp5,Galois group,object,0,object,object,True,0.9,v2
8537,exp5,RS-485,object,0,object,object,True,0.9,v2
8540,exp5,Downstream processing,topic,0,topic,,False,0.9,v2
8553,exp5,Biostimulation,method,0,method,method,True,0.9,v2
8555,exp5,Fear appeal,topic,0,topic,,False,0.9,v2
8560,exp5,Cognitive reserve,property,0,property,,False,0.9,v2
8562,exp5,Clean coal,topic,0,topic,,False,0.9,v2
8565,exp5,Post-hoc analysis,method,0,method,method,True,0.9,v2
8566,exp5,Number needed to treat,property,0,property,,False,0.9,v2
8568,exp5,Shearlet,method,0,method,method,True,0.9,v2
8569,exp5,Dissipative soliton,object,0,object,object,True,0.9,v2
8570,exp5,Interval graph,object,0,object,object,True,0.9,v2
8580,exp5,Anti-lock braking system,object,0,object,object,True,0.95,v2
8588,exp5,Subalgebra,object,0,object,object,True,0.95,v2
8597,exp5,Space mapping,method,0,method,method,True,0.95,v2
8599,exp5,Static random-access memory,object,0,object,object,True,0.95,v2
8614,exp5,Sound localization,topic,0,topic,,False,0.95,v2
8615,exp5,Interleukin 18,object,0,object,object,True,0.95,v2
8616,exp5,Annexin A1,object,0,object,object,True,0.95,v2
8618,exp5,Pervious concrete,object,0,object,object,True,0.95,v2
8622,exp5,Capacitive coupling,method,0,method,property,False,0.95,v2
8624,exp5,Shotgun proteomics,method,0,method,method,True,0.95,v2
8631,exp5,Speedup,property,0,property,,False,0.95,v2
8635,exp5,Opportunity cost,property,0,property,,False,0.95,v2
8644,exp5,Filmmaking,topic,0,topic,,False,0.95,v2
8645,exp5,Respirometry,method,0,method,method,True,0.95,v2
8650,exp5,Quartile,property,1,property,,False,0.95,v2
8651,exp5,Satellite galaxy,object,0,object,object,True,0.95,v2
8653,exp5,TBX1,object,0,object,object,True,0.95,v2
8659,exp5,Transactional leadership,topic,0,topic,,False,0.95,v2
8681,exp5,Capacitively coupled plasma,object,0,object,object,True,0.95,v2
8693,exp5,DNA-PKcs,object,0,object,object,True,0.95,v2
8697,exp5,DEVS,method,0,method,method,True,0.9,v2
8699,exp5,Cheminformatics,topic,0,topic,,False,0.9,v2
8705,exp5,Adaptive behavior,property,0,property,,False,0.9,v2
8709,exp5,Insurance policy,object,0,object,object,True,0.9,v2
8715,exp5,Insolation,property,0,property,,False,0.9,v2
8723,exp5,Coordination complex,object,0,object,object,True,0.9,v2
8730,exp5,Value proposition,property,0,property,,False,0.9,v2
8737,exp5,Linked data,method,0,method,method,True,0.9,v2
8750,exp5,Cavitand,object,0,object,object,True,0.9,v2
8751,exp5,Reduct,method,0,method,method,True,0.9,v2
8755,exp5,JPEG 2000,object,0,object,object,True,0.9,v2
8757,exp5,Ferrosilicon,object,0,object,object,True,0.9,v2
8763,exp5,Pour point,property,0,property,,False,0.9,v2
8779,exp5,Hiss,object,0,object,object,True,0.9,v2
8789,exp5,Click chemistry,method,0,method,method,True,0.9,v2
8798,exp5,Linear discriminant analysis,method,0,method,method,True,0.9,v2
8809,exp5,Alluvium,object,0,object,object,True,0.9,v2
8810,exp5,Austerity,topic,0,topic,,False,0.9,v2
8812,exp5,Personality development,topic,0,topic,,False,0.9,v2
8813,exp5,CFD-DEM,method,0,method,method,True,0.9,v2
8815,exp5,PUREX,method,0,method,method,True,0.9,v2
8828,exp5,Turbidity current,object,0,object,object,True,0.9,v2
8829,exp5,Sonoporation,method,0,method,method,True,0.9,v2
8841,exp5,Social engineering (security),topic,0,topic,,False,0.9,v2
8847,exp5,Pedology,topic,0,topic,,False,0.9,v2
8848,exp5,Financial plan,topic,0,topic,,False,0.9,v2
8850,exp5,Active matrix,object,0,object,object,True,0.9,v2
8852,exp5,Nonsense-mediated decay,method,0,method,method,True,0.9,v2
8855,exp5,Recombineering,method,0,method,method,True,0.9,v2
8859,exp5,Robust regression,method,0,method,method,True,0.9,v2
8865,exp5,Negative refraction,property,0,property,,False,0.9,v2
8868,exp5,Phylogenomics,method,0,method,method,True,0.9,v2
8873,exp5,Microplasma,object,0,object,object,True,0.9,v2
8878,exp5,Predictive maintenance,topic,0,topic,,False,0.9,v2
8888,exp5,Dimensionality reduction,method,0,method,method,True,0.9,v2
8899,exp5,Transformative learning,topic,0,topic,,False,0.9,v2
8900,exp5,Hardware-in-the-loop simulation,method,0,method,method,True,0.9,v2
8906,exp5,Wave height,property,0,property,,False,0.9,v2
8912,exp5,Vacuum state,object,0,object,object,True,0.9,v2
8919,exp5,Latent class model,method,0,method,method,True,0.9,v2
8929,exp5,Standard curve,method,0,method,method,True,0.9,v2
8931,exp5,QCD matter,object,0,object,object,True,1.0,v2
8945,exp5,RNA polymerase III,object,0,object,object,True,1.0,v2
8952,exp5,Signal reconstruction,method,0,method,topic,False,0.9,v2
8957,exp5,Integro-differential equation,object,0,object,object,True,1.0,v2
8961,exp5,Rigour,property,1,property,,False,0.7,v2
8975,exp5,Ion track,object,0,object,object,True,1.0,v2
8981,exp5,Landscape planning,topic,0,topic,,False,0.9,v2
8982,exp5,Kernel density estimation,method,0,method,method,True,0.9,v2
8985,exp5,Internal communications,topic,0,topic,,False,0.9,v2
9009,exp5,Non-performing loan,object,0,object,object,True,0.9,v2
9019,exp5,Brand extension,topic,0,topic,,False,0.9,v2
9034,exp5,ULK1,object,0,object,object,True,1.0,v2
9038,exp5,Histone deacetylase 2,object,0,object,object,True,1.0,v2
9039,exp5,Fractionalization,property,0,property,,False,0.9,v2
9046,exp5,Multipartite entanglement,object,0,object,property,False,1.0,v2
9047,exp5,Nitroaldol reaction,method,0,method,method,True,0.9,v2
9049,exp5,Value engineering,method,0,method,topic,False,0.9,v2
9051,exp5,Immunoprecipitation,method,0,method,method,True,0.9,v2
9060,exp5,Upload,method,0,method,method,True,0.9,v2
9064,exp5,Biogeochemical cycle,topic,0,topic,,False,0.9,v2
9074,exp5,Lorentz covariance,property,0,property,,False,0.9,v2
9078,exp5,Flowchart,method,0,method,object,False,0.9,v2
9082,exp5,History of mathematics,topic,0,topic,,False,0.9,v2
9084,exp5,Transaction processing,method,0,method,method,True,0.9,v2
9085,exp5,Drag coefficient,property,0,property,,False,0.9,v2
9087,exp5,Monotonic function,object,0,object,object,True,0.9,v2
9096,exp5,Public goods game,topic,0,topic,,False,0.9,v2
9102,exp5,Extratropical cyclone,object,0,object,object,True,0.9,v2
9109,exp5,Constitutive heterochromatin,object,0,object,object,True,0.9,v2
9112,exp5,Dihedral group,object,0,object,object,True,0.9,v2
9127,exp5,Crop coefficient,property,0,property,,False,0.9,v2
9133,exp5,Cherenkov radiation,object,0,object,property,False,0.9,v2
9137,exp5,History of medicine,topic,0,topic,,False,0.9,v2
9144,exp5,Thermal runaway,property,0,property,,False,0.9,v2
9158,exp5,Baryon acoustic oscillations,object,0,object,property,False,0.9,v2
9161,exp5,Two-dimensional gas,method,0,method,object,False,0.9,v2
9162,exp5,Kondo insulator,object,0,object,object,True,0.9,v2
9164,exp5,Nosology,topic,0,topic,,False,0.9,v2
9165,exp5,Circulatory system,object,0,object,object,True,0.9,v2
9168,exp5,Metamagnetism,object,0,object,property,False,0.9,v2
9171,exp5,Niosome,object,0,object,object,True,0.9,v2
9172,exp5,Greenberger–Horne–Zeilinger state,object,0,object,object,True,0.9,v2
9173,exp5,Surface stress,property,0,property,,False,0.9,v2
9182,exp5,Chemical equilibrium,property,0,property,,False,0.9,v2
9196,exp5,Landau damping,method,0,method,property,False,0.9,v2
9200,exp5,Phase qubit,object,0,object,object,True,0.9,v2
9206,exp5,Kinesiology,topic,0,topic,,False,0.9,v2
9209,exp5,Relaxometry,method,0,method,method,True,0.9,v2
9215,exp5,Association scheme,method,0,method,property,False,0.9,v2
9220,exp5,Gatekeeping,topic,0,topic,,False,0.9,v2
9222,exp5,Debris disk,object,0,object,object,True,0.9,v2
9224,exp5,Kelvin wave,object,0,object,object,True,0.9,v2
9227,exp5,Prophage,object,0,object,object,True,0.9,v2
9231,exp5,Mantle wedge,object,0,object,object,True,0.9,v2
9235,exp5,Self-sufficiency,property,0,property,,False,0.9,v2
9238,exp5,Vacuum distillation,method,0,method,method,True,0.9,v2
9241,exp5,Integrated marketing communications,topic,0,topic,,False,0.9,v2
9247,exp5,Parameter space,object,0,object,property,False,0.9,v2
9270,exp5,Jacobi elliptic functions,object,0,object,object,True,0.9,v2
9273,exp5,Mandibular second molar,object,0,object,object,True,1.0,v2
9284,exp5,BMPR2,object,0,object,object,True,1.0,v2
9289,exp5,Split-ring resonator,object,0,object,object,True,1.0,v2
9304,exp5,Intersystem crossing,property,0,property,,False,1.0,v2
9314,exp5,Molecular pathology,topic,0,topic,,False,1.0,v2
9316,exp5,Dilatant,object,0,object,object,True,1.0,v2
9326,exp5,Debt-to-equity ratio,property,0,property,,False,1.0,v2
9328,exp5,Belongingness,property,0,property,,False,1.0,v2
9331,exp5,Directed acyclic graph,object,0,object,object,True,1.0,v2
9332,exp5,Social computing,topic,0,topic,,False,1.0,v2
9348,exp5,Library catalog,object,0,object,object,True,1.0,v2
9353,exp5,Network processor,object,0,object,object,True,1.0,v2
9358,exp5,Bromodomain,object,0,object,object,True,1.0,v2
9359,exp5,Particle number,property,0,property,,False,1.0,v2
9365,exp5,Sonochemistry,topic,0,topic,,False,1.0,v2
9370,exp5,Project portfolio management,topic,0,topic,,False,1.0,v2
9373,exp5,Foaming agent,object,0,object,object,True,1.0,v2
9379,exp5,Short Message Service,object,0,object,object,True,1.0,v2
9383,exp5,Pressure-retarded osmosis,method,0,method,method,True,1.0,v2
9394,exp5,Cost of capital,property,0,property,,False,1.0,v2
9396,exp5,EWMA chart,method,0,method,method,True,1.0,v2
9397,exp5,Differential evolution,method,0,method,method,True,1.0,v2
9401,exp5,Bimetal,object,0,object,object,True,1.0,v2
9409,exp5,Autoregressive–moving-average model,method,0,method,method,True,1.0,v2
9410,exp5,Principal component regression,method,0,method,method,True,1.0,v2
9411,exp5,Property law,topic,0,topic,,False,1.0,v2
9417,exp5,Control network,object,0,object,object,True,1.0,v2
9427,exp5,Frequency divider,object,0,object,object,True,1.0,v2
9433,exp5,Return period,property,0,property,,False,1.0,v2
9436,exp5,Green computing,topic,0,topic,,False,1.0,v2
9440,exp5,Epiblast,object,0,object,object,True,1.0,v2
9449,exp5,Shallow foundation,object,0,object,object,True,1.0,v2
9451,exp5,Medical nutrition therapy,topic,0,topic,,False,1.0,v2
9453,exp5,Rebranding,topic,0,topic,,False,1.0,v2
9469,exp5,Exponential growth,property,1,property,,False,1.0,v2
9471,exp5,Pumice,object,0,object,object,True,1.0,v2
9482,exp5,Sampling design,method,0,method,method,True,1.0,v2
9497,exp5,Orphan drug,object,0,object,object,True,1.0,v2
9514,exp5,Continental collision,object,0,object,property,False,1.0,v2
9516,exp5,Big data,topic,0,topic,,False,1.0,v2
9520,exp5,Appeasement,topic,0,topic,,False,0.9,v2
9526,exp5,Fibrocyte,object,0,object,object,True,0.9,v2
9529,exp5,Electron tomography,method,0,method,method,True,0.9,v2
9537,exp5,CXCL13,object,0,object,object,True,0.9,v2
9538,exp5,Mass flow rate,property,0,property,,False,0.9,v2
9547,exp5,Portfolio investment,topic,0,topic,,False,0.9,v2
9550,exp5,Butterfly valve,object,0,object,object,True,0.9,v2
9558,exp5,Puppetry,topic,0,topic,,False,0.9,v2
9559,exp5,Knight shift,property,0,property,,False,0.9,v2
9563,exp5,Nanoflower,object,0,object,object,True,0.9,v2
9566,exp5,Fountain code,method,0,method,method,True,0.9,v2
9570,exp5,Umpolung,method,0,method,method,True,0.9,v2
9577,exp5,Zinc smelting,topic,0,topic,,False,0.9,v2
9596,exp5,Formal concept analysis,method,0,method,method,True,0.9,v2
9598,exp5,Separatrix,object,0,object,object,True,0.9,v2
9601,exp5,Epithelial–mesenchymal transition,object,0,object,property,False,0.9,v2
9605,exp5,Metric connection,object,0,object,object,True,0.9,v2
9615,exp5,Multipath routing,method,0,method,method,True,0.9,v2
9617,exp5,Center of pressure (fluid mechanics),property,0,property,,False,0.9,v2
9622,exp5,Quantum oscillations,method,0,method,method,True,0.9,v2
9626,exp5,Needs analysis,method,0,method,topic,False,0.9,v2
9632,exp5,Maximal subgroup,object,0,object,object,True,1.0,v2
9639,exp5,Tonne,property,1,property,,False,0.9,v2
9640,exp5,Machine to machine,topic,0,topic,,False,0.9,v2
9649,exp5,Sanger sequencing,method,0,method,method,True,1.0,v2
9654,exp5,Conformance testing,method,0,method,method,True,0.9,v2
9656,exp5,Baseflow,property,0,property,,False,0.9,v2
9665,exp5,Graph coloring,object,0,object,method,False,0.9,v2
9673,exp5,Diphthong,property,0,property,,False,0.9,v2
9679,exp5,Free group,object,0,object,object,True,1.0,v2
9685,exp5,Urea cycle,object,0,object,property,False,1.0,v2
9691,exp5,Continuous cooling transformation,object,0,object,object,True,1.0,v2
9695,exp5,Oxidizing agent,object,0,object,object,True,0.9,v2
9696,exp5,Activating transcription factor,object,0,object,object,True,1.0,v2
9699,exp5,Schumann resonances,object,0,object,object,True,0.9,v2
9710,exp5,Tax deduction,property,0,property,,False,0.9,v2
9711,exp5,Software-defined networking,topic,0,topic,,False,0.9,v2
9718,exp5,Split-Hopkinson pressure bar,method,0,method,method,True,1.0,v2
9720,exp5,ANGPTL4,object,0,object,object,True,1.0,v2
9725,exp5,Linear equation,object,1,object,property,False,0.9,v2
9736,exp5,Urinary system,object,0,object,object,True,1.0,v2
9739,exp5,Multilocus sequence typing,method,0,method,method,True,1.0,v2
9745,exp5,Charge-transfer complex,object,0,object,object,True,1.0,v2
9751,exp5,Flow separation,object,0,object,property,False,1.0,v2
9754,exp5,Rolling resistance,property,0,property,,False,1.0,v2
9757,exp5,Woodcut,method,0,method,method,True,1.0,v2
9777,exp5,Pozzolan,object,0,object,object,True,1.0,v2
9781,exp5,Advanced manufacturing,topic,0,topic,,False,1.0,v2
9798,exp5,Narrative structure,property,0,property,,False,1.0,v2
9810,exp5,FKBP5,object,0,object,object,True,1.0,v2
9811,exp5,Ptychography,method,0,method,method,True,1.0,v2
9813,exp5,Data cube,object,0,object,object,True,1.0,v2
9818,exp5,Grayscale,object,0,object,property,False,1.0,v2
9822,exp5,PDGFRB,object,0,object,object,True,1.0,v2
9829,exp5,Rockslide,object,0,object,object,True,1.0,v2
9834,exp5,MODFLOW,method,0,method,method,True,1.0,v2
9839,exp5,Boost converter,object,0,object,object,True,1.0,v2
9855,exp5,Social determinants of health,topic,0,topic,,False,1.0,v2
9858,exp5,General chemistry,topic,1,topic,,False,0.8,v2
9861,exp5,Red blood cell distribution width,property,0,property,,False,1.0,v2
9878,exp5,Hygiene hypothesis,topic,0,topic,,False,0.9,v2
9881,exp5,Behavioral modeling,method,0,method,method,True,0.9,v2
9882,exp5,Tight oil,object,0,object,object,True,0.9,v2
9889,exp5,Multi-core processor,object,0,object,object,True,0.9,v2
9892,exp5,Earthing system,object,0,object,object,True,0.9,v2
9893,exp5,Position paper,topic,0,topic,,False,0.9,v2
9897,exp5,Think aloud protocol,method,0,method,method,True,0.9,v2
9898,exp5,Mobile broadband,object,0,object,topic,False,0.9,v2
9902,exp5,Configuration Management (ITSM),method,0,method,method,True,0.9,v2
9906,exp5,Organizational theory,topic,0,topic,,False,0.9,v2
9911,exp5,Malolactic fermentation,method,0,method,method,True,0.9,v2
9917,exp5,Compact operator,object,0,object,object,True,0.9,v2
9926,exp5,Inertial measurement unit,object,0,object,object,True,0.9,v2
9932,exp5,Afterimage,property,0,property,,False,0.9,v2
9943,exp5,Sunk costs,property,0,property,,False,0.9,v2
9950,exp5,Coase theorem,topic,0,topic,,False,0.9,v2
9959,exp5,Profilometer,object,0,object,object,True,0.9,v2
9964,exp5,Ensemble Kalman filter,method,0,method,method,True,0.9,v2
9966,exp5,Dutch disease,topic,0,topic,,False,0.9,v2
9979,exp5,African studies,topic,0,topic,,False,0.9,v2
9981,exp5,PDE10A,object,0,object,object,True,1.0,v2
9982,exp5,Resource mobilization,topic,0,topic,,False,1.0,v2
9990,exp5,Program management,topic,0,topic,,False,1.0,v2
10006,exp5,Judicial independence,property,0,property,,False,1.0,v2
10022,exp5,Compliant mechanism,object,0,object,object,True,1.0,v2
10023,exp5,Passive cooling,method,0,method,method,True,1.0,v2
10042,exp5,Dirac fermion,object,0,object,object,True,1.0,v2
10045,exp5,Cloud computing,topic,0,topic,,False,1.0,v2
10046,exp5,Folk dance,topic,0,topic,,False,1.0,v2
10053,exp5,Teleology,topic,0,topic,,False,1.0,v2
10073,exp5,Systematic risk,property,0,property,,False,1.0,v2
10082,exp5,Business process management,topic,0,topic,,False,1.0,v2
10083,exp5,Quantitative proteomics,method,0,method,method,True,1.0,v2
10086,exp5,Methionine synthase,object,0,object,object,True,1.0,v2
10092,exp5,Earth system science,topic,0,topic,,False,1.0,v2
10094,exp5,Valve timing,method,0,method,property,False,1.0,v2
10103,exp5,Naval architecture,topic,0,topic,,False,1.0,v2
10107,exp5,Strain engineering,method,0,method,method,True,1.0,v2
10111,exp5,Corporate finance,topic,0,topic,,False,1.0,v2
10116,exp5,Stripline,object,0,object,object,True,1.0,v2
10118,exp5,Cytolysin,object,0,object,object,True,0.9,v2
10136,exp5,Monopolistic competition,topic,0,topic,,False,0.9,v2
10140,exp5,Somatomedin,object,0,object,object,True,0.9,v2
10144,exp5,Reproducing kernel Hilbert space,object,0,object,object,True,0.9,v2
10146,exp5,Quantum phases,object,0,object,property,False,0.9,v2
10162,exp5,Stokes shift,property,0,property,,False,0.9,v2
10163,exp5,Satellite laser ranging,method,0,method,method,True,0.9,v2
10167,exp5,Electronic component,object,0,object,object,True,0.9,v2
10193,exp5,Contact force,property,0,property,,False,0.9,v2
10196,exp5,Humanistic psychology,topic,0,topic,,False,0.9,v2
10199,exp5,Convolutional neural network,method,0,method,method,True,0.9,v2
10201,exp5,Achievement test,object,0,object,method,False,0.9,v2
10202,exp5,Time constant,property,0,property,,False,0.9,v2
10208,exp5,Combinational logic,object,0,object,method,False,0.9,v2
10209,exp5,Apriori algorithm,method,0,method,method,True,0.9,v2
10217,exp5,Exponentiation,method,1,method,method,True,0.9,v2
10226,exp5,Rotating biological contactor,method,0,method,method,True,0.9,v2
10235,exp5,Group theory,topic,1,topic,,False,0.9,v2
10244,exp5,Philosophy of religion,topic,0,topic,,False,0.9,v2
10250,exp5,Capital accumulation,property,0,property,,False,0.9,v2
10253,exp5,Diplexer,object,0,object,object,True,0.9,v2
10255,exp5,Phase retrieval,method,0,method,method,True,0.9,v2
10258,exp5,Judicial activism,topic,0,topic,,False,0.9,v2
10259,exp5,Ice stream,object,0,object,object,True,0.9,v2
10260,exp5,Forward osmosis,method,0,method,method,True,0.9,v2
10263,exp5,Internet of Things,topic,0,topic,,False,0.9,v2
10267,exp5,Network monitoring,method,0,method,method,True,0.9,v2
10274,exp5,Control unit,object,0,object,object,True,0.9,v2
10286,exp5,Dynamic Bayesian network,method,0,method,method,True,0.9,v2
10292,exp5,Voltage drop,property,0,property,,False,0.9,v2
10300,exp5,Oncolytic virus,object,0,object,object,True,0.9,v2
10301,exp5,Software metric,property,0,property,,False,0.9,v2
10305,exp5,Partial volume,property,0,property,,False,0.9,v2
10306,exp5,Gamma function,object,1,object,object,True,0.9,v2
10318,exp5,CX3CL1,object,0,object,object,True,0.9,v2
10319,exp5,Economic security,topic,0,topic,,False,0.9,v2
10320,exp5,Music history,topic,0,topic,,False,0.9,v2
10322,exp5,Ecological speciation,topic,0,topic,,False,0.9,v2
10326,exp5,Rotating black hole,object,0,object,object,True,0.9,v2
10329,exp5,Relative density,property,0,property,,False,0.9,v2
10331,exp5,Respite care,topic,0,topic,,False,0.9,v2
10338,exp5,Focal length,property,0,property,,False,0.9,v2
10347,exp5,Funnel plot,method,0,method,method,True,0.9,v2
10348,exp5,Ligand-gated ion channel,object,0,object,object,True,0.9,v2
10350,exp5,Intravoxel incoherent motion,method,0,method,method,True,0.9,v2
10361,exp5,Industrial production,topic,0,topic,,False,0.9,v2
10390,exp5,Riesz transform,method,0,method,object,False,0.9,v2
10391,exp5,Hindcast,method,0,method,method,True,0.9,v2
10393,exp5,Coacervate,object,0,object,object,True,0.9,v2
10410,exp5,Security management,topic,0,topic,,False,0.9,v2
10411,exp5,Induced seismicity,topic,0,topic,,False,0.9,v2
10414,exp5,Acoustic levitation,method,0,method,method,True,0.9,v2
10417,exp5,Predictive analytics,topic,0,topic,,False,0.9,v2
10418,exp5,Carbon offset,object,0,object,property,False,0.9,v2
10427,exp5,Superconvergence,property,0,property,,False,0.9,v2
10432,exp5,CCL20,object,0,object,object,True,0.9,v2
10437,exp5,Rainwater harvesting,topic,0,topic,,False,0.9,v2
10445,exp5,Space–time block code,object,0,object,method,False,0.9,v2
10455,exp5,Broaching,method,0,method,method,True,0.9,v2
10457,exp5,Thermal ionization mass spectrometry,method,0,method,method,True,0.9,v2
10462,exp5,Feature vector,property,0,property,,False,0.9,v2
10475,exp5,G-quadruplex,object,0,object,object,True,0.9,v2
10487,exp5,Phishing,topic,0,topic,,False,0.9,v2
10488,exp5,Scopus,object,0,object,object,True,0.9,v2
10507,exp5,HTML5,object,0,object,object,True,0.9,v2
10518,exp5,Melting curve analysis,method,0,method,method,True,0.9,v2
10527,exp5,Bent function,object,0,object,object,True,0.9,v2
10531,exp5,Deoxyribozyme,object,0,object,object,True,0.9,v2
10536,exp5,Specific absorption rate,property,0,property,,False,0.9,v2
10539,exp5,Hydraulic retention time,property,0,property,,False,0.9,v2
10549,exp5,Closed-end fund,object,0,object,object,True,0.9,v2
10559,exp5,Digital forensics,topic,0,topic,,False,0.9,v2
10563,exp5,Transculturation,topic,0,topic,,False,0.9,v2
10572,exp5,Condition number,property,0,property,,False,0.9,v2
10579,exp5,Local field,object,0,object,object,True,0.9,v2
10581,exp5,Stochastic partial differential equation,object,0,object,method,False,0.9,v2
10592,exp5,Softswitch,object,0,object,object,True,0.9,v2
10601,exp5,Tractography,method,0,method,method,True,0.9,v2
10602,exp5,Life support system,object,0,object,object,True,0.9,v2
10603,exp5,Polygene,object,0,object,object,True,0.9,v2
10604,exp5,Polo-like kinase,object,0,object,object,True,0.9,v2
10607,exp5,Decision rule,method,0,method,method,True,0.9,v2
10625,exp5,Root cause,property,0,property,,False,0.9,v2
10629,exp5,Flexible electronics,object,0,object,object,True,0.9,v2
10633,exp5,Subaerial,object,0,object,property,False,0.9,v2
10635,exp5,Injury Severity Score,property,0,property,,False,0.9,v2
10640,exp5,Assignment problem,object,0,object,method,False,0.9,v2
10644,exp5,Involute gear,object,0,object,object,True,0.9,v2
10650,exp5,Red beds,object,0,object,object,True,0.9,v2
10661,exp5,HDAC1,object,0,object,object,True,0.9,v2
10662,exp5,Plasmonic nanoparticles,object,0,object,object,True,0.9,v2
10663,exp5,Thin-film composite membrane,object,0,object,object,True,0.9,v2
10666,exp5,Induced polarization,method,0,method,method,True,0.9,v2
10668,exp5,Lahar,object,0,object,object,True,0.9,v2
10675,exp5,Atmospheric-pressure plasma,object,0,object,object,True,0.9,v2
10677,exp5,Contemporary art,topic,0,topic,,False,0.9,v2
10685,exp5,Semantic network,object,0,object,object,True,0.9,v2
10689,exp5,Ordinal data,property,1,property,,False,0.9,v2
10695,exp5,Free riding,property,0,property,,False,0.9,v2
10696,exp5,Line search,method,0,method,method,True,0.9,v2
10702,exp5,Photodetection,method,0,method,property,False,0.9,v2
10703,exp5,Charge qubit,object,0,object,object,True,0.9,v2
10704,exp5,Wireless broadband,topic,0,topic,,False,0.9,v2
10709,exp5,Voltage multiplier,object,0,object,object,True,0.9,v2
10712,exp5,Effective stress,property,0,property,,False,0.9,v2
10715,exp5,Medium spiny neuron,object,0,object,object,True,0.9,v2
10717,exp5,Stone Age,topic,1,topic,,False,0.9,v2
10726,exp5,Giant star,object,0,object,object,True,0.9,v2
10734,exp5,Spatial multiplexing,method,0,method,method,True,0.9,v2
10736,exp5,Capability Maturity Model,method,0,method,method,True,0.9,v2
10743,exp5,Fiqh,topic,0,topic,,False,0.9,v2
10746,exp5,Exploratory research,method,0,method,topic,False,0.9,v2
10753,exp5,Learning to rank,method,0,method,method,True,0.9,v2
10759,exp5,Contour line,object,0,object,object,True,0.9,v2
10763,exp5,Coprocessor,object,0,object,object,True,0.9,v2
10769,exp5,Hybrid power,topic,0,topic,,False,0.9,v2
10774,exp5,Micronization,method,0,method,method,True,0.9,v2
10785,exp5,ARP spoofing,method,0,method,topic,False,0.9,v2
10791,exp5,Gravitational constant,property,1,property,,False,0.9,v2
10798,exp5,Simultaneous localization and mapping,method,0,method,method,True,0.9,v2
10803,exp5,Drug action,property,0,property,,False,0.9,v2
10804,exp5,Microporous material,object,0,object,object,True,1.0,v2
10805,exp5,Res judicata,topic,0,topic,,False,0.9,v2
10807,exp5,Commercial law,topic,0,topic,,False,1.0,v2
10819,exp5,PI3K/AKT/mTOR pathway,topic,0,topic,,False,0.9,v2
10822,exp5,Stochastic neural network,object,0,object,object,True,1.0,v2
10828,exp5,Metamodeling,method,0,method,method,True,1.0,v2
10830,exp5,International human rights law,topic,0,topic,,False,1.0,v2
10833,exp5,Rate of return,property,0,property,,False,1.0,v2
10838,exp5,Atmospheric methane,object,0,object,object,True,1.0,v2
10848,exp5,Construction site safety,topic,0,topic,,False,1.0,v2
10859,exp5,Magnetar,object,0,object,object,True,1.0,v2
10863,exp5,Quality costs,property,0,property,,False,1.0,v2
10874,exp5,Rating curve,method,0,method,method,True,0.9,v2
10888,exp5,Transformation optics,method,0,method,method,True,1.0,v2
10893,exp5,Bin packing problem,object,0,object,topic,False,1.0,v2
10904,exp5,Local binary patterns,method,0,method,method,True,1.0,v2
10908,exp5,Chromatic aberration,property,0,property,,False,1.0,v2
10914,exp5,Degree distribution,property,0,property,,False,1.0,v2
10935,exp5,Exhaust manifold,object,0,object,object,True,1.0,v2
10951,exp5,TRPV,object,0,object,object,True,0.9,v2
10953,exp5,Health claims on food labels,topic,0,topic,,False,0.9,v2
10970,exp5,Artificial photosynthesis,topic,0,topic,,False,0.9,v2
10979,exp5,PCA3,object,0,object,object,True,0.9,v2
10984,exp5,System of systems,object,0,object,topic,False,0.9,v2
10987,exp5,Conjugacy class,object,0,object,property,False,0.9,v2
11000,exp5,Multiple sequence alignment,method,0,method,method,True,0.9,v2
11003,exp5,Pyruvate dehydrogenase complex,object,0,object,object,True,0.9,v2
11007,exp5,Dark matter halo,object,0,object,object,True,0.9,v2
11015,exp5,AKT2,object,0,object,object,True,0.9,v2
11020,exp5,Shared leadership,property,0,property,,False,0.9,v2
11026,exp5,Structural system,object,0,object,object,True,0.9,v2
11046,exp5,Smart material,object,0,object,object,True,0.9,v2
11048,exp5,Hedgehog signaling pathway,object,0,object,topic,False,0.9,v2
11050,exp5,Dynamic time warping,method,0,method,method,True,0.9,v2
11051,exp5,Emotional exhaustion,property,0,property,,False,0.9,v2
11063,exp5,Sudden stratospheric warming,object,0,object,object,True,0.9,v2
11070,exp5,Power MOSFET,object,0,object,object,True,0.9,v2
11074,exp5,DC bias,property,0,property,,False,0.9,v2
11075,exp5,Sinology,topic,0,topic,,False,0.9,v2
11079,exp5,Body area network,object,0,object,object,True,0.9,v2
11087,exp5,Neuro-ophthalmology,topic,0,topic,,False,0.9,v2
11095,exp5,Cumulative incidence,property,0,property,,False,0.9,v2
11106,exp5,Dihedral angle,property,0,property,,False,0.9,v2
11107,exp5,Diastema,object,0,object,object,True,0.9,v2
11108,exp5,Voice-onset time,property,0,property,,False,0.9,v2
11110,exp5,Collective intelligence,topic,0,topic,,False,0.9,v2
11111,exp5,Frequency-division multiplexing,method,0,method,method,True,0.9,v2
11119,exp5,Luminous infrared galaxy,object,0,object,object,True,0.9,v2
11122,exp5,Neutron detection,method,0,method,method,True,0.9,v2
11142,exp5,Fredholm integral equation,object,0,object,object,True,0.9,v2
11152,exp5,Laser beam welding,method,0,method,method,True,0.9,v2
11182,exp5,Bone age,property,0,property,,False,0.9,v2
11190,exp5,Ecological design,topic,0,topic,,False,0.9,v2
11194,exp5,Vector space model,method,0,method,method,True,0.9,v2
11202,exp5,Fire regime,topic,0,topic,,False,0.9,v2
11203,exp5,Decarburization,method,0,method,property,False,0.9,v2
11217,exp5,Coefficient of variation,property,1,property,,False,0.9,v2
11218,exp5,Eternal inflation,topic,0,topic,,False,0.9,v2
11223,exp5,Fractional anisotropy,property,0,property,,False,0.9,v2
11225,exp5,Strong ground motion,object,0,object,object,True,0.9,v2
11231,exp5,Connectivism,topic,0,topic,,False,0.8,v2
11234,exp5,Nernst effect,property,0,property,,False,0.9,v2
11243,exp5,Diamondoid,object,0,object,object,True,0.9,v2
11246,exp5,Mud volcano,object,0,object,object,True,0.9,v2
11261,exp5,Hadamard product,method,0,method,method,True,0.9,v2
11270,exp5,Filopodia,object,0,object,object,True,0.9,v2
11274,exp5,Insertion loss,property,0,property,,False,0.9,v2
11284,exp5,Quantum annealing,method,0,method,method,True,0.9,v2
11287,exp5,TRPV4,object,0,object,object,True,0.9,v2
11290,exp5,Discourse marker,object,0,object,object,True,0.9,v2
11295,exp5,Political communication,topic,0,topic,,False,0.9,v2
11300,exp5,Anaphylatoxin,object,0,object,object,True,0.9,v2
11302,exp5,Electro-optic modulator,object,0,object,object,True,0.9,v2
11305,exp5,PITX2,object,0,object,object,True,0.9,v2
11308,exp5,Hexagonal lattice,object,0,object,object,True,0.9,v2
11324,exp5,Binocular disparity,property,0,property,,False,0.9,v2
11338,exp5,Precipitation polymerization,method,0,method,method,True,0.9,v2
11353,exp5,Megafauna,object,0,object,object,True,0.9,v2
11355,exp5,Program slicing,method,0,method,method,True,0.9,v2
11377,exp5,Ledger,object,0,object,object,True,0.8,v2
11380,exp5,Bionics,topic,0,topic,,False,0.8,v2
11382,exp5,Homotopy perturbation method,method,0,method,method,True,1.0,v2
11383,exp5,Multi-user MIMO,method,0,method,method,True,1.0,v2
11386,exp5,Basal area,property,0,property,,False,1.0,v2
11396,exp5,Sport management,topic,0,topic,,False,1.0,v2
11401,exp5,Input–output model,method,0,method,method,True,1.0,v2
11404,exp5,Efflorescence,property,0,property,,False,1.0,v2
11405,exp5,Human microbiome,object,0,object,object,True,1.0,v2
11422,exp5,Sonification,method,0,method,method,True,1.0,v2
11423,exp5,Organic solar cell,object,0,object,object,True,1.0,v2
11424,exp5,Data curation,topic,0,topic,,False,1.0,v2
11425,exp5,Constructability,property,0,property,,False,1.0,v2
11426,exp5,Fashion design,topic,0,topic,,False,1.0,v2
11432,exp5,Scale parameter,property,0,property,,False,1.0,v2
11434,exp5,Biopower,topic,0,topic,,False,1.0,v2
11435,exp5,Firewood,object,0,object,object,True,1.0,v2
11443,exp5,Lagrangian relaxation,method,0,method,method,True,1.0,v2
11446,exp5,Ecocriticism,topic,0,topic,,False,1.0,v2
11453,exp5,Fitness landscape,object,0,object,property,False,1.0,v2
11454,exp5,Inner product space,object,0,object,object,True,0.9,v2
11456,exp5,Function approximation,method,0,method,method,True,0.9,v2
11461,exp5,Volute,object,0,object,object,True,0.9,v2
11475,exp5,Creating shared value,topic,0,topic,,False,0.9,v2
11480,exp5,CYP3A5,object,0,object,object,True,0.9,v2
11496,exp5,Sympatry,property,0,property,,False,0.9,v2
11512,exp5,Cross-platform,property,0,property,,False,0.9,v2
11513,exp5,Zernike polynomials,method,0,method,object,False,0.9,v2
11514,exp5,Value of information,property,0,property,,False,0.9,v2
11516,exp5,Digital microfluidics,method,0,method,method,True,0.9,v2
11523,exp5,Temperate rainforest,object,0,object,object,True,0.9,v2
11526,exp5,Dosage compensation,property,0,property,,False,0.9,v2
11537,exp5,Transimpedance amplifier,object,0,object,object,True,0.9,v2
11547,exp5,Transport phenomena,topic,0,topic,,False,0.9,v2
11549,exp5,Political geography,topic,0,topic,,False,0.9,v2
11565,exp5,Flash smelting,method,0,method,method,True,0.9,v2
11569,exp5,Baleen,object,0,object,object,True,0.9,v2
11574,exp5,Marl,object,0,object,object,True,0.9,v2
11576,exp5,Dance education,topic,0,topic,,False,0.9,v2
11578,exp5,Social constructivism,topic,0,topic,,False,0.9,v2
11581,exp5,Stream cipher,object,0,object,method,False,0.9,v2
11584,exp5,Permutation group,object,0,object,object,True,0.9,v2
11595,exp5,Chain code,method,0,method,method,True,0.9,v2
11596,exp5,Systemic acquired resistance,property,0,property,,False,0.9,v2
11612,exp5,Inattentional blindness,property,0,property,,False,0.9,v2
11613,exp5,Teachable moment,property,0,property,,False,0.9,v2
11618,exp5,Process variable,property,0,property,,False,0.9,v2
11624,exp5,Cannabinoid receptor type 2,object,0,object,object,True,0.9,v2
11630,exp5,Neologism,object,0,object,property,False,0.9,v2
11631,exp5,Cushioning,object,0,object,object,True,0.9,v2
11636,exp5,Persistent luminescence,property,0,property,,False,0.9,v2
11641,exp5,Cultural heritage management,topic,0,topic,,False,0.9,v2
11645,exp5,Process variation,property,0,property,,False,0.9,v2
11655,exp5,Information ethics,topic,0,topic,,False,0.9,v2
11657,exp5,Task switching,method,0,method,property,False,0.9,v2
11658,exp5,TCF4,object,0,object,object,True,0.9,v2
11659,exp5,CALPHAD,method,0,method,method,True,0.9,v2
11662,exp5,Negative feedback,method,0,method,property,False,0.9,v2
11666,exp5,Extreme environment,topic,0,topic,,False,0.9,v2
11673,exp5,Type theory,object,0,object,property,False,0.9,v2
11674,exp5,Thematic map,object,0,object,object,True,0.9,v2
11678,exp5,Odometer,object,0,object,object,True,0.9,v2
11687,exp5,Automatic meter reading,method,0,method,method,True,0.9,v2
11691,exp5,Artificial immune system,method,0,method,method,True,0.9,v2
11703,exp5,Geotechnics,topic,0,topic,,False,0.9,v2
11708,exp5,Projectile point,object,0,object,object,True,0.9,v2
11713,exp5,Ciphertext,object,0,object,object,True,0.9,v2
11720,exp5,Membrane technology,method,0,method,method,True,0.9,v2
11723,exp5,Upwind scheme,method,0,method,method,True,0.9,v2
11724,exp5,Necroptosis,object,0,object,object,True,0.9,v2
11727,exp5,Geosynchronous orbit,object,0,object,object,True,0.9,v2
11742,exp5,Harlem Renaissance,topic,0,topic,,False,0.9,v2
11749,exp5,Stoping,method,0,method,method,True,0.9,v2
11754,exp5,Immersion lithography,method,0,method,method,True,0.9,v2
11757,exp5,Random oracle,object,0,object,object,True,0.9,v2
11762,exp5,Organic geochemistry,topic,0,topic,,False,0.9,v2
11771,exp5,Fireproofing,method,0,method,method,True,0.9,v2
11778,exp5,Sensory system,object,0,object,object,True,0.9,v2
11781,exp5,Advanced Encryption Standard,object,0,object,method,False,0.9,v2
11795,exp5,Qualitative comparative analysis,method,0,method,method,True,0.9,v2
11798,exp5,Superlens,object,0,object,object,True,1.0,v2
11817,exp5,Satisficing,method,0,method,method,True,1.0,v2
11846,exp5,Quantum metrology,method,0,method,topic,False,1.0,v2
11850,exp5,Snuff,object,0,object,object,True,1.0,v2
11854,exp5,Crosswind,object,0,object,property,False,1.0,v2
11858,exp5,Scientific misconduct,topic,0,topic,,False,1.0,v2
11861,exp5,Transepidermal water loss,property,0,property,,False,1.0,v2
11871,exp5,Autoinducer,object,0,object,object,True,1.0,v2
11876,exp5,Textual entailment,topic,0,topic,,False,1.0,v2
11880,exp5,Avalanche diode,object,0,object,object,True,1.0,v2
11890,exp5,PSoC,object,0,object,object,True,1.0,v2
11897,exp5,Mobile telephony,topic,0,topic,,False,1.0,v2
11913,exp5,Protolith,object,0,object,object,True,1.0,v2
11914,exp5,Wreath product,object,0,object,method,False,1.0,v2
11921,exp5,Derivatives market,topic,0,topic,,False,1.0,v2
11935,exp5,Drifter,object,0,object,object,True,1.0,v2
11952,exp5,Shale oil,object,0,object,object,True,1.0,v2
11953,exp5,Multielectrode array,object,0,object,object,True,1.0,v2
11958,exp5,Interventionism (politics),topic,0,topic,,False,1.0,v2
11963,exp5,Self-image,property,0,property,,False,1.0,v2
11970,exp5,Extinction ratio,property,0,property,,False,1.0,v2
11993,exp5,Integrated water resources management,topic,0,topic,,False,1.0,v2
11994,exp5,Estrogen receptor beta,object,0,object,object,True,1.0,v2
12012,exp5,Topological group,object,0,object,object,True,1.0,v2
12020,exp5,Joystick,object,0,object,object,True,1.0,v2
12033,exp5,Path integration,method,0,method,method,True,1.0,v2
12034,exp5,CXCL1,object,0,object,object,True,1.0,v2
12065,exp5,SN2 reaction,method,0,method,method,True,1.0,v2
12074,exp5,Business history,topic,0,topic,,False,1.0,v2
12076,exp5,Hurst exponent,property,0,property,,False,1.0,v2
12079,exp5,Subconscious,object,0,object,property,False,1.0,v2
12084,exp5,Homogeneous charge compression ignition,method,0,method,object,False,1.0,v2
12087,exp5,Transactional analysis,topic,0,topic,,False,1.0,v2
12090,exp5,Xeon Phi,object,0,object,object,True,1.0,v2
12101,exp5,Gain scheduling,method,0,method,method,True,1.0,v2
12107,exp5,Artificial bee colony algorithm,method,0,method,method,True,1.0,v2
12108,exp5,Spatial econometrics,topic,0,topic,,False,1.0,v2
12117,exp5,Context-free grammar,object,0,object,method,False,1.0,v2
12120,exp5,File format,object,0,object,object,True,1.0,v2
12127,exp5,Cyclogenesis,topic,0,topic,,False,1.0,v2
12137,exp5,Cash flow statement,object,0,object,object,True,0.9,v2
12138,exp5,Mercantilism,topic,0,topic,,False,0.9,v2
12143,exp5,Deep belief network,method,0,method,method,True,0.9,v2
12150,exp5,Unparticle physics,topic,0,topic,,False,0.9,v2
12166,exp5,Electrode array,object,0,object,object,True,0.9,v2
12172,exp5,Energy intensity,property,0,property,,False,0.9,v2
12174,exp5,Nutrigenomics,topic,0,topic,,False,0.9,v2
12179,exp5,Static analysis,method,0,method,method,True,0.9,v2
12186,exp5,Tomographic reconstruction,method,0,method,method,True,0.9,v2
12195,exp5,Orbital elements,property,0,property,,False,0.9,v2
12197,exp5,Bone conduction,method,0,method,property,False,0.9,v2
12205,exp5,Spring bloom,object,0,object,property,False,0.9,v2
12207,exp5,Rock mechanics,topic,0,topic,,False,0.9,v2
12211,exp5,High-power impulse magnetron sputtering,method,0,method,object,False,0.9,v2
12216,exp5,Protective factor,property,0,property,,False,0.9,v2
12224,exp5,Calculus of variations,method,0,method,method,True,0.9,v2
12230,exp5,Van der Pol oscillator,object,0,object,object,True,0.9,v2
12231,exp5,Financial ratio,property,0,property,,False,0.9,v2
12233,exp5,Systems architecture,object,0,object,property,False,0.9,v2
12234,exp5,Quadratic assignment problem,object,0,object,object,True,0.9,v2
12247,exp5,CRISPR,method,0,method,object,False,0.9,v2
12278,exp5,Curvilinear coordinates,method,0,method,method,True,0.9,v2
12283,exp5,Narratology,topic,0,topic,,False,0.9,v2
12296,exp5,mTORC1,object,0,object,object,True,0.9,v2
12297,exp5,Digital marketing,topic,0,topic,,False,0.9,v2
12298,exp5,Text segmentation,method,0,method,method,True,0.9,v2
12301,exp5,Social conflict,topic,0,topic,,False,0.9,v2
12311,exp5,Periodic function,object,1,object,object,True,0.9,v2
12320,exp5,Phylogenetic diversity,property,0,property,,False,0.9,v2
12326,exp5,Linear-quadratic regulator,method,0,method,method,True,0.9,v2
12328,exp5,Global recession,topic,0,topic,,False,0.9,v2
12336,exp5,Ontology alignment,method,0,method,method,True,0.9,v2
12342,exp5,Acoustic impedance,property,0,property,,False,0.9,v2
12347,exp5,Stationary distribution,property,0,property,,False,0.9,v2
12353,exp5,Query expansion,method,0,method,method,True,0.9,v2
12356,exp5,Unitary group,object,0,object,object,True,0.9,v2
12364,exp5,Hash function,method,0,method,method,True,0.9,v2
12372,exp5,Chemical ligation,method,0,method,method,True,0.9,v2
12379,exp5,S transform,method,0,method,method,True,0.9,v2
12381,exp5,Ball bearing,object,0,object,object,True,0.9,v2
12390,exp5,Gametocyte,object,0,object,object,True,0.9,v2
12394,exp5,Cardiac cycle,object,0,object,property,False,0.9,v2
12395,exp5,6LoWPAN,object,0,object,object,True,0.9,v2
12397,exp5,Vanishing point,object,0,object,property,False,0.9,v2
12399,exp5,Wavefront sensor,object,0,object,object,True,0.9,v2
12404,exp5,Injective module,object,0,object,object,True,0.9,v2
12410,exp5,Exosphere,object,0,object,object,True,0.9,v2
12412,exp5,Universal design,topic,0,topic,,False,0.9,v2
12424,exp5,Time-to-digital converter,object,0,object,object,True,0.9,v2
12427,exp5,Lorenz curve,method,0,method,property,False,0.9,v2
12430,exp5,Parametric equation,object,0,object,method,False,0.9,v2
12432,exp5,Ordinary least squares,method,1,method,method,True,0.9,v2
12442,exp5,Chemical space,object,0,object,property,False,0.9,v2
12450,exp5,Employee engagement,property,0,property,,False,0.9,v2
12453,exp5,Hubris,property,0,property,,False,0.9,v2
12462,exp5,Organic field-effect transistor,object,0,object,object,True,0.9,v2
12464,exp5,X band,object,0,object,property,False,0.9,v2
12471,exp5,Neutral particle,object,0,object,object,True,0.9,v2
12474,exp5,Hygrometer,object,0,object,object,True,0.9,v2
12482,exp5,Cilium,object,0,object,object,True,0.9,v2
12484,exp5,Bistatic radar,object,0,object,object,True,0.9,v2
12497,exp5,Commissure,object,0,object,object,True,0.9,v2
12500,exp5,Systematic error,property,1,property,,False,0.9,v2
12513,exp5,Collective behavior,topic,0,topic,,False,0.9,v2
12524,exp5,Forensic entomology,topic,0,topic,,False,0.9,v2
12525,exp5,Scintillometer,object,0,object,method,False,0.9,v2
12526,exp5,Magnetic shape-memory alloy,object,0,object,object,True,0.9,v2
12537,exp5,Cubic graph,object,0,object,object,True,0.9,v2
12541,exp5,Metronome,object,0,object,object,True,0.9,v2
12550,exp5,Embodied cognition,topic,0,topic,,False,0.9,v2
12554,exp5,Background noise,property,1,property,,False,0.9,v2
12555,exp5,Cocrystal,object,0,object,object,True,0.9,v2
12561,exp5,Net profit,property,0,property,,False,0.9,v2
12590,exp5,Intracluster medium,object,0,object,object,True,0.9,v2
12595,exp5,Core self-evaluations,property,0,property,,False,0.9,v2
12603,exp5,Cinematography,topic,0,topic,,False,0.9,v2
12611,exp5,AMOLED,object,0,object,object,True,0.9,v2
12617,exp5,Acid-fast,object,0,object,object,True,0.9,v2
12620,exp5,MALDI imaging,method,0,method,method,True,0.9,v2
12628,exp5,Displacement current,property,1,property,,False,0.9,v2
12639,exp5,Imperialist competitive algorithm,method,0,method,method,True,1.0,v2
12646,exp5,LED lamp,object,0,object,object,True,1.0,v2
12647,exp5,Customer retention,topic,0,topic,,False,1.0,v2
12648,exp5,User-generated content,object,0,object,topic,False,1.0,v2
12670,exp5,Non-local means,method,0,method,method,True,1.0,v2
12671,exp5,Radar cross-section,property,0,property,,False,1.0,v2
12672,exp5,Modular design,method,0,method,property,False,1.0,v2
12674,exp5,Price discrimination,topic,0,topic,,False,1.0,v2
12675,exp5,Injection locking,method,0,method,property,False,1.0,v2
12679,exp5,Consignment,topic,0,topic,,False,1.0,v2
12680,exp5,Energy harvesting,topic,0,topic,,False,1.0,v2
12681,exp5,Organic Rankine cycle,method,0,method,method,True,1.0,v2
12699,exp5,Electrochromism,property,0,property,,False,1.0,v2
12702,exp5,CCL2,object,0,object,object,True,1.0,v2
12711,exp5,Random access,method,0,method,object,False,1.0,v2
12717,exp5,Communications system,object,0,object,object,True,1.0,v2
12720,exp5,Metabolic network,object,0,object,object,True,1.0,v2
12723,exp5,Betatron,object,0,object,object,True,1.0,v2
12741,exp5,Shotgun sequencing,method,0,method,method,True,1.0,v2
12744,exp5,Care work,topic,0,topic,,False,1.0,v2
12747,exp5,GATA3,object,0,object,object,True,1.0,v2
12764,exp5,Supergene (geology),object,0,object,object,True,1.0,v2
12770,exp5,Thermal conductivity measurement,method,0,method,method,True,1.0,v2
12772,exp5,Herd behavior,topic,0,topic,,False,1.0,v2
12788,exp5,Serial port,object,0,object,object,True,1.0,v2
12797,exp5,Chemical state,property,0,property,,False,1.0,v2
12804,exp5,Observational learning,topic,0,topic,,False,1.0,v2
12812,exp5,Carreau fluid,object,0,object,object,True,1.0,v2
12817,exp5,Pore water pressure,property,0,property,,False,1.0,v2
12826,exp5,Deubiquitinating enzyme,object,0,object,object,True,1.0,v2
12830,exp5,Cultural anthropology,topic,0,topic,,False,1.0,v2
12832,exp5,Ecological niche,object,0,object,property,False,1.0,v2
12836,exp5,Pulse shaping,method,0,method,method,True,1.0,v2
12849,exp5,Monaural,property,0,property,,False,1.0,v2
12853,exp5,Privacy policy,object,0,object,object,True,1.0,v2
12859,exp5,Diophantine approximation,topic,0,topic,,False,1.0,v2
12863,exp5,Elementary particle,object,0,object,object,True,1.0,v2
12869,exp5,Vascular endothelial growth factor C,object,0,object,object,True,1.0,v2
12881,exp5,Sigma-1 receptor,object,0,object,object,True,1.0,v2
12882,exp5,Scientific realism,topic,0,topic,,False,1.0,v2
12884,exp5,Investment strategy,topic,0,topic,,False,0.8,v2
12888,exp5,Ground effect (cars),object,0,object,property,False,0.9,v2
12890,exp5,Robotic surgery,topic,0,topic,,False,0.9,v2
12891,exp5,Exhaust gas recirculation,method,0,method,method,True,0.9,v2
12905,exp5,Flyback converter,object,0,object,object,True,0.9,v2
12908,exp5,Tunable diode laser absorption spectroscopy,method,0,method,method,True,0.9,v2
12916,exp5,Enteroendocrine cell,object,0,object,object,True,0.9,v2
12917,exp5,Prediction interval,property,0,property,,False,0.9,v2
12920,exp5,Transketolase,object,0,object,object,True,0.9,v2
12949,exp5,Drug repositioning,topic,0,topic,,False,0.9,v2
12959,exp5,Semantic grid,topic,0,topic,,False,0.9,v2
12973,exp5,Backhaul (telecommunications),object,0,object,object,True,0.9,v2
12975,exp5,Autofocus,method,0,method,method,True,0.9,v2
12979,exp5,Cumulative distribution function,object,1,object,property,False,0.9,v2
12991,exp5,Video quality,property,0,property,,False,0.9,v2
12998,exp5,Joint-stock company,object,0,object,object,True,0.9,v2
13002,exp5,Space exploration,topic,0,topic,,False,0.9,v2
13007,exp5,Ring oscillator,object,0,object,object,True,0.9,v2
13025,exp5,Companding,method,0,method,method,True,0.9,v2
13035,exp5,Figure–ground,property,0,property,,False,0.9,v2
13038,exp5,Silicon photomultiplier,object,0,object,object,True,1.0,v2
13044,exp5,Ameloblast,object,0,object,object,True,1.0,v2
13053,exp5,Digital soil mapping,topic,0,topic,,False,1.0,v2
13056,exp5,Displaced person,object,0,object,object,True,1.0,v2
13057,exp5,Triangular matrix,object,0,object,object,True,1.0,v2
13069,exp5,Ethnohistory,topic,0,topic,,False,1.0,v2
13099,exp5,Neprilysin,object,0,object,object,True,1.0,v2
13106,exp5,Eigenface,method,0,method,method,True,1.0,v2
13114,exp5,Breeding program,topic,0,topic,,False,1.0,v2
13132,exp5,Shallow trench isolation,object,0,object,object,True,1.0,v2
13140,exp5,Pseudoknot,object,0,object,object,True,1.0,v2
13146,exp5,Printmaking,topic,0,topic,,False,1.0,v2
13160,exp5,Fragment molecular orbital,method,0,method,method,True,1.0,v2
13166,exp5,Dynamic positioning,method,0,method,method,True,1.0,v2
13173,exp5,Bookkeeping,topic,0,topic,,False,1.0,v2
13179,exp5,Feed-in tariff,topic,0,topic,,False,1.0,v2
13187,exp5,Magnetic tweezers,method,0,method,method,True,1.0,v2
13193,exp5,Normal subgroup,object,0,object,object,True,1.0,v2
13197,exp5,Theta function,object,0,object,object,True,1.0,v2
13200,exp5,Neurovascular bundle,object,0,object,object,True,1.0,v2
13201,exp5,Ion acoustic wave,object,0,object,object,True,0.9,v2
13204,exp5,Spectral clustering,method,0,method,method,True,0.9,v2
13206,exp5,Drivetrain,object,0,object,object,True,0.9,v2
13217,exp5,STED microscopy,method,0,method,method,True,0.9,v2
13219,exp5,Rorschach test,method,0,method,method,True,0.9,v2
13224,exp5,Visual communication,topic,0,topic,,False,0.9,v2
13226,exp5,Contingency management,method,0,method,method,True,0.9,v2
13227,exp5,Air cooling,method,0,method,method,True,0.9,v2
13242,exp5,Ambidexterity,property,0,property,,False,0.9,v2
13246,exp5,Natural monopoly,topic,0,topic,,False,0.9,v2
13253,exp5,Dead reckoning,method,0,method,method,True,0.9,v2
13256,exp5,Pharmaceutical formulation,topic,0,topic,,False,0.9,v2
13258,exp5,Herd immunity,property,0,property,,False,0.9,v2
13259,exp5,Collinearity,property,0,property,,False,0.9,v2
13262,exp5,Genome-wide association study,method,0,method,method,True,0.9,v2
13269,exp5,Porting,method,0,method,method,True,0.9,v2
13313,exp5,FGF21,object,0,object,object,True,0.9,v2
13315,exp5,Glycomics,topic,0,topic,,False,0.9,v2
13329,exp5,Dielectrophoresis,method,0,method,method,True,0.9,v2
13359,exp5,Stream processing,method,0,method,method,True,0.9,v2
13375,exp5,Linear polarization,property,0,property,,False,0.9,v2
13380,exp5,r-process,topic,0,topic,,False,0.9,v2
13382,exp5,Mechanical energy,property,0,property,,False,0.9,v2
13388,exp5,WiBro,object,0,object,object,True,0.9,v2
13397,exp5,Steganalysis,topic,0,topic,,False,0.9,v2
13401,exp5,RNA-Seq,method,0,method,method,True,0.9,v2
13408,exp5,Smoothing spline,method,0,method,method,True,0.9,v2
13409,exp5,Induced pluripotent stem cell,object,0,object,object,True,0.9,v2
13416,exp5,Legal pluralism,topic,0,topic,,False,0.9,v2
13419,exp5,Aircraft maintenance,topic,0,topic,,False,0.9,v2
13422,exp5,Membrane lipids,object,0,object,object,True,0.9,v2
13425,exp5,Exemplification,topic,0,topic,,False,0.9,v2
13451,exp5,Wind direction,property,0,property,,False,0.9,v2
13454,exp5,PCAF,object,0,object,object,True,0.9,v2
13462,exp5,mTORC2,object,0,object,object,True,0.9,v2
13469,exp5,Anaphase-promoting complex,object,0,object,object,True,0.9,v2
13475,exp5,Kinetic inductance,property,0,property,,False,0.9,v2
13476,exp5,Slope stability analysis,method,0,method,method,True,0.9,v2
13481,exp5,Non-performing asset,object,0,object,object,True,0.9,v2
13490,exp5,Sorting algorithm,method,1,method,method,True,0.9,v2
13492,exp5,Strontium-90,object,0,object,object,True,0.97,v2
13499,exp5,Quantum spin liquid,object,0,object,object,True,0.97,v2
13501,exp5,Chemical reactor,object,0,object,object,True,0.97,v2
13504,exp5,Lepton number,property,0,property,,False,0.97,v2
13516,exp5,Religious experience,topic,0,topic,,False,0.97,v2
13517,exp5,Dry needling,method,0,method,topic,False,0.97,v2
13525,exp5,Organizational effectiveness,property,0,property,,False,0.97,v2
13530,exp5,Anti-reflective coating,object,0,object,object,True,0.97,v2
13531,exp5,Laguerre polynomials,object,0,object,object,True,0.97,v2
13538,exp5,High performance thin layer chromatography,method,0,method,method,True,0.97,v2
13552,exp5,Deep learning,method,0,method,topic,False,0.97,v2
13553,exp5,Fluctuation theorem,property,0,property,,False,0.97,v2
13566,exp5,Counterfactual thinking,topic,0,topic,,False,0.97,v2
13567,exp5,Solar fuel,object,0,object,object,True,0.97,v2
13576,exp5,Data synchronization,method,0,method,method,True,0.97,v2
13589,exp5,Steganography,method,0,method,method,True,0.97,v2
13626,exp5,Inverse synthetic aperture radar,method,0,method,method,True,0.97,v2
13627,exp5,Protein ligand,object,0,object,object,True,0.97,v2
13635,exp5,Warburg effect,property,0,property,,False,0.97,v2
13637,exp5,Haematopoiesis,property,0,property,,False,0.97,v2
13645,exp5,Pneumatic cylinder,object,0,object,object,True,1.0,v2
13659,exp5,Economic efficiency,property,0,property,,False,1.0,v2
13665,exp5,Geoinformatics,topic,0,topic,,False,1.0,v2
13671,exp5,Seismic interferometry,method,0,method,method,True,1.0,v2
13675,exp5,Homogeneous catalysis,method,0,method,topic,False,1.0,v2
13676,exp5,Electron beam-induced deposition,method,0,method,method,True,1.0,v2
13681,exp5,Flux qubit,object,0,object,object,True,1.0,v2
13687,exp5,Musical composition,topic,0,topic,,False,1.0,v2
13688,exp5,Behavioral economics,topic,0,topic,,False,1.0,v2
13690,exp5,Photoacoustic tomography,method,0,method,method,True,1.0,v2
13697,exp5,Affinity propagation,method,0,method,method,True,1.0,v2
13727,exp5,Genizah,object,0,object,object,True,1.0,v2
13728,exp5,Volcanology,topic,0,topic,,False,1.0,v2
13742,exp5,Proton-coupled electron transfer,method,0,method,topic,False,1.0,v2
13743,exp5,CCL3,object,0,object,object,True,1.0,v2
13748,exp5,Thrust fault,object,0,object,object,True,1.0,v2
13754,exp5,Battery electric vehicle,object,0,object,object,True,1.0,v2
13761,exp5,Injection molding machine,object,0,object,object,True,1.0,v2
13767,exp5,Dirichlet boundary condition,property,0,property,,False,1.0,v2
13778,exp5,Current conveyor,object,0,object,object,True,1.0,v2
13783,exp5,Ordinal regression,method,0,method,method,True,1.0,v2
13786,exp5,Stiction,property,0,property,,False,1.0,v2
13791,exp5,Metamaterial,object,0,object,object,True,1.0,v2
13795,exp5,J integral,method,0,method,method,True,1.0,v2
13798,exp5,Color temperature,property,0,property,,False,1.0,v2
13801,exp5,Building-integrated photovoltaics,object,0,object,object,True,1.0,v2
13803,exp5,Reverse cholesterol transport,topic,0,topic,,False,1.0,v2
13805,exp5,Stellar evolution,topic,0,topic,,False,1.0,v2
13813,exp5,Slow-wave sleep,property,0,property,,False,1.0,v2
13819,exp5,Real-time data,property,0,property,,False,1.0,v2
13821,exp5,Correlation dimension,method,0,method,property,False,1.0,v2
13830,exp5,Voltage regulator,object,0,object,object,True,1.0,v2
13845,exp5,Engineering optimization,method,0,method,topic,False,1.0,v2
13862,exp5,Next-generation network,topic,0,topic,,False,1.0,v2
13869,exp5,Butt welding,method,0,method,method,True,1.0,v2
13890,exp5,Rate equation,method,0,method,method,True,1.0,v2
13893,exp5,Sensor node,object,0,object,object,True,1.0,v2
13904,exp5,Minimal clinically important difference,property,0,property,,False,1.0,v2
13906,exp5,Business statistics,topic,0,topic,,False,1.0,v2
13907,exp5,Pattern recognition receptor,object,0,object,object,True,1.0,v2
13909,exp5,Value-added tax,topic,0,topic,,False,0.9,v2
13913,exp5,Hypocenter,object,0,object,property,False,0.9,v2
13914,exp5,Fluorescence anisotropy,method,0,method,property,False,0.9,v2
13920,exp5,Plackett–Burman design,method,0,method,method,True,0.9,v2
13931,exp5,Legendre polynomials,object,0,object,object,True,0.9,v2
13933,exp5,Seismic refraction,method,0,method,method,True,0.9,v2
13935,exp5,Moral responsibility,topic,0,topic,,False,0.9,v2
13961,exp5,CD22,object,0,object,object,True,0.9,v2
13967,exp5,Cognitivism (psychology),topic,0,topic,,False,0.9,v2
13970,exp5,Ultracold atom,object,0,object,object,True,0.9,v2
13976,exp5,Inclined plane,object,0,object,object,True,0.9,v2
13994,exp5,Early Christianity,topic,0,topic,,False,0.9,v2
14000,exp5,Quantum noise,property,0,property,,False,0.9,v2
14016,exp5,Pain catastrophizing,property,0,property,,False,0.9,v2
14022,exp5,RNA extraction,method,0,method,method,True,0.9,v2
14039,exp5,Arithmetic function,object,0,object,object,True,0.9,v2
14041,exp5,Active contour model,method,0,method,method,True,0.9,v2
14042,exp5,Iris recognition,method,0,method,method,True,0.9,v2
14052,exp5,Superhydrophobic coating,object,0,object,object,True,0.9,v2
14059,exp5,Prothrombinase,object,0,object,object,True,0.9,v2
14071,exp5,Periodic boundary conditions,method,0,method,method,True,0.9,v2
14073,exp5,Distributed parameter system,object,0,object,object,True,0.9,v2
14082,exp5,Choquet integral,method,0,method,method,True,0.9,v2
14085,exp5,Noise figure,property,0,property,,False,0.9,v2
14094,exp5,Hypervisor,object,0,object,object,True,0.9,v2
14095,exp5,Joint and several liability,property,0,property,,False,0.9,v2
14101,exp5,Green Revolution,topic,0,topic,,False,0.9,v2
14104,exp5,Surety,object,0,object,object,True,0.9,v2
14126,exp5,Motor coordination,property,0,property,,False,0.9,v2
14136,exp5,Contact tracing,method,0,method,method,True,0.9,v2
14142,exp5,Musicality,property,0,property,,False,0.9,v2
14149,exp5,Physicalism,topic,0,topic,,False,0.9,v2
14153,exp5,Ankyrin repeat,object,0,object,object,True,0.9,v2
14156,exp5,Replication protein A,object,0,object,object,True,0.9,v2
14165,exp5,Login,method,0,method,method,True,0.9,v2
14182,exp5,Marine conservation,topic,0,topic,,False,0.9,v2
14184,exp5,Prime number,object,1,object,object,True,0.9,v2
14188,exp5,Interpretative phenomenological analysis,method,0,method,method,True,0.9,v2
14195,exp5,Exclusive economic zone,object,0,object,object,True,0.9,v2
14205,exp5,Control rod,object,0,object,object,True,0.9,v2
14206,exp5,Coulomb barrier,property,0,property,,False,0.9,v2
14207,exp5,Nurse education,topic,0,topic,,False,0.9,v2
14209,exp5,Hartree–Fock method,method,0,method,method,True,0.9,v2
14216,exp5,Muck,object,0,object,object,True,0.9,v2
14217,exp5,Salt-and-pepper noise,object,0,object,property,False,0.9,v2
14233,exp5,Dyscrasia,object,0,object,object,True,0.9,v2
14244,exp5,Myrosinase,object,0,object,object,True,0.9,v2
14250,exp5,WiMAX,object,0,object,object,True,0.9,v2
14251,exp5,Timestamp,property,0,property,,False,0.9,v2
14253,exp5,Light sheet fluorescence microscopy,method,0,method,method,True,0.9,v2
14257,exp5,Protocell,object,0,object,object,True,0.9,v2
14264,exp5,Divergent thinking,method,0,method,method,True,0.9,v2
14268,exp5,Annual cycle,property,0,property,,False,0.9,v2
14270,exp5,Alcohol oxidation,method,0,method,method,True,0.9,v2
14274,exp5,Vacancy defect,object,0,object,object,True,0.9,v2
14276,exp5,Meaning of life,topic,0,topic,,False,0.9,v2
14277,exp5,Gate array,object,0,object,object,True,0.9,v2
14282,exp5,Fibroblast growth factor 23,object,0,object,object,True,0.9,v2
14284,exp5,Geophysical survey,method,0,method,method,True,0.9,v2
14286,exp5,Gross domestic product,property,0,property,,False,0.9,v2
14302,exp5,Balun,object,0,object,object,True,0.9,v2
14306,exp5,Foil bearing,object,0,object,object,True,0.9,v2
14319,exp5,Mucociliary clearance,property,0,property,,False,0.9,v2
14325,exp5,Social network analysis,method,0,method,method,True,0.9,v2
14329,exp5,Gross motor skill,property,0,property,,False,0.9,v2
14330,exp5,RANSAC,method,0,method,method,True,0.9,v2
14333,exp5,Intellectual history,topic,0,topic,,False,0.9,v2
14335,exp5,Flow network,object,0,object,object,True,0.9,v2
14336,exp5,Charge pump,object,0,object,object,True,0.9,v2
14349,exp5,Excitation–contraction coupling,property,0,property,,False,0.9,v2
14352,exp5,Signage,topic,0,topic,,False,0.9,v2
14357,exp5,Sick building syndrome,topic,0,topic,,False,0.9,v2
14385,exp5,"International Classification of Functioning, Disability and Health",object,0,object,object,True,0.9,v2
14402,exp5,European Union law,topic,0,topic,,False,0.9,v2
14404,exp5,Corrugated fiberboard,object,0,object,object,True,0.9,v2
14413,exp5,Resonant inverter,object,0,object,object,True,0.9,v2
14416,exp5,ERBB3,object,0,object,object,True,0.9,v2
14431,exp5,Soft sensor,object,0,object,method,False,0.9,v2
14434,exp5,Delta operator,object,0,object,method,False,0.9,v2
14435,exp5,Digital image correlation,method,0,method,method,True,0.9,v2
14453,exp5,Cohesin,object,0,object,object,True,0.98,v2
14468,exp5,Process optimization,topic,0,topic,,False,0.95,v2
14473,exp5,Ceramic capacitor,object,0,object,object,True,0.98,v2
14477,exp5,New institutional economics,topic,0,topic,,False,0.95,v2
14489,exp5,Language transfer,topic,0,topic,,False,0.95,v2
14502,exp5,GATA4,object,0,object,object,True,0.98,v2
14517,exp5,Organizational communication,topic,0,topic,,False,0.95,v2
14523,exp5,Photoplethysmogram,object,0,object,method,False,0.98,v2
14524,exp5,Shapefile,object,0,object,object,True,0.98,v2
14525,exp5,Material flow analysis,method,0,method,method,True,0.95,v2
14532,exp5,CCL5,object,0,object,object,True,0.98,v2
14534,exp5,Phycobiliprotein,object,0,object,object,True,0.98,v2
14540,exp5,Biobank,object,0,object,object,True,0.95,v2
14541,exp5,Ramjet,object,0,object,object,True,0.98,v2
14549,exp5,Mass fraction,property,0,property,,False,0.95,v2
14555,exp5,Physical system,object,0,object,object,True,0.95,v2
14558,exp5,Nitrogen-vacancy center,object,0,object,object,True,0.98,v2
14566,exp5,Disdrometer,object,0,object,method,False,0.98,v2
14567,exp5,Hydrophilic interaction chromatography,method,0,method,method,True,0.98,v2
14572,exp5,Toponymy,topic,0,topic,,False,0.95,v2
14573,exp5,Free base,object,0,object,object,True,0.9,v2
14579,exp5,Parabolic reflector,object,0,object,object,True,0.9,v2
14581,exp5,Real-time rendering,method,0,method,method,True,0.9,v2
14588,exp5,Facility management,topic,0,topic,,False,0.9,v2
14598,exp5,Construction management,topic,0,topic,,False,0.9,v2
14601,exp5,Thermoelectric generator,object,0,object,object,True,0.9,v2
14610,exp5,Aeroelasticity,topic,0,topic,,False,0.9,v2
14618,exp5,Cuckoo search,method,0,method,method,True,0.9,v2
14619,exp5,Technical analysis,method,0,method,method,True,0.9,v2
14627,exp5,Register file,object,0,object,object,True,0.9,v2
14636,exp5,Myokine,object,0,object,object,True,0.9,v2
14639,exp5,Viterbi decoder,method,0,method,method,True,0.9,v2
14640,exp5,Madden–Julian oscillation,object,0,object,object,True,0.9,v2
14646,exp5,Beneficence,property,0,property,,False,0.9,v2
14651,exp5,Co-occurrence matrix,method,0,method,method,True,0.9,v2
14655,exp5,Tsallis entropy,property,0,property,,False,0.9,v2
14657,exp5,Photorespiration,topic,0,topic,,False,0.9,v2
14658,exp5,Thermophotovoltaic,object,0,object,object,True,0.9,v2
14660,exp5,Multinomial logistic regression,method,0,method,method,True,0.9,v2
14663,exp5,Automatic target recognition,method,0,method,method,True,0.9,v2
14665,exp5,Ames test,method,0,method,method,True,1.0,v2
14667,exp5,Anaplastic lymphoma kinase,object,0,object,object,True,1.0,v2
14670,exp5,Criminal investigation,topic,0,topic,,False,1.0,v2
14673,exp5,IRF8,object,0,object,object,True,1.0,v2
14674,exp5,Epigenome,object,0,object,object,True,1.0,v2
14675,exp5,Polymer concrete,object,0,object,object,True,1.0,v2
14680,exp5,Sequence motif,object,0,object,object,True,1.0,v2
14686,exp5,Electronic media,topic,0,topic,,False,1.0,v2
14691,exp5,Stress granule,object,0,object,object,True,1.0,v2
14692,exp5,Local field potential,method,0,method,property,False,1.0,v2
14697,exp5,n-gram,object,0,object,method,False,1.0,v2
14708,exp5,Heat shield,object,0,object,object,True,1.0,v2
14715,exp5,Projection pursuit,method,0,method,method,True,1.0,v2
14716,exp5,Superhydrophilicity,property,0,property,,False,1.0,v2
14717,exp5,Emotional competence,property,0,property,,False,1.0,v2
14726,exp5,Anime,topic,0,topic,,False,1.0,v2
14732,exp5,Prehypertension,property,0,property,,False,1.0,v2
14740,exp5,Ratio estimator,method,0,method,method,True,1.0,v2
14745,exp5,Market timing,topic,0,topic,,False,1.0,v2
14749,exp5,Zero emission,property,0,property,,False,1.0,v2
14763,exp5,Epithelioid cell,object,0,object,object,True,0.9,v2
14776,exp5,Soft lithography,method,0,method,method,True,0.9,v2
14786,exp5,DNA origami,method,0,method,method,True,0.9,v2
14791,exp5,Solar simulator,object,0,object,object,True,0.9,v2
14800,exp5,Bell state,object,0,object,object,True,0.9,v2
14801,exp5,Color rendering index,property,0,property,,False,0.9,v2
14804,exp5,Q-switching,method,0,method,method,True,0.9,v2
14807,exp5,Bauschinger effect,property,0,property,,False,0.9,v2
14813,exp5,Sprocket,object,0,object,object,True,0.9,v2
14817,exp5,Accelerated aging,method,0,method,property,False,0.9,v2
14826,exp5,Technological convergence,topic,0,topic,,False,0.9,v2
14850,exp5,Indel,object,0,object,property,False,0.9,v2
14852,exp5,SWOT analysis,method,0,method,method,True,0.9,v2
14866,exp5,Rings of Saturn,object,0,object,object,True,0.9,v2
14878,exp5,Global-warming potential,property,0,property,,False,0.9,v2
14883,exp5,Cascading failure,property,0,property,,False,0.9,v2
14884,exp5,Solar tracker,object,0,object,object,True,0.9,v2
14885,exp5,Analysis of covariance,method,0,method,method,True,0.9,v2
14894,exp5,Silicon photonics,topic,0,topic,,False,0.9,v2
14905,exp5,Swarm intelligence,method,0,method,topic,False,0.9,v2
14912,exp5,Taylor–Couette flow,object,0,object,object,True,0.9,v2
14913,exp5,Wharton's jelly,object,0,object,object,True,0.9,v2
14915,exp5,Proportional representation,topic,0,topic,,False,0.9,v2
14918,exp5,Downwelling,object,0,object,property,False,0.9,v2
14929,exp5,Exposome,topic,0,topic,,False,0.9,v2
14939,exp5,History of China,topic,0,topic,,False,0.9,v2
14941,exp5,Second law of thermodynamics,property,1,property,,False,0.9,v2
14946,exp5,Aquaponics,object,0,object,topic,False,0.9,v2
14962,exp5,CD74,object,0,object,object,True,0.9,v2
14966,exp5,Chemical vapor infiltration,method,0,method,method,True,0.9,v2
14970,exp5,Polynomial regression,method,0,method,method,True,0.9,v2
14976,exp5,Discriminant validity,property,0,property,,False,0.9,v2
14977,exp5,Filler metal,object,0,object,object,True,0.9,v2
14983,exp5,Backflow,object,0,object,property,False,0.9,v2
14984,exp5,Euclidean distance,object,1,object,property,False,0.9,v2
14990,exp5,Gulf Stream,object,0,object,object,True,0.9,v2
15001,exp5,Fixed income,topic,0,topic,,False,0.9,v2
15004,exp5,Adomian decomposition method,method,0,method,method,True,0.9,v2
15008,exp5,Trigonometric series,object,1,object,object,True,0.9,v2
15015,exp5,Zero crossing,object,0,object,property,False,0.9,v2
15019,exp5,Primary energy,property,0,property,,False,0.9,v2
15021,exp5,Nature versus nurture,topic,0,topic,,False,0.9,v2
15043,exp5,Sericulture,topic,0,topic,,False,0.9,v2
15044,exp5,Multiplex ligation-dependent probe amplification,method,0,method,method,True,1.0,v2
15069,exp5,Fillet weld,method,0,method,method,True,1.0,v2
15070,exp5,Copy-number variation,property,0,property,,False,1.0,v2
15086,exp5,Absolute deviation,property,0,property,,False,1.0,v2
15090,exp5,Digital Earth,topic,0,topic,,False,0.9,v2
15092,exp5,Periodization,topic,0,topic,,False,0.9,v2
15104,exp5,Subrogation,topic,0,topic,,False,0.9,v2
15112,exp5,Detached eddy simulation,method,0,method,method,True,1.0,v2
15116,exp5,RFIC,object,0,object,object,True,1.0,v2
15124,exp5,Sustainable design,topic,0,topic,,False,0.9,v2
15125,exp5,Foreign-exchange reserves,property,0,property,,False,0.9,v2
15127,exp5,Convergent validity,property,0,property,,False,1.0,v2
15129,exp5,Health indicator,property,0,property,,False,0.9,v2
15133,exp5,Floer homology,method,0,method,method,True,1.0,v2
15135,exp5,Communications satellite,object,0,object,object,True,0.9,v2
15137,exp5,Regular expression,method,0,method,method,True,0.9,v2
15153,exp5,Spatial filter,method,0,method,object,False,1.0,v2
15163,exp5,Old-growth forest,object,0,object,object,True,0.9,v2
15176,exp5,Microbial inoculant,object,0,object,object,True,0.9,v2
15178,exp5,Computational aeroacoustics,method,0,method,topic,False,0.9,v2
15179,exp5,Activity recognition,topic,0,topic,,False,0.9,v2
15181,exp5,Immersed boundary method,method,0,method,method,True,0.9,v2
15186,exp5,Cyclin-dependent kinase 5,object,0,object,object,True,0.9,v2
15187,exp5,Harmonic balance,method,0,method,method,True,0.9,v2
15192,exp5,Evolutionary programming,method,0,method,method,True,0.9,v2
15201,exp5,Epigenomics,topic,0,topic,,False,0.9,v2
15202,exp5,Multiresolution analysis,method,0,method,method,True,0.9,v2
15209,exp5,Anycast,method,0,method,method,True,0.9,v2
15213,exp5,Bond energy,property,0,property,,False,0.9,v2
15218,exp5,SNP array,method,0,method,method,True,0.9,v2
15245,exp5,Kernel method,method,0,method,method,True,0.9,v2
15251,exp5,Ring network,object,0,object,object,True,0.9,v2
15252,exp5,Added mass,property,0,property,,False,0.9,v2
15265,exp5,Frequency spectrum,property,0,property,,False,0.9,v2
15272,exp5,Eye–hand coordination,property,0,property,,False,0.9,v2
15282,exp5,Mordant,object,0,object,object,True,0.9,v2
15283,exp5,Smoothed-particle hydrodynamics,method,0,method,method,True,0.9,v2
15289,exp5,Product-service system,topic,0,topic,,False,0.8,v2
15290,exp5,Misnomer,topic,0,topic,,False,0.8,v2
15303,exp5,Cyan,object,0,object,object,True,0.8,v2
15313,exp5,Interleukin 33,object,0,object,object,True,0.9,v2
15318,exp5,Low-impact development,topic,0,topic,,False,0.8,v2
15321,exp5,Non-homologous end joining,method,0,method,method,True,0.9,v2
15322,exp5,Four-bar linkage,object,0,object,object,True,0.8,v2
15325,exp5,Tap changer,object,0,object,object,True,0.8,v2
15335,exp5,Holarctic,topic,0,topic,,False,0.8,v2
15343,exp5,Seismic loading,property,0,property,,False,0.8,v2
15356,exp5,Maternal deprivation,topic,0,topic,,False,0.8,v2
15360,exp5,TRAF2,object,0,object,object,True,0.9,v2
15361,exp5,Bimolecular fluorescence complementation,method,0,method,method,True,0.9,v2
15363,exp5,Industrial heritage,topic,0,topic,,False,0.8,v2
15366,exp5,Multiferroics,object,0,object,object,True,0.9,v2
15367,exp5,Theory of reasoned action,topic,0,topic,,False,0.8,v2
15373,exp5,Open architecture,object,0,object,topic,False,0.8,v2
15375,exp5,Product market,topic,0,topic,,False,0.8,v2
15380,exp5,Part of speech,property,1,property,,False,0.8,v2
15385,exp5,Refractometry,method,0,method,method,True,0.8,v2
15396,exp5,Chilled water,object,0,object,object,True,0.9,v2
15406,exp5,Afterload,property,0,property,,False,0.9,v2
15410,exp5,Imidazoline receptor,object,0,object,object,True,0.9,v2
15411,exp5,Complex event processing,method,0,method,method,True,0.9,v2
15412,exp5,Cubic zirconia,object,0,object,object,True,0.9,v2
15425,exp5,Methanation,method,0,method,method,True,0.9,v2
15431,exp5,Network dynamics,topic,0,topic,,False,0.9,v2
15437,exp5,Edge coloring,method,0,method,property,False,0.9,v2
15449,exp5,Safety valve,object,0,object,object,True,0.9,v2
15459,exp5,Gerund,object,0,object,object,True,0.9,v2
15465,exp5,Scientific evidence,property,0,property,,False,0.9,v2
15467,exp5,Conspicuous consumption,topic,0,topic,,False,0.9,v2
15473,exp5,Damping ratio,property,0,property,,False,0.9,v2
15474,exp5,Iterated local search,method,0,method,method,True,0.9,v2
15475,exp5,Quantum circuit,object,0,object,object,True,0.9,v2
15476,exp5,Periodic table,object,1,object,object,True,0.9,v2
15477,exp5,ASK1,object,0,object,object,True,0.9,v2
15485,exp5,Switchover,method,0,method,method,True,0.9,v2
15489,exp5,Chemical process,topic,0,topic,,False,0.9,v2
15490,exp5,PAX8,object,0,object,object,True,0.9,v2
15493,exp5,Solitary confinement,object,0,object,topic,False,0.9,v2
15496,exp5,Hallucinogen,object,0,object,object,True,0.9,v2
15500,exp5,Fire test,method,0,method,method,True,0.9,v2
15502,exp5,Tree of life (biology),object,0,object,topic,False,0.9,v2
15508,exp5,Alarm signal,property,0,property,,False,0.9,v2
15514,exp5,Biomarker discovery,topic,0,topic,,False,0.9,v2
15520,exp5,Ficolin,object,0,object,object,True,0.9,v2
15521,exp5,Bond order,property,0,property,,False,0.9,v2
15528,exp5,Pneumatology,topic,0,topic,,False,0.9,v2
15529,exp5,Process mining,method,0,method,method,True,0.9,v2
15532,exp5,Paramagnetism,property,0,property,,False,0.9,v2
15536,exp5,Thallus,object,0,object,object,True,0.9,v2
15542,exp5,Macroblock,object,0,object,object,True,0.9,v2
15543,exp5,Compressed sensing,method,0,method,method,True,0.9,v2
15546,exp5,Cherenkov detector,object,0,object,object,True,0.9,v2
15550,exp5,Sovereign wealth fund,object,0,object,object,True,0.9,v2
15551,exp5,Meta-regression,method,0,method,method,True,0.9,v2
15565,exp5,Proof of concept,method,0,method,property,False,0.9,v2
15573,exp5,Adaptive learning,method,0,method,method,True,0.9,v2
15585,exp5,Getter,object,0,object,object,True,0.9,v2
15607,exp5,Protease-activated receptor 2,object,0,object,object,True,0.9,v2
15608,exp5,Level set method,method,0,method,method,True,0.9,v2
15613,exp5,Bone morphogenetic protein 7,object,0,object,object,True,0.9,v2
15619,exp5,Species complex,object,0,object,object,True,0.9,v2
15623,exp5,GATA6,object,0,object,object,True,0.9,v2
15633,exp5,Biological membrane,object,0,object,object,True,0.9,v2
15643,exp5,Pseudocapacitance,property,0,property,,False,0.9,v2
15648,exp5,Broadband networks,object,0,object,object,True,0.9,v2
15653,exp5,Waveplate,object,0,object,object,True,0.9,v2
15657,exp5,Gimbal,object,0,object,object,True,0.9,v2
15662,exp5,Braced frame,object,0,object,object,True,0.9,v2
15677,exp5,Spontaneous symmetry breaking,property,0,property,,False,0.9,v2
15681,exp5,Dividend payout ratio,property,0,property,,False,0.9,v2
15685,exp5,National Comorbidity Survey,object,0,object,object,True,0.9,v2
15691,exp5,EEG-fMRI,method,0,method,method,True,0.9,v2
15693,exp5,Costume design,topic,0,topic,,False,0.9,v2
15694,exp5,Hydrosphere,object,0,object,object,True,0.9,v2
15698,exp5,Detonator,object,0,object,object,True,0.9,v2
15705,exp5,Digital transformation,topic,0,topic,,False,0.9,v2
15712,exp5,Attentional control,property,0,property,,False,0.9,v2
15727,exp5,Coracoid,object,0,object,object,True,1.0,v2
15760,exp5,Targeted drug delivery,method,0,method,method,True,1.0,v2
15776,exp5,Teleconference,method,0,method,method,True,1.0,v2
15794,exp5,Mass concentration (chemistry),property,0,property,,False,1.0,v2
15809,exp5,Bandgap voltage reference,object,0,object,object,True,1.0,v2
15810,exp5,Megacity,object,0,object,object,True,1.0,v2
15815,exp5,PET-CT,method,0,method,method,True,1.0,v2
15821,exp5,Trend analysis,method,0,method,method,True,1.0,v2
15844,exp5,Beam bridge,object,0,object,object,True,1.0,v2
15846,exp5,Nanotoxicology,topic,0,topic,,False,1.0,v2
15847,exp5,Ambiguity aversion,property,0,property,,False,1.0,v2
15853,exp5,Cobble,object,0,object,object,True,1.0,v2
15859,exp5,Electromotive force,property,0,property,,False,1.0,v2
15893,exp5,Mean curvature flow,method,0,method,object,False,1.0,v2
15897,exp5,IDH1,object,0,object,object,True,1.0,v2
15904,exp5,PTX3,object,0,object,object,True,1.0,v2
15906,exp5,Penstock,object,0,object,object,True,1.0,v2
15913,exp5,Pannexin,object,0,object,object,True,1.0,v2
15921,exp5,Laminated veneer lumber,object,0,object,object,True,1.0,v2
15929,exp5,Infinitive,object,0,object,property,False,1.0,v2
15941,exp5,Bending stiffness,property,0,property,,False,0.9,v2
15951,exp5,Uniaxial crystal,object,0,object,object,True,0.9,v2
15952,exp5,Austempering,method,0,method,method,True,0.9,v2
15963,exp5,Nanocages,object,0,object,object,True,0.9,v2
15965,exp5,Anthropocene,topic,0,topic,,False,0.9,v2
15974,exp5,TRPC6,object,0,object,object,True,0.9,v2
15976,exp5,Thermoelectric cooling,method,0,method,method,True,0.9,v2
15978,exp5,Kabbalah,topic,0,topic,,False,0.9,v2
15989,exp5,COBOL,object,0,object,object,True,0.9,v2
15991,exp5,Authenticated encryption,method,0,method,method,True,0.9,v2
15992,exp5,Symmetric group,object,0,object,object,True,0.9,v2
16015,exp5,Symbolic interactionism,topic,0,topic,,False,0.9,v2
16019,exp5,Proton pump,object,0,object,object,True,0.9,v2
16022,exp5,Topological insulator,object,0,object,object,True,0.9,v2
16023,exp5,Belief revision,method,0,method,method,True,0.9,v2
16024,exp5,Register allocation,method,0,method,method,True,0.9,v2
16026,exp5,Test case,object,0,object,object,True,0.9,v2
16034,exp5,Polyphony,topic,0,topic,,False,0.9,v2
16036,exp5,Mechanoluminescence,property,0,property,,False,0.9,v2
16040,exp5,Strategic alignment,property,0,property,,False,0.9,v2
16041,exp5,CCR1,object,0,object,object,True,1.0,v2
16045,exp5,Path length,property,0,property,,False,1.0,v2
16067,exp5,Gear pump,object,0,object,object,True,1.0,v2
16070,exp5,Cash crop,topic,0,topic,,False,1.0,v2
16071,exp5,Disaster recovery,topic,0,topic,,False,1.0,v2
16072,exp5,Food group,object,0,object,object,True,1.0,v2
16089,exp5,Beta defensin,object,0,object,object,True,1.0,v2
16095,exp5,MMP1,object,0,object,object,True,1.0,v2
16099,exp5,State variable,property,0,property,,False,1.0,v2
16106,exp5,Betti number,property,0,property,,False,1.0,v2
16125,exp5,Icy moon,object,0,object,object,True,1.0,v2
16134,exp5,Chebyshev polynomials,object,0,object,object,True,1.0,v2
16139,exp5,Granger causality,method,0,method,method,True,1.0,v2
16141,exp5,Quadratic equation,object,1,object,object,True,1.0,v2
16142,exp5,Sample size determination,method,0,method,method,True,1.0,v2
16143,exp5,Gray code,object,0,object,method,False,1.0,v2
16146,exp5,Diesel particulate filter,object,0,object,object,True,1.0,v2
16149,exp5,Clock synchronization,method,0,method,topic,False,1.0,v2
16158,exp5,Phosphorescent organic light-emitting diode,object,0,object,object,True,1.0,v2
16159,exp5,Bernoulli number,property,0,property,,False,1.0,v2
16160,exp5,Small area estimation,method,0,method,method,True,1.0,v2
16161,exp5,Extracellular polymeric substance,object,0,object,object,True,1.0,v2
16173,exp5,Social relation,object,0,object,property,False,1.0,v2
16188,exp5,Natural bond orbital,method,0,method,property,False,1.0,v2
16195,exp5,Nusselt number,property,0,property,,False,1.0,v2
16197,exp5,Peroxisome proliferator-activated receptor gamma,object,0,object,object,True,1.0,v2
16198,exp5,Packing problems,topic,0,topic,,False,1.0,v2
16199,exp5,Figure of merit,property,0,property,,False,1.0,v2
16203,exp5,Semantic similarity,method,0,method,property,False,1.0,v2
16217,exp5,Optical vortex,object,0,object,object,True,1.0,v2
16222,exp5,Conflation,topic,0,topic,,False,1.0,v2
16223,exp5,Longwall mining,topic,0,topic,,False,1.0,v2
16226,exp5,Arithmetic progression,object,1,object,object,True,1.0,v2
16252,exp5,Coarticulation,property,0,property,,False,1.0,v2
16253,exp5,Financial analysis,topic,0,topic,,False,1.0,v2
16260,exp5,Functional near-infrared spectroscopy,method,0,method,method,True,1.0,v2
16274,exp5,Posterior teeth,object,0,object,object,True,1.0,v2
16277,exp5,Supramolecular polymers,object,0,object,object,True,1.0,v2
16280,exp5,MIMO-OFDM,object,0,object,object,True,1.0,v2
16281,exp5,Gene–environment interaction,property,0,property,,False,1.0,v2
16285,exp5,Root cause analysis,method,0,method,method,True,1.0,v2
16299,exp5,Gas compressor,object,0,object,object,True,1.0,v2
16301,exp5,Linear prediction,method,0,method,method,True,1.0,v2
16306,exp5,Chemical ecology,topic,0,topic,,False,1.0,v2
16307,exp5,Thermodynamic equilibrium,property,0,property,,False,1.0,v2
16308,exp5,Social influence,property,0,property,,False,1.0,v2
16321,exp5,F-box protein,object,0,object,object,True,1.0,v2
16323,exp5,Operating temperature,property,0,property,,False,1.0,v2
16326,exp5,Orthotropic material,object,0,object,object,True,1.0,v2
16334,exp5,Photosynthetically active radiation,property,0,property,,False,1.0,v2
16335,exp5,Reconfigurable antenna,object,0,object,object,True,1.0,v2
16346,exp5,Ethnomusicology,topic,0,topic,,False,1.0,v2
16349,exp5,Voice coil,object,0,object,object,True,1.0,v2
16354,exp5,Trading strategy,method,0,method,method,True,1.0,v2
16356,exp5,Syllogism,object,0,object,method,False,1.0,v2
16363,exp5,Surrogate model,method,0,method,method,True,1.0,v2
16366,exp5,Group action,object,0,object,property,False,1.0,v2
16367,exp5,Curvelet,method,0,method,method,True,1.0,v2
16373,exp5,Drift velocity,property,0,property,,False,1.0,v2
16387,exp5,Intraspecific competition,property,0,property,,False,1.0,v2
16391,exp5,Dark state,object,0,object,object,True,0.9,v2
16393,exp5,Air separation,method,0,method,method,True,0.9,v2
16399,exp5,Point cloud,object,0,object,object,True,0.9,v2
16404,exp5,Frugivore,object,0,object,object,True,0.9,v2
16420,exp5,Semilattice,object,0,object,object,True,0.9,v2
16423,exp5,Decarbonylation,method,0,method,method,True,0.9,v2
16432,exp5,Duffing equation,object,0,object,property,False,0.9,v2
16434,exp5,Obstacle problem,object,0,object,property,False,0.9,v2
16439,exp5,Contrast ratio,property,0,property,,False,0.9,v2
16440,exp5,Cas9,object,0,object,object,True,0.9,v2
16443,exp5,Flow chemistry,method,0,method,method,True,0.9,v2
16444,exp5,Mobile genetic elements,object,0,object,object,True,0.9,v2
16447,exp5,Electrochemical cell,object,0,object,object,True,0.9,v2
16449,exp5,Aerodynamic force,property,0,property,,False,0.9,v2
16450,exp5,Treewidth,object,0,object,property,False,0.9,v2
16452,exp5,Saltwater intrusion,property,0,property,,False,0.9,v2
16461,exp5,Complex projective space,object,0,object,object,True,0.9,v2
16489,exp5,Power-line communication,method,0,method,method,True,0.9,v2
16492,exp5,HEC-HMS,object,0,object,method,False,0.9,v2
16493,exp5,Deep sequencing,method,0,method,method,True,0.9,v2
16498,exp5,Raw data,object,1,object,object,True,0.9,v2
16500,exp5,Vector autoregression,method,0,method,method,True,1.0,v2
16508,exp5,Tidewater,object,0,object,object,True,0.8,v2
16515,exp5,Exercise physiology,topic,0,topic,,False,1.0,v2
16523,exp5,Live attenuated influenza vaccine,object,0,object,object,True,1.0,v2
16526,exp5,Nanomechanics,topic,0,topic,,False,1.0,v2
16529,exp5,Coronagraph,object,0,object,object,True,1.0,v2
16542,exp5,Vickers hardness test,method,0,method,method,True,1.0,v2
16546,exp5,Price–earnings ratio,property,0,property,,False,1.0,v2
16550,exp5,Outdoor education,topic,0,topic,,False,1.0,v2
16560,exp5,Scalable Video Coding,method,0,method,method,True,1.0,v2
16573,exp5,Anderson localization,property,0,property,,False,1.0,v2
16579,exp5,Exponential smoothing,method,1,method,method,True,0.9,v2
16580,exp5,ROCK1,object,0,object,object,True,1.0,v2
16616,exp5,Incivility,property,0,property,,False,1.0,v2
16618,exp5,Classicism,topic,0,topic,,False,1.0,v2
16639,exp5,Stereocenter,property,0,property,,False,1.0,v2
16643,exp5,Cadastre,object,0,object,object,True,1.0,v2
16645,exp5,Professional association,object,0,object,object,True,1.0,v2
16653,exp5,Disc brake,object,0,object,object,True,1.0,v2
16654,exp5,Backplane,object,0,object,object,True,0.9,v2
16657,exp5,Transactional memory,method,0,method,method,True,0.9,v2
16662,exp5,Chromatin immunoprecipitation,method,0,method,method,True,1.0,v2
16666,exp5,Probabilistic neural network,method,0,method,method,True,0.9,v2
16673,exp5,Nanogel,object,0,object,object,True,0.9,v2
16677,exp5,Association mapping,method,0,method,method,True,1.0,v2
16678,exp5,Boolean network,object,0,object,object,True,0.9,v2
16679,exp5,Expediting,topic,0,topic,,False,0.8,v2
16684,exp5,MDA5,object,0,object,object,True,1.0,v2
16689,exp5,Electron capture detector,method,0,method,object,False,0.9,v2
16692,exp5,Seismic risk,property,0,property,,False,0.9,v2
16710,exp5,Folk culture,topic,0,topic,,False,0.9,v2
16713,exp5,Frequency allocation,topic,0,topic,,False,0.9,v2
16729,exp5,Multi-document summarization,method,0,method,method,True,0.9,v2
16734,exp5,Dynactin,object,0,object,object,True,1.0,v2
16745,exp5,Comparative education,topic,0,topic,,False,0.9,v2
16747,exp5,Lookup table,object,0,object,method,False,0.9,v2
16755,exp5,Neutrophil extracellular traps,object,0,object,object,True,1.0,v2
16760,exp5,Autosome,object,0,object,object,True,1.0,v2
16774,exp5,Fast multipole method,method,0,method,method,True,0.9,v2
16776,exp5,Offset printing,method,0,method,method,True,0.9,v2
16784,exp5,Motor soft starter,object,0,object,object,True,0.9,v2
16785,exp5,Domain-specific language,object,0,object,method,False,0.9,v2
16788,exp5,Work systems,topic,0,topic,,False,0.9,v2
16793,exp5,Retroreflector,object,0,object,object,True,0.9,v2
16794,exp5,Libertarianism,topic,0,topic,,False,0.9,v2
16798,exp5,Technical standard,object,0,object,property,False,0.9,v2
16802,exp5,Dross,object,0,object,object,True,0.9,v2
16803,exp5,Heliostat,object,0,object,object,True,0.9,v2
16806,exp5,Cold seep,object,0,object,object,True,0.9,v2
16810,exp5,Performance indicator,property,0,property,,False,0.9,v2
16812,exp5,Key-agreement protocol,method,0,method,method,True,0.9,v2
16817,exp5,Wind shear,property,0,property,,False,0.9,v2
16819,exp5,Beam propagation method,method,0,method,method,True,0.9,v2
16821,exp5,CXCL16,object,0,object,object,True,0.9,v2
16822,exp5,Mockup,object,0,object,object,True,0.9,v2
16833,exp5,Analytic philosophy,topic,0,topic,,False,0.9,v2
16860,exp5,Evolutionary ecology,topic,0,topic,,False,0.9,v2
16863,exp5,Metabolome,object,0,object,object,True,0.9,v2
16865,exp5,Induction furnace,object,0,object,object,True,0.9,v2
16866,exp5,Demographic dividend,property,0,property,,False,0.9,v2
16892,exp5,Harpsichord,object,0,object,object,True,1.0,v2
16893,exp5,Emotional labor,property,0,property,,False,0.9,v2
16904,exp5,Integument,object,0,object,object,True,0.9,v2
16915,exp5,Traction motor,object,0,object,object,True,0.9,v2
16916,exp5,Singular spectrum analysis,method,0,method,method,True,0.9,v2
16920,exp5,Stem cell marker,object,0,object,property,False,0.9,v2
16928,exp5,Halo orbit,object,0,object,object,True,0.9,v2
16933,exp5,Combine harvester,object,0,object,object,True,0.9,v2
16944,exp5,Microteaching,method,0,method,method,True,0.9,v2
16949,exp5,Brittleness,property,0,property,,False,0.9,v2
16952,exp5,Arduino,object,0,object,object,True,0.9,v2
16962,exp5,Undersampling,method,0,method,method,True,0.9,v2
16971,exp5,Mirror neuron,object,0,object,object,True,0.9,v2
16980,exp5,Electrolytic cell,object,0,object,object,True,0.9,v2
16984,exp5,Bitstream,object,0,object,object,True,0.9,v2
16992,exp5,Framing effect,property,0,property,,False,0.9,v2
16995,exp5,Range query (database),method,0,method,method,True,0.9,v2
17008,exp5,Deformable mirror,object,0,object,object,True,0.9,v2
17009,exp5,Gabor wavelet,method,0,method,method,True,0.9,v2
17011,exp5,Resocialization,topic,0,topic,,False,0.8,v2
17013,exp5,GDF15,object,0,object,object,True,0.9,v2
17016,exp5,Histogram equalization,method,0,method,method,True,0.9,v2
17021,exp5,Historicity (philosophy),topic,0,topic,,False,0.8,v2
17030,exp5,Quantum algorithm,method,0,method,method,True,0.9,v2
17044,exp5,Psychological resilience,property,0,property,,False,0.9,v2
17052,exp5,Phycoerythrin,object,0,object,object,True,0.9,v2
17053,exp5,Spectral efficiency,property,0,property,,False,0.9,v2
17058,exp5,Non-covalent interactions,property,0,property,,False,0.9,v2
17061,exp5,Language model,method,0,method,method,True,0.9,v2
17066,exp5,Lean manufacturing,topic,0,topic,,False,0.9,v2
17070,exp5,Recursive partitioning,method,0,method,method,True,0.9,v2
17083,exp5,Cold fusion,topic,0,topic,,False,0.8,v2
17092,exp5,Erasure code,method,0,method,method,True,0.9,v2
17126,exp5,Audit committee,object,0,object,object,True,0.9,v2
17149,exp5,Joint attention,property,0,property,,False,0.9,v2
17150,exp5,Biopsychosocial model,topic,0,topic,,False,0.9,v2
17158,exp5,Fecal bacteriotherapy,method,0,method,method,True,0.9,v2
17185,exp5,Issuer,object,0,object,object,True,0.9,v2
17186,exp5,Clastic rock,object,0,object,object,True,0.9,v2
17190,exp5,Two-component regulatory system,object,0,object,object,True,0.9,v2
17193,exp5,Frequency comb,object,0,object,object,True,0.9,v2
17195,exp5,Shearography,method,0,method,method,True,0.9,v2
17197,exp5,Pressurizer,object,0,object,object,True,0.9,v2
17198,exp5,Net income,property,0,property,,False,0.9,v2
17201,exp5,Global citizenship,topic,0,topic,,False,0.9,v2
17205,exp5,Tuyere,object,0,object,object,True,0.9,v2
17210,exp5,Distributivity,property,0,property,,False,0.9,v2
17217,exp5,SIRT3,object,0,object,object,True,0.9,v2
17222,exp5,Energetic neutral atom,object,0,object,object,True,0.9,v2
17223,exp5,Panopticon,object,0,object,object,True,0.9,v2
17226,exp5,Genetic distance,property,0,property,,False,0.9,v2
17237,exp5,Pharmaceutics,topic,0,topic,,False,0.9,v2
17258,exp5,Amniotic epithelial cells,object,0,object,object,True,0.9,v2
17262,exp5,Steam explosion,method,0,method,property,False,0.9,v2
17269,exp5,Link adaptation,method,0,method,method,True,0.9,v2
17271,exp5,Lab-on-a-chip,object,0,object,object,True,0.9,v2
17277,exp5,Plasma renin activity,method,0,method,method,True,0.9,v2
17278,exp5,Cloaca,object,0,object,object,True,0.9,v2
17291,exp5,Job design,topic,0,topic,,False,0.9,v2
17293,exp5,Food additive,object,0,object,object,True,0.9,v2
17294,exp5,Beach nourishment,method,0,method,method,True,0.9,v2
17296,exp5,Binary pulsar,object,0,object,object,True,0.9,v2
17301,exp5,Entropic force,property,0,property,,False,0.9,v2
17318,exp5,Quantum discord,property,0,property,,False,0.9,v2
17333,exp5,Interoperation,topic,0,topic,,False,0.9,v2
17339,exp5,Computational intelligence,topic,0,topic,,False,0.9,v2
17356,exp5,Economic Justice,topic,0,topic,,False,0.9,v2
17357,exp5,LRP1,object,0,object,object,True,0.9,v2
17364,exp5,Steel plate shear wall,object,0,object,object,True,0.9,v2
17365,exp5,Recombinase Polymerase Amplification,method,0,method,method,True,0.9,v2
17370,exp5,Shadow price,property,0,property,,False,0.9,v2
17371,exp5,Sales management,topic,0,topic,,False,0.9,v2
17375,exp5,Optical illusion,object,0,object,property,False,0.9,v2
17382,exp5,Surface-enhanced laser desorption/ionization,method,0,method,method,True,0.9,v2
17383,exp5,Law of the iterated logarithm,property,0,property,,False,0.9,v2
17389,exp5,Network simulation,method,0,method,method,True,0.9,v2
17393,exp5,Caspase 1,object,0,object,object,True,0.9,v2
17402,exp5,Aharonov–Bohm effect,object,0,object,property,False,0.9,v2
17413,exp5,Quantum walk,method,0,method,method,True,0.9,v2
17421,exp5,Window function,method,0,method,method,True,0.9,v2
17423,exp5,Conservation agriculture,topic,0,topic,,False,0.9,v2
17424,exp5,Pyruvate carboxylase,object,0,object,object,True,0.9,v2
17427,exp5,FOXO1,object,0,object,object,True,0.9,v2
17434,exp5,Lorentz force,property,0,property,,False,0.9,v2
17435,exp5,English grammar,topic,0,topic,,False,0.9,v2
17438,exp5,Wire bonding,method,0,method,method,True,0.9,v2
17454,exp5,Classical test theory,topic,0,topic,,False,0.9,v2
17463,exp5,Low-dropout regulator,object,0,object,object,True,0.9,v2
17468,exp5,Spectral radius,property,0,property,,False,0.9,v2
17472,exp5,OpenSees,object,0,object,method,False,0.9,v2
17474,exp5,Lagrangian point,object,0,object,object,True,0.9,v2
17477,exp5,Pseudorandom number generator,method,0,method,method,True,0.9,v2
17484,exp5,Incertae sedis,topic,0,topic,,False,0.9,v2
17490,exp5,Magnetic particle imaging,method,0,method,method,True,0.9,v2
17500,exp5,Graphene nanoribbons,object,0,object,object,True,0.9,v2
17511,exp5,Myoepithelial cell,object,0,object,object,True,0.9,v2
17520,exp5,Blueschist,object,0,object,object,True,0.9,v2
17526,exp5,Podosome,object,0,object,object,True,0.9,v2
17533,exp5,Multiscale modeling,method,0,method,topic,False,0.9,v2
17541,exp5,Superresolution,method,0,method,method,True,0.9,v2
17546,exp5,Depth map,object,0,object,object,True,0.9,v2
17550,exp5,Optofluidics,topic,0,topic,,False,0.9,v2
17552,exp5,Octree,object,0,object,method,False,0.9,v2
17556,exp5,Zooarchaeology,topic,0,topic,,False,0.9,v2
17558,exp5,Surrogate endpoint,property,0,property,,False,0.9,v2
17564,exp5,Iterative reconstruction,method,0,method,method,True,0.9,v2
17567,exp5,AdaBoost,method,0,method,method,True,0.9,v2
17577,exp5,MUTYH,object,0,object,object,True,0.9,v2
17580,exp5,Default mode network,object,0,object,object,True,0.9,v2
17590,exp5,Game reserve,object,0,object,object,True,0.9,v2
17594,exp5,Sense of agency,property,0,property,,False,0.9,v2
17600,exp5,Energy recovery,topic,0,topic,,False,0.9,v2
17609,exp5,DNA barcoding,method,0,method,method,True,0.9,v2
17632,exp5,Hausdorff distance,method,0,method,property,False,0.9,v2
17637,exp5,Aurora B kinase,object,0,object,object,True,0.9,v2
17647,exp5,Virtual economy,topic,0,topic,,False,0.9,v2
17657,exp5,Self-medication,topic,0,topic,,False,0.9,v2
17711,exp5,Peridynamics,method,0,method,method,True,0.9,v2
17721,exp5,Transmetalation,method,0,method,method,True,0.9,v2
17724,exp5,Sea-surface height,property,0,property,,False,0.9,v2
17730,exp5,CYP17A1,object,0,object,object,True,0.9,v2
17734,exp5,Westerlies,object,1,object,object,True,0.9,v2
17735,exp5,Doppler effect,property,1,property,,False,0.9,v2
17740,exp5,Design thinking,topic,0,topic,,False,0.9,v2
17746,exp5,Social status,property,0,property,,False,0.9,v2
17753,exp5,Neutron imaging,method,0,method,method,True,0.9,v2
17757,exp5,Color superconductivity,property,0,property,,False,0.9,v2
17758,exp5,Proactivity,property,0,property,,False,0.9,v2
17764,exp5,Metalanguage,object,0,object,property,False,0.9,v2
17772,exp5,Emotional expression,property,0,property,,False,0.9,v2
17773,exp5,Microbiome,object,0,object,object,True,0.9,v2
17781,exp5,CCL17,object,0,object,object,True,0.9,v2
17783,exp5,Deblocking filter,method,0,method,method,True,0.9,v2
17786,exp5,Technology management,topic,0,topic,,False,0.9,v2
17792,exp5,Microblogging,topic,0,topic,,False,0.9,v2
17803,exp5,Bilayer graphene,object,0,object,object,True,0.9,v2
17830,exp5,Sleep spindle,object,0,object,object,True,0.9,v2
17835,exp5,Episteme,property,0,property,,False,0.9,v2
17843,exp5,Goldbach's conjecture,property,0,property,,False,0.9,v2
17855,exp5,Music theory,topic,0,topic,,False,0.9,v2
17857,exp5,Superimposition,method,0,method,method,True,0.8,v2
17858,exp5,ESCRT,object,0,object,object,True,0.9,v2
17866,exp5,Acid-sensing ion channel,object,0,object,object,True,0.9,v2
17870,exp5,Embryoid body,object,0,object,object,True,0.9,v2
17873,exp5,Thermionic emission,property,0,property,,False,0.8,v2
17879,exp5,Stray light,property,0,property,,False,0.8,v2
17886,exp5,Service discovery,method,0,method,method,True,0.9,v2
17893,exp5,Insulin-like growth factor 1 receptor,object,0,object,object,True,0.9,v2
17899,exp5,Design education,topic,0,topic,,False,0.9,v2
17907,exp5,Protein domain,object,0,object,object,True,0.9,v2
17911,exp5,Unit root test,method,0,method,method,True,0.9,v2
17914,exp5,Computerized adaptive testing,method,0,method,method,True,0.9,v2
17916,exp5,Periodontology,topic,0,topic,,False,0.9,v2
17931,exp5,Mixed finite element method,method,0,method,method,True,0.9,v2
17937,exp5,Genome editing,method,0,method,method,True,0.9,v2
17948,exp5,Systemic risk,property,0,property,,False,0.9,v2
17953,exp5,Autocracy,topic,0,topic,,False,0.9,v2
17966,exp5,Biclustering,method,0,method,method,True,0.9,v2
17988,exp5,Eco-efficiency,topic,0,topic,,False,0.9,v2
17990,exp5,Hyperbola,object,0,object,object,True,0.9,v2
17992,exp5,microRNA,object,0,object,object,True,1.0,v2
17993,exp5,Dynamic bandwidth allocation,method,0,method,method,True,1.0,v2
18000,exp5,Economic cost,property,0,property,,False,1.0,v2
18002,exp5,Xeon,object,0,object,object,True,1.0,v2
18011,exp5,Endoreduplication,property,0,property,,False,1.0,v2
18014,exp5,Diazotroph,object,0,object,property,False,1.0,v2
18015,exp5,Aerodynamic drag,property,0,property,,False,1.0,v2
18017,exp5,Stille reaction,method,0,method,method,True,1.0,v2
18018,exp5,Binary opposition,property,0,property,,False,1.0,v2
18021,exp5,Genome engineering,method,0,method,method,True,1.0,v2
18028,exp5,Diffuse optical imaging,method,0,method,method,True,1.0,v2
18030,exp5,Exception handling,method,0,method,method,True,1.0,v2
18036,exp5,Retromer,object,0,object,object,True,1.0,v2
18037,exp5,Human–robot interaction,topic,0,topic,,False,1.0,v2
18045,exp5,Traction substation,object,0,object,object,True,1.0,v2
18077,exp5,Proteogenomics,topic,0,topic,,False,1.0,v2
18078,exp5,Handicraft,topic,0,topic,,False,1.0,v2
18083,exp5,Biharmonic equation,object,0,object,object,True,1.0,v2
18090,exp5,Least squares support vector machine,method,0,method,method,True,1.0,v2
18091,exp5,Smoothened,object,0,object,object,True,0.9,v2
18094,exp5,Yeast extract,object,0,object,object,True,0.9,v2
18095,exp5,Galois module,object,0,object,object,True,0.9,v2
18099,exp5,Dual quaternion,object,0,object,object,True,0.9,v2
18124,exp5,Structure from motion,method,0,method,method,True,0.9,v2
18127,exp5,Plasmoid,object,0,object,object,True,0.9,v2
18131,exp5,Disaccharidase,object,0,object,object,True,0.9,v2
18138,exp5,PLK1,object,0,object,object,True,0.9,v2
18139,exp5,Vascular endothelial growth factor A,object,0,object,object,True,0.9,v2
18140,exp5,MEF2C,object,0,object,object,True,0.9,v2
18141,exp5,Frame analysis,method,0,method,method,True,0.9,v2
18148,exp5,Directed graph,object,0,object,object,True,0.9,v2
18153,exp5,Swaging,method,0,method,method,True,0.9,v2
18163,exp5,Exoskeleton,object,0,object,object,True,0.9,v2
18169,exp5,Linear dichroism,property,0,property,,False,0.9,v2
18177,exp5,Dominating set,object,0,object,object,True,0.9,v2
18188,exp5,FGF10,object,0,object,object,True,0.9,v2
18197,exp5,Axial piston pump,object,0,object,object,True,0.9,v2
18203,exp5,Ground truth,property,0,property,,False,0.9,v2
18204,exp5,Self-determination theory,topic,0,topic,,False,0.9,v2
18209,exp5,Homochirality,property,0,property,,False,0.9,v2
18215,exp5,Biotic stress,topic,0,topic,,False,0.9,v2
18217,exp5,Volcanic hazards,topic,0,topic,,False,0.9,v2
18225,exp5,External auditor,object,0,object,object,True,0.9,v2
18246,exp5,Bloom filter,object,0,object,method,False,0.9,v2
18248,exp5,Business value,property,0,property,,False,0.9,v2
18249,exp5,Gauge symmetry,property,0,property,,False,0.9,v2
18259,exp5,Frond,object,0,object,object,True,0.9,v2
18280,exp5,Tomosynthesis,method,0,method,method,True,0.9,v2
18282,exp5,Food spoilage,topic,0,topic,,False,0.9,v2
18295,exp5,Scrum,method,0,method,method,True,0.9,v2
18296,exp5,Extreme value theory,method,0,method,method,True,0.9,v2
18301,exp5,Data grid,object,0,object,object,True,0.9,v2
18307,exp5,Actor–network theory,topic,0,topic,,False,0.9,v2
18319,exp5,Slamming,topic,0,topic,,False,0.9,v2
18331,exp5,Institutional theory,topic,0,topic,,False,0.9,v2
18348,exp5,Unit testing,method,0,method,method,True,0.9,v2
18352,exp5,Channel state information,property,0,property,,False,0.9,v2
18376,exp5,Datalog,object,0,object,method,False,0.9,v2
18378,exp5,Clinical nutrition,topic,0,topic,,False,0.9,v2
18381,exp5,Event horizon,object,0,object,object,True,1.0,v2
18383,exp5,Correspondence analysis,method,0,method,method,True,1.0,v2
18394,exp5,FOXA2,object,0,object,object,True,1.0,v2
18396,exp5,Group signature,object,0,object,method,False,1.0,v2
18397,exp5,Lean burn,method,0,method,property,False,1.0,v2
18398,exp5,Open innovation,topic,0,topic,,False,1.0,v2
18408,exp5,Functional safety,property,0,property,,False,1.0,v2
18414,exp5,Cenosphere,object,0,object,object,True,1.0,v2
18416,exp5,Microstructured optical fiber,object,0,object,object,True,1.0,v2
18420,exp5,Riboswitch,object,0,object,object,True,1.0,v2
18424,exp5,Optical pumping,method,0,method,method,True,1.0,v2
18427,exp5,Semiconductor detector,object,0,object,object,True,1.0,v2
18428,exp5,Ricci flow,method,0,method,method,True,1.0,v2
18430,exp5,Body plan,property,0,property,,False,1.0,v2
18436,exp5,Built environment,object,0,object,object,True,1.0,v2
18445,exp5,Database design,method,0,method,method,True,1.0,v2
18451,exp5,Subprime mortgage crisis,topic,0,topic,,False,1.0,v2
18454,exp5,Information security management,topic,0,topic,,False,1.0,v2
18466,exp5,Denotation (semiotics),property,0,property,,False,1.0,v2
18476,exp5,Comparative law,topic,0,topic,,False,1.0,v2
18479,exp5,User interface design,topic,0,topic,,False,0.8,v2
18491,exp5,Theory of relativity,topic,0,topic,,False,0.9,v2
18495,exp5,Analytic number theory,topic,0,topic,,False,0.9,v2
18504,exp5,Syncline,object,0,object,object,True,0.9,v2
18508,exp5,Sequential Pattern Mining,method,0,method,method,True,0.9,v2
18524,exp5,Calcium-activated potassium channel,object,0,object,object,True,0.9,v2
18536,exp5,Anechoic chamber,object,0,object,object,True,0.9,v2
18537,exp5,Gamma distribution,property,0,property,,False,0.9,v2
18545,exp5,Realpolitik,topic,0,topic,,False,0.9,v2
18552,exp5,Effective dose (radiation),property,0,property,,False,0.9,v2
18565,exp5,Cognitive radio,object,0,object,object,True,0.8,v2
18576,exp5,Degreasing,method,0,method,method,True,0.9,v2
18578,exp5,Spatial correlation,property,0,property,,False,0.9,v2
18580,exp5,Memristor,object,0,object,object,True,0.9,v2
18599,exp5,Reference model,object,0,object,method,False,0.9,v2
18616,exp5,Virtual actor,object,0,object,object,True,0.8,v2
18622,exp5,Decay heat,property,0,property,,False,0.9,v2
18629,exp5,Robotic arm,object,0,object,object,True,0.9,v2
18632,exp5,Histone methyltransferase,object,0,object,object,True,0.9,v2
18635,exp5,Forb,object,0,object,object,True,0.9,v2
18636,exp5,SQL injection,topic,0,topic,,False,0.9,v2
18637,exp5,Augmented Lagrangian method,method,0,method,method,True,1.0,v2
18651,exp5,Social accounting,topic,0,topic,,False,0.9,v2
18653,exp5,Specific surface area,property,0,property,,False,1.0,v2
18656,exp5,Wearable computer,object,0,object,object,True,1.0,v2
18660,exp5,Field of view,property,0,property,,False,1.0,v2
18664,exp5,Brainstorming,method,0,method,method,True,0.9,v2
18674,exp5,Quantum point contact,object,0,object,object,True,1.0,v2
18676,exp5,Systolic array,object,0,object,object,True,1.0,v2
18686,exp5,Buck converter,object,0,object,object,True,1.0,v2
18687,exp5,Surface plasmon polariton,object,0,object,object,True,1.0,v2
18693,exp5,Hydraulic fluid,object,0,object,object,True,1.0,v2
18698,exp5,Transfer of learning,topic,0,topic,,False,0.9,v2
18701,exp5,Waveguide filter,object,0,object,object,True,1.0,v2
18702,exp5,Podiatry,topic,0,topic,,False,1.0,v2
18708,exp5,Structural variation,property,0,property,,False,1.0,v2
18717,exp5,Passive radar,method,0,method,method,True,1.0,v2
18722,exp5,Propulsor,object,0,object,object,True,1.0,v2
18750,exp5,Head-related transfer function,property,0,property,,False,1.0,v2
18751,exp5,Goldstone boson,object,0,object,object,True,1.0,v2
18753,exp5,Trunking,topic,0,topic,,False,0.8,v2
18763,exp5,Interstellar cloud,object,0,object,object,True,1.0,v2
18764,exp5,Skin effect,property,0,property,,False,1.0,v2
18768,exp5,TRPM2,object,0,object,object,True,1.0,v2
18771,exp5,Lorenz system,object,0,object,object,True,1.0,v2
18775,exp5,Test suite,object,0,object,method,False,1.0,v2
18776,exp5,Pipette,object,0,object,object,True,1.0,v2
18781,exp5,Analytic continuation,method,0,method,method,True,1.0,v2
18785,exp5,Chinese remainder theorem,method,0,method,property,False,1.0,v2
18786,exp5,Dwell time,property,0,property,,False,1.0,v2
18789,exp5,Slow light,property,0,property,,False,1.0,v2
18814,exp5,Moral panic,topic,0,topic,,False,1.0,v2
18818,exp5,Collective identity,property,0,property,,False,1.0,v2
18835,exp5,Distributed File System,object,0,object,object,True,1.0,v2
18845,exp5,Cell-free fetal DNA,object,0,object,object,True,1.0,v2
18850,exp5,Residual risk,property,0,property,,False,1.0,v2
18854,exp5,Neurogenetics,topic,0,topic,,False,1.0,v2
18860,exp5,Brightest cluster galaxy,object,0,object,object,True,1.0,v2
18866,exp5,Non-Gaussianity,property,0,property,,False,1.0,v2
18873,exp5,Establishment of sister chromatid cohesion,property,0,property,,False,1.0,v2
18879,exp5,Tikhonov regularization,method,0,method,method,True,1.0,v2
18881,exp5,Attentional bias,property,0,property,,False,1.0,v2
18885,exp5,Brand awareness,property,0,property,,False,1.0,v2
18889,exp5,Macroecology,topic,0,topic,,False,1.0,v2
18890,exp5,Soil classification,topic,0,topic,,False,1.0,v2
18891,exp5,Femtocell,object,0,object,object,True,1.0,v2
18894,exp5,Performance audit,topic,0,topic,,False,1.0,v2
18895,exp5,Planetary science,topic,0,topic,,False,1.0,v2
18898,exp5,Conditional random field,method,0,method,method,True,1.0,v2
18907,exp5,Benford's law,property,0,property,,False,1.0,v2
18908,exp5,Systems biology,topic,0,topic,,False,1.0,v2
18910,exp5,Non-negative matrix factorization,method,0,method,method,True,1.0,v2
18916,exp5,Fault detection and isolation,topic,0,topic,,False,1.0,v2
18917,exp5,Summative assessment,topic,0,topic,,False,1.0,v2
18921,exp5,Protein design,topic,0,topic,,False,1.0,v2
18926,exp5,Buckypaper,object,0,object,object,True,1.0,v2
18942,exp5,Janus particles,object,0,object,object,True,1.0,v2
18943,exp5,Belief propagation,method,0,method,method,True,1.0,v2
18950,exp5,Backward-wave oscillator,object,0,object,object,True,1.0,v2
18967,exp5,Diel vertical migration,property,0,property,,False,1.0,v2
18976,exp5,Sequence diagram,object,0,object,method,False,0.9,v2
18989,exp5,Kelp forest,object,0,object,object,True,0.9,v2
18993,exp5,Neutron emission,property,0,property,,False,0.9,v2
18994,exp5,Arithmetic coding,method,0,method,method,True,0.9,v2
18999,exp5,Libor,object,0,object,property,False,0.9,v2
19004,exp5,Von Neumann algebra,object,0,object,object,True,0.9,v2
19005,exp5,Biodiversity hotspot,topic,0,topic,,False,0.9,v2
19020,exp5,Desorption electrospray ionization,method,0,method,method,True,0.9,v2
19027,exp5,Relationship extraction,method,0,method,method,True,0.9,v2
19030,exp5,Vitamin D-binding protein,object,0,object,object,True,0.9,v2
19044,exp5,Generalized linear mixed model,method,0,method,method,True,0.9,v2
19047,exp5,Data center,object,0,object,object,True,0.9,v2
19050,exp5,Chemotype,object,0,object,object,True,0.9,v2
19085,exp5,AKT1,object,0,object,object,True,0.9,v2
19086,exp5,Phosphene,object,0,object,property,False,0.9,v2
19095,exp5,Musicology,topic,0,topic,,False,0.9,v2
19097,exp5,Explosive material,object,0,object,object,True,0.9,v2
19106,exp5,Maternal-fetal medicine,topic,0,topic,,False,0.9,v2
19122,exp5,Paragenesis,object,0,object,property,False,0.9,v2
19127,exp5,Consonant cluster,object,0,object,property,False,0.9,v2
19131,exp5,FOXA1,object,0,object,object,True,0.95,v2
19133,exp5,PIN1,object,0,object,object,True,0.95,v2
19134,exp5,Soft error,property,0,property,,False,0.95,v2
19139,exp5,Embedded software,object,0,object,object,True,0.95,v2
19140,exp5,Adakite,object,0,object,object,True,0.95,v2
19162,exp5,Urban agglomeration,object,0,object,topic,False,0.95,v2
19163,exp5,Genetically modified maize,object,0,object,object,True,0.95,v2
19167,exp5,Temperate deciduous forest,object,0,object,object,True,0.95,v2
19178,exp5,Pacific decadal oscillation,property,0,property,,False,0.95,v2
19179,exp5,Real interest rate,property,0,property,,False,0.95,v2
19183,exp5,Engraving,method,0,method,topic,False,0.95,v2
19184,exp5,Continental philosophy,topic,0,topic,,False,0.95,v2
19190,exp5,Apiary,object,0,object,object,True,0.95,v2
19199,exp5,Lucas sequence,object,0,object,object,True,0.95,v2
19201,exp5,Firefly algorithm,method,0,method,method,True,0.95,v2
19208,exp5,Diquark,object,0,object,object,True,0.95,v2
19219,exp5,Computational linguistics,topic,0,topic,,False,0.95,v2
19220,exp5,Randomized experiment,method,0,method,method,True,0.95,v2
19224,exp5,Health psychology,topic,0,topic,,False,0.95,v2
19225,exp5,Transient receptor potential channel,object,0,object,object,True,0.95,v2
19231,exp5,Spin Hall effect,property,0,property,,False,0.9,v2
19235,exp5,Domino effect,topic,0,topic,,False,0.8,v2
19243,exp5,Location-based service,topic,0,topic,,False,0.9,v2
19249,exp5,Low-noise amplifier,object,0,object,object,True,0.9,v2
19251,exp5,Flux linkage,property,0,property,,False,0.9,v2
19265,exp5,Convective instability,property,0,property,,False,0.9,v2
19274,exp5,Signcryption,object,0,object,method,False,0.9,v2
19275,exp5,Return on equity,property,0,property,,False,0.9,v2
19289,exp5,Tile drainage,topic,0,topic,,False,0.9,v2
19290,exp5,Workforce planning,topic,0,topic,,False,0.9,v2
19291,exp5,Vector boson,object,0,object,object,True,0.9,v2
19292,exp5,CYP1B1,object,0,object,object,True,0.9,v2
19293,exp5,Dynamic factor,object,0,object,property,False,0.9,v2
19295,exp5,Inotrope,object,0,object,object,True,0.9,v2
19296,exp5,Loop antenna,object,0,object,object,True,0.9,v2
19299,exp5,Afterdepolarization,property,0,property,,False,0.9,v2
19302,exp5,Induction hardening,method,0,method,method,True,0.9,v2
19307,exp5,Wavelet packet decomposition,method,0,method,method,True,0.9,v2
19310,exp5,Condensin,object,0,object,object,True,0.9,v2
19329,exp5,Fordism,topic,0,topic,,False,0.9,v2
19345,exp5,Equivalence relation,object,1,object,property,False,0.9,v2
19351,exp5,Bilateral filter,method,0,method,method,True,1.0,v2
19353,exp5,Retail banking,topic,0,topic,,False,1.0,v2
19370,exp5,Steering committee,object,0,object,object,True,0.8,v2
19372,exp5,Operational semantics,method,0,method,method,True,1.0,v2
19377,exp5,Therapeutic jurisprudence,topic,0,topic,,False,1.0,v2
19378,exp5,Infographic,object,0,object,object,True,1.0,v2
19384,exp5,Angle-resolved photoemission spectroscopy,method,0,method,method,True,1.0,v2
19394,exp5,Sparse grid,object,0,object,method,False,1.0,v2
19405,exp5,Glycoproteomics,topic,0,topic,,False,1.0,v2
19414,exp5,Soil horizon,object,0,object,object,True,1.0,v2
19415,exp5,Item bank,object,0,object,object,True,1.0,v2
19418,exp5,Agroecology,topic,0,topic,,False,1.0,v2
19428,exp5,Trigonometric polynomial,object,0,object,object,True,1.0,v2
19435,exp5,Organizational architecture,object,0,object,topic,False,1.0,v2
19442,exp5,Matching pursuit,method,0,method,method,True,1.0,v2
19455,exp5,Voluntarism (philosophy),topic,0,topic,,False,1.0,v2
19464,exp5,High-content screening,method,0,method,method,True,1.0,v2
19480,exp5,Feminist theory,topic,0,topic,,False,1.0,v2
19492,exp5,Taxable income,property,0,property,,False,1.0,v2
19493,exp5,Community psychology,topic,0,topic,,False,1.0,v2
19495,exp5,Ethical leadership,topic,0,topic,,False,1.0,v2
19509,exp5,Hairy root culture,method,0,method,object,False,1.0,v2
19525,exp5,Work ethic,topic,0,topic,,False,1.0,v2
19529,exp5,Coordinate descent,method,0,method,method,True,1.0,v2
19534,exp5,Omics,topic,0,topic,,False,1.0,v2
19536,exp5,Control channel,object,0,object,object,True,1.0,v2
19539,exp5,Guano,object,0,object,object,True,1.0,v2
19542,exp5,Query optimization,method,0,method,method,True,1.0,v2
19544,exp5,FastICA,method,0,method,method,True,1.0,v2
19549,exp5,Frequency scaling,method,0,method,method,True,1.0,v2
19556,exp5,ATF3,object,0,object,object,True,1.0,v2
19558,exp5,Explant culture,method,0,method,method,True,1.0,v2
19560,exp5,Black-body radiation,topic,0,topic,,False,1.0,v2
19571,exp5,Volt,property,1,property,,False,1.0,v2
19572,exp5,Spectrum analyzer,object,0,object,object,True,1.0,v2
19577,exp5,Berm,object,0,object,object,True,1.0,v2
19583,exp5,Chemical looping combustion,method,0,method,method,True,1.0,v2
19588,exp5,Inclinometer,object,0,object,object,True,1.0,v2
19603,exp5,Equidistant,property,0,property,,False,1.0,v2
19606,exp5,Snout,object,0,object,object,True,0.9,v2
19612,exp5,Homomorphic encryption,method,0,method,method,True,0.9,v2
19613,exp5,Forensic toxicology,topic,0,topic,,False,0.9,v2
19615,exp5,Accelerated life testing,method,0,method,method,True,0.9,v2
19627,exp5,Cluster state,object,0,object,object,True,0.9,v2
19633,exp5,Odorant-binding protein,object,0,object,object,True,0.9,v2
19634,exp5,Imaging spectroscopy,method,0,method,method,True,0.9,v2
19646,exp5,Static pressure,property,0,property,,False,0.9,v2
19648,exp5,Naked eye,method,0,method,method,True,0.9,v2
19661,exp5,Self-awareness,property,0,property,,False,0.9,v2
19662,exp5,Blended learning,topic,0,topic,,False,0.9,v2
19664,exp5,Prosocial behavior,topic,0,topic,,False,0.9,v2
19666,exp5,Endoplasmic-reticulum-associated protein degradation,method,0,method,method,True,0.9,v2
19668,exp5,Glycome,object,0,object,object,True,0.9,v2
19679,exp5,SCARA,object,0,object,object,True,0.9,v2
19685,exp5,Total organic carbon,property,0,property,,False,0.9,v2
19686,exp5,Interposer,object,0,object,object,True,0.9,v2
19689,exp5,Monocular vision,method,0,method,property,False,0.9,v2
19690,exp5,Transfer payment,topic,0,topic,,False,0.9,v2
19710,exp5,Distributed lag,method,0,method,method,True,0.9,v2
19718,exp5,Ignition system,object,0,object,object,True,0.9,v2
19720,exp5,Hyperspectral imaging,method,0,method,method,True,0.9,v2
19726,exp5,Porous glass,object,0,object,object,True,0.9,v2
19731,exp5,Data logger,object,0,object,object,True,0.9,v2
19732,exp5,Emotional contagion,property,0,property,,False,0.9,v2
19741,exp5,Activity theory,topic,0,topic,,False,0.9,v2
19748,exp5,Interference lithography,method,0,method,method,True,0.9,v2
19755,exp5,Gesture recognition,topic,0,topic,,False,0.9,v2
19781,exp5,Prima facie,property,0,property,,False,0.9,v2
19784,exp5,Presentism,topic,0,topic,,False,0.9,v2
19793,exp5,Attenuation coefficient,property,0,property,,False,0.9,v2
19795,exp5,Kadomtsev–Petviashvili equation,object,0,object,object,True,0.9,v2
19796,exp5,Lingua franca,topic,0,topic,,False,0.9,v2
19798,exp5,Maxillary central incisor,object,0,object,object,True,0.9,v2
19805,exp5,Fundamental group,object,0,object,object,True,0.9,v2
19811,exp5,Megamaser,object,0,object,object,True,0.9,v2
19812,exp5,Spike-timing-dependent plasticity,method,0,method,property,False,0.9,v2
19818,exp5,Nanoengineering,topic,0,topic,,False,0.9,v2
19820,exp5,Platelet factor 4,object,0,object,object,True,0.9,v2
19827,exp5,Developed country,object,0,object,object,True,0.9,v2
19839,exp5,Galaxy group,object,0,object,object,True,0.9,v2
19841,exp5,Defensive medicine,topic,0,topic,,False,0.9,v2
19846,exp5,Control flow,method,0,method,property,False,0.9,v2
19850,exp5,Homophone,object,0,object,object,True,0.9,v2
19854,exp5,Rib cage,object,0,object,object,True,0.9,v2
19855,exp5,Direct-ethanol fuel cell,object,0,object,object,True,0.9,v2
19856,exp5,Key distribution,method,0,method,method,True,0.9,v2
19868,exp5,Per capita income,property,0,property,,False,0.9,v2
19870,exp5,Chordal graph,object,0,object,object,True,0.9,v2
19874,exp5,Highway engineering,topic,0,topic,,False,0.9,v2
19875,exp5,Visible light communication,method,0,method,method,True,0.9,v2
19876,exp5,Pharmacognosy,topic,0,topic,,False,0.9,v2
19883,exp5,Precoding,method,0,method,method,True,0.9,v2
19884,exp5,Representative elementary volume,object,0,object,property,False,0.9,v2
19914,exp5,Soil type,object,0,object,object,True,0.9,v2
19916,exp5,Metabolic flux analysis,method,0,method,method,True,0.9,v2
19917,exp5,Subtropical ridge,object,0,object,object,True,0.9,v2
19920,exp5,Mobile payment,topic,0,topic,,False,0.9,v2
19922,exp5,Leaving group,object,0,object,object,True,0.9,v2
19930,exp5,Theory of constraints,topic,0,topic,,False,0.9,v2
19931,exp5,Barbel,object,0,object,object,True,0.9,v2
19932,exp5,Matriculation,topic,0,topic,,False,0.8,v2
19938,exp5,Domestication and foreignization,topic,0,topic,,False,0.9,v2
19940,exp5,Colophon,object,0,object,object,True,0.8,v2
19944,exp5,Document retrieval,method,0,method,method,True,0.9,v2
19960,exp5,Pulp capping,method,0,method,method,True,0.9,v2
19965,exp5,Pressure regulator,object,0,object,object,True,0.9,v2
19971,exp5,Cognitive model,object,0,object,object,True,0.9,v2
19987,exp5,Singlet fission,property,0,property,,False,0.9,v2
19996,exp5,HNF1A,object,0,object,object,True,0.9,v2
20004,exp5,Face perception,topic,0,topic,,False,0.9,v2
20005,exp5,Churning,topic,0,topic,,False,0.9,v2
20011,exp5,Dialectology,topic,0,topic,,False,0.9,v2
20025,exp5,Regression testing,method,0,method,method,True,0.9,v2
20030,exp5,Notch signaling pathway,object,0,object,object,True,0.9,v2
20037,exp5,Rankine cycle,method,0,method,method,True,0.9,v2
20045,exp5,Bioluminescence imaging,method,0,method,method,True,0.9,v2
20047,exp5,Natural capital,object,0,object,property,False,0.9,v2
20048,exp5,Flash point,property,0,property,,False,0.9,v2
20049,exp5,Logbook,object,0,object,object,True,0.8,v2
20054,exp5,Philosophy of law,topic,0,topic,,False,0.9,v2
20055,exp5,Bioarchaeology,topic,0,topic,,False,0.9,v2
20063,exp5,Lyocell,object,0,object,object,True,0.9,v2
20065,exp5,Polyphyly,property,0,property,,False,0.9,v2
20070,exp5,Generativity,property,0,property,,False,0.9,v2
20075,exp5,NALP3,object,0,object,object,True,0.9,v2
20077,exp5,Jet stream,object,0,object,object,True,0.9,v2
20079,exp5,Electrical equipment,object,0,object,object,True,0.9,v2
20088,exp5,Electronic tongue,method,0,method,method,True,0.9,v2
20091,exp5,Translational medicine,topic,0,topic,,False,0.9,v2
20094,exp5,Submarine pipeline,object,0,object,object,True,0.9,v2
20106,exp5,Regenerative brake,method,0,method,method,True,0.9,v2
20110,exp5,Traffic grooming,method,0,method,method,True,0.9,v2
20123,exp5,Estimation of distribution algorithm,method,0,method,method,True,0.9,v2
20129,exp5,Magnetic energy,property,0,property,,False,0.9,v2
20136,exp5,Thermal ionization,method,0,method,method,True,0.9,v2
20143,exp5,Tribometer,object,0,object,object,True,0.9,v2
20149,exp5,STIM1,object,0,object,object,True,0.9,v2
20150,exp5,Oxide thin-film transistor,object,0,object,object,True,0.9,v2
20151,exp5,Neurosphere,object,0,object,method,False,0.9,v2
20157,exp5,Semisynthesis,method,0,method,method,True,0.9,v2
20163,exp5,Meshfree methods,method,0,method,method,True,0.9,v2
20167,exp5,Smith predictor,method,0,method,method,True,0.9,v2
20168,exp5,Torrefaction,method,0,method,method,True,0.9,v2
20170,exp5,Placemaking,topic,0,topic,,False,0.9,v2
20177,exp5,Soil conditioner,object,0,object,object,True,0.9,v2
20179,exp5,Development theory,topic,0,topic,,False,0.9,v2
20182,exp5,Social robot,object,0,object,object,True,0.9,v2
20190,exp5,Social emotional learning,topic,0,topic,,False,0.9,v2
20204,exp5,Surface engineering,topic,0,topic,,False,0.9,v2
20206,exp5,Black–Scholes model,method,0,method,method,True,0.9,v2
20207,exp5,TRPM8,object,0,object,object,True,0.9,v2
20209,exp5,Failure rate,property,0,property,,False,0.9,v2
20210,exp5,Key generation,method,0,method,method,True,0.9,v2
20218,exp5,Operant conditioning,method,0,method,method,True,0.9,v2
20220,exp5,Cellulosic ethanol,object,0,object,object,True,0.9,v2
20221,exp5,Performing arts,topic,0,topic,,False,0.9,v2
20224,exp5,CAPTCHA,object,0,object,method,False,0.9,v2
20230,exp5,Ion thruster,method,0,method,method,True,0.9,v2
20232,exp5,Landfall,property,0,property,,False,0.9,v2
20265,exp5,SNP genotyping,method,0,method,method,True,0.9,v2
20269,exp5,Octane rating,property,0,property,,False,0.9,v2
20273,exp5,Precision medicine,topic,0,topic,,False,0.9,v2
20276,exp5,Tree structure,object,0,object,property,False,0.9,v2
20291,exp5,Cytoarchitecture,topic,0,topic,,False,0.9,v2
20292,exp5,Protocadherin,object,0,object,object,True,0.9,v2
20298,exp5,mitochondrial fusion,method,0,method,method,True,0.9,v2
20307,exp5,Sephadex,object,0,object,object,True,0.9,v2
20327,exp5,Web search query,object,0,object,object,True,0.9,v2
20334,exp5,Automatic transmission,object,0,object,object,True,0.9,v2
20342,exp5,Pedotransfer function,method,0,method,method,True,0.9,v2
20357,exp5,Institutionalisation,topic,0,topic,,False,0.9,v2
20359,exp5,Bamboo charcoal,object,0,object,object,True,0.9,v2
20366,exp5,Financial transaction,object,0,object,property,False,0.9,v2
20384,exp5,Potentiator,object,0,object,object,True,0.9,v2
20395,exp5,Stem cell niche,object,0,object,object,True,0.9,v2
20400,exp5,ArcGIS Server,object,0,object,object,True,0.9,v2
20402,exp5,Galvanic anode,object,0,object,object,True,0.9,v2
20405,exp5,Flash ADC,object,0,object,object,True,0.9,v2
20415,exp5,Molecular descriptor,property,0,property,,False,0.9,v2
20425,exp5,Lossy compression,method,0,method,method,True,0.9,v2
20427,exp5,Human–machine interface,object,0,object,object,True,0.9,v2
20431,exp5,Voltmeter,object,0,object,object,True,0.9,v2
20453,exp5,Sortase,object,0,object,object,True,0.9,v2
20466,exp5,Wire drawing,method,0,method,method,True,0.9,v2
20473,exp5,Microbial fuel cell,object,0,object,object,True,0.9,v2
20481,exp5,Total electron content,property,0,property,,False,0.9,v2
20485,exp5,Wave turbulence,topic,0,topic,,False,0.9,v2
20488,exp5,Neurointensive care,topic,0,topic,,False,0.9,v2
20504,exp5,Data breach,topic,0,topic,,False,0.9,v2
20509,exp5,Mathematical anxiety,topic,0,topic,,False,0.9,v2
20510,exp5,Diffusing capacity,property,0,property,,False,0.9,v2
20520,exp5,Laplace operator,object,0,object,property,False,0.9,v2
20521,exp5,Foreign exchange risk,topic,0,topic,,False,0.9,v2
20542,exp5,Cluster algebra,object,0,object,property,False,0.9,v2
20553,exp5,Exploratory factor analysis,method,0,method,method,True,0.9,v2
20556,exp5,Platinum nanoparticles,object,0,object,object,True,0.9,v2
20559,exp5,Imaging technology,topic,0,topic,,False,0.9,v2
20563,exp5,Intelligence quotient,property,0,property,,False,0.9,v2
20568,exp5,Tensor field,object,0,object,object,True,0.9,v2
20570,exp5,Abductive reasoning,method,0,method,method,True,0.8,v2
20572,exp5,Action selection,method,0,method,property,False,0.8,v2
20574,exp5,Change blindness,property,0,property,,False,0.8,v2
20584,exp5,Time management,topic,0,topic,,False,0.8,v2
20588,exp5,Cambium,object,0,object,object,True,0.8,v2
20603,exp5,Typography,topic,0,topic,,False,0.8,v2
20604,exp5,Semantic search,method,0,method,method,True,0.8,v2
20608,exp5,GPER,object,0,object,object,True,0.8,v2
20609,exp5,Rip current,object,0,object,object,True,0.8,v2
20633,exp5,Creative problem-solving,topic,0,topic,,False,0.8,v2
20637,exp5,Transactive memory,property,0,property,,False,0.8,v2
20640,exp5,Spin pumping,method,0,method,property,False,0.8,v2
20657,exp5,Tobit model,method,0,method,method,True,0.8,v2
20663,exp5,Super-resolution microscopy,method,0,method,method,True,0.8,v2
20665,exp5,Intermolecular force,property,0,property,,False,0.8,v2
20667,exp5,Kurtosis,property,1,property,,False,0.8,v2
20672,exp5,E-procurement,topic,0,topic,,False,0.8,v2
20673,exp5,TRPC1,object,0,object,object,True,0.8,v2
20686,exp5,Flux balance analysis,method,0,method,method,True,0.8,v2
20699,exp5,Industrial Ethernet,topic,0,topic,,False,0.8,v2
20707,exp5,Riemann–Stieltjes integral,method,0,method,property,False,0.9,v2
20708,exp5,NetLogo,method,0,method,method,True,0.9,v2
20713,exp5,Electroactive polymers,object,0,object,object,True,0.9,v2
20729,exp5,Just war theory,topic,0,topic,,False,0.9,v2
20736,exp5,Muscle hypertrophy,object,0,object,property,False,0.9,v2
20743,exp5,Hydroacylation,method,0,method,method,True,0.9,v2
20744,exp5,Homojunction,object,0,object,object,True,0.9,v2
20763,exp5,Elliptic curve cryptography,method,0,method,method,True,0.9,v2
20790,exp5,Junction temperature,property,0,property,,False,0.9,v2
20803,exp5,Business ecosystem,topic,0,topic,,False,0.9,v2
20814,exp5,Generative model,method,0,method,property,False,0.9,v2
20818,exp5,Cross entropy,method,0,method,method,True,0.9,v2
20821,exp5,FOXO3,object,0,object,object,True,0.9,v2
20822,exp5,Blue straggler,object,0,object,object,True,0.9,v2
20845,exp5,Efferocytosis,method,0,method,property,False,0.9,v2
20846,exp5,Unilateralism,topic,0,topic,,False,0.9,v2
20849,exp5,Autophagosome,object,0,object,object,True,0.9,v2
20858,exp5,Expression quantitative trait loci,object,0,object,object,True,0.9,v2
20863,exp5,Fingerprint recognition,method,0,method,method,True,0.9,v2
20865,exp5,Traffic volume,property,0,property,,False,0.9,v2
20869,exp5,Iterated function system,method,0,method,method,True,1.0,v2
20871,exp5,Tachyphylaxis,property,0,property,,False,1.0,v2
20873,exp5,Total station,object,0,object,method,False,1.0,v2
20879,exp5,Coherence length,property,0,property,,False,1.0,v2
20880,exp5,Forensic psychology,topic,0,topic,,False,1.0,v2
20884,exp5,Stellar mass,property,0,property,,False,1.0,v2
20886,exp5,Evolutionary developmental biology,topic,0,topic,,False,1.0,v2
20887,exp5,PAX3,object,0,object,object,True,1.0,v2
20889,exp5,Directional drilling,method,0,method,method,True,1.0,v2
20890,exp5,Tribocorrosion,property,0,property,,False,1.0,v2
20892,exp5,Sharia,topic,0,topic,,False,1.0,v2
20899,exp5,Random effects model,method,0,method,method,True,1.0,v2
20902,exp5,Rural settlement,object,0,object,object,True,1.0,v2
20908,exp5,Snowball Earth,object,0,object,object,True,1.0,v2
20916,exp5,Stirling number,object,0,object,object,True,1.0,v2
20921,exp5,Ring signature,method,0,method,method,True,1.0,v2
20922,exp5,Superpotential,object,0,object,property,False,1.0,v2
20924,exp5,Column generation,method,0,method,method,True,1.0,v2
20937,exp5,Driving cycle,object,0,object,method,False,1.0,v2
20939,exp5,Fractional programming,method,0,method,method,True,1.0,v2
20946,exp5,Underwater acoustic communication,method,0,method,method,True,0.9,v2
20957,exp5,Time projection chamber,object,0,object,object,True,0.9,v2
20962,exp5,Total least squares,method,0,method,method,True,0.9,v2
20964,exp5,Random forest,method,0,method,method,True,0.9,v2
20972,exp5,Finsler manifold,object,0,object,object,True,0.9,v2
20977,exp5,Uncorrelated,property,1,property,,False,0.9,v2
20978,exp5,Homo economicus,object,0,object,property,False,0.9,v2
20982,exp5,Clean Development Mechanism,topic,0,topic,,False,0.9,v2
20984,exp5,Petroleum product,object,0,object,object,True,0.9,v2
20987,exp5,Central pattern generator,object,0,object,object,True,0.9,v2
20994,exp5,Salting out,method,0,method,method,True,0.9,v2
20995,exp5,Heterochrony,property,0,property,,False,0.9,v2
21000,exp5,Return on investment,property,0,property,,False,0.9,v2
21002,exp5,Rock glacier,object,0,object,object,True,0.9,v2
21009,exp5,Homology modeling,method,0,method,method,True,0.9,v2
21010,exp5,Number theory,topic,1,topic,,False,0.9,v2
21011,exp5,Electronic dance music,topic,0,topic,,False,0.9,v2
21013,exp5,Indigenization,topic,0,topic,,False,0.9,v2
21020,exp5,Freezing rain,object,0,object,object,True,0.9,v2
21042,exp5,Overlay network,object,0,object,object,True,0.9,v2
21044,exp5,Test statistic,property,0,property,,False,0.9,v2
21047,exp5,Bone meal,object,0,object,object,True,0.9,v2
21054,exp5,Notching,method,0,method,property,False,0.9,v2
21059,exp5,Traffic classification,method,0,method,method,True,0.9,v2
21063,exp5,Asexual reproduction,topic,0,topic,,False,0.9,v2
21064,exp5,Discharge coefficient,property,0,property,,False,0.9,v2
21065,exp5,PEDOT:PSS,object,0,object,object,True,0.9,v2
21076,exp5,Stochastic control,topic,0,topic,,False,0.9,v2
21077,exp5,Latent semantic analysis,method,0,method,method,True,0.9,v2
21078,exp5,Western philosophy,topic,0,topic,,False,0.9,v2
21083,exp5,Sex allocation,topic,0,topic,,False,0.9,v2
21086,exp5,Phase angle (astronomy),property,0,property,,False,0.9,v2
21088,exp5,FOXM1,object,0,object,object,True,0.9,v2
21101,exp5,LRP6,object,0,object,object,True,0.9,v2
21102,exp5,Social neuroscience,topic,0,topic,,False,0.9,v2
21105,exp5,Proxemics,topic,0,topic,,False,0.9,v2
21107,exp5,Helmholtz resonator,object,0,object,object,True,0.9,v2
21112,exp5,Pneumatic actuator,object,0,object,object,True,0.9,v2
21118,exp5,TRPC,object,0,object,object,True,0.9,v2
21119,exp5,Cognitive map,object,0,object,property,False,0.9,v2
21124,exp5,Van Allen Probes,object,0,object,object,True,1.0,v2
21126,exp5,Magnetic impurity,object,0,object,object,True,1.0,v2
21135,exp5,Dark fermentation,method,0,method,method,True,1.0,v2
21149,exp5,Agreeableness,property,0,property,,False,1.0,v2
21159,exp5,Centimeter,property,1,property,,False,1.0,v2
21173,exp5,Stepwise regression,method,0,method,method,True,1.0,v2
21186,exp5,First language,property,0,property,,False,1.0,v2
21192,exp5,Backlight,object,0,object,object,True,1.0,v2
21196,exp5,Motor system,object,0,object,object,True,1.0,v2
21202,exp5,Scalar multiplication,method,0,method,method,True,1.0,v2
21203,exp5,Josephus,object,0,object,object,True,1.0,v2
21204,exp5,Antibody microarray,object,0,object,method,False,1.0,v2
21232,exp5,Solar minimum,property,0,property,,False,1.0,v2
21236,exp5,Judicial discretion,property,0,property,,False,1.0,v2
21238,exp5,Internal flow,topic,0,topic,,False,1.0,v2
21263,exp5,Terminal restriction fragment length polymorphism,method,0,method,method,True,1.0,v2
21266,exp5,Small hydro,topic,0,topic,,False,1.0,v2
21271,exp5,Topic model,method,0,method,method,True,1.0,v2
21274,exp5,Saprolite,object,0,object,object,True,1.0,v2
21276,exp5,Superatom,object,0,object,object,True,1.0,v2
21279,exp5,Data file,object,1,object,object,True,0.9,v2
21280,exp5,Honeycomb structure,object,0,object,object,True,0.9,v2
21283,exp5,Kullback–Leibler divergence,method,0,method,property,False,0.9,v2
21285,exp5,Cyberwarfare,topic,0,topic,,False,0.9,v2
21291,exp5,Aryne,object,0,object,object,True,0.9,v2
21295,exp5,Linear interpolation,method,1,method,method,True,0.9,v2
21296,exp5,Chemical biology,topic,0,topic,,False,0.9,v2
21303,exp5,Crime scene,object,0,object,object,True,0.9,v2
21309,exp5,Self-adjoint operator,object,0,object,object,True,0.9,v2
21313,exp5,Banded iron formation,object,0,object,object,True,0.9,v2
21315,exp5,Grand strategy,topic,0,topic,,False,0.9,v2
21317,exp5,Echo state network,object,0,object,method,False,0.9,v2
21318,exp5,Apoptosis-inducing factor,object,0,object,object,True,0.9,v2
21323,exp5,Time perception,property,0,property,,False,0.9,v2
21327,exp5,Thermal conduction,property,1,property,,False,0.9,v2
21333,exp5,Conscientiousness,property,0,property,,False,0.9,v2
21345,exp5,Social exchange theory,topic,0,topic,,False,0.9,v2
21348,exp5,Lp space,object,0,object,object,True,0.9,v2
21363,exp5,Pigging,method,0,method,method,True,0.9,v2
21367,exp5,Piezoresponse force microscopy,method,0,method,method,True,0.9,v2
21368,exp5,VIKOR method,method,0,method,method,True,1.0,v2
21376,exp5,Capital expenditure,property,0,property,,False,1.0,v2
21379,exp5,Hippo signaling pathway,object,0,object,object,True,1.0,v2
21383,exp5,Purinergic signalling,topic,0,topic,,False,1.0,v2
21388,exp5,Screw thread,object,0,object,object,True,1.0,v2
21389,exp5,Social distance,property,0,property,,False,1.0,v2
21391,exp5,Hot working,method,0,method,method,True,1.0,v2
21392,exp5,Batch processing,method,0,method,method,True,1.0,v2
21410,exp5,GAS6,object,0,object,object,True,1.0,v2
21419,exp5,Dynamic pressure,property,0,property,,False,1.0,v2
21432,exp5,Decision table,method,0,method,method,True,1.0,v2
21433,exp5,Pecking order theory,topic,0,topic,,False,1.0,v2
21434,exp5,Electronic speckle pattern interferometry,method,0,method,method,True,1.0,v2
21438,exp5,Track-before-detect,method,0,method,method,True,1.0,v2
21447,exp5,Monism,topic,0,topic,,False,1.0,v2
21459,exp5,Inflaton,object,0,object,object,True,1.0,v2
21464,exp5,TMPRSS6,object,0,object,object,True,1.0,v2
21465,exp5,Brain–computer interface,object,0,object,object,True,1.0,v2
21470,exp5,Trajectory optimization,method,0,method,method,True,1.0,v2
21485,exp5,Gene knockdown,method,0,method,method,True,1.0,v2
21489,exp5,Nonlinear distortion,property,0,property,,False,0.9,v2
21491,exp5,Crossbreed,object,0,object,object,True,0.9,v2
21493,exp5,Voltage-gated potassium channel,object,0,object,object,True,0.9,v2
21500,exp5,Interior design,topic,0,topic,,False,0.9,v2
21505,exp5,Number sense,property,0,property,,False,0.9,v2
21510,exp5,Homotopy analysis method,method,0,method,method,True,0.9,v2
21515,exp5,Apex predator,object,0,object,object,True,0.9,v2
21516,exp5,Piezoelectric sensor,object,0,object,object,True,0.9,v2
21536,exp5,Conformal symmetry,property,0,property,,False,0.9,v2
21540,exp5,Dijkstra's algorithm,method,1,method,method,True,0.9,v2
21542,exp5,Incandescent light bulb,object,0,object,object,True,0.9,v2
21545,exp5,Sphericity,property,0,property,,False,0.9,v2
21550,exp5,Current mirror,object,0,object,object,True,0.9,v2
21551,exp5,Fiducial marker,object,0,object,object,True,0.9,v2
21556,exp5,Elliptic orbit,object,0,object,object,True,0.9,v2
21558,exp5,Evaporative cooler,object,0,object,object,True,0.9,v2
21559,exp5,Personality Assessment Inventory,object,0,object,method,False,0.9,v2
21568,exp5,Prime power,object,0,object,property,False,0.9,v2
21575,exp5,External validity,property,0,property,,False,0.9,v2
21577,exp5,Subfossil,object,0,object,object,True,0.9,v2
21579,exp5,Phylotype,object,0,object,property,False,0.9,v2
21580,exp5,Jensen's inequality,object,0,object,property,False,0.9,v2
21587,exp5,Pseudorange,property,0,property,,False,0.9,v2
21593,exp5,Cylinder block,object,0,object,object,True,0.9,v2
21608,exp5,Sustainable community,topic,0,topic,,False,0.9,v2
21611,exp5,Point-to-point,topic,0,topic,,False,0.9,v2
21613,exp5,Blubber,object,0,object,object,True,0.9,v2
21626,exp5,Inverse scattering problem,topic,0,topic,,False,0.9,v2
21630,exp5,Genome evolution,topic,0,topic,,False,0.9,v2
21633,exp5,Magnetosome,object,0,object,object,True,0.9,v2
21683,exp5,Submarine landslide,object,0,object,object,True,0.9,v2
21684,exp5,Software as a service,topic,0,topic,,False,0.9,v2
21697,exp5,DNMT1,object,0,object,object,True,0.9,v2
21705,exp5,Steam injection,method,0,method,method,True,0.9,v2
21709,exp5,Minichromosome maintenance,object,0,object,object,True,0.9,v2
21720,exp5,Developmental psychopathology,topic,0,topic,,False,0.9,v2
21722,exp5,Low-cost carrier,object,0,object,object,True,0.9,v2
21728,exp5,Insectivore,object,0,object,object,True,0.9,v2
21731,exp5,Bounded operator,object,0,object,property,False,0.9,v2
21736,exp5,Iconicity,property,0,property,,False,0.9,v2
21743,exp5,Heterogeneous catalysis,topic,0,topic,,False,0.9,v2
21744,exp5,Near field communication,topic,0,topic,,False,0.9,v2
21746,exp5,Nanogenerator,object,0,object,object,True,0.9,v2
21759,exp5,Moving average,method,1,method,method,True,0.9,v2
21772,exp5,Urination,topic,0,topic,,False,0.9,v2
21775,exp5,Blast furnace gas,object,0,object,object,True,0.9,v2
21782,exp5,Homing endonuclease,object,0,object,object,True,0.9,v2
21784,exp5,Restoring force,property,0,property,,False,0.9,v2
21799,exp5,Heterosexuality,topic,0,topic,,False,0.9,v2
21809,exp5,Cone penetration test,method,0,method,method,True,0.9,v2
21815,exp5,Evolvability,property,0,property,,False,0.9,v2
21823,exp5,Farm water,topic,0,topic,,False,0.9,v2
21824,exp5,Lactic acid fermentation,method,0,method,property,False,0.9,v2
21827,exp5,Yield curve,object,0,object,property,False,0.9,v2
21830,exp5,Stakeholder theory,topic,0,topic,,False,0.9,v2
21833,exp5,Aerial survey,method,0,method,method,True,0.9,v2
21836,exp5,CD33,object,0,object,object,True,0.9,v2
21849,exp5,Cluster randomised controlled trial,method,0,method,method,True,0.9,v2
21853,exp5,Ecological economics,topic,0,topic,,False,0.9,v2
21854,exp5,Analytic network process,method,0,method,method,True,0.9,v2
21876,exp5,Memory management,method,0,method,method,True,0.9,v2
21893,exp5,Worksheet,object,0,object,object,True,0.8,v2
21903,exp5,Signal strength,property,0,property,,False,0.9,v2
21918,exp5,Minimum inhibitory concentration,property,0,property,,False,0.9,v2
21921,exp5,Forensic anthropology,topic,0,topic,,False,0.9,v2
21922,exp5,Burnishing (metal),method,0,method,property,False,0.9,v2
21924,exp5,Start codon,object,0,object,object,True,0.9,v2
21942,exp5,Negative thermal expansion,property,0,property,,False,0.9,v2
21950,exp5,Shielding gas,object,0,object,object,True,0.9,v2
21954,exp5,Particle tracking velocimetry,method,0,method,method,True,0.9,v2
21966,exp5,Voting behavior,topic,0,topic,,False,0.9,v2
21976,exp5,SMARCB1,object,0,object,object,True,0.9,v2
21984,exp5,Clifford analysis,topic,0,topic,,False,0.9,v2
21992,exp5,Semiprime ring,object,0,object,object,True,0.9,v2
22003,exp5,Shader,object,0,object,object,True,0.9,v2
22020,exp5,Flammability limit,property,0,property,,False,0.9,v2
22022,exp5,Hierarchical routing,method,0,method,method,True,0.9,v2
22028,exp5,Gut–brain axis,topic,0,topic,,False,0.9,v2
22039,exp5,Semimetal,object,0,object,object,True,0.9,v2
22043,exp5,Document clustering,method,0,method,method,True,0.9,v2
22044,exp5,Pseudo-spectral method,method,0,method,method,True,1.0,v2
22050,exp5,Public law,topic,0,topic,,False,1.0,v2
22057,exp5,Sustainable business,topic,0,topic,,False,1.0,v2
22058,exp5,Trigonometric functions,object,1,object,object,True,1.0,v2
22059,exp5,Dempster–Shafer theory,method,0,method,property,False,1.0,v2
22077,exp5,Nursing ethics,topic,0,topic,,False,1.0,v2
22080,exp5,Process analytical technology,object,0,object,object,True,1.0,v2
22093,exp5,Search engine optimization,topic,0,topic,,False,1.0,v2
22103,exp5,Visual memory,property,0,property,,False,1.0,v2
22108,exp5,Private equity fund,object,0,object,object,True,1.0,v2
22123,exp5,Market failure,topic,0,topic,,False,1.0,v2
22128,exp5,Room acoustics,topic,0,topic,,False,1.0,v2
22142,exp5,Time preference,property,0,property,,False,1.0,v2
22143,exp5,Worsted,object,0,object,object,True,1.0,v2
22146,exp5,Bullwhip effect,topic,0,topic,,False,1.0,v2
22150,exp5,Soft power,property,0,property,,False,1.0,v2
22152,exp5,Spectral sequence,object,0,object,method,False,1.0,v2
22182,exp5,Pharmaceutical sciences,topic,0,topic,,False,1.0,v2
22197,exp5,Cloud seeding,method,0,method,method,True,1.0,v2
22198,exp5,Comparative literature,topic,0,topic,,False,1.0,v2
22204,exp5,Market analysis,topic,0,topic,,False,0.9,v2
22216,exp5,Complex plane,object,0,object,object,True,0.9,v2
22218,exp5,Social system,object,0,object,object,True,0.9,v2
22223,exp5,Gate driver,object,0,object,object,True,0.9,v2
22231,exp5,Dip-pen nanolithography,method,0,method,method,True,0.9,v2
22237,exp5,Small nucleolar RNA,object,0,object,object,True,0.9,v2
22239,exp5,Oocyte activation,property,0,property,,False,0.9,v2
22247,exp5,Metal-organic framework,object,0,object,object,True,0.9,v2
22255,exp5,Septin,object,0,object,object,True,0.9,v2
22257,exp5,Biosemiotics,topic,0,topic,,False,0.9,v2
22262,exp5,Bundle adjustment,method,0,method,method,True,0.9,v2
22276,exp5,Petitioner,object,0,object,object,True,0.9,v2
22278,exp5,Pulmonology,topic,0,topic,,False,0.9,v2
22295,exp5,Multilayer perceptron,method,0,method,method,True,0.9,v2
22304,exp5,Cyber-physical system,object,0,object,object,True,0.9,v2
22306,exp5,Molecular diagnostics,topic,0,topic,,False,0.9,v2
22310,exp5,Red supergiant,object,0,object,object,True,0.9,v2
22318,exp5,Contact mechanics,topic,0,topic,,False,0.9,v2
22325,exp5,Rock bolt,object,0,object,object,True,0.9,v2
22329,exp5,Burst switching,method,0,method,property,False,0.9,v2
22335,exp5,Phreatic,topic,0,topic,,False,0.9,v2
22344,exp5,Software development process,topic,0,topic,,False,0.9,v2
22359,exp5,Adjacency matrix,object,0,object,object,True,0.9,v2
22367,exp5,Rare species,object,0,object,object,True,0.9,v2
22383,exp5,Time allocation,property,0,property,,False,0.9,v2
22393,exp5,Covalent bond,object,1,object,property,False,0.9,v2
22396,exp5,Downtime,property,0,property,,False,0.9,v2
22397,exp5,Retransmission,method,0,method,method,True,0.9,v2
22401,exp5,Airport security,topic,0,topic,,False,0.9,v2
22403,exp5,Dark current,property,0,property,,False,0.9,v2
22407,exp5,Geometric algebra,method,0,method,object,False,0.9,v2
22409,exp5,Tartrate-resistant acid phosphatase,object,0,object,object,True,0.9,v2
22415,exp5,Cryptocurrency,object,0,object,object,True,0.9,v2
22418,exp5,Cable harness,object,0,object,object,True,0.9,v2
22423,exp5,Monorail,object,0,object,object,True,0.9,v2
22428,exp5,Maternal effect,property,0,property,,False,0.9,v2
22435,exp5,Credit crunch,topic,0,topic,,False,0.9,v2
22447,exp5,Speckle noise,property,0,property,,False,0.9,v2
22456,exp5,Aridification,topic,0,topic,,False,0.9,v2
22462,exp5,Riemannian geometry,method,1,method,topic,False,0.9,v2
22473,exp5,Divestment,topic,0,topic,,False,0.9,v2
22478,exp5,Capital asset pricing model,method,0,method,method,True,0.9,v2
22480,exp5,Synthetic aperture sonar,method,0,method,method,True,0.9,v2
22483,exp5,Ion-association,method,0,method,property,False,0.9,v2
22487,exp5,Professional responsibility,topic,0,topic,,False,0.9,v2
22499,exp5,Isocenter,object,0,object,object,True,0.9,v2
22500,exp5,Differential item functioning,method,0,method,property,False,0.9,v2
22510,exp5,N400,object,0,object,property,False,0.9,v2
22526,exp5,Space environment,topic,0,topic,,False,0.9,v2
22537,exp5,Side lobe,object,0,object,property,False,0.9,v2
22542,exp5,Service level,property,0,property,,False,0.9,v2
22547,exp5,Sexology,topic,0,topic,,False,0.9,v2
22549,exp5,Macromolecular crowding,method,0,method,property,False,0.9,v2
22552,exp5,Resistive random-access memory,object,0,object,object,True,0.9,v2
22554,exp5,Maladaptation,property,0,property,,False,0.9,v2
22557,exp5,Transfer entropy,method,0,method,property,False,0.9,v2
22558,exp5,Criterion validity,property,0,property,,False,0.9,v2
22565,exp5,Cherenkov Telescope Array,object,0,object,object,True,0.9,v2
22566,exp5,Statistics education,topic,0,topic,,False,0.9,v2
22568,exp5,Line segment,object,1,object,object,True,0.9,v2
22569,exp5,Data link,object,0,object,object,True,0.9,v2
22579,exp5,Lightning strike,object,0,object,object,True,0.9,v2
22583,exp5,Serpens,object,0,object,object,True,0.9,v2
22585,exp5,Total cost,property,0,property,,False,0.9,v2
22589,exp5,Ribosome profiling,method,0,method,method,True,0.9,v2
22590,exp5,Learner autonomy,topic,0,topic,,False,0.9,v2
22592,exp5,Kernel principal component analysis,method,0,method,method,True,0.9,v2
22600,exp5,Barrier island,object,0,object,object,True,0.9,v2
22601,exp5,Phenocryst,object,0,object,object,True,0.9,v2
22603,exp5,Substring,object,0,object,object,True,0.9,v2
22606,exp5,Algebraic structure,object,0,object,object,True,0.9,v2
22608,exp5,Digit ratio,property,0,property,,False,0.9,v2
22611,exp5,Radio resource management,method,0,method,method,True,0.9,v2
22627,exp5,Ubiquitin-conjugating enzyme,object,0,object,object,True,0.9,v2
22631,exp5,Photothermal therapy,method,0,method,method,True,0.9,v2
22634,exp5,Answer set programming,method,0,method,method,True,0.9,v2
22635,exp5,Iron fertilization,method,0,method,topic,False,0.9,v2
22639,exp5,Coil spring,object,0,object,object,True,0.9,v2
22646,exp5,Resistance mutation,property,0,property,,False,0.9,v2
22652,exp5,Trade barrier,object,0,object,property,False,0.9,v2
22660,exp5,Horn antenna,object,0,object,object,True,1.0,v2
22663,exp5,LRP5,object,0,object,object,True,1.0,v2
22694,exp5,Laplace distribution,object,0,object,object,True,1.0,v2
22696,exp5,XML database,object,0,object,object,True,1.0,v2
22697,exp5,Depth of field,property,0,property,,False,1.0,v2
22720,exp5,Small-world network,object,0,object,object,True,1.0,v2
22727,exp5,Cluster sampling,method,0,method,method,True,1.0,v2
22743,exp5,Eye contact,property,0,property,,False,1.0,v2
22749,exp5,Market liquidity,property,0,property,,False,1.0,v2
22759,exp5,Integral imaging,method,0,method,method,True,1.0,v2
22793,exp5,Material flow,topic,0,topic,,False,1.0,v2
22803,exp5,United Nations Convention on the Law of the Sea,object,0,object,topic,False,1.0,v2
22805,exp5,Wilkinson power divider,object,0,object,object,True,1.0,v2
22814,exp5,Intergranular corrosion,property,0,property,,False,1.0,v2
22822,exp5,SGK1,object,0,object,object,True,1.0,v2
22826,exp5,Neutron generator,object,0,object,object,True,1.0,v2
22829,exp5,Strategic leadership,topic,0,topic,,False,1.0,v2
22832,exp5,Pedogenesis,topic,0,topic,,False,1.0,v2
22834,exp5,Pulverizer,object,0,object,object,True,1.0,v2
22840,exp5,Bourgeoisie,object,0,object,object,True,1.0,v2
22865,exp5,Atom interferometer,method,0,method,method,True,0.9,v2
22885,exp5,Joint mobilization,method,0,method,method,True,0.9,v2
22890,exp5,Professional learning community,topic,0,topic,,False,0.9,v2
22892,exp5,Cloud computing security,topic,0,topic,,False,0.9,v2
22893,exp5,Ionosonde,object,0,object,object,True,0.9,v2
22898,exp5,Routing table,object,0,object,object,True,0.9,v2
22899,exp5,Pairwise comparison,method,0,method,method,True,0.9,v2
22901,exp5,Soil acidification,topic,0,topic,,False,0.9,v2
22905,exp5,Open-pit mining,topic,0,topic,,False,0.9,v2
22906,exp5,Zero-energy building,topic,0,topic,,False,0.9,v2
22914,exp5,Waves in plasmas,topic,0,topic,,False,0.9,v2
22934,exp5,Glucagon-like peptide 1 receptor,object,0,object,object,True,0.9,v2
22953,exp5,Human evolution,topic,0,topic,,False,0.9,v2
22964,exp5,Sobolev inequality,property,0,property,,False,0.9,v2
22966,exp5,Technocracy,topic,0,topic,,False,0.9,v2
22967,exp5,Return on assets,property,0,property,,False,0.9,v2
22969,exp5,Shape-memory polymer,object,0,object,object,True,0.9,v2
22975,exp5,FrameNet,object,0,object,object,True,0.9,v2
22976,exp5,Peripheral vision,property,0,property,,False,0.9,v2
22981,exp5,Relative price,property,0,property,,False,0.9,v2
22982,exp5,Radicle,object,0,object,object,True,0.9,v2
22990,exp5,Physiologically based pharmacokinetic modelling,method,0,method,method,True,1.0,v2
22994,exp5,Micrograph,object,0,object,method,False,0.9,v2
23003,exp5,Mitotic catastrophe,object,0,object,object,True,1.0,v2
23005,exp5,Structural break,property,0,property,,False,1.0,v2
23006,exp5,Hadronization,method,0,method,,False,1.0,v2
23007,exp5,Innovation management,topic,0,topic,,False,1.0,v2
23015,exp5,Adaptive neuro fuzzy inference system,method,0,method,method,True,1.0,v2
23016,exp5,Magnetic refrigeration,topic,0,topic,,False,0.9,v2
23024,exp5,Vlasov equation,method,0,method,object,False,1.0,v2
23028,exp5,Differential algebraic equation,object,0,object,method,False,1.0,v2
23038,exp5,Social reproduction,topic,0,topic,,False,1.0,v2
23043,exp5,Phase-shift keying,method,0,method,method,True,1.0,v2
23046,exp5,CCL21,object,0,object,object,True,1.0,v2
23049,exp5,Microwave cavity,object,0,object,object,True,1.0,v2
23056,exp5,Hermite interpolation,method,0,method,method,True,1.0,v2
23059,exp5,Political socialization,topic,0,topic,,False,1.0,v2
23061,exp5,Overpotential,property,0,property,,False,1.0,v2
23064,exp5,Quantum network,object,0,object,topic,False,1.0,v2
23083,exp5,European Prospective Investigation into Cancer and Nutrition,object,0,object,object,True,1.0,v2
23109,exp5,Fermi Gamma-ray Space Telescope,object,0,object,object,True,1.0,v2
23121,exp5,Ichnology,topic,0,topic,,False,1.0,v2
23131,exp5,Historical geography,topic,0,topic,,False,1.0,v2
23135,exp5,Stellite,object,0,object,object,True,1.0,v2
23147,exp5,Color difference,property,0,property,,False,1.0,v2
23149,exp5,Viral marketing,topic,0,topic,,False,1.0,v2
23160,exp5,ATG16L1,object,0,object,object,True,1.0,v2
23161,exp5,Active zone,object,0,object,object,True,1.0,v2
23168,exp5,Allostatic load,property,0,property,,False,1.0,v2
23177,exp5,Social dilemma,topic,0,topic,,False,1.0,v2
23185,exp5,Case fatality rate,property,0,property,,False,1.0,v2
23188,exp5,Siltstone,object,0,object,object,True,1.0,v2
23192,exp5,Holographic grating,object,0,object,object,True,1.0,v2
23194,exp5,Interactionism,topic,0,topic,,False,1.0,v2
23198,exp5,Cofiring,method,0,method,method,True,1.0,v2
23200,exp5,UNIFAC,method,0,method,method,True,1.0,v2
23202,exp5,Aggresome,object,0,object,object,True,1.0,v2
23220,exp5,Ocean current,object,0,object,object,True,1.0,v2
23238,exp5,Monoamine neurotransmitter,object,0,object,object,True,1.0,v2
23241,exp5,Dramaturgy,topic,0,topic,,False,1.0,v2
23244,exp5,Chronobiology,topic,0,topic,,False,1.0,v2
23245,exp5,cardboard,object,0,object,object,True,0.7,v2
23251,exp5,Subtractor,object,0,object,object,True,1.0,v2
23252,exp5,Optical dating,method,0,method,method,True,1.0,v2
23253,exp5,Thermostat,object,0,object,object,True,1.0,v2
23256,exp5,AIM2,object,0,object,object,True,1.0,v2
23258,exp5,Endophenotype,property,0,property,,False,1.0,v2
23260,exp5,Color constancy,property,0,property,,False,1.0,v2
23268,exp5,Simplicial complex,object,0,object,object,True,1.0,v2
23270,exp5,Air source heat pumps,object,0,object,object,True,1.0,v2
23273,exp5,Subgroup analysis,method,0,method,method,True,1.0,v2
23278,exp5,Neuroethology,topic,0,topic,,False,1.0,v2
23286,exp5,QR decomposition,method,0,method,method,True,1.0,v2
23287,exp5,NetFlow,object,0,object,object,True,1.0,v2
23288,exp5,Neuroethics,topic,0,topic,,False,1.0,v2
23292,exp5,Q-learning,method,0,method,method,True,1.0,v2
23295,exp5,Stokes parameters,property,0,property,,False,1.0,v2
23300,exp5,Evolutionism,topic,0,topic,,False,1.0,v2
23301,exp5,Experiential education,topic,0,topic,,False,1.0,v2
23304,exp5,Social reality,object,0,object,property,False,1.0,v2
23310,exp5,Workflow engine,object,0,object,object,True,0.9,v2
23316,exp5,Psychological research,topic,0,topic,,False,0.9,v2
23321,exp5,Chemical oxygen demand,property,0,property,,False,0.9,v2
23338,exp5,Rehabilitation counseling,topic,0,topic,,False,0.9,v2
23341,exp5,Peroxisome proliferator-activated receptor alpha,object,0,object,object,True,0.9,v2
23352,exp5,Irregular galaxy,object,0,object,object,True,0.9,v2
23366,exp5,Neuroeconomics,topic,0,topic,,False,0.9,v2
23387,exp5,Active packaging,object,0,object,object,True,0.9,v2
23397,exp5,Superabsorbent polymer,object,0,object,object,True,0.9,v2
23399,exp5,Spatial data infrastructure,object,0,object,object,True,0.9,v2
23405,exp5,Variable number tandem repeat,object,0,object,object,True,0.9,v2
23415,exp5,Small Island Developing States,object,0,object,object,True,0.9,v2
23419,exp5,Modern art,topic,0,topic,,False,0.9,v2
23423,exp5,Initial mass function,property,0,property,,False,0.9,v2
23424,exp5,Particle accelerator,object,0,object,object,True,0.9,v2
23431,exp5,Cognitive bias,property,0,property,,False,0.9,v2
23435,exp5,Bisulfite sequencing,method,0,method,method,True,0.9,v2
23438,exp5,Liquidity risk,property,0,property,,False,0.9,v2
23439,exp5,Multi-level governance,object,0,object,topic,False,0.9,v2
23441,exp5,Multicollinearity,property,0,property,,False,0.9,v2
23442,exp5,Achene,object,0,object,object,True,1.0,v2
23451,exp5,Atomic orbital,object,0,object,property,False,1.0,v2
23462,exp5,cccDNA,object,0,object,object,True,1.0,v2
23470,exp5,Profit margin,property,0,property,,False,1.0,v2
23472,exp5,Process simulation,method,0,method,method,True,1.0,v2
23481,exp5,Sociology of religion,topic,0,topic,,False,1.0,v2
23504,exp5,Monetary system,topic,0,topic,,False,1.0,v2
23514,exp5,Information governance,topic,0,topic,,False,1.0,v2
23529,exp5,Natural philosophy,topic,1,topic,,False,0.8,v2
23533,exp5,Beamwidth,property,0,property,,False,1.0,v2
23540,exp5,Zeitgeist,topic,0,topic,,False,1.0,v2
23559,exp5,Optical cavity,object,0,object,object,True,1.0,v2
23561,exp5,Trie,object,0,object,method,False,1.0,v2
23567,exp5,Pareto distribution,object,0,object,object,True,1.0,v2
23568,exp5,Maritime boundary,object,0,object,object,True,1.0,v2
23581,exp5,Open quantum system,object,0,object,object,True,1.0,v2
23584,exp5,Mean platelet volume,property,0,property,,False,1.0,v2
23592,exp5,Magic realism,topic,0,topic,,False,1.0,v2
23612,exp5,Chemoselectivity,property,0,property,,False,1.0,v2
23615,exp5,Decellularization,method,0,method,method,True,1.0,v2
23616,exp5,Filaggrin,object,0,object,object,True,0.97,v2
23617,exp5,Timoshenko beam theory,method,0,method,method,True,0.98,v2
23627,exp5,Mobile manipulator,object,0,object,object,True,0.98,v2
23636,exp5,Application layer,object,0,object,object,True,0.97,v2
23640,exp5,Nanoreactor,object,0,object,object,True,0.98,v2
23641,exp5,Building design,topic,0,topic,,False,0.97,v2
23642,exp5,Mark-to-market accounting,method,0,method,topic,False,0.97,v2
23647,exp5,Hospital pharmacy,topic,0,topic,,False,0.97,v2
23649,exp5,Lisp,object,0,object,object,True,0.97,v2
23650,exp5,Chemostratigraphy,method,0,method,method,True,0.98,v2
23652,exp5,Spray characteristics,property,0,property,,False,0.97,v2
23658,exp5,Internal standard,method,0,method,method,True,0.98,v2
23662,exp5,Dialog system,object,0,object,object,True,0.97,v2
23667,exp5,Information industry,topic,0,topic,,False,0.97,v2
23681,exp5,Human reliability,property,0,property,,False,0.97,v2
23685,exp5,Optical power,property,0,property,,False,0.97,v2
23694,exp5,Dynamic modulus,property,0,property,,False,0.98,v2
23701,exp5,Interval arithmetic,method,0,method,method,True,0.98,v2
23702,exp5,Honeypot,object,0,object,object,True,0.98,v2
23732,exp5,Light beam,object,0,object,object,True,0.97,v2
23733,exp5,Mobility model,object,0,object,method,False,0.9,v2
23737,exp5,Degree of polymerization,property,0,property,,False,1.0,v2
23739,exp5,Plug flow,method,0,method,property,False,0.9,v2
23754,exp5,Financial instrument,object,0,object,object,True,0.9,v2
23757,exp5,V-ATPase,object,0,object,object,True,1.0,v2
23764,exp5,Shear thinning,property,0,property,,False,1.0,v2
23774,exp5,Cusp form,object,0,object,object,True,1.0,v2
23776,exp5,Synthetic biology,topic,0,topic,,False,1.0,v2
23779,exp5,Track circuit,object,0,object,object,True,0.9,v2
23781,exp5,Unit sphere,object,0,object,object,True,1.0,v2
23796,exp5,Drug design,topic,0,topic,,False,1.0,v2
23797,exp5,Convertible bond,object,0,object,object,True,0.9,v2
23800,exp5,Cohort effect,property,0,property,,False,1.0,v2
23812,exp5,Fault gouge,object,0,object,object,True,1.0,v2
23813,exp5,GATA1,object,0,object,object,True,1.0,v2
23827,exp5,Digital native,object,0,object,object,True,0.9,v2
23834,exp5,Holding cost,property,0,property,,False,1.0,v2
23842,exp5,Supramolecular assembly,object,0,object,object,True,1.0,v2
23843,exp5,Grammatical gender,property,0,property,,False,1.0,v2
23847,exp5,Vehicular ad hoc network,object,0,object,object,True,1.0,v2
23851,exp5,Psychographic,method,0,method,method,True,0.9,v2
23862,exp5,Boltzmann machine,object,0,object,method,False,0.9,v2
23865,exp5,Distributive lattice,object,0,object,object,True,0.9,v2
23870,exp5,Supply chain risk management,topic,0,topic,,False,0.9,v2
23875,exp5,OpenFlow,object,0,object,method,False,0.9,v2
23883,exp5,Homogenizer,object,0,object,object,True,0.9,v2
23885,exp5,Semantic interoperability,property,0,property,,False,0.9,v2
23886,exp5,Massive parallel sequencing,method,0,method,method,True,0.9,v2
23906,exp5,Reference genome,object,0,object,object,True,0.9,v2
23911,exp5,Scanning transmission electron microscopy,method,0,method,method,True,0.9,v2
23920,exp5,Type species,property,0,property,,False,0.9,v2
23934,exp5,GPS/INS,method,0,method,method,True,0.9,v2
23937,exp5,Gyrokinetics,method,0,method,method,True,0.9,v2
23942,exp5,Continuously variable transmission,object,0,object,object,True,0.9,v2
23944,exp5,False discovery rate,method,0,method,method,True,0.9,v2
23947,exp5,Robust optimization,method,0,method,method,True,0.9,v2
23952,exp5,Constitutive androstane receptor,object,0,object,object,True,0.9,v2
23956,exp5,Bast fibre,object,0,object,object,True,0.9,v2
23962,exp5,Hamming distance,method,0,method,property,False,0.9,v2
23967,exp5,Light-harvesting complex,object,0,object,object,True,0.9,v2
23968,exp5,Single-photon avalanche diode,object,0,object,object,True,0.9,v2
23979,exp5,Connected component,object,0,object,property,False,0.9,v2
23985,exp5,Fermentative hydrogen production,topic,0,topic,,False,0.9,v2
23986,exp5,Basalt fiber,object,0,object,object,True,0.9,v2
23995,exp5,Structured light,method,0,method,method,True,0.9,v2
23996,exp5,Ecliptic,object,0,object,object,True,0.9,v2
24025,exp5,Ancient Greece,topic,0,topic,,False,0.9,v2
24026,exp5,Demand forecasting,topic,0,topic,,False,0.9,v2
24029,exp5,Molecular cytogenetics,topic,0,topic,,False,0.9,v2
24030,exp5,Binary image,object,0,object,object,True,0.9,v2
24032,exp5,Cell encapsulation,method,0,method,method,True,0.9,v2
24046,exp5,Government revenue,property,0,property,,False,0.9,v2
24056,exp5,Differential optical absorption spectroscopy,method,0,method,method,True,0.9,v2
24060,exp5,Liquid scintillation counting,method,0,method,method,True,0.9,v2
24065,exp5,Degree of polarization,property,0,property,,False,0.9,v2
24075,exp5,Piano sonata,object,0,object,object,True,0.9,v2
24092,exp5,Path loss,property,0,property,,False,0.9,v2
24095,exp5,Reverse auction,method,0,method,method,True,0.9,v2
24102,exp5,Stochastic optimization,method,0,method,method,True,0.9,v2
24110,exp5,Direct-sequence spread spectrum,method,0,method,method,True,0.9,v2
24113,exp5,Orography,object,0,object,topic,False,0.9,v2
24114,exp5,Student engagement,property,0,property,,False,0.9,v2
24130,exp5,Generalized additive model,method,0,method,method,True,1.0,v2
24134,exp5,Web accessibility,topic,0,topic,,False,0.9,v2
24148,exp5,Adaptive radiation,topic,0,topic,,False,0.9,v2
24150,exp5,Adipokine,object,0,object,object,True,1.0,v2
24157,exp5,Dental prosthesis,object,0,object,object,True,1.0,v2
24165,exp5,Participant observation,method,0,method,method,True,1.0,v2
24174,exp5,Non-coding RNA,object,0,object,object,True,1.0,v2
24178,exp5,Founder effect,property,0,property,,False,1.0,v2
24181,exp5,Ultramafic rock,object,0,object,object,True,1.0,v2
24186,exp5,Intergenic region,object,0,object,object,True,1.0,v2
24192,exp5,Molecular phylogenetics,method,0,method,topic,False,1.0,v2
24195,exp5,Ciliogenesis,method,0,method,,False,1.0,v2
24202,exp5,Requisition,object,0,object,topic,False,0.9,v2
24224,exp5,Scenography,topic,0,topic,,False,0.9,v2
24225,exp5,Self-monitoring,property,0,property,,False,0.9,v2
24245,exp5,Hardenability,property,0,property,,False,1.0,v2
24254,exp5,Andromeda,object,0,object,object,True,0.9,v2
24256,exp5,Geoprocessing,method,0,method,method,True,1.0,v2
24261,exp5,Potentiometric sensor,object,0,object,object,True,0.9,v2
24287,exp5,Management styles,topic,0,topic,,False,0.8,v2
24290,exp5,Portal frame,object,0,object,method,False,0.9,v2
24295,exp5,CYP2A6,object,0,object,object,True,0.9,v2
24301,exp5,RF power amplifier,object,0,object,object,True,0.9,v2
24302,exp5,Boundary spanning,topic,0,topic,,False,0.8,v2
24311,exp5,Mashup,object,0,object,object,True,0.9,v2
24317,exp5,Bernoulli polynomials,object,0,object,object,True,0.9,v2
24321,exp5,Waste-to-energy,topic,0,topic,,False,0.8,v2
24324,exp5,Voltage regulation,property,0,property,,False,0.9,v2
24329,exp5,Mapping class group,object,0,object,object,True,0.9,v2
24339,exp5,Vesicle fusion,property,0,property,,False,0.9,v2
24341,exp5,Allocative efficiency,property,0,property,,False,0.8,v2
24350,exp5,Marine fungi,object,0,object,object,True,0.9,v2
24362,exp5,Telerobotics,topic,0,topic,,False,0.8,v2
24368,exp5,Bose–Hubbard model,object,0,object,method,False,0.9,v2
24370,exp5,Radixin,object,0,object,object,True,0.9,v2
24375,exp5,Electronic signature,object,0,object,method,False,0.9,v2
24378,exp5,Atomic clock,object,0,object,object,True,0.9,v2
24381,exp5,Henry's law,property,1,property,,False,0.9,v2
24383,exp5,Artificial muscle,object,0,object,object,True,0.9,v2
24391,exp5,Standard addition,method,0,method,method,True,1.0,v2
24399,exp5,Building envelope,object,0,object,object,True,0.9,v2
24410,exp5,Vermilion,property,0,property,,False,0.8,v2
24415,exp5,International relations theory,topic,0,topic,,False,1.0,v2
24417,exp5,Winter storm,object,0,object,object,True,0.9,v2
24418,exp5,Immunodiffusion,method,0,method,method,True,1.0,v2
24423,exp5,Bursa of Fabricius,object,0,object,object,True,0.9,v2
24425,exp5,Free-space optical communication,method,0,method,method,True,0.9,v2
24426,exp5,Denitrifying bacteria,object,0,object,object,True,0.9,v2
24428,exp5,Web mining,topic,0,topic,,False,0.9,v2
24430,exp5,Polygyny,property,0,property,,False,0.9,v2
24434,exp5,Derailment,object,0,object,object,True,0.9,v2
24458,exp5,Dynamic data,property,0,property,,False,0.9,v2
24464,exp5,Oversampling,method,0,method,method,True,0.9,v2
24468,exp5,Citizen science,topic,0,topic,,False,0.9,v2
24476,exp5,Optical burst switching,method,0,method,method,True,0.9,v2
24479,exp5,Cryosphere,object,0,object,object,True,0.9,v2
24487,exp5,Cation-exchange capacity,property,0,property,,False,0.9,v2
24493,exp5,Sunshine duration,property,0,property,,False,0.9,v2
24504,exp5,Postmarketing surveillance,topic,0,topic,,False,0.8,v2
24507,exp5,Polynomial chaos,method,0,method,method,True,0.9,v2
24513,exp5,Earned value management,method,0,method,method,True,0.9,v2
24522,exp5,Mylonite,object,0,object,object,True,0.9,v2
24523,exp5,Latrine,object,0,object,object,True,0.8,v2
24561,exp5,Phycobilisome,object,0,object,object,True,0.9,v2
24563,exp5,Official statistics,topic,0,topic,,False,0.8,v2
24568,exp5,Instrumentalism,topic,0,topic,,False,0.8,v2
24578,exp5,Cross-cultural communication,topic,0,topic,,False,0.8,v2
24583,exp5,Occupational health nursing,topic,0,topic,,False,0.8,v2
24585,exp5,Virasoro algebra,object,0,object,object,True,0.9,v2
24587,exp5,D-loop,object,0,object,object,True,0.9,v2
24589,exp5,Biochemical oxygen demand,property,0,property,,False,0.9,v2
24591,exp5,Binocular rivalry,object,0,object,property,False,0.9,v2
24597,exp5,Quantum correlation,property,0,property,,False,0.9,v2
24599,exp5,Finite impulse response,method,0,method,method,True,0.9,v2
24642,exp5,Quasigroup,object,0,object,object,True,0.9,v2
24645,exp5,Octahedron,object,0,object,object,True,0.9,v2
24653,exp5,Sequential quadratic programming,method,0,method,method,True,0.9,v2
24667,exp5,Pinion,object,0,object,object,True,0.9,v2
24670,exp5,Shapley value,method,0,method,property,False,0.9,v2
24685,exp5,Float glass,object,0,object,object,True,0.9,v2
24694,exp5,Translocon,object,0,object,object,True,0.9,v2
24696,exp5,Hitting time,property,0,property,,False,0.9,v2
24698,exp5,Legal liability,topic,0,topic,,False,0.9,v2
24703,exp5,Negative binomial distribution,property,1,property,,False,0.9,v2
24705,exp5,Restricted Boltzmann machine,method,0,method,method,True,0.9,v2
24708,exp5,Standardized uptake value,property,0,property,,False,0.9,v2
24713,exp5,Metaproteomics,topic,0,topic,,False,0.9,v2
24715,exp5,Riemann hypothesis,property,1,property,,False,0.9,v2
24733,exp5,Lifting scheme,method,0,method,method,True,0.9,v2
24735,exp5,Voluntary association,object,0,object,object,True,0.9,v2
24750,exp5,Subdivision surface,method,0,method,method,True,0.9,v2
24761,exp5,Holotype,object,0,object,object,True,0.9,v2
24762,exp5,Duty cycle,property,0,property,,False,0.9,v2
24765,exp5,SIRT2,object,0,object,object,True,0.9,v2
24767,exp5,Carbon fixation,method,0,method,property,False,0.9,v2
24768,exp5,Mellin transform,method,0,method,method,True,0.9,v2
24772,exp5,Chemerin,object,0,object,object,True,0.9,v2
24773,exp5,Private finance initiative,topic,0,topic,,False,0.9,v2
24796,exp5,Voxel-based morphometry,method,0,method,method,True,1.0,v2
24807,exp5,Phototaxis,property,0,property,,False,1.0,v2
24831,exp5,Situated learning,topic,0,topic,,False,1.0,v2
24840,exp5,Glyceride,object,0,object,object,True,1.0,v2
24846,exp5,Texture mapping,method,0,method,method,True,1.0,v2
24847,exp5,Sensor web,object,0,object,object,True,1.0,v2
24865,exp5,Kernel regression,method,0,method,method,True,1.0,v2
24876,exp5,Voltage-dependent anion channel,object,0,object,object,True,1.0,v2
24877,exp5,Invadopodia,object,0,object,object,True,1.0,v2
24891,exp5,Vortex tube,object,0,object,object,True,1.0,v2
24895,exp5,Fusiform face area,object,0,object,object,True,1.0,v2
24900,exp5,Syntactic foam,object,0,object,object,True,1.0,v2
24935,exp5,Permanent magnet synchronous generator,object,0,object,object,True,1.0,v2
24938,exp5,Hermite polynomials,object,0,object,object,True,1.0,v2
24942,exp5,Reification (Marxism),topic,0,topic,,False,1.0,v2
24946,exp5,Multithreading,method,0,method,method,True,1.0,v2
24949,exp5,Pressure swing adsorption,method,0,method,method,True,1.0,v2
24951,exp5,Synapsis,property,0,property,,False,1.0,v2
24959,exp5,Haplogroup,object,0,object,object,True,1.0,v2
24969,exp5,Passive margin,object,0,object,object,True,1.0,v2
24970,exp5,Ambient intelligence,topic,0,topic,,False,0.8,v2
24973,exp5,Radiation treatment planning,topic,0,topic,,False,0.9,v2
24996,exp5,Biological data,object,0,object,object,True,0.8,v2
25003,exp5,Argonaute,object,0,object,object,True,0.9,v2
25005,exp5,Random number generation,method,0,method,method,True,0.8,v2
25007,exp5,Soil nailing,method,0,method,method,True,0.9,v2
25017,exp5,Social connectedness,property,0,property,,False,0.8,v2
25026,exp5,Shaped charge,object,0,object,object,True,0.9,v2
25033,exp5,Scenario planning,method,0,method,method,True,0.8,v2
25035,exp5,Hectare,property,0,property,,False,0.9,v2
25039,exp5,Mechanosynthesis,method,0,method,method,True,0.9,v2
25041,exp5,Software evolution,topic,0,topic,,False,0.8,v2
25056,exp5,Space observatory,object,0,object,object,True,0.9,v2
25065,exp5,Loop quantum cosmology,topic,0,topic,,False,0.8,v2
25066,exp5,Radio propagation,property,0,property,,False,0.8,v2
25068,exp5,Economic indicator,property,0,property,,False,0.8,v2
25077,exp5,Automorphic L-function,object,0,object,object,True,0.9,v2
25078,exp5,Somatic cell nuclear transfer,method,0,method,method,True,0.9,v2
25079,exp5,Class diagram,object,0,object,object,True,0.9,v2
25082,exp5,Accounts receivable,property,0,property,,False,0.8,v2
25083,exp5,Gravimetry,method,0,method,method,True,0.9,v2
25086,exp5,Client-side,topic,0,topic,,False,0.8,v2
25087,exp5,Instruction set,object,0,object,object,True,0.9,v2
25090,exp5,Precise Point Positioning,method,0,method,method,True,0.9,v2
25096,exp5,Repeated game,topic,0,topic,,False,0.8,v2
25097,exp5,Optical telescope,object,0,object,object,True,0.9,v2
25103,exp5,Social pedagogy,topic,0,topic,,False,0.8,v2
25104,exp5,Differentiable function,object,1,object,property,False,0.9,v2
25109,exp5,eHealth,topic,0,topic,,False,0.9,v2
25118,exp5,Embodied energy,property,0,property,,False,0.9,v2
25130,exp5,Accuracy and precision,property,0,property,,False,0.9,v2
25132,exp5,Air-to-air missile,object,0,object,object,True,0.9,v2
25137,exp5,Ornithology,topic,0,topic,,False,0.9,v2
25142,exp5,Forward error correction,method,0,method,method,True,0.9,v2
25156,exp5,Public-key cryptography,method,0,method,topic,False,0.9,v2
25162,exp5,Spontaneous parametric down-conversion,method,0,method,method,True,0.9,v2
25167,exp5,Optical isolator,object,0,object,object,True,0.9,v2
25169,exp5,Standardized test,object,0,object,method,False,0.9,v2
25179,exp5,Paraboloid,object,0,object,object,True,0.9,v2
25201,exp5,Aggregate demand,property,0,property,,False,0.9,v2
25206,exp5,Type D personality,object,0,object,property,False,0.9,v2
25220,exp5,Cuboid,object,0,object,object,True,0.9,v2
25228,exp5,Local oscillator,object,0,object,object,True,0.9,v2
25233,exp5,GPX1,object,0,object,object,True,0.9,v2
25234,exp5,Citizen journalism,topic,0,topic,,False,0.9,v2
25237,exp5,Perpetuity,object,0,object,property,False,0.9,v2
25244,exp5,Line graph,object,0,object,object,True,0.9,v2
25250,exp5,Farnesoid X receptor,object,0,object,object,True,0.9,v2
25253,exp5,Lectin pathway,method,0,method,property,False,0.9,v2
25258,exp5,Ego depletion,property,0,property,,False,0.9,v2
25269,exp5,Estimating equations,method,0,method,method,True,0.9,v2
25285,exp5,Voice activity detection,method,0,method,method,True,0.9,v2
25286,exp5,Immigration law,topic,0,topic,,False,0.9,v2
25287,exp5,Short run,property,0,property,,False,0.9,v2
25289,exp5,Radio-frequency identification,object,0,object,object,True,0.9,v2
25290,exp5,Water gas,object,0,object,object,True,0.9,v2
25300,exp5,Quality by Design,method,0,method,method,True,0.9,v2
25314,exp5,Implicit attitude,property,0,property,,False,0.9,v2
25320,exp5,Rotterdam Study,object,0,object,object,True,0.9,v2
25339,exp5,Orbital motion,property,0,property,,False,0.9,v2
25342,exp5,Biotinylation,method,0,method,method,True,0.9,v2
25343,exp5,Glycobiology,topic,0,topic,,False,0.9,v2
25345,exp5,Core stability,property,0,property,,False,0.9,v2
25349,exp5,Deep packet inspection,method,0,method,method,True,0.9,v2
25351,exp5,Interference fit,object,0,object,property,False,0.9,v2
25363,exp5,Passive optical network,object,0,object,object,True,0.9,v2
25364,exp5,Positive pressure,property,0,property,,False,0.9,v2
25373,exp5,Generating function,object,0,object,object,True,0.9,v2
25386,exp5,Public engagement,topic,0,topic,,False,0.9,v2
25390,exp5,Interval estimation,method,0,method,method,True,0.9,v2
25415,exp5,Aestheticism,topic,0,topic,,False,0.9,v2
25419,exp5,Galaxy merger,object,0,object,object,True,0.9,v2
25420,exp5,Logistic map,object,0,object,method,False,0.9,v2
25426,exp5,DMAIC,method,0,method,method,True,0.9,v2
25427,exp5,Neuroinformatics,topic,0,topic,,False,0.9,v2
25429,exp5,Extremophile,object,0,object,object,True,0.9,v2
25439,exp5,Extreme weather,object,0,object,property,False,0.9,v2
25447,exp5,Phyllosphere,object,0,object,object,True,0.9,v2
25448,exp5,Unipotent,object,0,object,object,True,0.9,v2
25451,exp5,Linear-fractional programming,method,0,method,method,True,0.9,v2
25457,exp5,Chromate conversion coating,method,0,method,method,True,0.9,v2
25462,exp5,Soil mechanics,topic,0,topic,,False,0.9,v2
25468,exp5,Terahertz time-domain spectroscopy,method,0,method,method,True,1.0,v2
25492,exp5,Conductive atomic force microscopy,method,0,method,method,True,1.0,v2
25504,exp5,Echogenicity,property,0,property,,False,1.0,v2
25507,exp5,Treebank,object,0,object,object,True,1.0,v2
25513,exp5,Medical history,topic,1,topic,,False,0.9,v2
25520,exp5,Earnings per share,property,0,property,,False,1.0,v2
25521,exp5,Nilpotent group,object,0,object,object,True,1.0,v2
25524,exp5,Reaction wheel,object,0,object,object,True,1.0,v2
25525,exp5,Sour gas,object,0,object,object,True,0.9,v2
25542,exp5,Glass microsphere,object,0,object,object,True,0.9,v2
25552,exp5,Hot Jupiter,object,0,object,object,True,0.9,v2
25554,exp5,SNOMED CT,object,0,object,object,True,0.9,v2
25566,exp5,Plasma arc welding,method,0,method,method,True,0.9,v2
25579,exp5,DASH diet,topic,0,topic,,False,0.9,v2
25581,exp5,Siltation,property,0,property,,False,0.9,v2
25585,exp5,Near miss,object,0,object,object,True,0.9,v2
25590,exp5,Capacitive sensing,method,0,method,method,True,0.9,v2
25593,exp5,Sericin,object,0,object,object,True,0.9,v2
25596,exp5,Mixed reality,object,0,object,topic,False,0.9,v2
25597,exp5,Two-stroke engine,object,0,object,object,True,0.9,v2
25604,exp5,Region growing,method,0,method,method,True,0.9,v2
25610,exp5,Cloud cover,property,0,property,,False,0.9,v2
25615,exp5,COPI,object,0,object,object,True,0.9,v2
25617,exp5,Flight dynamics,topic,0,topic,,False,0.9,v2
25624,exp5,Energy conversion efficiency,property,0,property,,False,0.9,v2
25626,exp5,Gyroid,object,0,object,object,True,0.9,v2
25635,exp5,Protein function prediction,topic,0,topic,,False,0.9,v2
25639,exp5,Hazard ratio,property,0,property,,False,0.9,v2
25646,exp5,Genetic screen,method,0,method,method,True,0.9,v2
25652,exp5,Enterprise risk management,topic,0,topic,,False,0.9,v2
25659,exp5,Digital printing,method,0,method,method,True,0.9,v2
25662,exp5,FOXP2,object,0,object,object,True,0.9,v2
25666,exp5,Philopatry,property,0,property,,False,0.9,v2
25677,exp5,Cold cathode,object,0,object,object,True,0.9,v2
25686,exp5,Business process modeling,topic,0,topic,,False,0.9,v2
25708,exp5,Space weathering,topic,0,topic,,False,0.9,v2
25709,exp5,Domain knowledge,property,0,property,,False,0.9,v2
25718,exp5,Functional renormalization group,method,0,method,method,True,0.9,v2
25722,exp5,Singularity theory,topic,0,topic,,False,0.9,v2
25726,exp5,Critical dimension,property,0,property,,False,0.9,v2
25736,exp5,Laminar flame speed,property,0,property,,False,0.9,v2
25739,exp5,Kilogram,object,1,object,property,False,0.9,v2
25740,exp5,Signal generator,object,0,object,object,True,0.9,v2
25748,exp5,k-means clustering,method,0,method,method,True,0.9,v2
25768,exp5,Unicode,object,0,object,object,True,0.9,v2
25773,exp5,Latent Dirichlet allocation,method,0,method,method,True,0.9,v2
25776,exp5,Direct democracy,topic,0,topic,,False,0.9,v2
25778,exp5,Rhinology,topic,0,topic,,False,0.9,v2
25780,exp5,British Empire,topic,0,topic,,False,0.9,v2
25782,exp5,Islamic architecture,topic,0,topic,,False,0.9,v2
25783,exp5,Real estate development,topic,0,topic,,False,0.9,v2
25792,exp5,Scarlet fever,object,0,object,object,True,0.9,v2
25794,exp5,Game design,topic,0,topic,,False,0.9,v2
25800,exp5,Urban agriculture,topic,0,topic,,False,0.9,v2
25801,exp5,Social web,topic,0,topic,,False,0.9,v2
25834,exp5,Home automation,topic,0,topic,,False,0.9,v2
25841,exp5,Fishing industry,topic,0,topic,,False,0.9,v2
25844,exp5,Mechanochemistry,topic,0,topic,,False,0.9,v2
25849,exp5,Animal feed,object,0,object,object,True,0.9,v2
25855,exp5,Climate change mitigation,topic,0,topic,,False,1.0,v2
25865,exp5,Financial regulation,topic,0,topic,,False,1.0,v2
25868,exp5,Fandom,topic,0,topic,,False,1.0,v2
25878,exp5,Shang dynasty,object,0,object,object,True,1.0,v2
25880,exp5,Windows CE,object,0,object,object,True,1.0,v2
25883,exp5,Online advertising,topic,0,topic,,False,1.0,v2
25886,exp5,Interculturalism,topic,0,topic,,False,1.0,v2
25888,exp5,In vitro fertilisation,method,0,method,method,True,1.0,v2
25898,exp5,Economic inequality,property,0,property,,False,1.0,v2
25899,exp5,Low-carbon economy,topic,0,topic,,False,1.0,v2
25903,exp5,Orienteering,topic,0,topic,,False,1.0,v2
25904,exp5,Virtualization,method,0,method,method,True,1.0,v2
25917,exp5,Tax avoidance,topic,0,topic,,False,1.0,v2
25918,exp5,Enterprise application integration,method,0,method,method,True,1.0,v2
25929,exp5,Web analytics,method,0,method,method,True,1.0,v2
25931,exp5,Christian ethics,topic,0,topic,,False,1.0,v2
25932,exp5,Ephemera,object,0,object,object,True,1.0,v2
25935,exp5,Mobile Web,topic,0,topic,,False,1.0,v2
25937,exp5,John Chrysostom,object,0,object,object,True,1.0,v2
25938,exp5,Hybrid vehicle,object,0,object,object,True,1.0,v2
25943,exp5,Queer theory,topic,0,topic,,False,1.0,v2
25944,exp5,Demographic history,topic,0,topic,,False,1.0,v2
25948,exp5,Intelligence analysis,topic,0,topic,,False,1.0,v2
25950,exp5,e-Science,topic,0,topic,,False,1.0,v2
25955,exp5,Stress–strain curve,property,0,property,,False,1.0,v2
25964,exp5,Psychological abuse,topic,0,topic,,False,1.0,v2
25965,exp5,Repurposing,method,0,method,method,True,1.0,v2
25968,exp5,Military logistics,topic,0,topic,,False,1.0,v2
25980,exp5,BitTorrent,object,0,object,method,False,1.0,v2
25985,exp5,Transliteration,method,0,method,method,True,1.0,v2
25989,exp5,Free will,topic,0,topic,,False,1.0,v2
25990,exp5,Web design,topic,0,topic,,False,1.0,v2
25993,exp5,Webometrics,topic,0,topic,,False,1.0,v2
25996,exp5,Waste collection,topic,0,topic,,False,1.0,v2
25999,exp5,Humanitarian aid,topic,0,topic,,False,1.0,v2
26006,exp5,Public speaking,topic,0,topic,,False,1.0,v2
26009,exp5,Identity theft,topic,0,topic,,False,1.0,v2
26012,exp5,Social research,topic,0,topic,,False,1.0,v2
26013,exp5,Electronic toll collection,method,0,method,method,True,1.0,v2
26017,exp5,Legal research,topic,0,topic,,False,0.9,v2
26021,exp5,Environmental remediation,topic,0,topic,,False,0.9,v2
26022,exp5,Spitzer Space Telescope,object,0,object,object,True,0.9,v2
26023,exp5,Oligarchy,object,0,object,property,False,0.9,v2
26026,exp5,Business education,topic,0,topic,,False,0.9,v2
26033,exp5,Microsoft Office,object,0,object,object,True,0.9,v2
26044,exp5,3D printing,method,0,method,method,True,0.9,v2
26051,exp5,Dark triad,object,0,object,property,False,0.9,v2
26052,exp5,Scientometrics,topic,0,topic,,False,0.9,v2
26058,exp5,Carpentry,topic,0,topic,,False,0.9,v2
26071,exp5,Windows Vista,object,0,object,object,True,0.9,v2
26077,exp5,Carbon finance,topic,0,topic,,False,0.9,v2
26080,exp5,Fair trade,topic,0,topic,,False,0.9,v2
26081,exp5,Biblical Hebrew,object,0,object,object,True,0.9,v2
26086,exp5,Civil defense,topic,0,topic,,False,0.9,v2
26092,exp5,Viking Age,object,0,object,topic,False,0.9,v2
26123,exp5,Astroparticle physics,topic,0,topic,,False,0.9,v2
26128,exp5,Apologetics,topic,0,topic,,False,0.9,v2
26130,exp5,Human spaceflight,topic,0,topic,,False,0.9,v2
26137,exp5,Direct marketing,method,0,method,topic,False,0.9,v2
26144,exp5,Electrotherapy,method,0,method,method,True,0.9,v2
26157,exp5,Geoengineering,topic,0,topic,,False,0.9,v2
26159,exp5,Digital rights management,topic,0,topic,,False,0.9,v2
26165,exp5,Aviation safety,topic,0,topic,,False,0.9,v2
26180,exp5,Net neutrality,topic,0,topic,,False,0.9,v2
26188,exp5,Otology,topic,0,topic,,False,0.9,v2
26195,exp5,Limbic system,object,0,object,object,True,0.9,v2
26198,exp5,Forced migration,topic,0,topic,,False,0.9,v2
26206,exp5,Malware,object,0,object,object,True,0.9,v2
26208,exp5,Gerontological nursing,topic,0,topic,,False,0.9,v2
26211,exp5,Chinese poetry,topic,0,topic,,False,0.9,v2
26213,exp5,Land law,topic,0,topic,,False,0.9,v2
26218,exp5,Social economy,topic,0,topic,,False,0.9,v2
26225,exp5,Classical music,topic,0,topic,,False,0.9,v2
26227,exp5,Interwar period,topic,0,topic,,False,0.9,v2
26229,exp5,Spiritualism,topic,0,topic,,False,0.9,v2
26236,exp5,Oral tradition,topic,0,topic,,False,0.9,v2
26246,exp5,Distributed generation,topic,0,topic,,False,0.9,v2
26257,exp5,Mental health law,topic,0,topic,,False,0.9,v2
26258,exp5,Sports marketing,topic,0,topic,,False,0.9,v2
26262,exp5,Optical character recognition,method,0,method,method,True,0.9,v2
26288,exp5,Phosphate minerals,object,0,object,object,True,1.0,v2
26293,exp5,Windows Server,object,0,object,object,True,1.0,v2
26294,exp5,Weather modification,topic,0,topic,,False,0.9,v2
26299,exp5,Energy development,topic,0,topic,,False,0.9,v2
26300,exp5,Transhumanism,topic,0,topic,,False,0.9,v2
26302,exp5,File sharing,topic,0,topic,,False,0.9,v2
26315,exp5,Vernacular architecture,topic,0,topic,,False,0.9,v2
26316,exp5,Linux kernel,object,0,object,object,True,0.9,v2
26319,exp5,Extreme poverty,topic,0,topic,,False,0.9,v2
26325,exp5,Hangul,object,0,object,object,True,0.9,v2
26336,exp5,Identity management,topic,0,topic,,False,0.9,v2
26339,exp5,Onomastics,topic,0,topic,,False,0.9,v2
26348,exp5,Public broadcasting,topic,0,topic,,False,0.9,v2
26349,exp5,Computer forensics,topic,0,topic,,False,0.9,v2
26356,exp5,Android (operating system),object,0,object,object,True,0.9,v2
26362,exp5,Sumerian,object,0,object,object,True,0.9,v2
26367,exp5,Autonomic computing,topic,0,topic,,False,0.9,v2
26381,exp5,Abiraterone acetate,object,0,object,object,True,1.0,v2
26382,exp5,Spring steel,object,0,object,object,True,0.9,v2
26388,exp5,Brand community,topic,0,topic,,False,0.8,v2
26398,exp5,Lexeme,object,0,object,object,True,0.8,v2
26400,exp5,Aristolochiaceae,object,0,object,object,True,0.8,v2
26401,exp5,Holographic data storage,topic,0,topic,,False,0.8,v2
26408,exp5,Terfenol-D,object,0,object,object,True,0.8,v2
26411,exp5,Homovanillic acid,object,0,object,object,True,0.8,v2
26414,exp5,Transdermal patch,object,0,object,method,False,0.8,v2
26422,exp5,Phenylbutazone,object,0,object,object,True,0.8,v2
26423,exp5,Truffle,object,0,object,object,True,0.8,v2
26434,exp5,Cyanate ester,object,0,object,object,True,0.8,v2
26449,exp5,Oculocutaneous albinism,object,0,object,object,True,0.8,v2
26458,exp5,Kesterite,object,0,object,object,True,0.8,v2
26461,exp5,Work-related musculoskeletal disorders,object,0,object,object,True,0.8,v2
26466,exp5,Freedom of religion,topic,0,topic,,False,0.8,v2
26472,exp5,Duplex ultrasonography,method,0,method,method,True,0.8,v2
26473,exp5,Gastrodia elata,object,0,object,object,True,0.8,v2
26475,exp5,Prairie vole,object,0,object,object,True,0.8,v2
26476,exp5,Dipicolinic acid,object,0,object,object,True,0.8,v2
26477,exp5,Apicoplast,object,0,object,object,True,0.8,v2
26479,exp5,Phytotoxin,object,0,object,object,True,0.8,v2
26484,exp5,Forensic dentistry,topic,0,topic,,False,0.9,v2
26486,exp5,Atonement,topic,0,topic,,False,0.8,v2
26488,exp5,CD163,object,0,object,object,True,0.9,v2
26497,exp5,Acinetobacter calcoaceticus,object,0,object,object,True,0.9,v2
26501,exp5,Public hospital,object,0,object,object,True,0.9,v2
26502,exp5,Exemestane,object,0,object,object,True,0.9,v2
26503,exp5,Overhead line,object,0,object,object,True,0.9,v2
26504,exp5,Citrus canker,object,0,object,object,True,0.9,v2
26506,exp5,Porcine epidemic diarrhea virus,object,0,object,object,True,0.9,v2
26507,exp5,Ostrinia furnacalis,object,0,object,object,True,0.9,v2
26510,exp5,Childlessness,property,0,property,,False,0.9,v2
26511,exp5,Cellulose triacetate,object,0,object,object,True,0.9,v2
26513,exp5,Carbohydrazide,object,0,object,object,True,0.9,v2
26517,exp5,Produced water,object,0,object,object,True,0.9,v2
26518,exp5,Cyclopoida,object,0,object,object,True,0.9,v2
26520,exp5,CCR4,object,0,object,object,True,0.9,v2
26524,exp5,Parasitemia,property,0,property,,False,0.9,v2
26539,exp5,Network governance,topic,0,topic,,False,0.9,v2
26551,exp5,Phenprocoumon,object,0,object,object,True,0.9,v2
26552,exp5,Nalidixic acid,object,0,object,object,True,0.9,v2
26556,exp5,Hypertrichosis,object,0,object,object,True,1.0,v2
26557,exp5,Campanulaceae,object,0,object,object,True,1.0,v2
26560,exp5,Ethics of care,topic,0,topic,,False,1.0,v2
26565,exp5,Thrust vectoring,method,0,method,method,True,1.0,v2
26567,exp5,Hypokinesia,object,0,object,object,True,1.0,v2
26568,exp5,Niobium oxide,object,0,object,object,True,1.0,v2
26570,exp5,Pencil-beam scanning,method,0,method,method,True,1.0,v2
26573,exp5,Hydroxytyrosol,object,0,object,object,True,1.0,v2
26578,exp5,Site index,property,0,property,,False,1.0,v2
26583,exp5,Lungworm,object,0,object,object,True,1.0,v2
26586,exp5,World championship,topic,0,topic,,False,1.0,v2
26589,exp5,Cavernous sinus thrombosis,object,0,object,object,True,1.0,v2
26590,exp5,Jerusalem artichoke,object,0,object,object,True,1.0,v2
26597,exp5,Empagliflozin,object,0,object,object,True,1.0,v2
26601,exp5,Sandfly,object,0,object,object,True,1.0,v2
26604,exp5,CIITA,object,0,object,object,True,1.0,v2
26613,exp5,Matricellular protein,object,0,object,object,True,1.0,v2
26617,exp5,Biomanufacturing,topic,0,topic,,False,1.0,v2
26619,exp5,Sleep architecture,property,0,property,,False,1.0,v2
26620,exp5,Prohibitin,object,0,object,object,True,1.0,v2
26624,exp5,Chondroitin sulfate proteoglycan,object,0,object,object,True,0.9,v2
26628,exp5,Bloodletting,method,0,method,method,True,0.8,v2
26632,exp5,Milkfish,object,0,object,object,True,0.9,v2
26635,exp5,Leuciscus,object,0,object,object,True,0.9,v2
26640,exp5,Abies balsamea,object,0,object,object,True,0.9,v2
26643,exp5,Lactobacillus reuteri,object,0,object,object,True,0.9,v2
26645,exp5,Trigger finger,object,0,object,object,True,0.9,v2
26647,exp5,Whey protein isolate,object,0,object,object,True,0.9,v2
26649,exp5,Organization studies,topic,0,topic,,False,0.8,v2
26653,exp5,Water cluster,object,0,object,object,True,0.9,v2
26654,exp5,Service recovery,topic,0,topic,,False,0.8,v2
26669,exp5,Critical race theory,topic,0,topic,,False,0.8,v2
26671,exp5,Precarious work,topic,0,topic,,False,0.8,v2
26673,exp5,Self-service,topic,0,topic,,False,0.8,v2
26674,exp5,Fenoterol,object,0,object,object,True,0.9,v2
26676,exp5,Orthogonal frequency-division multiple access,method,0,method,method,True,0.9,v2
26677,exp5,Rosa × damascena,object,0,object,object,True,0.9,v2
26685,exp5,Bilberry,object,0,object,object,True,0.9,v2
26689,exp5,Nation state,object,0,object,topic,False,0.8,v2
26696,exp5,Fractional Laplacian,object,0,object,method,False,0.9,v2
26698,exp5,Kanban,method,0,method,method,True,0.9,v2
26700,exp5,Vicarious liability,topic,0,topic,,False,0.9,v2
26704,exp5,pernicious anemia,object,0,object,object,True,0.9,v2
26711,exp5,Library management,topic,0,topic,,False,0.9,v2
26732,exp5,5-Methylcytosine,object,0,object,object,True,0.9,v2
26734,exp5,Tetramine,object,0,object,object,True,0.9,v2
26740,exp5,Quechers,method,0,method,method,True,0.9,v2
26742,exp5,Insulin degludec,object,0,object,object,True,0.9,v2
26743,exp5,Fault injection,method,0,method,method,True,0.9,v2
26744,exp5,Swainsonine,object,0,object,object,True,0.9,v2
26745,exp5,Dishevelled,object,0,object,object,True,0.9,v2
26748,exp5,Jarosite,object,0,object,object,True,0.9,v2
26749,exp5,Scalar–tensor theory,topic,0,topic,,False,0.9,v2
26752,exp5,Mobile banking,topic,0,topic,,False,0.9,v2
26754,exp5,Electronic waste,topic,0,topic,,False,0.9,v2
26760,exp5,Farnesyl diphosphate synthase,object,0,object,object,True,0.9,v2
26763,exp5,Ombrotrophic,object,0,object,property,False,0.9,v2
26766,exp5,Triethylene glycol,object,0,object,object,True,0.9,v2
26773,exp5,Nasolabial fold,object,0,object,object,True,0.9,v2
26777,exp5,CubeSat,object,0,object,object,True,0.9,v2
26780,exp5,FGF19,object,0,object,object,True,1.0,v2
26786,exp5,Morphea,object,0,object,object,True,1.0,v2
26789,exp5,Computerized physician order entry,method,0,method,method,True,1.0,v2
26794,exp5,Logic model,method,0,method,method,True,1.0,v2
26795,exp5,Mousterian,topic,0,topic,,False,1.0,v2
26801,exp5,Overlap syndrome,object,0,object,object,True,1.0,v2
26811,exp5,Abomasum,object,0,object,object,True,1.0,v2
26812,exp5,Tunnel field-effect transistor,object,0,object,object,True,1.0,v2
26815,exp5,Angiotensin-converting enzyme 2,object,0,object,object,True,1.0,v2
26816,exp5,Dysgraphia,object,0,object,object,True,1.0,v2
26819,exp5,Cascode,object,0,object,object,True,1.0,v2
26824,exp5,Backwardness,topic,0,topic,,False,1.0,v2
26827,exp5,Boldness,property,0,property,,False,1.0,v2
26829,exp5,Health facility,object,0,object,object,True,1.0,v2
26838,exp5,Capsular contracture,object,0,object,object,True,1.0,v2
26840,exp5,Heteronormativity,topic,0,topic,,False,1.0,v2
26842,exp5,Nippostrongylus brasiliensis,object,0,object,object,True,1.0,v2
26844,exp5,Digital curation,topic,0,topic,,False,1.0,v2
26845,exp5,Calsequestrin,object,0,object,object,True,1.0,v2
26848,exp5,Electronic portfolio,object,0,object,object,True,1.0,v2
26849,exp5,Deodorant,object,0,object,object,True,0.9,v2
26850,exp5,Arrears,property,0,property,,False,0.9,v2
26853,exp5,Laser coagulation,method,0,method,method,True,0.9,v2
26858,exp5,GTP cyclohydrolase I,object,0,object,object,True,0.9,v2
26859,exp5,Saprolegnia,object,0,object,object,True,0.9,v2
26860,exp5,Pfaffian,object,0,object,property,False,0.9,v2
26873,exp5,Dispensary,object,0,object,object,True,0.9,v2
26875,exp5,Gas gangrene,object,0,object,object,True,0.9,v2
26877,exp5,Bisulfite,object,0,object,object,True,0.9,v2
26882,exp5,Morse potential,object,0,object,object,True,0.9,v2
26884,exp5,Doctor–patient relationship,topic,0,topic,,False,0.9,v2
26887,exp5,Pediatric nursing,topic,0,topic,,False,0.9,v2
26893,exp5,Chisel,object,0,object,object,True,0.9,v2
26900,exp5,Angiokeratoma,object,0,object,object,True,0.9,v2
26902,exp5,Portal hypertensive gastropathy,object,0,object,object,True,0.9,v2
26910,exp5,Ankle replacement,method,0,method,method,True,0.9,v2
26911,exp5,Overcharge,property,0,property,,False,0.9,v2
26912,exp5,Social representation,object,0,object,property,False,0.9,v2
26915,exp5,NAIRU,property,0,property,,False,0.9,v2
26918,exp5,Wader,object,0,object,object,True,0.9,v2
26924,exp5,Octacalcium phosphate,object,0,object,object,True,0.976,v2
26930,exp5,Pentatricopeptide repeat,object,0,object,object,True,0.976,v2
26932,exp5,Nightlife,topic,0,topic,,False,0.976,v2
26939,exp5,Chipless RFID,object,0,object,method,False,0.976,v2
26940,exp5,Nature of Science,topic,0,topic,,False,0.976,v2
26942,exp5,E-governance,topic,0,topic,,False,0.976,v2
26944,exp5,Toeplitz operator,object,0,object,object,True,0.976,v2
26946,exp5,Banana peel,object,0,object,object,True,0.976,v2
26950,exp5,Impedance cardiography,method,0,method,method,True,0.976,v2
26951,exp5,Laddering,method,0,method,method,True,0.976,v2
26955,exp5,Education for sustainable development,topic,0,topic,,False,0.976,v2
26956,exp5,Unexploded ordnance,object,0,object,object,True,0.976,v2
26962,exp5,Perfluorooctanoic acid,object,0,object,object,True,0.976,v2
26964,exp5,Planar array,object,0,object,object,True,0.976,v2
26976,exp5,Women's empowerment,topic,0,topic,,False,0.976,v2
26977,exp5,Propynyl,object,0,object,object,True,0.976,v2
26978,exp5,Azirine,object,0,object,object,True,0.976,v2
26979,exp5,Prolymphocytic leukemia,object,0,object,object,True,0.976,v2
26981,exp5,Skin infection,topic,0,topic,,False,0.976,v2
26986,exp5,Rad50,object,0,object,object,True,0.976,v2
26988,exp5,Cuminum,object,0,object,object,True,0.9,v2
26994,exp5,Lasiodiplodia theobromae,object,0,object,object,True,0.9,v2
26999,exp5,VisSim,method,0,method,method,True,0.9,v2
27004,exp5,Velopharyngeal insufficiency,object,0,object,object,True,0.9,v2
27005,exp5,Family reunification,topic,0,topic,,False,0.9,v2
27008,exp5,Screw pump,object,0,object,object,True,0.9,v2
27009,exp5,"2,3-Butanediol",object,0,object,object,True,0.9,v2
27010,exp5,Triptycene,object,0,object,object,True,0.9,v2
27014,exp5,Carbapenem-resistant enterobacteriaceae,object,0,object,object,True,0.9,v2
27027,exp5,Domperidone,object,0,object,object,True,0.9,v2
27029,exp5,DABCO,object,0,object,object,True,0.9,v2
27030,exp5,Magnetic gear,object,0,object,object,True,0.9,v2
27036,exp5,Oncomelania hupensis,object,0,object,object,True,0.9,v2
27037,exp5,MMP9,object,0,object,object,True,0.9,v2
27039,exp5,Methyl acetate,object,0,object,object,True,0.9,v2
27041,exp5,Oswestry Disability Index,method,0,method,method,True,0.9,v2
27043,exp5,Caspase-9,object,0,object,object,True,0.9,v2
27044,exp5,Rapidly progressive glomerulonephritis,object,0,object,object,True,0.9,v2
27046,exp5,Ledipasvir,object,0,object,object,True,0.9,v2
27047,exp5,ROS1,object,0,object,object,True,0.9,v2
27052,exp5,Huso,object,0,object,object,True,1.0,v2
27054,exp5,Cortactin,object,0,object,object,True,1.0,v2
27056,exp5,Tool steel,object,0,object,object,True,1.0,v2
27064,exp5,Cowpox,object,0,object,object,True,1.0,v2
27067,exp5,Potassium sorbate,object,0,object,object,True,1.0,v2
27070,exp5,Desquamation,property,0,property,,False,1.0,v2
27075,exp5,School meal,topic,0,topic,,False,1.0,v2
27076,exp5,Anthomyiidae,object,0,object,object,True,1.0,v2
27078,exp5,Matricaria chamomilla,object,0,object,object,True,1.0,v2
27079,exp5,Signal timing,method,0,method,method,True,1.0,v2
27087,exp5,Adenoid hypertrophy,object,0,object,object,True,1.0,v2
27089,exp5,Cardiac magnetic resonance imaging,method,0,method,method,True,1.0,v2
27091,exp5,Hypoalbuminemia,property,0,property,,False,1.0,v2
27095,exp5,Blattodea,object,0,object,object,True,1.0,v2
27105,exp5,Hypomethylating agent,object,0,object,object,True,1.0,v2
27111,exp5,S-Nitrosoglutathione,object,0,object,object,True,1.0,v2
27112,exp5,Multipath mitigation,method,0,method,method,True,1.0,v2
27115,exp5,Authentic assessment,method,0,method,method,True,1.0,v2
27116,exp5,Clitoris,object,0,object,object,True,1.0,v2
27120,exp5,Gynecological surgery,topic,0,topic,,False,1.0,v2
27124,exp5,Phosphole,object,0,object,object,True,1.0,v2
27130,exp5,Portunus pelagicus,object,0,object,object,True,1.0,v2
27131,exp5,Inconel 625,object,0,object,object,True,1.0,v2
27138,exp5,Pseudonym,object,0,object,object,True,1.0,v2
27140,exp5,Myocardial bridge,object,0,object,object,True,1.0,v2
27150,exp5,Axicon,object,0,object,object,True,1.0,v2
27155,exp5,Active living,topic,0,topic,,False,1.0,v2
27168,exp5,Hemozoin,object,0,object,object,True,1.0,v2
27174,exp5,Conversion disorder,object,0,object,object,True,1.0,v2
27182,exp5,Nanoring,object,0,object,object,True,1.0,v2
27190,exp5,Calcium imaging,method,0,method,method,True,1.0,v2
27192,exp5,Virtual power plant,object,0,object,object,True,1.0,v2
27194,exp5,Halomonas,object,0,object,object,True,1.0,v2
27201,exp5,Bone cancer,object,0,object,object,True,1.0,v2
27203,exp5,Ethyl cellulose,object,0,object,object,True,1.0,v2
27206,exp5,Hyperphosphatemia,property,0,property,,False,1.0,v2
27207,exp5,Fingolimod,object,0,object,object,True,1.0,v2
27210,exp5,Allosteric modulator,object,0,object,object,True,1.0,v2
27216,exp5,Gingerol,object,0,object,object,True,1.0,v2
27217,exp5,Sucrase,object,0,object,object,True,1.0,v2
27219,exp5,Antimicrobial stewardship,topic,0,topic,,False,0.9,v2
27220,exp5,Trespass,object,0,object,topic,False,0.8,v2
27230,exp5,Ferrocyanide,object,0,object,object,True,0.9,v2
27233,exp5,Persistent organic pollutant,object,0,object,object,True,0.9,v2
27236,exp5,Trichoepithelioma,object,0,object,object,True,0.9,v2
27243,exp5,English for academic purposes,topic,0,topic,,False,0.9,v2
27244,exp5,Celtic Tiger,topic,0,topic,,False,0.9,v2
27245,exp5,Cardiotocography,method,0,method,method,True,0.9,v2
27246,exp5,Dynamic voltage scaling,method,0,method,method,True,0.9,v2
27249,exp5,Fasudil,object,0,object,object,True,0.9,v2
27250,exp5,Cyanuric chloride,object,0,object,object,True,0.9,v2
27256,exp5,Cultural communication,topic,0,topic,,False,0.9,v2
27258,exp5,Plasmacytoid dendritic cell,object,0,object,object,True,0.9,v2
27259,exp5,Old Norse,object,0,object,object,True,0.9,v2
27265,exp5,Wedge resection,method,0,method,method,True,0.9,v2
27268,exp5,Keratoprosthesis,object,0,object,object,True,0.9,v2
27269,exp5,Norwood procedure,method,0,method,method,True,0.9,v2
27271,exp5,EIF4G,object,0,object,object,True,0.9,v2
27275,exp5,Vitex,object,0,object,object,True,0.9,v2
27277,exp5,Coronary artery aneurysm,object,0,object,object,True,0.9,v2
27279,exp5,Nimotuzumab,object,0,object,object,True,1.0,v2
27285,exp5,Coccolithophore,object,0,object,object,True,1.0,v2
27288,exp5,Lipoarabinomannan,object,0,object,object,True,1.0,v2
27292,exp5,Solar still,object,0,object,object,True,1.0,v2
27293,exp5,Crisis communication,topic,0,topic,,False,1.0,v2
27294,exp5,Soft robotics,topic,0,topic,,False,1.0,v2
27295,exp5,IDH2,object,0,object,object,True,1.0,v2
27296,exp5,Neutral beam injection,method,0,method,method,True,1.0,v2
27297,exp5,IP traceback,method,0,method,method,True,1.0,v2
27301,exp5,Sodium-cooled fast reactor,object,0,object,object,True,1.0,v2
27308,exp5,Clostridium thermocellum,object,0,object,object,True,1.0,v2
27309,exp5,NOX1,object,0,object,object,True,1.0,v2
27310,exp5,Geobacter,object,0,object,object,True,1.0,v2
27314,exp5,Lenalidomide,object,0,object,object,True,1.0,v2
27320,exp5,Laryngomalacia,object,0,object,object,True,1.0,v2
27336,exp5,Phlebovirus,object,0,object,object,True,1.0,v2
27340,exp5,Jury trial,topic,0,topic,,False,1.0,v2
27341,exp5,CHEK2,object,0,object,object,True,1.0,v2
27343,exp5,Keratinase,object,0,object,method,False,1.0,v2
27344,exp5,Allantoin,object,0,object,object,True,1.0,v2
27350,exp5,Diamond turning,method,0,method,method,True,1.0,v2
27351,exp5,Secularity,topic,0,topic,,False,0.8,v2
27352,exp5,Photorhabdus,object,0,object,object,True,1.0,v2
27353,exp5,Pyrrolizidine alkaloid,object,0,object,object,True,1.0,v2
27355,exp5,Dry mouth,object,0,object,object,True,1.0,v2
27356,exp5,Financial deepening,topic,0,topic,,False,1.0,v2
27362,exp5,Acetamiprid,object,0,object,object,True,1.0,v2
27365,exp5,Neurogenic bladder dysfunction,object,0,object,object,True,1.0,v2
27369,exp5,Fungal keratitis,object,0,object,object,True,1.0,v2
27370,exp5,Luteolin,object,0,object,object,True,1.0,v2
27373,exp5,Suburbanization,topic,0,topic,,False,1.0,v2
27390,exp5,Prenyltransferase,object,0,object,object,True,1.0,v2
27392,exp5,Pirarubicin,object,0,object,object,True,1.0,v2
27393,exp5,Houttuynia cordata,object,0,object,object,True,1.0,v2
27395,exp5,Physical attractiveness,property,0,property,,False,1.0,v2
27397,exp5,Waxy corn,object,0,object,object,True,1.0,v2
27398,exp5,Selumetinib,object,0,object,object,True,1.0,v2
27399,exp5,Mental health literacy,topic,0,topic,,False,1.0,v2
27400,exp5,Nicotine patch,object,0,object,object,True,1.0,v2
27401,exp5,Permeable reactive barrier,method,0,method,method,True,1.0,v2
27403,exp5,Drill pipe,object,0,object,object,True,1.0,v2
27404,exp5,Exostosis,object,0,object,object,True,1.0,v2
27406,exp5,Pneumolysin,object,0,object,object,True,1.0,v2
27408,exp5,Silver bullet,topic,1,topic,,False,0.8,v2
27409,exp5,Lesson study,method,0,method,method,True,1.0,v2
27411,exp5,Municipal bond,object,0,object,object,True,1.0,v2
27425,exp5,Marketing channel,topic,0,topic,,False,1.0,v2
27426,exp5,Chronic poverty,topic,0,topic,,False,1.0,v2
27437,exp5,Phenylhydrazine,object,0,object,object,True,1.0,v2
27438,exp5,Service-orientation,topic,0,topic,,False,1.0,v2
27445,exp5,Acorus calamus,object,0,object,object,True,1.0,v2
27449,exp5,Milling cutter,object,0,object,object,True,1.0,v2
27451,exp5,Mycobacterium chelonae,object,0,object,object,True,1.0,v2
27455,exp5,Surfactin,object,0,object,object,True,1.0,v2
27456,exp5,Villosa,object,0,object,object,True,1.0,v2
27461,exp5,Double-balloon enteroscopy,method,0,method,method,True,1.0,v2
27464,exp5,Foramen magnum,object,0,object,object,True,1.0,v2
27468,exp5,Bergenin,object,0,object,object,True,1.0,v2
27473,exp5,Tumor microenvironment,topic,0,topic,,False,1.0,v2
27474,exp5,Carrier frequency offset,property,0,property,,False,1.0,v2
27476,exp5,Chelerythrine,object,0,object,object,True,0.9,v2
27478,exp5,Fish processing,topic,0,topic,,False,0.9,v2
27480,exp5,SOD2,object,0,object,object,True,0.9,v2
27481,exp5,Heart rate turbulence,property,0,property,,False,0.9,v2
27485,exp5,Economic and monetary union,topic,0,topic,,False,0.9,v2
27487,exp5,Crotalaria,object,0,object,object,True,0.9,v2
27491,exp5,Clobetasol propionate,object,0,object,object,True,0.9,v2
27497,exp5,Mycobacterium abscessus,object,0,object,object,True,0.9,v2
27499,exp5,Lasius,object,0,object,object,True,0.9,v2
27500,exp5,Annulment,topic,0,topic,,False,0.9,v2
27501,exp5,Ruxolitinib,object,0,object,object,True,0.9,v2
27506,exp5,Double outlet right ventricle,object,0,object,object,True,0.9,v2
27511,exp5,Servicescape,topic,0,topic,,False,0.9,v2
27513,exp5,Trapezius muscle,object,0,object,object,True,0.9,v2
27516,exp5,Penile fracture,object,0,object,object,True,0.9,v2
27522,exp5,Communitas,object,0,object,topic,False,0.9,v2
27528,exp5,Ice cloud,object,0,object,object,True,0.9,v2
27531,exp5,Sibling relationship,topic,0,topic,,False,0.9,v2
27534,exp5,Virtual water,property,0,property,,False,0.9,v2
27539,exp5,Crumb rubber,object,0,object,object,True,0.9,v2
27540,exp5,Economic freedom,topic,0,topic,,False,0.9,v2
27541,exp5,Diminutive,property,0,property,,False,0.7,v2
27542,exp5,Light therapy,method,0,method,method,True,1.0,v2
27543,exp5,Heterogeneous wireless network,object,0,object,object,True,1.0,v2
27545,exp5,Cefoxitin,method,0,method,object,False,1.0,v2
27546,exp5,Residual oil,object,0,object,object,True,1.0,v2
27552,exp5,Special forces,object,0,object,object,True,0.9,v2
27553,exp5,Basigin,object,0,object,object,True,1.0,v2
27558,exp5,Cardiac imaging,method,0,method,method,True,1.0,v2
27559,exp5,Hesperidin,object,0,object,object,True,1.0,v2
27560,exp5,Hot flash,property,0,property,,False,1.0,v2
27561,exp5,Political theology,topic,0,topic,,False,1.0,v2
27562,exp5,Cheque,object,0,object,method,False,0.9,v2
27564,exp5,Acenaphthene,object,0,object,object,True,1.0,v2
27572,exp5,Social dominance orientation,property,0,property,,False,1.0,v2
27573,exp5,Tabun,object,0,object,object,True,1.0,v2
27575,exp5,Vemurafenib,object,0,object,object,True,1.0,v2
27578,exp5,Pistia,object,0,object,object,True,1.0,v2
27580,exp5,REM sleep behavior disorder,property,0,property,,False,1.0,v2
27590,exp5,Lymphomatoid granulomatosis,property,0,property,,False,1.0,v2
27594,exp5,Liquid-based cytology,method,0,method,method,True,0.9,v2
27604,exp5,Trade secret,topic,0,topic,,False,0.8,v2
27608,exp5,Bone pain,property,0,property,,False,0.9,v2
27610,exp5,Octocorallia,object,0,object,object,True,0.9,v2
27611,exp5,Lymphangiectasia,property,0,property,,False,0.9,v2
27614,exp5,Altitude training,method,0,method,topic,False,0.9,v2
27615,exp5,Open plan,object,0,object,object,True,0.9,v2
27616,exp5,Watchful waiting,method,0,method,method,True,0.9,v2
27625,exp5,Penicillium citrinum,object,0,object,object,True,0.9,v2
27629,exp5,Pinus yunnanensis,object,0,object,object,True,0.9,v2
27631,exp5,Paneth cell,object,0,object,object,True,0.9,v2
27641,exp5,Lactacystin,object,0,object,object,True,0.9,v2
27642,exp5,Eye disease,topic,0,topic,,False,0.9,v2
27643,exp5,Petroleum ether,object,0,object,object,True,0.9,v2
27650,exp5,Object detection,method,0,method,method,True,0.9,v2
27658,exp5,Agaricomycetes,object,0,object,object,True,0.9,v2
27660,exp5,Heatstroke,property,0,property,,False,0.9,v2
27663,exp5,Patient portal,object,0,object,object,True,0.9,v2
27669,exp5,Paget's disease of bone,property,0,property,,False,0.9,v2
27672,exp5,Commercial speech,topic,0,topic,,False,0.8,v2
27678,exp5,Humanized mouse,object,0,object,object,True,1.0,v2
27680,exp5,Crime control,topic,0,topic,,False,1.0,v2
27683,exp5,Aggrecanase,object,0,object,object,True,1.0,v2
27684,exp5,Group buying,topic,0,topic,,False,1.0,v2
27690,exp5,Play therapy,method,0,method,method,True,1.0,v2
27691,exp5,Language learning strategies,method,0,method,method,True,1.0,v2
27692,exp5,Catalpol,object,0,object,object,True,1.0,v2
27693,exp5,Festuca pratensis,object,0,object,object,True,1.0,v2
27704,exp5,File transfer,method,0,method,method,True,1.0,v2
27707,exp5,Cost overrun,property,0,property,,False,1.0,v2
27716,exp5,ONIOM,method,0,method,method,True,1.0,v2
27729,exp5,Environmental movement,topic,0,topic,,False,1.0,v2
27730,exp5,Benznidazole,object,0,object,object,True,1.0,v2
27731,exp5,Burning mouth syndrome,object,0,object,object,True,1.0,v2
27736,exp5,Tropical climate,topic,0,topic,,False,1.0,v2
27738,exp5,Laurencia,object,0,object,object,True,1.0,v2
27740,exp5,Dermatology Life Quality Index,object,0,object,method,False,1.0,v2
27744,exp5,Methyl cellulose,object,0,object,object,True,1.0,v2
27747,exp5,Entecavir,object,0,object,object,True,1.0,v2
27750,exp5,Child survival,property,0,property,,False,1.0,v2
27751,exp5,Natural fiber,object,1,object,object,True,0.9,v2
27762,exp5,Safety standards,topic,0,topic,,False,0.9,v2
27763,exp5,Bioprospecting,topic,0,topic,,False,0.9,v2
27767,exp5,Investment arbitration,topic,0,topic,,False,0.9,v2
27771,exp5,Crown lengthening,method,0,method,method,True,0.9,v2
27775,exp5,Creative industries,topic,0,topic,,False,0.9,v2
27789,exp5,Pongamia,object,0,object,object,True,0.9,v2
27792,exp5,Technology acceptance model,method,0,method,method,True,0.9,v2
27795,exp5,Styrene oxide,object,0,object,object,True,0.9,v2
27796,exp5,Scenedesmus obliquus,object,0,object,object,True,0.9,v2
27797,exp5,Infusion pump,object,0,object,object,True,0.9,v2
27799,exp5,Geek,object,0,object,topic,False,0.9,v2
27802,exp5,Merkel cell polyomavirus,object,0,object,object,True,0.9,v2
27808,exp5,Coal slurry,object,0,object,object,True,0.9,v2
27811,exp5,Safety pharmacology,topic,0,topic,,False,0.9,v2
27817,exp5,Malacostraca,object,0,object,object,True,0.9,v2
27820,exp5,Community engagement,topic,0,topic,,False,0.9,v2
27825,exp5,Polypodiaceae,object,0,object,object,True,0.9,v2
27830,exp5,Soil cement,object,0,object,object,True,0.9,v2
27831,exp5,Ehrlich ascites carcinoma,object,0,object,object,True,0.9,v2
27841,exp5,Mucuna pruriens,object,0,object,object,True,1.0,v2
27853,exp5,Equidae,object,0,object,object,True,1.0,v2
27854,exp5,Phytophthora nicotianae,object,0,object,object,True,1.0,v2
27857,exp5,Pay for performance,topic,0,topic,,False,1.0,v2
27858,exp5,Esophageal stent,object,0,object,object,True,1.0,v2
27868,exp5,Sarcasm,topic,0,topic,,False,1.0,v2
27870,exp5,Vedolizumab,object,0,object,object,True,1.0,v2
27876,exp5,Ecological civilization,topic,0,topic,,False,1.0,v2
27880,exp5,Oxamide,object,0,object,object,True,1.0,v2
27881,exp5,Atherosclerosis Risk in Communities,object,0,object,method,False,1.0,v2
27883,exp5,Dental follicle,object,0,object,object,True,1.0,v2
27888,exp5,Treaty of Lisbon,object,0,object,object,True,1.0,v2
27889,exp5,Thoracentesis,method,0,method,method,True,1.0,v2
27890,exp5,Medical humanities,topic,0,topic,,False,1.0,v2
27891,exp5,Ventriculomegaly,property,0,property,,False,1.0,v2
27895,exp5,Determiner,object,0,object,object,True,1.0,v2
27898,exp5,Axial spondyloarthritis,object,0,object,object,True,1.0,v2
27899,exp5,Xenorhabdus,object,0,object,object,True,1.0,v2
27900,exp5,Etoricoxib,object,0,object,object,True,1.0,v2
27901,exp5,Sarcopenia,property,0,property,,False,1.0,v2
27907,exp5,Certolizumab pegol,object,0,object,object,True,1.0,v2
27912,exp5,Homily,topic,0,topic,,False,0.8,v2
27914,exp5,Poaching,topic,0,topic,,False,1.0,v2
27916,exp5,Originalism,topic,0,topic,,False,1.0,v2
27919,exp5,Earnings quality,property,0,property,,False,1.0,v2
27925,exp5,Martian surface,object,0,object,topic,False,1.0,v2
27926,exp5,Design space exploration,method,0,method,method,True,1.0,v2
27928,exp5,ETFE,object,0,object,object,True,1.0,v2
27929,exp5,Transmon,object,0,object,object,True,1.0,v2
27930,exp5,Alunite,object,0,object,object,True,1.0,v2
27932,exp5,Anidulafungin,object,0,object,object,True,1.0,v2
27935,exp5,Tibial plateau fracture,object,0,object,object,True,1.0,v2
27936,exp5,Right whale,object,0,object,object,True,1.0,v2
27940,exp5,Autoethnography,method,0,method,method,True,1.0,v2
27941,exp5,Domestic tourism,topic,0,topic,,False,1.0,v2
27943,exp5,Transfer printing,method,0,method,method,True,1.0,v2
27946,exp5,Tetraphenylethylene,object,0,object,object,True,1.0,v2
27948,exp5,Freshwater crab,object,0,object,object,True,1.0,v2
27952,exp5,Ethambutol,object,0,object,object,True,1.0,v2
27954,exp5,Service robot,object,0,object,object,True,1.0,v2
27955,exp5,Posterior cortical atrophy,object,0,object,object,True,1.0,v2
27956,exp5,Eco-innovation,topic,0,topic,,False,1.0,v2
27960,exp5,Short-chain fatty acid,object,0,object,object,True,1.0,v2
27963,exp5,Adipic acid,object,0,object,object,True,1.0,v2
27965,exp5,Representation theorem,object,0,object,property,False,1.0,v2
27970,exp5,Tilmicosin,object,0,object,object,True,1.0,v2
27971,exp5,Trolox,object,0,object,object,True,1.0,v2
27975,exp5,Trephine,object,0,object,method,False,1.0,v2
27977,exp5,Swami,object,0,object,object,True,1.0,v2
27980,exp5,Iron Curtain,object,0,object,topic,False,1.0,v2
27981,exp5,Ziegler–Natta catalyst,object,0,object,object,True,1.0,v2
27986,exp5,Writing center,topic,0,topic,,False,1.0,v2
27987,exp5,Peginterferon alfa-2a,object,0,object,object,True,1.0,v2
27995,exp5,Joint pain,property,0,property,,False,1.0,v2
27996,exp5,Micro-enterprise,object,0,object,topic,False,1.0,v2
28004,exp5,Azacitidine,object,0,object,object,True,1.0,v2
28005,exp5,Nootropic,object,0,object,object,True,1.0,v2
28010,exp5,Aryl halide,object,0,object,object,True,1.0,v2
28012,exp5,Cassia tora,object,0,object,object,True,1.0,v2
28014,exp5,Universal jurisdiction,topic,0,topic,,False,1.0,v2
28017,exp5,Auranofin,object,0,object,object,True,1.0,v2
28018,exp5,Contentment,property,0,property,,False,0.8,v2
28022,exp5,Pinellia,object,0,object,object,True,1.0,v2
28025,exp5,Tungsten trioxide,object,0,object,object,True,1.0,v2
28030,exp5,Hydroxyzine,object,0,object,object,True,1.0,v2
28031,exp5,Neglected tropical diseases,topic,0,topic,,False,1.0,v2
28033,exp5,Endothelial activation,property,0,property,,False,1.0,v2
28037,exp5,Eye injuries,topic,0,topic,,False,1.0,v2
28043,exp5,Regorafenib,object,0,object,object,True,1.0,v2
28045,exp5,Megaesophagus,object,0,object,object,True,1.0,v2
28050,exp5,Azygos vein,object,0,object,object,True,1.0,v2
28051,exp5,Acetonide,object,0,object,object,True,1.0,v2
28052,exp5,Dysgerminoma,object,0,object,object,True,1.0,v2
28054,exp5,Horner syndrome,object,0,object,object,True,1.0,v2
28057,exp5,Construction waste,topic,0,topic,,False,1.0,v2
28058,exp5,Biliverdin,object,0,object,object,True,1.0,v2
28060,exp5,Theridiidae,object,0,object,object,True,1.0,v2
28061,exp5,Polyvinylidene fluoride,object,0,object,object,True,1.0,v2
28062,exp5,Fair use,property,0,property,,False,1.0,v2
28072,exp5,Place branding,topic,0,topic,,False,1.0,v2
28074,exp5,Middle Stone Age,object,0,object,object,True,0.9,v2
28078,exp5,Gray iron,object,0,object,object,True,0.9,v2
28088,exp5,2-Methoxyestradiol,object,0,object,object,True,0.9,v2
28093,exp5,Buruli ulcer,object,0,object,object,True,0.9,v2
28096,exp5,Babesia canis,object,0,object,object,True,0.9,v2
28100,exp5,Lenvatinib,object,0,object,object,True,0.9,v2
28101,exp5,Language production,property,0,property,,False,0.9,v2
28103,exp5,Chloroprene,object,0,object,object,True,0.9,v2
28108,exp5,Unfair competition,topic,0,topic,,False,0.9,v2
28109,exp5,Duodenal switch,method,0,method,method,True,0.9,v2
28111,exp5,Test bench,object,0,object,method,False,0.9,v2
28117,exp5,Suprascapular nerve,object,0,object,object,True,0.9,v2
28122,exp5,Virtual organization,object,0,object,topic,False,0.9,v2
28123,exp5,Picoline,object,0,object,object,True,0.9,v2
28128,exp5,Pseudohypoaldosteronism,object,0,object,object,True,0.9,v2
28129,exp5,Medium of instruction,topic,0,topic,,False,0.9,v2
28141,exp5,Arginine kinase,object,0,object,object,True,0.9,v2
28146,exp5,Brachionus calyciflorus,object,0,object,object,True,0.9,v2
28148,exp5,Scimitar syndrome,object,0,object,object,True,0.9,v2
28153,exp5,Tick-borne encephalitis virus,object,0,object,object,True,0.9,v2
28154,exp5,Milan criteria,property,0,property,,False,0.9,v2
28155,exp5,Necrotising fasciitis,object,0,object,object,True,0.9,v2
28159,exp5,Tetrabenazine,object,0,object,object,True,0.9,v2
28160,exp5,Carnosic acid,object,0,object,object,True,0.9,v2
28162,exp5,Pyloromyotomy,method,0,method,method,True,0.9,v2
28164,exp5,Denosumab,object,0,object,object,True,0.9,v2
28171,exp5,Diamond model,topic,0,topic,,False,0.9,v2
28176,exp5,History of psychology,topic,0,topic,,False,0.9,v2
28177,exp5,Haloxylon ammodendron,object,0,object,object,True,0.9,v2
28179,exp5,Clivus,object,0,object,object,True,0.9,v2
28180,exp5,Sex change,property,0,property,,False,0.9,v2
28185,exp5,Medicare Part D,object,0,object,topic,False,0.9,v2
28187,exp5,Vesicular monoamine transporter,object,0,object,object,True,0.9,v2
28189,exp5,Knowledge level,property,0,property,,False,0.9,v2
28195,exp5,Lactate threshold,property,0,property,,False,0.9,v2
28198,exp5,Rotational diffusion,property,0,property,,False,0.9,v2
28200,exp5,Melanocytic nevus,object,0,object,object,True,0.9,v2
28201,exp5,Aging in place,topic,0,topic,,False,0.9,v2
28204,exp5,Desmoplastic small-round-cell tumor,object,0,object,object,True,0.9,v2
28215,exp5,Smoking ban,method,0,method,topic,False,0.9,v2
28218,exp5,Dimercaptosuccinic acid,object,0,object,object,True,0.97,v2
28224,exp5,Diesel generator,object,0,object,object,True,0.97,v2
28225,exp5,Passifloraceae,object,0,object,object,True,0.97,v2
28226,exp5,Freedom of association,topic,0,topic,,False,0.97,v2
28227,exp5,Sodium-ion battery,object,0,object,object,True,0.97,v2
28228,exp5,Spiroplasma,object,0,object,object,True,0.97,v2
28229,exp5,Flying height,property,0,property,,False,0.97,v2
28234,exp5,Progressive muscle relaxation,method,0,method,method,True,0.97,v2
28238,exp5,Riociguat,object,0,object,object,True,0.97,v2
28240,exp5,Discoidin domain,object,0,object,property,False,0.97,v2
28241,exp5,Dihydropyran,object,0,object,object,True,0.97,v2
28243,exp5,ABVD,method,0,method,method,True,0.97,v2
28245,exp5,Rifamycin,object,0,object,object,True,0.97,v2
28246,exp5,Niclosamide,object,0,object,object,True,0.97,v2
28252,exp5,Cronobacter sakazakii,object,0,object,object,True,0.97,v2
28254,exp5,S100A9,object,0,object,object,True,0.97,v2
28261,exp5,Coulomb excitation,method,0,method,method,True,0.97,v2
28274,exp5,Big Society,topic,0,topic,,False,0.97,v2
28278,exp5,Science Citation Index,object,0,object,method,False,0.97,v2
28279,exp5,Calendula officinalis,object,0,object,object,True,0.97,v2
28281,exp5,Mediastinal lymphadenopathy,object,0,object,object,True,0.9,v2
28287,exp5,Consumer choice,topic,0,topic,,False,0.8,v2
28290,exp5,SAMHD1,object,0,object,object,True,0.9,v2
28292,exp5,Drug overdose,object,0,object,object,True,0.9,v2
28299,exp5,Membrane emulsification,method,0,method,method,True,0.9,v2
28302,exp5,Valganciclovir,object,0,object,object,True,0.9,v2
28306,exp5,VKORC1,object,0,object,object,True,0.9,v2
28307,exp5,Neuroglobin,object,0,object,object,True,0.9,v2
28308,exp5,Sciaenidae,object,0,object,object,True,0.9,v2
28318,exp5,Stair climbing,method,0,method,topic,False,0.8,v2
28319,exp5,Burlesque,topic,0,topic,,False,0.8,v2
28321,exp5,Degloving,object,0,object,object,True,0.9,v2
28325,exp5,Regenerated cellulose,object,0,object,object,True,0.9,v2
28329,exp5,Truancy,topic,0,topic,,False,0.8,v2
28335,exp5,Azine,object,0,object,object,True,0.9,v2
28337,exp5,Web content,object,0,object,object,True,0.8,v2
28343,exp5,Employment contract,object,0,object,object,True,0.8,v2
28345,exp5,Metachromatic leukodystrophy,object,0,object,object,True,0.9,v2
28354,exp5,Z-source inverter,object,0,object,object,True,0.9,v2
28355,exp5,Pralidoxime,object,0,object,object,True,0.9,v2
28356,exp5,Mercenaria,object,0,object,object,True,1.0,v2
28364,exp5,ABCG1,object,0,object,object,True,1.0,v2
28365,exp5,Three-spined stickleback,object,0,object,object,True,1.0,v2
28367,exp5,Dyon,object,0,object,object,True,1.0,v2
28370,exp5,World Englishes,topic,0,topic,,False,1.0,v2
28376,exp5,Picolinic acid,object,0,object,object,True,1.0,v2
28379,exp5,Angiomatosis,object,0,object,object,True,1.0,v2
28381,exp5,Camelina sativa,object,0,object,object,True,1.0,v2
28386,exp5,Lymphogranuloma venereum,object,0,object,object,True,1.0,v2
28388,exp5,Flavobacteriaceae,object,0,object,object,True,1.0,v2
28391,exp5,Coliphage,object,0,object,object,True,1.0,v2
28392,exp5,Variable speed wind turbine,object,0,object,object,True,1.0,v2
28403,exp5,PANDAS,object,0,object,property,False,1.0,v2
28406,exp5,Modic changes,object,0,object,property,False,1.0,v2
28409,exp5,Subependymal giant cell astrocytoma,object,0,object,object,True,1.0,v2
28411,exp5,Space form,object,0,object,object,True,1.0,v2
28412,exp5,Pulpit,object,0,object,object,True,1.0,v2
28414,exp5,Benzylpenicillin,object,0,object,object,True,1.0,v2
28415,exp5,Cyclohexanone oxime,object,0,object,object,True,1.0,v2
28418,exp5,Leukocyte adhesion deficiency,object,0,object,object,True,1.0,v2
28421,exp5,Trabecular bone score,property,0,property,,False,0.9,v2
28426,exp5,Premature birth,object,0,object,property,False,0.9,v2
28427,exp5,Disability insurance,topic,0,topic,,False,0.9,v2
28428,exp5,Oleaceae,object,0,object,object,True,0.9,v2
28430,exp5,Bacterial pneumonia,object,0,object,object,True,0.9,v2
28441,exp5,Angiostrongylus cantonensis,object,0,object,object,True,0.9,v2
28442,exp5,Thymic carcinoma,object,0,object,object,True,0.9,v2
28446,exp5,Pagetoid,property,0,property,,False,0.9,v2
28452,exp5,Ferrule,object,0,object,object,True,0.9,v2
28455,exp5,Advanced maternal age,property,0,property,,False,0.9,v2
28456,exp5,Unified power flow controller,object,0,object,object,True,0.9,v2
28460,exp5,Streptopelia,object,0,object,object,True,0.9,v2
28461,exp5,Turn-taking,method,0,method,property,False,0.9,v2
28464,exp5,Double aortic arch,object,0,object,object,True,0.9,v2
28469,exp5,Resiniferatoxin,object,0,object,object,True,0.9,v2
28472,exp5,Health information technology,topic,0,topic,,False,0.9,v2
28474,exp5,Side-scan sonar,method,0,method,method,True,0.9,v2
28478,exp5,Bacillus coagulans,object,0,object,object,True,0.9,v2
28480,exp5,Isoindole,object,0,object,object,True,0.9,v2
28484,exp5,Intestinal pseudo-obstruction,object,0,object,object,True,0.9,v2
28489,exp5,Moving bed biofilm reactor,object,0,object,method,False,0.9,v2
28494,exp5,Xanthium,object,0,object,object,True,1.0,v2
28499,exp5,Chenopodiaceae,object,0,object,object,True,1.0,v2
28501,exp5,Chronic prostatitis/chronic pelvic pain syndrome,object,0,object,object,True,1.0,v2
28502,exp5,Single sign-on,method,0,method,property,False,0.9,v2
28507,exp5,Microbead (research),object,0,object,object,True,0.9,v2
28508,exp5,Surface integrity,property,0,property,,False,0.9,v2
28510,exp5,Islamophobia,topic,0,topic,,False,1.0,v2
28515,exp5,Angioimmunoblastic T-cell lymphoma,object,0,object,object,True,1.0,v2
28520,exp5,Myringoplasty,method,0,method,method,True,1.0,v2
28525,exp5,Benzocyclobutene,object,0,object,object,True,1.0,v2
28527,exp5,Magnesium hydride,object,0,object,object,True,1.0,v2
28528,exp5,Papilledema,object,0,object,object,True,1.0,v2
28538,exp5,Tinea versicolor,object,0,object,object,True,1.0,v2
28539,exp5,Anaplasma phagocytophilum,object,0,object,object,True,1.0,v2
28540,exp5,Granary,object,0,object,object,True,0.9,v2
28541,exp5,Semiquinone,object,0,object,object,True,1.0,v2
28544,exp5,Dangerous goods,topic,0,topic,,False,0.9,v2
28548,exp5,Freeboard,property,0,property,,False,0.9,v2
28551,exp5,Invasive lobular carcinoma,object,0,object,object,True,1.0,v2
28554,exp5,Teucrium,object,0,object,object,True,1.0,v2
28555,exp5,Rubrene,object,0,object,object,True,1.0,v2
28560,exp5,Cognitive reappraisal,method,0,method,property,False,1.0,v2
28569,exp5,Carboxyhemoglobin,object,0,object,object,True,1.0,v2
28570,exp5,Plantaginaceae,object,0,object,object,True,1.0,v2
28572,exp5,Crossed product,method,0,method,method,True,1.0,v2
28576,exp5,Tibialis anterior muscle,object,0,object,object,True,1.0,v2
28579,exp5,Mimosa pudica,object,0,object,object,True,1.0,v2
28591,exp5,Trust management (information system),topic,0,topic,,False,1.0,v2
28595,exp5,CD63,object,0,object,object,True,1.0,v2
28598,exp5,Eribulin,object,0,object,object,True,1.0,v2
28600,exp5,Chronic recurrent multifocal osteomyelitis,object,0,object,object,True,1.0,v2
28605,exp5,Two-Higgs-doublet model,object,0,object,object,True,1.0,v2
28609,exp5,Hydrocodone,object,0,object,object,True,1.0,v2
28620,exp5,CDH1,object,0,object,object,True,1.0,v2
28624,exp5,Tropical spastic paraparesis,object,0,object,object,True,1.0,v2
28625,exp5,Maintenance of Certification,topic,0,topic,,False,1.0,v2
28629,exp5,Language ideology,topic,0,topic,,False,1.0,v2
28630,exp5,Vaginal discharge,property,0,property,,False,1.0,v2
28632,exp5,White-collar crime,topic,0,topic,,False,1.0,v2
28640,exp5,Generic drug,object,1,object,object,True,0.9,v2
28643,exp5,Cyberinfrastructure,topic,0,topic,,False,0.8,v2
28653,exp5,Conceptual metaphor,topic,0,topic,,False,0.9,v2
28657,exp5,Palpitations,property,1,property,,False,0.9,v2
28661,exp5,Community-based rehabilitation,topic,0,topic,,False,0.9,v2
28662,exp5,Hyphema,object,1,object,object,True,0.9,v2
28665,exp5,Pathognomonic,property,0,property,,False,0.9,v2
28668,exp5,Integrated Management of Childhood Illness,topic,0,topic,,False,0.9,v2
28673,exp5,Symbiodinium,object,1,object,object,True,0.9,v2
28681,exp5,Barbed suture,object,0,object,object,True,0.9,v2
28685,exp5,Intestinal malrotation,object,1,object,object,True,0.9,v2
28690,exp5,Coleus,object,1,object,object,True,0.9,v2
28695,exp5,Borylation,method,0,method,method,True,0.9,v2
28699,exp5,Sodium channel blocker,object,0,object,object,True,0.9,v2
28705,exp5,Nonwoven fabric,object,1,object,object,True,0.9,v2
28710,exp5,Methimazole,object,0,object,object,True,0.9,v2
28721,exp5,Greek tragedy,topic,1,topic,,False,0.9,v2
28723,exp5,Abiraterone,object,0,object,object,True,0.9,v2
28729,exp5,Screen printing,method,1,method,method,True,0.9,v2
28737,exp5,Phosphotungstic acid,object,0,object,object,True,0.9,v2
28738,exp5,Heritage language,topic,0,topic,,False,0.8,v2
28740,exp5,Trifluralin,object,0,object,object,True,0.9,v2
28741,exp5,Urban forest,topic,0,topic,,False,0.8,v2
28742,exp5,Glossectomy,method,0,method,method,True,0.9,v2
28743,exp5,Minority rights,topic,0,topic,,False,0.8,v2
28747,exp5,Discards,object,0,object,object,True,0.8,v2
28748,exp5,Radiosensitizer,object,0,object,object,True,0.9,v2
28751,exp5,Peace education,topic,0,topic,,False,0.8,v2
28753,exp5,Crimes against humanity,topic,0,topic,,False,0.8,v2
28761,exp5,Gerridae,object,0,object,object,True,0.9,v2
28765,exp5,Treprostinil,object,0,object,object,True,0.9,v2
28767,exp5,Cefoperazone,object,0,object,object,True,0.9,v2
28768,exp5,Heat illness,object,0,object,object,True,0.8,v2
28770,exp5,Rimonabant,object,0,object,object,True,0.9,v2
28772,exp5,Domain adaptation,topic,0,topic,,False,0.8,v2
28773,exp5,Harmonious Society,topic,0,topic,,False,0.8,v2
28775,exp5,Variable neighborhood search,method,0,method,method,True,0.9,v2
28780,exp5,Brief intervention,method,0,method,method,True,0.9,v2
28782,exp5,Lie detection,method,0,method,method,True,0.8,v2
28783,exp5,Focalization,property,0,property,,False,0.8,v2
28790,exp5,Eurocentrism,topic,0,topic,,False,0.9,v2
28793,exp5,Randomized response,method,0,method,method,True,1.0,v2
28795,exp5,Tricarboxylic acid,object,0,object,object,True,1.0,v2
28798,exp5,Precinct,object,0,object,object,True,0.8,v2
28800,exp5,Mustelidae,object,0,object,object,True,1.0,v2
28801,exp5,Centrifugal fan,object,0,object,object,True,1.0,v2
28803,exp5,Lixisenatide,object,0,object,object,True,1.0,v2
28804,exp5,Mesenchymal chondrosarcoma,object,0,object,object,True,1.0,v2
28805,exp5,Neurostimulation,method,0,method,method,True,1.0,v2
28806,exp5,Stiff person syndrome,object,0,object,object,True,1.0,v2
28807,exp5,Prenatal stress,property,0,property,,False,1.0,v2
28808,exp5,Pessary,object,0,object,object,True,1.0,v2
28809,exp5,Palatine tonsil,object,0,object,object,True,1.0,v2
28810,exp5,Rules of origin,topic,0,topic,,False,1.0,v2
28812,exp5,Dirofilariasis,object,0,object,object,True,1.0,v2
28813,exp5,Baby boom,topic,0,topic,,False,1.0,v2
28817,exp5,Gluteal muscles,object,0,object,object,True,1.0,v2
28823,exp5,Self-consolidating concrete,object,0,object,object,True,1.0,v2
28828,exp5,CD64,object,0,object,object,True,1.0,v2
28834,exp5,View synthesis,method,0,method,method,True,1.0,v2
28835,exp5,Tissue Doppler echocardiography,method,0,method,method,True,1.0,v2
28836,exp5,Central retinal artery occlusion,object,0,object,object,True,1.0,v2
28852,exp5,Mean arterial pressure,property,0,property,,False,1.0,v2
28857,exp5,Vildagliptin,object,0,object,object,True,1.0,v2
28862,exp5,Alkanolamine,object,0,object,object,True,1.0,v2
28869,exp5,High-grade prostatic intraepithelial neoplasia,object,0,object,object,True,1.0,v2
28871,exp5,Proton conductor,object,0,object,object,True,1.0,v2
28876,exp5,Pestalotiopsis,object,0,object,object,True,1.0,v2
28880,exp5,Agrilus,object,0,object,object,True,1.0,v2
28889,exp5,CD68,object,0,object,object,True,1.0,v2
28895,exp5,Carassius,object,0,object,object,True,1.0,v2
28898,exp5,Enamel hypoplasia,object,0,object,object,True,1.0,v2
28899,exp5,Superior mesenteric artery syndrome,object,0,object,object,True,1.0,v2
28911,exp5,Underclass,object,0,object,object,True,1.0,v2
28912,exp5,Retinol binding protein 4,object,0,object,object,True,1.0,v2
28915,exp5,Distracted driving,topic,0,topic,,False,1.0,v2
28919,exp5,Pregabalin,object,0,object,object,True,1.0,v2
28921,exp5,Intraductal papillary mucinous neoplasm,object,0,object,object,True,1.0,v2
28927,exp5,Foreign body aspiration,object,0,object,object,True,1.0,v2
28929,exp5,V600E,object,0,object,object,True,1.0,v2
28939,exp5,Fourth ventricle,object,0,object,object,True,1.0,v2
28940,exp5,Plant factory,object,0,object,object,True,1.0,v2
28945,exp5,Board certification,topic,0,topic,,False,1.0,v2
28946,exp5,Fundus photography,method,0,method,method,True,1.0,v2
28948,exp5,Hemopexin,object,0,object,object,True,1.0,v2
28952,exp5,Methomyl,object,0,object,object,True,1.0,v2
28953,exp5,Uterine cavity,object,0,object,object,True,1.0,v2
28954,exp5,Difluoromethane,object,0,object,object,True,1.0,v2
28955,exp5,Aluminium foil,object,0,object,object,True,1.0,v2
28958,exp5,Cochrane Library,object,0,object,object,True,1.0,v2
28959,exp5,Sex trafficking,topic,0,topic,,False,1.0,v2
28962,exp5,Target strength,property,0,property,,False,1.0,v2
28965,exp5,Sucralose,object,0,object,object,True,1.0,v2
28966,exp5,Diethyl phthalate,object,0,object,object,True,1.0,v2
28971,exp5,Multi-label classification,method,0,method,method,True,1.0,v2
28977,exp5,PSEN1,object,0,object,object,True,1.0,v2
28979,exp5,Rescue therapy,method,0,method,topic,False,1.0,v2
28986,exp5,Diallyl disulfide,object,0,object,object,True,1.0,v2
28990,exp5,Canavalia ensiformis,object,0,object,object,True,1.0,v2
28992,exp5,Cyclic vomiting syndrome,object,0,object,object,True,1.0,v2
29002,exp5,Gallbladder disease,object,0,object,object,True,1.0,v2
29005,exp5,Aunt,object,0,object,object,True,1.0,v2
29010,exp5,Repertory grid,method,0,method,method,True,1.0,v2
29013,exp5,Migraine with aura,object,0,object,object,True,1.0,v2
29019,exp5,Ormosil,object,0,object,object,True,1.0,v2
29021,exp5,Taraxacum officinale,object,0,object,object,True,1.0,v2
29022,exp5,Thiouracil,object,0,object,object,True,1.0,v2
29024,exp5,Cambisol,object,0,object,object,True,1.0,v2
29027,exp5,Ivacaftor,object,0,object,object,True,1.0,v2
29029,exp5,Gall wasp,object,0,object,object,True,1.0,v2
29032,exp5,Lactobacillus fermentum,object,0,object,object,True,1.0,v2
29035,exp5,Self-regulated learning,topic,0,topic,,False,1.0,v2
29039,exp5,Naegleria,object,0,object,object,True,1.0,v2
29048,exp5,Belite,object,0,object,object,True,1.0,v2
29049,exp5,Responsibility to protect,topic,0,topic,,False,1.0,v2
29053,exp5,Academic advising,method,0,method,method,True,1.0,v2
29059,exp5,Medical advice,topic,0,topic,,False,1.0,v2
29063,exp5,Geriatric trauma,object,0,object,object,True,1.0,v2
29066,exp5,Multiple endocrine neoplasia type 2,object,0,object,object,True,1.0,v2
29072,exp5,Amaranthus hypochondriacus,object,0,object,object,True,1.0,v2
29074,exp5,VHDL-AMS,object,0,object,method,False,1.0,v2
29075,exp5,Sesamin,object,0,object,object,True,1.0,v2
29078,exp5,Quadriceps tendon,object,0,object,object,True,1.0,v2
29079,exp5,Dark radiation,object,0,object,object,True,1.0,v2
29080,exp5,Hepatoprotection,topic,0,topic,,False,1.0,v2
29086,exp5,Fall prevention,topic,0,topic,,False,1.0,v2
29090,exp5,Deferiprone,object,0,object,object,True,1.0,v2
29091,exp5,Fagopyrum tataricum,object,0,object,object,True,1.0,v2
29097,exp5,Sectarianism,topic,0,topic,,False,1.0,v2
29099,exp5,Carbohydrate-binding module,object,0,object,object,True,1.0,v2
29107,exp5,Alveolar rhabdomyosarcoma,object,0,object,object,True,1.0,v2
29113,exp5,Middle East respiratory syndrome,object,0,object,object,True,1.0,v2
29116,exp5,Immunodominance,property,0,property,,False,1.0,v2
29124,exp5,KEAP1,object,0,object,object,True,1.0,v2
29125,exp5,Embezzlement,topic,0,topic,,False,1.0,v2
29126,exp5,Novelty seeking,property,0,property,,False,1.0,v2
29127,exp5,Foreign Corrupt Practices Act,object,0,object,topic,False,1.0,v2
29128,exp5,Papillary renal cell carcinomas,object,0,object,object,True,1.0,v2
29133,exp5,Silver sulfadiazine,object,0,object,object,True,1.0,v2
29138,exp5,Scomber,object,0,object,object,True,1.0,v2
29140,exp5,Rhipicephalus sanguineus,object,0,object,object,True,1.0,v2
29141,exp5,Caking,property,0,property,,False,1.0,v2
29147,exp5,Serostatus,property,0,property,,False,1.0,v2
29148,exp5,Sirtuin 1,object,0,object,object,True,1.0,v2
29151,exp5,Friction stir processing,method,0,method,method,True,1.0,v2
29152,exp5,Cicatricial pemphigoid,object,0,object,object,True,1.0,v2
29153,exp5,Astacus,object,0,object,object,True,1.0,v2
29159,exp5,Carbonyl group,object,0,object,property,False,1.0,v2
29162,exp5,Axitinib,object,0,object,object,True,1.0,v2
29165,exp5,Meticillin,object,0,object,object,True,1.0,v2
29166,exp5,Nanoneedle,object,0,object,object,True,1.0,v2
29173,exp5,Rework,topic,0,topic,,False,1.0,v2
29176,exp5,Endovascular aneurysm repair,method,0,method,method,True,1.0,v2
29183,exp5,Pidgin,object,0,object,object,True,1.0,v2
29189,exp5,Major gene,object,0,object,object,True,1.0,v2
29193,exp5,Trochanter,object,0,object,object,True,1.0,v2
29194,exp5,Unmanned ground vehicle,object,0,object,object,True,1.0,v2
29198,exp5,Magdalenian,object,0,object,object,True,1.0,v2
29199,exp5,Borexino,object,0,object,object,True,1.0,v2
29200,exp5,Vanillic acid,object,0,object,object,True,1.0,v2
29203,exp5,Sphingosine-1-phosphate receptor,object,0,object,object,True,0.9,v2
29206,exp5,Bronchial thermoplasty,method,0,method,method,True,0.9,v2
29207,exp5,Lorentz space,object,0,object,object,True,0.9,v2
29210,exp5,Enzalutamide,object,0,object,object,True,0.9,v2
29211,exp5,Cobitidae,object,0,object,object,True,0.9,v2
29222,exp5,Diabetic cardiomyopathy,object,0,object,object,True,0.9,v2
29223,exp5,Evergreen forest,object,0,object,object,True,0.9,v2
29226,exp5,Chorionic villus sampling,method,0,method,method,True,0.9,v2
29227,exp5,Siddha,topic,0,topic,,False,0.9,v2
29239,exp5,Epidermolysis bullosa dystrophica,object,0,object,object,True,0.9,v2
29242,exp5,Lynch syndrome,object,0,object,object,True,0.9,v2
29243,exp5,Electrical burn,object,0,object,object,True,0.9,v2
29248,exp5,Hemifacial microsomia,object,0,object,object,True,0.9,v2
29256,exp5,Windmill,object,0,object,object,True,0.9,v2
29260,exp5,Rhipicephalus,object,0,object,object,True,0.9,v2
29261,exp5,Ringwoodite,object,0,object,object,True,0.9,v2
29265,exp5,Coalition government,object,0,object,topic,False,0.9,v2
29267,exp5,Chromium nitride,object,0,object,object,True,0.9,v2
29270,exp5,Cadmium oxide,object,0,object,object,True,0.9,v2
29284,exp5,Achyranthes aspera,object,0,object,object,True,0.9,v2
29291,exp5,Biofortification,topic,0,topic,,False,0.9,v2
29295,exp5,Non-communicable disease,topic,0,topic,,False,0.9,v2
29296,exp5,Heat-assisted magnetic recording,method,0,method,object,False,0.9,v2
29299,exp5,Formononetin,object,0,object,object,True,0.9,v2
29300,exp5,Clinical audit,method,0,method,method,True,0.9,v2
29301,exp5,Germanide,object,0,object,object,True,0.9,v2
29311,exp5,Bruch's membrane,object,0,object,object,True,0.9,v2
29313,exp5,State of charge,property,0,property,,False,0.9,v2
29314,exp5,Design studio,topic,0,topic,,False,0.9,v2
29315,exp5,Carangidae,object,0,object,object,True,0.9,v2
29317,exp5,Non-gonococcal urethritis,topic,0,topic,,False,0.9,v2
29318,exp5,Glucosidases,object,0,object,object,True,0.9,v2
29320,exp5,Student teaching,topic,0,topic,,False,0.9,v2
29322,exp5,Hyperoside,object,0,object,object,True,0.9,v2
29323,exp5,Ulnar artery,object,0,object,object,True,0.9,v2
29327,exp5,International standard,object,0,object,object,True,0.9,v2
29330,exp5,Microfoundations,topic,0,topic,,False,0.9,v2
29344,exp5,Strontium ranelate,object,0,object,object,True,0.9,v2
29345,exp5,Snake bites,topic,0,topic,,False,0.9,v2
29348,exp5,Gasoline direct injection,method,0,method,method,True,0.9,v2
29349,exp5,Teladorsagia circumcincta,object,0,object,object,True,1.0,v2
29358,exp5,Dried blood spot,method,0,method,method,True,1.0,v2
29360,exp5,Withaferin A,object,0,object,object,True,1.0,v2
29361,exp5,SLCO1B1,object,0,object,object,True,1.0,v2
29365,exp5,Sarcoptes scabiei,object,0,object,object,True,1.0,v2
29370,exp5,Kaizen,topic,0,topic,,False,1.0,v2
29371,exp5,Ovarian reserve,property,0,property,,False,1.0,v2
29374,exp5,Methyl violet,object,0,object,object,True,1.0,v2
29377,exp5,Diosgenin,object,0,object,object,True,1.0,v2
29379,exp5,Delusional disorder,object,0,object,object,True,1.0,v2
29381,exp5,Ethyl diazoacetate,object,0,object,object,True,1.0,v2
29384,exp5,Academic dishonesty,topic,0,topic,,False,1.0,v2
29386,exp5,Demodicosis,object,0,object,object,True,1.0,v2
29389,exp5,Electronic journal,object,0,object,object,True,1.0,v2
29391,exp5,Wildlife trade,topic,0,topic,,False,1.0,v2
29392,exp5,Metal-insulator-metal,object,0,object,object,True,1.0,v2
29394,exp5,Massive gravity,object,0,object,property,False,1.0,v2
29395,exp5,Gastroduodenal artery,object,0,object,object,True,1.0,v2
29406,exp5,Biorefining,topic,0,topic,,False,1.0,v2
29407,exp5,Aniridia,object,0,object,object,True,1.0,v2
29413,exp5,Electrofusion,method,0,method,method,True,0.9,v2
29415,exp5,ORAI1,object,0,object,object,True,0.9,v2
29416,exp5,Infrapatellar fat pad,object,0,object,object,True,0.9,v2
29417,exp5,Stromal cell-derived factor 1,object,0,object,object,True,0.9,v2
29432,exp5,Cadmium zinc telluride,object,0,object,object,True,0.9,v2
29435,exp5,Trichophyton tonsurans,object,0,object,object,True,0.9,v2
29437,exp5,Decriminalization,topic,0,topic,,False,0.9,v2
29441,exp5,Inclusive growth,topic,0,topic,,False,0.9,v2
29442,exp5,Awake craniotomy,method,0,method,method,True,0.9,v2
29458,exp5,Source credibility,property,0,property,,False,0.9,v2
29462,exp5,Superior sagittal sinus,object,0,object,object,True,0.9,v2
29464,exp5,Phototherapeutic keratectomy,method,0,method,method,True,0.9,v2
29468,exp5,Eosin Y,object,0,object,object,True,0.9,v2
29471,exp5,Social criticism,topic,0,topic,,False,0.9,v2
29472,exp5,Fixed-dose combination,object,0,object,object,True,0.9,v2
29480,exp5,Erythromelalgia,object,0,object,object,True,0.9,v2
29486,exp5,Past tense,property,1,property,,False,0.9,v2
29497,exp5,Barrier option,object,0,object,object,True,0.9,v2
29500,exp5,Virilization,property,0,property,,False,0.9,v2
29504,exp5,Montreal Cognitive Assessment,method,0,method,method,True,0.9,v2
29506,exp5,Insider threat,topic,0,topic,,False,0.9,v2
29507,exp5,VRLA battery,object,0,object,object,True,0.9,v2
29513,exp5,Antiprotozoal,object,0,object,object,True,0.9,v2
29520,exp5,Mutual aid,topic,0,topic,,False,0.9,v2
29530,exp5,Klippel–Feil syndrome,object,0,object,object,True,0.9,v2
29533,exp5,Abietic acid,object,0,object,object,True,0.9,v2
29544,exp5,Britishness,topic,0,topic,,False,0.9,v2
29545,exp5,Patient Protection and Affordable Care Act,object,0,object,object,True,0.9,v2
29552,exp5,Hospital readmission,topic,0,topic,,False,0.9,v2
29555,exp5,Clostridium beijerinckii,object,0,object,object,True,0.9,v2
29558,exp5,Ghost imaging,method,0,method,method,True,0.9,v2
29561,exp5,Buzzard,object,0,object,object,True,0.9,v2
29563,exp5,Virtual team,object,0,object,object,True,0.9,v2
29565,exp5,Glucuronic acid,object,0,object,object,True,0.9,v2
29566,exp5,Tailings dam,object,0,object,object,True,0.9,v2
29568,exp5,Flood insurance,topic,0,topic,,False,0.9,v2
29569,exp5,Metadiscourse,topic,0,topic,,False,0.9,v2
29582,exp5,Cyberknife,object,0,object,object,True,0.9,v2
29583,exp5,Embolectomy,method,0,method,method,True,0.9,v2
29584,exp5,Pterygopalatine fossa,object,0,object,object,True,0.9,v2
29589,exp5,FANCD2,object,0,object,object,True,1.0,v2
29591,exp5,Colocasia esculenta,object,0,object,object,True,1.0,v2
29595,exp5,ReaxFF,method,0,method,method,True,1.0,v2
29597,exp5,Memory clinic,topic,0,topic,,False,1.0,v2
29599,exp5,Schisandra,object,0,object,object,True,1.0,v2
29605,exp5,Complicated grief,object,0,object,object,True,1.0,v2
29606,exp5,Chlorzoxazone,object,0,object,object,True,1.0,v2
29608,exp5,Honeymoon,topic,0,topic,,False,1.0,v2
29611,exp5,Phakic intraocular lens,object,0,object,object,True,1.0,v2
29621,exp5,Public service motivation,property,0,property,,False,1.0,v2
29622,exp5,Hydrocarbon exploration,topic,0,topic,,False,1.0,v2
29628,exp5,Platelet lysate,object,0,object,object,True,1.0,v2
29629,exp5,Red algae,object,0,object,object,True,1.0,v2
29630,exp5,Tribalism,topic,0,topic,,False,1.0,v2
29633,exp5,Photoswitch,object,0,object,object,True,1.0,v2
29638,exp5,Synesthesia,object,0,object,object,True,1.0,v2
29640,exp5,IT service management,topic,0,topic,,False,1.0,v2
29646,exp5,Plectin,object,0,object,object,True,1.0,v2
29648,exp5,Modbus,method,0,method,method,True,1.0,v2
29649,exp5,Commodity market,topic,0,topic,,False,1.0,v2
29652,exp5,HSF1,object,0,object,object,True,1.0,v2
29653,exp5,Mugwort,object,0,object,object,True,1.0,v2
29655,exp5,Corporate sustainability,topic,0,topic,,False,1.0,v2
29660,exp5,Displacement ventilation,method,0,method,method,True,1.0,v2
29669,exp5,Triphenylmethane,object,0,object,object,True,1.0,v2
29670,exp5,Mental lexicon,object,0,object,object,True,1.0,v2
29673,exp5,Microsomal epoxide hydrolase,object,0,object,object,True,1.0,v2
29679,exp5,Kabuki syndrome,object,0,object,object,True,1.0,v2
29683,exp5,SAPHO syndrome,object,0,object,object,True,1.0,v2
29686,exp5,Coal dust,object,0,object,object,True,1.0,v2
29687,exp5,MSH6,object,0,object,object,True,1.0,v2
29689,exp5,Real-time database,object,0,object,method,False,1.0,v2
29690,exp5,Serranidae,object,0,object,object,True,1.0,v2
29691,exp5,Collisionality,property,0,property,,False,1.0,v2
29693,exp5,Corporatization,topic,0,topic,,False,1.0,v2
29695,exp5,Saphenous nerve,object,0,object,object,True,1.0,v2
29696,exp5,Scorpion toxin,object,0,object,object,True,1.0,v2
29698,exp5,Melasma,object,0,object,topic,False,1.0,v2
29700,exp5,Epithelial cell adhesion molecule,object,0,object,object,True,1.0,v2
29701,exp5,Sodium periodate,object,0,object,object,True,1.0,v2
29704,exp5,Ellagitannin,object,0,object,object,True,1.0,v2
29705,exp5,Admiration,property,0,property,,False,0.8,v2
29709,exp5,Terazosin,object,0,object,object,True,1.0,v2
29714,exp5,Tic disorder,object,0,object,object,True,1.0,v2
29719,exp5,Macrophage polarization,method,0,method,property,False,1.0,v2
29722,exp5,Micrococcus luteus,object,0,object,object,True,1.0,v2
29725,exp5,Vestibular aqueduct,object,0,object,object,True,1.0,v2
29735,exp5,Calcium looping,method,0,method,method,True,1.0,v2
29738,exp5,Parmeliaceae,object,0,object,object,True,1.0,v2
29740,exp5,Microtia,object,0,object,object,True,1.0,v2
29741,exp5,ATRX,object,0,object,object,True,1.0,v2
29745,exp5,Phosphate solubilizing bacteria,object,0,object,object,True,1.0,v2
29746,exp5,Beauvericin,object,0,object,object,True,1.0,v2
29748,exp5,Caesalpinioideae,object,0,object,object,True,1.0,v2
29752,exp5,Pitavastatin,object,0,object,object,True,1.0,v2
29767,exp5,Educational equity,topic,0,topic,,False,1.0,v2
29771,exp5,Underemployment,property,0,property,,False,1.0,v2
29772,exp5,Semiochemical,object,0,object,object,True,1.0,v2
29775,exp5,Talbot effect,method,0,method,property,False,1.0,v2
29776,exp5,Lumbar plexus,object,0,object,object,True,1.0,v2
29780,exp5,Squaramide,object,0,object,object,True,0.9,v2
29782,exp5,Crotalaria juncea,object,0,object,object,True,0.9,v2
29783,exp5,Lurasidone,object,0,object,object,True,0.9,v2
29786,exp5,Global education,topic,0,topic,,False,0.9,v2
29791,exp5,Clubroot,object,0,object,object,True,0.9,v2
29792,exp5,Vitamin K antagonist,object,0,object,object,True,0.9,v2
29793,exp5,Mohawk,object,0,object,object,True,0.9,v2
29796,exp5,Ammonium perchlorate,object,0,object,object,True,0.9,v2
29800,exp5,Etretinate,object,0,object,object,True,0.9,v2
29802,exp5,FOLFIRI,object,0,object,method,False,0.9,v2
29814,exp5,CXCR5,object,0,object,object,True,0.9,v2
29816,exp5,Lithium titanate,object,0,object,object,True,0.9,v2
29817,exp5,Information Criteria,method,0,method,method,True,0.9,v2
29818,exp5,Sambucus nigra,object,0,object,object,True,0.9,v2
29823,exp5,Female sexual dysfunction,object,0,object,object,True,0.9,v2
29824,exp5,Hospital-acquired pneumonia,object,0,object,object,True,0.9,v2
29825,exp5,Kynurenine pathway,method,0,method,object,False,0.9,v2
29826,exp5,Ferroportin,object,0,object,object,True,0.9,v2
29827,exp5,Direct thrombin inhibitor,object,0,object,object,True,0.9,v2
29831,exp5,Dodecylbenzene,object,0,object,object,True,0.9,v2
29833,exp5,Palonosetron,object,0,object,object,True,1.0,v2
29836,exp5,Tomotherapy,method,0,method,method,True,1.0,v2
29846,exp5,Quality of working life,property,0,property,,False,1.0,v2
29849,exp5,Sternocleidomastoid muscle,object,0,object,object,True,1.0,v2
29854,exp5,Adventitia,object,0,object,object,True,1.0,v2
29855,exp5,Oropharyngeal dysphagia,property,0,property,,False,1.0,v2
29864,exp5,Downside risk,property,0,property,,False,1.0,v2
29870,exp5,Adenomyoma,object,0,object,object,True,1.0,v2
29871,exp5,Ventricular dyssynchrony,property,0,property,,False,1.0,v2
29872,exp5,Emission inventory,object,0,object,method,False,1.0,v2
29881,exp5,COBIT,object,0,object,method,False,1.0,v2
29885,exp5,Stillage,object,0,object,object,True,1.0,v2
29892,exp5,External carotid artery,object,0,object,object,True,1.0,v2
29893,exp5,Corn stover,object,0,object,object,True,1.0,v2
29895,exp5,Monilinia fructicola,object,0,object,object,True,1.0,v2
29903,exp5,Broussonetia,object,0,object,object,True,1.0,v2
29905,exp5,Use of force,topic,0,topic,,False,1.0,v2
29906,exp5,Posterior urethral valve,object,0,object,object,True,1.0,v2
29909,exp5,Staudinger reaction,method,0,method,method,True,1.0,v2
29913,exp5,Policy transfer,method,0,method,topic,False,1.0,v2
29915,exp5,Formyl peptide receptor,object,0,object,object,True,0.9,v2
29926,exp5,Food sovereignty,topic,0,topic,,False,0.9,v2
29932,exp5,Glycogen storage disease type II,object,0,object,object,True,0.9,v2
29935,exp5,Mitotane,object,0,object,object,True,0.9,v2
29941,exp5,Emerald ash borer,object,0,object,object,True,0.9,v2
29942,exp5,American Sign Language,object,0,object,object,True,0.9,v2
29948,exp5,Base flow,property,0,property,,False,0.9,v2
29951,exp5,Hydroxymethylfurfural,object,0,object,object,True,0.9,v2
29954,exp5,Live streaming,topic,0,topic,,False,0.9,v2
29959,exp5,Phoenician,object,0,object,object,True,0.9,v2
29961,exp5,Ventral striatum,object,0,object,object,True,0.9,v2
29962,exp5,Alkaptonuria,object,0,object,object,True,0.9,v2
29963,exp5,Perphenazine,object,0,object,object,True,0.9,v2
29977,exp5,Cooperative principle,topic,0,topic,,False,0.9,v2
29978,exp5,Foreign ownership,property,0,property,,False,0.9,v2
29980,exp5,Pectobacterium carotovorum,object,0,object,object,True,0.9,v2
29981,exp5,Trypanosoma vivax,object,0,object,object,True,0.9,v2
29983,exp5,Discoid lupus erythematosus,object,0,object,object,True,0.9,v2
29984,exp5,Lentinan,object,0,object,object,True,0.9,v2
29986,exp5,Uranyl nitrate,object,0,object,object,True,0.9,v2
29993,exp5,Stanza,object,0,object,object,True,0.8,v2
29994,exp5,Intercultural competence,property,0,property,,False,0.9,v2
29995,exp5,Wood processing,topic,0,topic,,False,0.9,v2
29998,exp5,Youth culture,topic,0,topic,,False,0.9,v2
30000,exp5,Valerate,object,0,object,object,True,0.9,v2
30001,exp5,Methyl vinyl ketone,object,0,object,object,True,0.9,v2
30003,exp5,Carbidopa,object,0,object,object,True,0.9,v2
30009,exp5,Logistics center,object,0,object,object,True,0.9,v2
30010,exp5,Wolfram syndrome,object,0,object,object,True,0.9,v2
30036,exp5,Asbestosis,object,0,object,object,True,0.9,v2
30046,exp5,Peacetime,property,0,property,,False,0.9,v2
30047,exp5,Phosphodiesterase inhibitor,object,0,object,object,True,0.9,v2
30049,exp5,Uterine contraction,property,0,property,,False,0.9,v2
30052,exp5,Hepcidin,object,0,object,object,True,0.9,v2
30058,exp5,Probenecid,object,0,object,object,True,0.9,v2
30059,exp5,Sustainable consumption,topic,0,topic,,False,0.9,v2
30063,exp5,Positive behavior support,method,0,method,method,True,0.9,v2
30065,exp5,TSC1,object,0,object,object,True,0.9,v2
30068,exp5,Stability and Growth Pact,object,0,object,property,False,0.9,v2
30074,exp5,Imidazolidine,object,0,object,object,True,0.9,v2
30075,exp5,Bifonazole,object,0,object,object,True,1.0,v2
30083,exp5,Air traffic management,topic,0,topic,,False,1.0,v2
30087,exp5,Duodenal atresia,object,0,object,object,True,1.0,v2
30093,exp5,Impact structure,object,0,object,object,True,1.0,v2
30103,exp5,Bovine papillomavirus,object,0,object,object,True,1.0,v2
30109,exp5,Microgrid,object,0,object,object,True,1.0,v2
30110,exp5,Murrah buffalo,object,0,object,object,True,1.0,v2
30112,exp5,Cultural memory,topic,0,topic,,False,1.0,v2
30114,exp5,Misgurnus,object,0,object,object,True,1.0,v2
30118,exp5,Endocrine surgery,topic,0,topic,,False,1.0,v2
30122,exp5,SKP2,object,0,object,object,True,1.0,v2
30129,exp5,Peptide vaccine,object,0,object,object,True,1.0,v2
30131,exp5,Cupressus,object,0,object,object,True,1.0,v2
30133,exp5,Spot market,topic,0,topic,,False,1.0,v2
30136,exp5,Nepeta,object,0,object,object,True,1.0,v2
30139,exp5,Translocator protein,object,0,object,object,True,1.0,v2
30142,exp5,Iminosugar,object,0,object,object,True,1.0,v2
30144,exp5,Methanesulfonic acid,object,0,object,object,True,1.0,v2
30145,exp5,Primaquine,object,0,object,object,True,1.0,v2
30148,exp5,Endodontic therapy,topic,0,topic,,False,1.0,v2
30149,exp5,Beeswax,object,0,object,object,True,0.976,v2
30151,exp5,Strengths and Difficulties Questionnaire,method,0,method,method,True,0.976,v2
30152,exp5,Clitoria ternatea,object,0,object,object,True,0.976,v2
30155,exp5,Psychological adaptation,property,0,property,,False,0.976,v2
30157,exp5,Cochlear nerve,object,0,object,object,True,0.976,v2
30159,exp5,Drooling,property,0,property,,False,0.976,v2
30162,exp5,Micro air vehicle,object,0,object,object,True,0.976,v2
30164,exp5,Antispasmodic,object,0,object,object,True,0.976,v2
30165,exp5,Streptococcus dysgalactiae,object,0,object,object,True,0.976,v2
30166,exp5,Stress path,property,0,property,,False,0.976,v2
30167,exp5,Septum pellucidum,object,0,object,object,True,0.976,v2
30171,exp5,Securities fraud,topic,0,topic,,False,0.976,v2
30180,exp5,Relevance theory,topic,0,topic,,False,0.976,v2
30181,exp5,Drosha,object,0,object,object,True,0.976,v2
30187,exp5,Pilin,object,0,object,object,True,0.976,v2
30193,exp5,PINK1,object,0,object,object,True,0.976,v2
30196,exp5,SEMA3A,object,0,object,object,True,0.976,v2
30197,exp5,Chronic care,topic,0,topic,,False,0.976,v2
30202,exp5,Kisspeptin,object,0,object,object,True,0.976,v2
30205,exp5,Cloister,object,0,object,object,True,0.976,v2
30213,exp5,Adaptive reuse,topic,0,topic,,False,0.9,v2
30214,exp5,Disability studies,topic,0,topic,,False,0.9,v2
30224,exp5,Allegation,property,0,property,,False,0.9,v2
30229,exp5,Grain Boundary Sliding,method,0,method,property,False,0.9,v2
30230,exp5,Fluorobenzene,object,0,object,object,True,0.9,v2
30237,exp5,Brownmillerite,object,0,object,object,True,0.9,v2
30240,exp5,Snus,object,0,object,object,True,0.9,v2
30244,exp5,Endothelial protein C receptor,object,0,object,object,True,0.9,v2
30251,exp5,Agent Orange,object,0,object,object,True,0.9,v2
30256,exp5,Dimethyl fumarate,object,0,object,object,True,0.9,v2
30260,exp5,Temsirolimus,object,0,object,object,True,0.9,v2
30263,exp5,Inflammatory arthritis,topic,0,topic,,False,0.9,v2
30264,exp5,Mobile mapping,method,0,method,method,True,0.9,v2
30266,exp5,Nickel allergy,topic,0,topic,,False,0.9,v2
30269,exp5,Strigolactone,object,0,object,object,True,0.9,v2
30289,exp5,Tibial nerve,object,0,object,object,True,0.9,v2
30290,exp5,Trade credit,property,0,property,,False,0.9,v2
30291,exp5,Private pension,object,0,object,object,True,0.9,v2
30300,exp5,Marketing plan,method,0,method,method,True,0.9,v2
30301,exp5,Picnic,topic,0,topic,,False,0.9,v2
30302,exp5,Deductible,property,0,property,,False,0.9,v2
30305,exp5,Cogging torque,property,0,property,,False,1.0,v2
30307,exp5,Foreclosure,topic,0,topic,,False,0.9,v2
30308,exp5,Trusted Computing,topic,0,topic,,False,0.9,v2
30317,exp5,Safranin,object,0,object,object,True,1.0,v2
30318,exp5,Edwardsiella tarda,object,0,object,object,True,1.0,v2
30322,exp5,Wildflower,object,0,object,object,True,1.0,v2
30329,exp5,Citrus unshiu,object,0,object,object,True,1.0,v2
30330,exp5,Sebaceous carcinoma,object,0,object,object,True,1.0,v2
30331,exp5,Bronchopneumonia,object,0,object,object,True,1.0,v2
30333,exp5,Rhodanine,object,0,object,object,True,1.0,v2
30335,exp5,False alarm,property,0,property,,False,0.9,v2
30337,exp5,Security dilemma,topic,0,topic,,False,0.9,v2
30343,exp5,Volvariella volvacea,object,0,object,object,True,1.0,v2
30345,exp5,CD117,object,0,object,object,True,1.0,v2
30351,exp5,Myristica fragrans,object,0,object,object,True,1.0,v2
30352,exp5,Barcode,object,0,object,method,False,1.0,v2
30353,exp5,Kynurenic acid,object,0,object,object,True,1.0,v2
30358,exp5,Marathi,object,0,object,object,True,1.0,v2
30368,exp5,Zintl phase,object,0,object,object,True,1.0,v2
30370,exp5,Stereotype threat,property,0,property,,False,0.9,v2
30373,exp5,CMAQ,method,0,method,method,True,0.9,v2
30378,exp5,Minority language,object,0,object,object,True,0.9,v2
30379,exp5,Spider silk,object,0,object,object,True,0.9,v2
30383,exp5,Naringenin,object,0,object,object,True,0.9,v2
30386,exp5,Energy market,topic,0,topic,,False,0.9,v2
30390,exp5,Bromus tectorum,object,0,object,object,True,0.9,v2
30393,exp5,Ophiostoma,object,0,object,object,True,0.9,v2
30395,exp5,Zirconium diboride,object,0,object,object,True,0.9,v2
30400,exp5,Lymphangiomatosis,object,0,object,object,True,0.9,v2
30405,exp5,Podocin,object,0,object,object,True,0.9,v2
30406,exp5,Condensed tannin,object,0,object,object,True,0.9,v2
30408,exp5,IPTV,object,0,object,object,True,0.9,v2
30409,exp5,Tetherin,object,0,object,object,True,0.9,v2
30411,exp5,Security sector reform,topic,0,topic,,False,0.9,v2
30413,exp5,Scad,method,0,method,object,False,0.9,v2
30414,exp5,Trance,property,0,property,,False,0.9,v2
30415,exp5,Xylophilus,object,0,object,object,True,0.9,v2
30427,exp5,Proxy re-encryption,method,0,method,method,True,0.9,v2
30428,exp5,Sensory processing,property,0,property,,False,0.9,v2
30429,exp5,Gastric antral vascular ectasia,object,0,object,object,True,1.0,v2
30435,exp5,Canadian Cardiovascular Society,object,0,object,object,True,1.0,v2
30442,exp5,National Unity,topic,0,topic,,False,1.0,v2
30445,exp5,Linyphiidae,object,0,object,object,True,1.0,v2
30457,exp5,Stingless bee,object,0,object,object,True,1.0,v2
30459,exp5,Confiscation,topic,0,topic,,False,1.0,v2
30460,exp5,Platycladus,object,0,object,object,True,1.0,v2
30469,exp5,Placental growth factor,object,0,object,object,True,1.0,v2
30473,exp5,Calcein,object,0,object,object,True,1.0,v2
30476,exp5,Inactivated vaccine,object,0,object,object,True,1.0,v2
30483,exp5,Tendon sheath,object,0,object,object,True,1.0,v2
30489,exp5,Virtual network,object,0,object,object,True,1.0,v2
30490,exp5,Desmodium,object,0,object,object,True,1.0,v2
30498,exp5,acetaminophen overdose,object,0,object,object,True,1.0,v2
30504,exp5,Monotheism,topic,0,topic,,False,1.0,v2
30506,exp5,Multiple kernel learning,method,0,method,method,True,1.0,v2
30516,exp5,Edinburgh Postnatal Depression Scale,object,0,object,method,False,1.0,v2
30519,exp5,Agrostis stolonifera,object,0,object,object,True,1.0,v2
30522,exp5,Immunosurveillance,object,0,object,object,True,1.0,v2
30525,exp5,Victimisation,property,0,property,,False,1.0,v2
30529,exp5,Placental insufficiency,object,0,object,object,True,1.0,v2
30530,exp5,Quantum cloning,method,0,method,method,True,1.0,v2
30534,exp5,Space vehicle,object,0,object,object,True,1.0,v2
30539,exp5,Nordihydroguaiaretic acid,object,0,object,object,True,1.0,v2
30541,exp5,Iowa gambling task,method,0,method,method,True,1.0,v2
30547,exp5,Abdominal wall defect,object,0,object,object,True,1.0,v2
30551,exp5,Brassica carinata,object,0,object,object,True,1.0,v2
30555,exp5,Youth sports,topic,0,topic,,False,1.0,v2
30562,exp5,Cannabidiol,object,0,object,object,True,1.0,v2
30566,exp5,Graphane,object,0,object,object,True,1.0,v2
30575,exp5,Collar rot,object,0,object,object,True,1.0,v2
30579,exp5,Excitation function,property,0,property,,False,1.0,v2
30584,exp5,Delirium tremens,object,0,object,object,True,1.0,v2
30585,exp5,Chip formation,method,0,method,property,False,1.0,v2
30589,exp5,Gross–Pitaevskii equation,object,0,object,method,False,1.0,v2
30591,exp5,Tianeptine,object,0,object,object,True,1.0,v2
30594,exp5,Cross listing,method,0,method,property,False,1.0,v2
30597,exp5,Polyoxymethylene,object,0,object,object,True,1.0,v2
30600,exp5,Antiperovskite,object,0,object,object,True,1.0,v2
30602,exp5,Teacher quality,property,0,property,,False,1.0,v2
30603,exp5,Marchantiophyta,object,0,object,object,True,1.0,v2
30609,exp5,Condition-based maintenance,topic,0,topic,,False,1.0,v2
30612,exp5,Generalized pustular psoriasis,object,0,object,object,True,1.0,v2
30613,exp5,Performance status,property,0,property,,False,1.0,v2
30615,exp5,Polyhydramnios,object,0,object,object,True,1.0,v2
30617,exp5,Ethidium bromide,object,0,object,object,True,1.0,v2
30623,exp5,Congenital rubella syndrome,object,0,object,object,True,1.0,v2
30632,exp5,Penaeidae,object,0,object,object,True,1.0,v2
30636,exp5,LY294002,object,0,object,object,True,1.0,v2
30640,exp5,HYSPLIT,method,0,method,method,True,1.0,v2
30642,exp5,Surviving Sepsis Campaign,topic,0,topic,,False,1.0,v2
30644,exp5,PRC2,object,0,object,object,True,1.0,v2
30646,exp5,Customer engagement,topic,0,topic,,False,1.0,v2
30649,exp5,Romiplostim,object,0,object,object,True,1.0,v2
30653,exp5,Vaginal atrophy,object,0,object,object,True,1.0,v2
30657,exp5,Bronchography,method,0,method,method,True,1.0,v2
30661,exp5,Federal capital territory,object,0,object,object,True,1.0,v2
30664,exp5,Heterodera avenae,object,0,object,object,True,1.0,v2
30667,exp5,Gallstone ileus,object,0,object,object,True,1.0,v2
30670,exp5,Hypertrophic osteoarthropathy,object,0,object,object,True,1.0,v2
30677,exp5,Withdrawal syndrome,object,0,object,property,False,0.9,v2
30680,exp5,Basidiomycota,object,0,object,object,True,0.9,v2
30686,exp5,Coccolith,object,0,object,object,True,0.9,v2
30687,exp5,Celiac artery,object,0,object,object,True,0.9,v2
30688,exp5,Aurelia aurita,object,0,object,object,True,0.9,v2
30690,exp5,Embryo rescue,method,0,method,method,True,0.9,v2
30691,exp5,SystemC,method,0,method,method,True,0.9,v2
30695,exp5,Recirculating aquaculture system,object,0,object,object,True,0.9,v2
30697,exp5,Clostridium acetobutylicum,object,0,object,object,True,0.9,v2
30698,exp5,Cell-penetrating peptide,object,0,object,object,True,0.9,v2
30700,exp5,SuPAR,object,0,object,property,False,0.9,v2
30701,exp5,Commodity chain,topic,0,topic,,False,0.9,v2
30707,exp5,Zenker's diverticulum,object,0,object,object,True,0.9,v2
30712,exp5,Klebsiella pneumonia,object,0,object,object,True,0.9,v2
30714,exp5,Information behavior,topic,0,topic,,False,0.9,v2
30719,exp5,Global justice,topic,0,topic,,False,0.9,v2
30722,exp5,Common scab,object,0,object,object,True,0.9,v2
30724,exp5,Knowledge spillover,topic,0,topic,,False,0.9,v2
30734,exp5,Frontotemporal lobar degeneration,object,0,object,object,True,0.9,v2
30738,exp5,Groundcover,object,0,object,object,True,0.9,v2
30739,exp5,Fatty acid synthesis,method,0,method,,False,0.9,v2
30741,exp5,Banking union,topic,0,topic,,False,0.9,v2
30745,exp5,Constitutional amendment,topic,0,topic,,False,0.9,v2
30751,exp5,Cephalic vein,object,0,object,object,True,0.9,v2
30752,exp5,Acicular ferrite,object,0,object,object,True,0.9,v2
30756,exp5,Intertemporal choice,topic,0,topic,,False,0.9,v2
30758,exp5,Umami,property,0,property,,False,0.9,v2
30761,exp5,Price dispersion,property,0,property,,False,0.9,v2
30767,exp5,Furoxan,object,0,object,object,True,0.9,v2
30772,exp5,Trimethylolpropane,object,0,object,object,True,0.9,v2
30773,exp5,Phleum,object,0,object,object,True,0.9,v2
30776,exp5,Single-cell analysis,method,0,method,method,True,0.9,v2
30781,exp5,Iconoclasm,topic,0,topic,,False,0.9,v2
30788,exp5,Allergic response,property,0,property,,False,0.9,v2
30791,exp5,Right-to-left shunt,property,0,property,,False,0.9,v2
30792,exp5,Heterosigma akashiwo,object,0,object,object,True,0.9,v2
30795,exp5,Dispersion stability,property,0,property,,False,0.9,v2
30796,exp5,RIG-I,object,0,object,object,True,0.9,v2
30800,exp5,Nitrofuran,object,0,object,object,True,0.9,v2
30803,exp5,Cement kiln,object,0,object,object,True,0.9,v2
30805,exp5,Bloating,property,0,property,,False,0.9,v2
30812,exp5,Propidium monoazide,method,0,method,object,False,0.9,v2
30814,exp5,Diastasis,property,0,property,,False,0.9,v2
30816,exp5,Equal channel angular extrusion,method,0,method,method,True,0.9,v2
30819,exp5,Operational Modal Analysis,method,0,method,method,True,0.9,v2
30823,exp5,Photoaging,topic,0,topic,,False,0.9,v2
30824,exp5,Anostraca,object,0,object,object,True,0.9,v2
30825,exp5,Stupidity,topic,0,topic,,False,0.9,v2
30835,exp5,Mastopexy,method,0,method,method,True,0.9,v2
30837,exp5,Camel milk,object,0,object,object,True,0.9,v2
30839,exp5,Multistability,property,0,property,,False,0.9,v2
30840,exp5,IRF7,object,0,object,object,True,0.9,v2
30841,exp5,Single-chain variable fragment,object,0,object,object,True,0.9,v2
30850,exp5,Tiotropium bromide,object,0,object,object,True,0.9,v2
30853,exp5,Radiosynthesis,method,0,method,method,True,0.9,v2
30857,exp5,Electronic cigarette,object,0,object,object,True,0.9,v2
30858,exp5,Grape seed extract,object,0,object,object,True,0.9,v2
30862,exp5,Depigmentation,property,0,property,,False,0.9,v2
30864,exp5,Ponseti method,method,0,method,method,True,0.9,v2
30867,exp5,Active ageing,topic,0,topic,,False,0.9,v2
30868,exp5,Iron sucrose,object,0,object,object,True,1.0,v2
30870,exp5,Isoliquiritigenin,object,0,object,object,True,1.0,v2
30872,exp5,Thoracostomy,method,0,method,method,True,1.0,v2
30876,exp5,Clusiaceae,object,0,object,object,True,1.0,v2
30878,exp5,Leukemia cutis,object,0,object,object,True,1.0,v2
30880,exp5,Entacapone,object,0,object,object,True,1.0,v2
30888,exp5,Polyclinic,object,0,object,object,True,1.0,v2
30890,exp5,Daclatasvir,object,0,object,object,True,1.0,v2
30892,exp5,Oil pump,object,0,object,object,True,1.0,v2
30895,exp5,Splenic vein,object,0,object,object,True,1.0,v2
30898,exp5,Fucus vesiculosus,object,0,object,object,True,1.0,v2
30901,exp5,Electron-capture dissociation,method,0,method,method,True,1.0,v2
30906,exp5,Thermite,object,0,object,object,True,1.0,v2
30909,exp5,Microdeletion syndrome,object,0,object,object,True,1.0,v2
30913,exp5,Cytidine deaminase,object,0,object,object,True,1.0,v2
30914,exp5,Sukuk,object,0,object,object,True,1.0,v2
30916,exp5,Caucus,object,0,object,topic,False,1.0,v2
30924,exp5,Branchiopoda,object,0,object,object,True,1.0,v2
30941,exp5,Rifapentine,object,0,object,object,True,1.0,v2
30942,exp5,Eastern oyster,object,0,object,object,True,1.0,v2
30947,exp5,Caffeic acid phenethyl ester,object,0,object,object,True,0.9,v2
30949,exp5,Amodiaquine,object,0,object,object,True,0.9,v2
30950,exp5,Vaccinium myrtillus,object,0,object,object,True,0.9,v2
30955,exp5,Copper slag,object,0,object,object,True,0.9,v2
30957,exp5,Renunciation,topic,0,topic,,False,0.9,v2
30959,exp5,Bifidobacterium longum,object,0,object,object,True,0.9,v2
30966,exp5,XRCC1,object,0,object,object,True,0.9,v2
30967,exp5,Parapneumonic effusion,object,0,object,object,True,0.9,v2
30969,exp5,Ground-glass opacity,property,0,property,,False,0.9,v2
30970,exp5,Muscle architecture,property,0,property,,False,0.9,v2
30971,exp5,Amorphous calcium phosphate,object,0,object,object,True,0.9,v2
30972,exp5,Currency substitution,topic,0,topic,,False,0.9,v2
30977,exp5,Cancer biomarkers,topic,0,topic,,False,0.9,v2
30984,exp5,Exaggeration,property,0,property,,False,0.9,v2
30992,exp5,Higher-order thinking,topic,0,topic,,False,0.9,v2
30993,exp5,Minority stress,topic,0,topic,,False,0.9,v2
30995,exp5,Adaptive capacity,property,0,property,,False,0.9,v2
30998,exp5,Sobriety,property,0,property,,False,0.9,v2
30999,exp5,Moderate-resolution imaging spectroradiometer,object,0,object,method,False,0.9,v2
31001,exp5,Therapeutic community,topic,0,topic,,False,0.9,v2
31002,exp5,AA amyloidosis,object,0,object,object,True,0.9,v2
31005,exp5,Biochemical recurrence,property,0,property,,False,0.9,v2
31007,exp5,Agropyron cristatum,object,0,object,object,True,0.9,v2
31009,exp5,Elapidae,object,0,object,object,True,0.9,v2
31010,exp5,TATB,object,0,object,object,True,0.9,v2
31018,exp5,Minimum alveolar concentration,property,0,property,,False,0.9,v2
31019,exp5,Culture change,topic,0,topic,,False,0.9,v2
31021,exp5,Respiratory Medicine,topic,0,topic,,False,0.9,v2
31022,exp5,Pieris brassicae,object,0,object,object,True,0.9,v2
31024,exp5,Static stretching,method,0,method,method,True,0.9,v2
31029,exp5,Peanut oil,object,0,object,object,True,0.9,v2
31031,exp5,Motivational interviewing,method,0,method,method,True,0.9,v2
31034,exp5,Malmquist index,method,0,method,method,True,0.9,v2
31036,exp5,Fatherland,object,0,object,property,False,0.9,v2
31038,exp5,Flippase,object,0,object,object,True,0.9,v2
31040,exp5,Hospital information system,object,0,object,object,True,0.9,v2
31041,exp5,Chinese as a foreign language,topic,0,topic,,False,0.9,v2
31049,exp5,Arcobacter,object,0,object,object,True,0.9,v2
31058,exp5,Multi-drug-resistant tuberculosis,object,0,object,object,True,0.9,v2
31061,exp5,Bambusa,object,0,object,object,True,0.9,v2
31063,exp5,Deep frying,method,0,method,method,True,0.9,v2
31064,exp5,Tigecycline,object,0,object,object,True,1.0,v2
31065,exp5,Soil gas,object,0,object,property,False,0.9,v2
31068,exp5,Indane,object,0,object,object,True,1.0,v2
31069,exp5,Prasugrel,object,0,object,object,True,1.0,v2
31072,exp5,Ammonoidea,object,0,object,object,True,1.0,v2
31073,exp5,Carnivorous plant,object,0,object,object,True,1.0,v2
31074,exp5,Patent infringement,topic,0,topic,,False,0.9,v2
31081,exp5,Spatialization,method,0,method,method,True,0.9,v2
31085,exp5,Solar water heating,topic,0,topic,,False,0.9,v2
31089,exp5,Dynamic mode decomposition,method,0,method,method,True,1.0,v2
31090,exp5,Protopanaxadiol,object,0,object,object,True,1.0,v2
31095,exp5,Lipoprotein-associated phospholipase A2,object,0,object,object,True,1.0,v2
31096,exp5,Proportional reasoning,property,0,property,,False,0.9,v2
31099,exp5,Billroth II,method,0,method,method,True,1.0,v2
31101,exp5,Dry skin,property,0,property,,False,0.9,v2
31110,exp5,Soft set,object,0,object,property,False,1.0,v2
31113,exp5,Sublingual immunotherapy,method,0,method,method,True,1.0,v2
31116,exp5,Bismuth telluride,object,0,object,object,True,1.0,v2
31124,exp5,Midrash,topic,0,topic,,False,0.9,v2
31126,exp5,Local cohomology,object,0,object,property,False,0.9,v2
31135,exp5,Team-based learning,method,0,method,method,True,0.9,v2
31138,exp5,Foraminotomy,method,0,method,method,True,0.9,v2
31140,exp5,Advanced life support,topic,0,topic,,False,0.9,v2
31141,exp5,Mesothelin,object,0,object,object,True,0.9,v2
31151,exp5,Reactionary,topic,0,topic,,False,0.9,v2
31153,exp5,J-PARC,object,0,object,object,True,0.9,v2
31154,exp5,Cholera vaccine,object,0,object,object,True,0.9,v2
31159,exp5,Atlantic herring,object,0,object,object,True,0.9,v2
31161,exp5,Glans,object,0,object,object,True,0.9,v2
31162,exp5,Gardenia jasminoides,object,0,object,object,True,0.9,v2
31164,exp5,Ceratocystis,object,0,object,object,True,0.9,v2
31167,exp5,Polyradiculoneuropathy,object,0,object,object,True,0.9,v2
31170,exp5,Zika virus,object,0,object,object,True,0.9,v2
31171,exp5,Telerehabilitation,method,0,method,method,True,0.9,v2
31172,exp5,Varenicline,object,0,object,object,True,0.9,v2
31183,exp5,Ranula,object,0,object,object,True,0.9,v2
31184,exp5,Hegemonic masculinity,topic,0,topic,,False,0.9,v2
31187,exp5,DVB-T,object,0,object,object,True,0.9,v2
31189,exp5,Public health nursing,topic,0,topic,,False,0.9,v2
31190,exp5,Cloud storage,object,0,object,object,True,0.9,v2
31194,exp5,Juvenile xanthogranuloma,object,0,object,object,True,1.0,v2
31195,exp5,Natural heritage,topic,0,topic,,False,0.9,v2
31196,exp5,Astragaloside,object,0,object,object,True,1.0,v2
31202,exp5,Chondroblastoma,object,0,object,object,True,1.0,v2
31203,exp5,Preference relation,object,0,object,property,False,0.9,v2
31206,exp5,Adipose triglyceride lipase,object,0,object,object,True,1.0,v2
31212,exp5,Financial innovation,topic,0,topic,,False,0.9,v2
31217,exp5,Citrinin,object,0,object,object,True,1.0,v2
31219,exp5,Age of Acquisition,property,0,property,,False,0.9,v2
31220,exp5,ATLAS experiment,object,0,object,object,True,1.0,v2
31222,exp5,Ayahuasca,object,0,object,object,True,0.9,v2
31224,exp5,Tartrazine,object,0,object,object,True,1.0,v2
31230,exp5,Elvitegravir,object,0,object,object,True,1.0,v2
31233,exp5,Risky sexual behavior,property,0,property,,False,0.9,v2
31241,exp5,Roll forming,method,0,method,method,True,0.9,v2
31242,exp5,Curcuminoid,object,0,object,object,True,1.0,v2
31244,exp5,Mitochondrial toxicity,property,0,property,,False,0.9,v2
31248,exp5,Coptis,object,0,object,object,True,1.0,v2
31249,exp5,Pseudolymphoma,object,0,object,object,True,1.0,v2
31258,exp5,Posterior interosseous nerve,object,0,object,object,True,0.9,v2
31266,exp5,Optical force,property,0,property,,False,0.9,v2
31268,exp5,Disclaimer,topic,1,topic,,False,0.8,v2
31270,exp5,Storyboard,object,0,object,method,False,0.9,v2
31276,exp5,Indium nitride,object,0,object,object,True,0.9,v2
31277,exp5,Rhodospirillum rubrum,object,0,object,object,True,0.9,v2
31280,exp5,Thalassiosira pseudonana,object,0,object,object,True,0.9,v2
31296,exp5,Index finger,object,1,object,object,True,0.9,v2
31299,exp5,Radiant cooling,method,0,method,method,True,0.9,v2
31304,exp5,Mandibular canine,object,0,object,object,True,0.9,v2
31307,exp5,Ilya,object,0,object,object,True,0.7,v2
31310,exp5,Mineral trioxide aggregate,object,0,object,object,True,0.9,v2
31313,exp5,Pituitrin,object,0,object,object,True,0.9,v2
31314,exp5,Prothrombin complex concentrate,object,0,object,object,True,0.9,v2
31315,exp5,MFN2,object,0,object,object,True,0.9,v2
31319,exp5,Sexual desire,property,0,property,,False,0.9,v2
31336,exp5,Nursing process,method,0,method,method,True,0.9,v2
31343,exp5,Heart failure with preserved ejection fraction,object,0,object,object,True,0.9,v2
31345,exp5,Ombitasvir,object,0,object,object,True,0.9,v2
31348,exp5,Family income,property,0,property,,False,0.9,v2
31355,exp5,Space syntax,method,0,method,method,True,0.9,v2
31359,exp5,Smart city,topic,0,topic,,False,0.9,v2
31361,exp5,Allyl isothiocyanate,object,0,object,object,True,0.9,v2
31364,exp5,Vitreous hemorrhage,object,0,object,object,True,0.9,v2
31366,exp5,Adverse Event Reporting System,object,0,object,object,True,0.9,v2
31373,exp5,Interculturality,topic,0,topic,,False,0.9,v2
31375,exp5,Crush injury,object,0,object,object,True,0.9,v2
31376,exp5,Extensively drug-resistant tuberculosis,object,0,object,object,True,0.9,v2
31382,exp5,Moral obligation,property,0,property,,False,0.9,v2
31386,exp5,Breeder reactor,object,0,object,object,True,0.9,v2
31387,exp5,Periapical periodontitis,object,0,object,object,True,0.9,v2
31388,exp5,Paganism,topic,0,topic,,False,0.9,v2
31389,exp5,Electron-transfer dissociation,method,0,method,method,True,0.9,v2
31390,exp5,Large igneous province,object,0,object,object,True,0.9,v2
31392,exp5,Breast MRI,method,0,method,method,True,0.9,v2
31397,exp5,Solenoid valve,object,0,object,object,True,0.9,v2
31400,exp5,Assertive community treatment,method,0,method,object,False,0.9,v2
31403,exp5,Radicalization,topic,0,topic,,False,0.9,v2
31405,exp5,Roadheader,object,0,object,object,True,0.9,v2
31410,exp5,Polycomb-group proteins,object,0,object,object,True,0.9,v2
31411,exp5,Next of kin,object,0,object,object,True,0.9,v2
31430,exp5,Salamandridae,object,0,object,object,True,1.0,v2
31437,exp5,Hermetia illucens,object,0,object,object,True,1.0,v2
31441,exp5,Pogostemon,object,0,object,object,True,1.0,v2
31451,exp5,Yixian Formation,object,0,object,object,True,1.0,v2
31454,exp5,Bombycidae,object,0,object,object,True,1.0,v2
31455,exp5,Paliperidone,object,0,object,object,True,1.0,v2
31456,exp5,Behavioral Risk Factor Surveillance System,object,0,object,method,False,1.0,v2
31459,exp5,Glucagonoma,object,0,object,object,True,1.0,v2
31464,exp5,Weather station,object,0,object,object,True,1.0,v2
31467,exp5,Trade agreement,object,0,object,topic,False,1.0,v2
31472,exp5,Sodium acetate,object,0,object,object,True,1.0,v2
31474,exp5,Silibinin,object,0,object,object,True,1.0,v2
31476,exp5,Mountain pine beetle,object,0,object,object,True,1.0,v2
31483,exp5,Training and development,topic,0,topic,,False,1.0,v2
31484,exp5,Boundary-work,topic,0,topic,,False,1.0,v2
31491,exp5,Cherubism,object,0,object,object,True,1.0,v2
31494,exp5,Halloysite,object,0,object,object,True,1.0,v2
31498,exp5,Mallet finger,object,0,object,object,True,1.0,v2
31501,exp5,Endoscopic submucosal dissection,method,0,method,method,True,1.0,v2
31505,exp5,Natrix,object,0,object,object,True,1.0,v2
31508,exp5,Lunar soil,object,0,object,object,True,1.0,v2
31509,exp5,Adapalene,object,0,object,object,True,1.0,v2
31515,exp5,Nannochloropsis,object,0,object,object,True,1.0,v2
31518,exp5,DNMT3B,object,0,object,object,True,1.0,v2
31520,exp5,Amniotic fluid embolism,object,0,object,object,True,1.0,v2
31523,exp5,Post and core,object,0,object,method,False,1.0,v2
31535,exp5,Neuroborreliosis,object,0,object,object,True,1.0,v2
31536,exp5,FOLFIRINOX,method,0,method,method,True,1.0,v2
31540,exp5,Urogynecology,topic,0,topic,,False,1.0,v2
31543,exp5,Magnetotactic bacteria,object,0,object,object,True,1.0,v2
31549,exp5,Flaccid paralysis,property,0,property,,False,1.0,v2
31551,exp5,Cheyne–Stokes respiration,property,0,property,,False,1.0,v2
31555,exp5,Bufalin,object,0,object,object,True,1.0,v2
31557,exp5,Teiidae,object,0,object,object,True,1.0,v2
31560,exp5,Exocrine pancreatic insufficiency,object,0,object,object,True,1.0,v2
31567,exp5,Organizational identification,property,0,property,,False,1.0,v2
31569,exp5,Transparent ceramics,object,0,object,object,True,1.0,v2
31570,exp5,Perineural invasion,property,0,property,,False,1.0,v2
31574,exp5,Child pornography,topic,0,topic,,False,1.0,v2
31578,exp5,Oscillating Water Column,object,0,object,object,True,1.0,v2
31582,exp5,Enceladus,object,0,object,object,True,1.0,v2
31588,exp5,Corbicula fluminea,object,0,object,object,True,1.0,v2
31589,exp5,Hand-foot-and-mouth disease,object,0,object,object,True,1.0,v2
31593,exp5,Boceprevir,object,0,object,object,True,1.0,v2
31594,exp5,Pneumocystis pneumonia,object,0,object,object,True,1.0,v2
31598,exp5,Institutional research,topic,0,topic,,False,1.0,v2
31599,exp5,CYCLADES,object,0,object,object,True,1.0,v2
31600,exp5,Political violence,topic,0,topic,,False,1.0,v2
31602,exp5,Quinazolinone,object,0,object,object,True,1.0,v2
31604,exp5,Amorphous calcium carbonate,object,0,object,object,True,1.0,v2
31610,exp5,Dysbiosis,property,0,property,,False,1.0,v2
31611,exp5,Meibomian gland,object,0,object,object,True,1.0,v2
31614,exp5,Reductive dechlorination,method,0,method,method,True,1.0,v2
31620,exp5,Factor XII,object,0,object,object,True,1.0,v2
31625,exp5,Acute retinal necrosis,object,0,object,object,True,1.0,v2
31627,exp5,12-O-Tetradecanoylphorbol-13-acetate,object,0,object,object,True,1.0,v2
31628,exp5,Papule,object,0,object,property,False,1.0,v2
31631,exp5,Li–Fraumeni syndrome,object,0,object,object,True,1.0,v2
31634,exp5,Ochronosis,object,0,object,object,True,1.0,v2
31644,exp5,Microbacterium,object,0,object,object,True,1.0,v2
31646,exp5,Sovereign credit,topic,0,topic,,False,1.0,v2
31651,exp5,Okun's law,property,0,property,,False,1.0,v2
31652,exp5,Embryonal rhabdomyosarcoma,object,0,object,object,True,1.0,v2
31659,exp5,Tocilizumab,object,0,object,object,True,1.0,v2
31662,exp5,Carbon fiber reinforced polymer,object,0,object,object,True,1.0,v2
31663,exp5,Libellulidae,object,0,object,object,True,1.0,v2
31664,exp5,Sediment–water interface,object,0,object,property,False,1.0,v2
31665,exp5,Pyruvic acid,object,0,object,object,True,1.0,v2
31671,exp5,Penile cancer,topic,0,topic,,False,1.0,v2
31673,exp5,Achromobacter xylosoxidans,object,0,object,object,True,1.0,v2
31678,exp5,Lymphomatoid papulosis,object,0,object,object,True,1.0,v2
31679,exp5,Small incision lenticule extraction,method,0,method,method,True,1.0,v2
31680,exp5,Gliotoxin,object,0,object,object,True,1.0,v2
31684,exp5,Middle income trap,topic,0,topic,,False,1.0,v2
31685,exp5,Piperaceae,object,0,object,object,True,1.0,v2
31688,exp5,Impaired fasting glucose,object,0,object,object,True,1.0,v2
31689,exp5,Arginine deiminase,object,0,object,object,True,1.0,v2
31694,exp5,MPSoC,object,0,object,object,True,1.0,v2
31699,exp5,Bench press,method,0,method,method,True,1.0,v2
31702,exp5,Job hunting,topic,0,topic,,False,0.8,v2
31703,exp5,Incremental sheet forming,method,0,method,method,True,0.9,v2
31706,exp5,Giant-cell tumor of bone,object,0,object,object,True,0.9,v2
31722,exp5,Fat pad,object,0,object,object,True,0.9,v2
31725,exp5,Flavan,object,0,object,object,True,0.9,v2
31731,exp5,Amelanotic melanoma,object,0,object,object,True,0.9,v2
31732,exp5,Clofarabine,object,0,object,object,True,0.9,v2
31734,exp5,Communicative action,topic,0,topic,,False,0.8,v2
31742,exp5,Blackleg,object,0,object,object,True,0.9,v2
31747,exp5,Syndactyly,object,0,object,object,True,0.9,v2
31751,exp5,Paroxysmal supraventricular tachycardia,object,0,object,object,True,0.9,v2
31755,exp5,Barn-owl,object,0,object,object,True,0.9,v2
31758,exp5,Project team,object,0,object,topic,False,0.8,v2
31759,exp5,Orexigenic,object,0,object,object,True,0.9,v2
31764,exp5,Paraoxon,object,0,object,object,True,0.9,v2
31766,exp5,Meteorological disasters,topic,0,topic,,False,0.8,v2
31768,exp5,Sum frequency generation spectroscopy,method,0,method,method,True,0.9,v2
31771,exp5,Dothideomycetes,object,0,object,object,True,0.9,v2
31774,exp5,Phosphorene,object,0,object,object,True,0.9,v2
31776,exp5,Viral meningitis,object,0,object,object,True,0.9,v2
31777,exp5,Inflammasome,object,0,object,object,True,0.9,v2
31781,exp5,Apocynin,object,0,object,object,True,0.9,v2
31784,exp5,Congenital myasthenic syndrome,object,0,object,object,True,0.9,v2
31787,exp5,Streptomyces clavuligerus,object,0,object,object,True,0.9,v2
31788,exp5,Building code,object,0,object,topic,False,0.9,v2
31793,exp5,Megaproject,object,0,object,topic,False,0.9,v2
31795,exp5,Anthrone,object,0,object,object,True,0.9,v2
31796,exp5,Gliricidia,object,0,object,object,True,0.9,v2
31800,exp5,Coopetition,topic,0,topic,,False,0.9,v2
31801,exp5,Brucite,object,0,object,object,True,0.9,v2
31802,exp5,Metal injection molding,method,0,method,method,True,0.9,v2
31803,exp5,Gait training,method,0,method,method,True,0.9,v2
31805,exp5,Epiglottitis,object,0,object,object,True,0.9,v2
31808,exp5,Verstehen,topic,0,topic,,False,0.9,v2
31815,exp5,Open government,topic,0,topic,,False,0.9,v2
31820,exp5,Corriedale,object,0,object,object,True,0.9,v2
31821,exp5,Central neurocytoma,object,0,object,object,True,0.9,v2
31822,exp5,Cholecystostomy,method,0,method,method,True,0.9,v2
31835,exp5,Student loan,object,0,object,object,True,0.9,v2
31836,exp5,Alkylphenol,object,0,object,object,True,0.9,v2
31838,exp5,Celastrol,object,0,object,object,True,0.95,v2
31839,exp5,CDC25A,object,0,object,object,True,0.95,v2
31844,exp5,Tsetse fly,object,0,object,object,True,0.95,v2
31848,exp5,Mitochondrial biogenesis,property,0,property,,False,0.95,v2
31853,exp5,Cumulative effects,property,0,property,,False,0.95,v2
31855,exp5,Hypohidrotic ectodermal dysplasia,object,0,object,object,True,0.95,v2
31860,exp5,Glycopolymer,object,0,object,object,True,0.95,v2
31868,exp5,Twin cities,object,0,object,object,True,0.95,v2
31869,exp5,Public expenditure,property,0,property,,False,0.95,v2
31870,exp5,Polychlorinated dibenzofurans,object,0,object,object,True,0.95,v2
31874,exp5,Kallmann syndrome,object,0,object,object,True,0.95,v2
31879,exp5,Dolichopodidae,object,0,object,object,True,0.95,v2
31885,exp5,Hardfacing,method,0,method,method,True,0.95,v2
31893,exp5,Cinchonidine,object,0,object,object,True,0.95,v2
31896,exp5,Jugular foramen,object,0,object,object,True,0.95,v2
31905,exp5,Duchy,object,0,object,object,True,0.95,v2
31906,exp5,Isonicotinamide,object,0,object,object,True,0.95,v2
31907,exp5,Bilateral investment treaty,object,0,object,object,True,0.95,v2
31910,exp5,Jatropha curcas,object,0,object,object,True,0.95,v2
31913,exp5,Catastrophic antiphospholipid syndrome,object,0,object,object,True,0.95,v2
31917,exp5,Silicon drift detector,object,0,object,object,True,0.9,v2
31923,exp5,Sporothrix schenckii,object,0,object,object,True,0.9,v2
31927,exp5,Refugee law,topic,0,topic,,False,0.9,v2
31930,exp5,Klippel-Trenaunay syndrome,object,0,object,object,True,0.9,v2
31931,exp5,Hesperetin,object,0,object,object,True,0.9,v2
31943,exp5,Reproductive justice,topic,0,topic,,False,0.9,v2
31948,exp5,Coenagrionidae,object,0,object,object,True,0.9,v2
31950,exp5,Transfusion-related acute lung injury,object,0,object,object,True,0.9,v2
31951,exp5,Waardenburg syndrome,object,0,object,object,True,0.9,v2
31953,exp5,Coronary care unit,object,0,object,object,True,0.9,v2
31961,exp5,Clostridium butyricum,object,0,object,object,True,0.9,v2
31963,exp5,Pituitary stalk,object,0,object,object,True,0.9,v2
31965,exp5,Microinsurance,topic,0,topic,,False,0.9,v2
31968,exp5,Dichlorobenzene,object,0,object,object,True,0.9,v2
31972,exp5,XBRL,object,0,object,method,False,0.9,v2
31973,exp5,Borax,object,0,object,object,True,0.9,v2
31978,exp5,NEDD4,object,0,object,object,True,0.9,v2
31980,exp5,Gardasil,object,0,object,object,True,0.9,v2
31987,exp5,Apostichopus japonicus,object,0,object,object,True,0.9,v2
31992,exp5,Potamogeton crispus,object,0,object,object,True,0.9,v2
31996,exp5,Analog-to-digital converter,object,0,object,object,True,0.9,v2
31999,exp5,Isobutanol,object,0,object,object,True,1.0,v2
32000,exp5,Culture industry,topic,0,topic,,False,0.9,v2
32003,exp5,Fructification,property,0,property,,False,0.9,v2
32006,exp5,TetR,object,0,object,object,True,0.9,v2
32007,exp5,Mental distress,property,0,property,,False,0.9,v2
32014,exp5,Nitazoxanide,object,0,object,object,True,1.0,v2
32015,exp5,Copra,object,0,object,object,True,1.0,v2
32020,exp5,Membrane curvature,property,0,property,,False,0.9,v2
32028,exp5,Acoustic holography,method,0,method,method,True,0.9,v2
32032,exp5,Similarity solution,method,0,method,method,True,0.9,v2
32033,exp5,Oncolytic adenovirus,object,0,object,object,True,0.9,v2
32039,exp5,Cloprostenol,object,0,object,object,True,1.0,v2
32042,exp5,Flunarizine,object,0,object,object,True,1.0,v2
32046,exp5,Erebidae,object,0,object,object,True,1.0,v2
32050,exp5,Colles' fracture,object,0,object,object,True,1.0,v2
32051,exp5,Single-photon source,object,0,object,object,True,0.9,v2
32053,exp5,Berberis,object,0,object,object,True,1.0,v2
32054,exp5,Retirement age,property,0,property,,False,0.9,v2
32055,exp5,Rodenticide,object,0,object,object,True,1.0,v2
32056,exp5,International Linear Collider,object,0,object,object,True,1.0,v2
32062,exp5,NOD1,object,0,object,object,True,1.0,v2
32072,exp5,TD-SCDMA,object,0,object,object,True,1.0,v2
32074,exp5,State of health,property,0,property,,False,1.0,v2
32077,exp5,Idiopathic generalized epilepsy,object,0,object,object,True,1.0,v2
32083,exp5,Penetrating trauma,object,0,object,object,True,1.0,v2
32085,exp5,Comfort women,topic,0,topic,,False,1.0,v2
32086,exp5,Anion gap,property,0,property,,False,1.0,v2
32088,exp5,Scleractinia,object,0,object,object,True,1.0,v2
32090,exp5,Subcutaneous tissue,object,0,object,object,True,1.0,v2
32096,exp5,Mesorhizobium,object,0,object,object,True,1.0,v2
32101,exp5,Cytisine,object,0,object,object,True,1.0,v2
32102,exp5,Integrase inhibitor,object,0,object,object,True,1.0,v2
32105,exp5,Galangin,object,0,object,object,True,1.0,v2
32107,exp5,SOX10,object,0,object,object,True,1.0,v2
32111,exp5,Capra,object,0,object,object,True,1.0,v2
32122,exp5,Participatory budgeting,topic,0,topic,,False,1.0,v2
32124,exp5,Microbial consortium,object,0,object,object,True,1.0,v2
32130,exp5,Latarjet procedure,method,0,method,method,True,1.0,v2
32133,exp5,Hymen,object,0,object,object,True,1.0,v2
32134,exp5,Nosema,object,0,object,object,True,0.9,v2
32135,exp5,Teriparatide,object,0,object,object,True,0.9,v2
32136,exp5,Youth empowerment,topic,0,topic,,False,0.9,v2
32142,exp5,Autonomic dysreflexia,object,0,object,object,True,0.9,v2
32143,exp5,Megaureter,object,0,object,object,True,0.9,v2
32149,exp5,Commercialism,topic,0,topic,,False,0.9,v2
32152,exp5,Tympanostomy tube,object,0,object,object,True,0.9,v2
32154,exp5,Gas generator,object,0,object,object,True,0.9,v2
32157,exp5,Hexafluoropropylene,object,0,object,object,True,0.9,v2
32160,exp5,Contempt,object,0,object,property,False,0.9,v2
32161,exp5,Fleroxacin,object,0,object,object,True,0.9,v2
32163,exp5,Rare events,property,0,property,,False,0.9,v2
32164,exp5,Inonotus obliquus,object,0,object,object,True,0.9,v2
32171,exp5,Geriatric oncology,topic,0,topic,,False,0.9,v2
32174,exp5,Cyclopropene,object,0,object,object,True,0.9,v2
32175,exp5,Exercise intolerance,object,0,object,object,True,0.9,v2
32176,exp5,Food marketing,topic,0,topic,,False,0.9,v2
32179,exp5,Paleoseismology,topic,0,topic,,False,0.9,v2
32189,exp5,Humpback whale,object,0,object,object,True,0.9,v2
32190,exp5,Hydronium,object,0,object,object,True,0.9,v2
32193,exp5,Antibody-drug conjugate,object,0,object,object,True,0.9,v2
32195,exp5,Geotourism,topic,0,topic,,False,0.8,v2
32199,exp5,Schema matching,method,0,method,method,True,0.9,v2
32205,exp5,Sarcopenic obesity,object,0,object,object,True,0.9,v2
32207,exp5,Flucytosine,object,0,object,object,True,0.9,v2
32208,exp5,Lapatinib,object,0,object,object,True,0.9,v2
32214,exp5,Luteolysis,property,0,property,,False,0.9,v2
32219,exp5,Pentamer,object,0,object,object,True,0.9,v2
32226,exp5,Hyporheic zone,object,0,object,object,True,0.9,v2
32227,exp5,Musculocutaneous nerve,object,0,object,object,True,0.9,v2
32228,exp5,Bromelain,object,0,object,object,True,0.9,v2
32232,exp5,Naringin,object,0,object,object,True,0.9,v2
32238,exp5,Single-molecule magnet,object,0,object,object,True,0.9,v2
32240,exp5,Asexuality,property,0,property,,False,0.9,v2
32244,exp5,Canna,object,0,object,object,True,0.9,v2
32246,exp5,Osteoplasty,method,0,method,method,True,0.9,v2
32247,exp5,TLR5,object,0,object,object,True,0.9,v2
32253,exp5,Emiliania huxleyi,object,0,object,object,True,0.9,v2
32255,exp5,Rhizopus arrhizus,object,0,object,object,True,0.9,v2
32258,exp5,Fusarium proliferatum,object,0,object,object,True,0.9,v2
32260,exp5,Sustainable land management,topic,0,topic,,False,0.9,v2
32261,exp5,Treatment-resistant depression,object,0,object,object,True,0.9,v2
32262,exp5,Growth chart,object,0,object,method,False,0.9,v2
32265,exp5,Annelid,object,0,object,object,True,0.9,v2
32272,exp5,Research Domain Criteria,object,0,object,topic,False,0.9,v2
32273,exp5,Anguish,property,0,property,,False,0.9,v2
32275,exp5,Waqf,object,0,object,topic,False,0.9,v2
32280,exp5,Tragacanth,object,0,object,object,True,0.9,v2
32283,exp5,Phthorimaea operculella,object,0,object,object,True,0.9,v2
32284,exp5,Aphakia,object,0,object,object,True,0.9,v2
32292,exp5,Articaine,object,0,object,object,True,0.9,v2
32304,exp5,Memorandum of understanding,object,0,object,topic,False,0.9,v2
32306,exp5,Acute tubular necrosis,object,0,object,object,True,0.9,v2
32307,exp5,Soybean aphid,object,0,object,object,True,0.9,v2
32308,exp5,KLF2,object,0,object,object,True,0.9,v2
32314,exp5,Storm track,object,0,object,property,False,0.9,v2
32324,exp5,Pleurotus eryngii,object,0,object,object,True,0.9,v2
32325,exp5,Facial trauma,object,0,object,object,True,0.9,v2
32328,exp5,Geosmin,object,0,object,object,True,0.9,v2
32333,exp5,Dirofilaria repens,object,0,object,object,True,0.9,v2
32334,exp5,Dandruff,object,0,object,object,True,0.9,v2
32338,exp5,Prostaglandin D2,object,0,object,object,True,0.9,v2
32339,exp5,Regadenoson,object,0,object,object,True,0.9,v2
32346,exp5,Musa acuminata,object,0,object,object,True,0.9,v2
32347,exp5,Xanthene,object,0,object,object,True,0.9,v2
32351,exp5,Sebaceous gland,object,0,object,object,True,0.9,v2
32362,exp5,Heller myotomy,method,0,method,method,True,0.9,v2
32369,exp5,Cecropin,object,0,object,object,True,0.9,v2
32372,exp5,Rebamipide,object,0,object,object,True,0.9,v2
32373,exp5,Memory T cell,object,0,object,object,True,0.9,v2
32379,exp5,Voluntary counseling and testing,method,0,method,method,True,0.9,v2
32381,exp5,Hydrilla,object,0,object,object,True,0.9,v2
32382,exp5,Tetraselmis suecica,object,0,object,object,True,0.9,v2
32392,exp5,Environmental crime,topic,0,topic,,False,0.9,v2
32397,exp5,Aldose reductase inhibitor,object,0,object,object,True,0.9,v2
32402,exp5,Service-dominant logic,topic,0,topic,,False,0.9,v2
32404,exp5,Fisetin,object,0,object,object,True,0.9,v2
32406,exp5,Halo sign,property,0,property,,False,0.9,v2
32409,exp5,Law library,object,0,object,object,True,0.9,v2
32411,exp5,Terminal ileum,object,0,object,object,True,0.9,v2
32412,exp5,Implicit learning,property,0,property,,False,0.8,v2
32414,exp5,Cathelicidin,object,0,object,object,True,0.9,v2
32417,exp5,Nonribosomal peptide,object,0,object,object,True,0.9,v2
32427,exp5,Social software,topic,0,topic,,False,0.8,v2
32430,exp5,Corporate identity,property,0,property,,False,0.8,v2
32431,exp5,Reverse logistics,topic,0,topic,,False,0.8,v2
32436,exp5,Avian infectious bronchitis virus,object,0,object,object,True,0.9,v2
32437,exp5,Parylene,object,0,object,object,True,0.9,v2
32442,exp5,Bacteroidetes,object,0,object,object,True,0.9,v2
32446,exp5,Joubert syndrome,object,0,object,object,True,0.9,v2
32452,exp5,Quercus variabilis,object,0,object,object,True,0.9,v2
32454,exp5,Pediococcus,object,0,object,object,True,0.9,v2
32455,exp5,Bankruptcy prediction,topic,0,topic,,False,0.8,v2
32461,exp5,Historically black colleges and universities,object,0,object,object,True,0.8,v2
32475,exp5,Lentigo maligna,object,0,object,object,True,0.9,v2
32478,exp5,Apostasy,topic,0,topic,,False,0.8,v2
32480,exp5,Personality type,property,0,property,,False,0.8,v2
32482,exp5,Lycopodium,object,0,object,object,True,0.9,v2
32491,exp5,Male breast cancer,object,0,object,object,True,0.9,v2
32493,exp5,Blood product,object,0,object,object,True,0.9,v2
32497,exp5,Coptis chinensis,object,0,object,object,True,1.0,v2
32498,exp5,Adenosine diphosphate,object,0,object,object,True,1.0,v2
32499,exp5,DSSAT,method,0,method,method,True,1.0,v2
32503,exp5,Pendrin,object,0,object,object,True,1.0,v2
32505,exp5,Dental pulp stem cells,object,0,object,object,True,1.0,v2
32507,exp5,Aquifex aeolicus,object,0,object,object,True,1.0,v2
32515,exp5,Explanatory power,property,0,property,,False,1.0,v2
32520,exp5,Campylobacter coli,object,0,object,object,True,1.0,v2
32522,exp5,Idebenone,object,0,object,object,True,1.0,v2
32523,exp5,Clean Air Act,topic,0,topic,,False,1.0,v2
32527,exp5,Usual interstitial pneumonia,object,0,object,object,True,1.0,v2
32530,exp5,Avibactam,object,0,object,object,True,1.0,v2
32534,exp5,Islamization,topic,0,topic,,False,1.0,v2
32537,exp5,Enactivism,property,0,property,,False,1.0,v2
32538,exp5,Fucus,object,0,object,object,True,1.0,v2
32548,exp5,Soybean mosaic virus,object,0,object,object,True,1.0,v2
32554,exp5,Ferricyanide,object,0,object,object,True,1.0,v2
32560,exp5,Optical tomography,method,0,method,method,True,1.0,v2
32562,exp5,Nilotinib,object,0,object,object,True,1.0,v2
32567,exp5,Musculoskeletal disorder,object,0,object,object,True,1.0,v2
32571,exp5,Parasitiformes,object,0,object,object,True,0.9,v2
32572,exp5,Energy poverty,topic,0,topic,,False,0.9,v2
32578,exp5,Rice weevil,object,0,object,object,True,0.9,v2
32580,exp5,Electrical capacitance tomography,method,0,method,method,True,0.9,v2
32581,exp5,Fibromuscular dysplasia,object,0,object,object,True,0.9,v2
32584,exp5,Odontoma,object,0,object,object,True,0.9,v2
32590,exp5,Cardiac fibrosis,property,0,property,,False,0.9,v2
32603,exp5,Treponema denticola,object,0,object,object,True,0.9,v2
32604,exp5,Dapagliflozin,object,0,object,object,True,0.9,v2
32606,exp5,Breast ultrasound,method,0,method,method,True,0.9,v2
32609,exp5,Dextransucrase,object,0,object,object,True,0.9,v2
32611,exp5,Melena,property,0,property,,False,0.9,v2
32612,exp5,Essential medicines,object,0,object,object,True,0.9,v2
32613,exp5,Anophthalmia,property,0,property,,False,0.9,v2
32615,exp5,Foregrounding,topic,0,topic,,False,0.9,v2
32616,exp5,Sevelamer,object,0,object,object,True,0.9,v2
32617,exp5,Constraint-induced movement therapy,method,0,method,method,True,0.9,v2
32620,exp5,Renin inhibitor,object,0,object,object,True,0.9,v2
32629,exp5,Parking lot,object,0,object,object,True,0.9,v2
32630,exp5,Degenerative disease,topic,0,topic,,False,0.9,v2
32638,exp5,Chronic thromboembolic pulmonary hypertension,object,0,object,object,True,1.0,v2
32643,exp5,Renal oncocytoma,object,0,object,object,True,1.0,v2
32652,exp5,Learning cycle,method,0,method,topic,False,1.0,v2
32653,exp5,Chinese Dream,topic,0,topic,,False,1.0,v2
32657,exp5,Water reducer,object,0,object,object,True,1.0,v2
32660,exp5,Metatarsal bones,object,0,object,object,True,1.0,v2
32661,exp5,Water pricing,topic,0,topic,,False,1.0,v2
32666,exp5,Emotional eating,topic,0,topic,,False,1.0,v2
32670,exp5,Customs union,object,0,object,topic,False,1.0,v2
32671,exp5,Emotion recognition,method,0,method,method,True,1.0,v2
32672,exp5,Methanogen,object,0,object,object,True,1.0,v2
32673,exp5,Surfactant protein D,object,0,object,object,True,1.0,v2
32678,exp5,Post-dural-puncture headache,object,0,object,object,True,1.0,v2
32681,exp5,Synucleinopathies,object,0,object,object,True,1.0,v2
32684,exp5,Alpinia,object,0,object,object,True,1.0,v2
32693,exp5,Anyon,object,0,object,object,True,1.0,v2
32694,exp5,Acrosin,object,0,object,object,True,1.0,v2
32696,exp5,Tight gas,object,0,object,object,True,1.0,v2
32699,exp5,Circular economy,topic,0,topic,,False,1.0,v2
32701,exp5,Graphyne,object,0,object,object,True,1.0,v2
32703,exp5,Diethylamine,object,0,object,object,True,0.9,v2
32705,exp5,Budesonide/formoterol,object,0,object,object,True,0.9,v2
32709,exp5,Canagliflozin,object,0,object,object,True,0.9,v2
32712,exp5,Continuous-time random walk,method,0,method,method,True,0.9,v2
32713,exp5,Arbitrariness,property,0,property,,False,0.9,v2
32714,exp5,Phytophthora palmivora,object,0,object,object,True,0.9,v2
32724,exp5,RELB,object,0,object,object,True,0.9,v2
32727,exp5,Selfie,object,0,object,object,True,0.9,v2
32730,exp5,Participatory design,method,0,method,method,True,0.9,v2
32731,exp5,Information-centric networking,topic,0,topic,,False,0.9,v2
32733,exp5,Vertical jump,property,0,property,,False,0.9,v2
32738,exp5,Identification key,method,0,method,method,True,0.9,v2
32740,exp5,Mental toughness,property,0,property,,False,0.9,v2
32744,exp5,Educational program,object,0,object,object,True,0.9,v2
32750,exp5,Fuel tax,property,0,property,,False,0.9,v2
32755,exp5,Deworming,method,0,method,method,True,0.9,v2
32756,exp5,Economic recovery,topic,0,topic,,False,0.9,v2
32757,exp5,Type locality,object,0,object,property,False,0.9,v2
32766,exp5,Fluocinolone acetonide,object,0,object,object,True,0.9,v2
32769,exp5,Lithium–sulfur battery,object,0,object,object,True,0.9,v2
32773,exp5,SOFA score,property,0,property,,False,0.9,v2
32776,exp5,Data extraction,method,0,method,method,True,0.9,v2
32779,exp5,Takifugu rubripes,object,0,object,object,True,1.0,v2
32780,exp5,Orchitis,object,0,object,object,True,1.0,v2
32784,exp5,Middlebrow,topic,0,topic,,False,0.9,v2
32790,exp5,Youth work,topic,0,topic,,False,0.9,v2
32799,exp5,Tropical disease,topic,0,topic,,False,1.0,v2
32801,exp5,Scanning laser ophthalmoscopy,method,0,method,method,True,1.0,v2
32805,exp5,p-Phenylenediamine,object,0,object,object,True,1.0,v2
32806,exp5,Acetanilide,object,0,object,object,True,1.0,v2
32810,exp5,Lymphoblastic lymphoma,object,0,object,object,True,1.0,v2
32811,exp5,Bortezomib,object,0,object,object,True,1.0,v2
32812,exp5,Elementary proof,method,0,method,method,True,1.0,v2
32828,exp5,Acridone,object,0,object,object,True,1.0,v2
32836,exp5,Alcohol advertising,topic,0,topic,,False,1.0,v2
32838,exp5,Seborrheic dermatitis,object,0,object,object,True,1.0,v2
32841,exp5,Spiral wave,object,0,object,object,True,1.0,v2
32845,exp5,Nanoceramic,object,0,object,object,True,1.0,v2
32846,exp5,Indoor positioning system,object,0,object,object,True,1.0,v2
32847,exp5,Ulipristal acetate,object,0,object,object,True,1.0,v2
32848,exp5,Aldo-keto reductase,object,0,object,object,True,0.9,v2
32860,exp5,Wicked problem,topic,0,topic,,False,0.9,v2
32865,exp5,Chromoendoscopy,method,0,method,method,True,0.9,v2
32866,exp5,DKK1,object,0,object,object,True,0.9,v2
32874,exp5,Airworthiness,property,0,property,,False,0.9,v2
32877,exp5,Reclaimed water,object,0,object,topic,False,0.9,v2
32879,exp5,Submarine groundwater discharge,object,0,object,object,True,0.9,v2
32883,exp5,Zero waste,topic,0,topic,,False,0.9,v2
32891,exp5,Fire prevention,topic,0,topic,,False,0.9,v2
32895,exp5,X-ray tube,object,0,object,object,True,0.9,v2
32905,exp5,Body surface area,property,0,property,,False,0.9,v2
32912,exp5,Palm print,object,0,object,object,True,0.9,v2
32916,exp5,Thiobarbituric acid,object,0,object,object,True,0.9,v2
32917,exp5,Idyll,topic,0,topic,,False,0.9,v2
32924,exp5,Sybil attack,topic,0,topic,,False,0.9,v2
32925,exp5,State ownership,property,0,property,,False,0.9,v2
32926,exp5,EGFR inhibitors,object,0,object,object,True,0.9,v2
32933,exp5,Alizarin,object,0,object,object,True,0.9,v2
32939,exp5,Shona,object,0,object,object,True,0.9,v2
32940,exp5,Tropolone,object,0,object,object,True,0.9,v2
32946,exp5,Coordinate-measuring machine,object,0,object,object,True,0.9,v2
32948,exp5,Construction grammar,topic,0,topic,,False,0.9,v2
32949,exp5,Pegaptanib,object,0,object,object,True,0.9,v2
32954,exp5,Group key,object,0,object,object,True,0.9,v2
32960,exp5,Chaplygin gas,object,0,object,object,True,0.9,v2
32967,exp5,Fucales,object,0,object,object,True,0.9,v2
32968,exp5,Beta-glucan,object,0,object,object,True,0.9,v2
32970,exp5,Electronic prescribing,topic,0,topic,,False,0.9,v2
32977,exp5,Fasciotomy,method,0,method,method,True,0.9,v2
32978,exp5,Kneeling,method,0,method,property,False,0.9,v2
32980,exp5,Digital pathology,topic,0,topic,,False,0.9,v2
32985,exp5,Sunburn,object,0,object,object,True,0.9,v2
32987,exp5,Dance therapy,topic,0,topic,,False,0.9,v2
32990,exp5,FRAX,object,0,object,method,False,0.9,v2
32995,exp5,Phthalazine,object,0,object,object,True,0.9,v2
32997,exp5,DAPI,object,0,object,object,True,0.9,v2
32998,exp5,Supramolecular chirality,property,0,property,,False,0.9,v2
33005,exp5,Pentamidine,object,0,object,object,True,0.9,v2
33010,exp5,Lexicalization,topic,0,topic,,False,0.9,v2
33012,exp5,Podocarpus,object,0,object,object,True,0.9,v2
33013,exp5,Progressivism,topic,0,topic,,False,0.9,v2
33014,exp5,Vinasse,object,0,object,object,True,0.9,v2
33017,exp5,Osteoblastoma,object,0,object,object,True,0.9,v2
33018,exp5,Interstitial cell,object,0,object,object,True,0.9,v2
33021,exp5,Land consolidation,topic,0,topic,,False,0.9,v2
33027,exp5,Goal pursuit,topic,0,topic,,False,0.9,v2
33029,exp5,BCL6,object,0,object,object,True,0.9,v2
33031,exp5,Oomycete,object,0,object,object,True,0.9,v2
33037,exp5,Glycated hemoglobin,property,0,property,,False,0.9,v2
33038,exp5,Tithonia,object,0,object,object,True,0.9,v2
33040,exp5,Terminal sliding mode,method,0,method,method,True,0.9,v2
33046,exp5,Moisturizer,object,0,object,object,True,0.9,v2
33054,exp5,Subventricular zone,object,0,object,object,True,0.9,v2
33055,exp5,Lead oxide,object,0,object,object,True,0.9,v2
33061,exp5,Acetylcholinesterase inhibitor,object,0,object,object,True,0.9,v2
33062,exp5,Sodium sulfate,object,0,object,object,True,0.9,v2
33066,exp5,Hericium erinaceus,object,0,object,object,True,0.9,v2
33067,exp5,Andalusite,object,0,object,object,True,0.9,v2
33070,exp5,Fungal sinusitis,topic,0,topic,,False,0.9,v2
33071,exp5,Drug-eluting stent,object,0,object,object,True,0.9,v2
33074,exp5,Six Dynasties,object,0,object,object,True,0.9,v2
33077,exp5,Aconitine,object,0,object,object,True,1.0,v2
33083,exp5,Urine cytology,method,0,method,method,True,1.0,v2
33085,exp5,Abort,method,0,method,method,True,0.9,v2
33089,exp5,Sphingosine kinase 1,object,0,object,object,True,1.0,v2
33093,exp5,Prism adaptation,method,0,method,method,True,1.0,v2
33094,exp5,Prognathism,object,0,object,property,False,1.0,v2
33099,exp5,S-Nitrosylation,method,0,method,method,True,1.0,v2
33101,exp5,Phlebotominae,object,0,object,object,True,1.0,v2
33103,exp5,English as a lingua franca,topic,0,topic,,False,1.0,v2
33105,exp5,Sapindaceae,object,0,object,object,True,1.0,v2
33106,exp5,Legislative history,topic,0,topic,,False,1.0,v2
33108,exp5,Phosphorus deficiency,property,0,property,,False,1.0,v2
33113,exp5,Pingyangmycin,object,0,object,object,True,1.0,v2
33114,exp5,Osteonecrosis of the jaw,object,0,object,object,True,1.0,v2
33116,exp5,beta-Endorphin,object,0,object,object,True,1.0,v2
33119,exp5,Immigration reform,topic,0,topic,,False,1.0,v2
33120,exp5,Pneumocystis jirovecii,object,0,object,object,True,1.0,v2
33123,exp5,Cylindrospermopsis raciborskii,object,0,object,object,True,1.0,v2
33124,exp5,Hsp90 inhibitor,object,0,object,object,True,1.0,v2
33127,exp5,Oil well,object,0,object,object,True,1.0,v2
33128,exp5,Platelet-rich fibrin,object,0,object,object,True,1.0,v2
33139,exp5,Mad2,object,0,object,object,True,1.0,v2
33142,exp5,Tritrichomonas foetus,object,0,object,object,True,1.0,v2
33144,exp5,Methoprene,object,0,object,object,True,1.0,v2
33146,exp5,Plasmalogen,object,0,object,object,True,1.0,v2
33148,exp5,Sickle cell trait,object,0,object,object,True,1.0,v2
33149,exp5,Androstane,object,0,object,object,True,1.0,v2
33150,exp5,Potassium dichromate,object,0,object,object,True,1.0,v2
33151,exp5,DISC1,object,0,object,object,True,1.0,v2
33152,exp5,Dehalococcoides,object,0,object,object,True,1.0,v2
33153,exp5,Methionine sulfoxide,object,0,object,object,True,1.0,v2
33157,exp5,Resource recovery,topic,0,topic,,False,1.0,v2
33158,exp5,Intrinsic factor,object,0,object,object,True,1.0,v2
33159,exp5,Lungfish,object,0,object,object,True,1.0,v2
33162,exp5,Phakopsora pachyrhizi,object,0,object,object,True,1.0,v2
33167,exp5,Authenticated Key Exchange,method,0,method,method,True,1.0,v2
33168,exp5,Extracorporeal shockwave therapy,method,0,method,method,True,1.0,v2
33174,exp5,Sodium benzoate,object,0,object,object,True,1.0,v2
33179,exp5,Superior mesenteric vein,object,0,object,object,True,1.0,v2
33180,exp5,Atrial myxoma,object,0,object,object,True,1.0,v2
33181,exp5,Tunicamycin,object,0,object,object,True,1.0,v2
33183,exp5,Solidarity economy,topic,0,topic,,False,1.0,v2
33184,exp5,Edentulism,property,0,property,,False,1.0,v2
33187,exp5,Gestalt therapy,method,0,method,method,True,1.0,v2
33191,exp5,Plasma electrolytic oxidation,method,0,method,method,True,1.0,v2
33192,exp5,Xhosa,object,0,object,object,True,1.0,v2
33193,exp5,Histiocytic sarcoma,object,0,object,object,True,1.0,v2
33199,exp5,Reducing sugar,property,0,property,,False,1.0,v2
33205,exp5,Menkes disease,object,0,object,object,True,1.0,v2
33207,exp5,Job security,property,0,property,,False,1.0,v2
33208,exp5,Multifocal intraocular lens,object,0,object,object,True,1.0,v2
33213,exp5,Gestational hypertension,object,0,object,object,True,1.0,v2
33218,exp5,Krabbe disease,object,0,object,object,True,1.0,v2
33220,exp5,Cross-linked polyethylene,object,0,object,object,True,1.0,v2
33222,exp5,Enteroaggregative Escherichia coli,object,0,object,object,True,1.0,v2
33230,exp5,Ciclesonide,object,0,object,object,True,1.0,v2
33232,exp5,Boredom,property,0,property,,False,1.0,v2
33236,exp5,Semen analysis,method,0,method,method,True,1.0,v2
33240,exp5,Uterine sarcoma,object,0,object,object,True,1.0,v2
33248,exp5,Carrot juice,object,0,object,object,True,1.0,v2
33253,exp5,Dimethylsulfoniopropionate,object,0,object,object,True,1.0,v2
33256,exp5,Populus euphratica,object,0,object,object,True,1.0,v2
33259,exp5,Vernonia amygdalina,object,0,object,object,True,1.0,v2
33264,exp5,SIRT6,object,0,object,object,True,1.0,v2
33265,exp5,Partner notification,topic,0,topic,,False,1.0,v2
33267,exp5,Campylobacter fetus,object,0,object,object,True,1.0,v2
33270,exp5,Vertical axis wind turbine,object,0,object,object,True,1.0,v2
33271,exp5,Flow battery,object,0,object,object,True,1.0,v2
33277,exp5,Chitosanase,object,0,object,method,False,1.0,v2
33278,exp5,Frontal bone,object,0,object,object,True,1.0,v2
33279,exp5,Solar desalination,method,0,method,method,True,1.0,v2
33281,exp5,Exciton-polaritons,object,0,object,object,True,1.0,v2
33288,exp5,Mushroom poisoning,topic,0,topic,,False,1.0,v2
33292,exp5,Romer,object,0,object,object,True,1.0,v2
33294,exp5,Abnormal return,property,0,property,,False,1.0,v2
33303,exp5,Cytotrophoblast,object,0,object,object,True,1.0,v2
33304,exp5,Posterior reversible encephalopathy syndrome,object,0,object,object,True,1.0,v2
33308,exp5,Ethnomedicine,topic,0,topic,,False,1.0,v2
33310,exp5,Ball screw,object,0,object,object,True,1.0,v2
33313,exp5,Soteriology,topic,0,topic,,False,0.9,v2
33316,exp5,Charles Bonnet syndrome,object,0,object,object,True,0.9,v2
33319,exp5,Cardiac amyloidosis,object,0,object,object,True,0.9,v2
33320,exp5,Sanity,property,0,property,,False,0.9,v2
33321,exp5,Andisol,object,0,object,object,True,0.9,v2
33322,exp5,Obinutuzumab,object,0,object,object,True,0.9,v2
33325,exp5,Right to food,topic,0,topic,,False,0.9,v2
33329,exp5,Sequela,object,0,object,property,False,0.9,v2
33333,exp5,Mediastinal tumor,object,0,object,object,True,0.9,v2
33334,exp5,IGHV@,object,0,object,object,True,0.9,v2
33335,exp5,Odontogenic tumor,object,0,object,object,True,0.9,v2
33344,exp5,Berg Balance Scale,method,0,method,method,True,0.9,v2
33346,exp5,Ablation of atrial fibrillation,method,0,method,method,True,0.9,v2
33349,exp5,Chloral hydrate,object,0,object,object,True,0.9,v2
33351,exp5,Spike sorting,method,0,method,method,True,0.9,v2
33353,exp5,Cutinase,object,0,object,object,True,0.9,v2
33356,exp5,Medievalism,topic,0,topic,,False,0.9,v2
33362,exp5,Rhinosporidiosis,object,0,object,object,True,0.9,v2
33367,exp5,Piperaquine,object,0,object,object,True,0.9,v2
33370,exp5,Kevlar,object,0,object,object,True,0.9,v2
33392,exp5,Ergocalciferol,object,0,object,object,True,1.0,v2
33401,exp5,Stable-isotope probing,method,0,method,method,True,1.0,v2
33402,exp5,Random laser,object,0,object,object,True,1.0,v2
33413,exp5,Nudibranch,object,0,object,object,True,1.0,v2
33417,exp5,Left atrial enlargement,property,0,property,,False,1.0,v2
33420,exp5,Diphenyl carbonate,object,0,object,object,True,1.0,v2
33426,exp5,Nitrofurantoin,object,0,object,object,True,1.0,v2
33429,exp5,Thymoglobulin,object,0,object,object,True,1.0,v2
33430,exp5,Black fly,object,0,object,object,True,1.0,v2
33432,exp5,Riviera,topic,0,topic,,False,1.0,v2
33435,exp5,Serous carcinoma,object,0,object,object,True,1.0,v2
33440,exp5,Tutorial system,method,0,method,method,True,1.0,v2
33441,exp5,Kidney development,topic,0,topic,,False,1.0,v2
33444,exp5,Reticuloendotheliosis virus,object,0,object,object,True,1.0,v2
33445,exp5,Yersinia ruckeri,object,0,object,object,True,1.0,v2
33446,exp5,Theropoda,object,0,object,object,True,1.0,v2
33448,exp5,AERONET,object,0,object,object,True,1.0,v2
33450,exp5,Raman optical activity,method,0,method,method,True,1.0,v2
33456,exp5,Gerontechnology,topic,0,topic,,False,1.0,v2
33460,exp5,Road traffic safety,topic,0,topic,,False,1.0,v2
33461,exp5,Crocin,object,0,object,object,True,1.0,v2
33462,exp5,Toremifene,object,0,object,object,True,1.0,v2
33463,exp5,Religious belief,topic,0,topic,,False,1.0,v2
33464,exp5,Atypical hemolytic uremic syndrome,object,0,object,object,True,1.0,v2
33465,exp5,Haloacetic acids,object,0,object,object,True,1.0,v2
33466,exp5,Companies Act,object,0,object,object,True,1.0,v2
33477,exp5,Titanite,object,0,object,object,True,1.0,v2
33486,exp5,Congenital hyperinsulinism,object,0,object,object,True,1.0,v2
33490,exp5,Social cost,property,0,property,,False,1.0,v2
33495,exp5,Seed predation,topic,0,topic,,False,1.0,v2
33497,exp5,Saxitoxin,object,0,object,object,True,1.0,v2
33503,exp5,FlexRay,object,0,object,method,False,1.0,v2
33504,exp5,Learning analytics,topic,0,topic,,False,1.0,v2
33507,exp5,Music festival,topic,0,topic,,False,1.0,v2
33510,exp5,Mycobiota,object,0,object,object,True,1.0,v2
33512,exp5,Thioamide,object,0,object,object,True,1.0,v2
33515,exp5,Left ventricular thrombus,object,0,object,object,True,1.0,v2
33529,exp5,Furcation defect,object,0,object,object,True,1.0,v2
33531,exp5,Fusiform gyrus,object,0,object,object,True,1.0,v2
33533,exp5,Gender dysphoria,object,0,object,object,True,1.0,v2
33534,exp5,Capital flight,topic,0,topic,,False,0.9,v2
33538,exp5,Dacryocystitis,object,0,object,object,True,1.0,v2
33539,exp5,Riparian buffer,object,0,object,object,True,0.9,v2
33542,exp5,Internal hernia,object,0,object,object,True,1.0,v2
33544,exp5,Low-protein diet,method,0,method,topic,False,0.9,v2
33545,exp5,Miscanthus sinensis,object,0,object,object,True,1.0,v2
33548,exp5,Sinomenine,object,0,object,object,True,1.0,v2
33550,exp5,Coaxial cable,object,0,object,object,True,0.9,v2
33557,exp5,Alveolar soft part sarcoma,object,0,object,object,True,1.0,v2
33560,exp5,Cyanidin,object,0,object,object,True,1.0,v2
33572,exp5,Early warning score,method,0,method,method,True,0.9,v2
33573,exp5,Oenothera,object,0,object,object,True,1.0,v2
33574,exp5,Social rights,topic,0,topic,,False,0.9,v2
33578,exp5,Methanotroph,object,0,object,object,True,1.0,v2
33586,exp5,Virtex,object,0,object,object,True,1.0,v2
33589,exp5,Artocarpus,object,0,object,object,True,1.0,v2
33593,exp5,Integrity management,topic,0,topic,,False,0.9,v2
33595,exp5,SODAR,object,0,object,method,False,0.9,v2
33596,exp5,Thuja,object,0,object,object,True,1.0,v2
33597,exp5,Ammonium bicarbonate,object,0,object,object,True,1.0,v2
33606,exp5,High-speed camera,object,0,object,object,True,0.9,v2
33607,exp5,Axillary nerve,object,0,object,object,True,0.9,v2
33610,exp5,Pullback,object,0,object,method,False,0.9,v2
33616,exp5,Boer goat,object,0,object,object,True,0.9,v2
33621,exp5,UV curing,method,0,method,method,True,0.9,v2
33622,exp5,Forced degradation,method,0,method,method,True,0.9,v2
33628,exp5,Death certificate,object,0,object,object,True,0.9,v2
33630,exp5,Alnus glutinosa,object,0,object,object,True,0.9,v2
33631,exp5,Cyanuric acid,object,0,object,object,True,0.9,v2
33637,exp5,alpha-Linolenic acid,object,0,object,object,True,0.9,v2
33639,exp5,Metrorrhagia,property,0,property,,False,0.9,v2
33643,exp5,Taste bud,object,0,object,object,True,0.9,v2
33645,exp5,Biguanide,object,0,object,object,True,0.9,v2
33646,exp5,Paratext,object,0,object,topic,False,0.9,v2
33651,exp5,Hemihydrate,object,0,object,property,False,0.9,v2
33654,exp5,Middle East respiratory syndrome coronavirus,object,0,object,object,True,0.9,v2
33655,exp5,Triethoxysilane,object,0,object,object,True,0.9,v2
33661,exp5,Sapovirus,object,0,object,object,True,0.9,v2
33666,exp5,Lung cancer staging,method,0,method,method,True,0.9,v2
33667,exp5,Deblurring,method,0,method,method,True,0.9,v2
33670,exp5,Roseobacter,object,0,object,object,True,0.9,v2
33684,exp5,Ceramiales,object,0,object,object,True,0.9,v2
33685,exp5,Musaceae,object,0,object,object,True,0.9,v2
33686,exp5,Cultural ecology,topic,0,topic,,False,0.9,v2
33687,exp5,Sacrococcygeal teratoma,object,0,object,object,True,0.9,v2
33688,exp5,Dental composite,object,0,object,object,True,0.9,v2
33691,exp5,Periostin,object,0,object,object,True,0.9,v2
33692,exp5,Carnivalesque,topic,0,topic,,False,0.9,v2
33693,exp5,Limbic encephalitis,object,0,object,object,True,0.9,v2
33695,exp5,Sphingosine kinase,object,0,object,object,True,0.9,v2
33696,exp5,Politics of memory,topic,0,topic,,False,0.9,v2
33698,exp5,Tiopronin,object,0,object,object,True,0.9,v2
33700,exp5,Waviness,property,0,property,,False,0.9,v2
33707,exp5,Pinocembrin,object,0,object,object,True,0.9,v2
33709,exp5,Teriflunomide,object,0,object,object,True,0.9,v2
33711,exp5,Breast surgery,method,0,method,topic,False,0.9,v2
33712,exp5,Sexual coercion,topic,0,topic,,False,0.9,v2
33718,exp5,Collaborative governance,topic,0,topic,,False,0.9,v2
33726,exp5,k-anonymity,property,0,property,,False,0.9,v2
33732,exp5,Motion blur,property,0,property,,False,0.9,v2
33736,exp5,Conveyor belt,object,0,object,object,True,0.9,v2
33737,exp5,Middle meningeal artery,object,0,object,object,True,0.9,v2
33739,exp5,Tetrapyrrole,object,0,object,object,True,0.9,v2
33742,exp5,Fiscal sustainability,topic,0,topic,,False,0.9,v2
33743,exp5,Juvenile court,object,0,object,topic,False,0.9,v2
33744,exp5,Radical right,topic,0,topic,,False,0.9,v2
33746,exp5,Defibrotide,object,0,object,object,True,0.9,v2
33748,exp5,Bovidae,object,0,object,object,True,0.9,v2
33750,exp5,Charadriiformes,object,0,object,object,True,0.9,v2
33754,exp5,Nanodiamond,object,0,object,object,True,0.9,v2
33755,exp5,Pinus patula,object,0,object,object,True,0.9,v2
33765,exp5,Angiolipoma,object,0,object,object,True,0.9,v2
33769,exp5,Human bocavirus,object,0,object,object,True,0.9,v2
33776,exp5,Shellac,object,0,object,object,True,0.9,v2
33779,exp5,AlkB,object,0,object,object,True,0.9,v2
33785,exp5,Pilocytic astrocytoma,object,0,object,object,True,0.9,v2
33786,exp5,Learnability,property,0,property,,False,0.9,v2
33792,exp5,Absorptive capacity,property,0,property,,False,0.9,v2
33796,exp5,Accelerated solvent extraction,method,0,method,method,True,0.9,v2
33802,exp5,Thiamphenicol,object,0,object,object,True,0.9,v2
33803,exp5,Portopulmonary hypertension,object,0,object,object,True,1.0,v2
33804,exp5,Mitral annulus,object,0,object,object,True,1.0,v2
33805,exp5,Tungsten disulfide,object,0,object,object,True,1.0,v2
33808,exp5,Stratiotes,object,0,object,object,True,1.0,v2
33809,exp5,Amorphophallus,object,0,object,object,True,1.0,v2
33813,exp5,Hydroxyethyl cellulose,object,0,object,object,True,1.0,v2
33814,exp5,Meat and bone meal,object,0,object,object,True,1.0,v2
33819,exp5,Arthrocentesis,method,0,method,method,True,1.0,v2
33821,exp5,Septoplasty,method,0,method,method,True,1.0,v2
33825,exp5,Phenylboronic acid,object,0,object,object,True,1.0,v2
33831,exp5,Succinic anhydride,object,0,object,object,True,1.0,v2
33834,exp5,Leishmania braziliensis,object,0,object,object,True,1.0,v2
33837,exp5,Chlorothalonil,object,0,object,object,True,1.0,v2
33841,exp5,DYRK1A,object,0,object,object,True,1.0,v2
33849,exp5,Tax incentive,topic,0,topic,,False,1.0,v2
33850,exp5,Methamidophos,object,0,object,object,True,1.0,v2
33852,exp5,Coregonus,object,0,object,object,True,1.0,v2
33854,exp5,Tauopathy,object,0,object,object,True,1.0,v2
33856,exp5,Vaterite,object,0,object,object,True,1.0,v2
33857,exp5,Balsaminaceae,object,0,object,object,True,1.0,v2
33858,exp5,Stacker,object,0,object,object,True,0.9,v2
33859,exp5,Submersible pump,object,0,object,object,True,0.9,v2
33865,exp5,Consequentialism,topic,0,topic,,False,0.9,v2
33873,exp5,Doxepin,object,0,object,object,True,0.9,v2
33875,exp5,Minimal change disease,object,0,object,object,True,0.9,v2
33877,exp5,Machado–Joseph disease,object,0,object,object,True,0.9,v2
33882,exp5,Colletotrichum capsici,object,0,object,object,True,0.9,v2
33883,exp5,Brachypodium,object,0,object,object,True,0.9,v2
33888,exp5,Skin grafting,method,0,method,method,True,0.9,v2
33893,exp5,Carcharhinus,object,0,object,object,True,0.9,v2
33896,exp5,Egg allergy,object,0,object,object,True,0.9,v2
33901,exp5,Paideia,topic,0,topic,,False,0.9,v2
33908,exp5,Imperial examination,topic,0,topic,,False,0.9,v2
33911,exp5,Polypill,object,0,object,object,True,0.9,v2
33916,exp5,Mandibular canal,object,0,object,object,True,0.9,v2
33920,exp5,Epidural steroid injection,method,0,method,method,True,0.9,v2
33925,exp5,Food contact materials,object,0,object,object,True,0.9,v2
33934,exp5,Lambert-Eaton myasthenic syndrome,object,0,object,object,True,0.9,v2
33938,exp5,1-Butene,object,0,object,object,True,0.9,v2
33939,exp5,Andragogy,topic,0,topic,,False,0.9,v2
33944,exp5,Digital signage,topic,0,topic,,False,0.8,v2
33946,exp5,Spinous process,object,0,object,object,True,0.9,v2
33947,exp5,Palmitoylethanolamide,object,0,object,object,True,0.9,v2
33951,exp5,Fluorenone,object,0,object,object,True,0.9,v2
33961,exp5,Exercise therapy,method,0,method,topic,False,0.9,v2
33963,exp5,Ergothioneine,object,0,object,object,True,0.9,v2
33966,exp5,Mindfulness-based stress reduction,method,0,method,method,True,0.9,v2
33969,exp5,Light-water reactor,object,0,object,object,True,0.9,v2
33970,exp5,Control point,object,0,object,object,True,0.9,v2
33971,exp5,Acute fatty liver of pregnancy,object,0,object,object,True,0.9,v2
33975,exp5,Early Pleistocene,object,0,object,object,True,0.9,v2
33977,exp5,Lexico,topic,0,topic,,False,0.8,v2
33978,exp5,Subclavian steal syndrome,object,0,object,object,True,0.9,v2
33980,exp5,Accumulative roll bonding,method,0,method,method,True,0.9,v2
33985,exp5,Isoindoline,object,0,object,object,True,0.9,v2
33986,exp5,Dryopteridaceae,object,0,object,object,True,0.9,v2
33987,exp5,Garcinia kola,object,0,object,object,True,0.9,v2
33990,exp5,Profit maximization,topic,0,topic,,False,0.8,v2
33991,exp5,Lithobates,object,0,object,object,True,0.9,v2
33992,exp5,Foreign born,property,0,property,,False,0.8,v2
33995,exp5,Proteus syndrome,object,0,object,object,True,1.0,v2
33996,exp5,Mangiferin,object,0,object,object,True,1.0,v2
33999,exp5,Veneration,topic,0,topic,,False,0.8,v2
34004,exp5,Bowel resection,method,0,method,method,True,1.0,v2
34008,exp5,Disruptive innovation,topic,0,topic,,False,1.0,v2
34015,exp5,Penicillium marneffei,object,0,object,object,True,1.0,v2
34018,exp5,Process validation,method,0,method,method,True,1.0,v2
34021,exp5,Radiation proctitis,object,0,object,object,True,1.0,v2
34025,exp5,Arachnoiditis,object,0,object,object,True,1.0,v2
34027,exp5,Flow diverter,object,0,object,object,True,1.0,v2
34032,exp5,Dioscorea rotundata,object,0,object,object,True,1.0,v2
34037,exp5,Drazin inverse,object,0,object,method,False,1.0,v2
34039,exp5,Exclosure,method,0,method,method,True,1.0,v2
34044,exp5,Internal capsule,object,0,object,object,True,1.0,v2
34049,exp5,Erythropoietic protoporphyria,object,0,object,object,True,1.0,v2
34055,exp5,J wave,property,0,property,,False,1.0,v2
34056,exp5,Optineurin,object,0,object,object,True,1.0,v2
34058,exp5,Bevacizumab,object,0,object,object,True,1.0,v2
34060,exp5,Neutrophilia,property,0,property,,False,1.0,v2
34062,exp5,Rock shelter,object,0,object,object,True,1.0,v2
34071,exp5,Honorific,topic,0,topic,,False,0.8,v2
34073,exp5,Transcranial direct-current stimulation,method,0,method,method,True,1.0,v2
34074,exp5,Nanotopography,object,0,object,property,False,1.0,v2
34080,exp5,Catholic social teaching,topic,0,topic,,False,0.8,v2
34081,exp5,Star tracker,object,0,object,object,True,1.0,v2
34083,exp5,Leukocidin,object,0,object,object,True,1.0,v2
34085,exp5,Bricolage,topic,0,topic,,False,0.8,v2
34086,exp5,Turnip mosaic virus,object,0,object,object,True,1.0,v2
34087,exp5,Lactobacillus brevis,object,0,object,object,True,1.0,v2
34092,exp5,Iron sulfide,object,0,object,object,True,1.0,v2
34094,exp5,Etodolac,object,0,object,object,True,1.0,v2
34095,exp5,Proboscidea,object,0,object,object,True,1.0,v2
34097,exp5,Cinnabar,object,0,object,object,True,1.0,v2
34098,exp5,Massive open online course,topic,0,topic,,False,0.8,v2
34100,exp5,Mindfulness-based cognitive therapy,method,0,method,method,True,1.0,v2
34101,exp5,Pichia stipitis,object,0,object,object,True,1.0,v2
34103,exp5,Pika,object,0,object,object,True,1.0,v2
34104,exp5,Zopiclone,object,0,object,object,True,1.0,v2
34108,exp5,Kaempferol,object,0,object,object,True,1.0,v2
34109,exp5,Hagfish,object,0,object,object,True,1.0,v2
34110,exp5,Credential,object,0,object,property,False,0.9,v2
34115,exp5,Bacillus amyloliquefaciens,object,0,object,object,True,1.0,v2
34118,exp5,SCIAMACHY,object,0,object,method,False,1.0,v2
34120,exp5,Internet addiction disorder,object,0,object,object,True,1.0,v2
34125,exp5,Spinal fracture,object,0,object,object,True,1.0,v2
34127,exp5,Calcinosis cutis,object,0,object,object,True,1.0,v2
34132,exp5,Septate,object,0,object,property,False,1.0,v2
34133,exp5,American foulbrood,object,0,object,object,True,1.0,v2
34134,exp5,Majorization,object,0,object,property,False,1.0,v2
34135,exp5,Streptomyces avermitilis,object,0,object,object,True,1.0,v2
34137,exp5,Pedestrian crossing,object,0,object,object,True,1.0,v2
34140,exp5,Single-domain antibody,object,0,object,object,True,1.0,v2
34141,exp5,Remote laboratory,object,0,object,method,False,1.0,v2
34144,exp5,Developmental state,topic,0,topic,,False,1.0,v2
34146,exp5,Doripenem,object,0,object,object,True,1.0,v2
34148,exp5,Snippet,object,0,object,object,True,1.0,v2
34149,exp5,Going concern,property,0,property,,False,1.0,v2
34151,exp5,Dithiothreitol,object,0,object,object,True,1.0,v2
34154,exp5,Public trust,property,0,property,,False,1.0,v2
34155,exp5,X-ray microtomography,method,0,method,method,True,1.0,v2
34159,exp5,Bodhisattva,object,1,object,object,True,0.9,v2
34160,exp5,Gluino,object,0,object,object,True,0.9,v2
34164,exp5,Classical Chinese,topic,0,topic,,False,0.9,v2
34167,exp5,Isobenzofuran,object,0,object,object,True,0.9,v2
34169,exp5,Betulinic acid,object,0,object,object,True,0.9,v2
34171,exp5,Protectorate,object,1,object,object,True,0.9,v2
34173,exp5,Vaginal flora,object,0,object,object,True,0.9,v2
34175,exp5,Alpha-glucosidase,object,0,object,object,True,0.9,v2
34178,exp5,Ailanthus altissima,object,0,object,object,True,0.9,v2
34185,exp5,Assamese,object,0,object,object,True,0.9,v2
34191,exp5,Rectus sheath,object,0,object,object,True,0.9,v2
34193,exp5,Embryonic heart,object,0,object,object,True,0.9,v2
34201,exp5,P-TEFb,object,0,object,object,True,0.9,v2
34202,exp5,Insect growth regulator,object,0,object,object,True,0.9,v2
34210,exp5,Meglumine,object,0,object,object,True,0.9,v2
34219,exp5,Valerian,object,0,object,object,True,0.9,v2
34220,exp5,Occipital neuralgia,object,0,object,object,True,0.9,v2
34221,exp5,Seborrheic keratosis,object,0,object,object,True,0.9,v2
34224,exp5,Synthetic cannabinoids,object,0,object,object,True,0.9,v2
34227,exp5,Lewis lung carcinoma,object,0,object,object,True,0.9,v2
34228,exp5,Stained glass,object,0,object,object,True,1.0,v2
34229,exp5,Pacifastacus,object,0,object,object,True,1.0,v2
34230,exp5,Electropolishing,method,0,method,method,True,1.0,v2
34236,exp5,Relationship education,topic,0,topic,,False,1.0,v2
34238,exp5,Gossypiboma,object,0,object,object,True,1.0,v2
34242,exp5,Iron–sulfur cluster,object,0,object,object,True,1.0,v2
34243,exp5,Narrative therapy,method,0,method,method,True,1.0,v2
34249,exp5,Isonicotinic acid,object,0,object,object,True,0.9,v2
34252,exp5,Thiram,object,0,object,object,True,0.9,v2
34257,exp5,Acetic acid bacteria,object,0,object,object,True,0.9,v2
34262,exp5,Campylobacteriosis,object,0,object,object,True,0.9,v2
34263,exp5,Vascular occlusion,object,0,object,property,False,0.9,v2
34265,exp5,Carbonic acid,object,0,object,object,True,0.9,v2
34271,exp5,Panton–Valentine leukocidin,object,0,object,object,True,0.9,v2
34272,exp5,Propiconazole,object,0,object,object,True,0.9,v2
34277,exp5,Triclabendazole,object,0,object,object,True,0.9,v2
34284,exp5,Hydrotherapy,method,0,method,method,True,0.9,v2
34286,exp5,Chemical genetics,topic,0,topic,,False,0.9,v2
34292,exp5,Zooxanthellae,object,0,object,object,True,0.9,v2
34294,exp5,Sexual misconduct,topic,0,topic,,False,0.9,v2
34298,exp5,Streptococcus sanguinis,object,0,object,object,True,0.97,v2
34300,exp5,Urban village,object,0,object,topic,False,0.97,v2
34309,exp5,Biocomposite,object,0,object,object,True,0.97,v2
34313,exp5,Autologous chondrocyte implantation,method,0,method,method,True,0.97,v2
34318,exp5,Ethylenedioxy,object,0,object,property,False,0.97,v2
34325,exp5,Actinic keratosis,object,0,object,object,True,0.97,v2
34334,exp5,Clean Water Act,object,0,object,topic,False,0.97,v2
34336,exp5,Air suspension,object,0,object,object,True,0.97,v2
34337,exp5,Salinomycin,object,0,object,object,True,0.97,v2
34340,exp5,Hypoactive sexual desire disorder,object,0,object,object,True,0.97,v2
34346,exp5,Gangliosidosis,object,0,object,object,True,0.97,v2
34355,exp5,Mizoribine,object,0,object,object,True,0.97,v2
34357,exp5,Dynamic compaction,method,0,method,method,True,0.97,v2
34361,exp5,Front crawl,method,0,method,method,True,0.97,v2
34363,exp5,Glutaric acid,object,0,object,object,True,0.97,v2
34366,exp5,Complex wavelet transform,method,0,method,method,True,0.97,v2
34368,exp5,Real wages,property,0,property,,False,0.97,v2
34370,exp5,Southern Iran,object,0,object,object,True,0.97,v2
34376,exp5,Electrochemical machining,method,0,method,method,True,0.97,v2
34381,exp5,Boar taint,property,0,property,,False,0.97,v2
34384,exp5,Natural dye,object,0,object,object,True,0.9,v2
34386,exp5,Named entity,object,0,object,object,True,0.9,v2
34390,exp5,Energy transition,topic,0,topic,,False,0.9,v2
34391,exp5,Chabazite,object,0,object,object,True,0.9,v2
34392,exp5,Cultural industry,topic,0,topic,,False,0.9,v2
34402,exp5,Covalent organic framework,object,0,object,object,True,0.9,v2
34403,exp5,Land administration,topic,0,topic,,False,0.9,v2
34415,exp5,Selective adsorption,method,0,method,property,False,0.9,v2
34416,exp5,Patient experience,property,0,property,,False,0.9,v2
34423,exp5,Polysorbate,object,0,object,object,True,0.9,v2
34428,exp5,3D modeling,method,0,method,method,True,0.9,v2
34432,exp5,Writing assessment,method,0,method,method,True,0.9,v2
34434,exp5,C9orf72,object,0,object,object,True,0.9,v2
34437,exp5,Lanostane,object,0,object,object,True,0.9,v2
34439,exp5,Food fortification,method,0,method,method,True,0.9,v2
34440,exp5,Cultural intelligence,property,0,property,,False,0.9,v2
34446,exp5,Career Pathways,topic,0,topic,,False,0.9,v2
34452,exp5,Food intolerance,property,0,property,,False,0.9,v2
34453,exp5,Fertility preservation,method,0,method,method,True,0.9,v2
34454,exp5,Lithium tantalate,object,0,object,object,True,0.9,v2
34456,exp5,Myxobacteria,object,0,object,object,True,1.0,v2
34461,exp5,Self-reflection,topic,0,topic,,False,0.8,v2
34462,exp5,Achromatopsia,object,0,object,object,True,1.0,v2
34468,exp5,Clobazam,object,0,object,object,True,1.0,v2
34481,exp5,Brachypodium distachyon,object,0,object,object,True,1.0,v2
34482,exp5,Rhizophora mucronata,object,0,object,object,True,1.0,v2
34489,exp5,Major trauma,object,0,object,object,True,1.0,v2
34492,exp5,Hydroxylapatite,object,0,object,object,True,1.0,v2
34494,exp5,Vacuum aspiration,method,0,method,method,True,1.0,v2
34498,exp5,Chromobacterium violaceum,object,0,object,object,True,1.0,v2
34504,exp5,Internal migration,topic,0,topic,,False,1.0,v2
34505,exp5,Pancreatic mass,object,0,object,object,True,1.0,v2
34507,exp5,Hay fever,object,0,object,object,True,1.0,v2
34508,exp5,Mandrel,object,0,object,object,True,1.0,v2
34515,exp5,Hand washing,method,0,method,method,True,1.0,v2
34516,exp5,Grus (genus),object,0,object,object,True,1.0,v2
34518,exp5,Ophiuchus,object,0,object,object,True,1.0,v2
34520,exp5,Knowledge translation,topic,0,topic,,False,1.0,v2
34535,exp5,Intensivist,object,0,object,object,True,1.0,v2
34538,exp5,Green tea extract,object,0,object,object,True,1.0,v2
34546,exp5,Chronic myelomonocytic leukemia,object,0,object,object,True,1.0,v2
34547,exp5,Thymopentin,object,0,object,object,True,1.0,v2
34552,exp5,Nuclear fuel cycle,topic,0,topic,,False,1.0,v2
34553,exp5,T790M,property,0,property,,False,1.0,v2
34555,exp5,Targum,object,0,object,object,True,1.0,v2
34556,exp5,Wrongdoing,topic,0,topic,,False,1.0,v2
34557,exp5,Mycobacterium fortuitum,object,0,object,object,True,1.0,v2
34558,exp5,Religious orientation,property,0,property,,False,1.0,v2
34559,exp5,Treatment as prevention,method,0,method,method,True,1.0,v2
34565,exp5,SOX2,object,0,object,object,True,1.0,v2
34567,exp5,Antithesis,property,0,property,,False,1.0,v2
34572,exp5,Superior laryngeal nerve,object,0,object,object,True,1.0,v2
34573,exp5,Dharwar Craton,object,0,object,object,True,1.0,v2
34577,exp5,Acetoin,object,0,object,object,True,1.0,v2
34578,exp5,Triphenylamine,object,0,object,object,True,1.0,v2
34581,exp5,Transfer of training,topic,0,topic,,False,1.0,v2
34585,exp5,Adjustable gastric band,object,0,object,object,True,1.0,v2
34588,exp5,Hyperacusis,property,0,property,,False,1.0,v2
34594,exp5,Financial literacy,property,0,property,,False,1.0,v2
34598,exp5,Total mixed ration,object,0,object,method,False,1.0,v2
34602,exp5,Tributyl phosphate,object,0,object,object,True,1.0,v2
34604,exp5,Greenhouse whitefly,object,0,object,object,True,1.0,v2
34608,exp5,Dead space,property,0,property,,False,1.0,v2
34613,exp5,Salicaceae,object,0,object,object,True,1.0,v2
34614,exp5,Bifidobacterium animalis,object,0,object,object,True,1.0,v2
34616,exp5,Atractylodes,object,0,object,object,True,1.0,v2
34617,exp5,Axle load,property,0,property,,False,1.0,v2
34620,exp5,Riffle,object,0,object,object,True,1.0,v2
34621,exp5,Dolichos,object,0,object,object,True,1.0,v2
34624,exp5,Glycogenolysis,topic,0,topic,,False,1.0,v2
34628,exp5,Pangasius,object,0,object,object,True,1.0,v2
34647,exp5,Volatile fatty acids,object,0,object,object,True,1.0,v2
34648,exp5,Yangian,object,0,object,property,False,1.0,v2
34655,exp5,Pectoralis major muscle,object,0,object,object,True,1.0,v2
34659,exp5,Oleuropein,object,0,object,object,True,1.0,v2
34668,exp5,Thiamine deficiency,topic,0,topic,,False,1.0,v2
34669,exp5,Wildland–urban interface,topic,0,topic,,False,1.0,v2
34670,exp5,Resource efficiency,topic,0,topic,,False,1.0,v2
34671,exp5,Lead sulfide,object,0,object,object,True,1.0,v2
34672,exp5,May–Thurner syndrome,topic,0,topic,,False,1.0,v2
34673,exp5,Sedum,object,0,object,object,True,0.9,v2
34674,exp5,Helix pomatia,object,0,object,object,True,0.9,v2
34676,exp5,Forming limit diagram,method,0,method,method,True,0.9,v2
34681,exp5,Peripherally inserted central catheter,object,0,object,object,True,0.9,v2
34684,exp5,Career management,topic,0,topic,,False,0.9,v2
34686,exp5,Labetalol,object,0,object,object,True,0.9,v2
34689,exp5,Diethanolamine,object,0,object,object,True,0.9,v2
34697,exp5,Borneol,object,0,object,object,True,0.9,v2
34701,exp5,Drosophila suzukii,object,0,object,object,True,0.9,v2
34702,exp5,Home birth,topic,0,topic,,False,0.9,v2
34705,exp5,Granulysin,object,0,object,object,True,0.9,v2
34711,exp5,Megalopolis,object,0,object,object,True,0.9,v2
34713,exp5,Nanocellulose,object,0,object,object,True,0.9,v2
34722,exp5,Political Islam,topic,0,topic,,False,0.9,v2
34726,exp5,Oscillatoria,object,0,object,object,True,0.9,v2
34734,exp5,Blue nevus,object,0,object,object,True,0.9,v2
34738,exp5,Dicyclopentadiene,object,0,object,object,True,0.9,v2
34739,exp5,Chaetoceros,object,0,object,object,True,0.9,v2
34741,exp5,Interval training,method,0,method,topic,False,0.9,v2
34742,exp5,Multimodal transport,topic,0,topic,,False,0.9,v2
34744,exp5,Word Association,method,0,method,method,True,0.8,v2
34745,exp5,Calcific tendinitis,object,0,object,object,True,0.9,v2
34759,exp5,Interpersonal psychotherapy,method,0,method,method,True,0.9,v2
34760,exp5,Mass incarceration,topic,0,topic,,False,0.9,v2
34762,exp5,Burkholderia cenocepacia,object,0,object,object,True,0.9,v2
34764,exp5,Vinculin,object,0,object,object,True,0.9,v2
34768,exp5,Retained placenta,object,0,object,object,True,0.9,v2
34769,exp5,Chinese patent medicine,object,0,object,object,True,0.9,v2
34770,exp5,Tephrochronology,method,0,method,method,True,0.9,v2
34776,exp5,Inheritance tax,topic,0,topic,,False,0.9,v2
34785,exp5,Impedance control,method,0,method,method,True,0.9,v2
34792,exp5,Chelidonium,object,0,object,object,True,0.9,v2
34796,exp5,Pratylenchus,object,0,object,object,True,0.9,v2
34799,exp5,Illegal logging,topic,0,topic,,False,0.9,v2
34800,exp5,Channelopathy,object,0,object,object,True,0.9,v2
34801,exp5,Aspergillus versicolor,object,0,object,object,True,0.9,v2
34803,exp5,Nicotinamide adenine dinucleotide phosphate,object,0,object,object,True,0.9,v2
34804,exp5,Higgs sector,object,0,object,object,True,0.9,v2
34805,exp5,Lymphocytopenia,object,0,object,object,True,0.9,v2
34808,exp5,Sinicization,topic,0,topic,,False,0.9,v2
34810,exp5,Eculizumab,object,0,object,object,True,1.0,v2
34813,exp5,Aromatic amino acids,object,0,object,object,True,1.0,v2
34818,exp5,Cryo-electron tomography,method,0,method,method,True,1.0,v2
34819,exp5,Popular education,topic,0,topic,,False,1.0,v2
34822,exp5,Striga hermonthica,object,0,object,object,True,1.0,v2
34823,exp5,Regulator of G protein signaling,object,0,object,object,True,1.0,v2
34826,exp5,Fibrodysplasia ossificans progressiva,object,0,object,object,True,1.0,v2
34831,exp5,Advance care planning,topic,0,topic,,False,1.0,v2
34832,exp5,Pancreatic tumor,object,0,object,object,True,1.0,v2
34833,exp5,Coconut oil,object,0,object,object,True,1.0,v2
34838,exp5,Halictidae,object,0,object,object,True,1.0,v2
34850,exp5,Objective structured clinical examination,method,0,method,method,True,1.0,v2
34858,exp5,Estradiol valerate,object,0,object,object,True,1.0,v2
34861,exp5,Defibrillation threshold,property,0,property,,False,1.0,v2
34863,exp5,Phosphomolybdic acid,object,0,object,object,True,1.0,v2
34865,exp5,Retirement planning,topic,0,topic,,False,1.0,v2
34866,exp5,TRIGA,object,0,object,object,True,1.0,v2
34870,exp5,Beak,object,0,object,object,True,1.0,v2
34872,exp5,Dermal fibroblast,object,0,object,object,True,1.0,v2
34873,exp5,Paraneoplastic cerebellar degeneration,object,0,object,object,True,1.0,v2
34876,exp5,Pericardiocentesis,method,0,method,method,True,0.9,v2
34878,exp5,Acoustic resonance,method,0,method,property,False,0.9,v2
34880,exp5,Intraocular lymphoma,object,0,object,object,True,0.9,v2
34882,exp5,Corticotomy,method,0,method,method,True,0.9,v2
34884,exp5,Picornavirus,object,0,object,object,True,0.9,v2
34886,exp5,Galvanic vestibular stimulation,method,0,method,method,True,0.9,v2
34888,exp5,Monkeypox,object,0,object,object,True,0.9,v2
34889,exp5,Internationalization of Higher Education,topic,0,topic,,False,0.9,v2
34892,exp5,Strain rate imaging,method,0,method,method,True,0.9,v2
34905,exp5,Pregnancy-associated plasma protein A,object,0,object,object,True,0.9,v2
34906,exp5,Microwave ablation,method,0,method,method,True,0.9,v2
34908,exp5,Mass cytometry,method,0,method,method,True,0.9,v2
34911,exp5,Stigmasterol,object,0,object,object,True,0.9,v2
34912,exp5,Cycad,object,0,object,object,True,0.9,v2
34914,exp5,Land grabbing,topic,0,topic,,False,0.9,v2
34915,exp5,SIGLEC,object,0,object,object,True,0.9,v2
34916,exp5,Obturator hernia,object,0,object,object,True,0.9,v2
34917,exp5,Ritter reaction,method,0,method,method,True,0.9,v2
34925,exp5,Blinatumomab,object,0,object,object,True,0.9,v2
34932,exp5,Merluccius,object,0,object,object,True,0.9,v2
34933,exp5,Equine influenza,object,0,object,object,True,1.0,v2
34936,exp5,Streptomyces hygroscopicus,object,0,object,object,True,1.0,v2
34939,exp5,Clock generator,object,0,object,object,True,1.0,v2
34940,exp5,Low level laser therapy,method,0,method,method,True,1.0,v2
34943,exp5,Denim,object,0,object,object,True,1.0,v2
34945,exp5,Pleomorphic xanthoastrocytoma,object,0,object,object,True,1.0,v2
34949,exp5,Metastasis suppressor,object,0,object,object,True,1.0,v2
34953,exp5,Royal jelly,object,0,object,object,True,1.0,v2
34955,exp5,Vendor-managed inventory,method,0,method,method,True,1.0,v2
34959,exp5,Patent analysis,method,0,method,method,True,1.0,v2
34963,exp5,Technical barriers to trade,topic,0,topic,,False,1.0,v2
34964,exp5,Citation index,object,0,object,object,True,1.0,v2
34965,exp5,Ionone,object,0,object,object,True,1.0,v2
34967,exp5,Solar pond,object,0,object,object,True,1.0,v2
34968,exp5,Native chemical ligation,method,0,method,method,True,1.0,v2
34970,exp5,Sibling species,object,0,object,object,True,1.0,v2
34972,exp5,Vortioxetine,object,0,object,object,True,1.0,v2
34975,exp5,Topology control,method,0,method,method,True,1.0,v2
34982,exp5,Enfuvirtide,object,0,object,object,True,1.0,v2
34985,exp5,Living wage,property,0,property,,False,1.0,v2
34994,exp5,Altitude sickness,object,0,object,object,True,0.9,v2
34997,exp5,Opisthorchis viverrini,object,0,object,object,True,0.9,v2
34998,exp5,Pilon fracture,object,0,object,object,True,0.9,v2
35000,exp5,Superficial temporal artery,object,0,object,object,True,0.9,v2
35006,exp5,TMPRSS2,object,0,object,object,True,0.9,v2
35008,exp5,Familial hemiplegic migraine,object,0,object,object,True,0.9,v2
35010,exp5,H II region,object,0,object,object,True,0.9,v2
35020,exp5,Acartia,object,0,object,object,True,0.9,v2
35021,exp5,Goserelin,object,0,object,object,True,0.9,v2
35023,exp5,Superbase,object,0,object,object,True,0.9,v2
35028,exp5,Geodiversity,topic,0,topic,,False,0.9,v2
35031,exp5,Sanguinarine,object,0,object,object,True,0.9,v2
35032,exp5,Occipital lobe,object,0,object,object,True,0.9,v2
35035,exp5,Jumping spider,object,0,object,object,True,0.9,v2
35038,exp5,Hedonism,topic,0,topic,,False,0.9,v2
35042,exp5,Goldenhar syndrome,object,0,object,object,True,0.9,v2
35051,exp5,Middle cranial fossa,object,0,object,object,True,0.9,v2
35057,exp5,Terminalia,object,0,object,object,True,0.9,v2
35058,exp5,Degenerative disc disease,object,0,object,object,True,0.9,v2
35059,exp5,Remorse,property,0,property,,False,0.9,v2
35068,exp5,Ecological crisis,topic,0,topic,,False,0.9,v2
35069,exp5,Seminiferous tubule,object,0,object,object,True,0.9,v2
35071,exp5,Lump sum,property,0,property,,False,0.8,v2
35078,exp5,Cultural tourism,topic,0,topic,,False,0.9,v2
35080,exp5,Bupleurum,object,0,object,object,True,0.9,v2
35081,exp5,Collegiality,property,0,property,,False,0.8,v2
35093,exp5,Predictive coding,method,0,method,property,False,0.9,v2
35095,exp5,Flood risk assessment,method,0,method,method,True,0.9,v2
35101,exp5,High-fructose corn syrup,object,0,object,object,True,0.9,v2
35107,exp5,Alternanthera philoxeroides,object,0,object,object,True,0.9,v2
35110,exp5,Magistrate,object,0,object,object,True,0.9,v2
35119,exp5,AERMOD,method,0,method,method,True,0.9,v2
35121,exp5,Portunus trituberculatus,object,0,object,object,True,0.9,v2
35125,exp5,Malice,property,0,property,,False,0.9,v2
35129,exp5,Relaxor ferroelectric,object,0,object,object,True,0.9,v2
35130,exp5,Code of conduct,property,0,property,,False,0.9,v2
35131,exp5,Thymic stromal lymphopoietin,object,0,object,object,True,0.9,v2
35133,exp5,Precarity,property,0,property,,False,0.9,v2
35140,exp5,Active disturbance rejection control,method,0,method,method,True,0.9,v2
35152,exp5,Macular telangiectasia,object,0,object,object,True,0.9,v2
35154,exp5,Hypouricemia,object,0,object,object,True,0.97,v2
35155,exp5,Demolition waste,object,0,object,object,True,0.97,v2
35160,exp5,Zero lower bound,property,0,property,,False,0.97,v2
35161,exp5,Lung cancer surgery,topic,0,topic,,False,0.97,v2
35165,exp5,Unsafe abortion,topic,0,topic,,False,0.97,v2
35167,exp5,Cognitive vulnerability,property,0,property,,False,0.97,v2
35169,exp5,Infratemporal fossa,object,0,object,object,True,0.97,v2
35175,exp5,Extramedullary hematopoiesis,object,0,object,object,True,0.97,v2
35176,exp5,Health communication,topic,0,topic,,False,0.97,v2
35178,exp5,Neonatal encephalopathy,object,0,object,object,True,0.97,v2
35188,exp5,Aegilops tauschii,object,0,object,object,True,0.97,v2
35197,exp5,Spontaneously hypertensive rat,object,0,object,object,True,0.97,v2
35202,exp5,Nile red,object,0,object,object,True,0.97,v2
35203,exp5,Trastuzumab emtansine,object,0,object,object,True,0.97,v2
35204,exp5,MTRR,object,0,object,object,True,0.97,v2
35205,exp5,Erlotinib,object,0,object,object,True,0.97,v2
35207,exp5,Heusler compound,object,0,object,object,True,0.97,v2
35213,exp5,Red meat,object,0,object,object,True,0.97,v2
35214,exp5,Baetidae,object,0,object,object,True,0.97,v2
35215,exp5,Steroid sulfatase,object,0,object,object,True,0.97,v2
35221,exp5,Foreign language anxiety,property,0,property,,False,0.9,v2
35224,exp5,Blastocystis,object,0,object,object,True,0.9,v2
35226,exp5,Irrigation district,object,0,object,object,True,0.9,v2
35239,exp5,Linguistic landscape,topic,0,topic,,False,0.9,v2
35243,exp5,Composite index,object,0,object,property,False,0.9,v2
35248,exp5,Gastrointestinal disease,topic,0,topic,,False,0.9,v2
35250,exp5,Right to be forgotten,property,0,property,,False,0.9,v2
35253,exp5,Pullback attractor,object,0,object,property,False,0.9,v2
35255,exp5,Disbursement,property,0,property,,False,0.9,v2
35257,exp5,Hypotrichosis,property,0,property,,False,0.9,v2
35277,exp5,Cornelia de Lange Syndrome,object,0,object,object,True,0.9,v2
35280,exp5,Pancreatic polypeptide,object,0,object,object,True,0.9,v2
35281,exp5,"1,4-Butanediol",object,0,object,object,True,0.9,v2
35291,exp5,Comparative effectiveness research,topic,0,topic,,False,0.9,v2
35294,exp5,Leaky wave antenna,object,0,object,object,True,0.9,v2
35295,exp5,Tantalum nitride,object,0,object,object,True,0.9,v2
35302,exp5,Slit lamp,object,0,object,object,True,0.9,v2
35303,exp5,Evolocumab,object,0,object,object,True,0.9,v2
35306,exp5,Spectral gap,property,0,property,,False,0.9,v2
35308,exp5,Solderability,property,0,property,,False,0.9,v2
35314,exp5,Frequency band,property,0,property,,False,0.9,v2
35315,exp5,Dupuytren's contracture,object,0,object,object,True,0.9,v2
35317,exp5,Buffer solution,object,0,object,object,True,0.9,v2
35322,exp5,Functional endoscopic sinus surgery,method,0,method,method,True,0.9,v2
35330,exp5,Glucose-6-phosphate dehydrogenase deficiency,object,0,object,object,True,0.9,v2
35331,exp5,CUDA,method,0,method,method,True,0.9,v2
35338,exp5,Stereotactic radiation therapy,method,0,method,method,True,0.9,v2
35346,exp5,Fibulin,object,0,object,object,True,0.9,v2
35353,exp5,Maxillary lateral incisor,object,0,object,object,True,0.9,v2
35357,exp5,Developmental Science,topic,0,topic,,False,0.9,v2
35367,exp5,Megalobrama,object,0,object,object,True,0.9,v2
35371,exp5,Flyway,object,0,object,object,True,0.9,v2
35372,exp5,Resection margin,property,0,property,,False,0.9,v2
35374,exp5,Integral sliding mode,method,0,method,method,True,0.9,v2
35375,exp5,Progressive familial intrahepatic cholestasis,object,0,object,object,True,0.9,v2
35378,exp5,Transmission tower,object,0,object,object,True,0.9,v2
35381,exp5,Cottonseed meal,object,0,object,object,True,0.9,v2
35394,exp5,Credit rationing,topic,0,topic,,False,0.9,v2
35397,exp5,Clonal selection algorithm,method,0,method,method,True,0.9,v2
35402,exp5,LAMOST,object,0,object,object,True,0.9,v2
35403,exp5,Lacosamide,object,0,object,object,True,1.0,v2
35404,exp5,Lean Six Sigma,method,0,method,method,True,1.0,v2
35408,exp5,Shoulder girdle,object,0,object,object,True,1.0,v2
35410,exp5,Cancer-related fatigue,property,0,property,,False,1.0,v2
35411,exp5,Hepatocellular adenoma,object,0,object,object,True,1.0,v2
35415,exp5,Asterias,object,0,object,object,True,1.0,v2
35417,exp5,Reference range,property,1,property,,False,1.0,v2
35419,exp5,Business continuity,topic,0,topic,,False,1.0,v2
35422,exp5,PALB2,object,0,object,object,True,1.0,v2
35426,exp5,Diabetic foot ulcer,object,0,object,object,True,1.0,v2
35440,exp5,Open science,topic,0,topic,,False,1.0,v2
35451,exp5,Camellia oleifera,object,0,object,object,True,1.0,v2
35453,exp5,Physarum,object,0,object,object,True,1.0,v2
35461,exp5,Limbal stem cell,object,0,object,object,True,1.0,v2
35462,exp5,Flipped classroom,method,0,method,method,True,1.0,v2
35470,exp5,Viral pneumonia,object,0,object,object,True,1.0,v2
35472,exp5,Telaprevir,object,0,object,object,True,1.0,v2
35473,exp5,Methylmalonic acidemia,object,0,object,object,True,1.0,v2
35478,exp5,Mascot,object,0,object,object,True,1.0,v2
35479,exp5,Service-level agreement,property,0,property,,False,1.0,v2
35480,exp5,Nonallergic rhinitis,object,0,object,object,True,0.9,v2
35483,exp5,Butanediol,object,0,object,object,True,0.9,v2
35486,exp5,Hemotherapy,topic,0,topic,,False,0.9,v2
35491,exp5,Neurexin,object,0,object,object,True,0.9,v2
35498,exp5,Reamer,object,0,object,object,True,0.9,v2
35499,exp5,Geothermal power,topic,0,topic,,False,0.9,v2
35502,exp5,Gas lift,method,0,method,method,True,0.9,v2
35503,exp5,Mucinous cystadenocarcinoma,object,0,object,object,True,0.9,v2
35504,exp5,Mirabegron,object,0,object,object,True,0.9,v2
35507,exp5,Pancreatic neuroendocrine tumor,object,0,object,object,True,0.9,v2
35508,exp5,Online community,object,0,object,topic,False,0.9,v2
35509,exp5,Molar pregnancy,object,0,object,object,True,0.9,v2
35512,exp5,Black silicon,object,0,object,object,True,0.9,v2
35517,exp5,Paronychia,object,0,object,object,True,0.9,v2
35519,exp5,Actinobacteria,object,0,object,object,True,0.9,v2
35520,exp5,Minimally conscious state,object,0,object,object,True,0.9,v2
35522,exp5,Copper sulfide,object,0,object,object,True,0.9,v2
35525,exp5,Gamma secretase,object,0,object,object,True,0.9,v2
35529,exp5,Imaging agent,object,0,object,method,False,0.9,v2
35531,exp5,Life on Mars,topic,0,topic,,False,0.9,v2
35533,exp5,Myricetin,object,0,object,object,True,1.0,v2
35536,exp5,Loss aversion,property,0,property,,False,1.0,v2
35541,exp5,Successful aging,topic,0,topic,,False,1.0,v2
35542,exp5,Mitochondrial ROS,property,0,property,,False,1.0,v2
35544,exp5,Dextrocardia,object,0,object,object,True,1.0,v2
35547,exp5,Blood urea nitrogen,property,0,property,,False,1.0,v2
35548,exp5,Drug class,property,0,property,,False,1.0,v2
35549,exp5,Plant hormone,object,0,object,object,True,1.0,v2
35551,exp5,Dinitrophenyl,object,0,object,object,True,1.0,v2
35555,exp5,Software product line,object,0,object,method,False,1.0,v2
35558,exp5,Catecholaminergic polymorphic ventricular tachycardia,object,0,object,object,True,1.0,v2
35566,exp5,Vicia sativa,object,0,object,object,True,1.0,v2
35569,exp5,Surgical instrument,object,0,object,object,True,1.0,v2
35579,exp5,Magneto-optical trap,object,0,object,object,True,1.0,v2
35585,exp5,Violaceae,object,0,object,object,True,1.0,v2
35590,exp5,Bacillus pumilus,object,0,object,object,True,1.0,v2
35595,exp5,Functional gastrointestinal disorder,object,0,object,object,True,1.0,v2
35599,exp5,Appreciative inquiry,method,0,method,method,True,1.0,v2
35602,exp5,Vaccine trial,topic,0,topic,,False,1.0,v2
35603,exp5,Authority control,method,0,method,method,True,1.0,v2
35604,exp5,Brentuximab vedotin,object,0,object,object,True,1.0,v2
35606,exp5,Autoimmune pancreatitis,object,0,object,object,True,1.0,v2
35607,exp5,Ivanovich,object,0,object,object,True,1.0,v2
35608,exp5,Hanford Site,object,0,object,object,True,1.0,v2
35610,exp5,Ulnar neuropathy,object,0,object,object,True,1.0,v2
35611,exp5,Groundwater pollution,topic,0,topic,,False,1.0,v2
35615,exp5,RUNX1,object,0,object,object,True,1.0,v2
35616,exp5,Alkali–aggregate reaction,topic,0,topic,,False,1.0,v2
35633,exp5,BK virus,object,0,object,object,True,1.0,v2
35641,exp5,Usnic acid,object,0,object,object,True,1.0,v2
35650,exp5,Nedaplatin,object,0,object,object,True,1.0,v2
35655,exp5,Maritime security,topic,0,topic,,False,1.0,v2
35662,exp5,Local density of states,property,0,property,,False,1.0,v2
35672,exp5,Cetylpyridinium chloride,object,0,object,object,True,1.0,v2
35677,exp5,Rotylenchulus reniformis,object,0,object,object,True,1.0,v2
35682,exp5,Clicker,method,0,method,object,False,1.0,v2
35685,exp5,Bosutinib,object,0,object,object,True,1.0,v2
35693,exp5,Icatibant,object,0,object,object,True,1.0,v2
35699,exp5,Bumetanide,object,0,object,object,True,1.0,v2
35710,exp5,Freehold,object,0,object,object,True,1.0,v2
35712,exp5,Korean Native,object,0,object,object,True,0.9,v2
35714,exp5,Solvency,property,0,property,,False,0.9,v2
35717,exp5,Work–life balance,topic,0,topic,,False,0.9,v2
35718,exp5,Post-occupancy evaluation,method,0,method,method,True,0.9,v2
35720,exp5,Tetralin,object,0,object,object,True,0.9,v2
35721,exp5,Gekkonidae,object,0,object,object,True,0.9,v2
35726,exp5,Advanced oxidation process,method,0,method,method,True,0.9,v2
35727,exp5,Flail chest,object,0,object,object,True,0.9,v2
35728,exp5,Papaveraceae,object,0,object,object,True,0.9,v2
35729,exp5,"1,3,5-Triazine",object,0,object,object,True,0.9,v2
35740,exp5,Risk governance,topic,0,topic,,False,0.9,v2
35744,exp5,Taylor rule,method,0,method,method,True,0.9,v2
35746,exp5,Asparagus racemosus,object,0,object,object,True,0.9,v2
35747,exp5,Red yeast rice,object,0,object,object,True,0.9,v2
35749,exp5,Intra-aortic balloon pump,object,0,object,object,True,0.9,v2
35755,exp5,Trip generation,method,0,method,method,True,0.9,v2
35759,exp5,Militarization,topic,0,topic,,False,0.9,v2
35760,exp5,Uterine horns,object,0,object,object,True,0.9,v2
35761,exp5,Hip pain,property,0,property,,False,0.9,v2
35763,exp5,Eviction,topic,0,topic,,False,0.9,v2
35764,exp5,Ceiba,object,0,object,object,True,0.9,v2
35766,exp5,Warmblood,object,0,object,object,True,0.9,v2
35768,exp5,Phasor measurement unit,object,0,object,object,True,1.0,v2
35772,exp5,Rectus femoris muscle,object,0,object,object,True,1.0,v2
35773,exp5,Batten disease,object,0,object,object,True,1.0,v2
35776,exp5,Microfungi,object,0,object,object,True,1.0,v2
35781,exp5,Narcissistic personality disorder,object,0,object,object,True,1.0,v2
35782,exp5,Cartilage oligomeric matrix protein,object,0,object,object,True,1.0,v2
35789,exp5,Lignocellulosic biomass,object,0,object,object,True,1.0,v2
35791,exp5,Cathinone,object,0,object,object,True,1.0,v2
35792,exp5,Detoxication,method,0,method,,False,0.8,v2
35798,exp5,Testate amoebae,object,0,object,object,True,1.0,v2
35802,exp5,Poa pratensis,object,0,object,object,True,1.0,v2
35804,exp5,Plant development,topic,0,topic,,False,0.9,v2
35805,exp5,D-amino acid oxidase,object,0,object,object,True,1.0,v2
35807,exp5,Geraniol,object,0,object,object,True,1.0,v2
35808,exp5,Content determination,method,0,method,method,True,1.0,v2
35812,exp5,Ultracold neutrons,object,0,object,object,True,1.0,v2
35832,exp5,Encopresis,object,0,object,object,True,1.0,v2
35840,exp5,Coalgebra,object,0,object,object,True,1.0,v2
35841,exp5,Routing and wavelength assignment,topic,0,topic,,False,0.9,v2
35844,exp5,Kyanite,object,0,object,object,True,1.0,v2
35847,exp5,Exposure therapy,method,0,method,method,True,0.9,v2
35849,exp5,Visual processing,topic,0,topic,,False,0.9,v2
35852,exp5,Agamidae,object,0,object,object,True,1.0,v2
35854,exp5,Teichoic acid,object,0,object,object,True,1.0,v2
35855,exp5,Lemierre's syndrome,object,0,object,object,True,1.0,v2
35857,exp5,Ferrochrome,object,0,object,object,True,1.0,v2
35859,exp5,Dextrin,object,0,object,object,True,1.0,v2
35862,exp5,Erysipelothrix rhusiopathiae,object,0,object,object,True,1.0,v2
35864,exp5,Stereotactic biopsy,method,0,method,method,True,0.9,v2
35865,exp5,Naja,object,0,object,object,True,1.0,v2
35875,exp5,Outage probability,property,0,property,,False,0.9,v2
35877,exp5,Cryoprecipitate,object,0,object,object,True,1.0,v2
35881,exp5,Carrier-envelope phase,property,0,property,,False,0.9,v2
35885,exp5,FOLFOX,method,0,method,method,True,0.9,v2
35895,exp5,Percutaneous nephrostomy,method,0,method,method,True,0.9,v2
35900,exp5,Humerus fracture,object,0,object,object,True,1.0,v2
35902,exp5,Lysosomal storage disease,object,0,object,object,True,1.0,v2
35905,exp5,Adornment,topic,0,topic,,False,0.9,v2
35907,exp5,KLF4,object,0,object,object,True,0.97,v2
35913,exp5,Hardened steel,object,0,object,object,True,0.97,v2
35920,exp5,Flame structure,property,0,property,,False,0.97,v2
35921,exp5,Export performance,property,0,property,,False,0.97,v2
35927,exp5,Sternoclavicular joint,object,0,object,object,True,0.97,v2
35930,exp5,Palm stearin,object,0,object,object,True,0.97,v2
35932,exp5,Bonobo,object,0,object,object,True,0.97,v2
35934,exp5,Fusion transcript,object,0,object,object,True,0.97,v2
35941,exp5,Hypovitaminosis,property,0,property,,False,0.97,v2
35946,exp5,Lyricism,property,0,property,,False,0.97,v2
35948,exp5,Live birth,property,0,property,,False,0.97,v2
35951,exp5,IGFBP3,object,0,object,object,True,0.97,v2
35956,exp5,Morlet wavelet,method,0,method,method,True,0.97,v2
35957,exp5,Scoparia,object,0,object,object,True,0.97,v2
35960,exp5,Local government area,object,0,object,object,True,0.97,v2
35961,exp5,Broadcast encryption,method,0,method,method,True,0.97,v2
35966,exp5,Sulfur hexafluoride,object,0,object,object,True,0.97,v2
35967,exp5,Bring your own device,topic,0,topic,,False,0.97,v2
35972,exp5,Bloch space,object,0,object,object,True,0.97,v2
35976,exp5,Language revitalization,topic,0,topic,,False,0.97,v2
35981,exp5,Ocypodidae,object,0,object,object,True,1.0,v2
35982,exp5,Multifidus muscle,object,0,object,object,True,1.0,v2
35986,exp5,East African Rift,object,0,object,object,True,1.0,v2
35990,exp5,BCG vaccine,object,0,object,object,True,1.0,v2
35994,exp5,Ruta graveolens,object,0,object,object,True,1.0,v2
35998,exp5,Macrocell,object,0,object,object,True,1.0,v2
36001,exp5,Descending colon,object,0,object,object,True,1.0,v2
36002,exp5,Clear-cell adenocarcinoma,object,0,object,object,True,1.0,v2
36005,exp5,Mycolic acid,object,0,object,object,True,1.0,v2
36007,exp5,Sweatshop,topic,0,topic,,False,1.0,v2
36013,exp5,Sauropoda,object,0,object,object,True,1.0,v2
36014,exp5,Regulatory T cell,object,0,object,object,True,1.0,v2
36015,exp5,Speckle tracking echocardiography,method,0,method,method,True,1.0,v2
36022,exp5,Neurolysis,method,0,method,method,True,1.0,v2
36027,exp5,Season of birth,property,0,property,,False,1.0,v2
36032,exp5,Oxygen storage,property,0,property,,False,1.0,v2
36035,exp5,No reflow phenomenon,object,0,object,object,True,1.0,v2
36036,exp5,Andosol,object,0,object,object,True,1.0,v2
36038,exp5,Metal toxicity,property,0,property,,False,1.0,v2
36043,exp5,Overnutrition,property,0,property,,False,1.0,v2
36046,exp5,Capstone course,topic,0,topic,,False,0.8,v2
36049,exp5,Skull fracture,object,0,object,object,True,1.0,v2
36059,exp5,Nitrilotriacetic acid,object,0,object,object,True,1.0,v2
36068,exp5,Emergency evacuation,topic,0,topic,,False,0.8,v2
36079,exp5,Clostridia,object,0,object,object,True,1.0,v2
36080,exp5,Podophyllum,object,0,object,object,True,1.0,v2
36084,exp5,Pneumatic artificial muscles,object,0,object,object,True,1.0,v2
36093,exp5,Clitellata,object,0,object,object,True,1.0,v2
36100,exp5,Perilymph,object,0,object,object,True,1.0,v2
36108,exp5,Flux method,method,0,method,method,True,1.0,v2
36110,exp5,Lepomis,object,0,object,object,True,1.0,v2
36120,exp5,Graphene quantum dot,object,0,object,object,True,1.0,v2
36125,exp5,Dermatoscopy,method,0,method,method,True,1.0,v2
36131,exp5,Chlordiazepoxide,object,0,object,object,True,1.0,v2
36133,exp5,White supremacy,topic,0,topic,,False,0.8,v2
36139,exp5,Phellinus linteus,object,0,object,object,True,1.0,v2
36141,exp5,Albacore,object,0,object,object,True,1.0,v2
36148,exp5,Retinal vasculitis,object,0,object,object,True,1.0,v2
36158,exp5,Offshore outsourcing,topic,0,topic,,False,0.8,v2
36160,exp5,Protist,object,0,object,object,True,1.0,v2
36165,exp5,Pyrococcus horikoshii,object,0,object,object,True,1.0,v2
36168,exp5,Panitumumab,object,0,object,object,True,1.0,v2
36174,exp5,Baby food,object,0,object,object,True,1.0,v2
36176,exp5,Malleolus,object,0,object,object,True,1.0,v2
36177,exp5,Mohs surgery,method,0,method,method,True,1.0,v2
36181,exp5,Neurosarcoidosis,object,0,object,object,True,1.0,v2
36189,exp5,Leishmania tropica,object,0,object,object,True,1.0,v2
36196,exp5,Hydrogen silsesquioxane,object,0,object,object,True,1.0,v2
36213,exp5,Kappaphycus alvarezii,object,0,object,object,True,1.0,v2
36216,exp5,Crutch,object,0,object,object,True,1.0,v2
36218,exp5,Barium sulfate,object,0,object,object,True,1.0,v2
36222,exp5,ALK inhibitor,object,0,object,object,True,1.0,v2
36225,exp5,Identity politics,topic,0,topic,,False,1.0,v2
36241,exp5,Heat-labile enterotoxin,object,0,object,object,True,1.0,v2
36248,exp5,Superior temporal sulcus,object,0,object,object,True,1.0,v2
36252,exp5,Sella turcica,object,0,object,object,True,1.0,v2
36256,exp5,Epidote,object,0,object,object,True,1.0,v2
36262,exp5,Neophobia,property,0,property,,False,1.0,v2
36267,exp5,African swine fever virus,object,0,object,object,True,1.0,v2
36268,exp5,Dichlorvos,object,0,object,object,True,1.0,v2
36271,exp5,Nocebo,object,0,object,property,False,0.9,v2
36272,exp5,Ring road,object,0,object,object,True,0.9,v2
36275,exp5,Transdisciplinarity,topic,0,topic,,False,0.9,v2
36280,exp5,Yield gap,property,0,property,,False,0.9,v2
36291,exp5,Emtp,method,0,method,method,True,0.9,v2
36292,exp5,Window of opportunity,property,0,property,,False,0.9,v2
36302,exp5,Body contouring,method,0,method,method,True,0.9,v2
36307,exp5,Peroneus longus,object,0,object,object,True,0.9,v2
36308,exp5,CHA2DS2–VASc score,property,0,property,,False,0.9,v2
36310,exp5,Inula,object,0,object,object,True,0.9,v2
36311,exp5,Parametric design,method,0,method,method,True,0.9,v2
36316,exp5,Blood–retinal barrier,object,0,object,object,True,0.9,v2
36317,exp5,Bioregion,object,0,object,object,True,0.9,v2
36323,exp5,Onagraceae,object,0,object,object,True,0.9,v2
36325,exp5,Betahistine,object,0,object,object,True,0.9,v2
36328,exp5,Alzheimer's Disease Neuroimaging Initiative,object,0,object,object,True,0.9,v2
36330,exp5,Cottus,object,0,object,object,True,0.9,v2
36333,exp5,Androgyny,property,0,property,,False,0.9,v2
36340,exp5,Choline chloride,object,0,object,object,True,0.9,v2
36343,exp5,Reflective writing,method,0,method,method,True,0.9,v2
36345,exp5,Ornithine transcarbamylase,object,0,object,object,True,1.0,v2
36347,exp5,Composite plate,object,0,object,object,True,1.0,v2
36348,exp5,Withanolide,object,0,object,object,True,1.0,v2
36350,exp5,Acute megakaryoblastic leukemia,object,0,object,object,True,1.0,v2
36352,exp5,Magnetorheological elastomer,object,0,object,object,True,1.0,v2
36355,exp5,Black Power,topic,0,topic,,False,1.0,v2
36357,exp5,Sigmoid sinus,object,0,object,object,True,1.0,v2
36358,exp5,Stevioside,object,0,object,object,True,1.0,v2
36360,exp5,Brainstem auditory evoked potential,method,0,method,method,True,1.0,v2
36361,exp5,Intangible asset,object,0,object,object,True,1.0,v2
36365,exp5,Magnetization dynamics,topic,0,topic,,False,1.0,v2
36369,exp5,Drill bit,object,0,object,object,True,1.0,v2
36375,exp5,Secondary flow,object,0,object,property,False,1.0,v2
36379,exp5,Argentine ant,object,0,object,object,True,1.0,v2
36381,exp5,Decongestant,object,0,object,object,True,1.0,v2
36383,exp5,Foodways,topic,0,topic,,False,1.0,v2
36384,exp5,English-language learner,object,0,object,object,True,1.0,v2
36385,exp5,Brevibacterium,object,0,object,object,True,1.0,v2
36396,exp5,Sofosbuvir,object,0,object,object,True,1.0,v2
36398,exp5,Traffic simulation,method,0,method,method,True,1.0,v2
36400,exp5,Aeroallergen,object,0,object,object,True,0.9,v2
36407,exp5,Seawall,object,0,object,object,True,0.9,v2
36408,exp5,Posterior cerebral artery,object,0,object,object,True,0.9,v2
36409,exp5,Kalanchoe,object,0,object,object,True,0.9,v2
36415,exp5,Water extraction,method,0,method,method,True,0.9,v2
36417,exp5,Vogt–Koyanagi–Harada disease,object,0,object,object,True,0.9,v2
36419,exp5,Bioretention,method,0,method,method,True,0.9,v2
36421,exp5,Polar code,object,0,object,method,False,0.9,v2
36423,exp5,Supply chain network,object,0,object,topic,False,0.9,v2
36426,exp5,Ceratophyllum demersum,object,0,object,object,True,0.9,v2
36427,exp5,Gender diversity,property,0,property,,False,0.9,v2
36431,exp5,Transit-oriented development,topic,0,topic,,False,0.9,v2
36433,exp5,Technostress,property,0,property,,False,0.9,v2
36435,exp5,Cucurbita moschata,object,0,object,object,True,0.9,v2
36438,exp5,Fyodor,object,0,object,object,True,0.9,v2
36440,exp5,Kitsch,object,0,object,property,False,0.9,v2
36441,exp5,Pestivirus,object,0,object,object,True,0.9,v2
36443,exp5,Nobiletin,object,0,object,object,True,0.9,v2
36456,exp5,Monocrotophos,object,0,object,object,True,0.9,v2
36458,exp5,Copper toxicity,property,0,property,,False,0.9,v2
36460,exp5,Epidermolysis bullosa simplex,object,0,object,object,True,1.0,v2
36470,exp5,Altmetrics,topic,0,topic,,False,1.0,v2
36471,exp5,Sesamol,object,0,object,object,True,1.0,v2
36488,exp5,Saccharina,object,0,object,object,True,1.0,v2
36492,exp5,Acene,object,0,object,object,True,1.0,v2
36496,exp5,Polydextrose,object,0,object,object,True,1.0,v2
36500,exp5,Atazanavir,object,0,object,object,True,1.0,v2
36503,exp5,Procedural law,topic,0,topic,,False,1.0,v2
36508,exp5,Porch,object,0,object,object,True,1.0,v2
36513,exp5,Salix viminalis,object,0,object,object,True,1.0,v2
36521,exp5,Rhodopseudomonas palustris,object,0,object,object,True,1.0,v2
36522,exp5,Particle therapy,method,0,method,method,True,1.0,v2
36523,exp5,Rhopalosiphum padi,object,0,object,object,True,1.0,v2
36524,exp5,Chlamydophila pneumoniae,object,0,object,object,True,1.0,v2
36527,exp5,Pseudomeningocele,object,0,object,object,True,1.0,v2
36528,exp5,Motion controller,object,0,object,object,True,1.0,v2
36532,exp5,TLR3,object,0,object,object,True,1.0,v2
36541,exp5,Vertical dimension of occlusion,property,0,property,,False,1.0,v2
36545,exp5,Professional conduct,topic,0,topic,,False,1.0,v2
36546,exp5,Balanitis,object,0,object,object,True,1.0,v2
36552,exp5,Interrupted aortic arch,object,0,object,object,True,1.0,v2
36556,exp5,Formate dehydrogenase,object,0,object,object,True,1.0,v2
36557,exp5,Affix,object,0,object,object,True,1.0,v2
36566,exp5,Folksonomy,topic,0,topic,,False,1.0,v2
36580,exp5,Left pulmonary artery,object,0,object,object,True,1.0,v2
36585,exp5,Concreteness,property,0,property,,False,1.0,v2
36590,exp5,Carbon quantum dots,object,0,object,object,True,1.0,v2
36591,exp5,Sterna,object,0,object,object,True,1.0,v2
36593,exp5,Pazopanib,object,0,object,object,True,1.0,v2
36595,exp5,Palmatine,object,0,object,object,True,1.0,v2
36598,exp5,Defamiliarization,method,0,method,method,True,1.0,v2
36606,exp5,Counterproductive work behavior,topic,0,topic,,False,1.0,v2
36613,exp5,Loricariidae,object,0,object,object,True,1.0,v2
36614,exp5,User fee,property,0,property,,False,1.0,v2
36617,exp5,Exocyst,object,0,object,object,True,1.0,v2
36620,exp5,Sonodynamic therapy,method,0,method,method,True,1.0,v2
36622,exp5,Development aid,topic,0,topic,,False,1.0,v2
36625,exp5,Urbanity,property,0,property,,False,1.0,v2
36627,exp5,Foot and ankle surgery,topic,0,topic,,False,1.0,v2
36628,exp5,Lespedeza,object,0,object,object,True,1.0,v2
36629,exp5,HIV drug resistance,object,0,object,property,False,0.9,v2
36630,exp5,Rural poverty,topic,0,topic,,False,0.9,v2
36635,exp5,Aid effectiveness,topic,0,topic,,False,0.9,v2
36638,exp5,Granulomatous mastitis,object,0,object,object,True,0.9,v2
36641,exp5,Amoebiasis,object,0,object,object,True,0.9,v2
36642,exp5,miR-155,object,0,object,object,True,0.9,v2
36649,exp5,Eosinophilic fasciitis,object,0,object,object,True,0.9,v2
36652,exp5,Instructional leadership,topic,0,topic,,False,0.9,v2
36654,exp5,TRNSYS,method,0,method,method,True,0.9,v2
36658,exp5,Liaison psychiatry,topic,0,topic,,False,0.9,v2
36661,exp5,Consumer Culture,topic,0,topic,,False,0.9,v2
36663,exp5,Oocyte cryopreservation,method,0,method,method,True,0.9,v2
36665,exp5,Repentance,topic,0,topic,,False,0.9,v2
36666,exp5,Matrix completion,method,0,method,method,True,0.9,v2
36682,exp5,Heteroglossia,object,0,object,property,False,0.9,v2
36684,exp5,EQ-5D,object,0,object,property,False,0.9,v2
36687,exp5,Progeria,object,0,object,object,True,0.9,v2
36688,exp5,Breast lumps,object,0,object,object,True,0.9,v2
36693,exp5,Motor neurone disease,object,0,object,object,True,0.9,v2
36697,exp5,Pteridaceae,object,0,object,object,True,0.9,v2
36698,exp5,Atypical teratoid rhabdoid tumor,object,0,object,object,True,1.0,v2
36699,exp5,Pincer ligand,object,0,object,object,True,1.0,v2
36707,exp5,Acetyl-CoA,object,0,object,object,True,1.0,v2
36708,exp5,Ammonia borane,object,0,object,object,True,1.0,v2
36709,exp5,Hypophosphatasia,object,0,object,object,True,1.0,v2
36715,exp5,Trametinib,object,0,object,object,True,1.0,v2
36716,exp5,Uranium dioxide,object,0,object,object,True,1.0,v2
36721,exp5,Mefenamic acid,object,0,object,object,True,1.0,v2
36723,exp5,Welding joint,object,0,object,object,True,1.0,v2
36727,exp5,Dynamical decoupling,method,0,method,method,True,1.0,v2
36729,exp5,Redistricting,topic,0,topic,,False,1.0,v2
36743,exp5,PARP1,object,0,object,object,True,1.0,v2
36750,exp5,Pinus thunbergii,object,0,object,object,True,1.0,v2
36752,exp5,Sports tourism,topic,0,topic,,False,1.0,v2
36754,exp5,Data stream,object,0,object,object,True,1.0,v2
36755,exp5,JFET,object,0,object,object,True,1.0,v2
36756,exp5,Knowledge building,topic,0,topic,,False,1.0,v2
36757,exp5,Sophora flavescens,object,0,object,object,True,1.0,v2
36759,exp5,Debugger,object,0,object,method,False,1.0,v2
36762,exp5,Arteriosclerosis obliterans,object,0,object,object,True,1.0,v2
36763,exp5,Patient-Reported Outcomes Measurement Information System,object,0,object,method,False,0.9,v2
36767,exp5,Macroglossia,object,0,object,object,True,0.9,v2
36780,exp5,Government debt,object,0,object,property,False,0.9,v2
36781,exp5,Saccharomyces boulardii,object,0,object,object,True,0.9,v2
36803,exp5,Commerce Clause,object,0,object,property,False,0.9,v2
36810,exp5,Corrole,object,0,object,object,True,0.9,v2
36812,exp5,Personal jurisdiction,object,0,object,property,False,0.9,v2
36815,exp5,Hydrodeoxygenation,method,0,method,method,True,0.9,v2
36818,exp5,Arsenic poisoning,object,0,object,object,True,0.9,v2
36819,exp5,Academic year,object,0,object,property,False,0.9,v2
36820,exp5,Hopi,object,0,object,object,True,0.9,v2
36821,exp5,Scapegoat,object,0,object,object,True,0.9,v2
36827,exp5,Subiculum,object,0,object,object,True,0.9,v2
36830,exp5,Foam concrete,object,0,object,object,True,0.9,v2
36831,exp5,Tolosa–Hunt syndrome,object,0,object,object,True,0.9,v2
36832,exp5,Triclocarban,object,0,object,object,True,0.9,v2
36836,exp5,Synthetic lethality,property,0,property,,False,0.9,v2
36840,exp5,Cash transfers,method,0,method,method,True,0.9,v2
36843,exp5,Codonopsis,object,0,object,object,True,0.9,v2
36849,exp5,MG132,object,0,object,object,True,0.9,v2
36850,exp5,Adductor canal,object,0,object,object,True,1.0,v2
36852,exp5,Estradiol benzoate,object,0,object,object,True,1.0,v2
36856,exp5,Inverse semigroup,object,0,object,object,True,1.0,v2
36857,exp5,Battery pack,object,0,object,object,True,1.0,v2
36860,exp5,Betulin,object,0,object,object,True,1.0,v2
36862,exp5,High resolution manometry,method,0,method,method,True,1.0,v2
36863,exp5,Plastic hinge,object,0,object,property,False,1.0,v2
36870,exp5,H bridge,object,0,object,object,True,1.0,v2
36871,exp5,Phalaris arundinacea,object,0,object,object,True,1.0,v2
36876,exp5,Fructooligosaccharide,object,0,object,object,True,1.0,v2
36878,exp5,Moment closure,method,0,method,method,True,1.0,v2
36880,exp5,Mikania micrantha,object,0,object,object,True,1.0,v2
36881,exp5,Uterine cancer,topic,0,topic,,False,1.0,v2
36883,exp5,Ibritumomab tiuxetan,object,0,object,object,True,1.0,v2
36888,exp5,Relative deprivation,property,0,property,,False,1.0,v2
36889,exp5,Lunate,object,0,object,object,True,1.0,v2
36890,exp5,Parental leave,topic,0,topic,,False,1.0,v2
36895,exp5,Cystinosis,topic,0,topic,,False,1.0,v2
36900,exp5,Accessory spleen,object,0,object,object,True,1.0,v2
36904,exp5,Pure land,object,0,object,topic,False,1.0,v2
36906,exp5,Forest road,object,0,object,object,True,0.9,v2
36909,exp5,Radiometric calibration,method,0,method,method,True,0.9,v2
36916,exp5,Tinospora cordifolia,object,0,object,object,True,0.9,v2
36919,exp5,Pomalidomide,object,0,object,object,True,0.9,v2
36921,exp5,Korean Wave,topic,0,topic,,False,0.9,v2
36922,exp5,Chorismate mutase,object,0,object,object,True,0.9,v2
36924,exp5,Biginelli reaction,method,0,method,method,True,0.9,v2
36925,exp5,Octadecane,object,0,object,object,True,0.9,v2
36926,exp5,Open educational resources,topic,0,topic,,False,0.9,v2
36928,exp5,Industrial action,topic,0,topic,,False,0.9,v2
36930,exp5,Miniature pig,object,0,object,object,True,0.9,v2
36936,exp5,Patient Health Questionnaire,object,0,object,method,False,0.9,v2
36937,exp5,Cross laminated timber,object,0,object,object,True,0.9,v2
36938,exp5,Phronesis,property,0,property,,False,0.9,v2
36948,exp5,Discoverability,property,0,property,,False,0.9,v2
36949,exp5,Demyelinating disease,object,0,object,object,True,0.9,v2
36950,exp5,Volterra series,method,0,method,method,True,0.9,v2
36954,exp5,Virtual patient,object,0,object,method,False,0.9,v2
36957,exp5,Adlerian,topic,0,topic,,False,0.9,v2
36960,exp5,Lotus corniculatus,object,0,object,object,True,0.9,v2
36974,exp5,Pictet–Spengler reaction,method,0,method,method,True,1.0,v2
36976,exp5,Dolostone,object,0,object,object,True,1.0,v2
36978,exp5,Mumps virus,object,0,object,object,True,1.0,v2
36979,exp5,Crab Pulsar,object,0,object,object,True,1.0,v2
36980,exp5,Rhizophora,object,0,object,object,True,1.0,v2
36984,exp5,Scombridae,object,0,object,object,True,1.0,v2
36986,exp5,Murraya,object,0,object,object,True,1.0,v2
36990,exp5,Do not resuscitate,property,0,property,,False,1.0,v2
36995,exp5,Cereblon,object,0,object,object,True,1.0,v2
36996,exp5,Petrov–Galerkin method,method,0,method,method,True,1.0,v2
36999,exp5,Fetuin,object,0,object,object,True,1.0,v2
37016,exp5,Biodefense,topic,0,topic,,False,1.0,v2
37026,exp5,Realgar,object,0,object,object,True,1.0,v2
37029,exp5,Rhamnolipid,object,0,object,object,True,1.0,v2
37033,exp5,Sudden cardiac arrest,object,0,object,object,True,1.0,v2
37034,exp5,Low-intensity pulsed ultrasound,method,0,method,method,True,1.0,v2
37041,exp5,Total coloring,property,0,property,,False,1.0,v2
37043,exp5,NPC1,object,0,object,object,True,1.0,v2
37044,exp5,Peak oil,property,0,property,,False,1.0,v2
37046,exp5,Database security,topic,0,topic,,False,1.0,v2
37052,exp5,Post-thrombotic syndrome,object,0,object,object,True,0.9,v2
37059,exp5,Green growth,topic,0,topic,,False,0.9,v2
37060,exp5,Kudzu,object,0,object,object,True,0.9,v2
37064,exp5,Grewia,object,0,object,object,True,0.9,v2
37065,exp5,S100A8,object,0,object,object,True,0.9,v2
37073,exp5,Androgen suppression,method,0,method,method,True,0.9,v2
37075,exp5,Map matching,method,0,method,method,True,0.9,v2
37077,exp5,Wogonin,object,0,object,object,True,0.9,v2
37079,exp5,Laryngotracheal stenosis,object,0,object,object,True,0.9,v2
37082,exp5,Sugammadex,object,0,object,object,True,0.9,v2
37084,exp5,Neuregulin 1,object,0,object,object,True,0.9,v2
37092,exp5,Microscopic colitis,object,0,object,object,True,0.9,v2
37097,exp5,Marginal zone B-cell lymphoma,object,0,object,object,True,0.9,v2
37099,exp5,Lithium fluoride,object,0,object,object,True,0.9,v2
37100,exp5,Methanosarcina,object,0,object,object,True,0.9,v2
37105,exp5,Employee motivation,topic,0,topic,,False,0.9,v2
37113,exp5,Posaconazole,object,0,object,object,True,0.9,v2
37119,exp5,Indigenous education,topic,0,topic,,False,0.9,v2
37120,exp5,Australian Curriculum,topic,0,topic,,False,0.9,v2
37122,exp5,Hylobates,object,0,object,object,True,0.9,v2
37123,exp5,Microsporum,object,0,object,object,True,0.9,v2
37124,exp5,Hypomania,property,0,property,,False,0.9,v2
37125,exp5,Cullin,object,0,object,object,True,0.9,v2
37126,exp5,Crushed stone,object,0,object,object,True,0.9,v2
37128,exp5,Nattokinase,object,0,object,object,True,0.9,v2
37130,exp5,Contrast-induced nephropathy,object,0,object,object,True,0.9,v2
37132,exp5,Hydrodenitrogenation,method,0,method,method,True,0.9,v2
37134,exp5,Water security,topic,0,topic,,False,0.9,v2
37138,exp5,Rice bran oil,object,0,object,object,True,0.9,v2
37140,exp5,Food addiction,topic,0,topic,,False,0.9,v2
37141,exp5,Calcium carbide,object,0,object,object,True,0.9,v2
37143,exp5,Siderite,object,0,object,object,True,0.9,v2
37149,exp5,Chrysomya megacephala,object,0,object,object,True,0.9,v2
37155,exp5,Workplace spirituality,topic,0,topic,,False,0.9,v2
37159,exp5,Lucilia,object,0,object,object,True,0.9,v2
37166,exp5,James Webb Space Telescope,object,0,object,object,True,0.9,v2
37170,exp5,Chaetomium,object,0,object,object,True,0.9,v2
37175,exp5,Sacroiliitis,object,0,object,object,True,0.9,v2
37182,exp5,Unexplained infertility,property,0,property,,False,0.9,v2
37183,exp5,Life-cycle cost analysis,method,0,method,method,True,0.9,v2
37189,exp5,Indoctrination,topic,0,topic,,False,0.8,v2
37191,exp5,Pneumatosis intestinalis,object,0,object,object,True,1.0,v2
37193,exp5,Cdc25,object,0,object,object,True,1.0,v2
37194,exp5,Sericite,object,0,object,object,True,1.0,v2
37198,exp5,Digital storytelling,topic,0,topic,,False,0.9,v2
37200,exp5,Pyramidal tracts,object,0,object,object,True,1.0,v2
37205,exp5,Canthaxanthin,object,0,object,object,True,1.0,v2
37213,exp5,Sleeve gastrectomy,method,0,method,method,True,0.9,v2
37216,exp5,International Financial Reporting Standards,topic,0,topic,,False,0.9,v2
37217,exp5,Predistortion,method,0,method,method,True,1.0,v2
37223,exp5,Animacy,property,0,property,,False,0.9,v2
37227,exp5,Tambaqui,object,0,object,object,True,1.0,v2
37232,exp5,Balaenoptera,object,0,object,object,True,1.0,v2
37239,exp5,Scylla paramamosain,object,0,object,object,True,1.0,v2
37242,exp5,Patterned media,object,0,object,object,True,1.0,v2
37246,exp5,Micronutrient deficiency,object,0,object,object,True,1.0,v2
37247,exp5,Polymicrogyria,object,0,object,object,True,1.0,v2
37248,exp5,Inguinal lymph nodes,object,0,object,object,True,1.0,v2
37252,exp5,Operational excellence,topic,0,topic,,False,0.9,v2
37254,exp5,Code-mixing,property,0,property,,False,0.9,v2
37255,exp5,Glans penis,object,0,object,object,True,0.9,v2
37258,exp5,Local church,topic,0,topic,,False,0.8,v2
37259,exp5,Peer victimization,property,0,property,,False,0.9,v2
37261,exp5,Fungal Diversity,topic,0,topic,,False,0.8,v2
37263,exp5,Metastasectomy,method,0,method,method,True,0.9,v2
37265,exp5,Underground coal gasification,method,0,method,method,True,0.9,v2
37267,exp5,AUTOSAR,object,0,object,object,True,0.8,v2
37269,exp5,Murine norovirus,object,0,object,object,True,0.9,v2
37270,exp5,Silicene,object,0,object,object,True,0.9,v2
37273,exp5,Positioning system,method,0,method,method,True,0.9,v2
37274,exp5,Spodumene,object,0,object,object,True,0.9,v2
37276,exp5,Earlobe,object,0,object,object,True,0.9,v2
37280,exp5,Freedom of movement,property,0,property,,False,0.8,v2
37281,exp5,Life writing,topic,0,topic,,False,0.8,v2
37283,exp5,Festuca rubra,object,0,object,object,True,0.9,v2
37291,exp5,Declaration of independence,property,0,property,,False,0.8,v2
37294,exp5,Matrigel,object,0,object,object,True,0.9,v2
37297,exp5,Bipolar I disorder,object,0,object,object,True,0.9,v2
37298,exp5,Rho kinase inhibitor,object,0,object,object,True,0.9,v2
37299,exp5,Apigenin,object,0,object,object,True,0.9,v2
37300,exp5,Proxy Mobile IPv6,object,0,object,method,False,1.0,v2
37307,exp5,Nanolaser,object,0,object,object,True,1.0,v2
37309,exp5,White privilege,topic,0,topic,,False,1.0,v2
37311,exp5,Myeloid sarcoma,object,0,object,object,True,1.0,v2
37315,exp5,Implant failure,property,0,property,,False,1.0,v2
37317,exp5,TGFBI,object,0,object,object,True,1.0,v2
37320,exp5,Convolvulus,object,0,object,object,True,1.0,v2
37325,exp5,Prosobranchia,object,0,object,object,True,1.0,v2
37328,exp5,Levator ani,object,0,object,object,True,1.0,v2
37331,exp5,Broca's area,object,0,object,object,True,1.0,v2
37332,exp5,Beta-lactam,object,0,object,object,True,1.0,v2
37336,exp5,Inositol phosphate,object,0,object,object,True,1.0,v2
37338,exp5,Selaginella,object,0,object,object,True,1.0,v2
37341,exp5,External quality assessment,method,0,method,method,True,1.0,v2
37343,exp5,Revetment,object,0,object,object,True,1.0,v2
37346,exp5,Return of spontaneous circulation,property,0,property,,False,1.0,v2
37353,exp5,Iron phosphate,object,0,object,object,True,1.0,v2
37356,exp5,Catechu,object,0,object,object,True,1.0,v2
37363,exp5,Lanthanum carbonate,object,0,object,object,True,1.0,v2
37364,exp5,Tetracycline antibiotics,object,0,object,object,True,1.0,v2
37369,exp5,Phloroglucinol,object,0,object,object,True,0.97,v2
37372,exp5,Isomap,method,0,method,method,True,0.98,v2
37376,exp5,Ventromedial prefrontal cortex,object,0,object,object,True,0.98,v2
37378,exp5,Avicennia marina,object,0,object,object,True,0.98,v2
37379,exp5,Artemether/lumefantrine,object,0,object,object,True,0.98,v2
37380,exp5,Ferrocement,object,0,object,object,True,0.97,v2
37386,exp5,Bottled water,object,0,object,object,True,0.97,v2
37389,exp5,Therapeutic relationship,topic,0,topic,,False,0.97,v2
37393,exp5,Legalism (Western philosophy),topic,0,topic,,False,0.97,v2
37395,exp5,Ectopic pancreas,object,0,object,object,True,0.98,v2
37398,exp5,Toll road,object,0,object,object,True,0.97,v2
37402,exp5,Explanatory model,topic,0,topic,,False,0.97,v2
37403,exp5,Combatant,object,0,object,object,True,0.97,v2
37405,exp5,Psychotria,object,0,object,object,True,0.98,v2
37413,exp5,Pteridophyte,object,0,object,object,True,0.98,v2
37414,exp5,Bifidobacterium bifidum,object,0,object,object,True,0.98,v2
37418,exp5,Cardiac pacemaker,object,0,object,object,True,0.97,v2
37419,exp5,Myositis ossificans,object,0,object,object,True,0.98,v2
37421,exp5,Black rice,object,0,object,object,True,0.97,v2
37430,exp5,Leisure satisfaction,property,0,property,,False,0.97,v2
37431,exp5,Boiling water reactor,object,0,object,object,True,0.9,v2
37438,exp5,Nonlinear complementarity problem,object,0,object,object,True,0.9,v2
37444,exp5,Housing estate,object,0,object,object,True,0.9,v2
37446,exp5,Mass line,topic,0,topic,,False,0.9,v2
37450,exp5,Microbial electrolysis cell,object,0,object,object,True,0.9,v2
37460,exp5,Moral economy,topic,0,topic,,False,0.9,v2
37461,exp5,Daptomycin,object,0,object,object,True,0.9,v2
37468,exp5,Stria terminalis,object,0,object,object,True,0.9,v2
37474,exp5,Schism,topic,0,topic,,False,0.9,v2
37476,exp5,Stathmin,object,0,object,object,True,0.9,v2
37480,exp5,Syndicate,object,0,object,object,True,0.9,v2
37482,exp5,"1,4-Naphthoquinone",object,0,object,object,True,0.9,v2
37490,exp5,Sodium carbonate,object,0,object,object,True,0.9,v2
37491,exp5,Hypocrea,object,0,object,object,True,0.9,v2
37493,exp5,Pegfilgrastim,object,0,object,object,True,0.9,v2
37494,exp5,Next Generation Science Standards,topic,0,topic,,False,0.9,v2
37495,exp5,Gadoxetic acid,object,0,object,object,True,0.9,v2
37498,exp5,Deoxyribonuclease,object,0,object,object,True,0.9,v2
37503,exp5,Media consumption,topic,0,topic,,False,0.9,v2
37509,exp5,Rivaroxaban,object,0,object,object,True,0.9,v2
37513,exp5,Spatial ability,property,0,property,,False,0.9,v2
37514,exp5,Epoxidized soybean oil,object,0,object,object,True,0.9,v2
37522,exp5,Epworth Sleepiness Scale,method,0,method,method,True,0.9,v2
37532,exp5,Reservoir simulation,method,0,method,method,True,0.9,v2
37536,exp5,Genioglossus,object,0,object,object,True,0.9,v2
37545,exp5,Stoicism,topic,0,topic,,False,0.9,v2
37552,exp5,Polystyrene sulfonate,object,0,object,object,True,0.9,v2
37558,exp5,Epiglottis,object,0,object,object,True,0.9,v2
37560,exp5,Hemipelvectomy,method,0,method,method,True,0.9,v2
37561,exp5,Digital preservation,topic,0,topic,,False,0.9,v2
37565,exp5,Islanding,property,0,property,,False,0.9,v2
37568,exp5,Great power,object,0,object,object,True,0.9,v2
37570,exp5,Fracture zone,object,0,object,object,True,0.9,v2
37574,exp5,Sociology of sport,topic,0,topic,,False,0.9,v2
37577,exp5,Bignoniaceae,object,0,object,object,True,0.9,v2
37579,exp5,Power steering,object,0,object,object,True,0.9,v2
37580,exp5,PWM rectifier,object,0,object,method,False,0.9,v2
37584,exp5,Nontuberculous mycobacteria,object,0,object,object,True,0.9,v2
37588,exp5,Septic tank,object,0,object,method,False,0.9,v2
37590,exp5,Lawmaking,topic,0,topic,,False,0.9,v2
37595,exp5,Coroner,object,0,object,object,True,0.9,v2
37596,exp5,Pyrroloquinoline quinone,object,0,object,object,True,1.0,v2
37598,exp5,Lactobacillus delbrueckii subsp. bulgaricus,object,0,object,object,True,1.0,v2
37599,exp5,Vivaldi antenna,object,0,object,object,True,1.0,v2
37601,exp5,Dendroctonus,object,0,object,object,True,1.0,v2
37609,exp5,Reversible cerebral vasoconstriction syndrome,object,0,object,object,True,1.0,v2
37611,exp5,Complex oxide,object,0,object,object,True,1.0,v2
37613,exp5,Pubic symphysis,object,0,object,object,True,1.0,v2
37619,exp5,Headline,object,0,object,object,True,1.0,v2
37631,exp5,External iliac artery,object,0,object,object,True,1.0,v2
37632,exp5,Imperatorin,object,0,object,object,True,1.0,v2
37640,exp5,Sorafenib,object,0,object,object,True,1.0,v2
37643,exp5,Collaborative writing,topic,0,topic,,False,0.8,v2
37644,exp5,Spin transition,property,0,property,,False,1.0,v2
37649,exp5,Theodicy,topic,0,topic,,False,1.0,v2
37652,exp5,Bezoar,object,0,object,object,True,1.0,v2
37660,exp5,Messianism,topic,0,topic,,False,1.0,v2
37663,exp5,Porphyrazine,object,0,object,object,True,1.0,v2
37667,exp5,Collective efficacy,property,0,property,,False,1.0,v2
37669,exp5,Running economy,property,0,property,,False,1.0,v2
37671,exp5,Bdellovibrio,object,0,object,object,True,1.0,v2
37676,exp5,Phosgene,object,0,object,object,True,1.0,v2
37678,exp5,Francis turbine,object,0,object,object,True,1.0,v2
37683,exp5,Agarwood,object,0,object,object,True,1.0,v2
37696,exp5,Citrobacter freundii,object,0,object,object,True,1.0,v2
37699,exp5,Vulnerable plaque,object,0,object,object,True,1.0,v2
37700,exp5,Live migration,object,0,object,method,False,1.0,v2
37702,exp5,Pupillometry,method,0,method,method,True,1.0,v2
37709,exp5,Parkia biglobosa,object,0,object,object,True,1.0,v2
37714,exp5,Thrombopoietin receptor,object,0,object,object,True,1.0,v2
37719,exp5,Gynostemma pentaphyllum,object,0,object,object,True,1.0,v2
37720,exp5,Trichodesmium,object,0,object,object,True,1.0,v2
37721,exp5,Ofatumumab,object,0,object,object,True,1.0,v2
37722,exp5,Aggregatibacter actinomycetemcomitans,object,0,object,object,True,1.0,v2
37726,exp5,ADAM10,object,0,object,object,True,1.0,v2
37731,exp5,Irreversible electroporation,method,0,method,method,True,1.0,v2
37735,exp5,Borazine,object,0,object,object,True,1.0,v2
37736,exp5,Distributed leadership,topic,0,topic,,False,1.0,v2
37737,exp5,Bidens pilosa,object,0,object,object,True,1.0,v2
37742,exp5,Uzbek,object,0,object,object,True,1.0,v2
37752,exp5,Sun photometer,object,0,object,method,False,1.0,v2
37759,exp5,Peer pressure,property,0,property,,False,0.8,v2
37763,exp5,Rilpivirine,object,0,object,object,True,1.0,v2
37777,exp5,Bacillary dysentery,object,0,object,object,True,1.0,v2
37779,exp5,Cyhalothrin,object,0,object,object,True,1.0,v2
37782,exp5,Student debt,object,0,object,topic,False,1.0,v2
37791,exp5,Working memory training,method,0,method,method,True,1.0,v2
37798,exp5,Severe fever with thrombocytopenia syndrome,object,0,object,object,True,1.0,v2
37800,exp5,Posterior cingulate,object,0,object,object,True,1.0,v2
37801,exp5,Brown Swiss,object,0,object,object,True,1.0,v2
37802,exp5,Jatropha,object,0,object,object,True,1.0,v2
37805,exp5,Research development,topic,0,topic,,False,1.0,v2
37809,exp5,Airy beam,object,0,object,object,True,1.0,v2
37810,exp5,Mandelic acid,object,0,object,object,True,1.0,v2
37811,exp5,Galectin-1,object,0,object,object,True,1.0,v2
37812,exp5,Employee retention,property,0,property,,False,1.0,v2
37813,exp5,Organophosphate poisoning,object,0,object,object,True,1.0,v2
37817,exp5,External jugular vein,object,0,object,object,True,1.0,v2
37821,exp5,Abutilon,object,0,object,object,True,1.0,v2
37823,exp5,Viscous fingering,object,0,object,topic,False,1.0,v2
37826,exp5,Fast-moving consumer goods,topic,0,topic,,False,0.8,v2
37830,exp5,Hospital Anxiety and Depression Scale,method,0,method,method,True,0.9,v2
37833,exp5,Polycythaemia,object,0,object,object,True,0.9,v2
37834,exp5,Unmanned underwater vehicle,object,0,object,object,True,0.9,v2
37836,exp5,Lymphovascular invasion,property,0,property,,False,0.9,v2
37842,exp5,Teacher leadership,topic,0,topic,,False,0.8,v2
37848,exp5,Spring and Autumn period,topic,0,topic,,False,0.9,v2
37855,exp5,Cutis laxa,object,0,object,object,True,0.9,v2
37858,exp5,Coproduction,topic,0,topic,,False,0.8,v2
37860,exp5,Crimean–Congo hemorrhagic fever,object,0,object,object,True,0.9,v2
37862,exp5,Tree frog,object,0,object,object,True,0.9,v2
37863,exp5,Aflibercept,object,0,object,object,True,0.9,v2
37864,exp5,Cerebral angiography,method,0,method,method,True,0.9,v2
37869,exp5,mdx mouse,object,0,object,object,True,0.9,v2
37870,exp5,BRIC,object,0,object,topic,False,0.9,v2
37872,exp5,Norovirus,object,0,object,object,True,0.9,v2
37875,exp5,Visual literacy,property,0,property,,False,0.8,v2
37881,exp5,Lower lip,object,0,object,object,True,0.9,v2
37885,exp5,Spinal cord stimulator,object,0,object,object,True,0.9,v2
37888,exp5,CYR61,object,0,object,object,True,0.9,v2
37896,exp5,Wildebeest,object,0,object,object,True,1.0,v2
37897,exp5,American exceptionalism,topic,0,topic,,False,1.0,v2
37898,exp5,Incoloy,object,0,object,object,True,1.0,v2
37899,exp5,Staphylococcus pseudintermedius,object,0,object,object,True,1.0,v2
37900,exp5,Telugu,object,0,object,object,True,1.0,v2
37904,exp5,Desmosome,object,0,object,object,True,1.0,v2
37911,exp5,Atypical fibroxanthoma,object,0,object,object,True,1.0,v2
37915,exp5,Health information exchange,topic,0,topic,,False,1.0,v2
37917,exp5,CTCF,object,0,object,object,True,1.0,v2
37920,exp5,Pyrenophora,object,0,object,object,True,1.0,v2
37923,exp5,Center of excellence,topic,0,topic,,False,1.0,v2
37935,exp5,Dipeptidyl peptidase-4 inhibitor,object,0,object,object,True,1.0,v2
37936,exp5,Automatic Generation Control,method,0,method,method,True,1.0,v2
37939,exp5,Global value chain,topic,0,topic,,False,1.0,v2
37941,exp5,Merit pay,topic,0,topic,,False,1.0,v2
37943,exp5,Misfortune,topic,0,topic,,False,1.0,v2
37948,exp5,Transition edge sensor,object,0,object,object,True,1.0,v2
37954,exp5,Araliaceae,object,0,object,object,True,1.0,v2
37955,exp5,Rosmarinic acid,object,0,object,object,True,1.0,v2
37959,exp5,Gratification,property,0,property,,False,1.0,v2
37967,exp5,Etheostoma,object,0,object,object,True,1.0,v2
37968,exp5,Power management,topic,0,topic,,False,1.0,v2
37973,exp5,Cyclic prefix,method,0,method,method,True,1.0,v2
37976,exp5,Autofrettage,method,0,method,method,True,1.0,v2
37977,exp5,Exon skipping,method,0,method,method,True,1.0,v2
37993,exp5,Atomoxetine,object,0,object,object,True,1.0,v2
37994,exp5,WebQuest,method,0,method,topic,False,1.0,v2
37995,exp5,Indolizine,object,0,object,object,True,1.0,v2
37996,exp5,Sovereign default,topic,0,topic,,False,1.0,v2
37997,exp5,Critical reading,method,0,method,method,True,1.0,v2
38004,exp5,Educational inequality,topic,0,topic,,False,1.0,v2
38005,exp5,Asian elephant,object,0,object,object,True,1.0,v2
38006,exp5,Angioid streaks,object,0,object,object,True,1.0,v2
38007,exp5,Erythroderma,object,0,object,object,True,1.0,v2
38010,exp5,Dasabuvir,object,0,object,object,True,1.0,v2
38014,exp5,Centralisation,topic,0,topic,,False,1.0,v2
38015,exp5,Thoracica,object,0,object,object,True,1.0,v2
38016,exp5,Alternaria solani,object,0,object,object,True,1.0,v2
38021,exp5,Vinpocetine,object,0,object,object,True,1.0,v2
38022,exp5,Coliform bacteria,object,0,object,object,True,1.0,v2
38030,exp5,Overeating,object,0,object,property,False,0.9,v2
38041,exp5,Emotional dysregulation,property,0,property,,False,0.9,v2
38042,exp5,Triviality,property,0,property,,False,0.9,v2
38044,exp5,Anethole,object,0,object,object,True,0.9,v2
38049,exp5,Carbonyl sulfide,object,0,object,object,True,0.9,v2
38051,exp5,Addictive behavior,property,0,property,,False,0.9,v2
38054,exp5,Coracoclavicular ligament,object,0,object,object,True,0.9,v2
38064,exp5,Lanthanum oxide,object,0,object,object,True,0.9,v2
38072,exp5,Tunica,object,0,object,object,True,0.9,v2
38073,exp5,Histoplasma capsulatum,object,0,object,object,True,0.9,v2
38074,exp5,NPH insulin,object,0,object,object,True,0.9,v2
38075,exp5,Medical home,object,0,object,topic,False,0.9,v2
38076,exp5,Strychnos,object,0,object,object,True,0.9,v2
38078,exp5,Dandelion,object,0,object,object,True,0.9,v2
38094,exp5,Scholarship of Teaching and Learning,topic,0,topic,,False,0.9,v2
38098,exp5,Focus on form,topic,0,topic,,False,0.9,v2
38101,exp5,Sialadenitis,property,0,property,,False,0.9,v2
38104,exp5,Dabigatran,object,0,object,object,True,0.9,v2
38109,exp5,Neuromyotonia,property,0,property,,False,0.9,v2
38110,exp5,MiniBooNE,object,0,object,object,True,0.9,v2
38114,exp5,Hypocalcaemia,property,0,property,,False,1.0,v2
38118,exp5,Pierre Robin syndrome,object,0,object,object,True,1.0,v2
38120,exp5,Methionine sulfoxide reductase,object,0,object,object,True,1.0,v2
38124,exp5,Antidiarrhoeal,topic,0,topic,,False,1.0,v2
38128,exp5,Palm kernel oil,object,0,object,object,True,1.0,v2
38131,exp5,Streptococcus iniae,object,0,object,object,True,1.0,v2
38132,exp5,Intrinsically disordered proteins,object,0,object,object,True,1.0,v2
38134,exp5,N-Acetylglucosamine,object,0,object,object,True,1.0,v2
38135,exp5,Reductive elimination,method,0,method,property,False,1.0,v2
38136,exp5,Greenwashing,topic,0,topic,,False,1.0,v2
38140,exp5,Cue reactivity,property,0,property,,False,1.0,v2
38147,exp5,Pyrolusite,object,0,object,object,True,1.0,v2
38148,exp5,Aquatic insect,object,0,object,object,True,1.0,v2
38152,exp5,Cloud manufacturing,topic,0,topic,,False,1.0,v2
38159,exp5,Bexarotene,object,0,object,object,True,1.0,v2
38163,exp5,Biochanin A,object,0,object,object,True,1.0,v2
38164,exp5,Corncob,object,0,object,object,True,1.0,v2
38166,exp5,Fermentation starter,method,0,method,method,True,1.0,v2
38167,exp5,Vardenafil,object,0,object,object,True,1.0,v2
38170,exp5,Moral character,property,0,property,,False,1.0,v2
38177,exp5,Proprotein convertase,object,0,object,object,True,0.9,v2
38179,exp5,Humanistic education,topic,0,topic,,False,0.9,v2
38182,exp5,Femoral hernia,object,0,object,object,True,0.9,v2
38188,exp5,Type VI secretion system,object,0,object,object,True,0.9,v2
38189,exp5,Diamond tool,object,0,object,object,True,0.9,v2
38190,exp5,Plerixafor,object,0,object,object,True,0.9,v2
38191,exp5,Tinker,object,1,object,topic,False,0.7,v2
38197,exp5,Medicare Advantage,object,0,object,object,True,0.9,v2
38198,exp5,Unicompartmental knee arthroplasty,method,0,method,method,True,0.9,v2
38201,exp5,Dabrafenib,object,0,object,object,True,0.9,v2
38204,exp5,Dandy–Walker syndrome,object,0,object,object,True,0.9,v2
38206,exp5,Nepotism,topic,0,topic,,False,0.9,v2
38207,exp5,Usury,topic,0,topic,,False,0.9,v2
38208,exp5,Paeonol,object,0,object,object,True,0.9,v2
38212,exp5,Energy planning,topic,0,topic,,False,0.9,v2
38215,exp5,Sardinella,object,0,object,object,True,0.9,v2
38216,exp5,Gastric lavage,method,0,method,method,True,0.9,v2
38217,exp5,Intravenous regional anesthesia,method,0,method,method,True,0.9,v2
38220,exp5,Graphitic carbon nitride,object,0,object,object,True,0.9,v2
38221,exp5,Nalmefene,object,0,object,object,True,0.9,v2
38224,exp5,Artificial tears,object,0,object,object,True,0.9,v2
38230,exp5,Maternal sensitivity,property,0,property,,False,0.9,v2
38232,exp5,Exchange-rate pass-through,property,0,property,,False,0.9,v2
38233,exp5,Burn center,object,0,object,object,True,0.9,v2
38234,exp5,Trismus,property,0,property,,False,0.9,v2
38235,exp5,Sortase A,object,0,object,object,True,0.9,v2
38236,exp5,Cricetidae,object,0,object,object,True,0.9,v2
38237,exp5,Thyroid function tests,method,0,method,method,True,0.9,v2
38238,exp5,Selfishness,property,0,property,,False,0.9,v2
38240,exp5,Solar chimney,object,0,object,method,False,0.9,v2
38241,exp5,Protein digestibility,property,0,property,,False,0.9,v2
38242,exp5,Diamond grinding,method,0,method,method,True,0.9,v2
38253,exp5,Intraguild predation,property,0,property,,False,0.9,v2
38254,exp5,Tilia,object,0,object,object,True,0.9,v2
38255,exp5,Glacial lake,object,0,object,object,True,0.9,v2
38265,exp5,Kexin,object,0,object,object,True,0.9,v2
38266,exp5,4-Nitrophenol,object,0,object,object,True,0.9,v2
38268,exp5,Clinical engineering,topic,0,topic,,False,0.9,v2
38271,exp5,Climate change adaptation,topic,0,topic,,False,0.9,v2
38276,exp5,Monochorionic twins,object,0,object,object,True,0.9,v2
38277,exp5,Potassium niobate,object,0,object,object,True,1.0,v2
38282,exp5,Castanopsis,object,0,object,object,True,1.0,v2
38290,exp5,Oleanolic acid,object,0,object,object,True,1.0,v2
38292,exp5,Nuss procedure,method,0,method,method,True,1.0,v2
38295,exp5,Severe acute respiratory syndrome,object,0,object,object,True,1.0,v2
38298,exp5,Thionine,object,0,object,object,True,1.0,v2
38307,exp5,Vertical handover,method,0,method,method,True,1.0,v2
38314,exp5,Uncertain data,object,0,object,property,False,1.0,v2
38315,exp5,Phthalonitrile,object,0,object,object,True,1.0,v2
38327,exp5,Subtalar joint,object,0,object,object,True,1.0,v2
38336,exp5,Biorthogonal wavelet,method,0,method,method,True,1.0,v2
38338,exp5,Analog front-end,object,0,object,object,True,1.0,v2
38340,exp5,Monel,object,0,object,object,True,1.0,v2
38345,exp5,Sexualization,topic,0,topic,,False,1.0,v2
38349,exp5,Ringer's solution,object,0,object,object,True,1.0,v2
38351,exp5,Payroll,topic,0,topic,,False,1.0,v2
38352,exp5,Personality pathology,object,0,object,property,False,1.0,v2
38354,exp5,Housewife,object,0,object,object,True,1.0,v2
38356,exp5,Mindfulness meditation,method,0,method,method,True,1.0,v2
38358,exp5,Chrysanthemum morifolium,object,0,object,object,True,1.0,v2
38364,exp5,Patchouli,object,0,object,object,True,1.0,v2
38370,exp5,Breach of contract,topic,0,topic,,False,1.0,v2
38375,exp5,Dutasteride,object,0,object,object,True,1.0,v2
38379,exp5,Valgus deformity,object,0,object,object,True,1.0,v2
38380,exp5,Brazilian Portuguese,object,0,object,object,True,1.0,v2
38383,exp5,Incretin,object,0,object,object,True,1.0,v2
38385,exp5,Digital scholarship,topic,0,topic,,False,1.0,v2
38391,exp5,ERCC2,object,0,object,object,True,1.0,v2
38394,exp5,Aggressive periodontitis,object,0,object,object,True,1.0,v2
38395,exp5,COP9 signalosome,object,0,object,object,True,1.0,v2
38396,exp5,Indacaterol,object,0,object,object,True,1.0,v2
38403,exp5,Reformatsky reaction,method,0,method,method,True,1.0,v2
38405,exp5,Tofacitinib,object,0,object,object,True,1.0,v2
38409,exp5,Pegvisomant,object,0,object,object,True,1.0,v2
38411,exp5,Caprock,object,0,object,object,True,1.0,v2
38415,exp5,Uterine prolapse,object,0,object,object,True,1.0,v2
38420,exp5,Iron oxide nanoparticles,object,0,object,object,True,1.0,v2
38421,exp5,Rifaximin,object,0,object,object,True,1.0,v2
38424,exp5,Genetic gain,property,0,property,,False,1.0,v2
38425,exp5,Financial contagion,topic,0,topic,,False,1.0,v2
38426,exp5,Compression stockings,object,0,object,object,True,0.9,v2
38430,exp5,Sapotaceae,object,0,object,object,True,0.9,v2
38432,exp5,Density gradient,property,0,property,,False,0.9,v2
38438,exp5,Check valve,object,0,object,object,True,0.9,v2
38449,exp5,Distillers grains,object,0,object,object,True,0.9,v2
38450,exp5,Thioflavin,object,0,object,object,True,0.9,v2
38458,exp5,Fosfomycin,object,0,object,object,True,0.9,v2
38461,exp5,Maraviroc,object,0,object,object,True,0.9,v2
38464,exp5,Sedentary lifestyle,topic,0,topic,,False,0.9,v2
38465,exp5,Metacommunity,object,0,object,object,True,0.9,v2
38471,exp5,5-Hydroxymethylcytosine,object,0,object,object,True,0.9,v2
38482,exp5,Science park,topic,0,topic,,False,0.9,v2
38491,exp5,Tunnel construction,topic,0,topic,,False,0.9,v2
38495,exp5,IEC 61850,object,0,object,object,True,0.9,v2
38496,exp5,Bloch oscillations,property,0,property,,False,0.9,v2
38501,exp5,Backwashing,method,0,method,method,True,0.9,v2
38503,exp5,Cyanohydrin,object,0,object,object,True,0.9,v2
38504,exp5,Semileptonic decay,property,0,property,,False,0.9,v2
38511,exp5,Wind profiler,object,0,object,method,False,0.9,v2
38512,exp5,Paeonia lactiflora,object,0,object,object,True,0.9,v2
38516,exp5,Adrenal adenoma,object,0,object,object,True,1.0,v2
38522,exp5,Employer branding,topic,0,topic,,False,1.0,v2
38523,exp5,Perceived organizational support,property,0,property,,False,1.0,v2
38526,exp5,Navicula,object,0,object,object,True,1.0,v2
38528,exp5,Cavia,object,0,object,object,True,1.0,v2
38529,exp5,Regulatory science,topic,0,topic,,False,1.0,v2
38530,exp5,RHOB,object,0,object,object,True,1.0,v2
38532,exp5,Loss-of-coolant accident,topic,0,topic,,False,1.0,v2
38533,exp5,Taeniopygia,object,0,object,object,True,1.0,v2
38540,exp5,RKKY interaction,property,0,property,,False,1.0,v2
38553,exp5,Ultrasonic welding,method,0,method,method,True,1.0,v2
38558,exp5,Chryseobacterium,object,0,object,object,True,1.0,v2
38561,exp5,Novelty detection,method,0,method,method,True,1.0,v2
38564,exp5,Stability criterion,property,0,property,,False,1.0,v2
38566,exp5,Roflumilast,object,0,object,object,True,1.0,v2
38567,exp5,Digestate,object,0,object,object,True,1.0,v2
38575,exp5,Trifoliate orange,object,0,object,object,True,1.0,v2
38576,exp5,Spin diffusion,property,0,property,,False,1.0,v2
38585,exp5,School climate,property,0,property,,False,1.0,v2
38592,exp5,Peracarida,object,0,object,object,True,1.0,v2
38593,exp5,Ebola vaccine,object,0,object,object,True,1.0,v2
38597,exp5,Oxyanion,object,0,object,object,True,1.0,v2
38599,exp5,DPSIR,method,0,method,method,True,1.0,v2
38600,exp5,Fascin,object,0,object,object,True,1.0,v2
38607,exp5,Emotional and behavioral disorders,object,0,object,object,True,1.0,v2
38611,exp5,RHEB,object,0,object,object,True,1.0,v2
38619,exp5,Laminarin,object,0,object,object,True,1.0,v2
38627,exp5,Rasburicase,object,0,object,object,True,1.0,v2
38631,exp5,Jet noise,topic,0,topic,,False,1.0,v2
38633,exp5,Anhedonia,property,0,property,,False,1.0,v2
38634,exp5,Sonographer,object,0,object,object,True,1.0,v2
38638,exp5,Oral medicine,topic,0,topic,,False,1.0,v2
38641,exp5,Cursive,object,0,object,method,False,1.0,v2
38642,exp5,Quinolizidine,object,0,object,object,True,1.0,v2
38643,exp5,Dirofilaria,object,0,object,object,True,1.0,v2
38651,exp5,Ninhydrin,object,0,object,object,True,1.0,v2
38652,exp5,Loyalty program,topic,0,topic,,False,1.0,v2
38659,exp5,Monascus purpureus,object,0,object,object,True,1.0,v2
38666,exp5,Scientific writing,topic,0,topic,,False,1.0,v2
38672,exp5,Aphrodisiac,object,0,object,object,True,1.0,v2
38675,exp5,Palmoplantar keratoderma,object,0,object,object,True,1.0,v2
38676,exp5,Porcine parvovirus,object,0,object,object,True,1.0,v2
38683,exp5,Sagittarius A*,object,0,object,object,True,1.0,v2
38685,exp5,Mesotrione,object,0,object,object,True,1.0,v2
38687,exp5,Larix kaempferi,object,0,object,object,True,1.0,v2
38690,exp5,Sports nutrition,topic,0,topic,,False,1.0,v2
38699,exp5,Maize weevil,object,0,object,object,True,1.0,v2
38700,exp5,Malic enzyme,object,0,object,object,True,1.0,v2
38702,exp5,North Anatolian Fault,object,0,object,object,True,1.0,v2
38707,exp5,House of Commons,object,0,object,object,True,1.0,v2
38709,exp5,Autoimmune lymphoproliferative syndrome,object,0,object,object,True,1.0,v2
38712,exp5,Biomedical waste,topic,0,topic,,False,1.0,v2
38715,exp5,Designer drug,object,0,object,object,True,1.0,v2
38718,exp5,Field trip,topic,0,topic,,False,1.0,v2
38722,exp5,Neutrophil to lymphocyte ratio,property,0,property,,False,1.0,v2
38727,exp5,Operational efficiency,property,0,property,,False,1.0,v2
38730,exp5,Geotraces,topic,0,topic,,False,1.0,v2
38732,exp5,Supported employment,method,0,method,topic,False,1.0,v2
38733,exp5,National innovation system,topic,0,topic,,False,1.0,v2
38737,exp5,Ecofeminism,topic,0,topic,,False,1.0,v2
38747,exp5,Vibrio alginolyticus,object,0,object,object,True,1.0,v2
38753,exp5,Taeniasis,object,0,object,object,True,1.0,v2
38754,exp5,Fasciculation,property,0,property,,False,1.0,v2
38755,exp5,Microstimulation,method,0,method,method,True,1.0,v2
38759,exp5,Rural electrification,topic,0,topic,,False,1.0,v2
38761,exp5,Cabazitaxel,object,0,object,object,True,1.0,v2
38773,exp5,Sexual minority,object,0,object,topic,False,1.0,v2
38778,exp5,Standard operating procedure,method,0,method,method,True,1.0,v2
38780,exp5,Tracheomalacia,object,0,object,object,True,1.0,v2
38782,exp5,Wheat leaf rust,object,0,object,object,True,1.0,v2
38785,exp5,Ustekinumab,object,0,object,object,True,1.0,v2
38790,exp5,Carbon tax,topic,0,topic,,False,1.0,v2
38797,exp5,Nalbuphine,object,0,object,object,True,1.0,v2
38798,exp5,Scorpaenidae,object,0,object,object,True,1.0,v2
38799,exp5,Netilmicin,object,0,object,object,True,1.0,v2
38801,exp5,Tumoral calcinosis,object,0,object,object,True,1.0,v2
38805,exp5,MRI contrast agent,object,0,object,object,True,1.0,v2
38806,exp5,Corydalis,object,0,object,object,True,1.0,v2
38810,exp5,Citrullus,object,0,object,object,True,1.0,v2
38818,exp5,Anaplastic carcinoma,object,0,object,object,True,1.0,v2
38819,exp5,Squamous metaplasia,object,0,object,property,False,0.9,v2
38824,exp5,Syndrome of inappropriate antidiuretic hormone secretion,object,0,object,object,True,0.9,v2
38828,exp5,Indictment,object,0,object,object,True,0.9,v2
38833,exp5,Urban culture,topic,0,topic,,False,0.9,v2
38834,exp5,Lincomycin,object,0,object,object,True,0.9,v2
38838,exp5,Simeprevir,object,0,object,object,True,0.9,v2
38840,exp5,Aggregation-induced emission,property,0,property,,False,0.9,v2
38842,exp5,BMI1,object,0,object,object,True,0.9,v2
38847,exp5,Global city,object,0,object,topic,False,0.9,v2
38849,exp5,Musa × paradisiaca,object,0,object,object,True,0.9,v2
38851,exp5,System of Rice Intensification,method,0,method,method,True,0.9,v2
38852,exp5,Chorioretinitis,object,0,object,object,True,0.9,v2
38853,exp5,Myrica rubra,object,0,object,object,True,0.9,v2
38857,exp5,Filum terminale,object,0,object,object,True,0.9,v2
38859,exp5,African philosophy,topic,0,topic,,False,0.9,v2
38861,exp5,Non-metallic inclusions,object,0,object,object,True,0.9,v2
38863,exp5,Transoral laser microsurgery,method,0,method,method,True,0.9,v2
38871,exp5,Anorthite,object,0,object,object,True,0.9,v2
38872,exp5,Ordinary chondrite,object,0,object,object,True,0.9,v2
38878,exp5,Actigraphy,method,0,method,method,True,0.9,v2
38881,exp5,Diamond–Blackfan anemia,object,0,object,object,True,1.0,v2
38891,exp5,Point target,object,0,object,object,True,1.0,v2
38892,exp5,Cluster expansion,method,0,method,method,True,1.0,v2
38893,exp5,Struvite,object,0,object,object,True,1.0,v2
38896,exp5,Sprat,object,0,object,object,True,1.0,v2
38898,exp5,Anisakidae,object,0,object,object,True,1.0,v2
38903,exp5,Thioglycolic acid,object,0,object,object,True,1.0,v2
38908,exp5,Opioidergic,property,0,property,,False,1.0,v2
38910,exp5,Citrullus lanatus,object,0,object,object,True,1.0,v2
38911,exp5,Crustose,object,0,object,property,False,1.0,v2
38912,exp5,Social space,object,0,object,topic,False,1.0,v2
38915,exp5,Honeysuckle,object,0,object,object,True,1.0,v2
38919,exp5,Forest degradation,topic,0,topic,,False,1.0,v2
38923,exp5,Faecal calprotectin,property,0,property,,False,1.0,v2
38924,exp5,Dental trauma,object,0,object,object,True,1.0,v2
38926,exp5,Aortic valve repair,method,0,method,method,True,1.0,v2
38928,exp5,Brevicoryne brassicae,object,0,object,object,True,1.0,v2
38930,exp5,Nitroaniline,object,0,object,object,True,1.0,v2
38936,exp5,Butyl acetate,object,0,object,object,True,1.0,v2
38950,exp5,Cirsium arvense,object,0,object,object,True,1.0,v2
38956,exp5,Family support,topic,0,topic,,False,0.8,v2
38959,exp5,Antisynthetase syndrome,object,0,object,object,True,0.9,v2
38962,exp5,Mandibular fracture,object,0,object,object,True,0.9,v2
38964,exp5,Corn syrup,object,0,object,object,True,0.9,v2
38966,exp5,Democratic deficit,topic,0,topic,,False,0.8,v2
38969,exp5,Acoustic streaming,object,0,object,property,False,0.9,v2
38973,exp5,Deleveraging,topic,0,topic,,False,0.8,v2
38977,exp5,Motion vector,object,0,object,property,False,0.9,v2
38978,exp5,Micafungin,object,0,object,object,True,0.9,v2
38989,exp5,Information seeking behavior,topic,0,topic,,False,0.8,v2
38996,exp5,Fanconi syndrome,object,0,object,object,True,0.9,v2
39009,exp5,Euonymus,object,0,object,object,True,0.9,v2
39011,exp5,Legal certainty,property,0,property,,False,0.8,v2
39012,exp5,Pierre Auger Observatory,object,0,object,object,True,0.9,v2
39014,exp5,Critical discourse analysis,topic,0,topic,,False,0.8,v2
39015,exp5,Verilog,method,0,method,method,True,0.9,v2
39017,exp5,Phosphinite,object,0,object,object,True,0.9,v2
39018,exp5,Vocal cord dysfunction,object,0,object,object,True,0.9,v2
39025,exp5,Nursing diagnosis,method,0,method,method,True,0.9,v2
39026,exp5,Thymoquinone,object,0,object,object,True,0.9,v2
39027,exp5,Somnolence,property,0,property,,False,0.9,v2
39028,exp5,Hornbeam,object,0,object,object,True,0.9,v2
39029,exp5,Subalpine forest,object,0,object,object,True,0.9,v2
39039,exp5,Population genomics,topic,0,topic,,False,0.9,v2
39040,exp5,Lornoxicam,object,0,object,object,True,0.9,v2
39041,exp5,EuroSCORE,method,0,method,method,True,0.9,v2
39045,exp5,Undergraduate research,topic,0,topic,,False,0.9,v2
39046,exp5,Exchange transfusion,method,0,method,method,True,0.9,v2
39052,exp5,Pediococcus acidilactici,object,0,object,object,True,0.9,v2
39056,exp5,Synod,object,0,object,object,True,0.9,v2
39057,exp5,N-Vinylpyrrolidone,object,0,object,object,True,0.9,v2
39063,exp5,Arabinoxylan,object,0,object,object,True,0.9,v2
39065,exp5,PDX1,object,0,object,object,True,0.9,v2
39066,exp5,Avicennia,object,0,object,object,True,0.9,v2
39069,exp5,Balneotherapy,method,0,method,method,True,0.9,v2
39073,exp5,Clear-cell sarcoma,object,0,object,object,True,0.9,v2
39083,exp5,Biosignal,object,0,object,topic,False,0.9,v2
39086,exp5,Brand preference,property,0,property,,False,0.9,v2
39087,exp5,Voluntary disclosure,property,0,property,,False,0.9,v2
39089,exp5,Immunosenescence,property,0,property,,False,0.9,v2
39092,exp5,Sulfanilamide,object,0,object,object,True,0.9,v2
39103,exp5,Salamandra,object,0,object,object,True,0.9,v2
39104,exp5,VDAC1,object,0,object,object,True,0.9,v2
39109,exp5,At risk mental state,object,0,object,property,False,0.9,v2
39113,exp5,Epulis,object,0,object,object,True,0.9,v2
39114,exp5,Drug allergy,property,0,property,,False,0.9,v2
39115,exp5,Mebendazole,object,0,object,object,True,0.9,v2
39118,exp5,Digital reference,topic,0,topic,,False,0.9,v2
39119,exp5,Testicular artery,object,0,object,object,True,0.9,v2
39125,exp5,PER2,object,0,object,object,True,0.9,v2
39126,exp5,Tetraselmis,object,0,object,object,True,0.9,v2
39132,exp5,Nondisjunction,property,0,property,,False,0.9,v2
39134,exp5,Lunatic,object,0,object,property,False,0.9,v2
39136,exp5,Extortion,topic,0,topic,,False,0.9,v2
39137,exp5,Azoxystrobin,object,0,object,object,True,0.9,v2
39138,exp5,Median eminence,object,0,object,object,True,0.9,v2
39139,exp5,Atmospheric Infrared Sounder,object,0,object,object,True,0.9,v2
39141,exp5,Pedometer,object,0,object,object,True,0.9,v2
39142,exp5,Ugi reaction,method,0,method,method,True,0.9,v2
39144,exp5,Clothianidin,object,0,object,object,True,0.9,v2
39146,exp5,Tetracene,object,0,object,object,True,1.0,v2
39148,exp5,Forensic pathology,topic,0,topic,,False,1.0,v2
39149,exp5,Visual cryptography,method,0,method,method,True,1.0,v2
39156,exp5,Nanomesh,object,0,object,object,True,1.0,v2
39164,exp5,Buttocks,object,0,object,object,True,1.0,v2
39168,exp5,Treacher Collins syndrome,object,0,object,object,True,1.0,v2
39169,exp5,TXNIP,object,0,object,object,True,1.0,v2
39173,exp5,Positive psychological capital,property,0,property,,False,1.0,v2
39175,exp5,Cardanol,object,0,object,object,True,1.0,v2
39178,exp5,Tuberculosis vaccines,object,0,object,method,False,1.0,v2
39182,exp5,Tannase,object,0,object,object,True,1.0,v2
39190,exp5,Urethral diverticulum,object,0,object,object,True,1.0,v2
39193,exp5,Tumor hypoxia,property,0,property,,False,1.0,v2
39196,exp5,Social entrepreneurship,topic,0,topic,,False,1.0,v2
39200,exp5,Basic life support,method,0,method,method,True,1.0,v2
39201,exp5,Private label,object,0,object,property,False,1.0,v2
39203,exp5,Reality television,topic,0,topic,,False,1.0,v2
39206,exp5,Processor sharing,method,0,method,method,True,1.0,v2
39207,exp5,Hypereosinophilia,object,0,object,object,True,1.0,v2
39212,exp5,Demodex,object,0,object,object,True,1.0,v2
39217,exp5,Radiofrequency thermocoagulation,method,0,method,method,True,0.97,v2
39220,exp5,Knowledge worker,object,0,object,topic,False,0.95,v2
39228,exp5,Urban morphology,topic,0,topic,,False,0.96,v2
39232,exp5,Illusory contours,object,0,object,property,False,0.97,v2
39234,exp5,Antheraea pernyi,object,0,object,object,True,0.98,v2
39235,exp5,Iohexol,object,0,object,object,True,0.98,v2
39240,exp5,CD146,object,0,object,object,True,0.98,v2
39241,exp5,Full-time,property,0,property,,False,0.95,v2
39246,exp5,Orthopoxvirus,object,0,object,object,True,0.98,v2
39255,exp5,STM32,object,0,object,object,True,0.97,v2
39256,exp5,Assessment for learning,topic,0,topic,,False,0.97,v2
39259,exp5,Connectomics,topic,0,topic,,False,0.97,v2
39261,exp5,Ethyl lactate,object,0,object,object,True,0.98,v2
39264,exp5,BI-RADS,method,0,method,method,True,0.97,v2
39265,exp5,Stream restoration,topic,0,topic,,False,0.97,v2
39270,exp5,Acephate,object,0,object,object,True,0.98,v2
39271,exp5,Kinship care,topic,0,topic,,False,0.96,v2
39274,exp5,Microperimetry,method,0,method,method,True,0.97,v2
39275,exp5,Peroxyacetyl nitrate,object,0,object,object,True,0.98,v2
39276,exp5,Human rights education,topic,0,topic,,False,0.97,v2
39277,exp5,Country of origin,property,0,property,,False,0.9,v2
39279,exp5,Resonant ultrasound spectroscopy,method,0,method,method,True,1.0,v2
39280,exp5,Majorana fermion,object,0,object,object,True,1.0,v2
39282,exp5,Camera trap,method,0,method,object,False,1.0,v2
39292,exp5,Caragana,object,0,object,object,True,1.0,v2
39299,exp5,TaqI,object,0,object,method,False,1.0,v2
39300,exp5,Enterocutaneous fistula,object,0,object,object,True,1.0,v2
39315,exp5,Cytokine-induced killer cell,object,0,object,object,True,1.0,v2
39316,exp5,Mydriasis,property,0,property,,False,1.0,v2
39320,exp5,Macrocystis pyrifera,object,0,object,object,True,1.0,v2
39324,exp5,Sodium nitrate,object,0,object,object,True,1.0,v2
39329,exp5,Solar energy conversion,topic,0,topic,,False,1.0,v2
39333,exp5,Learning Management,topic,0,topic,,False,1.0,v2
39338,exp5,Cerebrospinal fluid leak,object,0,object,object,True,1.0,v2
39339,exp5,Rheum (plant),object,0,object,object,True,1.0,v2
39341,exp5,Placenta accreta,object,0,object,object,True,1.0,v2
39347,exp5,Papaya ringspot virus,object,0,object,object,True,1.0,v2
39351,exp5,Natamycin,object,0,object,object,True,1.0,v2
39352,exp5,Middle Paleolithic,topic,0,topic,,False,1.0,v2
39354,exp5,High-functioning autism,object,0,object,object,True,1.0,v2
39363,exp5,Participle,property,1,property,,False,0.8,v2
39370,exp5,Nitrile hydratase,object,0,object,object,True,0.9,v2
39371,exp5,Extramammary Paget's disease,object,0,object,object,True,0.9,v2
39373,exp5,Solid wood,object,0,object,object,True,0.9,v2
39378,exp5,Abdominal distension,property,0,property,,False,0.9,v2
39379,exp5,Magnetic resonance elastography,method,0,method,method,True,0.9,v2
39386,exp5,Alfacalcidol,object,0,object,object,True,0.9,v2
39390,exp5,Sinus lift,method,0,method,method,True,0.9,v2
39392,exp5,Pleural cavity,object,0,object,object,True,0.9,v2
39394,exp5,Triflic acid,object,0,object,object,True,0.9,v2
39398,exp5,WNT3A,object,0,object,object,True,0.9,v2
39409,exp5,MALAT1,object,0,object,object,True,0.9,v2
39410,exp5,Paenibacillus polymyxa,object,0,object,object,True,0.9,v2
39412,exp5,Alphaproteobacteria,object,0,object,object,True,0.9,v2
39415,exp5,Vasotocin,object,0,object,object,True,0.9,v2
39417,exp5,Named-entity recognition,method,0,method,method,True,0.9,v2
39423,exp5,Hamstring injury,object,0,object,object,True,0.9,v2
39427,exp5,Osteotome,object,0,object,object,True,0.9,v2
39428,exp5,Right to counsel,property,0,property,,False,0.9,v2
39432,exp5,Baeyer–Villiger oxidation,method,0,method,method,True,0.9,v2
39433,exp5,PARP inhibitor,object,0,object,object,True,0.9,v2
39435,exp5,TLR9,object,0,object,object,True,0.9,v2
39439,exp5,Primary progressive aphasia,object,0,object,object,True,0.9,v2
39443,exp5,Mine safety,topic,0,topic,,False,0.9,v2
39445,exp5,Fusobacterium necrophorum,object,0,object,object,True,0.9,v2
39463,exp5,Betalain,object,0,object,object,True,0.9,v2
39464,exp5,Nephritic syndrome,object,0,object,object,True,0.9,v2
39468,exp5,Diction,property,0,property,,False,0.9,v2
39471,exp5,Reference genes,object,0,object,method,False,0.9,v2
39472,exp5,Opioid overdose,object,0,object,object,True,0.9,v2
39473,exp5,Phosphate binder,object,0,object,object,True,0.9,v2
39488,exp5,Home page,object,0,object,object,True,0.9,v2
39492,exp5,Nitzschia,object,0,object,object,True,0.9,v2
39508,exp5,Santalum album,object,0,object,object,True,0.9,v2
39513,exp5,Microangiography,method,0,method,method,True,0.9,v2
39514,exp5,Sexual conflict,topic,0,topic,,False,0.9,v2
39517,exp5,Enophthalmos,object,0,object,object,True,0.9,v2
39518,exp5,Juvenile myelomonocytic leukemia,object,0,object,object,True,0.9,v2
39527,exp5,Silodosin,object,0,object,object,True,0.9,v2
39532,exp5,Neo-Confucianism,topic,0,topic,,False,0.9,v2
39536,exp5,Pyogenic liver abscess,object,0,object,object,True,1.0,v2
39542,exp5,Weedy rice,object,0,object,object,True,1.0,v2
39543,exp5,Source tracking,method,0,method,method,True,1.0,v2
39545,exp5,Ivabradine,object,0,object,object,True,1.0,v2
39548,exp5,Growth hormone secretagogue receptor,object,0,object,object,True,1.0,v2
39553,exp5,Radiation monitoring,method,0,method,method,True,1.0,v2
39557,exp5,Orbital cellulitis,object,0,object,object,True,1.0,v2
39558,exp5,Flywheel energy storage,object,0,object,object,True,1.0,v2
39560,exp5,Dermacentor,object,0,object,object,True,1.0,v2
39564,exp5,Scope of practice,topic,0,topic,,False,1.0,v2
39566,exp5,PageRank,method,0,method,method,True,1.0,v2
39567,exp5,Human resource accounting,topic,0,topic,,False,1.0,v2
39568,exp5,Bifenthrin,object,0,object,object,True,1.0,v2
39578,exp5,RNA virus,object,0,object,object,True,1.0,v2
39582,exp5,Gold cluster,object,0,object,object,True,1.0,v2
39583,exp5,State-building,topic,0,topic,,False,1.0,v2
39584,exp5,Hydrobromide,object,0,object,object,True,1.0,v2
39585,exp5,Wendelstein 7-X,object,0,object,object,True,1.0,v2
39586,exp5,Epispadias,object,0,object,object,True,1.0,v2
39588,exp5,Child neglect,object,0,object,topic,False,1.0,v2
39591,exp5,Basophil activation,property,0,property,,False,0.9,v2
39592,exp5,Nicotine withdrawal,property,0,property,,False,0.9,v2
39594,exp5,Khat,object,0,object,object,True,0.9,v2
39595,exp5,Ranolazine,object,0,object,object,True,0.9,v2
39596,exp5,Negative transfer,property,0,property,,False,0.9,v2
39597,exp5,Treosulfan,object,0,object,object,True,0.9,v2
39599,exp5,Grassland degradation,topic,0,topic,,False,0.9,v2
39603,exp5,Lithium iron phosphate,object,0,object,object,True,0.9,v2
39613,exp5,Darunavir,object,0,object,object,True,0.9,v2
39615,exp5,Thiacloprid,object,0,object,object,True,0.9,v2
39616,exp5,Silicotungstic acid,object,0,object,object,True,0.9,v2
39618,exp5,Adiponectin receptor 1,object,0,object,object,True,0.9,v2
39620,exp5,General strain theory,topic,0,topic,,False,0.9,v2
39622,exp5,Integrated reporting,topic,0,topic,,False,0.9,v2
39625,exp5,Soluble fms-like tyrosine kinase-1,object,0,object,object,True,0.9,v2
39630,exp5,Selective internal radiation therapy,method,0,method,method,True,0.9,v2
39631,exp5,Capsulitis,property,0,property,,False,0.9,v2
39638,exp5,Cypriniformes,object,0,object,object,True,0.9,v2
39644,exp5,Active power filter,object,0,object,object,True,0.9,v2
39658,exp5,Mobile cloud computing,topic,0,topic,,False,0.9,v2
39661,exp5,Vacuum evaporation,method,0,method,method,True,0.9,v2
39664,exp5,Fat necrosis,object,0,object,object,True,0.9,v2
39665,exp5,Ancylostoma,object,0,object,object,True,0.9,v2
39672,exp5,Internal oxidation,method,0,method,method,True,0.9,v2
39673,exp5,Cladonia,object,0,object,object,True,0.9,v2
39674,exp5,Ixabepilone,object,0,object,object,True,0.9,v2
39685,exp5,Leucinodes orbonalis,object,0,object,object,True,0.9,v2
39690,exp5,Quadcopter,object,0,object,object,True,0.9,v2
39691,exp5,Consumer ethnocentrism,topic,0,topic,,False,0.9,v2
39692,exp5,Disk laser,object,0,object,object,True,0.9,v2
39697,exp5,Adenomatoid odontogenic tumor,object,0,object,object,True,0.9,v2
39699,exp5,Noscapine,object,0,object,object,True,0.9,v2
39700,exp5,Butenolide,object,0,object,object,True,0.9,v2
39702,exp5,Carbon price,property,0,property,,False,0.9,v2
39704,exp5,Information leakage,topic,0,topic,,False,0.9,v2
39712,exp5,Zirconium dioxide,object,0,object,object,True,0.9,v2
39713,exp5,Anhidrosis,object,0,object,object,True,0.9,v2
39723,exp5,Vasa vasorum,object,0,object,object,True,0.9,v2
39725,exp5,Germanene,object,0,object,object,True,0.9,v2
39728,exp5,Basilar invagination,object,0,object,object,True,0.9,v2
39737,exp5,Participatory sensing,topic,0,topic,,False,0.9,v2
39740,exp5,Ecumenism,topic,0,topic,,False,0.9,v2
39743,exp5,Mongoose,object,0,object,object,True,0.9,v2
39749,exp5,Azetidine,object,0,object,object,True,0.9,v2
39750,exp5,Oculomotor nerve palsy,object,0,object,object,True,0.9,v2
39752,exp5,Fucosylation,method,0,method,method,True,0.9,v2
39753,exp5,Graphite oxide,object,0,object,object,True,0.9,v2
39754,exp5,Rhamnose,object,0,object,object,True,0.9,v2
39758,exp5,Achatina,object,0,object,object,True,0.9,v2
39759,exp5,Phyllostachys edulis,object,0,object,object,True,0.9,v2
39761,exp5,Whooping cough,object,0,object,object,True,0.9,v2
39762,exp5,Maple syrup urine disease,object,0,object,object,True,0.9,v2
39765,exp5,Toadfish,object,0,object,object,True,0.9,v2
39770,exp5,Ascophyllum,object,0,object,object,True,0.9,v2
39772,exp5,Dimethyl phthalate,object,0,object,object,True,0.9,v2
39774,exp5,Radiolaria,object,0,object,object,True,0.9,v2
39781,exp5,Microcoil,object,0,object,object,True,0.9,v2
39782,exp5,Zinc sulfide,object,0,object,object,True,0.9,v2
39787,exp5,Alectinib,object,0,object,object,True,0.9,v2
39788,exp5,Crassulaceae,object,0,object,object,True,0.9,v2
39790,exp5,Iodinated contrast,object,0,object,object,True,0.9,v2
39792,exp5,Baccharis,object,0,object,object,True,0.9,v2
39794,exp5,Iliac fossa,object,0,object,object,True,0.9,v2
39795,exp5,Acquired brain injury,object,0,object,object,True,0.9,v2
39796,exp5,Lead acetate,object,0,object,object,True,0.9,v2
39805,exp5,Right pulmonary artery,object,0,object,object,True,0.9,v2
39807,exp5,Bioproduction,topic,0,topic,,False,0.9,v2
39810,exp5,UV filter,object,0,object,object,True,0.9,v2
39817,exp5,Depersonalization,property,0,property,,False,0.9,v2
39819,exp5,Oleanane,object,0,object,object,True,0.9,v2
39820,exp5,Phytochelatin,object,0,object,object,True,0.9,v2
39826,exp5,NEDD8,object,0,object,object,True,0.9,v2
39829,exp5,Negative-pressure wound therapy,method,0,method,method,True,0.9,v2
39838,exp5,Arc suppression,method,0,method,method,True,0.9,v2
39842,exp5,Extensive reading,topic,0,topic,,False,0.9,v2
39845,exp5,Mesenteric lymph nodes,object,0,object,object,True,0.9,v2
39849,exp5,Metabolic bone disease,topic,0,topic,,False,0.9,v2
39859,exp5,Factor XIII deficiency,object,0,object,object,True,1.0,v2
39870,exp5,Pantoea,object,0,object,object,True,1.0,v2
39873,exp5,Farnesol,object,0,object,object,True,1.0,v2
39876,exp5,Corneal collagen cross-linking,method,0,method,method,True,0.9,v2
39880,exp5,Trichlorosilane,object,0,object,object,True,0.9,v2
39883,exp5,Boriding,method,0,method,method,True,0.9,v2
39884,exp5,Staple food,object,0,object,object,True,0.9,v2
39885,exp5,Eisenmenger syndrome,object,0,object,object,True,0.9,v2
39887,exp5,Model for End-Stage Liver Disease,object,0,object,property,False,0.9,v2
39889,exp5,Homogeneous isotropic turbulence,object,0,object,object,True,0.9,v2
39896,exp5,Quitline,object,0,object,method,False,0.9,v2
39897,exp5,Rubinstein–Taybi syndrome,object,0,object,object,True,0.9,v2
39898,exp5,Government procurement,topic,0,topic,,False,0.9,v2
39899,exp5,Pteris vittata,object,0,object,object,True,0.9,v2
39900,exp5,Biodosimetry,method,0,method,method,True,0.9,v2
39901,exp5,Ctenocephalides,object,0,object,object,True,0.9,v2
39905,exp5,Phage therapy,method,0,method,method,True,0.9,v2
39919,exp5,Colistin,object,0,object,object,True,0.9,v2
39925,exp5,Conductive hearing loss,object,0,object,object,True,0.9,v2
39927,exp5,Idelalisib,object,0,object,object,True,0.9,v2
39932,exp5,Parecoxib,object,0,object,object,True,0.9,v2
39937,exp5,Basic income,topic,0,topic,,False,0.9,v2
39938,exp5,Planetarium,object,0,object,object,True,0.9,v2
39942,exp5,Abusive supervision,property,0,property,,False,0.9,v2
39956,exp5,Archaeological record,object,0,object,object,True,0.9,v2
39962,exp5,Bunyaviridae,object,0,object,object,True,0.9,v2
39964,exp5,Isophthalic acid,object,0,object,object,True,0.9,v2
39969,exp5,Path dependence,property,0,property,,False,0.9,v2
39971,exp5,Disaster medicine,topic,0,topic,,False,0.9,v2
39976,exp5,Loranthaceae,object,0,object,object,True,0.9,v2
39979,exp5,Hydrothermal liquefaction,method,0,method,method,True,0.9,v2
39985,exp5,Model order reduction,method,0,method,method,True,0.9,v2
39988,exp5,Sclerostin,object,0,object,object,True,0.9,v2
39990,exp5,Adhesive bonding,method,0,method,method,True,0.9,v2
39997,exp5,Ascription,property,0,property,,False,0.9,v2
40002,exp5,Overhead crane,object,0,object,object,True,0.9,v2
40006,exp5,Heart-type fatty acid binding protein,object,0,object,object,True,0.9,v2
40014,exp5,Theanine,object,0,object,object,True,0.9,v2
40016,exp5,Lercanidipine,object,0,object,object,True,0.9,v2
40019,exp5,Ozone therapy,method,0,method,method,True,0.9,v2
40023,exp5,Sitagliptin,object,0,object,object,True,0.9,v2
40024,exp5,Dyskeratosis congenita,object,0,object,object,True,0.9,v2
40026,exp5,Lacunar stroke,object,0,object,object,True,0.9,v2
40027,exp5,Tip clearance,property,0,property,,False,0.9,v2
40028,exp5,Ectropion,object,0,object,object,True,0.9,v2
40031,exp5,Cryptococcus gattii,object,0,object,object,True,0.9,v2
40033,exp5,Community health center,object,0,object,object,True,0.9,v2
40036,exp5,Fusarium oxysporum f.sp. cubense,object,0,object,object,True,0.9,v2
40039,exp5,Machine perfusion,method,0,method,method,True,0.9,v2
40040,exp5,Chemotherapy-induced peripheral neuropathy,object,0,object,object,True,0.9,v2
40057,exp5,Lolium rigidum,object,0,object,object,True,0.9,v2
40060,exp5,Mammotome,object,0,object,object,True,0.9,v2
40063,exp5,Aminobenzoic acid,object,0,object,object,True,0.9,v2
40066,exp5,Acute decompensated heart failure,object,0,object,object,True,0.9,v2
40067,exp5,Gujarati,object,0,object,object,True,0.9,v2
40069,exp5,Indometacin,object,0,object,object,True,0.9,v2
40070,exp5,Strobilurin,object,0,object,object,True,0.9,v2
40072,exp5,Coparenting,topic,0,topic,,False,0.9,v2
40077,exp5,Intercostal nerves,object,0,object,object,True,0.9,v2
40088,exp5,Brookite,object,0,object,object,True,0.9,v2
40095,exp5,ITPA,object,0,object,object,True,0.9,v2
40099,exp5,Working fluid,object,0,object,object,True,0.9,v2
40100,exp5,Trampoline,object,0,object,object,True,0.9,v2
40101,exp5,Vitexin,object,0,object,object,True,0.97,v2
40103,exp5,Parotidectomy,method,0,method,method,True,0.97,v2
40108,exp5,Ross procedure,method,0,method,method,True,0.97,v2
40119,exp5,Epidermolysis bullosa acquisita,object,0,object,object,True,0.97,v2
40122,exp5,Corrective feedback,method,0,method,method,True,0.97,v2
40129,exp5,Retrial queue,object,0,object,method,False,0.97,v2
40130,exp5,Lennox–Gastaut syndrome,object,0,object,object,True,0.97,v2
40131,exp5,Dengue vaccine,object,0,object,object,True,0.97,v2
40136,exp5,Urticaceae,object,0,object,object,True,0.97,v2
40137,exp5,Accessory nerve,object,0,object,object,True,0.97,v2
40141,exp5,ERCC1,object,0,object,object,True,0.97,v2
40151,exp5,Copeptin,object,0,object,object,True,0.97,v2
40153,exp5,Counterparty,object,0,object,object,True,0.97,v2
40161,exp5,Frataxin,object,0,object,object,True,0.97,v2
40163,exp5,Trehalase,object,0,object,object,True,0.97,v2
40167,exp5,Hydroxycarbamide,object,0,object,object,True,0.97,v2
40169,exp5,Myofascial pain syndrome,object,0,object,object,True,0.97,v2
40170,exp5,Cooker,object,0,object,object,True,0.97,v2
40186,exp5,Histone H2B,object,0,object,object,True,0.97,v2
40197,exp5,Mytilidae,object,0,object,object,True,0.97,v2
40200,exp5,20-Hydroxyecdysone,object,0,object,object,True,0.97,v2
40201,exp5,Picrotoxin,object,0,object,object,True,0.97,v2
40204,exp5,Hard palate,object,0,object,object,True,0.97,v2
40205,exp5,Mitophagy,method,0,method,method,True,0.97,v2
40209,exp5,Sportsmanship,topic,0,topic,,False,0.97,v2
40211,exp5,Destination therapy,topic,0,topic,,False,0.97,v2
40213,exp5,Squamous-cell carcinoma of the lung,object,0,object,object,True,0.97,v2
40220,exp5,Anticarsia gemmatalis,object,0,object,object,True,0.97,v2
40223,exp5,ROCK2,object,0,object,object,True,0.97,v2
40225,exp5,Quality of experience,property,0,property,,False,0.97,v2
40227,exp5,Cephalometric analysis,method,0,method,method,True,0.97,v2
40228,exp5,Orthokeratology,method,0,method,object,False,0.97,v2
40234,exp5,Locust bean gum,object,0,object,object,True,0.97,v2
40237,exp5,Intelligent tutoring system,object,0,object,object,True,0.97,v2
40241,exp5,Synbiotics,object,0,object,object,True,0.97,v2
40242,exp5,Prodigiosin,object,0,object,object,True,0.97,v2
40252,exp5,Small RNA,object,0,object,object,True,0.97,v2
40253,exp5,Housing First,topic,0,topic,,False,0.97,v2
40257,exp5,Stochastic frontier analysis,method,0,method,method,True,0.97,v2
40260,exp5,Celibacy,property,0,property,,False,0.97,v2
40262,exp5,Portacaval shunt,object,0,object,object,True,1.0,v2
40264,exp5,Subjectification,topic,0,topic,,False,0.8,v2
40266,exp5,Barefoot,object,1,object,topic,False,0.8,v2
40268,exp5,Digital content,object,0,object,topic,False,1.0,v2
40272,exp5,Dual-phase steel,object,0,object,object,True,1.0,v2
40275,exp5,Polyporus,object,0,object,object,True,1.0,v2
40278,exp5,Conidiation,method,0,method,property,False,1.0,v2
40283,exp5,Additionality,topic,0,topic,,False,1.0,v2
40287,exp5,Family farm,object,0,object,topic,False,1.0,v2
40288,exp5,Cinnamomum camphora,object,0,object,object,True,1.0,v2
40302,exp5,Syringoma,object,0,object,object,True,1.0,v2
40310,exp5,PTPN22,object,0,object,object,True,1.0,v2
40314,exp5,Myelin oligodendrocyte glycoprotein,object,0,object,object,True,1.0,v2
40321,exp5,Microfilaria,object,0,object,object,True,1.0,v2
40322,exp5,Memory B cell,object,0,object,object,True,1.0,v2
40323,exp5,Dental extraction,method,0,method,method,True,1.0,v2
40324,exp5,Caldesmon,object,0,object,object,True,1.0,v2
40331,exp5,Eminent domain,topic,0,topic,,False,1.0,v2
40332,exp5,Food policy,topic,0,topic,,False,1.0,v2
40359,exp5,Paraben,object,0,object,object,True,1.0,v2
40361,exp5,Sophist,topic,0,topic,,False,0.8,v2
40362,exp5,Vitaceae,object,0,object,object,True,0.9,v2
40364,exp5,Pasireotide,object,0,object,object,True,0.9,v2
40365,exp5,Psyllium,object,0,object,object,True,0.9,v2
40371,exp5,Notifiable disease,topic,0,topic,,False,0.9,v2
40379,exp5,Chlorella sorokiniana,object,0,object,object,True,0.9,v2
40380,exp5,Right ventricular hypertrophy,object,0,object,object,True,0.9,v2
40381,exp5,Gonadosomatic Index,property,0,property,,False,0.9,v2
40382,exp5,Overdiagnosis,topic,0,topic,,False,0.9,v2
40384,exp5,Absurdity,topic,0,topic,,False,0.8,v2
40387,exp5,Approximate Bayesian computation,method,0,method,method,True,0.9,v2
40391,exp5,Pentagastrin,object,0,object,object,True,0.9,v2
40392,exp5,Indigo carmine,object,0,object,object,True,0.9,v2
40394,exp5,Chlorella pyrenoidosa,object,0,object,object,True,0.9,v2
40401,exp5,Splenic marginal zone lymphoma,object,0,object,object,True,0.9,v2
40408,exp5,Presenteeism,topic,0,topic,,False,0.9,v2
40411,exp5,Local Development,topic,0,topic,,False,0.9,v2
40412,exp5,Ku band,object,0,object,topic,False,0.9,v2
40419,exp5,Amitraz,object,0,object,object,True,0.9,v2
40420,exp5,Cytochrome b5,object,0,object,object,True,0.9,v2
40423,exp5,Hypodontia,object,0,object,object,True,1.0,v2
40427,exp5,Water safety,topic,0,topic,,False,1.0,v2
40428,exp5,Throne,object,0,object,object,True,1.0,v2
40432,exp5,Tagalog,object,0,object,object,True,1.0,v2
40433,exp5,Neurodevelopmental disorder,object,0,object,object,True,1.0,v2
40434,exp5,Stem-cell therapy,method,0,method,method,True,1.0,v2
40437,exp5,Sulfanyl,object,0,object,object,True,1.0,v2
40438,exp5,Academic integrity,topic,0,topic,,False,1.0,v2
40446,exp5,Anabolic steroid,object,0,object,object,True,1.0,v2
40448,exp5,"Surveillance, Epidemiology, and End Results",object,0,object,object,True,1.0,v2
40449,exp5,Iron powder,object,0,object,object,True,1.0,v2
40450,exp5,Dynamic pricing,method,0,method,method,True,1.0,v2
40455,exp5,Eriobotrya,object,0,object,object,True,1.0,v2
40464,exp5,Spionidae,object,0,object,object,True,1.0,v2
40467,exp5,Aglycone,object,0,object,object,True,1.0,v2
40473,exp5,Liquid hydrogen,object,0,object,object,True,1.0,v2
40475,exp5,Paraphilia,object,0,object,object,True,1.0,v2
40476,exp5,Gastric bypass surgery,method,0,method,method,True,1.0,v2
40481,exp5,Electric double-layer capacitor,object,0,object,object,True,1.0,v2
40482,exp5,Drill string,object,0,object,object,True,1.0,v2
40483,exp5,Food craving,object,0,object,property,False,0.9,v2
40487,exp5,Centenarian,object,0,object,object,True,0.9,v2
40488,exp5,Traveler's diarrhea,object,0,object,object,True,0.9,v2
40492,exp5,RBMK,object,0,object,object,True,0.9,v2
40495,exp5,Fetal bovine serum,object,0,object,object,True,0.9,v2
40499,exp5,Kyphoscoliosis,object,0,object,object,True,0.9,v2
40501,exp5,Calotropis procera,object,0,object,object,True,0.9,v2
40513,exp5,Seroma,object,0,object,object,True,0.9,v2
40522,exp5,Bifunctional catalyst,object,0,object,property,False,0.9,v2
40527,exp5,Malpighiaceae,object,0,object,object,True,0.9,v2
40536,exp5,Scaling and root planing,method,0,method,method,True,0.9,v2
40551,exp5,Ribosome biogenesis,topic,0,topic,,False,0.9,v2
40555,exp5,Haemaphysalis longicornis,object,0,object,object,True,0.9,v2
40558,exp5,Necrobiosis lipoidica,object,0,object,object,True,0.9,v2
40564,exp5,TSC2,object,0,object,object,True,0.9,v2
40565,exp5,Crizotinib,object,0,object,object,True,0.9,v2
40573,exp5,Democracy promotion,topic,0,topic,,False,0.9,v2
40574,exp5,Wireless power transfer,method,0,method,method,True,0.9,v2
40575,exp5,Pullulanase,object,0,object,object,True,0.9,v2
40577,exp5,Aphis craccivora,object,0,object,object,True,0.9,v2
40580,exp5,Rotigotine,object,0,object,object,True,1.0,v2
40583,exp5,Bovine respiratory disease,object,0,object,object,True,1.0,v2
40597,exp5,Mucinosis,object,0,object,object,True,1.0,v2
40599,exp5,Mutiny,topic,0,topic,,False,0.8,v2
40609,exp5,Steeping,method,0,method,method,True,1.0,v2
40611,exp5,Aortopulmonary window,object,0,object,object,True,1.0,v2
40613,exp5,Dermestidae,object,0,object,object,True,1.0,v2
40615,exp5,Macrocyclic ligand,object,0,object,object,True,1.0,v2
40617,exp5,Pseudoperonospora cubensis,object,0,object,object,True,1.0,v2
40619,exp5,Lactobacillus paracasei,object,0,object,object,True,1.0,v2
40623,exp5,Lomustine,object,0,object,object,True,1.0,v2
40624,exp5,Heart sounds,property,0,property,,False,1.0,v2
40634,exp5,Land registration,topic,0,topic,,False,1.0,v2
40636,exp5,Demand response,method,0,method,method,True,1.0,v2
40641,exp5,Pellagra,object,0,object,object,True,1.0,v2
40643,exp5,Ecodesign,topic,0,topic,,False,1.0,v2
40644,exp5,Lost circulation,object,0,object,property,False,1.0,v2
40656,exp5,Carbimazole,object,0,object,object,True,1.0,v2
40658,exp5,Candida parapsilosis,object,0,object,object,True,1.0,v2
40662,exp5,Workfare,topic,0,topic,,False,1.0,v2
40665,exp5,Anodic Aluminum Oxide,object,0,object,object,True,0.9,v2
40674,exp5,Naxi,topic,0,topic,,False,0.8,v2
40675,exp5,Triptorelin,object,0,object,object,True,0.9,v2
40689,exp5,Catechesis,topic,0,topic,,False,0.8,v2
40692,exp5,Granulopoiesis,property,0,property,,False,0.9,v2
40698,exp5,Order picking,topic,0,topic,,False,0.8,v2
40708,exp5,Local community,object,0,object,object,True,0.8,v2
40715,exp5,Forensic nursing,topic,0,topic,,False,0.8,v2
40717,exp5,Lumican,object,0,object,object,True,0.9,v2
40718,exp5,Hyperthermic intraperitoneal chemotherapy,method,0,method,method,True,0.9,v2
40719,exp5,Elasmobranchii,object,0,object,object,True,0.9,v2
40730,exp5,Intangible cultural heritage,topic,0,topic,,False,0.8,v2
40731,exp5,ABCA4,object,0,object,object,True,0.9,v2
40741,exp5,Ballistic impact,property,0,property,,False,0.9,v2
40742,exp5,Coded aperture,object,0,object,method,False,0.9,v2
40748,exp5,Rurality,property,0,property,,False,0.8,v2
40755,exp5,National bank,object,0,object,object,True,0.8,v2
40756,exp5,Prime ideal,object,0,object,object,True,0.9,v2
40757,exp5,Spiritual intelligence,property,0,property,,False,0.8,v2
40765,exp5,Shoulder dystocia,property,0,property,,False,0.9,v2
40767,exp5,Pasha,object,0,object,object,True,0.9,v2
40773,exp5,Pedophilia,topic,0,topic,,False,0.9,v2
40778,exp5,Concentrated solar power,topic,0,topic,,False,0.9,v2
40779,exp5,RhoC,object,0,object,object,True,0.9,v2
40780,exp5,Heterodoxy,topic,0,topic,,False,0.9,v2
40781,exp5,Boletus,object,0,object,object,True,0.9,v2
40784,exp5,Resale price maintenance,topic,0,topic,,False,0.9,v2
40786,exp5,Malakoplakia,object,0,object,object,True,0.9,v2
40791,exp5,PTCH1,object,0,object,object,True,0.9,v2
40798,exp5,Chrysin,object,0,object,object,True,0.9,v2
40801,exp5,Great saphenous vein,object,0,object,object,True,0.9,v2
40803,exp5,Disaster area,object,0,object,object,True,0.9,v2
40812,exp5,Geologist,object,0,object,object,True,0.9,v2
40818,exp5,Oral appliance,object,0,object,object,True,0.9,v2
40820,exp5,Convention on Biological Diversity,object,0,object,object,True,0.9,v2
40824,exp5,Cruciferous vegetables,object,0,object,object,True,0.9,v2
40826,exp5,Fasciola gigantica,object,0,object,object,True,0.9,v2
40829,exp5,Community resilience,property,0,property,,False,0.9,v2
40832,exp5,Glyoxylic acid,object,0,object,object,True,0.9,v2
40833,exp5,Niemann–Pick disease,object,0,object,object,True,0.9,v2
40835,exp5,Sunitinib,object,0,object,object,True,1.0,v2
40839,exp5,Conditional cash transfer,topic,0,topic,,False,1.0,v2
40843,exp5,CD24,object,0,object,object,True,1.0,v2
40844,exp5,Ossification of the posterior longitudinal ligament,object,0,object,object,True,1.0,v2
40848,exp5,Intracranial hematoma,object,0,object,object,True,1.0,v2
40852,exp5,Information Dissemination,topic,0,topic,,False,1.0,v2
40854,exp5,Intraoperative radiation therapy,method,0,method,method,True,1.0,v2
40857,exp5,Vascular closure device,object,0,object,object,True,1.0,v2
40859,exp5,Pre-exposure prophylaxis,method,0,method,method,True,1.0,v2
40862,exp5,Clofibrate,object,0,object,object,True,1.0,v2
40865,exp5,Disarticulation,method,0,method,method,True,1.0,v2
40869,exp5,Public value,property,0,property,,False,1.0,v2
40872,exp5,C5a receptor,object,0,object,object,True,1.0,v2
40873,exp5,Ballroom,object,0,object,object,True,1.0,v2
40875,exp5,Femicide,topic,0,topic,,False,1.0,v2
40880,exp5,Retinoscopy,method,0,method,method,True,1.0,v2
40881,exp5,Social vulnerability,property,0,property,,False,1.0,v2
40882,exp5,Solifenacin,object,0,object,object,True,1.0,v2
40883,exp5,Dolutegravir,object,0,object,object,True,1.0,v2
40884,exp5,Snakehead,object,0,object,object,True,1.0,v2
40885,exp5,Resonant converter,object,0,object,object,True,0.9,v2
40887,exp5,Millennium Development Goals,topic,0,topic,,False,0.9,v2
40890,exp5,Zusanli,object,0,object,object,True,0.9,v2
40899,exp5,Agitator,object,0,object,object,True,0.9,v2
40905,exp5,Institutional analysis,topic,0,topic,,False,0.9,v2
40906,exp5,Cervical cerclage,method,0,method,method,True,0.9,v2
40911,exp5,Potentilla,object,0,object,object,True,0.9,v2
40912,exp5,Opinion poll,method,0,method,method,True,0.9,v2
40914,exp5,Heavy fermion superconductor,object,0,object,object,True,0.9,v2
40915,exp5,Smart meter,object,0,object,object,True,0.9,v2
40916,exp5,Particle identification,method,0,method,method,True,0.9,v2
40917,exp5,Retroperitoneal lymph node dissection,method,0,method,method,True,0.9,v2
40920,exp5,Coronary artery ectasia,object,0,object,object,True,0.9,v2
40923,exp5,Ursolic acid,object,0,object,object,True,0.9,v2
40929,exp5,Output gap,property,0,property,,False,0.9,v2
40930,exp5,Foundation Stage,topic,0,topic,,False,0.9,v2
40936,exp5,Travel medicine,topic,0,topic,,False,0.9,v2
40937,exp5,Rhizopus oligosporus,object,0,object,object,True,0.9,v2
40941,exp5,Patient-reported outcome,property,0,property,,False,0.9,v2
40944,exp5,Dronedarone,object,0,object,object,True,0.9,v2
40949,exp5,Gram-positive bacteria,object,0,object,object,True,0.9,v2
40953,exp5,Quasi-solid,object,0,object,property,False,0.9,v2
40969,exp5,Cellular senescence,object,0,object,property,False,0.9,v2
40971,exp5,Paricalcitol,object,0,object,object,True,0.9,v2
40973,exp5,Blood glucose monitoring,method,0,method,method,True,0.9,v2
40977,exp5,Sodium thiosulfate,object,0,object,object,True,0.9,v2
40978,exp5,Reactive nitrogen species,object,0,object,object,True,0.9,v2
40979,exp5,Differential pulse voltammetry,method,0,method,method,True,0.9,v2
40984,exp5,Cassiterite,object,0,object,object,True,0.9,v2
40987,exp5,Salidroside,object,0,object,object,True,0.9,v2
40989,exp5,O-6-methylguanine-DNA methyltransferase,object,0,object,object,True,0.9,v2
40993,exp5,Shellfish poisoning,topic,0,topic,,False,0.9,v2
40996,exp5,Ciclosporin,object,0,object,object,True,0.9,v2
40999,exp5,Liquid biopsy,method,0,method,method,True,0.9,v2
41014,exp5,Civil disobedience,topic,0,topic,,False,0.9,v2
41018,exp5,Primulaceae,object,0,object,object,True,0.9,v2
41019,exp5,Reinforced concrete column,object,0,object,object,True,0.9,v2
41025,exp5,Dasatinib,object,0,object,object,True,0.9,v2
41031,exp5,Share price,property,0,property,,False,0.9,v2
41032,exp5,Metabolic alkalosis,topic,0,topic,,False,0.9,v2
41033,exp5,Chloranil,object,0,object,object,True,0.97,v2
41040,exp5,Pseudoexfoliation syndrome,object,0,object,object,True,0.97,v2
41042,exp5,Integrated care,topic,0,topic,,False,0.97,v2
41045,exp5,Lean construction,topic,0,topic,,False,0.97,v2
41046,exp5,Learning object,object,0,object,object,True,0.97,v2
41052,exp5,Electromagnetic forming,method,0,method,method,True,0.97,v2
41055,exp5,Strategist,object,0,object,object,True,0.97,v2
41063,exp5,Vismodegib,object,0,object,object,True,0.97,v2
41065,exp5,Hypotonia,property,0,property,,False,0.97,v2
41068,exp5,Apelin,object,0,object,object,True,0.97,v2
41078,exp5,Tensin,object,0,object,object,True,0.97,v2
41079,exp5,Computer-aided diagnosis,method,0,method,method,True,0.97,v2
41081,exp5,PsycINFO,object,0,object,object,True,0.97,v2
41082,exp5,Patulin,object,0,object,object,True,0.97,v2
41084,exp5,Pediatric psychology,topic,0,topic,,False,0.97,v2
41085,exp5,Ramucirumab,object,0,object,object,True,0.97,v2
41086,exp5,AL amyloidosis,object,0,object,object,True,0.97,v2
41091,exp5,Defrosting,method,0,method,method,True,0.97,v2
41095,exp5,Fear of falling,property,0,property,,False,0.97,v2
41098,exp5,Wrist pain,property,0,property,,False,0.97,v2
41100,exp5,Trade in services,topic,0,topic,,False,0.9,v2
41103,exp5,Edaravone,object,0,object,object,True,1.0,v2
41106,exp5,Glipizide,object,0,object,object,True,1.0,v2
41113,exp5,Soft law,object,0,object,property,False,0.9,v2
41116,exp5,IQGAP1,object,0,object,object,True,1.0,v2
41121,exp5,Self-assembling peptide,object,0,object,object,True,1.0,v2
41125,exp5,Primary bone,topic,0,topic,,False,0.9,v2
41127,exp5,Patinopecten yessoensis,object,0,object,object,True,1.0,v2
41129,exp5,Deinococcus,object,0,object,object,True,1.0,v2
41130,exp5,Anger management,method,0,method,topic,False,0.9,v2
41132,exp5,Prophylactic cranial irradiation,method,0,method,method,True,0.9,v2
41133,exp5,Adenocarcinoma of the lung,topic,0,topic,,False,0.9,v2
41137,exp5,Ex parte,object,0,object,property,False,0.9,v2
41139,exp5,Diaphorina citri,object,0,object,object,True,1.0,v2
41143,exp5,Annona muricata,object,0,object,object,True,1.0,v2
41149,exp5,Adulterant,object,0,object,object,True,0.9,v2
41151,exp5,Religious tourism,topic,0,topic,,False,0.9,v2
41153,exp5,DEAD box,object,0,object,object,True,1.0,v2
41173,exp5,Arenavirus,object,0,object,object,True,1.0,v2
41175,exp5,Tower of Babel,object,0,object,topic,False,0.9,v2
41176,exp5,Bottom of the pyramid,topic,0,topic,,False,0.9,v2
41183,exp5,Short QT syndrome,object,0,object,object,True,1.0,v2
41185,exp5,Geraniaceae,object,0,object,object,True,1.0,v2
41186,exp5,Technical progress,property,0,property,,False,0.9,v2
41189,exp5,Mythimna separata,object,0,object,object,True,1.0,v2
41190,exp5,Royal Commission,object,0,object,object,True,0.9,v2
41197,exp5,Disenchantment,topic,0,topic,,False,0.9,v2
41198,exp5,Carotid artery dissection,object,0,object,object,True,1.0,v2
41203,exp5,Judicial reform,topic,0,topic,,False,0.9,v2
41211,exp5,Indirubin,object,0,object,object,True,1.0,v2
41214,exp5,Contrast-enhanced ultrasound,method,0,method,method,True,1.0,v2
41217,exp5,Smiles rearrangement,method,0,method,method,True,1.0,v2
41222,exp5,Water supply network,object,0,object,object,True,1.0,v2
41225,exp5,Acropora,object,0,object,object,True,1.0,v2
41230,exp5,Lupus vulgaris,object,0,object,object,True,1.0,v2
41231,exp5,Resultative,property,0,property,,False,0.9,v2
41238,exp5,Diplegia,object,0,object,object,True,1.0,v2
41246,exp5,Caliphate,object,0,object,object,True,0.9,v2
41256,exp5,Joint dislocation,object,0,object,object,True,1.0,v2
41258,exp5,NoSQL,object,0,object,method,False,1.0,v2
41261,exp5,Specific-pathogen-free,object,1,object,property,False,0.9,v2
41262,exp5,Crossbite,object,0,object,object,True,0.9,v2
41263,exp5,Financial institution,object,0,object,object,True,0.9,v2
41265,exp5,Cognitive training,method,0,method,method,True,0.9,v2
41272,exp5,Terthiophene,object,0,object,object,True,0.9,v2
41273,exp5,Orexin receptor,object,0,object,object,True,0.9,v2
41274,exp5,Abatacept,object,0,object,object,True,0.9,v2
41285,exp5,Charging station,object,0,object,object,True,0.9,v2
41290,exp5,Personal narrative,topic,0,topic,,False,0.9,v2
41295,exp5,Vitex negundo,object,0,object,object,True,0.9,v2
41303,exp5,Blue mussel,object,0,object,object,True,0.9,v2
41304,exp5,Hydrothermal carbonization,method,0,method,method,True,0.9,v2
41310,exp5,Nasal bone,object,0,object,object,True,0.9,v2
41312,exp5,Protein–energy malnutrition,object,0,object,object,True,0.9,v2
41313,exp5,Macrophage activation syndrome,object,0,object,object,True,0.9,v2
41314,exp5,Mental Health Act,object,0,object,object,True,0.9,v2
41329,exp5,Pathogenic Escherichia coli,object,0,object,object,True,0.9,v2
41336,exp5,Chronotope,object,0,object,property,False,0.9,v2
41340,exp5,Essure,object,0,object,method,False,0.9,v2
41345,exp5,Larix gmelinii,object,0,object,object,True,0.9,v2
41348,exp5,Cerebral venous sinus thrombosis,object,0,object,object,True,1.0,v2
41349,exp5,Transitional justice,topic,0,topic,,False,1.0,v2
41352,exp5,Nemaline myopathy,object,0,object,object,True,1.0,v2
41356,exp5,Coralline algae,object,0,object,object,True,1.0,v2
41357,exp5,Multiset,object,0,object,object,True,1.0,v2
41363,exp5,Polydipsia,property,0,property,,False,1.0,v2
41364,exp5,Potassium bromate,object,0,object,object,True,1.0,v2
41367,exp5,Systemic scleroderma,object,0,object,object,True,1.0,v2
41369,exp5,Hemocyte,object,0,object,object,True,1.0,v2
41374,exp5,Asenapine,object,0,object,object,True,1.0,v2
41377,exp5,Pretext,topic,0,topic,,False,1.0,v2
41378,exp5,Sturnus,object,0,object,object,True,1.0,v2
41380,exp5,Clitic,object,0,object,property,False,1.0,v2
41381,exp5,Cymbopogon citratus,object,0,object,object,True,1.0,v2
41384,exp5,DIEP flap,object,0,object,method,False,1.0,v2
41386,exp5,Geohazard,topic,0,topic,,False,1.0,v2
41391,exp5,Ximelagatran,object,0,object,object,True,1.0,v2
41403,exp5,El Tor,object,0,object,object,True,1.0,v2
41409,exp5,BRD4,object,0,object,object,True,1.0,v2
41411,exp5,Old town,object,0,object,object,True,1.0,v2
41417,exp5,Spastic diplegia,object,0,object,object,True,0.9,v2
41432,exp5,Stress hyperglycemia,property,0,property,,False,0.9,v2
41433,exp5,Symbolic execution,method,0,method,method,True,0.9,v2
41439,exp5,Immanence,topic,0,topic,,False,0.9,v2
41444,exp5,Xanthohumol,object,0,object,object,True,0.9,v2
41445,exp5,Cupping therapy,method,0,method,method,True,0.9,v2
41446,exp5,Functional constipation,object,0,object,object,True,0.9,v2
41447,exp5,Wolframite,object,0,object,object,True,0.9,v2
41448,exp5,Charged current,property,0,property,,False,0.9,v2
41449,exp5,Dibutyl phthalate,object,0,object,object,True,0.9,v2
41450,exp5,RET proto-oncogene,object,0,object,object,True,0.9,v2
41452,exp5,Limonoid,object,0,object,object,True,0.9,v2
41456,exp5,Female infertility,object,0,object,object,True,0.9,v2
41458,exp5,Khaya,object,0,object,object,True,0.9,v2
41461,exp5,Content centric networking,topic,0,topic,,False,0.9,v2
41465,exp5,Posturography,method,0,method,method,True,0.9,v2
41470,exp5,Translanguaging,topic,0,topic,,False,0.9,v2
41473,exp5,Contrarian,object,0,object,object,True,0.9,v2
41475,exp5,Rural housing,topic,0,topic,,False,0.9,v2
41479,exp5,Synthetic jet,object,0,object,object,True,0.9,v2
41482,exp5,Glycyrrhiza uralensis,object,0,object,object,True,1.0,v2
41491,exp5,Achromobacter,object,0,object,object,True,1.0,v2
41494,exp5,Nicastrin,object,0,object,object,True,1.0,v2
41495,exp5,Nerve conduction study,method,0,method,method,True,1.0,v2
41498,exp5,Aesculus hippocastanum,object,0,object,object,True,1.0,v2
41505,exp5,Blogosphere,topic,0,topic,,False,1.0,v2
41506,exp5,Butylated hydroxytoluene,object,0,object,object,True,1.0,v2
41508,exp5,Malayalam,object,0,object,object,True,1.0,v2
41510,exp5,Pelvic floor dysfunction,object,0,object,object,True,1.0,v2
41514,exp5,Pneumococcal polysaccharide vaccine,object,0,object,object,True,1.0,v2
41515,exp5,Jump diffusion,object,0,object,method,False,1.0,v2
41519,exp5,Androgen deficiency,object,0,object,object,True,1.0,v2
41521,exp5,Dithizone,object,0,object,object,True,1.0,v2
41523,exp5,Mortality salience,property,0,property,,False,1.0,v2
41526,exp5,Ornidazole,object,0,object,object,True,1.0,v2
41527,exp5,Prediabetes,object,0,object,object,True,1.0,v2
41529,exp5,Hemoglobinopathy,object,0,object,object,True,1.0,v2
41532,exp5,Constant curvature,property,0,property,,False,1.0,v2
41533,exp5,Hypophthalmichthys,object,0,object,object,True,1.0,v2
41536,exp5,Kwame,object,0,object,object,True,1.0,v2
41544,exp5,Prerogative,property,1,property,,False,0.8,v2
41551,exp5,Allyl alcohol,object,0,object,object,True,0.95,v2
41555,exp5,Atypical pneumonia,object,0,object,object,True,0.95,v2
41556,exp5,Electrowetting,method,0,method,property,False,0.95,v2
41561,exp5,Global developmental delay,object,0,object,object,True,0.95,v2
41562,exp5,Specific name,property,1,property,,False,0.8,v2
41563,exp5,Aromatic rice,object,0,object,object,True,0.95,v2
41572,exp5,Posterior vitreous detachment,object,0,object,object,True,0.95,v2
41579,exp5,Aggressive fibromatosis,object,0,object,object,True,0.95,v2
41582,exp5,Ulva lactuca,object,0,object,object,True,0.95,v2
41583,exp5,Jet quenching,property,0,property,,False,0.95,v2
41597,exp5,Banknote,object,0,object,object,True,0.95,v2
41599,exp5,Enhanced oil recovery,method,0,method,method,True,0.95,v2
41604,exp5,Corynespora cassiicola,object,0,object,object,True,0.95,v2
41606,exp5,Family-friendly,property,0,property,,False,0.95,v2
41609,exp5,Axillary artery,object,0,object,object,True,0.95,v2
41610,exp5,FLNA,object,0,object,object,True,0.95,v2
41611,exp5,Terms of trade,property,1,property,,False,0.8,v2
41614,exp5,Transitional care,topic,0,topic,,False,0.95,v2
41615,exp5,TREM2,object,0,object,object,True,0.95,v2
41616,exp5,Cityscape,topic,0,topic,,False,0.8,v2
41618,exp5,Rectovaginal fistula,object,0,object,object,True,0.9,v2
41634,exp5,Decortication,method,0,method,method,True,0.9,v2
41638,exp5,Helpline,object,0,object,method,False,0.8,v2
41645,exp5,Feline leukemia virus,object,0,object,object,True,0.9,v2
41647,exp5,Cystoprostatectomy,method,0,method,method,True,0.9,v2
41650,exp5,Scleral buckle,method,0,method,method,True,0.9,v2
41651,exp5,Bioconductor,object,0,object,method,False,0.9,v2
41653,exp5,Paradoxical embolism,object,0,object,object,True,0.9,v2
41661,exp5,Bus rapid transit,object,0,object,object,True,0.9,v2
41662,exp5,Control room,object,0,object,object,True,0.8,v2
41667,exp5,Everolimus,object,0,object,object,True,0.9,v2
41668,exp5,Asteroid belt,object,0,object,object,True,0.9,v2
41673,exp5,Pulpitis,object,0,object,object,True,0.9,v2
41674,exp5,Rare disease,object,0,object,topic,False,0.9,v2
41676,exp5,Solanum nigrum,object,0,object,object,True,0.9,v2
41686,exp5,Islamic economics,topic,0,topic,,False,0.8,v2
41688,exp5,Fatty alcohol,object,0,object,object,True,0.9,v2
41689,exp5,Polianthes tuberosa,object,0,object,object,True,0.9,v2
41693,exp5,Angiolymphoid hyperplasia with eosinophilia,object,0,object,object,True,0.9,v2
41695,exp5,Sensory gating,property,0,property,,False,0.9,v2
41697,exp5,Mycoplasma pneumonia,object,0,object,object,True,1.0,v2
41698,exp5,Human enhancement,topic,0,topic,,False,0.9,v2
41703,exp5,Bifidobacterium breve,object,0,object,object,True,1.0,v2
41707,exp5,Aggressive angiomyxoma,object,0,object,object,True,1.0,v2
41711,exp5,Alkaline fuel cell,object,0,object,object,True,1.0,v2
41716,exp5,Minoxidil,object,0,object,object,True,1.0,v2
41720,exp5,Potassium nitrate,object,0,object,object,True,1.0,v2
41721,exp5,Photo elicitation,method,0,method,method,True,1.0,v2
41728,exp5,Emamectin,object,0,object,object,True,1.0,v2
41733,exp5,Public diplomacy,topic,0,topic,,False,0.9,v2
41748,exp5,Sandalwood,object,0,object,object,True,1.0,v2
41751,exp5,Work motivation,property,0,property,,False,0.9,v2
41754,exp5,Dexrazoxane,object,0,object,object,True,1.0,v2
41761,exp5,TNF inhibitor,object,0,object,object,True,1.0,v2
41762,exp5,Pile cap,object,0,object,object,True,1.0,v2
41769,exp5,Canakinumab,object,0,object,object,True,1.0,v2
41772,exp5,Posthumanism,topic,0,topic,,False,0.9,v2
41775,exp5,Helminthiasis,object,0,object,object,True,1.0,v2
41776,exp5,FOXP3,object,0,object,object,True,1.0,v2
41777,exp5,Therapeutic ultrasound,method,0,method,method,True,0.9,v2
41778,exp5,CZTS,object,0,object,object,True,0.9,v2
41780,exp5,Chronic wasting disease,object,0,object,object,True,0.9,v2
41781,exp5,Fractional-order system,object,0,object,object,True,0.9,v2
41786,exp5,Automated external defibrillator,object,0,object,object,True,0.9,v2
41788,exp5,HBcAg,object,0,object,object,True,0.9,v2
41794,exp5,HMOX1,object,0,object,object,True,0.9,v2
41804,exp5,Gene signature,property,0,property,,False,0.9,v2
41809,exp5,Patellofemoral pain syndrome,object,0,object,object,True,0.9,v2
41811,exp5,Dihydroxyacetone,object,0,object,object,True,0.9,v2
41812,exp5,Human Development Index,property,0,property,,False,0.9,v2
41815,exp5,Dens invaginatus,object,0,object,object,True,0.9,v2
41818,exp5,ATP7A,object,0,object,object,True,0.9,v2
41822,exp5,Personalism,topic,0,topic,,False,0.9,v2
41823,exp5,Dentin hypersensitivity,object,0,object,object,True,0.9,v2
41824,exp5,Winemaking,topic,0,topic,,False,0.9,v2
41827,exp5,Price fixing,topic,0,topic,,False,0.9,v2
41831,exp5,Interventricular septum,object,0,object,object,True,0.9,v2
41840,exp5,Acanthaster,object,0,object,object,True,0.9,v2
41845,exp5,Pap test,method,0,method,method,True,0.9,v2
41848,exp5,Glypican 3,object,0,object,object,True,1.0,v2
41850,exp5,Mancozeb,object,0,object,object,True,1.0,v2
41851,exp5,Chromitite,object,0,object,object,True,1.0,v2
41852,exp5,Communication apprehension,property,0,property,,False,1.0,v2
41856,exp5,Palbociclib,object,0,object,object,True,1.0,v2
41861,exp5,Sphenoidal sinus,object,0,object,object,True,1.0,v2
41867,exp5,Piceatannol,object,0,object,object,True,1.0,v2
41868,exp5,Neuroscientist,object,0,object,object,True,1.0,v2
41874,exp5,Tuberculous lymphadenitis,object,0,object,object,True,1.0,v2
41875,exp5,Raman laser,object,0,object,object,True,1.0,v2
41880,exp5,Print culture,topic,0,topic,,False,1.0,v2
41882,exp5,Gitelman syndrome,object,0,object,object,True,1.0,v2
41885,exp5,Ceritinib,object,0,object,object,True,1.0,v2
41886,exp5,Demulsifier,object,0,object,object,True,1.0,v2
41894,exp5,Error concealment,method,0,method,method,True,1.0,v2
41896,exp5,Implantable loop recorder,object,0,object,object,True,1.0,v2
41902,exp5,Transmission loss,property,0,property,,False,1.0,v2
41903,exp5,Space law,topic,0,topic,,False,1.0,v2
41906,exp5,Dammarane,object,0,object,object,True,1.0,v2
41908,exp5,Diphenyl diselenide,object,0,object,object,True,1.0,v2
41910,exp5,Tax rate,property,1,property,,False,0.9,v2
41912,exp5,Vaginal ring,object,0,object,object,True,0.9,v2
41915,exp5,XRCC3,object,0,object,object,True,0.9,v2
41919,exp5,Antiviral drug,object,0,object,object,True,0.9,v2
41922,exp5,Archivist,topic,0,topic,,False,0.9,v2
41924,exp5,Curculio,object,0,object,object,True,0.9,v2
41929,exp5,Facial rejuvenation,topic,0,topic,,False,0.9,v2
41931,exp5,Social defeat,property,0,property,,False,0.9,v2
41935,exp5,Static mixer,object,0,object,object,True,0.9,v2
41936,exp5,Primum non nocere,property,1,property,,False,0.9,v2
41937,exp5,Tizanidine,object,0,object,object,True,0.9,v2
41938,exp5,Hiccups,property,1,property,,False,0.9,v2
41939,exp5,Propanoic acid,object,0,object,object,True,0.9,v2
41944,exp5,Methylcobalamin,object,0,object,object,True,0.9,v2
41959,exp5,Daphnia pulex,object,0,object,object,True,0.9,v2
41960,exp5,NOX4,object,0,object,object,True,0.9,v2
41961,exp5,Theobromine,object,0,object,object,True,0.9,v2
41966,exp5,Olmesartan,object,0,object,object,True,0.9,v2
41969,exp5,Molecular communication,topic,0,topic,,False,0.9,v2
41974,exp5,Neck mass,property,0,property,,False,0.9,v2
41979,exp5,Marmot,object,0,object,object,True,1.0,v2
41989,exp5,Lasioderma serricorne,object,0,object,object,True,1.0,v2
41997,exp5,Baltic amber,object,0,object,object,True,1.0,v2
42002,exp5,Copyright infringement,topic,0,topic,,False,1.0,v2
42007,exp5,Load Shedding,method,0,method,method,True,1.0,v2
42008,exp5,Implicit-association test,method,0,method,method,True,1.0,v2
42009,exp5,Immune reconstitution inflammatory syndrome,object,0,object,object,True,1.0,v2
42010,exp5,Emtricitabine,object,0,object,object,True,1.0,v2
42012,exp5,Hermansky–Pudlak syndrome,object,0,object,object,True,1.0,v2
42015,exp5,Malunion,object,0,object,object,True,1.0,v2
42016,exp5,Corticospinal tract,object,0,object,object,True,1.0,v2
42029,exp5,Lupeol,object,0,object,object,True,1.0,v2
42032,exp5,Chlorinated paraffins,object,0,object,object,True,1.0,v2
42033,exp5,Spheromak,object,0,object,object,True,1.0,v2
42035,exp5,Washington Consensus,topic,0,topic,,False,1.0,v2
42039,exp5,Atheism,topic,0,topic,,False,1.0,v2
42043,exp5,Satellite constellation,object,0,object,object,True,1.0,v2
42051,exp5,Cronobacter,object,0,object,object,True,1.0,v2
42056,exp5,Secukinumab,object,0,object,object,True,1.0,v2
42061,exp5,Allergen immunotherapy,method,0,method,method,True,1.0,v2
42063,exp5,Content and language integrated learning,topic,0,topic,,False,0.9,v2
42064,exp5,Eye movement desensitization and reprocessing,method,0,method,method,True,0.9,v2
42067,exp5,Parallelepiped,object,0,object,object,True,0.9,v2
42068,exp5,Tumor lysis syndrome,object,0,object,object,True,0.9,v2
42072,exp5,Oxazolone,object,0,object,object,True,0.9,v2
42075,exp5,Neuroligin,object,0,object,object,True,0.9,v2
42076,exp5,WebRTC,object,0,object,method,False,0.9,v2
42077,exp5,Model transformation,method,0,method,method,True,0.9,v2
42081,exp5,Paralytic shellfish poisoning,topic,0,topic,,False,0.9,v2
42082,exp5,Blood management,topic,0,topic,,False,0.9,v2
42088,exp5,Ethylene glycol dimethacrylate,object,0,object,object,True,0.9,v2
42089,exp5,Health risk assessment,method,0,method,method,True,0.9,v2
42091,exp5,Visceral pain,property,0,property,,False,0.9,v2
42100,exp5,Photosynthetic capacity,property,0,property,,False,0.9,v2
42105,exp5,Syndemic,topic,0,topic,,False,0.9,v2
42108,exp5,Optic chiasm,object,0,object,object,True,0.9,v2
42109,exp5,Pottiaceae,object,0,object,object,True,0.9,v2
42113,exp5,Betamethasone dipropionate,object,0,object,object,True,0.9,v2
42116,exp5,Thiophenol,object,0,object,object,True,0.9,v2
42118,exp5,Developmentalism,topic,0,topic,,False,0.9,v2
42128,exp5,Cervicogenic headache,object,0,object,object,True,0.9,v2
42131,exp5,Wood flour,object,0,object,object,True,0.9,v2
42142,exp5,Mind map,method,0,method,method,True,0.9,v2
42147,exp5,Diagnosis of malaria,method,0,method,method,True,0.9,v2
42149,exp5,Knowledge organization,topic,0,topic,,False,0.9,v2
42151,exp5,Lyssavirus,object,0,object,object,True,0.9,v2
42153,exp5,Fetal head,object,0,object,object,True,0.9,v2
42155,exp5,Basel III,object,0,object,topic,False,0.9,v2
42158,exp5,Homophily,property,0,property,,False,0.9,v2
42159,exp5,Geobacter sulfurreducens,object,0,object,object,True,0.9,v2
42168,exp5,Cone beam computed tomography,method,0,method,method,True,0.9,v2
42171,exp5,Juvenile myoclonic epilepsy,object,0,object,object,True,0.9,v2
42176,exp5,Sarbanes–Oxley Act,object,0,object,object,True,0.9,v2
42179,exp5,Hospital accreditation,topic,0,topic,,False,0.9,v2
42183,exp5,Transfusion therapy,method,0,method,method,True,0.9,v2
42184,exp5,Rhipicephalus microplus,object,0,object,object,True,0.9,v2
42185,exp5,Parrotfish,object,0,object,object,True,0.9,v2
42187,exp5,Bytecode,object,0,object,method,False,0.9,v2
42190,exp5,Acetylenedicarboxylate,object,0,object,object,True,0.9,v2
42191,exp5,Hilum (anatomy),object,0,object,object,True,0.9,v2
42192,exp5,Muscle cramp,object,0,object,object,True,1.0,v2
42194,exp5,Ichthyophthirius multifiliis,object,0,object,object,True,1.0,v2
42201,exp5,Methylmalonic acid,object,0,object,object,True,1.0,v2
42204,exp5,Interstitial fluid,object,0,object,object,True,1.0,v2
42205,exp5,Pleiotrophin,object,0,object,object,True,1.0,v2
42209,exp5,Passive voice,topic,0,topic,,False,1.0,v2
42215,exp5,Project-based learning,topic,0,topic,,False,1.0,v2
42228,exp5,Dulaglutide,object,0,object,object,True,1.0,v2
42232,exp5,iSCSI,object,0,object,object,True,1.0,v2
42233,exp5,Social accounting matrix,object,0,object,method,False,1.0,v2
42235,exp5,Pirfenidone,object,0,object,object,True,1.0,v2
42240,exp5,Sandwich panel,object,0,object,object,True,1.0,v2
42243,exp5,Force majeure,property,0,property,,False,1.0,v2
42250,exp5,Dam removal,topic,0,topic,,False,1.0,v2
42252,exp5,Twin-to-twin transfusion syndrome,object,0,object,object,True,1.0,v2
42256,exp5,TLR7,object,0,object,object,True,1.0,v2
42257,exp5,Thienopyridine,object,0,object,object,True,1.0,v2
42262,exp5,Phoxim,object,0,object,object,True,1.0,v2
42263,exp5,Aliskiren,object,0,object,object,True,1.0,v2
42269,exp5,Anal cancer,object,0,object,object,True,1.0,v2
42270,exp5,Aldehyde oxidase,object,0,object,object,True,0.97,v2
42274,exp5,Above threshold ionization,method,0,method,property,False,0.97,v2
42291,exp5,International arbitration,topic,0,topic,,False,0.97,v2
42293,exp5,Diethyl carbonate,object,0,object,object,True,0.97,v2
42294,exp5,Copayment,property,0,property,,False,0.97,v2
42300,exp5,Calcium silicate hydrate,object,0,object,object,True,0.97,v2
42305,exp5,Foreign body granuloma,object,0,object,property,False,0.97,v2
42309,exp5,Graphics processing unit,method,0,method,object,False,0.97,v2
42312,exp5,Agropyron,object,0,object,object,True,0.97,v2
42315,exp5,Laser ignition,method,0,method,method,True,0.97,v2
42316,exp5,Synchronism,property,0,property,,False,0.97,v2
42324,exp5,Psoralea corylifolia,object,0,object,object,True,0.97,v2
42330,exp5,Maraging steel,object,0,object,object,True,0.97,v2
42332,exp5,Spartina alterniflora,object,0,object,object,True,0.97,v2
42334,exp5,Floriculture,topic,0,topic,,False,0.97,v2
42345,exp5,Youth engagement,topic,0,topic,,False,0.97,v2
42351,exp5,Ventriculitis,object,0,object,object,True,0.97,v2
42356,exp5,Exoticism,topic,0,topic,,False,0.97,v2
42357,exp5,Urethrotomy,method,0,method,method,True,0.97,v2
42361,exp5,Auditory feedback,method,0,method,method,True,0.97,v2
42362,exp5,Wolf spider,object,0,object,object,True,1.0,v2
42364,exp5,Bismuth ferrite,object,0,object,object,True,1.0,v2
42370,exp5,Ex situ conservation,topic,0,topic,,False,1.0,v2
42371,exp5,Dicer,object,0,object,object,True,1.0,v2
42385,exp5,Demineralized bone matrix,object,0,object,object,True,1.0,v2
42389,exp5,Methyl formate,object,0,object,object,True,1.0,v2
42396,exp5,Dezocine,object,0,object,object,True,1.0,v2
42398,exp5,International community,topic,0,topic,,False,1.0,v2
42400,exp5,Phytophthora sojae,object,0,object,object,True,1.0,v2
42404,exp5,Pityriasis rubra pilaris,object,0,object,object,True,1.0,v2
42406,exp5,Scholasticism,topic,0,topic,,False,1.0,v2
42408,exp5,Statelessness,property,0,property,,False,1.0,v2
42413,exp5,Serum iron,property,0,property,,False,1.0,v2
42419,exp5,Presumption of innocence,property,0,property,,False,1.0,v2
42423,exp5,Cockle,object,0,object,object,True,1.0,v2
42424,exp5,Ibrutinib,object,0,object,object,True,1.0,v2
42425,exp5,Sound change,property,0,property,,False,1.0,v2
42430,exp5,Cyclohexene oxide,object,0,object,object,True,1.0,v2
42450,exp5,High-altitude pulmonary edema,object,0,object,object,True,1.0,v2
42451,exp5,Gabor filter,method,0,method,method,True,1.0,v2
42453,exp5,Evodiamine,object,0,object,object,True,1.0,v2
42455,exp5,Eyelash,object,0,object,object,True,1.0,v2
42458,exp5,Thoracic cavity,object,0,object,object,True,1.0,v2
42459,exp5,Microwave imaging,method,0,method,method,True,1.0,v2
42461,exp5,Benzyl isothiocyanate,object,0,object,object,True,1.0,v2
42463,exp5,Periodontal ligament stem cells,object,0,object,object,True,1.0,v2
42474,exp5,Indoline,object,0,object,object,True,1.0,v2
42477,exp5,Weld line,object,0,object,property,False,1.0,v2
42481,exp5,Double diffusive convection,property,0,property,,False,1.0,v2
42488,exp5,Premature ejaculation,property,0,property,,False,1.0,v2
42494,exp5,Network virtualization,topic,0,topic,,False,1.0,v2
42496,exp5,Reconstruction algorithm,method,0,method,method,True,1.0,v2
42500,exp5,Delafossite,object,0,object,object,True,1.0,v2
42503,exp5,Crocetin,object,0,object,object,True,1.0,v2
42506,exp5,Mendelian randomization,method,0,method,method,True,1.0,v2
42508,exp5,Slang,topic,0,topic,,False,1.0,v2
42509,exp5,Health coaching,topic,0,topic,,False,1.0,v2
42510,exp5,Bushmeat,topic,0,topic,,False,1.0,v2
42512,exp5,Senecioneae,object,0,object,object,True,1.0,v2
42518,exp5,Gardenia,object,0,object,object,True,1.0,v2
42519,exp5,Endovascular coiling,method,0,method,method,True,0.9,v2
42532,exp5,Legged robot,object,0,object,object,True,0.9,v2
42535,exp5,Community-based participatory research,topic,0,topic,,False,0.9,v2
42536,exp5,Presbyopia,property,0,property,,False,0.9,v2
42539,exp5,Destination image,property,0,property,,False,0.9,v2
42543,exp5,Bologna Process,topic,0,topic,,False,0.9,v2
42545,exp5,Salmonidae,object,0,object,object,True,0.9,v2
42549,exp5,Whole brain radiotherapy,method,0,method,method,True,0.9,v2
42550,exp5,Pustular psoriasis,object,0,object,object,True,0.9,v2
42551,exp5,Presbycusis,property,0,property,,False,0.9,v2
42554,exp5,Glomalin,object,0,object,object,True,0.9,v2
42556,exp5,Cadmium selenide,object,0,object,object,True,0.9,v2
42559,exp5,Egretta,object,0,object,object,True,0.9,v2
42560,exp5,Acupuncture point,object,0,object,object,True,0.9,v2
42564,exp5,Antibiotic-associated diarrhea,object,0,object,object,True,0.9,v2
42566,exp5,Thiamethoxam,object,0,object,object,True,0.9,v2
42576,exp5,Reform movement,topic,0,topic,,False,0.9,v2
42583,exp5,Meigs' syndrome,object,0,object,object,True,0.9,v2
42585,exp5,Workplace violence,topic,0,topic,,False,0.9,v2
42586,exp5,CD11c,object,0,object,object,True,0.9,v2
42588,exp5,Claustrum,object,0,object,object,True,1.0,v2
42591,exp5,Customary international law,topic,0,topic,,False,1.0,v2
42597,exp5,Eyewitness identification,topic,0,topic,,False,1.0,v2
42601,exp5,Plantar fascia,object,0,object,object,True,1.0,v2
42604,exp5,Itching,property,0,property,,False,1.0,v2
42605,exp5,Classroom management,topic,0,topic,,False,1.0,v2
42606,exp5,Breastfeeding promotion,topic,0,topic,,False,1.0,v2
42607,exp5,Chemotherapy-induced nausea and vomiting,property,0,property,,False,1.0,v2
42614,exp5,Experimentalism,topic,0,topic,,False,1.0,v2
42616,exp5,Myofascial release,method,0,method,method,True,1.0,v2
42623,exp5,Ergotamine,object,0,object,object,True,1.0,v2
42625,exp5,Curdlan,object,0,object,object,True,1.0,v2
42631,exp5,Fc receptor,object,0,object,object,True,1.0,v2
42633,exp5,C1-inhibitor,object,0,object,object,True,1.0,v2
42639,exp5,GLI1,object,0,object,object,True,1.0,v2
42641,exp5,Legal translation,topic,0,topic,,False,1.0,v2
42644,exp5,Vaccine-preventable diseases,topic,0,topic,,False,1.0,v2
42651,exp5,Psychological trauma,property,0,property,,False,1.0,v2
42655,exp5,Feline infectious peritonitis,object,0,object,object,True,1.0,v2
42657,exp5,Ciguatera,property,0,property,,False,1.0,v2
42658,exp5,Betaxolol,object,0,object,object,True,1.0,v2
42662,exp5,Prosumer,object,0,object,topic,False,1.0,v2
42668,exp5,Front office,topic,0,topic,,False,1.0,v2
42669,exp5,Sense of community,property,0,property,,False,1.0,v2
42671,exp5,Scutellarin,object,0,object,object,True,1.0,v2
42674,exp5,Sarcosine,object,0,object,object,True,1.0,v2
42675,exp5,Oxylipin,object,0,object,object,True,1.0,v2
42676,exp5,Global mental health,topic,0,topic,,False,1.0,v2
42679,exp5,Vasculogenic mimicry,property,0,property,,False,1.0,v2
42681,exp5,Erdheim–Chester disease,object,0,object,object,True,1.0,v2
42692,exp5,Water right,property,0,property,,False,1.0,v2
42695,exp5,Employee voice,property,0,property,,False,1.0,v2
42704,exp5,Subdural empyema,object,0,object,object,True,1.0,v2
42706,exp5,End mill,object,0,object,object,True,1.0,v2
42707,exp5,Management of obesity,topic,0,topic,,False,1.0,v2
42709,exp5,Information structure,property,0,property,,False,1.0,v2
42710,exp5,Influenza-like illness,object,0,object,object,True,1.0,v2
42719,exp5,Food prices,property,0,property,,False,1.0,v2
42722,exp5,Streptococcus sobrinus,object,0,object,object,True,1.0,v2
42724,exp5,Pyrethrum,object,0,object,object,True,1.0,v2
42731,exp5,Common iliac artery,object,0,object,object,True,1.0,v2
42736,exp5,Mediastinoscopy,method,0,method,method,True,1.0,v2
42737,exp5,Femoroacetabular impingement,object,0,object,object,True,1.0,v2
42741,exp5,Restrictive cardiomyopathy,object,0,object,object,True,1.0,v2
42742,exp5,Olaparib,object,0,object,object,True,1.0,v2
42743,exp5,SciELO,object,0,object,object,True,1.0,v2
42750,exp5,Palatoplasty,method,0,method,method,True,1.0,v2
42751,exp5,Urtica dioica,object,0,object,object,True,1.0,v2
42754,exp5,Data sharing,topic,0,topic,,False,1.0,v2
42755,exp5,Astrogliosis,object,0,object,property,False,1.0,v2
42769,exp5,Manure management,topic,0,topic,,False,1.0,v2
42771,exp5,Environmental DNA,object,0,object,object,True,1.0,v2
42772,exp5,Lanosterol,object,0,object,object,True,1.0,v2
42775,exp5,Urticaria pigmentosa,object,0,object,object,True,1.0,v2
42786,exp5,Money supply,property,0,property,,False,1.0,v2
42787,exp5,Mephedrone,object,0,object,object,True,1.0,v2
42788,exp5,Valorisation,topic,0,topic,,False,1.0,v2
42791,exp5,Solar dryer,object,0,object,object,True,1.0,v2
42792,exp5,Emerging infectious disease,object,0,object,topic,False,1.0,v2
42800,exp5,Propagule pressure,property,0,property,,False,1.0,v2
42804,exp5,Ureteric stent,object,0,object,object,True,0.9,v2
42805,exp5,Radicular pain,property,0,property,,False,0.9,v2
42809,exp5,Generalized epilepsy,object,0,object,object,True,0.9,v2
42816,exp5,Facioscapulohumeral muscular dystrophy,object,0,object,object,True,0.9,v2
42822,exp5,Mevalonate pathway,object,0,object,method,False,0.9,v2
42825,exp5,Air compressor,object,0,object,object,True,0.9,v2
42826,exp5,Bare-metal stent,object,0,object,object,True,0.9,v2
42829,exp5,Aqueous humour,object,0,object,object,True,0.9,v2
42830,exp5,Experiential avoidance,property,0,property,,False,0.9,v2
42831,exp5,IRF5,object,0,object,object,True,0.9,v2
42832,exp5,Response Evaluation Criteria in Solid Tumors,method,0,method,method,True,0.9,v2
42833,exp5,Mosquito control,topic,0,topic,,False,0.9,v2
42835,exp5,Executive dysfunction,property,0,property,,False,0.9,v2
42845,exp5,Polistes,object,0,object,object,True,0.9,v2
42851,exp5,Neonatal alloimmune thrombocytopenia,object,0,object,object,True,0.9,v2
42855,exp5,Machiavellianism,property,0,property,,False,0.9,v2
42857,exp5,Culpability,property,0,property,,False,0.9,v2
42860,exp5,Heterosexism,property,0,property,,False,0.9,v2
42864,exp5,Systemic functional linguistics,method,0,method,topic,False,0.9,v2
42865,exp5,Skipjack tuna,object,0,object,object,True,0.9,v2
42866,exp5,Corn gluten meal,object,0,object,object,True,1.0,v2
42870,exp5,Pair distribution function,method,0,method,method,True,1.0,v2
42874,exp5,Contract farming,topic,0,topic,,False,1.0,v2
42876,exp5,Otoplasty,method,0,method,method,True,1.0,v2
42880,exp5,Posttraumatic growth,property,0,property,,False,1.0,v2
42887,exp5,Sexual and reproductive health and rights,topic,0,topic,,False,1.0,v2
42890,exp5,Prairie dog,object,0,object,object,True,1.0,v2
42892,exp5,Single umbilical artery,property,0,property,,False,1.0,v2
42894,exp5,Cetuximab,object,0,object,object,True,1.0,v2
42895,exp5,Raffinose,object,0,object,object,True,1.0,v2
42898,exp5,TPH2,object,0,object,object,True,1.0,v2
42901,exp5,Muscle biopsy,method,0,method,method,True,1.0,v2
42902,exp5,Cladosporium cladosporioides,object,0,object,object,True,1.0,v2
42904,exp5,Tritiated water,object,0,object,object,True,1.0,v2
42907,exp5,Dermabrasion,method,0,method,method,True,1.0,v2
42909,exp5,Intersectionality,topic,0,topic,,False,1.0,v2
42910,exp5,Nation branding,topic,0,topic,,False,1.0,v2
42914,exp5,Stingray,object,0,object,object,True,1.0,v2
42915,exp5,Langevin dynamics,method,0,method,property,False,1.0,v2
42918,exp5,Heterorhabditis bacteriophora,object,0,object,object,True,1.0,v2
42920,exp5,Body fat percentage,property,0,property,,False,1.0,v2
42924,exp5,Filament winding,method,0,method,method,True,1.0,v2
42925,exp5,DEET,object,0,object,object,True,1.0,v2
42930,exp5,Voice therapy,method,0,method,method,True,1.0,v2
42931,exp5,HPV vaccines,object,0,object,object,True,1.0,v2
42936,exp5,Vaginoplasty,method,0,method,method,True,1.0,v2
42943,exp5,Corollary,property,0,property,,False,1.0,v2
42945,exp5,Alogliptin,object,0,object,object,True,1.0,v2
42950,exp5,Gentianaceae,object,0,object,object,True,1.0,v2
42952,exp5,Debt restructuring,topic,0,topic,,False,1.0,v2
42961,exp5,Brassinolide,object,0,object,object,True,1.0,v2
42962,exp5,Mycobacterium avium subspecies paratuberculosis,object,0,object,object,True,1.0,v2
42966,exp5,Health department,object,0,object,object,True,1.0,v2
42967,exp5,Common envelope,object,0,object,object,True,1.0,v2
42969,exp5,Pars intermedia,object,0,object,object,True,1.0,v2
42973,exp5,Gardnerella vaginalis,object,0,object,object,True,1.0,v2
42982,exp5,Polycystic liver disease,object,0,object,object,True,1.0,v2
42984,exp5,Scyphozoa,object,0,object,object,True,1.0,v2
42990,exp5,Prediction market,object,0,object,topic,False,1.0,v2
42995,exp5,Dichloroethane,object,0,object,object,True,1.0,v2
42996,exp5,Lassa fever,object,0,object,object,True,1.0,v2
43006,exp5,Gadodiamide,object,0,object,object,True,1.0,v2
43007,exp5,Polymyxin B,object,0,object,object,True,1.0,v2
43008,exp5,Ruminococcus,object,0,object,object,True,1.0,v2
43011,exp5,Elastic fiber,object,0,object,object,True,1.0,v2
43012,exp5,Monarch butterfly,object,0,object,object,True,1.0,v2
43013,exp5,Building material,object,0,object,object,True,1.0,v2
43019,exp5,Virtual microscopy,method,0,method,method,True,1.0,v2
43021,exp5,Nivolumab,object,0,object,object,True,1.0,v2
43023,exp5,Oenococcus oeni,object,0,object,object,True,1.0,v2
43025,exp5,Extraterritoriality,property,0,property,,False,1.0,v2
43026,exp5,Linagliptin,object,0,object,object,True,1.0,v2
43028,exp5,Paeonia suffruticosa,object,0,object,object,True,1.0,v2
43039,exp5,Pistacia lentiscus,object,0,object,object,True,1.0,v2
43041,exp5,Tunica vaginalis,object,0,object,object,True,1.0,v2
43048,exp5,Expressivism,property,0,property,,False,1.0,v2
43051,exp5,Exhaled breath condensate,object,0,object,object,True,1.0,v2
43054,exp5,Galliformes,object,0,object,object,True,1.0,v2
43058,exp5,Self-tuning,method,0,method,property,False,1.0,v2
43064,exp5,Green logistics,topic,0,topic,,False,1.0,v2
43069,exp5,ATG8,object,0,object,object,True,0.9,v2
43071,exp5,Kuramoto model,method,0,method,method,True,0.9,v2
43072,exp5,Automatic milking,method,0,method,topic,False,0.9,v2
43076,exp5,Oligopeptidase,object,0,object,object,True,0.9,v2
43077,exp5,Postoperative cognitive dysfunction,object,0,object,property,False,0.9,v2
43082,exp5,Hypertensive heart disease,object,0,object,object,True,0.9,v2
43083,exp5,Cor triatriatum,object,0,object,object,True,0.9,v2
43085,exp5,Methyl salicylate,object,0,object,object,True,0.9,v2
43089,exp5,Firepower,property,0,property,,False,0.9,v2
43097,exp5,Antennal lobe,object,0,object,object,True,0.9,v2
43099,exp5,Phytohaemagglutinin,object,0,object,object,True,0.9,v2
43100,exp5,Physisorption,method,0,method,property,False,0.9,v2
43104,exp5,Paratyphoid fever,object,0,object,object,True,0.9,v2
43107,exp5,Hydraulic press,object,0,object,object,True,0.9,v2
43113,exp5,Gum arabic,object,0,object,object,True,0.9,v2
43116,exp5,Drilling rig,object,0,object,object,True,0.9,v2
43117,exp5,Self-realization,topic,0,topic,,False,0.9,v2
43120,exp5,Neurotomy,method,0,method,method,True,0.9,v2
43122,exp5,High dynamic range,property,0,property,,False,0.9,v2
43127,exp5,Green infrastructure,topic,0,topic,,False,0.9,v2
43128,exp5,Pembrolizumab,object,0,object,object,True,1.0,v2
43134,exp5,Levoglucosan,object,0,object,object,True,1.0,v2
43140,exp5,Electric heating,method,0,method,,False,1.0,v2
43148,exp5,Mycoplasma genitalium,object,0,object,object,True,1.0,v2
43150,exp5,Delayed onset muscle soreness,property,0,property,,False,1.0,v2
43153,exp5,Heart Rhythm,topic,0,topic,,False,1.0,v2
43154,exp5,Feed additive,object,0,object,object,True,1.0,v2
43157,exp5,Cordycepin,object,0,object,object,True,1.0,v2
43159,exp5,Universal Design for Learning,topic,0,topic,,False,1.0,v2
43163,exp5,Nepali,topic,0,topic,,False,1.0,v2
43165,exp5,Vehicle-to-grid,topic,0,topic,,False,1.0,v2
43178,exp5,Trypan blue,object,0,object,object,True,1.0,v2
43181,exp5,Chloroformate,object,0,object,object,True,1.0,v2
43186,exp5,Cyprinodontiformes,object,0,object,object,True,1.0,v2
43190,exp5,Forensic accounting,topic,0,topic,,False,1.0,v2
43191,exp5,Carpometacarpal joint,object,0,object,object,True,1.0,v2
43193,exp5,Methyl iodide,object,0,object,object,True,1.0,v2
43196,exp5,Public land,object,0,object,object,True,1.0,v2
43200,exp5,Calcaneal fracture,property,0,property,,False,1.0,v2
43202,exp5,Aristotelianism,topic,0,topic,,False,1.0,v2
43205,exp5,Strategic communication,topic,0,topic,,False,0.8,v2
43213,exp5,Cellulite,object,0,object,object,True,0.9,v2
43215,exp5,Heterodera schachtii,object,0,object,object,True,1.0,v2
43218,exp5,Tolerance analysis,method,0,method,method,True,0.9,v2
43219,exp5,Cystometry,method,0,method,method,True,0.9,v2
43220,exp5,Neotyphodium,object,0,object,object,True,1.0,v2
43225,exp5,Economic union,object,0,object,topic,False,0.8,v2
43228,exp5,Midodrine,object,0,object,object,True,0.9,v2
43230,exp5,Team sport,topic,0,topic,,False,0.8,v2
43231,exp5,Access to finance,topic,0,topic,,False,0.8,v2
43233,exp5,Deindustrialization,topic,0,topic,,False,0.8,v2
43235,exp5,Driving factors,property,0,property,,False,0.8,v2
43236,exp5,Supportive housing,object,0,object,object,True,0.8,v2
43237,exp5,Turbinectomy,method,0,method,method,True,0.9,v2
43239,exp5,Layoff,topic,0,topic,,False,0.8,v2
43241,exp5,Photobacterium,object,0,object,object,True,1.0,v2
43242,exp5,Apple scab,object,0,object,object,True,0.9,v2
43245,exp5,Kingella kingae,object,0,object,object,True,1.0,v2
43247,exp5,Radionuclide angiography,method,0,method,method,True,0.9,v2
43248,exp5,Perovskite solar cell,object,0,object,object,True,0.9,v2
43251,exp5,Interrupted time series,method,0,method,method,True,1.0,v2
43252,exp5,Objectification,topic,0,topic,,False,0.8,v2
43254,exp5,Gingival enlargement,object,0,object,object,True,1.0,v2
43256,exp5,Dimensional reduction,method,0,method,method,True,1.0,v2
43260,exp5,Molybdenum trioxide,object,0,object,object,True,1.0,v2
43270,exp5,Galium,object,0,object,object,True,1.0,v2
43277,exp5,Combretaceae,object,0,object,object,True,1.0,v2
43287,exp5,2-Arachidonoylglycerol,object,0,object,object,True,1.0,v2
43289,exp5,Rehmannia glutinosa,object,0,object,object,True,1.0,v2
43290,exp5,Sex work,topic,0,topic,,False,1.0,v2
43295,exp5,Quantum capacitance,property,0,property,,False,1.0,v2
43296,exp5,Thyroid storm,object,0,object,object,True,1.0,v2
43298,exp5,Online and offline,topic,0,topic,,False,1.0,v2
43309,exp5,Hypophysectomy,method,0,method,method,True,1.0,v2
43310,exp5,CD47,object,0,object,object,True,1.0,v2
43322,exp5,Cholecalciferol,object,0,object,object,True,1.0,v2
43328,exp5,Carfilzomib,object,0,object,object,True,1.0,v2
43330,exp5,Fetal distress,object,0,object,object,True,1.0,v2
43331,exp5,Construals,object,0,object,property,False,1.0,v2
43332,exp5,Triple-negative breast cancer,object,0,object,object,True,1.0,v2
43337,exp5,Artisanal fishing,topic,0,topic,,False,0.9,v2
43344,exp5,Azelastine,object,0,object,object,True,0.9,v2
43345,exp5,Radio over fiber,method,0,method,method,True,0.9,v2
43351,exp5,Compressed air energy storage,object,0,object,object,True,0.9,v2
43356,exp5,Cold chain,topic,0,topic,,False,0.9,v2
43358,exp5,Methacrolein,object,0,object,object,True,0.9,v2
43362,exp5,Farm income,property,0,property,,False,0.9,v2
43363,exp5,Lymphoid hyperplasia,object,0,object,object,True,0.9,v2
43366,exp5,Electrocorticography,method,0,method,method,True,0.9,v2
43372,exp5,Chicken manure,object,0,object,object,True,0.9,v2
43376,exp5,TOEIC,topic,0,topic,,False,0.9,v2
43377,exp5,Ethnomathematics,topic,0,topic,,False,0.9,v2
43380,exp5,One Health,topic,0,topic,,False,0.9,v2
43383,exp5,Plagiocephaly,object,0,object,object,True,0.9,v2
43387,exp5,Ceftiofur,object,0,object,object,True,0.9,v2
43389,exp5,Tumor promotion,property,0,property,,False,0.9,v2
43394,exp5,AMPK,object,0,object,object,True,0.9,v2
43396,exp5,Tatar,object,0,object,object,True,0.9,v2
43397,exp5,Tebuconazole,object,0,object,object,True,0.9,v2
43399,exp5,Weissella,object,0,object,object,True,0.9,v2
43400,exp5,Silicone resin,object,0,object,object,True,0.9,v2
43405,exp5,Alcohol septal ablation,method,0,method,method,True,0.9,v2
43413,exp5,Hoarding disorder,topic,0,topic,,False,0.9,v2
43416,exp5,Plastic mulch,object,0,object,object,True,0.9,v2
43424,exp5,Enthesitis,topic,0,topic,,False,0.9,v2
43430,exp5,Adalimumab,object,0,object,object,True,0.9,v2
43432,exp5,Piperine,object,0,object,object,True,0.9,v2
43433,exp5,Mass drug administration,method,0,method,method,True,0.9,v2
43434,exp5,Diazine,object,0,object,object,True,0.9,v2
43436,exp5,Oxygen minimum zone,object,0,object,object,True,0.9,v2
43438,exp5,Central giant-cell granuloma,topic,0,topic,,False,0.9,v2
43442,exp5,Self-compassion,property,0,property,,False,0.9,v2
43446,exp5,Transactional sex,topic,0,topic,,False,0.9,v2
43450,exp5,Axillary vein,object,0,object,object,True,0.9,v2
43451,exp5,Key frame,object,0,object,method,False,0.9,v2
43452,exp5,Glycylglycine,object,0,object,object,True,0.9,v2
43453,exp5,Ascaridia galli,object,0,object,object,True,0.9,v2
43455,exp5,Simile,topic,0,topic,,False,0.9,v2
43457,exp5,Anacardiaceae,object,0,object,object,True,0.9,v2
43458,exp5,Keypad,object,0,object,object,True,0.9,v2
43459,exp5,Surgical oncology,topic,0,topic,,False,1.0,v2
43466,exp5,Bismuth vanadate,object,0,object,object,True,1.0,v2
43471,exp5,Porites,object,0,object,object,True,1.0,v2
43477,exp5,Devanagari,object,0,object,object,True,1.0,v2
43478,exp5,Prolotherapy,method,0,method,method,True,1.0,v2
43486,exp5,Candidatus,object,0,object,property,False,1.0,v2
43487,exp5,Carmustine,object,0,object,object,True,1.0,v2
43494,exp5,Pulmonary angiography,method,0,method,method,True,1.0,v2
43496,exp5,Extreme learning machine,object,0,object,method,False,1.0,v2
43497,exp5,Parakeet,object,0,object,object,True,1.0,v2
43500,exp5,Intravascular large B-cell lymphoma,object,0,object,object,True,1.0,v2
43502,exp5,Dark tourism,topic,0,topic,,False,1.0,v2
43503,exp5,Silanization,method,0,method,method,True,1.0,v2
43505,exp5,Thomisidae,object,0,object,object,True,1.0,v2
43507,exp5,Endothelial progenitor cell,object,0,object,object,True,1.0,v2
43509,exp5,Albizia,object,0,object,object,True,1.0,v2
43510,exp5,Enthesopathy,object,0,object,object,True,1.0,v2
43514,exp5,Brown tumor,object,0,object,object,True,1.0,v2
43516,exp5,Thermokarst,object,0,object,object,True,1.0,v2
43517,exp5,Rolling-element bearing,object,0,object,object,True,1.0,v2
43519,exp5,Burseraceae,object,0,object,object,True,0.9,v2
43520,exp5,Pedestrian detection,method,0,method,method,True,0.9,v2
43522,exp5,Technology roadmap,method,0,method,method,True,0.9,v2
43526,exp5,Hyphantria,object,0,object,object,True,0.9,v2
43528,exp5,Mental foramen,object,0,object,object,True,0.9,v2
43536,exp5,Fluoride varnish,object,0,object,object,True,0.9,v2
43537,exp5,Eruca,object,0,object,object,True,0.9,v2
43540,exp5,Phthalide,object,0,object,object,True,0.9,v2
43541,exp5,Benzothiazine,object,0,object,object,True,0.9,v2
43549,exp5,Invasive candidiasis,topic,0,topic,,False,0.9,v2
43556,exp5,Cataplexy,property,0,property,,False,0.9,v2
43559,exp5,Electrochromic devices,object,0,object,object,True,0.9,v2
43560,exp5,Salpingectomy,method,0,method,method,True,0.9,v2
43561,exp5,Prolamin,object,0,object,object,True,0.9,v2
43563,exp5,Absorption heat pump,object,0,object,object,True,0.9,v2
43566,exp5,Transatlantic Trade and Investment Partnership,topic,0,topic,,False,0.9,v2
43569,exp5,Central sleep apnea,property,0,property,,False,0.9,v2
43573,exp5,3D ultrasound,method,0,method,method,True,0.9,v2
43574,exp5,Nintedanib,object,0,object,object,True,0.9,v2
43576,exp5,Economic Thought,object,0,object,object,True,0.9,v2
43577,exp5,Mechanobiology,topic,0,topic,,False,1.0,v2
43586,exp5,Traditionalism,topic,0,topic,,False,1.0,v2
43590,exp5,WNT5A,object,0,object,object,True,1.0,v2
43591,exp5,Nasonia vitripennis,object,0,object,object,True,1.0,v2
43592,exp5,Health and Retirement Study,object,0,object,object,True,1.0,v2
43593,exp5,Renal sympathetic denervation,method,0,method,method,True,1.0,v2
43601,exp5,Achillea,object,0,object,object,True,1.0,v2
43603,exp5,Polyuria,property,0,property,,False,1.0,v2
43606,exp5,Inflammatory myopathy,object,0,object,object,True,1.0,v2
43607,exp5,Wave power,topic,0,topic,,False,1.0,v2
43614,exp5,Soybean rust,object,0,object,object,True,1.0,v2
43615,exp5,Sulfide minerals,object,0,object,object,True,1.0,v2
43616,exp5,Phenanthridine,object,0,object,object,True,1.0,v2
43617,exp5,Progressive collapse,object,0,object,topic,False,1.0,v2
43619,exp5,Caenogastropoda,object,0,object,object,True,1.0,v2
43625,exp5,Cholangiocyte,object,0,object,object,True,1.0,v2
43626,exp5,Schlemm's canal,object,0,object,object,True,1.0,v2
43630,exp5,Paranoid schizophrenia,object,0,object,object,True,1.0,v2
43638,exp5,Resonant magnetic perturbations,method,0,method,method,True,1.0,v2
43639,exp5,Lifeworld,object,0,object,property,False,1.0,v2
43643,exp5,Opsoclonus,object,0,object,object,True,1.0,v2
43645,exp5,Sucker rod,object,0,object,object,True,1.0,v2
43646,exp5,Cenchrus ciliaris,object,0,object,object,True,1.0,v2
43647,exp5,Lymphocytic choriomeningitis,object,0,object,object,True,1.0,v2
43652,exp5,Peroxydisulfate,object,0,object,object,True,1.0,v2
43654,exp5,Diet-induced obese,object,0,object,object,True,1.0,v2
43658,exp5,Pricing strategies,topic,0,topic,,False,1.0,v2
43662,exp5,Immune dysregulation,object,0,object,object,True,1.0,v2
43664,exp5,BRCA mutation,object,0,object,object,True,1.0,v2
43666,exp5,Probate,topic,0,topic,,False,1.0,v2
43674,exp5,Informal learning,topic,0,topic,,False,1.0,v2
43677,exp5,Dose-volume histogram,method,0,method,method,True,1.0,v2
43678,exp5,Guaiacol,object,0,object,object,True,1.0,v2
43686,exp5,Juglone,object,0,object,object,True,1.0,v2
43689,exp5,Natural orifice transluminal endoscopic surgery,method,0,method,topic,False,1.0,v2
43698,exp5,Maturity onset diabetes of the young,object,0,object,object,True,1.0,v2
43703,exp5,Lepirudin,object,0,object,object,True,1.0,v2
43707,exp5,Pulmonary vein stenosis,object,0,object,object,True,1.0,v2
43713,exp5,Edible mushroom,object,0,object,object,True,1.0,v2
43715,exp5,Upper lip,object,0,object,object,True,1.0,v2
43716,exp5,Neonatal seizure,object,0,object,object,True,0.9,v2
43717,exp5,IRF3,object,0,object,object,True,0.9,v2
43718,exp5,Fatty acid methyl ester,object,0,object,object,True,0.9,v2
43721,exp5,Silybum marianum,object,0,object,object,True,0.9,v2
43722,exp5,Climate risk,topic,0,topic,,False,0.9,v2
43725,exp5,Anti-NMDA receptor encephalitis,object,0,object,object,True,0.9,v2
43737,exp5,XPath,method,0,method,method,True,0.9,v2
43742,exp5,Cyclic nucleotide phosphodiesterase,object,0,object,object,True,0.9,v2
43746,exp5,Big business,topic,0,topic,,False,0.9,v2
43747,exp5,Peer mentoring,method,0,method,topic,False,0.9,v2
43757,exp5,Interactive whiteboard,object,0,object,object,True,0.9,v2
43759,exp5,Isophorone,object,0,object,object,True,0.9,v2
43761,exp5,Judicial interpretation,topic,0,topic,,False,0.9,v2
43762,exp5,YAP1,object,0,object,object,True,0.9,v2
43765,exp5,Acariformes,object,0,object,object,True,0.9,v2
43772,exp5,IgG4-related disease,object,0,object,object,True,0.9,v2
43774,exp5,Impunity,topic,0,topic,,False,0.9,v2
43779,exp5,Panobinostat,object,0,object,object,True,0.9,v2
43781,exp5,Vaginismus,object,0,object,object,True,0.9,v2
43789,exp5,Phraseology,topic,0,topic,,False,0.9,v2
43790,exp5,Chemical bath deposition,method,0,method,method,True,1.0,v2
43791,exp5,Multiple disabilities,object,0,object,object,True,1.0,v2
43792,exp5,Parasomnia,object,0,object,object,True,1.0,v2
43793,exp5,Pulmonary contusion,object,0,object,object,True,1.0,v2
43810,exp5,Diffusive gradients in thin films,method,0,method,method,True,1.0,v2
43812,exp5,Pneumopericardium,object,0,object,object,True,1.0,v2
43818,exp5,Decitabine,object,0,object,object,True,1.0,v2
43824,exp5,Corpectomy,method,0,method,method,True,1.0,v2
43826,exp5,Inulinase,object,0,object,object,True,1.0,v2
43830,exp5,Peganum harmala,object,0,object,object,True,1.0,v2
43831,exp5,Pectobacterium,object,0,object,object,True,1.0,v2
43835,exp5,Clonorchis sinensis,object,0,object,object,True,1.0,v2
43838,exp5,Blepharitis,object,0,object,object,True,1.0,v2
43839,exp5,Blood-oxygen-level dependent,method,0,method,method,True,1.0,v2
43848,exp5,Lipidome,object,0,object,object,True,1.0,v2
43851,exp5,Triazene,object,0,object,object,True,1.0,v2
43856,exp5,House mouse,object,0,object,object,True,1.0,v2
43861,exp5,Shalom,topic,0,topic,,False,1.0,v2
43864,exp5,Cheek teeth,object,0,object,object,True,1.0,v2
43866,exp5,Fluorescein angiography,method,0,method,method,True,1.0,v2
43876,exp5,Populus trichocarpa,object,0,object,object,True,1.0,v2
43881,exp5,Stevia,object,0,object,object,True,1.0,v2
43888,exp5,Trichosanthes,object,0,object,object,True,1.0,v2
43892,exp5,Cyclopentanone,object,0,object,object,True,1.0,v2
43894,exp5,Anaplastic thyroid cancer,object,0,object,object,True,1.0,v2
43896,exp5,Risk Control,topic,0,topic,,False,1.0,v2
43897,exp5,Ectopic ureter,object,0,object,object,True,1.0,v2
43900,exp5,Biological soil crust,object,0,object,object,True,1.0,v2
43902,exp5,Genomic island,object,0,object,object,True,1.0,v2
43903,exp5,Lock-in amplifier,method,0,method,method,True,1.0,v2
43910,exp5,Brominated flame retardant,object,0,object,object,True,1.0,v2
43911,exp5,Indoxacarb,object,0,object,object,True,1.0,v2
43915,exp5,Rapid diagnostic test,method,0,method,method,True,1.0,v2
43916,exp5,Tooth whitening,topic,0,topic,,False,1.0,v2
43920,exp5,Ambrisentan,object,0,object,object,True,1.0,v2
43931,exp5,Epidermodysplasia verruciformis,object,0,object,object,True,1.0,v2
43934,exp5,Teacher induction,topic,0,topic,,False,1.0,v2
43937,exp5,Nestedness,property,0,property,,False,1.0,v2
43939,exp5,Abducens nerve,object,0,object,object,True,1.0,v2
43943,exp5,Tuberculum sellae,object,0,object,object,True,1.0,v2
43947,exp5,Single-machine scheduling,topic,0,topic,,False,0.9,v2
43948,exp5,Truebeam,object,0,object,object,True,0.9,v2
43957,exp5,Pinus roxburghii,object,0,object,object,True,0.9,v2
43959,exp5,Usher syndrome,object,0,object,object,True,0.9,v2
43965,exp5,Omethoate,object,0,object,object,True,0.9,v2
43968,exp5,Interferon gamma release assay,method,0,method,method,True,0.9,v2
43970,exp5,Beaked whale,object,0,object,object,True,0.9,v2
43971,exp5,Cocaine and amphetamine regulated transcript,object,0,object,object,True,0.9,v2
43973,exp5,Nude mouse,object,0,object,object,True,0.9,v2
43977,exp5,Acrodermatitis enteropathica,object,0,object,object,True,0.9,v2
43978,exp5,Calcimimetic,object,0,object,object,True,0.9,v2
43981,exp5,Odontogenic cyst,object,0,object,object,True,0.9,v2
43983,exp5,Saxagliptin,object,0,object,object,True,0.9,v2
43984,exp5,Sexual medicine,topic,0,topic,,False,0.9,v2
43985,exp5,Cystic artery,object,0,object,object,True,0.9,v2
43986,exp5,HES1,object,0,object,object,True,0.9,v2
43987,exp5,Tertiary referral hospital,object,0,object,object,True,0.9,v2
43988,exp5,Rhodnius,object,0,object,object,True,0.9,v2
43992,exp5,Pantoea agglomerans,object,0,object,object,True,0.9,v2
43993,exp5,Azelaic acid,object,0,object,object,True,0.9,v2
43996,exp5,Myocardin,object,0,object,object,True,1.0,v2
43999,exp5,Tetrabromobisphenol A,object,0,object,object,True,1.0,v2
44001,exp5,Odontogenic myxoma,object,0,object,object,True,1.0,v2
44005,exp5,Disability pension,topic,0,topic,,False,1.0,v2
44009,exp5,Edoxaban,object,0,object,object,True,1.0,v2
44010,exp5,Helicene,object,0,object,object,True,1.0,v2
44013,exp5,Potassium carbonate,object,0,object,object,True,1.0,v2
44016,exp5,Prodrome,property,0,property,,False,1.0,v2
44027,exp5,Nitrilase,object,0,object,object,True,1.0,v2
44028,exp5,Posterior pituitary,object,0,object,object,True,1.0,v2
44031,exp5,Ramsar site,object,0,object,object,True,1.0,v2
44032,exp5,Truncus arteriosus,object,0,object,object,True,1.0,v2
44034,exp5,Sulfolane,object,0,object,object,True,1.0,v2
44040,exp5,Tropoelastin,object,0,object,object,True,1.0,v2
44041,exp5,High entropy alloys,object,0,object,object,True,1.0,v2
44044,exp5,Constitutional right,property,0,property,,False,1.0,v2
44049,exp5,Parasitic disease,topic,0,topic,,False,1.0,v2
44054,exp5,Biorefinery,topic,0,topic,,False,1.0,v2
44058,exp5,LED display,object,0,object,object,True,1.0,v2
44060,exp5,Membrane electrode assembly,object,0,object,object,True,1.0,v2
44066,exp5,Dalbergia,object,0,object,object,True,1.0,v2
44067,exp5,Elephantiasis,object,0,object,object,True,1.0,v2
44068,exp5,Myotonia,object,0,object,property,False,1.0,v2
44069,exp5,Shallow donor,object,0,object,property,False,1.0,v2
44070,exp5,Iron-based superconductor,object,0,object,object,True,1.0,v2
44076,exp5,Mycosphaerella graminicola,object,0,object,object,True,1.0,v2
44078,exp5,Poloxamer 407,object,0,object,object,True,1.0,v2
44079,exp5,Rilmenidine,object,0,object,object,True,1.0,v2
44085,exp5,Arson,topic,0,topic,,False,1.0,v2
44092,exp5,Time trial,topic,0,topic,,False,1.0,v2
44093,exp5,Ageratum conyzoides,object,0,object,object,True,1.0,v2
44096,exp5,Myriophyllum,object,0,object,object,True,1.0,v2
44101,exp5,Tax haven,object,0,object,topic,False,1.0,v2
44103,exp5,Labyrinth seal,object,0,object,object,True,1.0,v2
44104,exp5,Hypocreales,object,0,object,object,True,1.0,v2
44106,exp5,Cardiac syndrome X,object,0,object,object,True,1.0,v2
44107,exp5,Whiteboard,object,0,object,object,True,1.0,v2
44113,exp5,Work experience,topic,0,topic,,False,1.0,v2
44118,exp5,Loanword,object,0,object,object,True,1.0,v2
44121,exp5,Tradescantia,object,0,object,object,True,1.0,v2
44123,exp5,Parthenolide,object,0,object,object,True,1.0,v2
44128,exp5,Passive house,object,0,object,object,True,1.0,v2
44130,exp5,Panicum virgatum,object,0,object,object,True,1.0,v2
44145,exp5,Multisensory integration,topic,0,topic,,False,1.0,v2
44146,exp5,Science policy,topic,0,topic,,False,1.0,v2
44148,exp5,Weyl semimetal,object,0,object,property,False,1.0,v2
44150,exp5,Fused deposition modeling,method,0,method,method,True,1.0,v2
44151,exp5,Acinic cell carcinoma,object,0,object,object,True,1.0,v2
44153,exp5,Pelvic tilt,property,0,property,,False,1.0,v2
44155,exp5,Ultrasonic machining,method,0,method,method,True,1.0,v2
44156,exp5,Lyso-,object,0,object,property,False,1.0,v2
44160,exp5,Drospirenone,object,0,object,object,True,1.0,v2
44164,exp5,Diatraea saccharalis,object,0,object,object,True,1.0,v2
44166,exp5,Insulin-degrading enzyme,object,0,object,object,True,1.0,v2
44167,exp5,Tea garden,object,0,object,topic,False,1.0,v2
44170,exp5,Vandetanib,object,0,object,object,True,1.0,v2
44173,exp5,Free cash flow,property,0,property,,False,1.0,v2
44174,exp5,Pediatric urology,topic,0,topic,,False,1.0,v2
44175,exp5,Nasal cannula,object,0,object,object,True,1.0,v2
44176,exp5,Zinc selenide,object,0,object,object,True,1.0,v2
44179,exp5,Ectomycorrhiza,object,0,object,object,True,1.0,v2
44187,exp5,Lactobacillus sakei,object,0,object,object,True,1.0,v2
44192,exp5,Cultural rights,topic,0,topic,,False,1.0,v2
44196,exp5,Azotobacter chroococcum,object,0,object,object,True,1.0,v2
44201,exp5,Perspective-taking,property,0,property,,False,1.0,v2
44210,exp5,Clematis,object,0,object,object,True,1.0,v2
44211,exp5,Fournier gangrene,object,0,object,object,True,1.0,v2
44214,exp5,Etravirine,object,0,object,object,True,1.0,v2
44219,exp5,Backpack,object,0,object,object,True,1.0,v2
44221,exp5,Averrhoa carambola,object,0,object,object,True,1.0,v2
44225,exp5,Indoor residual spraying,method,0,method,method,True,1.0,v2
44227,exp5,APACHE II,method,0,method,method,True,1.0,v2
44230,exp5,Job embeddedness,property,0,property,,False,1.0,v2
44233,exp5,Pyriproxyfen,object,0,object,object,True,1.0,v2
44235,exp5,Soft tissue injury,object,0,object,object,True,1.0,v2
44238,exp5,Right bundle branch block,object,0,object,object,True,1.0,v2
44244,exp5,Coated urea,object,0,object,object,True,1.0,v2
44246,exp5,Balanites aegyptiaca,object,0,object,object,True,1.0,v2
44252,exp5,Artificial pancreas,object,0,object,object,True,1.0,v2
44253,exp5,Plasma cell leukemia,object,0,object,object,True,1.0,v2
44256,exp5,Local adaptation,topic,0,topic,,False,0.9,v2
44257,exp5,Steering wheel,object,0,object,object,True,0.9,v2
44258,exp5,Poa annua,object,0,object,object,True,0.9,v2
44261,exp5,Cnaphalocrocis medinalis,object,0,object,object,True,0.9,v2
44263,exp5,Migratory locust,object,0,object,object,True,0.9,v2
44269,exp5,Ethyl carbamate,object,0,object,object,True,0.9,v2
44286,exp5,Pseudo amino acid composition,method,0,method,method,True,0.9,v2
44288,exp5,Uncanny,property,0,property,,False,0.9,v2
44289,exp5,Marine spatial planning,topic,0,topic,,False,0.9,v2
44292,exp5,Animism,topic,0,topic,,False,0.9,v2
44293,exp5,Subtitle,object,0,object,object,True,0.9,v2
44298,exp5,Anisometropia,object,0,object,object,True,0.9,v2
44300,exp5,Steviol,object,0,object,object,True,0.9,v2
44301,exp5,Cytopenia,object,0,object,object,True,0.9,v2
44302,exp5,Satureja,object,0,object,object,True,0.9,v2
44312,exp5,Interprofessional education,topic,0,topic,,False,0.9,v2
44314,exp5,Pressure support ventilation,method,0,method,method,True,0.9,v2
44315,exp5,Frontal eye fields,object,0,object,object,True,0.9,v2
44317,exp5,Computational thinking,topic,0,topic,,False,0.9,v2
44318,exp5,Bursary,object,0,object,object,True,0.9,v2
44320,exp5,Labor mobility,topic,0,topic,,False,0.9,v2
44322,exp5,Bibliotherapy,method,0,method,method,True,0.9,v2
44323,exp5,Vulvar cancer,object,0,object,object,True,0.9,v2
44327,exp5,Deep eutectic solvent,object,0,object,object,True,0.9,v2
44334,exp5,Nephrostomy,method,0,method,method,True,0.9,v2
44335,exp5,Habenula,object,0,object,object,True,0.9,v2
44344,exp5,Scarabaeinae,object,0,object,object,True,0.9,v2
44347,exp5,Vegetation Index,property,0,property,,False,0.9,v2
44351,exp5,Mesna,object,0,object,object,True,0.9,v2
44358,exp5,Informetrics,topic,0,topic,,False,0.9,v2
44359,exp5,Sentence processing,method,0,method,,False,0.9,v2
44360,exp5,Heart murmur,object,0,object,property,False,0.9,v2
44365,exp5,Pinus brutia,object,0,object,object,True,0.9,v2
44367,exp5,Pluvial,property,0,property,,False,0.9,v2
44370,exp5,Ponatinib,object,0,object,object,True,0.9,v2
44371,exp5,Methylobacterium,object,0,object,object,True,0.9,v2
44372,exp5,Diaphragmatic rupture,object,0,object,object,True,0.9,v2
44375,exp5,Direction finding,method,0,method,method,True,0.9,v2
44378,exp5,TRPC3,object,0,object,object,True,0.9,v2
44382,exp5,Industrial symbiosis,topic,0,topic,,False,0.9,v2
44388,exp5,Windshield,object,0,object,object,True,0.9,v2
44393,exp5,Gluconic acid,object,0,object,object,True,0.9,v2
44396,exp5,Government bond,object,0,object,object,True,0.9,v2
44402,exp5,Radial head fracture,object,0,object,object,True,0.9,v2
44403,exp5,Low-rise,object,0,object,object,True,0.9,v2
44405,exp5,Nicotinamide phosphoribosyltransferase,object,0,object,object,True,0.9,v2
44411,exp5,Climbing fiber,object,0,object,object,True,0.9,v2
44420,exp5,Armillaria mellea,object,0,object,object,True,0.9,v2
44421,exp5,Sparganosis,object,0,object,object,True,0.9,v2
44425,exp5,Neonatal respiratory distress syndrome,object,0,object,object,True,0.9,v2
44430,exp5,Tetraquark,object,0,object,object,True,0.9,v2
44432,exp5,Phaeohyphomycosis,object,0,object,object,True,0.9,v2
44441,exp5,Entropion,object,0,object,object,True,0.9,v2
44442,exp5,Lateral root,object,0,object,object,True,0.9,v2
44449,exp5,Microplastics,object,0,object,object,True,0.9,v2
44459,exp5,Raltegravir,object,0,object,object,True,0.9,v2
44460,exp5,Radical mastectomy,method,0,method,method,True,0.9,v2
44463,exp5,Aponeurosis,object,0,object,object,True,0.9,v2
44476,exp5,Debaryomyces hansenii,object,0,object,object,True,0.9,v2
44479,exp5,National Spirit,topic,0,topic,,False,0.9,v2
44489,exp5,Signal conditioning,method,0,method,method,True,0.95,v2
44493,exp5,Debtor,object,0,object,object,True,0.95,v2
44494,exp5,Lipoxin,object,0,object,object,True,0.95,v2
44497,exp5,Conus medullaris,object,0,object,object,True,0.95,v2
44498,exp5,CDIO,topic,0,topic,,False,0.95,v2
44500,exp5,Reactive dye,object,0,object,object,True,0.95,v2
44501,exp5,Emergency nursing,topic,0,topic,,False,0.95,v2
44503,exp5,JSON,object,0,object,method,False,0.95,v2
44504,exp5,Carbonic anhydrase II,object,0,object,object,True,0.95,v2
44506,exp5,Aztreonam,object,0,object,object,True,0.95,v2
44521,exp5,Too big to fail,topic,0,topic,,False,0.95,v2
44524,exp5,Medial meniscus,object,0,object,object,True,0.95,v2
44525,exp5,Pediatric surgery,topic,0,topic,,False,0.95,v2
44527,exp5,Right to the city,topic,0,topic,,False,0.95,v2
44529,exp5,Haar wavelet,method,0,method,method,True,0.95,v2
44530,exp5,Meglumine antimoniate,object,0,object,object,True,0.95,v2
44531,exp5,Molybdenum disulfide,object,0,object,object,True,0.95,v2
44533,exp5,Wellhead,object,0,object,object,True,0.95,v2
44535,exp5,Acute generalized exanthematous pustulosis,object,0,object,object,True,0.95,v2
44537,exp5,LRRK2,object,0,object,object,True,0.95,v2
44539,exp5,Thyroid lymphoma,object,0,object,object,True,1.0,v2
44542,exp5,Chlorthalidone,object,0,object,object,True,1.0,v2
44544,exp5,FTO gene,object,0,object,object,True,1.0,v2
44546,exp5,Dual-specificity phosphatase,object,0,object,object,True,1.0,v2
44549,exp5,Bioproducts,object,0,object,object,True,1.0,v2
44552,exp5,Opisthorchis,object,0,object,object,True,1.0,v2
44553,exp5,Flexicurity,topic,0,topic,,False,1.0,v2
44557,exp5,Thymus vulgaris,object,0,object,object,True,1.0,v2
44561,exp5,Bacopa monnieri,object,0,object,object,True,1.0,v2
44562,exp5,Left atrial appendage occlusion,method,0,method,method,True,1.0,v2
44564,exp5,Urban rail transit,topic,0,topic,,False,1.0,v2
44567,exp5,Spinal and bulbar muscular atrophy,object,0,object,object,True,1.0,v2
44570,exp5,Constrained-layer damping,method,0,method,method,True,1.0,v2
44574,exp5,New Variety,object,0,object,object,True,1.0,v2
44584,exp5,Low voltage ride through,method,0,method,property,False,1.0,v2
44586,exp5,Youth unemployment,topic,0,topic,,False,1.0,v2
44588,exp5,Verbascoside,object,0,object,object,True,1.0,v2
44590,exp5,Publication bias,property,0,property,,False,1.0,v2
44591,exp5,Skin biopsy,method,0,method,method,True,1.0,v2
44596,exp5,Vaccine efficacy,property,0,property,,False,1.0,v2
44603,exp5,Racialization,topic,0,topic,,False,0.9,v2
44604,exp5,Group technology,method,0,method,method,True,0.9,v2
44605,exp5,Material selection,method,0,method,method,True,0.9,v2
44613,exp5,Palestinian refugees,object,0,object,object,True,0.9,v2
44618,exp5,Acepromazine,object,0,object,object,True,0.9,v2
44625,exp5,Mannich base,object,0,object,object,True,0.9,v2
44638,exp5,Phytobezoar,object,0,object,object,True,0.9,v2
44639,exp5,TRIPS Agreement,object,0,object,object,True,0.9,v2
44640,exp5,Meningococcal vaccine,object,0,object,object,True,0.9,v2
44642,exp5,Dexamethasone suppression test,method,0,method,method,True,0.9,v2
44645,exp5,Health impact assessment,method,0,method,method,True,0.9,v2
44646,exp5,ALCAM,object,0,object,object,True,0.9,v2
44650,exp5,"1,4-Dioxane",object,0,object,object,True,0.9,v2
44654,exp5,Robertsonian translocation,object,0,object,object,True,0.9,v2
44655,exp5,Ractopamine,object,0,object,object,True,0.9,v2
44657,exp5,Publish or perish,topic,0,topic,,False,0.9,v2
44658,exp5,Jackal,object,0,object,object,True,0.9,v2
44659,exp5,Pityriasis rosea,object,0,object,object,True,0.9,v2
44664,exp5,Electrokinetic remediation,method,0,method,method,True,0.9,v2
44674,exp5,Authentic leadership,topic,0,topic,,False,0.9,v2
44676,exp5,Kimura's disease,object,0,object,object,True,1.0,v2
44683,exp5,Sitobion avenae,object,0,object,object,True,1.0,v2
44691,exp5,Trade facilitation,topic,0,topic,,False,1.0,v2
44693,exp5,Ornithine transcarbamylase deficiency,object,0,object,object,True,1.0,v2
44696,exp5,Pancreatic injury,object,0,object,object,True,1.0,v2
44702,exp5,Acute kidney injury,object,0,object,object,True,1.0,v2
44705,exp5,Sustainability reporting,topic,0,topic,,False,1.0,v2
44711,exp5,Scopoletin,object,0,object,object,True,1.0,v2
44714,exp5,Tension band wiring,method,0,method,method,True,1.0,v2
44715,exp5,Peptoid,object,0,object,object,True,1.0,v2
44717,exp5,Gerbera jamesonii,object,0,object,object,True,1.0,v2
44718,exp5,Altarpiece,object,0,object,object,True,1.0,v2
44719,exp5,Human metapneumovirus,object,0,object,object,True,1.0,v2
44720,exp5,Catalepsy,property,0,property,,False,1.0,v2
44721,exp5,Inquest,method,0,method,method,True,1.0,v2
44724,exp5,Psychoeducation,method,0,method,method,True,1.0,v2
44729,exp5,Nicotine replacement therapy,method,0,method,method,True,1.0,v2
44730,exp5,Self-advocacy,topic,0,topic,,False,1.0,v2
44731,exp5,Duodenal bulb,object,0,object,object,True,1.0,v2
44734,exp5,Document classification,method,0,method,method,True,1.0,v2
44745,exp5,Drop impact,object,0,object,property,False,0.9,v2
44751,exp5,Rhinophyma,object,0,object,object,True,0.9,v2
44752,exp5,Hip arthroscopy,method,0,method,method,True,0.9,v2
44755,exp5,Territorial dispute,topic,0,topic,,False,0.9,v2
44758,exp5,Underground mining (soft rock),topic,0,topic,,False,0.9,v2
44773,exp5,Cristobalite,object,0,object,object,True,0.9,v2
44776,exp5,Chechen,object,0,object,object,True,0.9,v2
44779,exp5,Marine pollution,topic,0,topic,,False,0.9,v2
44780,exp5,Undoing,property,0,property,,False,0.9,v2
44793,exp5,Citicoline,object,0,object,object,True,0.9,v2
44798,exp5,Ischemic optic neuropathy,object,0,object,object,True,0.9,v2
44801,exp5,Patella fracture,object,0,object,object,True,0.9,v2
44802,exp5,Pocillopora damicornis,object,0,object,object,True,0.9,v2
44808,exp5,Professional degree,object,0,object,topic,False,0.9,v2
44809,exp5,Collective motion,object,0,object,property,False,0.9,v2
44810,exp5,Dual enrollment,topic,0,topic,,False,0.9,v2
44814,exp5,Serodiscordant,property,0,property,,False,0.9,v2
44818,exp5,Sotos syndrome,object,0,object,object,True,0.9,v2
44828,exp5,Ambrosia artemisiifolia,object,0,object,object,True,0.9,v2
44829,exp5,Dynamic capabilities,property,0,property,,False,0.9,v2
44830,exp5,Tapentadol,object,0,object,object,True,1.0,v2
44831,exp5,Tamarix,object,0,object,object,True,1.0,v2
44834,exp5,Rhodiola rosea,object,0,object,object,True,1.0,v2
44836,exp5,Followership,topic,0,topic,,False,1.0,v2
44841,exp5,Descriptive geometry,topic,0,topic,,False,1.0,v2
44846,exp5,Dorsolateral prefrontal cortex,object,0,object,object,True,1.0,v2
44854,exp5,XQuery,method,0,method,method,True,1.0,v2
44856,exp5,Dynamic assessment,method,0,method,method,True,1.0,v2
44857,exp5,Electrofishing,method,0,method,method,True,1.0,v2
44860,exp5,Accounting research,topic,0,topic,,False,1.0,v2
44873,exp5,Marine isotope stage,property,0,property,,False,1.0,v2
44874,exp5,Phasianus,object,0,object,object,True,1.0,v2
44875,exp5,Telecare,topic,0,topic,,False,1.0,v2
44877,exp5,Short rotation coppice,object,0,object,topic,False,1.0,v2
44878,exp5,Cystic fibrosis-related diabetes,object,0,object,object,True,1.0,v2
44879,exp5,Cervical plexus,object,0,object,object,True,1.0,v2
44884,exp5,Social dialogue,topic,0,topic,,False,1.0,v2
44885,exp5,Hydralazine,object,0,object,object,True,1.0,v2
44887,exp5,Predictive marker,property,0,property,,False,1.0,v2
44892,exp5,Cobicistat,object,0,object,object,True,1.0,v2
44893,exp5,Aluminium hydroxide,object,0,object,object,True,0.9,v2
44895,exp5,Bone marrow failure,object,0,object,object,True,0.9,v2
44896,exp5,Flat panel display,object,0,object,object,True,0.9,v2
44900,exp5,Furfuryl alcohol,object,0,object,object,True,0.9,v2
44902,exp5,Eyewear,object,0,object,object,True,0.9,v2
44904,exp5,Residual feed intake,property,0,property,,False,0.9,v2
44906,exp5,Seakeeping,topic,0,topic,,False,0.9,v2
44918,exp5,Plumbagin,object,0,object,object,True,0.9,v2
44919,exp5,Exenatide,object,0,object,object,True,0.9,v2
44922,exp5,Nodular fasciitis,object,0,object,object,True,0.9,v2
44923,exp5,Gun control,topic,0,topic,,False,0.9,v2
44925,exp5,Cinacalcet,object,0,object,object,True,0.9,v2
44927,exp5,Open data,topic,0,topic,,False,0.9,v2
44928,exp5,Alpha 1-antitrypsin deficiency,object,0,object,object,True,0.9,v2
44932,exp5,Pyrolysis oil,object,0,object,object,True,0.9,v2
44934,exp5,Liquiritin,object,0,object,object,True,0.9,v2
44938,exp5,Acrodermatitis,object,0,object,object,True,0.9,v2
44939,exp5,Cladophora,object,0,object,object,True,0.9,v2
44941,exp5,Insular cortex,object,0,object,object,True,0.9,v2
44943,exp5,Posterior communicating artery,object,0,object,object,True,0.9,v2
44946,exp5,Middle power,object,0,object,object,True,0.9,v2
44947,exp5,Parasitoid wasp,object,0,object,object,True,0.9,v2
44951,exp5,Hexabromocyclododecane,object,0,object,object,True,0.9,v2
44953,exp5,Pythium aphanidermatum,object,0,object,object,True,0.9,v2
44959,exp5,Cobalt hydroxide,object,0,object,object,True,0.9,v2
44960,exp5,Bedaquiline,object,0,object,object,True,0.9,v2
44962,exp5,Gable,object,0,object,object,True,0.9,v2
44965,exp5,HMGB1,object,0,object,object,True,0.9,v2
44966,exp5,European Neighbourhood Policy,topic,0,topic,,False,0.9,v2
44969,exp5,Side population,object,0,object,object,True,0.9,v2
44970,exp5,Alfuzosin,object,0,object,object,True,0.9,v2
44979,exp5,Bulk tank,object,0,object,object,True,0.9,v2
44980,exp5,Nitrendipine,object,0,object,object,True,0.9,v2
44982,exp5,Neonatal tetanus,object,0,object,object,True,0.9,v2
44985,exp5,Turbojet,object,0,object,object,True,0.9,v2
44988,exp5,Vulvodynia,object,0,object,object,True,0.9,v2
44997,exp5,Latissimus dorsi muscle,object,0,object,object,True,0.9,v2
45000,exp5,Acacia auriculiformis,object,0,object,object,True,0.9,v2
45006,exp5,Red flour beetle,object,0,object,object,True,0.9,v2
45014,exp5,Relative survival,property,0,property,,False,0.9,v2
45018,exp5,Mobile service,topic,0,topic,,False,0.8,v2
45019,exp5,Plasmodium knowlesi,object,0,object,object,True,1.0,v2
45024,exp5,Prilocaine,object,0,object,object,True,1.0,v2
45027,exp5,Sirtuin,object,0,object,object,True,1.0,v2
45030,exp5,Nicotiana benthamiana,object,0,object,object,True,1.0,v2
45032,exp5,Kansei engineering,topic,0,topic,,False,0.8,v2
45033,exp5,Aortic sinus,object,0,object,object,True,1.0,v2
45036,exp5,Diosmin,object,0,object,object,True,1.0,v2
45037,exp5,Willingness to communicate,property,0,property,,False,0.8,v2
45047,exp5,Phylloxera,object,0,object,object,True,1.0,v2
45052,exp5,Neem oil,object,0,object,object,True,1.0,v2
45053,exp5,Chaebol,object,0,object,topic,False,0.8,v2
45055,exp5,Phase field models,method,0,method,method,True,1.0,v2
45062,exp5,Phodopus,object,0,object,object,True,1.0,v2
45063,exp5,Looting,topic,0,topic,,False,0.8,v2
45066,exp5,Sulfamic acid,object,0,object,object,True,1.0,v2
45073,exp5,Clinical Ethics,topic,0,topic,,False,0.8,v2
45075,exp5,Mealworm,object,0,object,object,True,1.0,v2
45077,exp5,GPVI,object,0,object,object,True,1.0,v2
45080,exp5,Borate glass,object,0,object,object,True,1.0,v2
45081,exp5,Skylight,object,0,object,object,True,0.9,v2
45082,exp5,NIMBY,topic,0,topic,,False,0.9,v2
45083,exp5,Aprepitant,object,0,object,object,True,0.9,v2
45084,exp5,Impella,object,0,object,object,True,0.9,v2
45085,exp5,Boswellia serrata,object,0,object,object,True,0.9,v2
45088,exp5,Acanthamoeba keratitis,object,0,object,object,True,0.9,v2
45101,exp5,Supply network,topic,0,topic,,False,0.9,v2
45102,exp5,Guided imagery,method,0,method,method,True,0.9,v2
45103,exp5,Maxillary first molar,object,0,object,object,True,0.9,v2
45109,exp5,Systemic mastocytosis,object,0,object,object,True,0.9,v2
45121,exp5,Phason,object,0,object,object,True,0.9,v2
45125,exp5,Zinc borate,object,0,object,object,True,0.9,v2
45126,exp5,Crush syndrome,object,0,object,object,True,0.9,v2
45127,exp5,Product data management,topic,0,topic,,False,0.9,v2
45130,exp5,Afatinib,object,0,object,object,True,0.9,v2
45137,exp5,Urban stream,object,0,object,object,True,0.9,v2
45139,exp5,Hexapoda,object,0,object,object,True,0.9,v2
45143,exp5,Eltrombopag,object,0,object,object,True,0.9,v2
45148,exp5,LOFAR,object,0,object,object,True,0.9,v2
45149,exp5,Obstructed defecation,object,0,object,object,True,0.9,v2
45150,exp5,Photophobia,object,0,object,object,True,1.0,v2
45151,exp5,Amaranthaceae,object,0,object,object,True,1.0,v2
45153,exp5,Accident analysis,method,0,method,method,True,1.0,v2
45154,exp5,Indazole,object,0,object,object,True,1.0,v2
45171,exp5,Imidazolate,object,0,object,object,True,1.0,v2
45172,exp5,Grossman,object,0,object,object,True,1.0,v2
45174,exp5,Criminal record,object,0,object,object,True,1.0,v2
45182,exp5,Preferential attachment,method,0,method,method,True,0.9,v2
45185,exp5,EGR1,object,0,object,object,True,1.0,v2
45187,exp5,Chronic condition,topic,0,topic,,False,1.0,v2
45190,exp5,Inferior mesenteric artery,object,0,object,object,True,1.0,v2
45192,exp5,Monetization,topic,0,topic,,False,1.0,v2
45197,exp5,Stargardt disease,topic,0,topic,,False,1.0,v2
45199,exp5,Levulinic acid,object,0,object,object,True,1.0,v2
45202,exp5,Acromion,object,0,object,object,True,1.0,v2
45205,exp5,Ramsay Hunt syndrome,topic,0,topic,,False,1.0,v2
45206,exp5,Interatrial septum,object,0,object,object,True,1.0,v2
45209,exp5,Corneal perforation,object,0,object,object,True,0.9,v2
45210,exp5,Calcium pyrophosphate,object,0,object,object,True,0.9,v2
45211,exp5,Reverse Transcription Loop-mediated Isothermal Amplification,method,0,method,method,True,1.0,v2
45212,exp5,Parent body,object,0,object,object,True,0.9,v2
45216,exp5,Biofabrication,topic,0,topic,,False,0.8,v2
45220,exp5,Shigella dysenteriae,object,0,object,object,True,0.9,v2
45221,exp5,Musculoskeletal injury,topic,0,topic,,False,0.8,v2
45225,exp5,Gas engine,object,0,object,object,True,0.9,v2
45227,exp5,Electronic voting,topic,0,topic,,False,0.8,v2
45234,exp5,Asparagaceae,object,0,object,object,True,0.9,v2
45239,exp5,Tolvaptan,object,0,object,object,True,0.9,v2
45240,exp5,Financial integration,topic,0,topic,,False,0.8,v2
45247,exp5,Detrusor muscle,object,0,object,object,True,0.9,v2
45249,exp5,Fenton's reagent,method,0,method,method,True,0.9,v2
45257,exp5,Slogan,topic,0,topic,,False,0.8,v2
45258,exp5,Unintended pregnancy,topic,0,topic,,False,0.8,v2
45264,exp5,Overlay multicast,method,0,method,object,False,0.8,v2
45266,exp5,SWAT model,method,0,method,method,True,0.9,v2
45268,exp5,Dravet syndrome,object,0,object,object,True,0.9,v2
45273,exp5,Motion detection,method,0,method,method,True,0.9,v2
45284,exp5,Hallux rigidus,object,0,object,object,True,0.9,v2
45285,exp5,Benomyl,object,0,object,object,True,0.9,v2
45293,exp5,Digitoxin,object,0,object,object,True,0.9,v2
45299,exp5,Penicillium expansum,object,0,object,object,True,1.0,v2
45301,exp5,Pulmonary valve stenosis,object,0,object,object,True,1.0,v2
45305,exp5,Internet governance,topic,0,topic,,False,1.0,v2
45312,exp5,5-HT2C receptor,object,0,object,object,True,1.0,v2
45320,exp5,"Niemann–Pick disease, type C",object,0,object,object,True,1.0,v2
45321,exp5,Trigeminal artery,object,0,object,object,True,1.0,v2
45325,exp5,Cupriavidus necator,object,0,object,object,True,1.0,v2
45331,exp5,Occupational disease,topic,0,topic,,False,1.0,v2
45336,exp5,Apixaban,object,0,object,object,True,1.0,v2
45337,exp5,Crouzon syndrome,object,0,object,object,True,1.0,v2
45340,exp5,Image sharing,method,0,method,method,True,1.0,v2
45346,exp5,Acute pericarditis,object,0,object,object,True,1.0,v2
45351,exp5,Thymol,object,0,object,object,True,1.0,v2
45368,exp5,Phosphinate,object,0,object,object,True,1.0,v2
45380,exp5,Prazosin,object,0,object,object,True,1.0,v2
45391,exp5,ISM band,object,0,object,object,True,1.0,v2
45395,exp5,Criminalization,topic,0,topic,,False,1.0,v2
45401,exp5,LMNA,object,0,object,object,True,1.0,v2
45407,exp5,Crowbar,object,0,object,method,False,1.0,v2
45408,exp5,Falling weight deflectometer,method,0,method,method,True,1.0,v2
45412,exp5,Online discussion,topic,0,topic,,False,0.8,v2
45415,exp5,Headset,object,0,object,object,True,0.9,v2
45419,exp5,Plantago ovata,object,0,object,object,True,1.0,v2
45421,exp5,Obturator nerve,object,0,object,object,True,1.0,v2
45424,exp5,Zero mode,object,0,object,object,True,1.0,v2
45427,exp5,Uterine atony,object,0,object,object,True,1.0,v2
45428,exp5,MCPA,object,0,object,object,True,1.0,v2
45429,exp5,Organ of Corti,object,0,object,object,True,1.0,v2
45434,exp5,Property crime,topic,0,topic,,False,0.8,v2
45438,exp5,Mycobacterium ulcerans,object,0,object,object,True,1.0,v2
45439,exp5,Coats' disease,object,0,object,object,True,1.0,v2
45445,exp5,Descending aorta,object,0,object,object,True,1.0,v2
45447,exp5,Bactrocera dorsalis,object,0,object,object,True,1.0,v2
45448,exp5,Disease burden,property,0,property,,False,0.9,v2
45451,exp5,Wound dehiscence,object,0,object,object,True,1.0,v2
45454,exp5,Humiliation,topic,0,topic,,False,0.8,v2
45458,exp5,Cashmere goat,object,0,object,object,True,1.0,v2
45464,exp5,Personal protective equipment,object,0,object,object,True,0.9,v2
45468,exp5,Bonito,object,0,object,object,True,1.0,v2
45470,exp5,Technoscience,topic,0,topic,,False,0.8,v2
45472,exp5,Choroid plexus papilloma,object,0,object,object,True,1.0,v2
45473,exp5,Medication therapy management,topic,0,topic,,False,1.0,v2
45475,exp5,Argopecten irradians,object,0,object,object,True,1.0,v2
45476,exp5,Oral submucous fibrosis,object,0,object,object,True,1.0,v2
45479,exp5,Muzzle,object,0,object,object,True,1.0,v2
45485,exp5,Glucocerebrosidase,object,0,object,object,True,1.0,v2
45487,exp5,Second opinion,topic,0,topic,,False,1.0,v2
45492,exp5,Carvacrol,object,0,object,object,True,1.0,v2
45494,exp5,Trilemma,property,0,property,,False,1.0,v2
45495,exp5,Maltose-binding protein,object,0,object,object,True,1.0,v2
45496,exp5,Branched-chain amino acid,object,0,object,object,True,1.0,v2
45498,exp5,Insulin detemir,object,0,object,object,True,1.0,v2
45503,exp5,Chlorophyllin,object,0,object,object,True,1.0,v2
45507,exp5,Hoard,object,0,object,object,True,1.0,v2
45509,exp5,Lejeuneaceae,object,0,object,object,True,1.0,v2
45512,exp5,EDDS,object,0,object,object,True,1.0,v2
45517,exp5,Pudendal nerve,object,0,object,object,True,1.0,v2
45519,exp5,Plasmopara viticola,object,0,object,object,True,1.0,v2
45525,exp5,Solar telescope,object,0,object,object,True,1.0,v2
45526,exp5,Grid connection,topic,0,topic,,False,1.0,v2
45527,exp5,Icariin,object,0,object,object,True,1.0,v2
45532,exp5,Chondromyxoid fibroma,object,0,object,object,True,1.0,v2
45534,exp5,Sciurus,object,0,object,object,True,1.0,v2
45535,exp5,Best interests,property,0,property,,False,1.0,v2
45538,exp5,Mesangial proliferative glomerulonephritis,object,0,object,object,True,1.0,v2
45540,exp5,Elitism,topic,0,topic,,False,1.0,v2
45541,exp5,LIGO,object,0,object,object,True,1.0,v2
45545,exp5,Moral theology,topic,0,topic,,False,1.0,v2
45548,exp5,Economic transformation,topic,0,topic,,False,1.0,v2
45551,exp5,Anorectal manometry,method,0,method,method,True,1.0,v2
45553,exp5,TIMP1,object,0,object,object,True,1.0,v2
45555,exp5,Unobservable,property,0,property,,False,1.0,v2
45562,exp5,Aculeata,object,0,object,object,True,1.0,v2
45565,exp5,Patentability,property,0,property,,False,1.0,v2
45573,exp5,MMP2,object,0,object,object,True,1.0,v2
45574,exp5,Blasphemy,topic,0,topic,,False,1.0,v2
45575,exp5,Hematoporphyrin,object,0,object,object,True,1.0,v2
45578,exp5,Independent living,topic,0,topic,,False,1.0,v2
45579,exp5,Power gating,method,0,method,method,True,1.0,v2
45580,exp5,Microbial enhanced oil recovery,method,0,method,topic,False,1.0,v2
45584,exp5,Hepatic veins,object,0,object,object,True,0.9,v2
45592,exp5,Lower gastrointestinal bleeding,object,0,object,object,True,0.9,v2
45601,exp5,Decabromodiphenyl ether,object,0,object,object,True,0.9,v2
45605,exp5,Seesaw mechanism,object,0,object,property,False,0.9,v2
45612,exp5,Entrepreneurial orientation,topic,0,topic,,False,0.9,v2
45617,exp5,Tetracyanoquinodimethane,object,0,object,object,True,0.9,v2
45624,exp5,Lateral hypothalamus,object,0,object,object,True,0.9,v2
45625,exp5,Stab wound,object,0,object,object,True,0.9,v2
45635,exp5,Hypoallergenic,property,0,property,,False,0.9,v2
45636,exp5,Kandelia candel,object,0,object,object,True,0.9,v2
45645,exp5,Dryopteris,object,0,object,object,True,0.9,v2
45646,exp5,Consilience,property,0,property,,False,0.9,v2
45654,exp5,Licking,method,0,method,property,False,0.9,v2
45657,exp5,Mechanically stabilized earth,object,0,object,object,True,0.9,v2
45670,exp5,Membrane structure,object,0,object,object,True,0.9,v2
45676,exp5,Participatory culture,topic,0,topic,,False,0.9,v2
45688,exp5,Response to intervention,method,0,method,method,True,0.9,v2
45689,exp5,Construction contract,object,0,object,object,True,0.9,v2
45690,exp5,Ovarian torsion,object,0,object,object,True,1.0,v2
45691,exp5,Ethmoid sinus,object,0,object,object,True,1.0,v2
45696,exp5,Women's Health Initiative,topic,0,topic,,False,0.9,v2
45705,exp5,Radium-223,object,0,object,object,True,0.9,v2
45706,exp5,Isogeometric analysis,method,0,method,method,True,0.9,v2
45709,exp5,Actinidia chinensis,object,0,object,object,True,0.9,v2
45710,exp5,Brans–Dicke theory,topic,0,topic,,False,0.9,v2
45711,exp5,Early childhood caries,topic,0,topic,,False,0.9,v2
45713,exp5,Progression-free survival,property,0,property,,False,0.9,v2
45714,exp5,Common bile duct stone,object,0,object,object,True,0.9,v2
45718,exp5,Ethyl glucuronide,object,0,object,object,True,0.9,v2
45719,exp5,Phenethyl isothiocyanate,object,0,object,object,True,0.9,v2
45724,exp5,Carprofen,object,0,object,object,True,0.9,v2
45725,exp5,Sodium citrate,object,0,object,object,True,0.9,v2
45727,exp5,Cervical conization,method,0,method,method,True,0.9,v2
45733,exp5,Belatacept,object,0,object,object,True,0.9,v2
45735,exp5,Carding,method,0,method,method,True,0.9,v2
45736,exp5,SDHB,object,0,object,object,True,0.9,v2
45739,exp5,Lateral ventricles,object,0,object,object,True,0.9,v2
45744,exp5,Stromal vascular fraction,object,0,object,object,True,0.9,v2
45746,exp5,CR-39,object,0,object,object,True,0.9,v2
45748,exp5,Open university,topic,0,topic,,False,0.9,v2
45750,exp5,Fire-control system,object,0,object,object,True,0.9,v2
45752,exp5,Credit card fraud,topic,0,topic,,False,0.9,v2
45753,exp5,Debt crisis,topic,0,topic,,False,0.9,v2
45754,exp5,Mucuna,object,0,object,object,True,0.9,v2
45757,exp5,Foot drop,property,0,property,,False,0.9,v2
45758,exp5,Sustainable management,topic,0,topic,,False,0.9,v2
45765,exp5,N-Nitrosodimethylamine,object,0,object,object,True,0.9,v2
45769,exp5,Disaster risk reduction,topic,0,topic,,False,0.9,v2
45774,exp5,Photoemission electron microscopy,method,0,method,method,True,0.9,v2
45775,exp5,Environmental stewardship,topic,0,topic,,False,0.9,v2
45780,exp5,Trabectedin,object,0,object,object,True,0.9,v2
45782,exp5,Multi-touch,method,0,method,object,False,0.9,v2
45784,exp5,Astacus leptodactylus,object,0,object,object,True,0.9,v2
45787,exp5,Mosapride,object,0,object,object,True,0.9,v2
45791,exp5,Arsenopyrite,object,0,object,object,True,0.9,v2
45796,exp5,Round window,object,0,object,object,True,0.9,v2
45799,exp5,Magnolia officinalis,object,0,object,object,True,0.9,v2
45803,exp5,Basel II,object,0,object,topic,False,0.9,v2
45805,exp5,Video modeling,method,0,method,method,True,0.9,v2
45813,exp5,Resource curse,topic,0,topic,,False,0.9,v2
45814,exp5,Organosolv,method,0,method,method,True,0.9,v2
45823,exp5,Spigelian hernia,object,0,object,object,True,0.9,v2
45830,exp5,Duloxetine,object,0,object,object,True,0.9,v2
45834,exp5,Relativistic Heavy Ion Collider,object,0,object,object,True,0.9,v2
45845,exp5,Dog bite,object,0,object,object,True,0.9,v2
45849,exp5,Perseveration,property,0,property,,False,0.9,v2
45852,exp5,WWOX,object,0,object,object,True,0.9,v2
45859,exp5,Immigration detention,topic,0,topic,,False,0.9,v2
45863,exp5,Memorialization,topic,0,topic,,False,0.9,v2
45866,exp5,Syndesmosis,object,0,object,object,True,0.9,v2
45868,exp5,Medical Expenditure Panel Survey,object,0,object,method,False,0.9,v2
45870,exp5,Sertindole,object,0,object,object,True,0.9,v2
45877,exp5,Water turbine,object,0,object,object,True,0.9,v2
45884,exp5,Lumefantrine,object,0,object,object,True,0.9,v2
45890,exp5,Ammonium acetate,object,0,object,object,True,0.9,v2
45894,exp5,Self-expandable metallic stent,object,0,object,object,True,0.9,v2
45895,exp5,Seniority,property,0,property,,False,0.9,v2
45896,exp5,MTT assay,method,0,method,method,True,0.9,v2
45899,exp5,Knowledge society,topic,0,topic,,False,0.9,v2
45901,exp5,Acetolactate synthase,object,0,object,object,True,0.9,v2
45906,exp5,Maghemite,object,0,object,object,True,0.9,v2
45907,exp5,Lead telluride,object,0,object,object,True,0.9,v2
45911,exp5,Stannate,object,0,object,object,True,0.9,v2
45912,exp5,Narrativity,property,0,property,,False,0.9,v2
45913,exp5,Agenesis of the corpus callosum,object,0,object,object,True,0.9,v2
45920,exp5,Dalitz plot,method,0,method,method,True,0.9,v2
45923,exp5,Chemoimmunotherapy,topic,0,topic,,False,0.9,v2
45927,exp5,Reteplase,object,0,object,object,True,0.9,v2
45932,exp5,Anecdote,object,0,object,topic,False,0.9,v2
45936,exp5,MitraClip,method,0,method,object,False,0.9,v2
45939,exp5,Rhagoletis,object,0,object,object,True,0.9,v2
45944,exp5,Lactobacillus salivarius,object,0,object,object,True,0.9,v2
45947,exp5,Morganella morganii,object,0,object,object,True,0.9,v2
45948,exp5,Francisella,object,0,object,object,True,0.9,v2
45950,exp5,Intermittent hypoxia,method,0,method,method,True,0.9,v2
45951,exp5,Zotarolimus,object,0,object,object,True,0.9,v2
45952,exp5,Hyoid bone,object,0,object,object,True,0.9,v2
45954,exp5,Obesity hypoventilation syndrome,object,0,object,object,True,0.9,v2
45959,exp5,Agomelatine,object,0,object,object,True,0.9,v2
45962,exp5,Ministry of Foreign Affairs,object,0,object,object,True,0.9,v2
45966,exp5,Pentazocine,object,0,object,object,True,1.0,v2
45970,exp5,Peri-implantitis,object,0,object,object,True,1.0,v2
45977,exp5,Barramundi,object,0,object,object,True,1.0,v2
45980,exp5,Amphiregulin,object,0,object,object,True,1.0,v2
45981,exp5,Hemispherectomy,method,0,method,method,True,1.0,v2
45988,exp5,Aurora kinase,object,0,object,object,True,1.0,v2
45989,exp5,Sarcomatoid carcinoma,object,0,object,object,True,1.0,v2
45996,exp5,Brucine,object,0,object,object,True,1.0,v2
46004,exp5,Walkability,property,0,property,,False,1.0,v2
46008,exp5,Adult T-cell leukemia/lymphoma,object,0,object,object,True,1.0,v2
46009,exp5,Guanfacine,object,0,object,object,True,1.0,v2
46014,exp5,Natura 2000,object,0,object,object,True,1.0,v2
46015,exp5,Monitoring and evaluation,method,0,method,method,True,1.0,v2
46016,exp5,Tadalafil,object,0,object,object,True,1.0,v2
46022,exp5,Talent management,topic,0,topic,,False,1.0,v2
46029,exp5,Glaucoma valve,object,0,object,object,True,1.0,v2
46030,exp5,Lutjanidae,object,0,object,object,True,1.0,v2
46033,exp5,Irritability,property,0,property,,False,1.0,v2
46038,exp5,Indignation,property,0,property,,False,1.0,v2
46039,exp5,Federal budget,object,0,object,property,False,1.0,v2
46041,exp5,Orientia tsutsugamushi,object,0,object,object,True,1.0,v2
46043,exp5,Institutional repository,object,0,object,object,True,1.0,v2
46045,exp5,Dimethylamine,object,0,object,object,True,1.0,v2
46046,exp5,Transient elastography,method,0,method,method,True,1.0,v2
46050,exp5,Mesembryanthemum crystallinum,object,0,object,object,True,1.0,v2
46053,exp5,Anagrelide,object,0,object,object,True,1.0,v2
46054,exp5,Conversation analysis,method,0,method,topic,False,1.0,v2
46055,exp5,School nursing,topic,0,topic,,False,1.0,v2
46059,exp5,Cubital tunnel,object,0,object,object,True,1.0,v2
46071,exp5,Share repurchase,topic,0,topic,,False,1.0,v2
46074,exp5,ETV6,object,0,object,object,True,1.0,v2
46086,exp5,Perampanel,object,0,object,object,True,1.0,v2
46090,exp5,Financialization,topic,0,topic,,False,1.0,v2
46093,exp5,Geopolymer,object,0,object,object,True,1.0,v2
46095,exp5,Magnetic hyperthermia,method,0,method,topic,False,1.0,v2
46100,exp5,Erucic acid,object,0,object,object,True,1.0,v2
46103,exp5,Inflammatory breast cancer,object,0,object,object,True,1.0,v2
46107,exp5,Sulforaphane,object,0,object,object,True,1.0,v2
46108,exp5,Waste oil,object,0,object,object,True,1.0,v2
46113,exp5,Orbitrap,object,0,object,object,True,1.0,v2
46114,exp5,Laryngospasm,object,0,object,object,True,1.0,v2
46115,exp5,Repetitive control,method,0,method,method,True,1.0,v2
46122,exp5,Muslim world,topic,0,topic,,False,1.0,v2
46129,exp5,Trimethylenemethane,object,0,object,object,True,1.0,v2
46136,exp5,Bruguiera,object,0,object,object,True,1.0,v2
46147,exp5,Sweet sorghum,object,0,object,object,True,1.0,v2
46155,exp5,Immune checkpoint,object,0,object,object,True,1.0,v2
46161,exp5,Soil and Water Assessment Tool,method,0,method,method,True,1.0,v2
46167,exp5,Bighead carp,object,0,object,object,True,1.0,v2
46168,exp5,Physarum polycephalum,object,0,object,object,True,1.0,v2
46170,exp5,Dentigerous cyst,object,0,object,object,True,1.0,v2
46174,exp5,Misappropriation,topic,0,topic,,False,1.0,v2
46179,exp5,Molten salt reactor,object,0,object,object,True,1.0,v2
46180,exp5,Patient-centered care,topic,0,topic,,False,1.0,v2
46181,exp5,Superficial siderosis,object,0,object,object,True,1.0,v2
46185,exp5,Merger control,topic,0,topic,,False,1.0,v2
46188,exp5,Pyometra,object,0,object,object,True,1.0,v2
46190,exp5,Interfacial polymerization,method,0,method,method,True,1.0,v2
46191,exp5,Acute exacerbation of chronic obstructive pulmonary disease,object,0,object,object,True,1.0,v2
46196,exp5,Wallerian degeneration,method,0,method,,False,1.0,v2
46197,exp5,Conflict transformation,topic,0,topic,,False,0.8,v2
46200,exp5,Dicamba,object,0,object,object,True,1.0,v2
46213,exp5,Data retention,property,0,property,,False,0.8,v2
46220,exp5,Abietane,object,0,object,object,True,1.0,v2
46222,exp5,Mastoidectomy,method,0,method,method,True,1.0,v2
46232,exp5,Quasinormal mode,property,0,property,,False,1.0,v2
46233,exp5,Lead dioxide,object,0,object,object,True,1.0,v2
46242,exp5,Palygorskite,object,0,object,object,True,1.0,v2
46248,exp5,Metatarsophalangeal joints,object,0,object,object,True,1.0,v2
46250,exp5,Current collector,object,0,object,object,True,1.0,v2
46251,exp5,Schisandra chinensis,object,0,object,object,True,1.0,v2
46258,exp5,Integrating sphere,object,0,object,method,False,1.0,v2
46260,exp5,Trendelenburg position,method,0,method,method,True,1.0,v2
46261,exp5,Visual language,topic,0,topic,,False,0.8,v2
46263,exp5,Bankart repair,method,0,method,method,True,1.0,v2
46266,exp5,Magnesium deficiency (plants),property,0,property,,False,1.0,v2
46270,exp5,Nanodisc,object,0,object,object,True,1.0,v2
46271,exp5,Municipal corporation,object,0,object,topic,False,1.0,v2
46276,exp5,Anti-thymocyte globulin,object,0,object,object,True,1.0,v2
46278,exp5,Siderosis,property,0,property,,False,1.0,v2
46287,exp5,Carcinoma ex pleomorphic adenoma,object,0,object,object,True,1.0,v2
46295,exp5,Family centered care,topic,0,topic,,False,1.0,v2
46302,exp5,Ticagrelor,object,0,object,object,True,1.0,v2
46303,exp5,Cherry tomato,object,0,object,object,True,1.0,v2
46307,exp5,Butanone,object,0,object,object,True,1.0,v2
46308,exp5,Household income,property,0,property,,False,1.0,v2
46312,exp5,Right to health,topic,0,topic,,False,1.0,v2
46313,exp5,Inflammatory fibroid polyp,object,0,object,object,True,1.0,v2
46314,exp5,Regime shift,object,0,object,property,False,1.0,v2
46328,exp5,Rose bengal,object,0,object,object,True,1.0,v2
46329,exp5,Nipple discharge,property,0,property,,False,1.0,v2
46331,exp5,Prestin,object,0,object,object,True,1.0,v2
46338,exp5,ATF4,object,0,object,object,True,1.0,v2
46344,exp5,Alirocumab,object,0,object,object,True,1.0,v2
46350,exp5,Cross-border cooperation,topic,0,topic,,False,1.0,v2
46355,exp5,Evidence-based nursing,topic,0,topic,,False,1.0,v2
46356,exp5,Mucolipidosis,object,0,object,object,True,1.0,v2
46358,exp5,Cantharidin,object,0,object,object,True,1.0,v2
46362,exp5,Plagiarism detection,method,0,method,method,True,1.0,v2
46364,exp5,Active citizenship,topic,0,topic,,False,1.0,v2
46371,exp5,Artificial noise,object,0,object,object,True,0.9,v2
46374,exp5,Ficedula,object,0,object,object,True,1.0,v2
46379,exp5,Spiral antenna,object,0,object,object,True,1.0,v2
46381,exp5,Skopos theory,topic,0,topic,,False,1.0,v2
46383,exp5,Zincate,object,0,object,object,True,1.0,v2
46384,exp5,Pancreatic fistula,object,0,object,object,True,1.0,v2
46385,exp5,Charadrius,object,0,object,object,True,1.0,v2
46389,exp5,Gyrification,property,0,property,,False,1.0,v2
46394,exp5,Aeromonas veronii,object,0,object,object,True,1.0,v2
46397,exp5,Participatory planning,topic,0,topic,,False,1.0,v2
46398,exp5,Photoreceptor cell,object,0,object,object,True,1.0,v2
46406,exp5,Cauterization,method,0,method,method,True,1.0,v2
46407,exp5,Self-criticism,property,0,property,,False,1.0,v2
46413,exp5,Ku70,object,0,object,object,True,1.0,v2
46414,exp5,Climate Finance,topic,0,topic,,False,1.0,v2
46415,exp5,Feud,topic,0,topic,,False,1.0,v2
46416,exp5,Boundary object,object,0,object,object,True,1.0,v2
46417,exp5,Packed red blood cells,object,0,object,object,True,1.0,v2
46420,exp5,Levocetirizine,object,0,object,object,True,1.0,v2
46423,exp5,ADAMTS13,object,0,object,object,True,1.0,v2
46425,exp5,Early goal-directed therapy,method,0,method,topic,False,0.9,v2
46427,exp5,Paraphrase,topic,0,topic,,False,0.8,v2
46429,exp5,Russula,object,0,object,object,True,0.9,v2
46432,exp5,Trimethylamine N-oxide,object,0,object,object,True,0.9,v2
46435,exp5,Tantra,topic,0,topic,,False,0.8,v2
46436,exp5,Capillary hemangioma,object,0,object,object,True,0.9,v2
46441,exp5,Convention on the Rights of Persons with Disabilities,object,0,object,object,True,0.9,v2
46449,exp5,Pleading,topic,0,topic,,False,0.8,v2
46452,exp5,Rating of perceived exertion,property,0,property,,False,0.9,v2
46453,exp5,Iodixanol,object,0,object,object,True,0.9,v2
46455,exp5,Ranavirus,object,0,object,object,True,0.9,v2
46459,exp5,Mycobacterium kansasii,object,0,object,object,True,0.9,v2
46465,exp5,Biorepository,object,0,object,object,True,0.9,v2
46466,exp5,National interest,property,0,property,,False,0.8,v2
46467,exp5,Febuxostat,object,0,object,object,True,0.9,v2
46472,exp5,Micromixing,method,0,method,method,True,0.9,v2
46474,exp5,Pulsed radiofrequency,method,0,method,method,True,0.9,v2
46478,exp5,Carbon footprint,property,0,property,,False,0.9,v2
46481,exp5,Sleep restriction,method,0,method,method,True,0.9,v2
46486,exp5,European Portuguese,object,0,object,object,True,0.9,v2
46491,exp5,Community education,topic,0,topic,,False,0.8,v2
46494,exp5,Cleanser,object,0,object,object,True,0.8,v2
46495,exp5,Sustainable living,topic,0,topic,,False,0.8,v2
46503,exp5,Hyalomma,object,0,object,object,True,0.9,v2
46504,exp5,POPC,object,0,object,object,True,0.9,v2
46505,exp5,Cosmesis,property,0,property,,False,0.8,v2
46506,exp5,Monocytic leukemia,object,0,object,object,True,0.9,v2
46507,exp5,Verocytotoxin,object,0,object,object,True,0.9,v2
46508,exp5,ERBB4,object,0,object,object,True,0.9,v2
46510,exp5,Neogobius,object,0,object,object,True,0.9,v2
46511,exp5,Circle of Willis,object,0,object,object,True,0.9,v2
46521,exp5,Tetrahydropalmatine,object,0,object,object,True,0.9,v2
46526,exp5,PCSK9,object,0,object,object,True,0.9,v2
46534,exp5,Maxillary canine,object,0,object,object,True,0.9,v2
46535,exp5,Polidocanol,object,0,object,object,True,0.9,v2
46536,exp5,Broth microdilution,method,0,method,method,True,0.9,v2
46537,exp5,Social pension,topic,0,topic,,False,0.8,v2
46561,exp5,Hidradenoma,object,0,object,object,True,0.9,v2
46572,exp5,Remittance,topic,0,topic,,False,0.8,v2
46576,exp5,Ocimum gratissimum,object,0,object,object,True,0.9,v2
46582,exp5,Revenue sharing,topic,0,topic,,False,0.9,v2
46588,exp5,HCN channel,object,0,object,object,True,0.9,v2
46590,exp5,Lymphatic vessel,object,0,object,object,True,0.9,v2
46597,exp5,Bilateral trade,topic,0,topic,,False,0.9,v2
46600,exp5,SYBR Green I,method,0,method,object,False,0.9,v2
46606,exp5,Efalizumab,object,0,object,object,True,0.9,v2
46607,exp5,Retropharyngeal abscess,object,0,object,object,True,0.9,v2
46611,exp5,Management of atrial fibrillation,topic,0,topic,,False,0.9,v2
46617,exp5,Door-to-balloon,property,0,property,,False,0.9,v2
46620,exp5,Warm dense matter,object,0,object,object,True,0.9,v2
46623,exp5,Co-simulation,method,0,method,method,True,0.9,v2
46624,exp5,Photometric redshift,method,0,method,method,True,0.9,v2
46627,exp5,Sleep hygiene,topic,0,topic,,False,0.9,v2
46628,exp5,Aceclofenac,object,0,object,object,True,0.9,v2
46631,exp5,Planctomycetes,object,0,object,object,True,0.9,v2
46636,exp5,Gender pay gap,property,0,property,,False,0.9,v2
46637,exp5,relapsing fever,object,0,object,object,True,0.9,v2
46638,exp5,Urban forestry,topic,0,topic,,False,0.9,v2
46641,exp5,Phenylethanoid,object,0,object,object,True,0.9,v2
46646,exp5,Bochdalek hernia,object,0,object,object,True,0.9,v2
46651,exp5,Bullous keratopathy,object,0,object,object,True,1.0,v2
46656,exp5,Psylloidea,object,0,object,object,True,1.0,v2
46659,exp5,Micromixer,object,0,object,object,True,1.0,v2
46662,exp5,Pyrrolidine dithiocarbamate,object,0,object,object,True,1.0,v2
46663,exp5,Stakeholder engagement,topic,0,topic,,False,1.0,v2
46665,exp5,Lavandula,object,0,object,object,True,1.0,v2
46667,exp5,Alamethicin,object,0,object,object,True,1.0,v2
46678,exp5,Capacitive deionization,method,0,method,object,False,1.0,v2
46695,exp5,ARM9,object,0,object,object,True,1.0,v2
46698,exp5,Vastus medialis,object,0,object,object,True,1.0,v2
46709,exp5,Laser drilling,method,0,method,method,True,1.0,v2
46714,exp5,Pyrophyllite,object,0,object,object,True,1.0,v2
46715,exp5,Small intestinal bacterial overgrowth,object,0,object,object,True,1.0,v2
46716,exp5,Corporate bond,object,0,object,object,True,1.0,v2
46717,exp5,ATG5,object,0,object,object,True,1.0,v2
46720,exp5,Anti-Americanism,topic,0,topic,,False,1.0,v2
46730,exp5,"1,2,3-Triazole",object,0,object,object,True,1.0,v2
46731,exp5,Gymnosperm,object,0,object,object,True,1.0,v2
46732,exp5,Lauric acid,object,0,object,object,True,1.0,v2
46738,exp5,Natalizumab,object,0,object,object,True,1.0,v2
46739,exp5,Trichloroisocyanuric acid,object,0,object,object,True,1.0,v2
46744,exp5,Allicin,object,0,object,object,True,1.0,v2
46749,exp5,Oculomotor nerve,object,0,object,object,True,1.0,v2
46751,exp5,Capacity planning,topic,0,topic,,False,1.0,v2
46754,exp5,Reverence,property,0,property,,False,1.0,v2
46755,exp5,Gantry crane,object,0,object,object,True,1.0,v2
46759,exp5,Hajj,topic,0,topic,,False,1.0,v2
46763,exp5,Amniote,object,0,object,object,True,1.0,v2
46766,exp5,Time limit,property,0,property,,False,1.0,v2
46768,exp5,PEG 400,object,0,object,object,True,1.0,v2
46779,exp5,Fanaticism,property,0,property,,False,1.0,v2
46784,exp5,Buccal fat pad,object,0,object,object,True,1.0,v2
46785,exp5,Collaborative Care,topic,0,topic,,False,1.0,v2
46786,exp5,Polymer brush,object,0,object,object,True,1.0,v2
46789,exp5,Trichiasis,object,0,object,object,True,1.0,v2
46790,exp5,Diphenylacetylene,object,0,object,object,True,1.0,v2
46794,exp5,On the fly,method,0,method,property,False,1.0,v2
46803,exp5,Costal cartilage,object,0,object,object,True,1.0,v2
46808,exp5,Special court,object,0,object,object,True,1.0,v2
46814,exp5,Counterculture,topic,0,topic,,False,1.0,v2
46817,exp5,Nephrogenic systemic fibrosis,object,0,object,object,True,1.0,v2
46818,exp5,Pelvic exenteration,method,0,method,method,True,1.0,v2
46820,exp5,Clinically isolated syndrome,object,0,object,object,True,1.0,v2
46822,exp5,Perna perna,object,0,object,object,True,1.0,v2
46832,exp5,Coccidioides,object,0,object,object,True,1.0,v2
46836,exp5,Tooth brushing,method,0,method,method,True,1.0,v2
46837,exp5,ABTS,object,0,object,object,True,1.0,v2
46842,exp5,Cost of equity,property,0,property,,False,1.0,v2
46850,exp5,Clientelism,topic,0,topic,,False,1.0,v2
46858,exp5,Disorders of sex development,object,0,object,object,True,1.0,v2
46859,exp5,Workplace bullying,topic,0,topic,,False,1.0,v2
46863,exp5,Manatee,object,0,object,object,True,1.0,v2
46865,exp5,Waldenstrom macroglobulinemia,object,0,object,object,True,1.0,v2
46868,exp5,Geopark,object,0,object,object,True,1.0,v2
46877,exp5,Reading motivation,property,0,property,,False,1.0,v2
46884,exp5,Metafiction,topic,0,topic,,False,1.0,v2
46888,exp5,Trimethylene carbonate,object,0,object,object,True,1.0,v2
46891,exp5,Child poverty,topic,0,topic,,False,1.0,v2
46903,exp5,Lithium carbonate,object,0,object,object,True,1.0,v2
46917,exp5,Distance sampling,method,0,method,method,True,1.0,v2
46919,exp5,Market integration,topic,0,topic,,False,0.8,v2
46920,exp5,Chronic wound,topic,0,topic,,False,0.8,v2
46922,exp5,Autoclaved aerated concrete,object,0,object,object,True,0.8,v2
46928,exp5,PD-L1,object,0,object,object,True,0.8,v2
46931,exp5,Deferasirox,object,0,object,object,True,0.8,v2
46938,exp5,Hematochezia,object,0,object,object,True,0.8,v2
46940,exp5,tert-Butyl hydroperoxide,object,0,object,object,True,0.8,v2
46946,exp5,Intermittent pneumatic compression,method,0,method,method,True,0.8,v2
46951,exp5,Medial patellofemoral ligament,object,0,object,object,True,0.8,v2
46952,exp5,Damping capacity,property,0,property,,False,0.8,v2
46965,exp5,Chloramine-T,object,0,object,object,True,0.8,v2
46979,exp5,ESAT-6,object,0,object,object,True,0.8,v2
46980,exp5,Cabozantinib,object,0,object,object,True,0.8,v2
46986,exp5,Salivary duct carcinoma,topic,0,topic,,False,0.8,v2
46988,exp5,Glucose meter,object,0,object,object,True,0.8,v2
46990,exp5,Interpretability,property,0,property,,False,0.8,v2
46991,exp5,Sigmodontinae,object,0,object,object,True,0.8,v2
47003,exp5,Epitaph,topic,0,topic,,False,0.8,v2
47007,exp5,Cost-minimization analysis,method,0,method,method,True,0.8,v2
47014,exp5,Panulirus argus,object,0,object,object,True,0.8,v2
47016,exp5,Coix,object,0,object,object,True,1.0,v2
47022,exp5,Vulvar intraepithelial neoplasia,object,0,object,object,True,1.0,v2
47030,exp5,Pinellia ternata,object,0,object,object,True,1.0,v2
47031,exp5,Jetty,object,0,object,object,True,1.0,v2
47035,exp5,Hypokalemic periodic paralysis,object,0,object,object,True,1.0,v2
47045,exp5,Optimality theory,topic,0,topic,,False,0.8,v2
47046,exp5,Compound 48/80,object,0,object,object,True,1.0,v2
47047,exp5,Hemangiosarcoma,object,0,object,object,True,1.0,v2
47049,exp5,Personal selling,topic,0,topic,,False,1.0,v2
47050,exp5,Pulsed DC,method,0,method,method,True,1.0,v2
47052,exp5,Macrocephaly,object,0,object,object,True,1.0,v2
47055,exp5,Scientific literature,topic,0,topic,,False,1.0,v2
47056,exp5,Wind power forecasting,topic,0,topic,,False,1.0,v2
47058,exp5,Hollandite,object,0,object,object,True,1.0,v2
47060,exp5,JUNB,object,0,object,object,True,1.0,v2
47062,exp5,Regional innovation system,topic,0,topic,,False,1.0,v2
47063,exp5,Hydrogen chloride,object,0,object,object,True,1.0,v2
47064,exp5,Marsupialization,method,0,method,method,True,1.0,v2
47067,exp5,Ulmus pumila,object,0,object,object,True,1.0,v2
47069,exp5,Abrus precatorius,object,0,object,object,True,1.0,v2
47074,exp5,Endoscopic endonasal surgery,method,0,method,method,True,0.9,v2
47090,exp5,Primary hyperoxaluria,object,0,object,object,True,0.9,v2
47093,exp5,Lubiprostone,object,0,object,object,True,0.9,v2
47098,exp5,Intraocular lens power calculation,method,0,method,method,True,0.9,v2
47100,exp5,Pinyin,object,0,object,topic,False,0.9,v2
47101,exp5,CHARGE syndrome,object,0,object,object,True,0.9,v2
47103,exp5,Photovoice,method,0,method,method,True,0.9,v2
47108,exp5,Tyrosinemia,object,0,object,object,True,0.9,v2
47111,exp5,Cobalt sulfide,object,0,object,object,True,0.9,v2
47113,exp5,Prolyl isomerase,object,0,object,object,True,0.9,v2
47114,exp5,Green roof,object,0,object,method,False,0.9,v2
47115,exp5,Risk society,topic,0,topic,,False,0.9,v2
47121,exp5,Cooling load,property,0,property,,False,0.9,v2
47123,exp5,Stress fiber,object,0,object,object,True,0.9,v2
47124,exp5,Inner plexiform layer,object,0,object,object,True,0.9,v2
47126,exp5,Ranibizumab,object,0,object,object,True,0.9,v2
47128,exp5,Bed bug,object,0,object,object,True,0.9,v2
47136,exp5,Refeeding syndrome,object,0,object,object,True,0.9,v2
47139,exp5,Odontogenic infection,object,0,object,object,True,0.9,v2
47140,exp5,Internal anal sphincter,object,0,object,object,True,0.9,v2
47142,exp5,Nonconformity,object,0,object,property,False,0.8,v2
47151,exp5,Epididymitis,object,0,object,object,True,1.0,v2
47159,exp5,Myeloproliferative neoplasm,object,0,object,object,True,1.0,v2
47161,exp5,Uterine inversion,object,0,object,object,True,1.0,v2
47162,exp5,Virtual observatory,object,0,object,method,False,1.0,v2
47172,exp5,Anosognosia,object,0,object,property,False,1.0,v2
47174,exp5,Capacity development,topic,0,topic,,False,1.0,v2
47178,exp5,Epithelioid sarcoma,object,0,object,object,True,1.0,v2
47179,exp5,Halite,object,0,object,object,True,1.0,v2
47182,exp5,Polyurea,object,0,object,object,True,1.0,v2
47184,exp5,Serial reaction time,method,0,method,property,False,1.0,v2
47191,exp5,ICD-10,object,0,object,object,True,1.0,v2
47193,exp5,Phonophoresis,method,0,method,method,True,1.0,v2
47195,exp5,Laser lithotripsy,method,0,method,method,True,1.0,v2
47199,exp5,Capability approach,topic,0,topic,,False,1.0,v2
47211,exp5,Underweight,property,0,property,,False,1.0,v2
47212,exp5,Schizencephaly,object,0,object,object,True,1.0,v2
47219,exp5,Sporothrix,object,0,object,object,True,1.0,v2
47223,exp5,Central pontine myelinolysis,object,0,object,object,True,1.0,v2
47225,exp5,Semantic feature,object,0,object,property,False,1.0,v2
47237,exp5,HOTAIR,object,0,object,object,True,1.0,v2
47243,exp5,Rock burst,object,0,object,object,True,1.0,v2
47256,exp5,Brachydactyly,object,0,object,object,True,1.0,v2
47259,exp5,Voltage sag,object,0,object,property,False,1.0,v2
47264,exp5,Fagus orientalis,object,0,object,object,True,1.0,v2
47266,exp5,Landlord,object,0,object,object,True,1.0,v2
47268,exp5,Neuromyelitis optica,object,0,object,object,True,1.0,v2
47270,exp5,Iminodiacetic acid,object,0,object,object,True,1.0,v2
47275,exp5,Iodoform,object,0,object,object,True,1.0,v2
47277,exp5,Global imbalances,topic,0,topic,,False,1.0,v2
47279,exp5,Posterior inferior cerebellar artery,object,0,object,object,True,1.0,v2
47285,exp5,Argasidae,object,0,object,object,True,1.0,v2
47286,exp5,Foreskin,object,0,object,object,True,1.0,v2
47293,exp5,Khasi,object,0,object,object,True,1.0,v2
47300,exp5,Offshore drilling,topic,0,topic,,False,1.0,v2
47301,exp5,Esophagogastroduodenoscopy,method,0,method,method,True,1.0,v2
47303,exp5,Telbivudine,object,0,object,object,True,1.0,v2
47304,exp5,Fatty acid amide hydrolase,object,0,object,object,True,1.0,v2
47306,exp5,Diplodus,object,0,object,object,True,1.0,v2
47309,exp5,MEFV,object,0,object,object,True,1.0,v2
47310,exp5,Achillea millefolium,object,0,object,object,True,1.0,v2
47313,exp5,Polychrome,topic,0,topic,,False,0.8,v2
47314,exp5,Obestatin,object,0,object,object,True,1.0,v2
47315,exp5,Post-transplant lymphoproliferative disorder,object,0,object,object,True,1.0,v2
47316,exp5,Sea state,property,0,property,,False,1.0,v2
47318,exp5,Compositional data,object,0,object,property,False,1.0,v2
47327,exp5,Salpingitis,object,0,object,object,True,1.0,v2
47336,exp5,Shadow banking system,topic,0,topic,,False,1.0,v2
47339,exp5,Laboratory safety,topic,0,topic,,False,1.0,v2
47344,exp5,Pedunculopontine nucleus,object,0,object,object,True,1.0,v2
47349,exp5,Naegleria fowleri,object,0,object,object,True,1.0,v2
47350,exp5,Co-creation,topic,0,topic,,False,1.0,v2
47351,exp5,Polymer substrate,object,0,object,object,True,1.0,v2
47353,exp5,Podocalyxin,object,0,object,object,True,1.0,v2
47355,exp5,Triolein,object,0,object,object,True,1.0,v2
47358,exp5,Sincerity,property,0,property,,False,0.8,v2
47359,exp5,Social integration,topic,0,topic,,False,1.0,v2
47361,exp5,Dihydroartemisinin,object,0,object,object,True,1.0,v2
47362,exp5,Work engagement,property,0,property,,False,1.0,v2
47366,exp5,Plastic crystal,object,0,object,property,False,1.0,v2
47376,exp5,Right to die,topic,0,topic,,False,0.8,v2
47378,exp5,Intimidation,topic,0,topic,,False,0.8,v2
47381,exp5,Pertuzumab,object,0,object,object,True,1.0,v2
47382,exp5,Climate justice,topic,0,topic,,False,0.9,v2
47384,exp5,Plasmablastic lymphoma,object,0,object,object,True,1.0,v2
47387,exp5,Frostbite,object,0,object,object,True,0.9,v2
47388,exp5,Suffix tree,object,0,object,method,False,1.0,v2
47392,exp5,Audience response,topic,0,topic,,False,0.8,v2
47399,exp5,Intestinal parasite,object,0,object,object,True,1.0,v2
47400,exp5,Sphingomonas paucimobilis,object,0,object,object,True,1.0,v2
47402,exp5,Shewanella oneidensis,object,0,object,object,True,1.0,v2
47405,exp5,ACL injury,object,0,object,object,True,1.0,v2
47407,exp5,Convention on the Rights of the Child,object,0,object,object,True,0.9,v2
47410,exp5,Abdominoperineal resection,method,0,method,method,True,1.0,v2
47411,exp5,Botryococcus braunii,object,0,object,object,True,1.0,v2
47421,exp5,Potassium ferrate,object,0,object,object,True,1.0,v2
47422,exp5,Isochrysis galbana,object,0,object,object,True,1.0,v2
47433,exp5,Aliquat 336,object,0,object,object,True,1.0,v2
47436,exp5,Pseudorapidity,property,0,property,,False,1.0,v2
47437,exp5,Intercostal arteries,object,0,object,object,True,1.0,v2
47447,exp5,Neuromarketing,topic,0,topic,,False,0.9,v2
47452,exp5,Kwashiorkor,object,0,object,object,True,1.0,v2
47453,exp5,Bequest,topic,0,topic,,False,0.8,v2
47454,exp5,Long-acting reversible contraception,method,0,method,method,True,0.9,v2
47455,exp5,MERTK,object,0,object,object,True,1.0,v2
47456,exp5,Immune privilege,property,0,property,,False,0.9,v2
47461,exp5,Cucurbita maxima,object,0,object,object,True,1.0,v2
47462,exp5,Mucosal melanoma,object,0,object,object,True,1.0,v2
47466,exp5,Magnetorheological damper,object,0,object,object,True,1.0,v2
47467,exp5,Network-centric warfare,topic,0,topic,,False,0.9,v2
47469,exp5,KRAS,object,0,object,object,True,1.0,v2
47476,exp5,Soccer robot,object,0,object,object,True,0.9,v2
47477,exp5,Degrowth,topic,0,topic,,False,0.9,v2
47483,exp5,Nios II,object,0,object,object,True,0.9,v2
47488,exp5,Properties of concrete,property,0,property,,False,0.9,v2
47489,exp5,Joint hypermobility,property,0,property,,False,0.9,v2
47492,exp5,Rosai–Dorfman disease,object,0,object,object,True,1.0,v2
47493,exp5,Limit load,property,0,property,,False,0.9,v2
47499,exp5,Martensitic stainless steel,object,0,object,object,True,1.0,v2
47506,exp5,Pterostilbene,object,0,object,object,True,1.0,v2
47508,exp5,Etonogestrel,object,0,object,object,True,1.0,v2
47510,exp5,Umbilical hernia,object,0,object,object,True,1.0,v2
47513,exp5,Datapath,object,0,object,object,True,1.0,v2
47516,exp5,Clear cell carcinoma,object,0,object,object,True,1.0,v2
47520,exp5,Orobanchaceae,object,0,object,object,True,1.0,v2
47521,exp5,Sulfamide,object,0,object,object,True,1.0,v2
47527,exp5,Wetting layer,object,0,object,object,True,1.0,v2
47528,exp5,Artemia salina,object,0,object,object,True,1.0,v2
47535,exp5,Gas diffusion electrode,object,0,object,object,True,1.0,v2
47536,exp5,Protocatechuic acid,object,0,object,object,True,1.0,v2
47542,exp5,Belimumab,object,0,object,object,True,1.0,v2
47543,exp5,Heritage tourism,topic,0,topic,,False,1.0,v2
47545,exp5,Myopericarditis,object,0,object,object,True,1.0,v2
47550,exp5,Stakeholder management,topic,0,topic,,False,1.0,v2
47556,exp5,Legal consciousness,topic,0,topic,,False,1.0,v2
47558,exp5,Vaporizer,object,0,object,object,True,1.0,v2
47562,exp5,Educational institution,object,0,object,object,True,1.0,v2
47563,exp5,Major depressive episode,object,0,object,object,True,1.0,v2
47565,exp5,Zygomatic arch,object,0,object,object,True,1.0,v2
47575,exp5,Voice prosthesis,object,0,object,object,True,1.0,v2
47581,exp5,Splenic infarction,object,0,object,object,True,1.0,v2
47589,exp5,Monocarboxylate transporter,object,0,object,object,True,1.0,v2
47594,exp5,Reputation system,method,0,method,method,True,1.0,v2
47595,exp5,Hydroxypropyl cellulose,object,0,object,object,True,1.0,v2
47604,exp5,Diallyl trisulfide,object,0,object,object,True,1.0,v2
47606,exp5,Gellan gum,object,0,object,object,True,1.0,v2
47608,exp5,Mutual authentication,method,0,method,method,True,1.0,v2
47620,exp5,Obesity paradox,property,0,property,,False,1.0,v2
47625,exp5,Industrial waste,object,0,object,object,True,1.0,v2
47628,exp5,Glycine soja,object,0,object,object,True,1.0,v2
47629,exp5,Myxoid liposarcoma,object,0,object,object,True,1.0,v2
47638,exp5,Modified starch,object,0,object,object,True,1.0,v2
47640,exp5,Anakinra,object,0,object,object,True,1.0,v2
47644,exp5,Early Triassic,object,0,object,object,True,1.0,v2
47647,exp5,Multicystic dysplastic kidney,object,0,object,object,True,1.0,v2
47649,exp5,Conch,object,0,object,object,True,1.0,v2
47651,exp5,Fucoxanthin,object,0,object,object,True,1.0,v2
47656,exp5,Tribulus terrestris,object,0,object,object,True,1.0,v2
47657,exp5,Bardet–Biedl syndrome,object,0,object,object,True,1.0,v2
47665,exp5,Isovector,object,0,object,property,False,1.0,v2
47670,exp5,Virtual campus,object,0,object,topic,False,0.9,v2
47675,exp5,Polyaspartic acid,object,0,object,object,True,0.9,v2
47676,exp5,Wandering spleen,object,0,object,object,True,0.9,v2
47683,exp5,Penicillium digitatum,object,0,object,object,True,0.9,v2
47686,exp5,Dyscalculia,object,0,object,object,True,0.9,v2
47692,exp5,Desulfovibrio vulgaris,object,0,object,object,True,0.9,v2
47694,exp5,Exonuclease III,object,0,object,object,True,0.9,v2
47700,exp5,Female athlete triad,object,0,object,object,True,0.9,v2
47703,exp5,Ulinastatin,object,0,object,object,True,0.9,v2
47704,exp5,Callose,object,0,object,object,True,0.9,v2
47705,exp5,Phonemic awareness,method,0,method,method,True,0.9,v2
47706,exp5,Ehrlichia canis,object,0,object,object,True,0.9,v2
47711,exp5,Xanthomonas campestris pv. campestris,object,0,object,object,True,0.9,v2
47713,exp5,Hectorite,object,0,object,object,True,0.9,v2
47714,exp5,Gastrodin,object,0,object,object,True,0.9,v2
47716,exp5,MEK inhibitor,object,0,object,object,True,0.9,v2
47717,exp5,Rasagiline,object,0,object,object,True,0.9,v2
47721,exp5,Parabolic trough,object,0,object,object,True,0.9,v2
47725,exp5,Dissolving pulp,object,0,object,object,True,0.9,v2
47727,exp5,Unstructured data,object,0,object,property,False,0.9,v2
47728,exp5,Sodium aluminate,object,0,object,object,True,0.976,v2
47730,exp5,Wee1,object,0,object,object,True,0.976,v2
47732,exp5,Screen time,topic,0,topic,,False,0.976,v2
47733,exp5,Plectranthus,object,0,object,object,True,0.976,v2
47735,exp5,Dowry,topic,0,topic,,False,0.976,v2
47736,exp5,Infection rate,property,0,property,,False,0.976,v2
47748,exp5,Labor disputes,topic,0,topic,,False,0.976,v2
47752,exp5,Avena fatua,object,0,object,object,True,0.976,v2
47754,exp5,Headphones,object,0,object,object,True,0.976,v2
47755,exp5,Snacking,topic,0,topic,,False,0.976,v2
47758,exp5,Saporin,object,0,object,object,True,0.976,v2
47759,exp5,Energy management system,object,0,object,object,True,0.976,v2
47760,exp5,Fries rearrangement,method,0,method,method,True,0.976,v2
47761,exp5,Taxodium,object,0,object,object,True,0.976,v2
47763,exp5,Exosome,object,0,object,object,True,0.976,v2
47764,exp5,Rhamnaceae,object,0,object,object,True,0.976,v2
47765,exp5,Equol,object,0,object,object,True,0.976,v2
47769,exp5,Organizational identity,topic,0,topic,,False,0.976,v2
47771,exp5,Immunostimulant,object,0,object,object,True,0.976,v2
47772,exp5,Helpfulness,property,0,property,,False,0.976,v2
47775,exp5,Mars rover,object,0,object,object,True,0.9,v2
47778,exp5,Enchondroma,object,0,object,object,True,0.9,v2
47786,exp5,Magnoliaceae,object,0,object,object,True,0.9,v2
47788,exp5,Staphylococcus lugdunensis,object,0,object,object,True,0.9,v2
47791,exp5,Intraoperative neurophysiological monitoring,method,0,method,method,True,0.9,v2
47794,exp5,Waypoint,object,0,object,object,True,0.9,v2
47795,exp5,Prophenoloxidase,object,0,object,object,True,0.9,v2
47798,exp5,Chikungunya,object,0,object,object,True,0.9,v2
47799,exp5,Chytridiomycosis,object,0,object,object,True,0.9,v2
47800,exp5,ARID1A,object,0,object,object,True,0.9,v2
47801,exp5,Amygdalin,object,0,object,object,True,0.9,v2
47803,exp5,Arthrospira,object,0,object,object,True,0.9,v2
47808,exp5,Dramatization,topic,0,topic,,False,0.9,v2
47810,exp5,Meaning-making,topic,0,topic,,False,0.9,v2
47811,exp5,Local election,topic,0,topic,,False,0.9,v2
47812,exp5,Arecoline,object,0,object,object,True,0.9,v2
47813,exp5,Avian malaria,object,0,object,object,True,0.9,v2
47815,exp5,Nutcracker syndrome,object,0,object,object,True,0.9,v2
47817,exp5,Residuated lattice,object,0,object,object,True,0.9,v2
47819,exp5,Clear cell renal cell carcinoma,object,0,object,object,True,0.9,v2
47821,exp5,Gamma-glutamyltransferase,object,0,object,object,True,0.9,v2
47824,exp5,Hecke algebra,object,0,object,object,True,0.9,v2
47825,exp5,Vowel harmony,property,0,property,,False,0.9,v2
47826,exp5,Dirichlet process,method,0,method,method,True,0.9,v2
47832,exp5,Nickel sulfide,object,0,object,object,True,0.9,v2
47839,exp5,Eudora,object,0,object,object,True,0.9,v2
47845,exp5,Mind-wandering,property,0,property,,False,0.9,v2
47846,exp5,Pea protein,object,0,object,object,True,0.9,v2
47859,exp5,Bubble column reactor,object,0,object,object,True,0.9,v2
47860,exp5,Legislator,object,0,object,object,True,0.9,v2
47863,exp5,Acute aortic syndrome,object,0,object,object,True,0.9,v2
47870,exp5,Pilomatricoma,object,0,object,object,True,0.9,v2
47874,exp5,Golimumab,object,0,object,object,True,0.9,v2
47883,exp5,Rooster,object,0,object,object,True,0.9,v2
47886,exp5,Special collections,topic,0,topic,,False,0.9,v2
47899,exp5,Kazakh,object,0,object,object,True,0.9,v2
47908,exp5,Exclusionary rule,property,0,property,,False,0.9,v2
47909,exp5,Proclamation,property,0,property,,False,0.9,v2
47914,exp5,Chua's circuit,object,0,object,object,True,0.9,v2
47918,exp5,Supplementary motor area,object,0,object,object,True,0.9,v2
47925,exp5,Scan statistic,method,0,method,method,True,0.9,v2
47931,exp5,Lateral meniscus,object,0,object,object,True,0.9,v2
47935,exp5,Industrial park,object,0,object,object,True,0.9,v2
47936,exp5,Acartia tonsa,object,0,object,object,True,0.9,v2
47940,exp5,Triol,object,0,object,object,True,0.9,v2
47942,exp5,Sanctification,topic,0,topic,,False,0.9,v2
47946,exp5,Rhizophora mangle,object,0,object,object,True,0.9,v2
47948,exp5,P22phox,object,0,object,object,True,0.9,v2
47950,exp5,Tenuipalpidae,object,0,object,object,True,0.9,v2
47951,exp5,Papillary tumor,object,0,object,object,True,0.9,v2
47952,exp5,Biointerface,object,0,object,object,True,0.9,v2
47953,exp5,Liraglutide,object,0,object,object,True,0.9,v2
47954,exp5,Luciferin,object,0,object,object,True,0.9,v2
47956,exp5,Cardiorenal syndrome,object,0,object,object,True,0.9,v2
47958,exp5,APOBEC3G,object,0,object,object,True,0.9,v2
47960,exp5,Uterine perforation,object,0,object,object,True,0.9,v2
47963,exp5,Bostrichidae,object,0,object,object,True,0.9,v2
47968,exp5,Veliparib,object,0,object,object,True,0.9,v2
47978,exp5,Personal property,object,0,object,topic,False,0.9,v2
47985,exp5,Corannulene,object,0,object,object,True,0.9,v2
47988,exp5,Rammed earth,method,0,method,method,True,0.9,v2
48000,exp5,Alien Tort Statute,object,0,object,topic,False,0.9,v2
48007,exp5,Death anxiety,property,0,property,,False,0.9,v2
48008,exp5,Proboscis,object,0,object,object,True,0.9,v2
48009,exp5,Medical tourism,topic,0,topic,,False,0.9,v2
48010,exp5,Melilotus,object,0,object,object,True,0.9,v2
48016,exp5,Acoustic radiation force,method,0,method,property,False,0.9,v2
48019,exp5,Fire alarm system,object,0,object,object,True,0.9,v2
48021,exp5,Glycidol,object,0,object,object,True,0.9,v2
48022,exp5,Nitroreductase,object,0,object,object,True,0.9,v2
48026,exp5,Facial artery,object,0,object,object,True,0.9,v2
48029,exp5,Anaplasmosis,property,0,property,,False,0.9,v2
48034,exp5,XBP1,object,0,object,object,True,0.9,v2
48036,exp5,Current source,object,0,object,object,True,0.9,v2
48038,exp5,Mass-casualty incident,property,0,property,,False,0.9,v2
48046,exp5,Honokiol,object,0,object,object,True,0.9,v2
48048,exp5,Bill of lading,object,0,object,object,True,0.9,v2
48052,exp5,Calvinism,topic,0,topic,,False,0.9,v2
48055,exp5,Dalbavancin,object,0,object,object,True,0.9,v2
48063,exp5,Clupeidae,object,0,object,object,True,0.9,v2
48067,exp5,Elemene,object,0,object,object,True,1.0,v2
48068,exp5,Epithelial dysplasia,object,0,object,object,True,1.0,v2
48069,exp5,Writing process,topic,0,topic,,False,1.0,v2
48072,exp5,Intracranial pressure monitoring,method,0,method,method,True,1.0,v2
48074,exp5,Fidaxomicin,object,0,object,object,True,1.0,v2
48077,exp5,Acenocoumarol,object,0,object,object,True,1.0,v2
48082,exp5,Vermiform,object,0,object,property,False,1.0,v2
48084,exp5,Computed tomography angiography,method,0,method,method,True,1.0,v2
48090,exp5,Anatidae,object,0,object,object,True,1.0,v2
48092,exp5,Xylylene,object,0,object,object,True,1.0,v2
48095,exp5,Underwater explosion,object,0,object,object,True,1.0,v2
48096,exp5,Safranal,object,0,object,object,True,1.0,v2
48098,exp5,Rothschild,object,0,object,object,True,1.0,v2
48105,exp5,Picric acid,object,0,object,object,True,1.0,v2
48112,exp5,Oncomelania,object,0,object,object,True,1.0,v2
48117,exp5,Akkadian,object,0,object,object,True,1.0,v2
48120,exp5,Flatworm,object,0,object,object,True,1.0,v2
48126,exp5,Digital evidence,object,0,object,object,True,1.0,v2
48128,exp5,Andrographolide,object,0,object,object,True,1.0,v2
48129,exp5,Fructosamine,object,0,object,object,True,1.0,v2
48132,exp5,Fresnel lens,object,0,object,object,True,0.9,v2
48134,exp5,Neurokinin B,object,0,object,object,True,1.0,v2
48136,exp5,Abortion law,topic,0,topic,,False,0.9,v2
48137,exp5,Car ownership,topic,0,topic,,False,0.9,v2
48138,exp5,Gambogic acid,object,0,object,object,True,1.0,v2
48148,exp5,Fruit wine,topic,0,topic,,False,0.9,v2
48154,exp5,Ethnogenesis,topic,0,topic,,False,0.9,v2
48157,exp5,Context awareness,property,0,property,,False,0.9,v2
48159,exp5,Differentiated instruction,topic,0,topic,,False,0.9,v2
48168,exp5,Metal halides,object,0,object,object,True,0.9,v2
48169,exp5,Indigenous language,topic,0,topic,,False,0.9,v2
48171,exp5,Citral,object,0,object,object,True,1.0,v2
48173,exp5,Galvanic corrosion,topic,0,topic,,False,0.9,v2
48176,exp5,Cochliomyia hominivorax,object,0,object,object,True,1.0,v2
48177,exp5,Kounis syndrome,object,0,object,object,True,0.9,v2
48184,exp5,Lavandula angustifolia,object,0,object,object,True,1.0,v2
48190,exp5,BODIPY,object,0,object,object,True,0.9,v2
48194,exp5,Nosema ceranae,object,0,object,object,True,1.0,v2
48197,exp5,Meldrum's acid,object,0,object,object,True,0.9,v2
48200,exp5,Cerebellar artery,object,0,object,object,True,0.9,v2
48204,exp5,Idiopathic interstitial pneumonia,object,0,object,object,True,0.9,v2
48206,exp5,Glycemic load,property,0,property,,False,0.9,v2
48210,exp5,Folk medicine,topic,0,topic,,False,0.9,v2
48212,exp5,VE-cadherin,object,0,object,object,True,0.9,v2
48214,exp5,Clinical prediction rule,method,0,method,method,True,0.9,v2
48218,exp5,Election law,topic,0,topic,,False,0.9,v2
48222,exp5,Micromonospora,object,0,object,object,True,0.9,v2
48227,exp5,Metritis,object,0,object,object,True,0.9,v2
48229,exp5,Polyester resin,object,0,object,object,True,0.9,v2
48234,exp5,Botryosphaeria,object,0,object,object,True,0.9,v2
48237,exp5,Longevity risk,property,0,property,,False,0.9,v2
48241,exp5,Arylesterase,object,0,object,object,True,0.9,v2
48242,exp5,Bessel beam,object,0,object,object,True,0.9,v2
48243,exp5,Pinctada fucata,object,0,object,object,True,0.9,v2
48246,exp5,Challenging behaviour,object,0,object,property,False,0.9,v2
48256,exp5,TARDBP,object,0,object,object,True,0.9,v2
48257,exp5,Heavy mineral,object,0,object,object,True,0.9,v2
48259,exp5,Criminal code,object,0,object,object,True,0.9,v2
48262,exp5,Adaptive sampling,method,0,method,method,True,0.9,v2
48265,exp5,Data publishing,topic,0,topic,,False,0.9,v2
48269,exp5,SC-FDE,method,0,method,method,True,0.9,v2
48271,exp5,Tyrosol,object,0,object,object,True,1.0,v2
48279,exp5,Creative class,topic,0,topic,,False,0.9,v2
48282,exp5,Narrow-band imaging,method,0,method,method,True,1.0,v2
48285,exp5,Interleukin 28B,object,0,object,object,True,1.0,v2
48288,exp5,Hair analysis,method,0,method,method,True,1.0,v2
48289,exp5,Hyperprolactinaemia,object,0,object,object,True,1.0,v2
48292,exp5,DPPH,object,0,object,object,True,1.0,v2
48297,exp5,Sales promotion,topic,0,topic,,False,0.9,v2
48312,exp5,Coal preparation plant,object,0,object,object,True,1.0,v2
48313,exp5,DSM-5,object,0,object,object,True,1.0,v2
48314,exp5,Camelina,object,0,object,object,True,1.0,v2
48316,exp5,Angioleiomyoma,object,0,object,object,True,1.0,v2
48320,exp5,Rhynchophorus,object,0,object,object,True,1.0,v2
48321,exp5,Intrapreneurship,topic,0,topic,,False,0.9,v2
48322,exp5,Pig iron,object,0,object,object,True,1.0,v2
48327,exp5,Verbal autopsy,method,0,method,method,True,1.0,v2
48333,exp5,Geomicrobiology,topic,0,topic,,False,1.0,v2
48335,exp5,Antinomy,property,0,property,,False,0.9,v2
48341,exp5,Aortic valve stenosis,object,0,object,object,True,1.0,v2
48348,exp5,Joint stiffness,property,0,property,,False,0.9,v2
48352,exp5,Cooperative game theory,topic,0,topic,,False,0.9,v2
48353,exp5,Miltefosine,object,0,object,object,True,0.9,v2
48355,exp5,Hand eczema,object,0,object,object,True,0.9,v2
48359,exp5,Panchayati raj,topic,0,topic,,False,0.9,v2
48361,exp5,Dienogest,object,0,object,object,True,0.9,v2
48368,exp5,Carbon accounting,topic,0,topic,,False,0.9,v2
48376,exp5,Lumbricidae,object,0,object,object,True,0.9,v2
48382,exp5,Bruise,object,0,object,object,True,0.9,v2
48384,exp5,Arbutin,object,0,object,object,True,0.9,v2
48386,exp5,Stockpile,object,0,object,object,True,0.9,v2
48387,exp5,Acidithiobacillus,object,0,object,object,True,0.9,v2
48389,exp5,Candida krusei,object,0,object,object,True,0.9,v2
48391,exp5,NS5B,object,0,object,object,True,0.9,v2
48394,exp5,Cost allocation,topic,0,topic,,False,0.9,v2
48396,exp5,Carbon leakage,property,0,property,,False,0.9,v2
48398,exp5,Apremilast,object,0,object,object,True,0.9,v2
48399,exp5,Brachiocephalic artery,object,0,object,object,True,0.9,v2
48400,exp5,Pyocyanin,object,0,object,object,True,0.9,v2
48413,exp5,Anterior cervical discectomy and fusion,method,0,method,method,True,0.9,v2
48415,exp5,Vacuum drying,method,0,method,method,True,0.9,v2
48417,exp5,Chromoblastomycosis,object,0,object,object,True,0.9,v2
48418,exp5,Futurist,object,0,object,object,True,0.9,v2
48419,exp5,Spirogyra,object,0,object,object,True,0.9,v2
48423,exp5,Prurigo,object,0,object,object,True,0.9,v2
48425,exp5,Lacrimal sac,object,0,object,object,True,0.9,v2
48429,exp5,Excessive daytime sleepiness,property,0,property,,False,0.9,v2
48430,exp5,Ipilimumab,object,0,object,object,True,0.9,v2
48433,exp5,Aortic valvuloplasty,method,0,method,method,True,0.9,v2
48434,exp5,Antifibrinolytic,object,0,object,object,True,0.9,v2
48436,exp5,Cyclooctene,object,0,object,object,True,0.9,v2
48442,exp5,Consecration,topic,0,topic,,False,0.9,v2
48445,exp5,Genipin,object,0,object,object,True,0.9,v2
48446,exp5,Regulatory B cells,object,0,object,object,True,0.9,v2
48455,exp5,Shikimic acid,object,0,object,object,True,0.9,v2
48457,exp5,Wood-plastic composite,object,0,object,object,True,0.9,v2
48461,exp5,Precuneus,object,0,object,object,True,0.9,v2
48462,exp5,Bendamustine,object,0,object,object,True,0.9,v2
48465,exp5,Flunitrazepam,object,0,object,object,True,0.9,v2
48469,exp5,Nevus of Ota,object,0,object,object,True,0.9,v2
48470,exp5,Impulse control disorder,object,0,object,object,True,0.9,v2
48473,exp5,High-intensity interval training,method,0,method,method,True,0.9,v2
48474,exp5,Hair transplantation,method,0,method,method,True,0.9,v2
48479,exp5,Manihot,object,0,object,object,True,0.9,v2
48484,exp5,Glottis,object,0,object,object,True,0.9,v2
48496,exp5,Gyrodactylus,object,0,object,object,True,0.9,v2
48504,exp5,Proteostasis,topic,0,topic,,False,0.9,v2
48507,exp5,Dialysis catheter,object,0,object,object,True,0.9,v2
48509,exp5,Ambrosia beetle,object,0,object,object,True,0.9,v2
48514,exp5,Single-molecule FRET,method,0,method,method,True,0.9,v2
48520,exp5,Acid sphingomyelinase,object,0,object,object,True,0.9,v2
48523,exp5,Ardea,object,0,object,object,True,0.9,v2
48527,exp5,Anabas testudineus,object,0,object,object,True,0.9,v2
48529,exp5,Democratic revolution,topic,0,topic,,False,0.9,v2
48531,exp5,Autoimmune encephalitis,object,0,object,object,True,0.9,v2
48533,exp5,Naphthenic acid,object,0,object,object,True,0.9,v2
48536,exp5,Doublecortin,object,0,object,object,True,0.9,v2
48538,exp5,Myriapoda,object,0,object,object,True,0.9,v2
48542,exp5,Romidepsin,object,0,object,object,True,0.9,v2
48544,exp5,Hepatozoon,object,0,object,object,True,0.9,v2
48547,exp5,Dithranol,object,0,object,object,True,1.0,v2
48548,exp5,Distribution center,object,0,object,object,True,1.0,v2
48554,exp5,Ellagic acid,object,0,object,object,True,1.0,v2
48561,exp5,Baicalein,object,0,object,object,True,1.0,v2
48565,exp5,Progressive myoclonus epilepsy,object,0,object,object,True,1.0,v2
48566,exp5,Hip resurfacing,method,0,method,method,True,1.0,v2
48570,exp5,Gastropexy,method,0,method,method,True,1.0,v2
48571,exp5,Photopheresis,method,0,method,method,True,1.0,v2
48573,exp5,Real-time simulation,method,0,method,method,True,1.0,v2
48576,exp5,Seahorse,object,0,object,object,True,1.0,v2
48583,exp5,Rolandic epilepsy,object,0,object,object,True,1.0,v2
48586,exp5,Risk measure,property,0,property,,False,1.0,v2
48589,exp5,Iodinated contrast media,object,0,object,object,True,1.0,v2
48597,exp5,Coagulation Disorder,object,0,object,object,True,1.0,v2
48598,exp5,Central precocious puberty,object,0,object,object,True,1.0,v2
48600,exp5,Palmar hyperhidrosis,object,0,object,object,True,1.0,v2
48609,exp5,Chlorpheniramine Maleate,object,0,object,object,True,1.0,v2
48611,exp5,Supreme Court Decisions,object,0,object,object,True,1.0,v2
48614,exp5,Dental technician,object,0,object,object,True,1.0,v2
48618,exp5,Intermittent exotropia,object,0,object,object,True,1.0,v2
48622,exp5,Gait Disturbance,property,0,property,,False,0.9,v2
48625,exp5,Forkhead Transcription Factors,object,0,object,object,True,0.9,v2
48634,exp5,Antirheumatic drugs,object,0,object,object,True,0.9,v2
48642,exp5,Haemolytic-uraemic syndrome,object,0,object,object,True,0.9,v2
48643,exp5,Coregonus lavaretus,object,0,object,object,True,0.9,v2
48647,exp5,Liver steatosis,object,0,object,object,True,0.9,v2
48651,exp5,Lysosomal storage disorders,object,0,object,object,True,0.9,v2
48669,exp5,Caesarean delivery,method,0,method,method,True,0.9,v2
48676,exp5,Meleagris gallopavo,object,0,object,object,True,0.9,v2
48683,exp5,Lawsonia intracellularis,object,0,object,object,True,0.9,v2
48685,exp5,Epithelial ovarian carcinoma,object,0,object,object,True,0.9,v2
48686,exp5,Lepidium sativum,object,0,object,object,True,0.9,v2
48688,exp5,Citrullus colocynthis,object,0,object,object,True,0.9,v2
48692,exp5,Choristoma,object,0,object,object,True,0.9,v2
48693,exp5,Hyperviscosity,property,0,property,,False,0.9,v2
48694,exp5,Streptococcus equi,object,0,object,object,True,0.9,v2
48698,exp5,Panretinal photocoagulation,method,0,method,method,True,0.9,v2
48701,exp5,Pre-Registration,topic,0,topic,,False,0.9,v2
48708,exp5,Subcutaneous adipose tissue,object,0,object,object,True,0.9,v2
48709,exp5,Carotid bifurcation,object,0,object,object,True,0.9,v2
48710,exp5,Transoral robotic surgery,method,0,method,method,True,1.0,v2
48723,exp5,Sequestosome 1,object,0,object,object,True,1.0,v2
48728,exp5,Solidago canadensis,object,0,object,object,True,1.0,v2
48729,exp5,Oral contraception,topic,0,topic,,False,1.0,v2
48731,exp5,Anabolic-Androgenic Steroids,object,0,object,object,True,1.0,v2
48732,exp5,Mentha spicata,object,0,object,object,True,1.0,v2
48737,exp5,Blood donations,topic,0,topic,,False,1.0,v2
48742,exp5,Vehicle accident,topic,0,topic,,False,1.0,v2
48751,exp5,Lumbar lordosis,property,0,property,,False,1.0,v2
48762,exp5,Thioredoxin-Interacting Protein,object,0,object,object,True,1.0,v2
48769,exp5,Interferon beta-1a,object,0,object,object,True,1.0,v2
48777,exp5,Pongo pygmaeus,object,0,object,object,True,1.0,v2
48784,exp5,Nucleophosmin,object,0,object,object,True,1.0,v2
48786,exp5,Gastroepiploic Artery,object,0,object,object,True,1.0,v2
48788,exp5,Dentine hypersensitivity,topic,0,topic,,False,1.0,v2
48789,exp5,Exserohilum,object,0,object,object,True,1.0,v2
48790,exp5,Human Epidermal Growth Factor Receptor 2,object,0,object,object,True,1.0,v2
48792,exp5,Mustela putorius,object,0,object,object,True,1.0,v2
48799,exp5,Ischemia-modified albumin,object,0,object,object,True,1.0,v2
48802,exp5,Quorum Quenching,method,0,method,property,False,1.0,v2
48803,exp5,Rosuvastatin Calcium,object,0,object,object,True,1.0,v2
48808,exp5,Do Not Resuscitate Order,object,0,object,object,True,1.0,v2
48813,exp5,Adverse Childhood Experiences,object,0,object,property,False,1.0,v2
48822,exp5,Congenital Neutropenia,object,0,object,object,True,1.0,v2
48825,exp5,Keratocystic Odontogenic Tumor,object,0,object,object,True,1.0,v2
48827,exp5,Retinal Prosthesis,object,0,object,object,True,1.0,v2
48830,exp5,Positron Emission Tomography-Computed Tomography,method,0,method,method,True,1.0,v2
48833,exp5,Outer hair cells,object,0,object,object,True,1.0,v2
48846,exp5,CRANBERRY JUICE,object,0,object,object,True,1.0,v2
48852,exp5,Pomacea canaliculata,object,0,object,object,True,1.0,v2
48855,exp5,Secondary glaucoma,object,0,object,object,True,1.0,v2
48856,exp5,Southern elephant seal,object,0,object,object,True,1.0,v2
48860,exp5,Capsicum chinense,object,0,object,object,True,1.0,v2
48861,exp5,Biliopancreatic Diversion,method,0,method,method,True,1.0,v2
48887,exp5,Adansonia digitata,object,0,object,object,True,1.0,v2
48900,exp5,Impaired renal function,property,0,property,,False,1.0,v2
48902,exp5,Umbilical Cord Blood Transplantation,method,0,method,method,True,1.0,v2
48905,exp5,Diffusion-Weighted Magnetic Resonance Imaging,method,0,method,method,True,1.0,v2
48917,exp5,Myoepithelioma,object,0,object,object,True,1.0,v2
48918,exp5,Ectopic thyroid,object,0,object,object,True,1.0,v2
48930,exp5,Herbicide resistance,object,0,object,property,False,0.9,v2
48935,exp5,Living Wills,object,0,object,object,True,0.9,v2
48938,exp5,Antimalarial Agent,object,0,object,object,True,0.9,v2
48941,exp5,Sunitinib malate,object,0,object,object,True,0.9,v2
48943,exp5,Carcinoid tumour,object,0,object,object,True,0.9,v2
48960,exp5,Facial nerve palsy,object,0,object,object,True,0.9,v2
48961,exp5,Pneumatosis Cystoides Intestinalis,object,0,object,object,True,0.9,v2
48962,exp5,Infectious pancreatic necrosis virus,object,0,object,object,True,0.9,v2
48967,exp5,Intraoperative radiotherapy,method,0,method,method,True,0.9,v2
48969,exp5,Sigmoid volvulus,object,0,object,object,True,0.9,v2
48970,exp5,Maternal death,property,0,property,,False,0.9,v2
48974,exp5,Hypothalamic hamartoma,object,0,object,object,True,0.9,v2
48978,exp5,Cleidocranial Dysplasia,object,0,object,object,True,0.9,v2
48980,exp5,High Gravity,property,0,property,,False,0.9,v2
48983,exp5,Acute myocarditis,object,0,object,object,True,0.9,v2
48985,exp5,Chronic idiopathic urticaria,object,0,object,object,True,0.9,v2
48988,exp5,Corchorus olitorius,object,0,object,object,True,0.9,v2
48989,exp5,Skilled Nursing Facility,object,0,object,object,True,0.9,v2
48992,exp5,Myocardial bridging,object,0,object,object,True,0.9,v2
48993,exp5,Spinal epidural abscess,object,0,object,object,True,0.9,v2
48998,exp5,Trachelectomy,method,0,method,method,True,0.9,v2
49002,exp5,Value-Based Purchasing,topic,0,topic,,False,0.9,v2
49003,exp5,Cimex lectularius,object,0,object,object,True,0.9,v2
49014,exp5,Urinary Bladder Cancer,object,0,object,object,True,0.9,v2
49015,exp5,Stearoyl-CoA Desaturase,object,0,object,object,True,0.9,v2
49021,exp5,Vena cava filters,object,0,object,object,True,0.9,v2
49022,exp5,Plasma Cell Myeloma,object,0,object,object,True,0.9,v2
49026,exp5,Hepatic dysfunction,property,0,property,,False,0.9,v2
49038,exp5,Foot Orthoses,object,0,object,method,False,0.9,v2
49039,exp5,Axillary Lymph Node Dissection,method,0,method,method,True,0.9,v2
49041,exp5,Fetal Alcohol Spectrum Disorder,object,0,object,object,True,0.9,v2
49043,exp5,Radiation Pneumonitis,object,0,object,object,True,0.9,v2
49045,exp5,HIV screening,method,0,method,method,True,0.9,v2
49049,exp5,Estrus synchronization,method,0,method,method,True,0.9,v2
49052,exp5,Amaranthus cruentus,object,0,object,object,True,0.9,v2
49055,exp5,Levocarnitine,object,0,object,object,True,0.9,v2
49057,exp5,Masked Hypertension,object,0,object,object,True,0.9,v2
49072,exp5,Epicardial fat,object,0,object,object,True,0.9,v2
49073,exp5,Digital artery,object,0,object,object,True,0.9,v2
49074,exp5,Serous Cystadenoma,object,0,object,object,True,0.9,v2
49079,exp5,Prunus dulcis,object,0,object,object,True,1.0,v2
49081,exp5,Paliperidone Palmitate,object,0,object,object,True,1.0,v2
49085,exp5,Toll-Like Receptor 9,object,0,object,object,True,1.0,v2
49088,exp5,Ankle dorsiflexion,property,0,property,,False,1.0,v2
49092,exp5,Aspergillus awamori,object,0,object,object,True,1.0,v2
49099,exp5,Prunella vulgaris,object,0,object,object,True,1.0,v2
49100,exp5,Leishmania chagasi,object,0,object,object,True,1.0,v2
49103,exp5,Vivax malaria,object,0,object,object,True,1.0,v2
49108,exp5,Mycobacterium avium subsp. paratuberculosis,object,0,object,object,True,1.0,v2
49117,exp5,Hemodialysis Catheter,object,0,object,object,True,1.0,v2
49118,exp5,Quantitative sensory testing,method,0,method,method,True,1.0,v2
49123,exp5,Erythroblast,object,0,object,object,True,1.0,v2
49124,exp5,Humeral fracture,object,0,object,object,True,1.0,v2
49125,exp5,Gallus gallus domesticus,object,0,object,object,True,1.0,v2
49131,exp5,Gas Chromatography/Tandem Mass Spectrometry,method,0,method,method,True,1.0,v2
49133,exp5,Pyrimidinones,object,0,object,object,True,1.0,v2
49139,exp5,Human papillomavirus vaccine,object,0,object,object,True,1.0,v2
49148,exp5,URETEROSCOPE,object,0,object,method,False,1.0,v2
49151,exp5,Pediatric Radiology,topic,0,topic,,False,1.0,v2
49152,exp5,Zalophus californianus,object,0,object,object,True,1.0,v2
49156,exp5,Disodium cromoglycate,object,0,object,object,True,1.0,v2
49157,exp5,Breathing exercises,method,0,method,method,True,1.0,v2
49158,exp5,Pilomatrixoma,object,0,object,object,True,1.0,v2
49167,exp5,Oral leukoplakia,object,0,object,object,True,1.0,v2
49182,exp5,Trophoblastic Tumor,object,0,object,object,True,1.0,v2
49185,exp5,Betula platyphylla,object,0,object,object,True,1.0,v2
49189,exp5,Gender Identity Disorder,object,0,object,object,True,1.0,v2
49191,exp5,Minor Salivary Glands,object,0,object,object,True,1.0,v2
49200,exp5,Acute Bronchiolitis,object,0,object,object,True,1.0,v2
49203,exp5,Ultrasound elastography,method,0,method,method,True,1.0,v2
49205,exp5,Evening primrose,object,0,object,object,True,1.0,v2
49212,exp5,Anethum graveolens,object,0,object,object,True,1.0,v2
49221,exp5,American alligator,object,0,object,object,True,1.0,v2
49248,exp5,Blast Crisis,object,0,object,object,True,1.0,v2
49250,exp5,Asian Indian,object,0,object,object,True,1.0,v2
49251,exp5,Angiopoietin 2,object,0,object,object,True,1.0,v2
49254,exp5,Twin Twin Transfusion Syndrome,object,0,object,object,True,1.0,v2
49257,exp5,Preterm labour,object,0,object,object,True,1.0,v2
49261,exp5,Hamstring muscles,object,0,object,object,True,1.0,v2
49262,exp5,Hydroxyprogesterone,object,0,object,object,True,1.0,v2
49263,exp5,Ovarian Teratoma,object,0,object,object,True,0.9,v2
49264,exp5,Teen pregnancy,topic,0,topic,,False,0.9,v2
49277,exp5,Dermatofibroma,object,0,object,object,True,0.9,v2
49282,exp5,Digital Breast Tomosynthesis,method,0,method,method,True,0.9,v2
49288,exp5,Hydroxybenzoate,object,0,object,object,True,0.9,v2
49297,exp5,Geobacillus stearothermophilus,object,0,object,object,True,0.9,v2
49302,exp5,Radiation Therapist,object,0,object,object,True,0.9,v2
49304,exp5,Losartan Potassium,object,0,object,object,True,0.9,v2
49305,exp5,Comfort care,topic,0,topic,,False,0.9,v2
49309,exp5,MAMMOGRAPHIC DENSITY,property,0,property,,False,0.9,v2
49312,exp5,Lyme Neuroborreliosis,object,0,object,object,True,0.9,v2
49325,exp5,Antineoplastic Drugs,object,0,object,object,True,0.9,v2
49326,exp5,Supplemental Nutrition Assistance Program,topic,0,topic,,False,0.9,v2
49327,exp5,Colorectal adenocarcinoma,object,0,object,object,True,0.9,v2
49341,exp5,Avian leukosis,object,0,object,object,True,0.9,v2
49354,exp5,Peste-des-Petits-Ruminants,object,0,object,object,True,0.9,v2
49357,exp5,INTESTINAL TUBERCULOSIS,object,0,object,object,True,0.9,v2
49360,exp5,Financial Audit,method,0,method,method,True,0.9,v2
49361,exp5,Left main coronary artery disease,object,0,object,object,True,0.9,v2
49363,exp5,Manual wheelchair,object,0,object,object,True,0.9,v2
49369,exp5,Tethered Cord,object,0,object,object,True,1.0,v2
49370,exp5,JAK2 V617F,property,0,property,,False,1.0,v2
49371,exp5,Multimorbidity,property,0,property,,False,1.0,v2
49372,exp5,Ketorolac Tromethamine,object,0,object,object,True,1.0,v2
49375,exp5,Juvenile nasopharyngeal angiofibroma,object,0,object,object,True,1.0,v2
49390,exp5,Lawsonia inermis,object,0,object,object,True,1.0,v2
49403,exp5,Fat embolism syndrome,object,0,object,object,True,1.0,v2
49404,exp5,Natural polymers,object,0,object,object,True,1.0,v2
49405,exp5,Podoplanin,object,0,object,object,True,1.0,v2
49409,exp5,Pleurectomy,method,0,method,method,True,1.0,v2
49412,exp5,Polyplacophora,object,0,object,object,True,1.0,v2
49413,exp5,Ethnic Cleansing,topic,0,topic,,False,1.0,v2
49415,exp5,Corynebacterium pseudotuberculosis,object,0,object,object,True,1.0,v2
49423,exp5,Tooth Erosion,object,0,object,property,False,1.0,v2
49428,exp5,CADMIUM EXPOSURE,topic,0,topic,,False,1.0,v2
49436,exp5,Prunus cerasus,object,0,object,object,True,1.0,v2
49437,exp5,Narcotic drugs,object,0,object,object,True,1.0,v2
49438,exp5,Chiari I malformation,object,0,object,object,True,1.0,v2
49439,exp5,Cerebrotendinous Xanthomatosis,object,0,object,object,True,1.0,v2
49440,exp5,Peregrinus,object,0,object,object,True,1.0,v2
49442,exp5,Hypoxia-Inducible Factor 1,object,0,object,object,True,1.0,v2
49450,exp5,Phascolarctos cinereus,object,0,object,object,True,1.0,v2
49451,exp5,Pediatric Infectious Disease,topic,0,topic,,False,1.0,v2
49452,exp5,Laurus nobilis,object,0,object,object,True,1.0,v2
49464,exp5,Lemur catta,object,0,object,object,True,1.0,v2
49465,exp5,Tristetraprolin,object,0,object,object,True,1.0,v2
49472,exp5,Anisoptera,object,0,object,object,True,1.0,v2
49474,exp5,Nanodevice,object,0,object,object,True,1.0,v2
49475,exp5,Tissue Donation,topic,0,topic,,False,1.0,v2
49479,exp5,Radicular Cyst,object,0,object,object,True,1.0,v2
49481,exp5,African swine fever,object,0,object,object,True,1.0,v2
49492,exp5,Gymnema sylvestre,object,0,object,object,True,1.0,v2
49493,exp5,Iridovirus,object,0,object,object,True,1.0,v2
49494,exp5,Carcinoid Heart Disease,object,0,object,object,True,1.0,v2
49497,exp5,Salmon calcitonin,object,0,object,object,True,1.0,v2
49500,exp5,Miller-Fisher syndrome,object,0,object,object,True,1.0,v2
49503,exp5,Niacinamide,object,0,object,object,True,1.0,v2
49504,exp5,Turbinates,object,0,object,object,True,1.0,v2
49523,exp5,Milk Thistle,object,0,object,object,True,1.0,v2
49524,exp5,Pediatric Surgeon,topic,0,topic,,False,1.0,v2
49525,exp5,Temporal artery,object,0,object,object,True,0.9,v2
49537,exp5,Transversus abdominis,object,0,object,object,True,0.9,v2
49538,exp5,Cyclophilin A,object,0,object,object,True,0.9,v2
49543,exp5,Para-aminosalicylic acid,object,0,object,object,True,0.9,v2
49546,exp5,Custard-apple,object,0,object,object,True,0.9,v2
49550,exp5,Metoprolol Tartrate,object,0,object,object,True,0.9,v2
49552,exp5,Laparoscopic adjustable gastric banding,object,0,object,object,True,0.9,v2
49558,exp5,Right hemicolectomy,method,0,method,method,True,0.9,v2
49562,exp5,Sodium Caseinate,object,0,object,object,True,0.9,v2
49582,exp5,Obscure gastrointestinal bleeding,topic,0,topic,,False,0.9,v2
49583,exp5,Bufo marinus,object,0,object,object,True,0.9,v2
49585,exp5,Coronoid process,object,0,object,object,True,0.9,v2
49588,exp5,Atherosclerotic cardiovascular disease,topic,0,topic,,False,0.9,v2
49593,exp5,Lens capsule,object,0,object,object,True,0.9,v2
49596,exp5,Prenatal alcohol exposure,topic,0,topic,,False,0.9,v2
49602,exp5,Thimerosal,object,0,object,object,True,0.9,v2
49605,exp5,Ankle arthrodesis,method,0,method,method,True,0.9,v2
49607,exp5,Pilonidal disease,topic,0,topic,,False,0.9,v2
49612,exp5,Metformin Hydrochloride,object,0,object,object,True,0.9,v2
49613,exp5,Aminopyridines,object,0,object,object,True,0.9,v2
49620,exp5,Lablab purpureus,object,0,object,object,True,1.0,v2
49621,exp5,Occipital condyle,object,0,object,object,True,1.0,v2
49632,exp5,Palmoplantar pustulosis,object,0,object,object,True,1.0,v2
49636,exp5,Radial fractures,object,0,object,object,True,1.0,v2
49639,exp5,Basal insulin,object,0,object,object,True,1.0,v2
49642,exp5,Knee Dislocation,object,0,object,object,True,1.0,v2
49645,exp5,Peripheral arterial occlusive disease,object,0,object,object,True,1.0,v2
49651,exp5,Microchemistry,method,0,method,method,True,1.0,v2
49655,exp5,Harbor seal,object,0,object,object,True,1.0,v2
49667,exp5,Hemicolectomy,method,0,method,method,True,1.0,v2
49672,exp5,Pumpkin seed,object,0,object,object,True,1.0,v2
49680,exp5,Vestibular rehabilitation,method,0,method,method,True,1.0,v2
49681,exp5,Antithyroid drugs,object,0,object,object,True,1.0,v2
49684,exp5,Medication Reconciliation,method,0,method,method,True,1.0,v2
49687,exp5,Tension pneumothorax,object,0,object,object,True,1.0,v2
49699,exp5,Glycopyrrolate,object,0,object,object,True,1.0,v2
49700,exp5,Ciprofloxacin Hydrochloride,object,0,object,object,True,1.0,v2
49701,exp5,Political activism,topic,0,topic,,False,1.0,v2
49711,exp5,Clostridium Difficile Colitis,object,0,object,object,True,1.0,v2
49713,exp5,Gestational trophoblastic neoplasia,object,0,object,object,True,1.0,v2
49719,exp5,Severe Acute Malnutrition,object,0,object,object,True,0.9,v2
49720,exp5,Gastroesophageal Junction,object,0,object,object,True,0.9,v2
49727,exp5,Somatotypes,object,0,object,object,True,0.9,v2
49729,exp5,Capparis spinosa,object,0,object,object,True,0.9,v2
49738,exp5,Rhizomucor miehei,object,0,object,object,True,0.9,v2
49743,exp5,Febrile convulsions,object,0,object,object,True,0.9,v2
49745,exp5,Psychometric testing,method,0,method,method,True,0.9,v2
49746,exp5,Ebolavirus,object,0,object,object,True,0.9,v2
49755,exp5,Head nurse,object,0,object,object,True,0.9,v2
49757,exp5,Bone Sarcoma,object,0,object,object,True,0.9,v2
49769,exp5,Kidney donation,method,0,method,method,True,0.9,v2
49772,exp5,Liver Hemangioma,object,0,object,object,True,0.9,v2
49777,exp5,Faith-Based Organizations,object,0,object,object,True,0.9,v2
49780,exp5,Diketopiperazines,object,0,object,object,True,0.9,v2
49782,exp5,Popliteal cyst,object,0,object,object,True,0.9,v2
49790,exp5,Tibial tuberosity,object,0,object,object,True,0.9,v2
49792,exp5,Cartilage damage,object,0,object,object,True,0.9,v2
49794,exp5,Temporalis muscle,object,0,object,object,True,0.9,v2
49800,exp5,Nicotine Addiction,object,0,object,object,True,0.9,v2
49804,exp5,Anterior Cruciate Ligament Injuries,object,0,object,object,True,0.9,v2
49812,exp5,Nerve sparing,method,0,method,method,True,0.9,v2
49818,exp5,Fukushima Nuclear Accident,topic,0,topic,,False,0.9,v2
49819,exp5,Cancer-Associated Fibroblasts,object,0,object,object,True,0.9,v2
49821,exp5,Red cabbage,object,0,object,object,True,0.9,v2
49825,exp5,Emamectin benzoate,object,0,object,object,True,0.9,v2
49826,exp5,Uterus didelphys,object,0,object,object,True,0.9,v2
49829,exp5,Supraglottic airway,object,0,object,object,True,0.9,v2
49832,exp5,Anaphylactoid reactions,property,0,property,,False,0.9,v2
49839,exp5,Extracorporeal shockwave lithotripsy,method,0,method,method,True,0.9,v2
49841,exp5,Compound eye,object,0,object,object,True,0.9,v2
49845,exp5,Loop electrosurgical excision procedure,method,0,method,method,True,0.9,v2
49846,exp5,Electronic surveillance,topic,0,topic,,False,0.9,v2
49855,exp5,Tagetes patula,object,0,object,object,True,0.9,v2
49859,exp5,Brazil nut,object,0,object,object,True,0.9,v2
49861,exp5,Pulmonary adenocarcinoma,object,0,object,object,True,0.9,v2
49871,exp5,Naproxen Sodium,object,0,object,object,True,0.9,v2
49878,exp5,Dental anomalies,property,0,property,,False,0.9,v2
49887,exp5,Tendonitis,object,0,object,object,True,0.9,v2
49889,exp5,Anterior maxilla,object,0,object,object,True,0.9,v2
49904,exp5,Equus asinus,object,0,object,object,True,0.9,v2
49907,exp5,Selenoprotein P,object,0,object,object,True,1.0,v2
49910,exp5,Eucalyptus tereticornis,object,0,object,object,True,1.0,v2
49913,exp5,Neutrophil gelatinase-associated lipocalin,object,0,object,object,True,1.0,v2
49916,exp5,Ferumoxytol,object,0,object,object,True,1.0,v2
49918,exp5,Sciurus carolinensis,object,0,object,object,True,1.0,v2
49926,exp5,Left ventricular noncompaction,object,0,object,object,True,1.0,v2
49940,exp5,Cribriform,property,0,property,,False,0.8,v2
49947,exp5,Garcinia mangostana,object,0,object,object,True,1.0,v2
49956,exp5,Mouthguard,object,0,object,object,True,1.0,v2
49962,exp5,Axillary Dissection,method,0,method,method,True,1.0,v2
49977,exp5,Rhodopseudomonas,object,0,object,object,True,1.0,v2
49979,exp5,Secretory Vesicle,object,0,object,object,True,1.0,v2
49986,exp5,Atlantoaxial instability,property,0,property,,False,1.0,v2
49996,exp5,N-terminal pro-Brain Natriuretic Peptide,object,0,object,object,True,1.0,v2
49998,exp5,Methanol poisoning,topic,0,topic,,False,1.0,v2
49999,exp5,Lampyridae,object,0,object,object,True,1.0,v2
50000,exp5,Nasal packing,method,0,method,method,True,1.0,v2
50009,exp5,Diarylheptanoids,object,0,object,object,True,1.0,v2
50010,exp5,Extramedullary plasmacytoma,object,0,object,object,True,1.0,v2
50012,exp5,Plant sterols,object,0,object,object,True,1.0,v2
50014,exp5,Guinea fowl,object,0,object,object,True,1.0,v2
50024,exp5,German Shepherd Dog,object,0,object,object,True,1.0,v2
50027,exp5,Epicardial adipose tissue,object,0,object,object,True,1.0,v2
50029,exp5,Skin Aging,topic,0,topic,,False,1.0,v2
50031,exp5,Nerve stimulator,object,0,object,method,False,1.0,v2
50035,exp5,Transarterial embolization,method,0,method,method,True,1.0,v2
50036,exp5,Cardiac Tumors,object,0,object,object,True,1.0,v2
50038,exp5,GARLIC POWDER,object,0,object,object,True,1.0,v2
50039,exp5,Propranolol Hydrochloride,object,0,object,object,True,1.0,v2
50041,exp5,Intravenous Immunoglobulin Therapy,method,0,method,method,True,1.0,v2
50044,exp5,Cow's milk allergy,topic,0,topic,,False,1.0,v2
50048,exp5,Lacrimal duct,object,0,object,object,True,1.0,v2
50049,exp5,Genioplasty,method,0,method,method,True,1.0,v2
50058,exp5,Bladder Pain Syndrome,topic,0,topic,,False,1.0,v2
50064,exp5,Glycated haemoglobin,property,0,property,,False,1.0,v2
50070,exp5,Functional mitral regurgitation,topic,0,topic,,False,1.0,v2
50073,exp5,Mechanical heart-valve,object,0,object,object,True,1.0,v2
50075,exp5,Spike train,object,0,object,object,True,1.0,v2
50080,exp5,Carious lesion,object,0,object,object,True,1.0,v2
50085,exp5,Chronic Suppurative Otitis Media,topic,0,topic,,False,1.0,v2
50090,exp5,Herpes Zoster Ophthalmicus,object,0,object,object,True,1.0,v2
50101,exp5,Antimicrobial drug,object,0,object,object,True,1.0,v2
50103,exp5,Extracorporeal Photopheresis,method,0,method,method,True,1.0,v2
50105,exp5,Cardiac allograft vasculopathy,object,0,object,object,True,1.0,v2
50111,exp5,PROTHROMBIN COMPLEX,object,0,object,object,True,1.0,v2
50120,exp5,Hematologic malignancy,object,0,object,object,True,1.0,v2
50122,exp5,Chronic dacryocystitis,object,0,object,object,True,1.0,v2
50123,exp5,Paracoccidioides,object,0,object,object,True,1.0,v2
50128,exp5,Multinodular goiter,object,0,object,object,True,1.0,v2
50131,exp5,Essential drugs,object,0,object,object,True,1.0,v2
50134,exp5,Berberine hydrochloride,object,0,object,object,True,1.0,v2
50137,exp5,Laryngoscopes,object,0,object,method,False,1.0,v2
50140,exp5,Embolic stroke,object,0,object,object,True,1.0,v2
50147,exp5,Dark chocolate,object,0,object,object,True,1.0,v2
50148,exp5,Alveolar echinococcosis,object,0,object,object,True,1.0,v2
50152,exp5,Reduction Mammoplasty,method,0,method,method,True,1.0,v2
50155,exp5,Recurrent Respiratory Papillomatosis,object,0,object,object,True,1.0,v2
50171,exp5,Surge Capacity,property,0,property,,False,1.0,v2
50172,exp5,Coccidiostats,object,0,object,object,True,1.0,v2
50173,exp5,Ginsenoside Rg1,object,0,object,object,True,1.0,v2
50175,exp5,Prophylactic Mastectomy,method,0,method,method,True,0.9,v2
50178,exp5,Tuberculous peritonitis,object,0,object,object,True,0.9,v2
50180,exp5,Urothelial Cell,object,0,object,object,True,0.9,v2
50181,exp5,Peritonsillar Abscess,object,0,object,object,True,0.9,v2
50183,exp5,Roentgenotherapy,method,0,method,method,True,0.9,v2
50185,exp5,Neck muscles,object,0,object,object,True,0.9,v2
50192,exp5,Communication skills training,method,0,method,method,True,0.9,v2
50214,exp5,Peste-des-petits-ruminants virus,object,0,object,object,True,0.9,v2
50223,exp5,Nutrition Labeling,topic,0,topic,,False,0.9,v2
50229,exp5,Plexiform neurofibroma,object,0,object,object,True,0.9,v2
50233,exp5,Vulvovaginal Candidiasis,object,0,object,object,True,0.9,v2
50239,exp5,Actinic keratoses,object,0,object,object,True,0.9,v2
50257,exp5,Congenital central hypoventilation syndrome,object,0,object,object,True,0.9,v2
50260,exp5,Melopsittacus,object,0,object,object,True,0.9,v2
50267,exp5,Penicillin allergy,object,0,object,property,False,0.9,v2
50276,exp5,X-Ray Phase-Contrast Imaging,method,0,method,method,True,0.9,v2
50279,exp5,Bacterial overgrowth,object,0,object,object,True,0.9,v2
50282,exp5,Cervical radiculopathy,object,0,object,object,True,0.9,v2
50288,exp5,GI bleeding,object,0,object,object,True,0.9,v2
50290,exp5,Driving under the influence,topic,0,topic,,False,0.9,v2
50291,exp5,Perivascular Epithelioid Cell,object,0,object,object,True,0.9,v2
50292,exp5,Heterotaxy,object,0,object,object,True,0.9,v2
50298,exp5,Alpha-Lipoic Acid,object,0,object,object,True,0.9,v2
50301,exp5,Osmanthus fragrans,object,0,object,object,True,0.9,v2
50302,exp5,Branchial Cyst,object,0,object,object,True,0.9,v2
50313,exp5,Phyllanthus emblica,object,0,object,object,True,0.9,v2
50316,exp5,Oral tolerance,property,0,property,,False,0.9,v2
50317,exp5,Placenta Percreta,object,0,object,object,True,0.9,v2
50318,exp5,Nursing records,object,0,object,object,True,0.9,v2
50319,exp5,Homoharringtonine,object,0,object,object,True,0.9,v2
50324,exp5,Oral Microbiome,object,0,object,object,True,0.9,v2
50325,exp5,Tissue expander,object,0,object,method,False,0.9,v2
50327,exp5,Gross hematuria,property,0,property,,False,0.9,v2
50328,exp5,Cardiac toxicity,property,0,property,,False,0.9,v2
50343,exp5,Native Hawaiians,object,0,object,object,True,0.9,v2
50357,exp5,Raccoon Dogs,object,0,object,object,True,0.9,v2
50360,exp5,Marburg virus,object,0,object,object,True,0.9,v2
50365,exp5,Diaper Dermatitis,object,0,object,object,True,0.9,v2
50376,exp5,Adverse Outcome Pathway,object,0,object,method,False,0.9,v2
50378,exp5,Hantavirus Infection,object,0,object,object,True,0.9,v2
50379,exp5,GUNSHOT INJURY,object,0,object,object,True,0.9,v2
50382,exp5,Orotracheal intubation,method,0,method,method,True,0.9,v2
50384,exp5,Acute flaccid paralysis,property,0,property,,False,0.9,v2
50385,exp5,Copd exacerbation,property,0,property,,False,0.9,v2
50386,exp5,Mechanical heart,object,0,object,object,True,0.9,v2
50401,exp5,Indocyanine green angiography,method,0,method,method,True,0.9,v2
50411,exp5,Alcoholics Anonymous,topic,0,topic,,False,0.9,v2
50416,exp5,Plant Immunity,property,0,property,,False,0.9,v2
50417,exp5,Prostatic adenocarcinoma,object,0,object,object,True,0.9,v2
50420,exp5,Methylmalonic aciduria,property,0,property,,False,0.9,v2
50422,exp5,Ceratonia siliqua,object,0,object,object,True,0.9,v2
50428,exp5,Xanthomonas citri,object,0,object,object,True,0.9,v2
50429,exp5,Edible plants,object,0,object,object,True,0.9,v2
50432,exp5,Peroneal Artery,object,0,object,object,True,0.9,v2
50433,exp5,Ursus maritimus,object,0,object,object,True,0.9,v2
50446,exp5,Small airways,object,0,object,object,True,0.9,v2
50449,exp5,Orbital Fracture,property,0,property,,False,0.9,v2
50474,exp5,Zoysia japonica,object,0,object,object,True,0.9,v2
50478,exp5,Mycoplasma synoviae,object,0,object,object,True,0.9,v2
50479,exp5,5-hydroxymethylfurfural,object,0,object,object,True,0.9,v2
50484,exp5,Geographically Weighted Regression,method,0,method,method,True,1.0,v2
50501,exp5,Ebola Hemorrhagic Fever,object,0,object,object,True,1.0,v2
50503,exp5,Cervical Artery,object,0,object,object,True,1.0,v2
50511,exp5,Dental enamel,object,0,object,object,True,1.0,v2
50512,exp5,Enterobius,object,0,object,object,True,1.0,v2
50515,exp5,Plodia interpunctella,object,0,object,object,True,1.0,v2
50521,exp5,Sleep Stages,property,0,property,,False,1.0,v2
50529,exp5,Trendelenburg,object,0,object,object,True,1.0,v2
50539,exp5,Chaetomium globosum,object,0,object,object,True,1.0,v2
50540,exp5,American mink,object,0,object,object,True,1.0,v2
50543,exp5,Primary Insomnia,object,0,object,object,True,1.0,v2
50566,exp5,Sitotroga cerealella,object,0,object,object,True,1.0,v2
50567,exp5,Visual pigments,object,0,object,object,True,1.0,v2
50569,exp5,Persistent pulmonary hypertension,object,0,object,object,True,1.0,v2
50570,exp5,Allium fistulosum,object,0,object,object,True,1.0,v2
50571,exp5,Infantile colic,object,0,object,object,True,1.0,v2
50576,exp5,Ocular Melanoma,object,0,object,object,True,1.0,v2
50578,exp5,Right ventricular failure,object,0,object,object,True,1.0,v2
50585,exp5,Lymphoplasmacytic Lymphoma,object,0,object,object,True,1.0,v2
50586,exp5,Genital tuberculosis,object,0,object,object,True,1.0,v2
50593,exp5,Torque teno virus,object,0,object,object,True,0.9,v2
50600,exp5,Chondromatosis,object,0,object,object,True,0.9,v2
50601,exp5,Nab-paclitaxel,object,0,object,object,True,0.9,v2
50607,exp5,Postural Orthostatic Tachycardia Syndrome,object,0,object,object,True,0.9,v2
50608,exp5,Fowlpox virus,object,0,object,object,True,0.9,v2
50609,exp5,Extrapleural Pneumonectomy,method,0,method,method,True,0.9,v2
50615,exp5,Babesia bigemina,object,0,object,object,True,0.9,v2
50617,exp5,Myxofibrosarcoma,object,0,object,object,True,0.9,v2
50619,exp5,Altered Mental Status,property,0,property,,False,0.9,v2
50630,exp5,Myrtus communis,object,0,object,object,True,0.9,v2
50633,exp5,Drug-drug interaction,topic,0,topic,,False,0.9,v2
50634,exp5,Vasospastic angina,object,0,object,object,True,0.9,v2
50650,exp5,Syrian hamsters,object,0,object,object,True,0.9,v2
50657,exp5,MERCURY EXPOSURE,topic,0,topic,,False,0.9,v2
50670,exp5,Free testosterone,property,0,property,,False,0.9,v2
50677,exp5,Diffuse Idiopathic Skeletal Hyperostosis,object,0,object,object,True,0.9,v2
50682,exp5,Mucopolysaccharidosis type I,object,0,object,object,True,0.9,v2
50694,exp5,Oral hypoglycemic agents,object,0,object,object,True,0.9,v2
50699,exp5,Tympanic Membrane Perforation,object,0,object,object,True,0.9,v2
50700,exp5,Acidithiobacillus ferrooxidans,object,0,object,object,True,0.9,v2
50707,exp5,Anterior chamber angle,object,0,object,object,True,1.0,v2
50709,exp5,Hairy Cell,object,0,object,object,True,1.0,v2
50710,exp5,Pelvic Floor Disorders,object,0,object,object,True,1.0,v2
50720,exp5,First metatarsal,object,0,object,object,True,1.0,v2
50721,exp5,Autosomal Recessive Polycystic Kidney Disease,object,0,object,object,True,1.0,v2
50722,exp5,Terminalia arjuna,object,0,object,object,True,1.0,v2
50723,exp5,Rana ridibunda,object,0,object,object,True,1.0,v2
50725,exp5,Calcium supplementation,method,0,method,method,True,1.0,v2
50726,exp5,Citrus limon,object,0,object,object,True,1.0,v2
50729,exp5,Leydig Cell Tumor,object,0,object,object,True,1.0,v2
50732,exp5,Electrocution,object,0,object,object,True,1.0,v2
50737,exp5,Colorectal Polyp,object,0,object,object,True,1.0,v2
50744,exp5,Diffuse alveolar hemorrhage,object,0,object,object,True,1.0,v2
50757,exp5,Chronic Migraine,object,0,object,object,True,1.0,v2
50758,exp5,Distal radioulnar joint,object,0,object,object,True,1.0,v2
50759,exp5,Panicum miliaceum,object,0,object,object,True,1.0,v2
50767,exp5,Labrador Retriever,object,0,object,object,True,1.0,v2
50771,exp5,Sudden Hearing Loss,object,0,object,object,True,1.0,v2
50772,exp5,Spinal dysraphism,object,0,object,object,True,1.0,v2
50773,exp5,Fibrinolytic therapy,method,0,method,method,True,1.0,v2
50777,exp5,Multiparametric MRI,method,0,method,method,True,0.9,v2
50778,exp5,Magnetite Nanoparticles,object,0,object,object,True,0.9,v2
50780,exp5,Black cohosh,object,0,object,object,True,0.9,v2
50783,exp5,Carbon Ion Radiotherapy,method,0,method,method,True,0.9,v2
50787,exp5,Left Atrial Myxoma,object,0,object,object,True,0.9,v2
50790,exp5,Gram-Positive Cocci,object,0,object,object,True,0.9,v2
50797,exp5,Water polo,topic,0,topic,,False,0.9,v2
50798,exp5,Gambling disorder,object,0,object,object,True,0.9,v2
50802,exp5,Circuit training,method,0,method,method,True,0.9,v2
50815,exp5,Cinnamomum zeylanicum,object,0,object,object,True,0.9,v2
50821,exp5,Manuka Honey,object,0,object,object,True,0.9,v2
50824,exp5,Nurse anesthetist,object,0,object,object,True,0.9,v2
50829,exp5,Sweet Basil,object,0,object,object,True,0.9,v2
50830,exp5,Cerebrospinal meningitis,object,0,object,object,True,0.9,v2
50831,exp5,Carbamide peroxide,object,0,object,object,True,0.9,v2
50844,exp5,Postpartum haemorrhage,object,0,object,object,True,0.9,v2
50849,exp5,Thrombelastography,method,0,method,method,True,0.9,v2
50860,exp5,Acute subdural hematoma,object,0,object,object,True,0.9,v2
50862,exp5,Traumatic Shock,object,0,object,object,True,0.9,v2
50864,exp5,Biopharmaceutics,topic,0,topic,,False,0.9,v2
50867,exp5,Lidocaine Hydrochloride,object,0,object,object,True,0.9,v2
50869,exp5,Rotavirus gastroenteritis,object,0,object,object,True,0.9,v2
50878,exp5,COCOA BEAN,object,0,object,object,True,0.9,v2
50890,exp5,Adult-onset Still's disease,object,0,object,object,True,0.9,v2
50901,exp5,Modified Radical Mastectomy,method,0,method,method,True,0.9,v2
50902,exp5,Underrepresented Minority,object,0,object,object,True,0.9,v2
50903,exp5,Leukocytoclastic vasculitis,object,0,object,object,True,0.9,v2
50910,exp5,Recreational Drug,object,0,object,object,True,0.9,v2
50920,exp5,Gallbladder Stone,object,0,object,object,True,0.9,v2
50923,exp5,Therapeutic plasma exchange,method,0,method,method,True,0.9,v2
50927,exp5,Chemical Warfare Agents,object,0,object,object,True,0.9,v2
50930,exp5,Portal vein embolization,method,0,method,method,True,0.9,v2
50942,exp5,Tertiary referral centre,object,0,object,object,True,0.9,v2
50956,exp5,Hypertensive disorder,object,0,object,object,True,0.9,v2
50960,exp5,Chromosome Band,object,0,object,object,True,0.9,v2
50964,exp5,Takotsubo syndrome,object,0,object,object,True,0.9,v2
50965,exp5,H1N1 influenza,object,0,object,object,True,0.9,v2
50966,exp5,Chronic insomnia,object,0,object,object,True,0.9,v2
50975,exp5,Total anomalous pulmonary venous connection,object,0,object,object,True,0.9,v2
50978,exp5,Bile Salt Export Pump,object,0,object,object,True,0.9,v2
50982,exp5,Single Embryo Transfer,method,0,method,method,True,0.9,v2
50984,exp5,Myotis lucifugus,object,0,object,object,True,1.0,v2
50986,exp5,Nerve fibre layer,object,0,object,object,True,1.0,v2
50994,exp5,Helminth infections,object,0,object,object,True,1.0,v2
51006,exp5,Ziziphus jujuba,object,0,object,object,True,1.0,v2
51008,exp5,Parabrachial Nucleus,object,0,object,object,True,1.0,v2
51024,exp5,Drug Resistant Epilepsy,object,0,object,object,True,1.0,v2
51026,exp5,Subacromial impingement,object,0,object,object,True,1.0,v2
51027,exp5,Hemostatic Agent,object,0,object,object,True,1.0,v2
51031,exp5,Neuromuscular Blocking Agents,object,0,object,object,True,1.0,v2
51034,exp5,Amyloid polyneuropathy,object,0,object,object,True,1.0,v2
51037,exp5,Cold Agglutinin,object,0,object,object,True,1.0,v2
51038,exp5,Trifolium alexandrinum,object,0,object,object,True,1.0,v2
51044,exp5,Ipomoea aquatica,object,0,object,object,True,1.0,v2
51048,exp5,Concha bullosa,object,0,object,object,True,1.0,v2
51056,exp5,Ginkgolides,object,0,object,object,True,1.0,v2
51068,exp5,Entrapment Neuropathy,object,0,object,object,True,1.0,v2
51078,exp5,Occupational mobility,topic,0,topic,,False,1.0,v2
51079,exp5,Autistic traits,object,0,object,property,False,1.0,v2
51080,exp5,Femoral nerve block,method,0,method,method,True,1.0,v2
51081,exp5,Hyperextension,property,0,property,,False,0.9,v2
51084,exp5,ALIZARIN RED,object,0,object,object,True,0.9,v2
51085,exp5,FEMORAL CONDYLE,object,0,object,object,True,0.9,v2
51087,exp5,Tramadol Hydrochloride,object,0,object,object,True,0.9,v2
51091,exp5,Sleep Bruxism,object,0,object,object,True,0.9,v2
51099,exp5,Pharbitis nil,object,0,object,object,True,0.9,v2
51100,exp5,Snow leopard,object,0,object,object,True,0.9,v2
51102,exp5,Rapid response team,object,0,object,object,True,0.9,v2
51103,exp5,Horseback riding,topic,0,topic,,False,0.9,v2
51105,exp5,Penile Carcinoma,object,0,object,object,True,0.9,v2
51110,exp5,Human Induced Pluripotent Stem Cells,object,0,object,object,True,0.9,v2
51112,exp5,European rabbit,object,0,object,object,True,0.9,v2
51113,exp5,Xanthogranulomatous pyelonephritis,object,0,object,object,True,0.9,v2
51115,exp5,Inorganic arsenic,object,0,object,object,True,0.9,v2
51116,exp5,Cerebrospinal Fluid Rhinorrhea,object,0,object,object,True,0.9,v2
51117,exp5,Prunus salicina,object,0,object,object,True,0.9,v2
51122,exp5,Arabica coffee,object,0,object,object,True,0.9,v2
51124,exp5,Pharmacy technician,topic,0,topic,,False,0.9,v2
51135,exp5,Melanocytoma,object,0,object,object,True,0.9,v2
51137,exp5,Somatropin,object,0,object,object,True,0.9,v2
51147,exp5,Malaria prevention,topic,0,topic,,False,0.9,v2
51149,exp5,Black phosphorus,object,0,object,object,True,0.95,v2
51163,exp5,Animal Bites,topic,0,topic,,False,0.9,v2
51164,exp5,Woodland caribou,object,0,object,object,True,0.95,v2
51169,exp5,Thoracoscope,object,0,object,method,False,0.95,v2
51170,exp5,Free clinic,topic,0,topic,,False,0.9,v2
51171,exp5,Round goby,object,0,object,object,True,0.95,v2
51172,exp5,Lithium disilicate,object,0,object,object,True,0.95,v2
51174,exp5,ANCA-Associated Vasculitis,topic,0,topic,,False,0.9,v2
51176,exp5,Opioid abuse,topic,0,topic,,False,0.9,v2
51178,exp5,Choroiditis,topic,0,topic,,False,0.9,v2
51179,exp5,Crocuta crocuta,object,0,object,object,True,0.95,v2
51185,exp5,Salvia officinalis,object,0,object,object,True,0.95,v2
51188,exp5,Oligodontia,topic,0,topic,,False,0.9,v2
51189,exp5,Cardiac sarcoidosis,topic,0,topic,,False,0.9,v2
51190,exp5,Flexor muscles,object,0,object,object,True,0.95,v2
51194,exp5,Smooth Muscle Tumor,topic,0,topic,,False,0.9,v2
51208,exp5,Holocaust survivors,object,0,object,object,True,0.95,v2
51211,exp5,Mature Cystic Teratoma,topic,0,topic,,False,0.9,v2
51213,exp5,Iron homeostasis,property,0,property,,False,0.9,v2
51215,exp5,Cobalt ferrite,object,0,object,object,True,0.97,v2
51216,exp5,Caesarian section,method,0,method,method,True,0.98,v2
51218,exp5,Primary Adrenal Insufficiency,object,0,object,object,True,0.98,v2
51225,exp5,Amniotic Band,object,0,object,object,True,0.98,v2
51227,exp5,Lateral incisor,object,0,object,object,True,0.98,v2
51234,exp5,Endosseous implants,object,0,object,object,True,0.98,v2
51236,exp5,Artificial Sweetener,object,0,object,object,True,0.98,v2
51242,exp5,Apexification,method,0,method,method,True,0.98,v2
51244,exp5,Left subclavian artery,object,0,object,object,True,0.98,v2
51246,exp5,Red Blood Cell Transfusion,method,0,method,method,True,0.98,v2
51252,exp5,Rutaecarpine,object,0,object,object,True,0.98,v2
51259,exp5,Bovine brucellosis,object,0,object,object,True,0.98,v2
51260,exp5,Perianal Abscess,object,0,object,object,True,0.98,v2
51262,exp5,Radiation Enteritis,object,0,object,object,True,0.98,v2
51265,exp5,Brachial Plexopathy,object,0,object,object,True,0.98,v2
51267,exp5,Rocuronium Bromide,object,0,object,object,True,0.98,v2
51270,exp5,Cutaneous Lupus Erythematosus,object,0,object,object,True,0.98,v2
51271,exp5,Recombinant tissue plasminogen activator,object,0,object,object,True,0.98,v2
51275,exp5,Garlic Oil,object,0,object,object,True,0.98,v2
51279,exp5,Influenza season,property,0,property,,False,0.98,v2
51283,exp5,Acinonyx jubatus,object,0,object,object,True,1.0,v2
51301,exp5,Streptozocin,object,0,object,object,True,1.0,v2
51304,exp5,Dental ceramics,object,0,object,object,True,1.0,v2
51307,exp5,Sulfosalicylic acid,object,0,object,object,True,1.0,v2
51312,exp5,Lake sturgeon,object,0,object,object,True,1.0,v2
51314,exp5,Chronic traumatic encephalopathy,object,0,object,object,True,1.0,v2
51315,exp5,Quetiapine Fumarate,object,0,object,object,True,1.0,v2
51319,exp5,Antibiotic Stewardship,topic,0,topic,,False,1.0,v2
51322,exp5,Spinal canal stenosis,object,0,object,object,True,1.0,v2
51326,exp5,Asymptomatic bacteriuria,object,0,object,object,True,1.0,v2
51332,exp5,Cavernous hemangiomas,object,0,object,object,True,1.0,v2
51342,exp5,Nasotracheal intubation,method,0,method,method,True,1.0,v2
51345,exp5,Edwardsiella ictaluri,object,0,object,object,True,1.0,v2
51349,exp5,Testicular Germ Cell Tumor,object,0,object,object,True,1.0,v2
51356,exp5,Cutaneous tuberculosis,object,0,object,object,True,1.0,v2
51363,exp5,RESTING HEART RATE,property,0,property,,False,1.0,v2
51366,exp5,Child rearing,topic,0,topic,,False,1.0,v2
51372,exp5,Protein Carbonylation,property,0,property,,False,1.0,v2
51374,exp5,Left renal vein,object,0,object,object,True,1.0,v2
51380,exp5,Premature ovarian insufficiency,object,0,object,object,True,1.0,v2
51391,exp5,Shoulder Impingement Syndrome,object,0,object,object,True,0.9,v2
51395,exp5,Metapneumovirus,object,0,object,object,True,0.9,v2
51398,exp5,Miconazole Nitrate,object,0,object,object,True,0.9,v2
51401,exp5,Team building,topic,0,topic,,False,0.9,v2
51403,exp5,Cerebral blood volume,property,0,property,,False,0.9,v2
51404,exp5,Mental fatigue,property,0,property,,False,0.9,v2
51405,exp5,Statistical learning,method,0,method,topic,False,0.9,v2
51411,exp5,Adaptive design,method,0,method,method,True,0.9,v2
51412,exp5,Disaster mitigation,topic,0,topic,,False,0.9,v2
51414,exp5,Risk prevention,topic,0,topic,,False,0.9,v2
51420,exp5,Subthreshold swing,property,0,property,,False,0.9,v2
51424,exp5,Interference alignment,method,0,method,method,True,0.9,v2
51426,exp5,Internet shopping,topic,0,topic,,False,0.9,v2
51430,exp5,Collaborative design,method,0,method,topic,False,0.9,v2
51433,exp5,Energy performance,property,0,property,,False,0.9,v2
51439,exp5,Game based learning,method,0,method,topic,False,0.9,v2
51440,exp5,Natural gas industry,topic,0,topic,,False,0.9,v2
51442,exp5,Production efficiency,property,0,property,,False,0.9,v2
51449,exp5,Life cycle costing,method,0,method,method,True,0.9,v2
51457,exp5,Early literacy,topic,0,topic,,False,0.9,v2
51458,exp5,Magnetic memory,object,0,object,method,False,0.9,v2
51463,exp5,Electricity price,property,0,property,,False,0.9,v2
51465,exp5,Art design,topic,0,topic,,False,0.9,v2
51467,exp5,Material handling,topic,0,topic,,False,0.9,v2
51469,exp5,Electroless deposition,method,0,method,method,True,0.9,v2
51471,exp5,Video retrieval,method,0,method,method,True,0.9,v2
51473,exp5,Energy demand,property,0,property,,False,0.9,v2
51475,exp5,Innovation process,topic,0,topic,,False,0.9,v2
51479,exp5,Interval data,property,0,property,,False,0.9,v2
51480,exp5,Consensus algorithm,method,0,method,method,True,0.9,v2
51481,exp5,Nuclear plant,object,0,object,object,True,0.9,v2
51486,exp5,Electronic systems,object,0,object,object,True,0.9,v2
51488,exp5,Autonomous learning,topic,0,topic,,False,0.9,v2
51489,exp5,Central air conditioning,object,0,object,object,True,0.9,v2
51491,exp5,Service model,object,0,object,method,False,0.9,v2
51493,exp5,Frequency regulation,method,0,method,property,False,0.9,v2
51499,exp5,Data association,method,0,method,method,True,0.9,v2
51500,exp5,Image denoising,method,0,method,method,True,0.9,v2
51501,exp5,Word processing,topic,0,topic,,False,0.9,v2
51506,exp5,Service composition,method,0,method,method,True,0.9,v2
51509,exp5,Local governance,topic,0,topic,,False,0.8,v2
51521,exp5,Biological tissue,object,0,object,object,True,0.9,v2
51522,exp5,Media arts,topic,0,topic,,False,0.8,v2
51524,exp5,Night vision,object,0,object,property,False,0.9,v2
51533,exp5,Information transmission,property,0,property,,False,0.8,v2
51535,exp5,Cognitive disabilities,object,0,object,object,True,0.9,v2
51538,exp5,Mobile wireless,object,0,object,object,True,0.9,v2
51543,exp5,National weather service,object,0,object,object,True,0.8,v2
51556,exp5,Social communication,property,0,property,,False,0.8,v2
51558,exp5,Test equipment,object,0,object,method,False,0.9,v2
51560,exp5,Workplace learning,topic,0,topic,,False,0.8,v2
51561,exp5,Vegetation cover,property,0,property,,False,0.9,v2
51567,exp5,Feature matching,method,0,method,method,True,0.9,v2
51574,exp5,Social impact,property,0,property,,False,0.8,v2
51579,exp5,Computed tomographic angiography,method,0,method,method,True,0.9,v2
51580,exp5,Traffic sign,object,0,object,object,True,0.9,v2
51581,exp5,Emergency plan,object,0,object,topic,False,0.8,v2
51582,exp5,Line drawings,object,0,object,object,True,0.8,v2
51584,exp5,Genre analysis,method,0,method,method,True,0.8,v2
51587,exp5,Web browser,object,0,object,object,True,0.9,v2
51588,exp5,Text message,object,0,object,object,True,0.9,v2
51602,exp5,Default risk,property,0,property,,False,1.0,v2
51607,exp5,Government regulation,topic,0,topic,,False,1.0,v2
51608,exp5,Customer orientation,property,0,property,,False,1.0,v2
51609,exp5,R package,object,0,object,method,False,1.0,v2
51610,exp5,Market development,topic,0,topic,,False,1.0,v2
51611,exp5,Whistle blowing,topic,0,topic,,False,1.0,v2
51615,exp5,Environmental risk assessment,method,0,method,method,True,1.0,v2
51616,exp5,Public information,topic,0,topic,,False,1.0,v2
51625,exp5,Light rail transit,object,0,object,object,True,1.0,v2
51634,exp5,Steering system,object,0,object,object,True,1.0,v2
51637,exp5,Public key cryptosystem,object,0,object,method,False,1.0,v2
51644,exp5,Professional services,topic,0,topic,,False,1.0,v2
51645,exp5,Quantum control,method,0,method,method,True,1.0,v2
51648,exp5,Radar systems,object,0,object,object,True,1.0,v2
51650,exp5,Human trafficking,topic,0,topic,,False,1.0,v2
51653,exp5,Gene selection,method,0,method,method,True,1.0,v2
51654,exp5,Software testing,method,0,method,method,True,1.0,v2
51655,exp5,Little ice age,object,0,object,object,True,1.0,v2
51660,exp5,Drainage network,object,0,object,object,True,1.0,v2
51662,exp5,Electronic map,object,0,object,object,True,0.9,v2
51664,exp5,Brand image,property,0,property,,False,0.9,v2
51665,exp5,3d printer,object,0,object,method,False,0.9,v2
51670,exp5,Educational game,topic,0,topic,,False,0.9,v2
51674,exp5,Science learning,topic,0,topic,,False,0.9,v2
51675,exp5,Scientific publishing,topic,0,topic,,False,0.9,v2
51678,exp5,Flow chart,object,0,object,method,False,0.9,v2
51687,exp5,Operational effectiveness,property,0,property,,False,0.9,v2
51699,exp5,Knowledge flow,property,0,property,,False,0.9,v2
51709,exp5,Dengue hemorrhagic fever,object,0,object,object,True,0.9,v2
51710,exp5,Urban expansion,topic,0,topic,,False,0.9,v2
51716,exp5,Elder care,topic,0,topic,,False,0.9,v2
51719,exp5,Thermal inertia,property,0,property,,False,0.9,v2
51724,exp5,Mechanical vibration,property,0,property,,False,0.9,v2
51725,exp5,Nonlinear model,object,0,object,method,False,0.9,v2
51726,exp5,Financial distress,property,0,property,,False,0.9,v2
51727,exp5,Smart phone,object,0,object,object,True,0.9,v2
51733,exp5,Flow boiling,method,0,method,topic,False,0.9,v2
51734,exp5,Retail market,topic,0,topic,,False,0.9,v2
51737,exp5,Art gallery,object,0,object,object,True,0.9,v2
51741,exp5,Independence number,object,0,object,property,False,1.0,v2
51747,exp5,Frequency shift,property,0,property,,False,1.0,v2
51749,exp5,Indirect immunofluorescence,method,0,method,method,True,1.0,v2
51751,exp5,General motors,object,0,object,object,True,1.0,v2
51757,exp5,Inclination angle,property,0,property,,False,1.0,v2
51761,exp5,Drop out,object,0,object,property,False,1.0,v2
51762,exp5,Machine design,topic,0,topic,,False,1.0,v2
51764,exp5,Virginia tech,object,0,object,object,True,1.0,v2
51769,exp5,Proper orthogonal decomposition,method,0,method,method,True,1.0,v2
51776,exp5,Customer value,property,0,property,,False,1.0,v2
51777,exp5,Polyethylene oxide,object,0,object,object,True,1.0,v2
51784,exp5,Task group,object,0,object,object,True,1.0,v2
51794,exp5,Work flow,topic,0,topic,,False,1.0,v2
51795,exp5,Solar powered,topic,0,topic,,False,1.0,v2
51797,exp5,Gait cycle,property,0,property,,False,1.0,v2
51798,exp5,Gravitational search algorithm,method,0,method,method,True,1.0,v2
51799,exp5,Business environment,topic,0,topic,,False,1.0,v2
51800,exp5,Customer experience,property,0,property,,False,1.0,v2
51806,exp5,Fatigue testing,method,0,method,method,True,1.0,v2
51807,exp5,Tensile strain,property,0,property,,False,1.0,v2
51813,exp5,Market efficiency,topic,0,topic,,False,0.9,v2
51815,exp5,Energy sector,topic,0,topic,,False,0.9,v2
51817,exp5,Reputation management,topic,0,topic,,False,0.9,v2
51819,exp5,Parallel corpora,object,0,object,object,True,0.9,v2
51821,exp5,Market competition,topic,0,topic,,False,0.9,v2
51822,exp5,Breast screening,method,0,method,topic,False,0.9,v2
51825,exp5,Quantum memory,object,0,object,object,True,0.9,v2
51826,exp5,International standardization,topic,0,topic,,False,0.9,v2
51828,exp5,Aero engine,object,0,object,object,True,0.9,v2
51829,exp5,Life quality,property,0,property,,False,0.9,v2
51835,exp5,Ping pong,topic,0,topic,,False,0.9,v2
51837,exp5,Field bus,object,0,object,method,False,0.9,v2
51840,exp5,Disease prevention,topic,0,topic,,False,0.9,v2
51857,exp5,Wave energy converter,object,0,object,object,True,0.9,v2
51861,exp5,Analogical reasoning,method,0,method,method,True,0.9,v2
51862,exp5,Success factors,property,0,property,,False,0.9,v2
51865,exp5,Seismic exploration,method,0,method,topic,False,0.9,v2
51866,exp5,Human anatomy,object,0,object,topic,False,0.9,v2
51872,exp5,Mobile internet,topic,0,topic,,False,0.9,v2
51876,exp5,Fetal monitoring,method,0,method,method,True,0.9,v2
51878,exp5,Capital investment,topic,0,topic,,False,0.8,v2
51879,exp5,Semantic annotation,method,0,method,method,True,0.9,v2
51880,exp5,Half line,object,0,object,object,True,0.9,v2
51881,exp5,Raspberry pi,object,0,object,object,True,0.9,v2
51886,exp5,Social innovation,topic,0,topic,,False,0.8,v2
51888,exp5,Utility maximization,method,0,method,property,False,0.9,v2
51889,exp5,Social trust,property,0,property,,False,0.8,v2
51891,exp5,Access to information,topic,0,topic,,False,0.8,v2
51893,exp5,Production cost,property,0,property,,False,0.8,v2
51895,exp5,Forced oscillation,method,0,method,property,False,0.9,v2
51896,exp5,Gray level,property,0,property,,False,0.9,v2
51902,exp5,Social media marketing,topic,0,topic,,False,0.8,v2
51903,exp5,Satellite tracking,method,0,method,method,True,0.9,v2
51906,exp5,Spatial coherence,property,0,property,,False,0.9,v2
51911,exp5,Focused ultrasound,method,0,method,method,True,0.9,v2
51913,exp5,Particle flow,object,0,object,object,True,0.9,v2
51918,exp5,International marketing,topic,0,topic,,False,0.8,v2
51933,exp5,Online course,topic,0,topic,,False,0.8,v2
51936,exp5,Forest cover,property,0,property,,False,0.8,v2
51944,exp5,Distance measurement,method,0,method,method,True,0.9,v2
51947,exp5,Business management,topic,1,topic,,False,0.9,v2
51948,exp5,Urban environment,topic,1,topic,,False,0.9,v2
51953,exp5,Computer technology,topic,1,topic,,False,0.9,v2
51955,exp5,Optical frequency comb,object,0,object,object,True,1.0,v2
51958,exp5,Coupling strength,property,0,property,,False,1.0,v2
51968,exp5,Chief executive officer,object,1,object,object,True,0.9,v2
51974,exp5,Speech therapy,topic,1,topic,,False,0.9,v2
51975,exp5,Water body,object,1,object,object,True,0.9,v2
51976,exp5,Pareto optimal,property,0,property,,False,1.0,v2
51977,exp5,Undergraduate education,topic,1,topic,,False,0.9,v2
51982,exp5,Protein function,property,0,property,,False,1.0,v2
51983,exp5,English as a foreign language,topic,1,topic,,False,0.9,v2
51984,exp5,Continuous glucose monitoring,object,0,object,object,True,1.0,v2
51985,exp5,Plantar pressure,property,0,property,,False,1.0,v2
51995,exp5,Climate science,topic,1,topic,,False,0.9,v2
52000,exp5,Retail industry,topic,1,topic,,False,0.9,v2
52003,exp5,Image matching,method,0,method,method,True,1.0,v2
52004,exp5,Acoustic sensor,object,0,object,topic,False,1.0,v2
52006,exp5,Radiation shielding,topic,0,topic,,False,1.0,v2
52008,exp5,Game engine,object,0,object,object,True,1.0,v2
52012,exp5,Word learning,topic,0,topic,,False,0.9,v2
52016,exp5,C programming language,topic,0,topic,,False,0.9,v2
52017,exp5,Microwave power,topic,0,topic,,False,0.9,v2
52019,exp5,Human motion,topic,0,topic,,False,0.9,v2
52021,exp5,Mobile marketing,topic,0,topic,,False,0.9,v2
52022,exp5,State government,topic,0,topic,,False,0.9,v2
52029,exp5,Speaker identification,method,0,method,method,True,0.9,v2
52038,exp5,Silicon nanowires,object,0,object,object,True,0.9,v2
52048,exp5,Dielectric permittivity,property,0,property,,False,0.9,v2
52050,exp5,Time synchronization,method,0,method,method,True,0.9,v2
52053,exp5,Text categorization,method,0,method,method,True,0.9,v2
52058,exp5,Phantom limb pain,topic,0,topic,,False,0.9,v2
52060,exp5,Wireless transmission,method,0,method,object,False,0.9,v2
52061,exp5,Brain waves,object,0,object,object,True,0.9,v2
52064,exp5,Cognitive aging,topic,0,topic,,False,0.9,v2
52065,exp5,Research methodology,topic,0,topic,,False,0.9,v2
52066,exp5,Stepper motor,object,0,object,object,True,0.9,v2
52070,exp5,Content delivery,topic,0,topic,,False,0.9,v2
52073,exp5,Ultra violet,object,0,object,object,True,0.9,v2
52079,exp5,Friction factor,property,0,property,,False,0.9,v2
52080,exp5,Potential field,object,0,object,method,False,0.9,v2
52083,exp5,Critical reflection,method,0,method,property,False,0.8,v2
52087,exp5,Energy resources,topic,0,topic,,False,0.9,v2
52090,exp5,Syntactic structure,object,0,object,object,True,0.9,v2
52091,exp5,Oracle database,object,0,object,object,True,0.9,v2
52096,exp5,Visual media,object,0,object,topic,False,0.9,v2
52097,exp5,Flipped learning,method,0,method,topic,False,0.9,v2
52100,exp5,Structural reliability,property,0,property,,False,0.9,v2
52105,exp5,Educational resources,object,0,object,object,True,0.9,v2
52107,exp5,Cardiac magnetic resonance,method,0,method,method,True,0.9,v2
52109,exp5,Thermal emission,property,0,property,,False,0.9,v2
52111,exp5,Content management system,object,0,object,object,True,0.9,v2
52112,exp5,Electrical conduction,property,0,property,,False,0.9,v2
52114,exp5,Central business district,object,0,object,object,True,0.9,v2
52116,exp5,Linguistic analysis,method,0,method,method,True,0.9,v2
52120,exp5,Stress reduction,method,0,method,topic,False,0.9,v2
52127,exp5,Core temperature,property,0,property,,False,0.9,v2
52131,exp5,Crisis response,topic,0,topic,,False,0.9,v2
52132,exp5,Defense industry,topic,0,topic,,False,0.9,v2
52133,exp5,Coal fired power plant,object,0,object,object,True,0.9,v2
52137,exp5,Social commerce,topic,0,topic,,False,0.9,v2
52138,exp5,Voltage source inverter,object,0,object,object,True,0.9,v2
52139,exp5,Inkjet printing,method,0,method,method,True,0.9,v2
52149,exp5,Fuzzy inference system,method,0,method,method,True,0.9,v2
52150,exp5,File management,method,0,method,method,True,0.9,v2
52152,exp5,Electronic records,object,0,object,topic,False,0.9,v2
52153,exp5,Gene ontology,object,0,object,object,True,0.9,v2
52165,exp5,Electric cars,object,0,object,object,True,0.9,v2
52168,exp5,Life cycle inventory,method,0,method,method,True,0.9,v2
52178,exp5,Entrepreneurship education,topic,0,topic,,False,0.9,v2
52180,exp5,Knee flexion,property,0,property,,False,0.9,v2
52181,exp5,Optimization algorithm,method,0,method,method,True,0.9,v2
52184,exp5,Public art,topic,0,topic,,False,0.9,v2
52192,exp5,Dry friction,property,0,property,,False,0.9,v2
52194,exp5,Risk process,topic,0,topic,,False,0.9,v2
52197,exp5,Event management,topic,0,topic,,False,0.9,v2
52199,exp5,Electronic banking,topic,0,topic,,False,0.9,v2
52200,exp5,Lung ventilation,property,0,property,,False,0.9,v2
52203,exp5,Coefficient of friction,property,1,property,,False,0.9,v2
52204,exp5,Ocean bottom,object,0,object,object,True,0.9,v2
52205,exp5,City logistics,topic,0,topic,,False,0.9,v2
52207,exp5,Facial expression recognition,topic,0,topic,,False,0.9,v2
52208,exp5,Leakage power,property,0,property,,False,0.9,v2
52211,exp5,Records management,topic,0,topic,,False,0.9,v2
52213,exp5,Fire hazard,topic,0,topic,,False,0.9,v2
52217,exp5,Water heating,topic,0,topic,,False,0.9,v2
52221,exp5,Time lag,property,0,property,,False,0.9,v2
52222,exp5,Road traffic accident,topic,0,topic,,False,0.9,v2
52229,exp5,Quantum information processing,topic,0,topic,,False,0.9,v2
52232,exp5,Species identification,method,0,method,method,True,0.9,v2
52233,exp5,Property market,topic,0,topic,,False,0.9,v2
52234,exp5,Action recognition,topic,0,topic,,False,0.9,v2
52237,exp5,Monitoring and control,method,0,method,topic,False,0.9,v2
52241,exp5,Event data,object,0,object,object,True,0.9,v2
52243,exp5,Gas pressure,property,0,property,,False,0.9,v2
52245,exp5,Mobile telephone,object,0,object,object,True,0.9,v2
52247,exp5,Semiconductor nanostructures,object,0,object,object,True,0.9,v2
52252,exp5,Cable television,topic,0,topic,,False,0.9,v2
52253,exp5,Sedentary behavior,topic,0,topic,,False,0.9,v2
52257,exp5,Functional equivalence,property,0,property,,False,0.9,v2
52262,exp5,Meta heuristic,method,0,method,method,True,1.0,v2
52268,exp5,Battery charger,object,0,object,object,True,1.0,v2
52269,exp5,Mechanical strength,property,0,property,,False,1.0,v2
52271,exp5,Furniture industry,topic,0,topic,,False,1.0,v2
52272,exp5,Inference system,method,0,method,method,True,1.0,v2
52275,exp5,Switching power,method,0,method,method,True,1.0,v2
52276,exp5,Mobile apps,object,0,object,object,True,1.0,v2
52280,exp5,Winter season,topic,0,topic,,False,1.0,v2
52282,exp5,Online video,topic,0,topic,,False,1.0,v2
52288,exp5,Microfluidic chip,object,0,object,object,True,1.0,v2
52290,exp5,Network structure,property,0,property,,False,1.0,v2
52292,exp5,Consumer satisfaction,property,0,property,,False,1.0,v2
52296,exp5,Air combat,topic,0,topic,,False,1.0,v2
52299,exp5,Radiation transport,method,0,method,topic,False,1.0,v2
52300,exp5,Peer effects,property,0,property,,False,1.0,v2
52302,exp5,Transverse vibration,property,0,property,,False,1.0,v2
52303,exp5,Japanese language,topic,0,topic,,False,1.0,v2
52306,exp5,Pulse rate,property,0,property,,False,1.0,v2
52311,exp5,Braking system,object,0,object,object,True,1.0,v2
52318,exp5,Animal behavior,topic,0,topic,,False,1.0,v2
52321,exp5,Nuclear industry,topic,0,topic,,False,0.9,v2
52327,exp5,Clean energy,topic,0,topic,,False,0.9,v2
52340,exp5,Impulse radio,method,0,method,object,False,0.9,v2
52345,exp5,Open water,object,0,object,object,True,0.9,v2
52346,exp5,Self representation,topic,0,topic,,False,0.9,v2
52352,exp5,Video recording,method,0,method,object,False,0.9,v2
52354,exp5,Special educational needs,topic,0,topic,,False,0.9,v2
52355,exp5,Relative motion,property,0,property,,False,0.9,v2
52360,exp5,Electricity demand,property,0,property,,False,0.9,v2
52369,exp5,Mean square,property,1,property,,False,0.9,v2
52370,exp5,Catering industry,topic,0,topic,,False,0.9,v2
52376,exp5,Velocity vector,method,0,method,property,False,0.9,v2
52377,exp5,Ancient egypt,topic,0,topic,,False,0.9,v2
52379,exp5,Beaufort sea,object,0,object,object,True,0.9,v2
52384,exp5,Finite difference scheme,method,0,method,method,True,0.9,v2
52390,exp5,Uninterruptible power supply,object,0,object,object,True,0.9,v2
52399,exp5,Dictionary learning,method,0,method,method,True,0.9,v2
52400,exp5,Matrix model,object,0,object,topic,False,0.9,v2
52401,exp5,Functional diversity,property,0,property,,False,0.9,v2
52409,exp5,Multiobjective programming,method,0,method,topic,False,0.9,v2
52411,exp5,Social network service,topic,0,topic,,False,0.9,v2
52422,exp5,Electronic equipment,object,0,object,topic,False,0.9,v2
52425,exp5,Motor impairment,property,0,property,,False,0.9,v2
52428,exp5,Groundwater contamination,topic,0,topic,,False,0.9,v2
52430,exp5,Healthcare industry,topic,0,topic,,False,0.9,v2
52432,exp5,Learning design,topic,0,topic,,False,0.9,v2
52435,exp5,Drug target,object,0,object,object,True,0.9,v2
52436,exp5,Transient analysis,method,0,method,method,True,0.9,v2
52438,exp5,Cyber crime,topic,0,topic,,False,0.9,v2
52439,exp5,Android malware,object,0,object,object,True,0.9,v2
52440,exp5,Execution time,property,0,property,,False,0.9,v2
52441,exp5,Ground station,object,0,object,object,True,0.9,v2
52444,exp5,Evolutionary theory,topic,0,topic,,False,0.9,v2
52449,exp5,Ceramic tiles,object,0,object,object,True,0.9,v2
52454,exp5,Phase locking,method,0,method,property,False,0.9,v2
52455,exp5,Function optimization,method,0,method,topic,False,0.9,v2
52474,exp5,Alternative fuels,topic,0,topic,,False,0.9,v2
52477,exp5,Transportation infrastructure,object,0,object,topic,False,0.9,v2
52479,exp5,Dynamic equation,object,0,object,object,True,0.9,v2
52480,exp5,Auto industry,topic,0,topic,,False,0.9,v2
52481,exp5,Thermal sensation,property,0,property,,False,0.9,v2
52484,exp5,Fashion industry,topic,0,topic,,False,0.9,v2
52488,exp5,Arms race,topic,0,topic,,False,0.9,v2
52492,exp5,Logistics management,topic,0,topic,,False,0.9,v2
52494,exp5,Phase control,property,0,property,,False,0.9,v2
52502,exp5,Ultrasonic imaging,method,0,method,method,True,0.9,v2
52505,exp5,Power market,topic,0,topic,,False,0.9,v2
52510,exp5,Gas industry,topic,0,topic,,False,0.9,v2
52514,exp5,Career planning,topic,0,topic,,False,0.9,v2
52518,exp5,Route planning,method,0,method,method,True,0.9,v2
52523,exp5,Field hockey,topic,0,topic,,False,0.9,v2
52524,exp5,Middle income,property,0,property,,False,0.9,v2
52526,exp5,Hotel management,topic,0,topic,,False,0.9,v2
52533,exp5,Public university,object,0,object,object,True,0.9,v2
52534,exp5,Acute rheumatic fever,object,0,object,object,True,0.9,v2
52538,exp5,Pharmacy education,topic,0,topic,,False,0.9,v2
52539,exp5,Mental development,property,0,property,,False,0.9,v2
52541,exp5,Immune modulation,method,0,method,method,True,0.9,v2
52542,exp5,Cancer recurrence,property,0,property,,False,0.9,v2
52543,exp5,Solar greenhouse,object,0,object,object,True,0.9,v2
52548,exp5,Abdominal fat,object,0,object,object,True,0.9,v2
52549,exp5,Chlorhexidine gluconate,object,0,object,object,True,0.9,v2
52551,exp5,Antarctic treaty,object,0,object,object,True,0.9,v2
52557,exp5,Health statistics,topic,0,topic,,False,0.9,v2
52559,exp5,Swietenia macrophylla,object,0,object,object,True,0.9,v2
52562,exp5,Labor pain,property,0,property,,False,0.9,v2
52564,exp5,Cell metabolism,topic,0,topic,,False,0.9,v2
52567,exp5,Home front,topic,0,topic,,False,0.9,v2
52568,exp5,Experimental biology,topic,0,topic,,False,0.9,v2
52572,exp5,Digital era,topic,0,topic,,False,0.9,v2
52575,exp5,Islamic finance,topic,0,topic,,False,0.9,v2
52601,exp5,Participatory democracy,topic,0,topic,,False,0.9,v2
52604,exp5,Digital nerve,object,0,object,object,True,0.9,v2
52613,exp5,Legislative process,topic,0,topic,,False,0.9,v2
52621,exp5,Product placement,topic,0,topic,,False,0.9,v2
52624,exp5,Environmental consciousness,property,0,property,,False,0.9,v2
52639,exp5,Research centre,object,0,object,object,True,0.9,v2
52641,exp5,Constitutional interpretation,method,0,method,property,False,0.9,v2
52642,exp5,Glass furnace,object,0,object,object,True,0.9,v2
52648,exp5,Folk music,topic,0,topic,,False,0.9,v2
52652,exp5,Executive power,property,0,property,,False,0.8,v2
52665,exp5,Sheet pile,object,0,object,object,True,0.9,v2
52672,exp5,Water resistance,property,0,property,,False,0.9,v2
52683,exp5,Women entrepreneurs,object,0,object,object,True,0.9,v2
52685,exp5,Childhood leukaemia,object,0,object,object,True,0.9,v2
52702,exp5,Geographic atrophy,object,0,object,object,True,0.9,v2
52703,exp5,Pain perception,property,0,property,,False,0.9,v2
52704,exp5,Net energy,property,0,property,,False,0.9,v2
52706,exp5,Forest health,topic,0,topic,,False,0.9,v2
52707,exp5,Civil litigation,topic,0,topic,,False,0.9,v2
52710,exp5,Gossypium barbadense,object,0,object,object,True,0.9,v2
52716,exp5,Seawater intrusion,object,0,object,topic,False,0.9,v2
52720,exp5,Aesthetic value,property,0,property,,False,0.9,v2
52721,exp5,Interpersonal violence,object,0,object,topic,False,0.9,v2
52728,exp5,Suez canal,object,0,object,object,True,0.9,v2
52732,exp5,Reality tv,topic,0,topic,,False,0.9,v2
52733,exp5,Real economy,topic,0,topic,,False,0.9,v2
52739,exp5,Community radio,object,0,object,topic,False,0.9,v2
52742,exp5,Cubital tunnel syndrome,object,0,object,object,True,0.9,v2
52743,exp5,Water sector,topic,0,topic,,False,0.9,v2
52752,exp5,Political process,topic,0,topic,,False,0.8,v2
52756,exp5,Information professional,topic,0,topic,,False,0.8,v2
52759,exp5,Chinese market,topic,0,topic,,False,0.8,v2
52761,exp5,Core strength,property,0,property,,False,0.8,v2
52770,exp5,Male fertility,property,0,property,,False,0.8,v2
52771,exp5,African descent,topic,0,topic,,False,0.8,v2
52772,exp5,Epigastric pain,property,0,property,,False,0.8,v2
52778,exp5,Root tip,object,0,object,object,True,0.8,v2
52780,exp5,Growth theory,topic,0,topic,,False,0.8,v2
52784,exp5,Pain medicine,topic,0,topic,,False,0.8,v2
52786,exp5,Leisure activity,topic,0,topic,,False,0.8,v2
52787,exp5,Brown seaweed,object,0,object,object,True,0.8,v2
52790,exp5,Health security,topic,0,topic,,False,0.8,v2
52791,exp5,Skin barrier,object,0,object,property,False,0.8,v2
52792,exp5,Pension plan,topic,0,topic,,False,0.8,v2
52793,exp5,Not for profit,topic,0,topic,,False,0.8,v2
52795,exp5,Health worker,object,0,object,object,True,0.8,v2
52800,exp5,Nuclear disaster,topic,0,topic,,False,0.8,v2
52807,exp5,Hexagonal boron nitride,object,0,object,object,True,0.8,v2
52817,exp5,Political change,topic,0,topic,,False,0.8,v2
52818,exp5,Proton transport,object,0,object,method,False,0.9,v2
52822,exp5,Organic dye,object,0,object,object,True,0.9,v2
52823,exp5,Micro finance,topic,0,topic,,False,0.9,v2
52830,exp5,Pancreatic ductal adenocarcinoma,object,0,object,object,True,0.9,v2
52833,exp5,School system,object,0,object,object,True,0.9,v2
52835,exp5,Irrigated agriculture,topic,0,topic,,False,0.9,v2
52836,exp5,Water infrastructure,object,0,object,object,True,0.9,v2
52843,exp5,Psychological science,topic,0,topic,,False,0.9,v2
52847,exp5,Hip surgery,topic,0,topic,,False,0.9,v2
52849,exp5,Paradise lost,object,0,object,object,True,0.9,v2
52850,exp5,Medical expenses,topic,0,topic,,False,0.9,v2
52857,exp5,Chemical communication,property,0,property,,False,0.9,v2
52859,exp5,Artificial light,object,0,object,property,False,0.9,v2
52860,exp5,Great recession,object,0,object,topic,False,0.9,v2
52864,exp5,Slope failure,object,0,object,topic,False,0.9,v2
52867,exp5,Urban green space,object,0,object,object,True,0.9,v2
52871,exp5,Aluminum foil,object,0,object,object,True,0.9,v2
52877,exp5,Catalytic hydrogenation,method,0,method,method,True,0.9,v2
52878,exp5,Solar atmosphere,object,0,object,object,True,0.9,v2
52888,exp5,Internal marketing,topic,0,topic,,False,0.9,v2
52889,exp5,Cognitive behaviour therapy,method,0,method,method,True,0.9,v2
52892,exp5,Political advertising,topic,0,topic,,False,0.9,v2
52895,exp5,Drug trafficking,topic,0,topic,,False,0.9,v2
52898,exp5,Theological seminary,object,0,object,object,True,0.9,v2
52902,exp5,Sales force,object,0,object,topic,False,0.9,v2
52903,exp5,Machine building,topic,0,topic,,False,0.9,v2
52905,exp5,Tibial fracture,object,0,object,object,True,0.9,v2
52908,exp5,Electricity system,object,0,object,object,True,0.9,v2
52911,exp5,Vocal fold paralysis,object,0,object,object,True,0.9,v2
52916,exp5,Environmental flow,property,0,property,,False,0.9,v2
52920,exp5,Urban policy,topic,0,topic,,False,0.9,v2
52922,exp5,Stevia rebaudiana,object,0,object,object,True,0.9,v2
52924,exp5,Clotting factor,object,0,object,object,True,0.9,v2
52925,exp5,Multislice computed tomography,method,0,method,method,True,0.9,v2
52933,exp5,Adverse weather,property,0,property,,False,0.9,v2
52941,exp5,Public place,object,0,object,object,True,0.9,v2
52944,exp5,Lung ultrasound,method,0,method,method,True,0.9,v2
52947,exp5,Palliative sedation,method,0,method,method,True,0.9,v2
52952,exp5,Fruit rot,object,0,object,object,True,0.9,v2
52953,exp5,Alien species,object,0,object,object,True,0.9,v2
52954,exp5,Convective flow,object,0,object,property,False,0.9,v2
52955,exp5,Urban construction,topic,0,topic,,False,0.9,v2
52958,exp5,Psychological counseling,topic,0,topic,,False,0.9,v2
52962,exp5,Herpes virus,object,0,object,object,True,0.9,v2
52968,exp5,Venous pressure,property,0,property,,False,0.9,v2
52974,exp5,Spark discharge,method,0,method,object,False,0.9,v2
52980,exp5,Growth restriction,property,0,property,,False,0.9,v2
52981,exp5,Emotional regulation,property,0,property,,False,0.9,v2
52987,exp5,Muscle relaxation,property,0,property,,False,0.9,v2
52989,exp5,Uniaxial tension,method,0,method,property,False,0.9,v2
52998,exp5,Panel survey,method,0,method,method,True,0.9,v2
53002,exp5,Environmental crisis,topic,0,topic,,False,0.9,v2
53019,exp5,Alkaline protease,object,0,object,object,True,0.9,v2
53020,exp5,Linguistic diversity,property,0,property,,False,0.9,v2
53022,exp5,Anterior uveitis,object,0,object,object,True,0.9,v2
53024,exp5,Foot pressure,property,0,property,,False,0.9,v2
53027,exp5,Self adhesive,object,0,object,property,False,0.9,v2
53031,exp5,Air filtration,object,0,object,object,True,0.9,v2
53037,exp5,Entomopathogenic fungi,object,0,object,object,True,0.9,v2
53038,exp5,Equivalence ratio,property,0,property,,False,0.9,v2
53042,exp5,Uranium mine,object,0,object,topic,False,0.9,v2
53044,exp5,Work safety,topic,0,topic,,False,0.9,v2
53045,exp5,Adaptive evolution,topic,0,topic,,False,0.9,v2
53049,exp5,Immune status,property,0,property,,False,0.9,v2
53052,exp5,Tourist destinations,object,0,object,object,True,0.9,v2
53054,exp5,Destination marketing,topic,0,topic,,False,0.9,v2
53055,exp5,Iraq war,topic,0,topic,,False,0.9,v2
53056,exp5,Cnc milling,method,0,method,method,True,0.9,v2
53057,exp5,Drug approval,topic,0,topic,,False,0.9,v2
53060,exp5,Early childhood teacher,object,0,object,topic,False,0.9,v2
53063,exp5,Atomic beam,object,0,object,object,True,0.9,v2
53064,exp5,Household waste,object,0,object,object,True,0.9,v2
53066,exp5,Ankle sprain,object,0,object,object,True,0.9,v2
53070,exp5,Cold climate,object,0,object,topic,False,0.9,v2
53074,exp5,Ultraviolet irradiation,method,0,method,method,True,0.9,v2
53075,exp5,Hibiscus sabdariffa,object,0,object,object,True,0.9,v2
53076,exp5,Medical physicist,object,0,object,topic,False,0.9,v2
53089,exp5,Transition countries,object,0,object,topic,False,0.9,v2
53093,exp5,Antiangiogenic therapy,topic,0,topic,,False,0.9,v2
53098,exp5,Rotational dynamics,topic,0,topic,,False,0.9,v2
53099,exp5,Right to education,topic,0,topic,,False,0.8,v2
53100,exp5,Right to life,topic,0,topic,,False,0.8,v2
53102,exp5,Tourist industry,topic,0,topic,,False,0.9,v2
53111,exp5,Railway line,object,0,object,object,True,0.9,v2
53115,exp5,Environmental tax,topic,0,topic,,False,0.9,v2
53118,exp5,Religious life,topic,0,topic,,False,0.8,v2
53120,exp5,Film festival,topic,0,topic,,False,0.9,v2
53126,exp5,Uranium mining,topic,0,topic,,False,0.9,v2
53131,exp5,Criminal liability,topic,0,topic,,False,0.8,v2
53132,exp5,Transport policy,topic,0,topic,,False,0.9,v2
53138,exp5,Divalent metal,object,0,object,object,True,0.9,v2
53144,exp5,Railway tunnel,object,0,object,object,True,0.9,v2
53155,exp5,Prenatal screening,method,0,method,method,True,0.9,v2
53159,exp5,Sound production,property,0,property,,False,0.8,v2
53162,exp5,Gully erosion,object,0,object,object,True,0.9,v2
53172,exp5,Gouty arthritis,object,0,object,object,True,0.9,v2
53173,exp5,Political stability,property,0,property,,False,0.8,v2
53180,exp5,Genomic selection,method,0,method,method,True,0.9,v2
53182,exp5,Horse racing,topic,0,topic,,False,0.9,v2
53183,exp5,Urban community,object,0,object,object,True,0.9,v2
53186,exp5,Acid deposition,topic,0,topic,,False,0.9,v2
53187,exp5,Parasitic infection,topic,0,topic,,False,0.9,v2
53193,exp5,Export trade,topic,0,topic,,False,0.9,v2
53198,exp5,Optical anisotropy,property,0,property,,False,0.9,v2
53206,exp5,Federal election,topic,0,topic,,False,0.9,v2
53209,exp5,Career education,topic,0,topic,,False,0.9,v2
53210,exp5,Detective fiction,topic,0,topic,,False,0.9,v2
53212,exp5,Food hygiene,topic,0,topic,,False,0.9,v2
53213,exp5,Tax planning,topic,0,topic,,False,0.9,v2
53214,exp5,Extreme right,topic,0,topic,,False,0.9,v2
53216,exp5,Academic institution,object,0,object,object,True,0.9,v2
53224,exp5,Criminal behavior,topic,0,topic,,False,0.9,v2
53226,exp5,Marketing communication,topic,0,topic,,False,0.9,v2
53229,exp5,Mental arithmetic,method,0,method,method,True,0.9,v2
53237,exp5,Liquid ammonia,object,0,object,object,True,0.9,v2
53238,exp5,Workforce diversity,topic,0,topic,,False,0.9,v2
53242,exp5,Stormwater management,topic,0,topic,,False,0.9,v2
53246,exp5,Boll weevil,object,0,object,object,True,0.9,v2
53263,exp5,Job creation,topic,0,topic,,False,0.9,v2
53264,exp5,Dual language,topic,0,topic,,False,0.9,v2
53266,exp5,National monument,object,0,object,object,True,0.9,v2
53267,exp5,Genomic medicine,topic,0,topic,,False,0.9,v2
53269,exp5,Coffee shop,object,0,object,object,True,0.9,v2
53270,exp5,Mercury contamination,property,0,property,,False,0.9,v2
53278,exp5,Rodent model,object,0,object,object,True,0.9,v2
53280,exp5,Scientific reasoning,topic,0,topic,,False,0.9,v2
53284,exp5,Deletion syndrome,object,0,object,object,True,0.9,v2
53291,exp5,Emergency surgery,topic,0,topic,,False,0.9,v2
53293,exp5,Upper body,object,0,object,object,True,0.9,v2
53294,exp5,Commercial vehicle,object,0,object,object,True,0.9,v2
53298,exp5,Non profit,object,0,object,object,True,0.9,v2
53303,exp5,Male circumcision,method,0,method,method,True,0.9,v2
53304,exp5,Management theory,topic,0,topic,,False,0.9,v2
53305,exp5,Birth certificate,object,0,object,object,True,0.9,v2
53307,exp5,Sensu stricto,property,1,property,,False,0.9,v2
53317,exp5,Mental hygiene,topic,0,topic,,False,0.9,v2
53322,exp5,Cardiac valve,object,0,object,object,True,0.9,v2
53328,exp5,Fluid intelligence,property,0,property,,False,0.9,v2
53330,exp5,Waste recycling,topic,0,topic,,False,0.9,v2
53333,exp5,Grocery store,object,0,object,object,True,0.9,v2
53335,exp5,Gender violence,topic,0,topic,,False,0.9,v2
53337,exp5,Wire mesh,object,0,object,object,True,0.9,v2
53343,exp5,Singular integral operators,object,0,object,method,False,0.9,v2
53344,exp5,Hydrogen sulphide,object,0,object,object,True,0.9,v2
53347,exp5,Cold weather,property,0,property,,False,0.9,v2
53351,exp5,Spin offs,object,0,object,topic,False,0.9,v2
53353,exp5,Mandibular third molar,object,0,object,object,True,0.9,v2
53354,exp5,Soil remediation,topic,0,topic,,False,0.9,v2
53359,exp5,Femur fracture,object,0,object,object,True,0.9,v2
53362,exp5,Gamma ray spectrometry,method,0,method,method,True,0.9,v2
53364,exp5,Green laser,object,0,object,object,True,0.9,v2
53367,exp5,Health professions,topic,0,topic,,False,0.9,v2
53368,exp5,Debt financing,topic,0,topic,,False,0.9,v2
53373,exp5,Flank pain,property,0,property,,False,0.9,v2
53377,exp5,Brand identity,property,0,property,,False,0.9,v2
53378,exp5,Tourist attraction,object,0,object,object,True,0.9,v2
53379,exp5,Atmospheric dust,object,0,object,object,True,0.9,v2
53383,exp5,Bird flu,object,0,object,object,True,0.9,v2
53386,exp5,Government expenditure,property,0,property,,False,0.9,v2
53389,exp5,Cancer metastasis,property,0,property,,False,0.9,v2
53391,exp5,Reality check,topic,0,topic,,False,0.8,v2
53394,exp5,Mental healthcare,topic,0,topic,,False,0.9,v2
53398,exp5,Hiv test,method,0,method,method,True,0.9,v2
53404,exp5,Oxygen pressure,property,0,property,,False,0.9,v2
53409,exp5,Safe haven,topic,0,topic,,False,0.8,v2
53413,exp5,Aqueous suspension,object,0,object,object,True,0.9,v2
53415,exp5,Penal code,object,0,object,object,True,0.9,v2
53423,exp5,Copper ore,object,0,object,object,True,0.9,v2
53429,exp5,Path dependency,topic,0,topic,,False,0.9,v2
53431,exp5,Box office,topic,0,topic,,False,0.8,v2
53433,exp5,Lattice vibration,object,0,object,property,False,0.9,v2
53439,exp5,Football club,object,0,object,object,True,0.9,v2
53440,exp5,Fat free mass,property,0,property,,False,0.9,v2
53446,exp5,Health examination,method,0,method,method,True,0.9,v2
53456,exp5,Domestic work,topic,0,topic,,False,0.9,v2
53457,exp5,Rice flour,object,0,object,object,True,0.9,v2
53458,exp5,Clinical biochemistry,topic,0,topic,,False,0.9,v2
53459,exp5,Food culture,topic,0,topic,,False,0.9,v2
53464,exp5,Historical record,object,0,object,object,True,0.9,v2
53469,exp5,Social memory,property,0,property,,False,0.9,v2
53477,exp5,Response inhibition,property,0,property,,False,0.9,v2
53478,exp5,Public park,object,0,object,object,True,0.9,v2
53482,exp5,Black male,object,0,object,object,True,0.9,v2
53487,exp5,International investment,topic,0,topic,,False,0.9,v2
53490,exp5,Preschool education,topic,0,topic,,False,0.9,v2
53492,exp5,Public discourse,topic,0,topic,,False,0.9,v2
53493,exp5,Stream flow,property,0,property,,False,0.9,v2
53495,exp5,Serum bilirubin,property,0,property,,False,0.9,v2
53496,exp5,Granitic rock,object,0,object,object,True,0.9,v2
53497,exp5,First generation,object,0,object,topic,False,0.9,v2
53502,exp5,Private enterprise,object,0,object,object,True,0.9,v2
53503,exp5,Political instability,property,0,property,,False,0.9,v2
53509,exp5,Blood cholesterol,property,0,property,,False,0.9,v2
53511,exp5,Gas analyzer,object,0,object,method,False,0.9,v2
53514,exp5,Drug control,topic,0,topic,,False,0.9,v2
53515,exp5,Ecological agriculture,topic,0,topic,,False,0.9,v2
53520,exp5,Deep hole,object,0,object,object,True,0.9,v2
53521,exp5,Food sector,topic,0,topic,,False,0.9,v2
53525,exp5,Contaminated water,object,0,object,object,True,0.9,v2
53531,exp5,Strategic partnership,object,0,object,topic,False,0.9,v2
53532,exp5,Alanine aminotransferase,object,0,object,object,True,0.97,v2
53536,exp5,Liquid culture,method,0,method,method,True,0.98,v2
53540,exp5,Post hoc,method,0,method,method,True,0.95,v2
53542,exp5,Electoral reform,topic,0,topic,,False,0.98,v2
53545,exp5,Mortgage loan,object,0,object,object,True,0.98,v2
53547,exp5,Sewing machine,object,0,object,object,True,0.97,v2
53548,exp5,Granular matter,object,0,object,object,True,0.98,v2
53553,exp5,Safety climate,property,0,property,,False,0.98,v2
53555,exp5,Mathematics curriculum,topic,0,topic,,False,0.98,v2
53556,exp5,Modal shift,topic,0,topic,,False,0.98,v2
53559,exp5,Natural radioactivity,property,0,property,,False,0.98,v2
53568,exp5,Highway system,object,0,object,topic,False,0.98,v2
53573,exp5,Urban rail,object,0,object,topic,False,0.98,v2
53574,exp5,Menstrual bleeding,property,0,property,,False,0.98,v2
53575,exp5,Tungsten oxide,object,0,object,object,True,0.97,v2
53576,exp5,Acute abdominal pain,property,0,property,,False,0.98,v2
53577,exp5,Genetic similarity,property,0,property,,False,0.98,v2
53579,exp5,Spinal deformity,property,0,property,,False,0.98,v2
53582,exp5,Biomass gasification,method,0,method,topic,False,0.98,v2
53584,exp5,Medical waste,object,0,object,object,True,0.98,v2
53586,exp5,Automobile insurance,topic,0,topic,,False,0.9,v2
53591,exp5,Sexual life,topic,0,topic,,False,0.9,v2
53597,exp5,Work productivity,property,0,property,,False,0.9,v2
53602,exp5,Public order,topic,0,topic,,False,0.9,v2
53603,exp5,Value for money,property,0,property,,False,0.9,v2
53605,exp5,Tax administration,topic,0,topic,,False,0.9,v2
53612,exp5,Economic governance,topic,0,topic,,False,0.9,v2
53614,exp5,Forest industry,topic,0,topic,,False,0.9,v2
53619,exp5,Roll call,topic,0,topic,,False,0.9,v2
53623,exp5,Renal mass,object,0,object,object,True,0.9,v2
53625,exp5,Water saturation,property,0,property,,False,0.9,v2
53632,exp5,Urinary catheter,object,0,object,object,True,0.9,v2
53641,exp5,Benthic habitat,object,0,object,object,True,0.9,v2
53643,exp5,Shale gas,object,0,object,object,True,0.9,v2
53648,exp5,Oxidation ditch,method,0,method,method,True,0.9,v2
53651,exp5,Thermal stratification,property,0,property,,False,0.9,v2
53652,exp5,Oxygen metabolism,topic,0,topic,,False,0.9,v2
53665,exp5,Fiscal deficit,property,0,property,,False,0.9,v2
53671,exp5,Molecular magnets,object,0,object,object,True,0.9,v2
53676,exp5,Animal species,object,0,object,object,True,0.9,v2
53678,exp5,Suicide ideation,property,0,property,,False,0.9,v2
53681,exp5,Population mean,property,0,property,,False,0.9,v2
53685,exp5,Christian faith,topic,0,topic,,False,0.9,v2
53689,exp5,Cerebral embolism,object,0,object,object,True,0.9,v2
53690,exp5,Welfare system,topic,0,topic,,False,0.9,v2
53693,exp5,Bank credit,object,0,object,property,False,0.9,v2
53696,exp5,Criminal responsibility,property,0,property,,False,0.9,v2
53698,exp5,Creative economy,topic,0,topic,,False,0.9,v2
53702,exp5,Hydrogen molecule,object,0,object,object,True,0.9,v2
53704,exp5,Spinal injury,object,0,object,object,True,0.9,v2
53706,exp5,Anterior knee pain,property,0,property,,False,0.9,v2
53708,exp5,Fire history,property,0,property,,False,0.9,v2
53723,exp5,Spontaneous intracerebral hemorrhage,object,0,object,object,True,0.9,v2
53724,exp5,Competitive sport,topic,0,topic,,False,0.9,v2
53726,exp5,Plastic waste,object,0,object,object,True,0.9,v2
53730,exp5,Magnetic bead,object,0,object,object,True,0.9,v2
53733,exp5,American history,topic,0,topic,,False,0.9,v2
53738,exp5,Crop productivity,property,0,property,,False,0.9,v2
53742,exp5,Tibetan medicine,topic,0,topic,,False,0.9,v2
53751,exp5,Urban poverty,property,0,property,,False,0.9,v2
53753,exp5,Water buffalo,object,0,object,object,True,1.0,v2
53757,exp5,Peanut butter,object,0,object,object,True,1.0,v2
53763,exp5,Multidetector computed tomography,method,0,method,method,True,1.0,v2
53764,exp5,Protein isolate,method,0,method,method,True,1.0,v2
53772,exp5,Urban tourism,topic,0,topic,,False,1.0,v2
53773,exp5,Eye lens,object,0,object,object,True,1.0,v2
53778,exp5,Periodic wave,object,0,object,object,True,1.0,v2
53779,exp5,Low altitude,property,0,property,,False,1.0,v2
53784,exp5,Abdominal muscles,object,0,object,object,True,1.0,v2
53788,exp5,Felis catus,object,0,object,object,True,1.0,v2
53790,exp5,Girder bridge,object,0,object,object,True,1.0,v2
53793,exp5,Extreme heat,property,0,property,,False,1.0,v2
53795,exp5,Religious diversity,property,0,property,,False,1.0,v2
53797,exp5,Cross disciplinary,topic,0,topic,,False,1.0,v2
53801,exp5,Zirconium oxide,object,0,object,object,True,1.0,v2
53803,exp5,Shear viscosity,property,0,property,,False,1.0,v2
53810,exp5,Scientific integrity,property,0,property,,False,1.0,v2
53811,exp5,Urinary continence,property,0,property,,False,1.0,v2
53815,exp5,Colonic cancer,object,0,object,object,True,1.0,v2
53817,exp5,Heat wave,property,0,property,,False,1.0,v2
53819,exp5,Social harmony,topic,0,topic,,False,0.9,v2
53828,exp5,Medium density fiberboard,object,0,object,object,True,0.9,v2
53831,exp5,Marie curie,object,0,object,object,True,0.8,v2
53832,exp5,Marine biodiversity,topic,0,topic,,False,0.9,v2
53834,exp5,Mercury pollution,topic,0,topic,,False,0.9,v2
53835,exp5,Marine fisheries,topic,0,topic,,False,0.9,v2
53839,exp5,Water cut,property,0,property,,False,0.9,v2
53840,exp5,Carbon atom,object,1,object,object,True,0.9,v2
53844,exp5,Pathological anatomy,topic,0,topic,,False,0.9,v2
53850,exp5,Public health policy,topic,0,topic,,False,0.9,v2
53853,exp5,Wound dressing,object,0,object,object,True,0.9,v2
53860,exp5,Word list,object,0,object,method,False,0.9,v2
53862,exp5,Self defense,topic,0,topic,,False,0.9,v2
53865,exp5,Superficial femoral artery,object,0,object,object,True,0.9,v2
53866,exp5,Radiation injury,topic,0,topic,,False,0.9,v2
53879,exp5,Prosopis juliflora,object,0,object,object,True,0.9,v2
53882,exp5,Childhood abuse,topic,0,topic,,False,0.9,v2
53883,exp5,Pension insurance,topic,0,topic,,False,0.9,v2
53886,exp5,Surface rupture,object,0,object,object,True,0.9,v2
53890,exp5,Industrial effluent,object,0,object,topic,False,0.9,v2
53893,exp5,Coal fired,object,0,object,object,True,0.9,v2
53894,exp5,Labor contract,object,0,object,topic,False,0.9,v2
53901,exp5,Immune thrombocytopenia,object,0,object,object,True,0.9,v2
53908,exp5,Left lung,object,0,object,object,True,0.9,v2
53909,exp5,Grape wine,object,0,object,object,True,0.9,v2
53910,exp5,Ground subsidence,object,0,object,property,False,0.9,v2
53914,exp5,Documentary film,topic,0,topic,,False,0.9,v2
53916,exp5,Phosphate fertilizer,object,0,object,object,True,0.9,v2
53947,exp5,Post modernism,topic,0,topic,,False,0.9,v2
53948,exp5,Early psychosis,topic,0,topic,,False,0.9,v2
53949,exp5,Subway station,object,0,object,object,True,0.9,v2
53953,exp5,Football team,object,0,object,object,True,0.9,v2
53954,exp5,Plasma lipoprotein,object,0,object,object,True,0.9,v2
53958,exp5,Panama canal,object,0,object,object,True,0.9,v2
53964,exp5,Staging system,method,0,method,method,True,0.9,v2
53965,exp5,Raman microspectroscopy,method,0,method,method,True,0.9,v2
53966,exp5,Credit union,object,0,object,object,True,0.9,v2
53970,exp5,Contaminated groundwater,object,0,object,property,False,0.9,v2
53974,exp5,Agricultural waste,object,0,object,object,True,0.9,v2
53978,exp5,Dense matter,object,0,object,object,True,0.9,v2
53979,exp5,Impact resistance,property,0,property,,False,0.9,v2
53982,exp5,Oral health care,topic,0,topic,,False,0.9,v2
53984,exp5,Copper sulfate,object,0,object,object,True,0.9,v2
53987,exp5,Sociological research,topic,0,topic,,False,0.9,v2
53991,exp5,Job loss,property,0,property,,False,0.9,v2
53992,exp5,Legal advice,topic,0,topic,,False,0.9,v2
53993,exp5,Cardiac dysfunction,property,0,property,,False,0.9,v2
53996,exp5,Urban park,object,0,object,object,True,0.9,v2
54000,exp5,Deepwater horizon,object,0,object,object,True,0.9,v2
54002,exp5,Cancer survivorship,topic,0,topic,,False,0.9,v2
54004,exp5,Food market,object,0,object,topic,False,0.9,v2
54005,exp5,Physical development,property,0,property,,False,0.9,v2
54006,exp5,Behavioral inhibition,property,0,property,,False,0.9,v2
54014,exp5,Chinese economy,topic,0,topic,,False,0.9,v2
54017,exp5,Violent crime,topic,0,topic,,False,0.9,v2
54021,exp5,Criminal trial,topic,0,topic,,False,0.9,v2
54025,exp5,Natural park,object,0,object,object,True,0.9,v2
54026,exp5,Eu countries,object,0,object,object,True,0.9,v2
54034,exp5,Neurological deficit,property,0,property,,False,0.9,v2
54040,exp5,Prostate gland,object,0,object,object,True,0.9,v2
54041,exp5,Channel tunnel,object,0,object,object,True,0.9,v2
54042,exp5,National development,topic,0,topic,,False,0.9,v2
54054,exp5,Avian influenza virus,object,0,object,object,True,0.9,v2
54056,exp5,Pediatric cancer,topic,0,topic,,False,0.9,v2
54057,exp5,Sichuan basin,object,0,object,object,True,0.9,v2
54058,exp5,Artificial nutrition,method,0,method,topic,False,0.9,v2
54064,exp5,High carbon,object,0,object,object,True,0.9,v2
54066,exp5,Emergency treatment,topic,0,topic,,False,0.9,v2
54070,exp5,Breast cancer metastasis,topic,0,topic,,False,0.9,v2
54071,exp5,Molybdenum oxide,object,0,object,object,True,0.9,v2
54073,exp5,Earthquake resistance,topic,0,topic,,False,0.9,v2
54074,exp5,Recreational fishing,topic,0,topic,,False,0.9,v2
54082,exp5,Liquid steel,object,0,object,object,True,0.9,v2
54095,exp5,Transformation group,object,0,object,object,True,0.9,v2
54096,exp5,Set point,property,0,property,,False,0.9,v2
54099,exp5,Flood risk management,topic,0,topic,,False,0.9,v2
54101,exp5,Collateral damage,topic,0,topic,,False,0.9,v2
54102,exp5,Voter turnout,property,0,property,,False,0.9,v2
54107,exp5,Forensic odontology,topic,0,topic,,False,0.9,v2
54108,exp5,Television series,object,0,object,topic,False,0.9,v2
54110,exp5,Climate extremes,object,0,object,property,False,0.9,v2
54112,exp5,Trust fund,object,0,object,object,True,0.9,v2
54113,exp5,Hepatocellular cancer,object,0,object,object,True,0.9,v2
54123,exp5,Transverse field,object,0,object,property,False,0.9,v2
54124,exp5,Brain aging,topic,0,topic,,False,0.9,v2
54127,exp5,Vanadium dioxide,object,0,object,object,True,0.9,v2
54129,exp5,Carbon flux,property,0,property,,False,0.9,v2
54130,exp5,Smoking prevalence,property,0,property,,False,0.9,v2
54133,exp5,Serous ovarian cancer,object,0,object,object,True,0.9,v2
54140,exp5,Normal weight,property,0,property,,False,0.9,v2
54143,exp5,Islamic banking,topic,0,topic,,False,0.9,v2
54144,exp5,Inflation rate,property,0,property,,False,0.9,v2
54147,exp5,Liver toxicity,object,0,object,property,False,0.9,v2
54149,exp5,Mental capacity,property,0,property,,False,0.9,v2
54153,exp5,Ischemic injury,object,0,object,property,False,0.9,v2
54155,exp5,Residential property,object,0,object,topic,False,0.9,v2
54156,exp5,Free state,object,0,object,object,True,0.9,v2
54161,exp5,Offshore oil and gas,topic,0,topic,,False,0.9,v2
54172,exp5,Real property,object,0,object,object,True,0.9,v2
54180,exp5,Russian language,object,0,object,object,True,0.9,v2
54182,exp5,Compression therapy,method,0,method,method,True,0.9,v2
54188,exp5,Hematology analyzer,object,0,object,object,True,0.9,v2
54193,exp5,Water intake,property,0,property,,False,0.9,v2
54206,exp5,Antibacterial peptide,object,0,object,object,True,0.9,v2
54207,exp5,Scientific revolution,topic,0,topic,,False,0.9,v2
54209,exp5,Zero order,property,0,property,,False,0.9,v2
54211,exp5,Drunk driving,topic,0,topic,,False,0.9,v2
54220,exp5,Legal status,property,0,property,,False,0.9,v2
54224,exp5,Brown coal,object,0,object,object,True,0.9,v2
54226,exp5,Rotational spectrum,property,0,property,,False,0.9,v2
54231,exp5,Conditioning regimen,method,0,method,method,True,0.9,v2
54234,exp5,Genetic data,property,0,property,,False,0.9,v2
54237,exp5,Seismic velocity,property,0,property,,False,0.9,v2
54240,exp5,Burnout syndrome,object,0,object,property,False,0.9,v2
54248,exp5,Child bearing,property,0,property,,False,0.9,v2
54256,exp5,Common core,topic,0,topic,,False,0.9,v2
54257,exp5,Early adulthood,property,0,property,,False,0.9,v2
54258,exp5,Blood stream,topic,0,topic,,False,0.9,v2
54259,exp5,Ethnic culture,topic,0,topic,,False,0.9,v2
54260,exp5,Colonial rule,topic,0,topic,,False,0.9,v2
54264,exp5,Flood prevention,topic,0,topic,,False,0.9,v2
54268,exp5,Border crossing,topic,0,topic,,False,0.9,v2
54274,exp5,Gun violence,topic,0,topic,,False,0.9,v2
54275,exp5,Industrial area,object,0,object,object,True,0.9,v2
54277,exp5,Balkan peninsula,object,0,object,object,True,0.9,v2
54282,exp5,Collagen fiber,object,0,object,object,True,0.9,v2
54283,exp5,Bachelor degree,object,0,object,object,True,0.9,v2
54285,exp5,Family health,topic,0,topic,,False,0.9,v2
54286,exp5,Work hours,property,0,property,,False,0.9,v2
54289,exp5,Gas bubble,object,0,object,object,True,0.9,v2
54304,exp5,Economic community,object,0,object,topic,False,0.9,v2
54305,exp5,Mutual recognition,property,0,property,,False,0.9,v2
54307,exp5,Perinatal period,property,0,property,,False,0.9,v2
54308,exp5,Quadriceps muscle,object,0,object,object,True,0.9,v2
54310,exp5,Legal service,topic,0,topic,,False,0.9,v2
54311,exp5,Islamic education,topic,0,topic,,False,0.9,v2
54312,exp5,Functional impairment,property,0,property,,False,0.9,v2
54322,exp5,Liquid desiccant,object,0,object,object,True,0.9,v2
54328,exp5,Instrumental music,topic,0,topic,,False,0.9,v2
54329,exp5,Spinal column,object,0,object,object,True,0.9,v2
54335,exp5,Cavitation erosion,property,0,property,,False,0.9,v2
54336,exp5,Nobel laureate,object,0,object,property,False,0.9,v2
54338,exp5,Principal stress,property,0,property,,False,0.9,v2
54339,exp5,Water pressure,property,0,property,,False,0.9,v2
54343,exp5,Nuclear test,topic,0,topic,,False,0.9,v2
54348,exp5,Carbon market,topic,0,topic,,False,0.9,v2
54352,exp5,House mice,object,0,object,object,True,0.9,v2
54358,exp5,Atrioventricular valve,object,0,object,object,True,0.9,v2
54367,exp5,Genetic variants,object,0,object,object,True,0.9,v2
54368,exp5,Electrochemical energy storage,topic,0,topic,,False,0.9,v2
54369,exp5,Age discrimination,topic,0,topic,,False,0.9,v2
54370,exp5,Democratic governance,topic,0,topic,,False,0.9,v2
54374,exp5,Soy milk,object,0,object,object,True,0.9,v2
54387,exp5,Bike sharing,topic,0,topic,,False,0.9,v2
54394,exp5,Cooking oil,object,0,object,object,True,0.9,v2
54395,exp5,Cerebrospinal fluid pressure,property,0,property,,False,0.9,v2
54396,exp5,Water heater,object,0,object,object,True,0.9,v2
54404,exp5,Health reform,topic,0,topic,,False,0.9,v2
54406,exp5,Air bubble,object,0,object,object,True,0.9,v2
54409,exp5,Psychological control,property,0,property,,False,0.9,v2
54418,exp5,Basal plane,object,0,object,property,False,0.9,v2
54430,exp5,Road dust,object,0,object,object,True,0.9,v2
54432,exp5,Capital city,object,0,object,object,True,0.9,v2
54435,exp5,Presidential campaign,topic,0,topic,,False,0.9,v2
54438,exp5,Seismic survey,method,0,method,method,True,0.9,v2
54441,exp5,Molar ratio,property,1,property,,False,0.9,v2
54442,exp5,Sugar factory,object,0,object,object,True,0.9,v2
54443,exp5,Climate system,object,0,object,object,True,0.9,v2
54449,exp5,Marine industry,topic,0,topic,,False,0.9,v2
54450,exp5,Blood bank,object,0,object,object,True,0.9,v2
54452,exp5,Phase imaging,method,0,method,method,True,0.9,v2
54459,exp5,Carbon stock,property,0,property,,False,0.9,v2
54461,exp5,Extracellular polysaccharide,object,0,object,object,True,0.9,v2
54465,exp5,Sustainable production,topic,0,topic,,False,0.9,v2
54467,exp5,Blood collection,method,0,method,method,True,0.9,v2
54470,exp5,Percutaneous biopsy,method,0,method,method,True,0.9,v2
54482,exp5,Land rights,property,0,property,,False,0.9,v2
54483,exp5,Veterinary education,topic,0,topic,,False,0.9,v2
54486,exp5,Delay discounting,property,0,property,,False,0.9,v2
54487,exp5,Facial attractiveness,property,0,property,,False,0.9,v2
54493,exp5,Mesial temporal lobe epilepsy,object,0,object,object,True,1.0,v2
54494,exp5,Water desalination,topic,0,topic,,False,1.0,v2
54498,exp5,Drug response,property,0,property,,False,1.0,v2
54499,exp5,Anti oxidant,object,0,object,object,True,1.0,v2
54501,exp5,Cure rate,property,0,property,,False,1.0,v2
54502,exp5,Subprime crisis,topic,0,topic,,False,1.0,v2
54512,exp5,Caloric intake,property,0,property,,False,1.0,v2
54513,exp5,Volatile anesthetic,object,0,object,object,True,0.9,v2
54525,exp5,Aortic repair,method,0,method,method,True,0.9,v2
54532,exp5,Private security,topic,0,topic,,False,0.9,v2
54536,exp5,Maternity leave,property,0,property,,False,0.9,v2
54537,exp5,Political correctness,topic,0,topic,,False,0.9,v2
54540,exp5,Random access memory,object,0,object,object,True,0.9,v2
54543,exp5,Regional trade,topic,0,topic,,False,0.9,v2
54544,exp5,Cultural phenomenon,topic,0,topic,,False,0.9,v2
54545,exp5,Moment tensor,object,0,object,property,False,0.9,v2
54550,exp5,Political action,topic,0,topic,,False,0.9,v2
54552,exp5,Research integrity,topic,0,topic,,False,0.9,v2
54556,exp5,Seismic isolation,method,0,method,method,True,0.9,v2
54569,exp5,Social enterprise,topic,0,topic,,False,0.9,v2
54570,exp5,Sun exposure,topic,0,topic,,False,0.9,v2
54574,exp5,Polycrystalline diamond,object,0,object,object,True,0.9,v2
54582,exp5,Cytoreductive surgery,method,0,method,method,True,0.9,v2
54588,exp5,Vascular tone,property,0,property,,False,0.9,v2
54591,exp5,Geographical indication,topic,0,topic,,False,0.9,v2
54596,exp5,Oil storage,object,0,object,object,True,0.9,v2
54600,exp5,Wine grape,object,0,object,object,True,0.9,v2
54602,exp5,Petroleum system,object,0,object,object,True,0.9,v2
54606,exp5,Food safety management,topic,0,topic,,False,0.9,v2
54607,exp5,Eye irritation,property,0,property,,False,0.9,v2
54609,exp5,Atomic system,object,0,object,object,True,0.9,v2
54610,exp5,Professional sport,topic,0,topic,,False,0.9,v2
54611,exp5,Hydrothermal reaction,method,0,method,method,True,0.9,v2
54612,exp5,Cycle ergometer,object,0,object,object,True,0.9,v2
54613,exp5,Optic tectum,object,0,object,object,True,0.9,v2
54616,exp5,Nuclear track,object,0,object,object,True,0.9,v2
54622,exp5,Dna testing,method,0,method,method,True,0.9,v2
54630,exp5,Public spending,topic,0,topic,,False,0.9,v2
54632,exp5,Tertiary institution,object,0,object,topic,False,0.9,v2
54639,exp5,Gay rights,topic,0,topic,,False,0.9,v2
54646,exp5,Care pathway,topic,0,topic,,False,0.9,v2
54647,exp5,Rental housing,topic,0,topic,,False,0.9,v2
54648,exp5,Mangrove ecosystem,topic,0,topic,,False,0.9,v2
54649,exp5,Program director,object,0,object,object,True,0.8,v2
54651,exp5,Water ice,object,0,object,object,True,0.9,v2
54652,exp5,Alpine skiing,topic,0,topic,,False,0.9,v2
54658,exp5,Blood alcohol,property,0,property,,False,0.9,v2
54661,exp5,Melissa officinalis,object,0,object,object,True,0.9,v2
54662,exp5,Vertical axis,object,0,object,property,False,0.9,v2
54663,exp5,Social assistance,topic,0,topic,,False,0.9,v2
54664,exp5,Central city,object,0,object,object,True,0.9,v2
54665,exp5,Surface air temperature,property,0,property,,False,0.9,v2
54671,exp5,Boot camp,topic,0,topic,,False,0.9,v2
54673,exp5,Respiratory illness,topic,0,topic,,False,0.9,v2
54674,exp5,Biogas production,topic,0,topic,,False,0.9,v2
54676,exp5,Anal intercourse,topic,0,topic,,False,0.9,v2
54682,exp5,Ancient city,object,0,object,object,True,0.9,v2
54683,exp5,Nuclear science,topic,0,topic,,False,0.9,v2
54684,exp5,Urban sustainability,topic,0,topic,,False,0.9,v2
54685,exp5,Botulinum neurotoxin,object,0,object,object,True,0.9,v2
54687,exp5,International market,topic,0,topic,,False,0.9,v2
54691,exp5,Wastewater reuse,topic,0,topic,,False,0.9,v2
54700,exp5,Hydraulic pressure,property,0,property,,False,0.9,v2
54705,exp5,Membrane integrity,property,0,property,,False,0.9,v2
54707,exp5,Investor protection,topic,0,topic,,False,0.9,v2
54711,exp5,Emotional stress,property,0,property,,False,0.9,v2
54712,exp5,Epoxy adhesive,object,0,object,object,True,0.9,v2
54713,exp5,Pregnancy test,method,0,method,method,True,0.9,v2
54716,exp5,Fracturing fluid,object,0,object,object,True,0.9,v2
54728,exp5,Metabolite profiling,method,0,method,method,True,0.9,v2
54732,exp5,Berlin wall,object,0,object,object,True,0.9,v2
54738,exp5,Nuclear proliferation,topic,0,topic,,False,0.9,v2
54744,exp5,Total cholesterol,property,0,property,,False,0.9,v2
54745,exp5,Grassland ecosystem,object,0,object,object,True,0.9,v2
54747,exp5,Pancreatic function,property,0,property,,False,0.9,v2
54748,exp5,Lithium metal,object,0,object,object,True,0.9,v2
54755,exp5,Myeloid cells,object,0,object,object,True,0.9,v2
54759,exp5,Mammography screening,topic,0,topic,,False,0.9,v2
54760,exp5,Skin reaction,property,0,property,,False,0.9,v2
54768,exp5,Host response,property,0,property,,False,0.9,v2
54772,exp5,Learning society,topic,0,topic,,False,0.8,v2
54775,exp5,Edible oil,object,0,object,object,True,0.9,v2
54779,exp5,Brain cancer,object,0,object,object,True,0.9,v2
54781,exp5,Public investment,topic,0,topic,,False,0.8,v2
54789,exp5,Russian economy,topic,0,topic,,False,0.9,v2
54794,exp5,False belief,property,0,property,,False,0.8,v2
54795,exp5,Sovereign debt,object,0,object,object,True,0.9,v2
54798,exp5,Heart defect,object,0,object,object,True,0.9,v2
54799,exp5,Unemployment rate,property,0,property,,False,0.9,v2
54801,exp5,Critical edition,method,0,method,topic,False,0.8,v2
54802,exp5,Gas explosion,object,0,object,object,True,0.9,v2
54806,exp5,Uremic toxins,object,0,object,object,True,0.9,v2
54809,exp5,Continuous education,topic,0,topic,,False,0.8,v2
54813,exp5,Job training,topic,0,topic,,False,0.9,v2
54815,exp5,Double blinded,method,0,method,method,True,0.9,v2
54823,exp5,Public welfare,topic,0,topic,,False,0.9,v2
54827,exp5,Personal income tax,property,0,property,,False,0.9,v2
54829,exp5,Employment discrimination,topic,0,topic,,False,0.9,v2
54836,exp5,Soya bean,object,0,object,object,True,0.9,v2
54839,exp5,Insulin delivery,method,0,method,method,True,0.9,v2
54841,exp5,Coronary artery calcium,object,0,object,method,False,0.9,v2
54842,exp5,Gender inequality,property,0,property,,False,0.9,v2
54843,exp5,Postal service,topic,0,topic,,False,0.9,v2
54850,exp5,Moral dilemma,topic,0,topic,,False,0.9,v2
54853,exp5,Wholesale market,topic,0,topic,,False,0.9,v2
54863,exp5,Chinese family,object,0,object,object,True,0.9,v2
54866,exp5,Brain infarction,object,0,object,object,True,0.9,v2
54870,exp5,Metro station,object,0,object,object,True,0.9,v2
54872,exp5,Resistive index,property,0,property,,False,0.9,v2
54873,exp5,Spinal epidural hematoma,object,0,object,object,True,0.9,v2
54875,exp5,Chemical evolution,topic,0,topic,,False,0.9,v2
54876,exp5,Oxygen reduction reaction,method,0,method,object,False,0.9,v2
54880,exp5,Maritime safety,topic,0,topic,,False,0.9,v2
54884,exp5,Protein chip,method,0,method,method,True,0.9,v2
54886,exp5,Blast disease,object,0,object,object,True,0.9,v2
54891,exp5,Alma mater,object,0,object,object,True,0.9,v2
54898,exp5,Water erosion,object,0,object,topic,False,0.9,v2
54900,exp5,Medical negligence,topic,0,topic,,False,0.9,v2
54904,exp5,Severe acute respiratory syndrome coronavirus 2 (SARS-CoV-2),object,0,object,object,True,0.9,v2
54905,exp5,Coronavirus disease 2019 (COVID-19),object,0,object,object,True,0.9,v2
54906,exp5,Hepatic carcinoma,object,0,object,object,True,1.0,v2
54912,exp5,Service member,object,0,object,object,True,1.0,v2
54913,exp5,Phase difference,property,0,property,,False,1.0,v2
54918,exp5,Ultraviolet a,object,0,object,object,True,1.0,v2
54923,exp5,Total thyroidectomy,method,0,method,method,True,1.0,v2
54926,exp5,Cooking methods,method,0,method,topic,False,1.0,v2
54928,exp5,Maize starch,object,0,object,object,True,1.0,v2
54930,exp5,Adrenal function,property,0,property,,False,1.0,v2
54931,exp5,Water energy,topic,0,topic,,False,1.0,v2
54936,exp5,Wilms tumour,object,0,object,object,True,1.0,v2
54938,exp5,Bottle gourd,object,0,object,object,True,1.0,v2
54942,exp5,Heavy drinking,property,0,property,,False,1.0,v2
54943,exp5,Glycaemic index,property,0,property,,False,1.0,v2
54946,exp5,Citrus fruit,object,0,object,object,True,1.0,v2
54948,exp5,School dropout,topic,0,topic,,False,1.0,v2
54951,exp5,Skin to skin,method,0,method,method,True,1.0,v2
54953,exp5,Humeral shaft,object,0,object,object,True,1.0,v2
54958,exp5,Omega 3 fatty acid,object,0,object,object,True,1.0,v2
54961,exp5,Volga region,object,0,object,object,True,1.0,v2
54964,exp5,Sexual functioning,property,0,property,,False,1.0,v2
54968,exp5,Emblica officinalis,object,0,object,object,True,1.0,v2
54970,exp5,Blood oxygenation,property,0,property,,False,1.0,v2
54976,exp5,Sacral nerve stimulation,method,0,method,method,True,1.0,v2
54979,exp5,Associate degree,object,0,object,object,True,1.0,v2
54980,exp5,Whole grains,object,0,object,object,True,1.0,v2
54987,exp5,Linear growth,property,0,property,,False,1.0,v2
54998,exp5,Covered stent,object,0,object,object,True,1.0,v2
55006,exp5,Mandibular prognathism,object,0,object,object,True,1.0,v2
55008,exp5,Privacy protection,topic,0,topic,,False,1.0,v2
55010,exp5,Image enhancement,method,0,method,method,True,1.0,v2
55014,exp5,Master regulator,object,0,object,property,False,1.0,v2
55017,exp5,Soil enzyme,object,0,object,object,True,1.0,v2
55018,exp5,High mass,object,0,object,object,True,1.0,v2
55020,exp5,Interstitial pneumonitis,object,0,object,object,True,1.0,v2
55022,exp5,Innovation diffusion,topic,0,topic,,False,1.0,v2
55023,exp5,Human animal,object,0,object,topic,False,1.0,v2
55024,exp5,Smartphone app,object,0,object,object,True,1.0,v2
55033,exp5,Craniocerebral trauma,object,0,object,object,True,1.0,v2
55039,exp5,Feeding behavior,property,0,property,,False,1.0,v2
55043,exp5,Intracerebral hematoma,object,0,object,object,True,1.0,v2
55044,exp5,American samoa,object,0,object,object,True,1.0,v2
55053,exp5,Gradient elution,method,0,method,method,True,1.0,v2
55056,exp5,Mandibular angle,object,0,object,object,True,1.0,v2
55063,exp5,Private school,object,0,object,object,True,1.0,v2
55068,exp5,Malignant disease,object,0,object,property,False,1.0,v2
55069,exp5,Distal pancreatectomy,method,0,method,method,True,1.0,v2
55075,exp5,Roller bearing,object,0,object,object,True,1.0,v2
55081,exp5,Transvaginal ultrasound,method,0,method,method,True,1.0,v2
55084,exp5,Psychotropic medication,object,0,object,object,True,1.0,v2
55091,exp5,Secondary care,topic,0,topic,,False,1.0,v2
55092,exp5,Nurse manager,object,0,object,object,True,1.0,v2
55097,exp5,Companion animal,object,0,object,object,True,1.0,v2
55098,exp5,Executive branch,object,0,object,object,True,1.0,v2
55099,exp5,Food aid,topic,0,topic,,False,1.0,v2
55103,exp5,Second toe,object,0,object,object,True,1.0,v2
55104,exp5,Palliative treatment,topic,0,topic,,False,1.0,v2
55107,exp5,Ultra low power,property,0,property,,False,1.0,v2
55108,exp5,H1n1 pandemic,object,0,object,topic,False,1.0,v2
55113,exp5,Sesame seed,object,0,object,object,True,1.0,v2
55117,exp5,Hybrid capture,method,0,method,method,True,1.0,v2
55118,exp5,Summer camp,topic,0,topic,,False,0.8,v2
55132,exp5,Healthy aging,topic,0,topic,,False,0.9,v2
55133,exp5,Blood smear,method,0,method,method,True,0.9,v2
55139,exp5,Tau pathology,object,0,object,property,False,0.9,v2
55141,exp5,Atlas detector,object,0,object,object,True,0.9,v2
55142,exp5,Fluid intake,property,0,property,,False,0.9,v2
55146,exp5,Far right,topic,0,topic,,False,0.9,v2
55147,exp5,Permanent pacemaker,object,0,object,object,True,0.9,v2
55152,exp5,Cottonseed oil,object,0,object,object,True,0.9,v2
55153,exp5,Whole wheat,object,0,object,object,True,0.9,v2
55154,exp5,Southern china,object,0,object,object,True,0.9,v2
55158,exp5,School nurse,topic,0,topic,,False,0.9,v2
55161,exp5,Android application,object,0,object,object,True,0.9,v2
55168,exp5,Healthy eating,topic,0,topic,,False,0.9,v2
55169,exp5,Pernicious anaemia,object,0,object,object,True,0.9,v2
55171,exp5,Blue collar,topic,0,topic,,False,0.9,v2
55172,exp5,Organ procurement,method,0,method,method,True,0.9,v2
55175,exp5,Pooled analysis,method,0,method,method,True,0.9,v2
55179,exp5,Water repellent,method,0,method,method,True,0.9,v2
55182,exp5,Gaza strip,object,0,object,object,True,0.9,v2
55186,exp5,Biliary tract cancer,object,0,object,object,True,1.0,v2
55190,exp5,Micro arc oxidation,method,0,method,method,True,1.0,v2
55191,exp5,Delayed hypersensitivity,property,0,property,,False,1.0,v2
55194,exp5,T2 weighted,method,0,method,method,True,1.0,v2
55200,exp5,Myelocytic leukemia,object,0,object,object,True,1.0,v2
55201,exp5,Labor union,object,0,object,object,True,1.0,v2
55212,exp5,First line treatment,property,0,property,,False,1.0,v2
55214,exp5,Health data,object,0,object,object,True,1.0,v2
55216,exp5,Ground level,property,0,property,,False,1.0,v2
55218,exp5,Nelumbo nucifera,object,0,object,object,True,1.0,v2
55221,exp5,Primary headache,object,0,object,object,True,1.0,v2
55225,exp5,Right heart,object,0,object,object,True,1.0,v2
55229,exp5,Functional connectivity,method,0,method,method,True,1.0,v2
55239,exp5,Good practice,topic,0,topic,,False,1.0,v2
55240,exp5,Tumor heterogeneity,property,0,property,,False,1.0,v2
55241,exp5,Mediastinal mass,object,0,object,object,True,1.0,v2
55242,exp5,Maternal morbidity,property,0,property,,False,1.0,v2
55244,exp5,Lipid vesicle,object,0,object,object,True,1.0,v2
55245,exp5,Oocyte donation,method,0,method,method,True,1.0,v2
55247,exp5,Timor leste,object,0,object,object,True,1.0,v2
55248,exp5,Threatened abortion,object,0,object,object,True,1.0,v2
55252,exp5,Pandemic influenza,object,0,object,object,True,1.0,v2
55253,exp5,Building construction,topic,0,topic,,False,1.0,v2
55258,exp5,Mouth rinse,object,0,object,object,True,1.0,v2
55263,exp5,New energy,topic,0,topic,,False,1.0,v2
55266,exp5,House officer,object,0,object,object,True,1.0,v2
55267,exp5,Balance test,method,0,method,method,True,1.0,v2
55274,exp5,Micro credit,topic,0,topic,,False,1.0,v2
55277,exp5,Road accident,topic,0,topic,,False,1.0,v2
55279,exp5,Blood component,object,0,object,object,True,1.0,v2
55281,exp5,Indwelling catheter,object,0,object,object,True,1.0,v2
55283,exp5,Research article,object,0,object,topic,False,1.0,v2
55288,exp5,School bus,object,0,object,object,True,1.0,v2
55291,exp5,Knee cartilage,object,0,object,object,True,1.0,v2
55292,exp5,Sour cherry,object,0,object,object,True,1.0,v2
55300,exp5,Adjunctive treatment,method,0,method,method,True,1.0,v2
55302,exp5,Ear nose and throat,topic,0,topic,,False,1.0,v2
55309,exp5,Citrus paradisi,object,0,object,object,True,1.0,v2
55312,exp5,Elderly care,topic,0,topic,,False,1.0,v2
55315,exp5,Mekong river,object,0,object,object,True,1.0,v2
55320,exp5,Simulation training,topic,0,topic,,False,0.8,v2
55322,exp5,Qinghai lake,object,0,object,object,True,1.0,v2
55326,exp5,Undirected graph,object,0,object,object,True,1.0,v2
55327,exp5,Intravenous fluid,object,0,object,method,False,1.0,v2
55328,exp5,Intervertebral disk,object,0,object,object,True,1.0,v2
55330,exp5,Psychiatric comorbidity,property,0,property,,False,1.0,v2
55338,exp5,Community nursing,topic,0,topic,,False,0.8,v2
55345,exp5,Pannonian basin,object,0,object,object,True,1.0,v2
55348,exp5,Saint petersburg,object,0,object,object,True,1.0,v2
55353,exp5,Director general,object,0,object,object,True,0.8,v2
55363,exp5,Port harcourt,object,0,object,object,True,1.0,v2
55372,exp5,Maximal operator,object,0,object,method,False,1.0,v2
55375,exp5,Shandong peninsula,object,0,object,object,True,1.0,v2
55382,exp5,Primary cancer,object,0,object,object,True,1.0,v2
55383,exp5,Martin luther,object,0,object,object,True,1.0,v2
55384,exp5,Skin sensitization,property,0,property,,False,1.0,v2
55388,exp5,Pulmonary sarcoidosis,object,0,object,object,True,1.0,v2
55390,exp5,Safety profile,property,0,property,,False,1.0,v2
55396,exp5,Broad ligament,object,0,object,object,True,1.0,v2
55397,exp5,Lung tumor,object,0,object,object,True,1.0,v2
55400,exp5,Volunteer work,topic,0,topic,,False,0.8,v2
55402,exp5,Fasting glucose,property,0,property,,False,0.9,v2
55406,exp5,Speech sound,object,0,object,object,True,0.9,v2
55407,exp5,Enteric coated,method,0,method,method,True,0.9,v2
55409,exp5,Chicken breast,object,0,object,object,True,0.9,v2
55413,exp5,Crowd sourcing,topic,0,topic,,False,0.9,v2
55415,exp5,Cone beam ct,method,0,method,method,True,0.9,v2
55416,exp5,Return to sport,topic,0,topic,,False,0.9,v2
55417,exp5,Dietary diversity,property,0,property,,False,0.9,v2
55420,exp5,Frame work,object,0,object,topic,False,0.7,v2
55424,exp5,Myocardial hypertrophy,object,0,object,object,True,0.9,v2
55427,exp5,Secretary general,object,0,object,object,True,0.8,v2
55432,exp5,Equal opportunity,topic,0,topic,,False,0.9,v2
55434,exp5,Schizophrenia spectrum,object,0,object,object,True,0.9,v2
55436,exp5,Bowel perforation,object,0,object,object,True,0.9,v2
55438,exp5,Think tanks,object,0,object,object,True,0.9,v2
55443,exp5,Boarding school,object,0,object,object,True,0.9,v2
55452,exp5,Bowel function,property,0,property,,False,0.9,v2
55453,exp5,Antiretroviral drug,object,0,object,object,True,0.9,v2
55454,exp5,Healthcare delivery,topic,0,topic,,False,0.9,v2
55456,exp5,Recurrent aphthous stomatitis,object,0,object,object,True,0.9,v2
55457,exp5,Smartphone addiction,object,0,object,property,False,0.9,v2
55458,exp5,Mucosal immunity,topic,0,topic,,False,0.9,v2
55461,exp5,Low and middle income countries,object,0,object,object,True,0.9,v2
55462,exp5,Transient flow,topic,0,topic,,False,0.9,v2
55465,exp5,Renal stone,object,0,object,object,True,0.9,v2
55470,exp5,Prisoners of war,object,0,object,object,True,0.9,v2
55477,exp5,Fixed wing,object,0,object,object,True,0.9,v2
55479,exp5,Zoonotic disease,object,0,object,object,True,0.9,v2
55483,exp5,Video monitoring,method,0,method,method,True,0.9,v2
55486,exp5,Gas analysis,method,0,method,method,True,0.9,v2
55489,exp5,Bed nets,object,0,object,object,True,0.9,v2
55490,exp5,Medication adherence,property,0,property,,False,0.9,v2
55493,exp5,Cerebral hypoperfusion,object,0,object,property,False,0.9,v2
55495,exp5,Lifestyle modification,topic,0,topic,,False,0.9,v2
55500,exp5,Foodborne pathogen,object,0,object,topic,False,0.9,v2
55506,exp5,Chronic stroke,object,0,object,object,True,0.9,v2
55509,exp5,Zip code,object,0,object,object,True,0.9,v2
55516,exp5,Water equivalent,property,0,property,,False,0.9,v2
55517,exp5,National museum,object,0,object,object,True,0.9,v2
55520,exp5,Recovery rate,property,0,property,,False,0.9,v2
55525,exp5,Subchondral bone,object,0,object,object,True,0.9,v2
55526,exp5,Frequently asked questions,topic,1,topic,,False,0.8,v2
55527,exp5,Fetal programming,topic,0,topic,,False,0.9,v2
55533,exp5,Failed back surgery,topic,0,topic,,False,0.9,v2
55534,exp5,Health food,topic,0,topic,,False,0.9,v2
55537,exp5,Dental clinic,object,0,object,topic,False,0.9,v2
55538,exp5,Atrial myocytes,object,0,object,object,True,0.9,v2
55547,exp5,Disaster response,topic,0,topic,,False,0.9,v2
55552,exp5,Age structure,property,0,property,,False,0.9,v2
55557,exp5,Columbia university,object,0,object,object,True,0.9,v2
55564,exp5,Chronic renal disease,object,0,object,object,True,0.9,v2
55566,exp5,Video laryngoscope,object,0,object,method,False,0.9,v2
55571,exp5,Intestinal failure,object,0,object,object,True,0.9,v2
55575,exp5,Lower body,object,0,object,object,True,0.9,v2
55576,exp5,Oral immunotherapy,method,0,method,method,True,0.9,v2
55582,exp5,Syrian refugees,object,0,object,object,True,0.9,v2
55584,exp5,Fishing village,object,0,object,object,True,0.9,v2
55585,exp5,Arterial spin labeling,method,0,method,method,True,0.9,v2
55586,exp5,National database,object,0,object,object,True,0.9,v2
55588,exp5,Gender relations,topic,0,topic,,False,0.8,v2
55590,exp5,Impulse control,property,0,property,,False,0.8,v2
55591,exp5,Dam break,object,0,object,object,True,0.9,v2
55596,exp5,Seasonal influenza,topic,0,topic,,False,0.9,v2
55597,exp5,Content distribution,topic,0,topic,,False,0.8,v2
55602,exp5,Electron micrographs,method,0,method,method,True,0.9,v2
55603,exp5,Serious game,topic,0,topic,,False,0.8,v2
55605,exp5,Bamboo shoot,object,0,object,object,True,0.9,v2
55613,exp5,Excess mortality,property,0,property,,False,0.9,v2
55622,exp5,Secondary syphilis,object,0,object,object,True,0.9,v2
55636,exp5,Distal tibia,object,0,object,object,True,0.9,v2
55638,exp5,Severe burn,object,0,object,object,True,0.9,v2
55641,exp5,Head teachers,object,0,object,object,True,0.8,v2
55646,exp5,Late 19th century,topic,0,topic,,False,0.8,v2
55647,exp5,Signs and symptoms,property,0,property,,False,0.9,v2
55651,exp5,Endomyocardial fibrosis,object,0,object,object,True,0.9,v2
55663,exp5,Working hours,property,0,property,,False,0.8,v2
55665,exp5,Ms excel,method,0,method,method,True,0.9,v2
55672,exp5,Pet food,object,0,object,object,True,0.9,v2
55674,exp5,Emotional support,property,0,property,,False,0.8,v2
55685,exp5,Chili pepper,object,0,object,object,True,0.976,v2
55688,exp5,High pressure water,method,0,method,method,True,0.976,v2
55691,exp5,Hand foot mouth disease,object,0,object,object,True,0.976,v2
55697,exp5,Student life,topic,0,topic,,False,0.976,v2
55698,exp5,Text messaging,method,0,method,method,True,0.976,v2
55700,exp5,Breast density,property,0,property,,False,0.976,v2
55703,exp5,Single blind,method,0,method,method,True,0.976,v2
55705,exp5,Prenatal ultrasound,method,0,method,method,True,0.976,v2
55714,exp5,Jesus christ,object,0,object,object,True,0.976,v2
55715,exp5,Same sex,topic,0,topic,,False,0.976,v2
55719,exp5,Quit smoking,topic,0,topic,,False,0.976,v2
55723,exp5,3d model,object,0,object,method,False,0.976,v2
55725,exp5,Accidental hypothermia,object,0,object,object,True,0.976,v2
55728,exp5,Central sensitization,property,0,property,,False,0.976,v2
55732,exp5,Tertiary level,topic,0,topic,,False,0.976,v2
55740,exp5,Active tuberculosis,object,0,object,object,True,0.976,v2
55746,exp5,Neuroendocrine tumour,object,0,object,object,True,0.976,v2
55747,exp5,Pupil size,property,0,property,,False,0.976,v2
55750,exp5,Nile delta,object,0,object,object,True,0.976,v2
55751,exp5,Crack cocaine,object,0,object,object,True,0.976,v2
55753,exp5,Charlson comorbidity index,property,0,property,,False,1.0,v2
55755,exp5,Third person,topic,0,topic,,False,0.5,v2
55756,exp5,Knee prosthesis,object,0,object,object,True,1.0,v2
55759,exp5,Alumina ceramic,object,0,object,object,True,1.0,v2
55765,exp5,Iron supplementation,method,0,method,method,True,1.0,v2
55766,exp5,Case teaching,method,0,method,method,True,1.0,v2
55768,exp5,Speed skating,topic,0,topic,,False,1.0,v2
55769,exp5,Complete response,property,0,property,,False,1.0,v2
55773,exp5,Upper gastrointestinal endoscopy,method,0,method,method,True,1.0,v2
55779,exp5,Brain dead,property,0,property,,False,1.0,v2
55781,exp5,Reactive hyperemia,property,0,property,,False,1.0,v2
55783,exp5,Fragility fracture,property,0,property,,False,1.0,v2
55784,exp5,Elbow flexion,property,0,property,,False,1.0,v2
55788,exp5,Office workers,object,0,object,object,True,1.0,v2
55789,exp5,Steamed bread,object,0,object,object,True,1.0,v2
55793,exp5,Water flooding,method,0,method,method,True,1.0,v2
55804,exp5,Fungal pathogen,object,0,object,object,True,1.0,v2
55805,exp5,Grape seed,object,0,object,object,True,1.0,v2
55812,exp5,Charles darwin,object,0,object,object,True,1.0,v2
55815,exp5,Abdominal ultrasound,method,0,method,method,True,1.0,v2
55817,exp5,Endomyocardial biopsy,method,0,method,method,True,0.95,v2
55820,exp5,Rectal temperature,property,0,property,,False,0.95,v2
55825,exp5,Cochrane collaboration,topic,0,topic,,False,0.95,v2
55827,exp5,Human life,topic,0,topic,,False,0.8,v2
55829,exp5,Due date,property,0,property,,False,0.95,v2
55832,exp5,Female sex,property,0,property,,False,0.95,v2
55833,exp5,Quasi periodic,property,0,property,,False,0.95,v2
55837,exp5,Elemental mercury,object,0,object,object,True,0.95,v2
55840,exp5,Road transport,topic,0,topic,,False,0.95,v2
55841,exp5,Bowel preparation,method,0,method,method,True,0.95,v2
55845,exp5,Bioresorbable scaffold,object,0,object,object,True,0.95,v2
55846,exp5,Abdominal tuberculosis,object,0,object,object,True,0.95,v2
55850,exp5,Permanent dentition,object,0,object,object,True,0.95,v2
55852,exp5,Target controlled infusion,method,0,method,method,True,0.95,v2
55858,exp5,Adoptive immunotherapy,method,0,method,method,True,0.95,v2
55860,exp5,Map reduce,method,0,method,method,True,0.95,v2
55866,exp5,Tarim river,object,0,object,object,True,0.95,v2
55867,exp5,Blood conservation,topic,0,topic,,False,0.95,v2
55868,exp5,Leg muscle,object,0,object,object,True,0.95,v2
55871,exp5,Compression test,method,0,method,method,True,0.95,v2
55873,exp5,3d printed,object,0,object,method,False,0.9,v2
55889,exp5,Harvest time,topic,0,topic,,False,0.8,v2
55893,exp5,Medical costs,property,0,property,,False,0.9,v2
55894,exp5,Biped robot,object,0,object,object,True,0.9,v2
55896,exp5,Degree program,object,0,object,object,True,0.8,v2
55904,exp5,Secondhand smoke,object,0,object,object,True,0.9,v2
55909,exp5,Expanded polystyrene,object,0,object,object,True,0.9,v2
55911,exp5,Patellofemoral joint,object,0,object,object,True,0.9,v2
55913,exp5,Open access publishing,topic,0,topic,,False,0.9,v2
55916,exp5,Bacterial strain,object,0,object,object,True,0.9,v2
55926,exp5,Low wage,property,0,property,,False,0.9,v2
55927,exp5,Testosterone replacement,method,0,method,object,False,0.9,v2
55929,exp5,Single mothers,object,0,object,object,True,0.9,v2
55931,exp5,Intimate partner,object,0,object,object,True,0.9,v2
55933,exp5,Delay of gratification,property,0,property,,False,0.9,v2
55934,exp5,C difficile,object,0,object,object,True,0.9,v2
55935,exp5,Parent training,method,0,method,method,True,0.9,v2
55936,exp5,Bread making,topic,0,topic,,False,0.8,v2
55937,exp5,Atmospheric turbulence,object,0,object,property,False,0.9,v2
55938,exp5,Career path,topic,0,topic,,False,0.9,v2
55939,exp5,External genitalia,object,0,object,object,True,0.9,v2
55946,exp5,Time perspective,property,0,property,,False,0.9,v2
55948,exp5,Small arms,object,0,object,object,True,0.9,v2
55953,exp5,Court decision,object,0,object,object,True,0.9,v2
55954,exp5,Sesame oil,object,0,object,object,True,0.9,v2
55957,exp5,Media use,topic,0,topic,,False,0.9,v2
55961,exp5,Filial piety,property,0,property,,False,0.9,v2
55963,exp5,Rhythmic gymnastics,topic,0,topic,,False,0.9,v2
55969,exp5,Ehrlich ascites,object,0,object,object,True,0.9,v2
55972,exp5,Lipid emulsion,object,0,object,object,True,0.9,v2
55974,exp5,Access to medicines,topic,0,topic,,False,0.9,v2
55975,exp5,3d scanning,method,0,method,method,True,0.9,v2
55978,exp5,Pediatric burn,object,0,object,object,True,0.9,v2
55979,exp5,Cyber bullying,topic,0,topic,,False,0.9,v2
55982,exp5,Hepatic abscess,object,0,object,object,True,0.9,v2
55986,exp5,Donor specific antibodies,object,0,object,property,False,0.9,v2
55997,exp5,Thoracic trauma,object,0,object,object,True,0.9,v2
56001,exp5,Fourier domain,method,0,method,property,False,0.9,v2
56004,exp5,Resistant hypertension,object,0,object,object,True,0.9,v2
56006,exp5,Point of care ultrasound,method,0,method,method,True,0.9,v2
56007,exp5,Virtual world,object,0,object,topic,False,0.9,v2
56014,exp5,Sexually active,property,0,property,,False,0.9,v2
56016,exp5,Oral surgery,topic,0,topic,,False,0.9,v2
56017,exp5,Topical anesthesia,method,0,method,method,True,0.9,v2
56018,exp5,Boko haram,object,0,object,object,True,0.9,v2
56020,exp5,Psychoactive substance,object,0,object,object,True,0.9,v2
56025,exp5,Personal hygiene,topic,0,topic,,False,0.9,v2
56034,exp5,Group dynamic,property,0,property,,False,0.9,v2
56039,exp5,Uterine myoma,object,0,object,object,True,0.9,v2
56042,exp5,Boundary lubrication,method,0,method,method,True,0.9,v2
56044,exp5,Meaningful use,topic,0,topic,,False,0.9,v2
56047,exp5,Behavioral sensitization,property,0,property,,False,0.9,v2
56048,exp5,Yang deficiency,property,0,property,,False,0.9,v2
56050,exp5,Tobacco leaf,object,0,object,object,True,0.9,v2
56057,exp5,College football,topic,0,topic,,False,0.9,v2
56058,exp5,Against medical advice,property,0,property,,False,0.9,v2
56063,exp5,Vaccine safety,topic,0,topic,,False,0.9,v2
56064,exp5,Long jump,topic,0,topic,,False,0.9,v2
56067,exp5,Gastric secretion,property,0,property,,False,0.9,v2
56070,exp5,High dimensional,property,0,property,,False,0.9,v2
56074,exp5,French fries,object,0,object,object,True,0.9,v2
56088,exp5,Side impact,property,0,property,,False,0.9,v2
56089,exp5,External rotation,method,0,method,property,False,0.9,v2
56092,exp5,Senile cataract,object,0,object,object,True,0.9,v2
56098,exp5,Hemodialysis access,object,0,object,method,False,0.9,v2
56101,exp5,Lag screw,object,0,object,object,True,0.9,v2
56104,exp5,Case presentation,topic,0,topic,,False,0.9,v2
56105,exp5,Quadrupole time of flight,method,0,method,method,True,0.9,v2
56111,exp5,Model validation,method,0,method,method,True,0.9,v2
56113,exp5,Squamous cell cancer,object,0,object,object,True,0.9,v2
56115,exp5,Expectant management,method,0,method,method,True,0.9,v2
56118,exp5,Highly pathogenic,property,0,property,,False,0.9,v2
56120,exp5,Benin city,object,0,object,object,True,0.9,v2
56122,exp5,Load sharing,method,0,method,method,True,0.9,v2
56126,exp5,University campus,object,0,object,object,True,0.9,v2
56134,exp5,Pancreatic enzymes,object,0,object,object,True,0.9,v2
56135,exp5,Transfusion reaction,property,0,property,,False,0.9,v2
56138,exp5,Hospital admission,topic,0,topic,,False,0.9,v2
56149,exp5,Double gate,object,0,object,object,True,0.9,v2
56151,exp5,Healthy ageing,topic,0,topic,,False,0.9,v2
56152,exp5,Overall survival,property,0,property,,False,0.9,v2
56155,exp5,Infantile hemangioma,object,0,object,object,True,0.9,v2
56171,exp5,Influenza pandemic,topic,0,topic,,False,0.9,v2
56172,exp5,Distant metastasis,property,0,property,,False,0.9,v2
56173,exp5,Us dollar,object,0,object,object,True,0.9,v2
56174,exp5,Pressure wave,object,0,object,object,True,0.9,v2
56177,exp5,Perceived quality,property,0,property,,False,0.9,v2
56179,exp5,Earth surface,object,0,object,object,True,0.9,v2
56180,exp5,Korean population,object,0,object,object,True,0.9,v2
56184,exp5,Generation y,object,0,object,object,True,0.9,v2
56192,exp5,Energy cost,property,0,property,,False,0.9,v2
56193,exp5,Half bridge,object,0,object,method,False,0.9,v2
56197,exp5,Blood gas analysis,method,0,method,method,True,0.9,v2
56199,exp5,Nurse educator,object,0,object,object,True,0.9,v2
56200,exp5,Self construal,property,0,property,,False,0.9,v2
56202,exp5,Nonferrous metal,object,0,object,object,True,0.9,v2
56203,exp5,Gut microbiome,object,0,object,object,True,0.9,v2
56210,exp5,Narrative review,method,0,method,method,True,0.9,v2
56213,exp5,Electrically conductive,property,0,property,,False,0.9,v2
56220,exp5,Optimal allocation,method,0,method,method,True,0.9,v2
56221,exp5,Negative emotion,property,0,property,,False,0.9,v2
56222,exp5,Low calorie,topic,0,topic,,False,0.9,v2
56223,exp5,Cashew nut,object,0,object,object,True,0.9,v2
56224,exp5,Bitter taste,property,0,property,,False,0.9,v2
56226,exp5,Optical spectra,property,0,property,,False,0.9,v2
56229,exp5,Dating violence,topic,0,topic,,False,0.9,v2
56232,exp5,Yucatan peninsula,object,0,object,object,True,0.9,v2
56234,exp5,Research data,object,0,object,object,True,0.9,v2
56236,exp5,Multi point,property,0,property,,False,0.9,v2
56239,exp5,Electric stimulation,method,0,method,method,True,0.9,v2
56240,exp5,Head circumference,property,0,property,,False,0.9,v2
56241,exp5,Wheat grain,object,0,object,object,True,0.9,v2
56243,exp5,Surgical excision,method,0,method,topic,False,0.9,v2
56244,exp5,Turnover intention,property,0,property,,False,0.9,v2
56248,exp5,Editorial board,object,0,object,object,True,0.9,v2
56251,exp5,Khyber pakhtunkhwa,object,0,object,object,True,0.9,v2
56252,exp5,Hurricane katrina,object,0,object,object,True,0.9,v2
56256,exp5,Caudate lobe,object,0,object,object,True,0.9,v2
56260,exp5,Martin luther king,object,0,object,object,True,0.9,v2
56262,exp5,Cancer cachexia,property,0,property,,False,0.9,v2
56264,exp5,Implantation failure,property,0,property,,False,0.9,v2
56265,exp5,Soy flour,object,0,object,object,True,0.9,v2
56271,exp5,American football,topic,0,topic,,False,0.9,v2
56272,exp5,Heat generation,property,0,property,,False,0.9,v2
56273,exp5,Signal pathway,topic,0,topic,,False,0.9,v2
56275,exp5,Foot care,topic,0,topic,,False,0.9,v2
56285,exp5,Roentgen rays,object,1,object,object,True,0.9,v2
56286,exp5,Electronic health record,object,0,object,method,False,0.9,v2
56288,exp5,Addiction treatment,topic,0,topic,,False,0.9,v2
56289,exp5,Low dose aspirin,object,0,object,object,True,0.9,v2
56292,exp5,Skinfold thickness,property,0,property,,False,0.9,v2
56293,exp5,Work stress,property,0,property,,False,0.9,v2
56295,exp5,Cancer survival,property,0,property,,False,0.9,v2
56303,exp5,Lateral mass,object,0,object,object,True,0.9,v2
56308,exp5,Social withdrawal,property,0,property,,False,0.9,v2
56310,exp5,Absorbable suture,object,0,object,object,True,0.9,v2
56311,exp5,Yin deficiency,property,0,property,,False,0.9,v2
56313,exp5,Apium graveolens,object,0,object,object,True,0.9,v2
56318,exp5,Tooth surface,object,0,object,object,True,0.9,v2
56321,exp5,Stroke risk,property,0,property,,False,0.9,v2
56322,exp5,Authorship attribution,topic,0,topic,,False,0.9,v2
56325,exp5,Gain of function,topic,0,topic,,False,0.9,v2
56331,exp5,Extrapulmonary tuberculosis,object,0,object,object,True,0.9,v2
56337,exp5,Acromioclavicular dislocation,object,0,object,object,True,0.9,v2
56345,exp5,Blood flow restriction,method,0,method,method,True,0.9,v2
56346,exp5,Smartphone application,object,0,object,object,True,0.9,v2
56348,exp5,West germany,object,0,object,object,True,0.9,v2
56352,exp5,Cord clamping,method,0,method,method,True,0.9,v2
56353,exp5,Saturated fat,object,0,object,object,True,0.9,v2
56357,exp5,Nerve repair,method,0,method,method,True,0.9,v2
56359,exp5,Vaccine adjuvant,object,0,object,object,True,0.9,v2
56363,exp5,Drug resistant tuberculosis,object,0,object,object,True,0.9,v2
56366,exp5,Lacunar infarction,object,0,object,object,True,0.9,v2
56370,exp5,Transgender women,object,0,object,object,True,0.9,v2
56371,exp5,Surgical wound,object,0,object,object,True,0.9,v2
56375,exp5,Asian games,topic,0,topic,,False,0.9,v2
56381,exp5,Joint infections,object,0,object,object,True,0.9,v2
56384,exp5,Healthcare worker,object,0,object,object,True,0.9,v2
56386,exp5,Root caries,object,0,object,object,True,0.9,v2
56392,exp5,Neuromuscular transmission,property,0,property,,False,0.9,v2
56393,exp5,Congenital toxoplasmosis,object,0,object,object,True,1.0,v2
56396,exp5,Day care center,object,0,object,topic,False,1.0,v2
56397,exp5,Package design,topic,0,topic,,False,1.0,v2
56398,exp5,Posterior wall,object,0,object,object,True,1.0,v2
56402,exp5,Obstetric anesthesia,topic,0,topic,,False,1.0,v2
56404,exp5,Terminalia chebula,object,0,object,object,True,1.0,v2
56408,exp5,Invasive ductal carcinoma,object,0,object,object,True,1.0,v2
56413,exp5,Emergency rescue,topic,0,topic,,False,1.0,v2
56414,exp5,Tobacco product,object,0,object,object,True,1.0,v2
56415,exp5,Extended release,property,0,property,,False,1.0,v2
56416,exp5,Newcastle upon tyne,object,0,object,object,True,1.0,v2
56421,exp5,Portion size,property,0,property,,False,1.0,v2
56425,exp5,Fur trade,topic,0,topic,,False,1.0,v2
56427,exp5,Open cholecystectomy,method,0,method,method,True,1.0,v2
56442,exp5,Ambiguous genitalia,object,0,object,object,True,1.0,v2
56446,exp5,Clinical judgment,property,0,property,,False,1.0,v2
56449,exp5,Balance training,method,0,method,method,True,1.0,v2
56452,exp5,Han chinese,object,0,object,object,True,1.0,v2
56453,exp5,B vitamins,object,1,object,object,True,1.0,v2
56455,exp5,Acne scars,object,0,object,object,True,1.0,v2
56459,exp5,Optical density,property,0,property,,False,0.9,v2
56470,exp5,Antiviral treatment,topic,0,topic,,False,0.9,v2
56471,exp5,Body position,property,0,property,,False,0.9,v2
56475,exp5,Intravenous urography,method,0,method,method,True,0.9,v2
56476,exp5,Online teaching,topic,0,topic,,False,0.9,v2
56478,exp5,Acupuncture therapy,method,0,method,method,True,0.9,v2
56480,exp5,Myocardial ischaemia,object,0,object,object,True,0.9,v2
56487,exp5,Psychosocial support,topic,0,topic,,False,0.9,v2
56489,exp5,Passive sampling,method,0,method,method,True,0.9,v2
56490,exp5,Histopathological examination,method,0,method,method,True,0.9,v2
56492,exp5,Typically developing,object,0,object,property,False,0.9,v2
56494,exp5,Northern territory,object,0,object,object,True,0.9,v2
56498,exp5,Knee surgery,topic,0,topic,,False,0.9,v2
56500,exp5,Fetal alcohol,object,0,object,object,True,0.9,v2
56508,exp5,Minor stroke,object,0,object,object,True,0.9,v2
56509,exp5,Synovial cyst,object,0,object,object,True,0.9,v2
56511,exp5,Comic strip,object,0,object,object,True,0.9,v2
56512,exp5,Salvage surgery,method,0,method,method,True,0.9,v2
56522,exp5,Clay soil,object,0,object,object,True,0.9,v2
56524,exp5,Plaque psoriasis,object,0,object,object,True,0.9,v2
56528,exp5,Intravenous iron,object,0,object,object,True,0.9,v2
56530,exp5,Registered nurse,object,0,object,object,True,0.9,v2
56534,exp5,Sperm quality,property,0,property,,False,0.9,v2
56538,exp5,Chinese population,object,0,object,object,True,0.9,v2
56540,exp5,Pressureless sintering,method,0,method,method,True,0.9,v2
56543,exp5,Clinical phenotype,property,0,property,,False,0.9,v2
56547,exp5,Jeremy bentham,object,0,object,object,True,0.9,v2
56549,exp5,Junk food,object,0,object,object,True,0.9,v2
56554,exp5,Tablet pc,object,0,object,object,True,0.9,v2
56556,exp5,Gelatin sponge,object,0,object,object,True,0.9,v2
56557,exp5,Treg cell,object,0,object,object,True,0.9,v2
56558,exp5,Estrogen therapy,method,0,method,method,True,0.9,v2
56562,exp5,Lung infection,object,0,object,object,True,0.9,v2
56563,exp5,Food preference,property,0,property,,False,0.9,v2
56566,exp5,Picture books,object,0,object,object,True,0.9,v2
56567,exp5,Computer game,object,0,object,object,True,0.9,v2
56573,exp5,Healthy food,object,0,object,topic,False,0.9,v2
56577,exp5,Visual feedback,property,0,property,,False,0.9,v2
56580,exp5,Biological fluids,object,0,object,object,True,0.9,v2
56581,exp5,Place of death,property,0,property,,False,0.9,v2
56590,exp5,Post graduate,topic,0,topic,,False,0.8,v2
56591,exp5,Right wing,topic,0,topic,,False,0.8,v2
56593,exp5,Ogun state,object,0,object,object,True,0.8,v2
56595,exp5,Behaviour change,topic,0,topic,,False,0.8,v2
56598,exp5,Endobronchial ultrasound,method,0,method,method,True,0.8,v2
56604,exp5,Enteric fever,object,0,object,object,True,0.8,v2
56606,exp5,Web of science,object,0,object,object,True,0.8,v2
56607,exp5,Emotional valence,property,0,property,,False,0.8,v2
56611,exp5,Hair dyes,object,0,object,topic,False,0.8,v2
56613,exp5,Prosthetic hand,object,0,object,object,True,0.8,v2
56614,exp5,Ossifying fibroma,object,0,object,object,True,0.8,v2
56617,exp5,Seventh day adventist,topic,0,topic,,False,0.8,v2
56624,exp5,Non human primate,object,0,object,object,True,0.8,v2
56625,exp5,Visceral fat,object,0,object,object,True,0.8,v2
56626,exp5,Ballet dancer,object,0,object,object,True,0.8,v2
56632,exp5,Single level,property,0,property,,False,0.8,v2
56637,exp5,Farm workers,object,0,object,object,True,0.8,v2
56641,exp5,Saimiri sciureus,object,0,object,object,True,0.8,v2
56642,exp5,Snack food,object,0,object,object,True,0.8,v2
233,cohort,Electrical impedance myography,method,0,method,method,True,0.95,v2
346,cohort,Persistent homology,method,0,method,method,True,0.95,v2
378,cohort,Job rotation,topic,0,topic,,False,0.95,v2
380,cohort,General Data Protection Regulation,topic,0,topic,,False,0.95,v2
390,cohort,Obstruent,object,0,object,object,True,0.95,v2
410,cohort,Bilevel optimization,method,0,method,method,True,0.95,v2
528,cohort,Least significant bit,method,0,method,property,False,0.95,v2
700,cohort,Allan variance,method,0,method,property,False,0.95,v2
706,cohort,Visual odometry,method,0,method,method,True,0.95,v2
772,cohort,Activity tracker,object,0,object,object,True,0.95,v2
799,cohort,Cognitive restructuring,method,0,method,method,True,0.95,v2
896,cohort,Geomagnetically induced current,object,0,object,object,True,0.95,v2
985,cohort,Ampacity,property,0,property,,False,0.95,v2
995,cohort,Capillary wave,object,0,object,object,True,0.95,v2
1075,cohort,Hyperparameter,property,0,property,,False,0.95,v2
1076,cohort,Physical unclonable function,object,0,object,object,True,0.95,v2
1108,cohort,Overpopulation,topic,0,topic,,False,0.95,v2
1133,cohort,Potassium-ion battery,object,0,object,object,True,0.95,v2
1142,cohort,Business risks,topic,0,topic,,False,0.95,v2
1209,cohort,Market value added,property,0,property,,False,0.95,v2
1224,cohort,DevOps,topic,0,topic,,False,0.9,v2
1225,cohort,Biological pathway,object,0,object,object,True,0.9,v2
1416,cohort,Percolation theory,method,0,method,method,True,0.9,v2
1456,cohort,Spinon,object,0,object,object,True,0.9,v2
1510,cohort,Succinylation,method,0,method,method,True,0.9,v2
1516,cohort,PPARGC1A,object,0,object,object,True,0.9,v2
1519,cohort,Trans-Neptunian object,object,0,object,object,True,0.9,v2
1586,cohort,Viral shedding,property,0,property,,False,0.9,v2
1595,cohort,Nuclear transmutation,method,0,method,method,True,0.9,v2
1618,cohort,Hybrid Monte Carlo,method,0,method,method,True,0.9,v2
1665,cohort,Angle of arrival,method,0,method,method,True,0.9,v2
1694,cohort,Empirical orthogonal functions,method,0,method,method,True,0.9,v2
1765,cohort,General insurance,topic,0,topic,,False,0.9,v2
1788,cohort,Circumbinary planet,object,0,object,object,True,0.9,v2
1802,cohort,Power to gas,topic,0,topic,,False,0.9,v2
1814,cohort,Very-large-scale integration,method,0,method,topic,False,0.9,v2
1863,cohort,Market clearing,method,0,method,property,False,0.9,v2
1936,cohort,Proletariat,object,0,object,object,True,0.9,v2
2093,cohort,Secondary succession,topic,0,topic,,False,0.9,v2
2200,cohort,Adipose tissue macrophages,object,0,object,object,True,0.9,v2
2207,cohort,Audiogram,object,0,object,object,True,0.9,v2
2240,cohort,Sound symbolism,topic,0,topic,,False,0.8,v2
2260,cohort,Imaging genetics,topic,0,topic,,False,0.9,v2
2411,cohort,Shortwave radiation,property,0,property,,False,0.9,v2
2478,cohort,Aerobic denitrification,topic,0,topic,,False,0.9,v2
2504,cohort,Material point method,method,0,method,method,True,0.9,v2
2528,cohort,Standard score,property,0,property,,False,0.9,v2
2596,cohort,Filter cake,object,0,object,object,True,0.9,v2
2613,cohort,Human–wildlife conflict,topic,0,topic,,False,0.9,v2
2617,cohort,Trilateration,method,0,method,method,True,0.9,v2
2626,cohort,Agricultural marketing,topic,0,topic,,False,0.9,v2
2793,cohort,Clustering coefficient,property,0,property,,False,0.9,v2
2807,cohort,Nonlinear system identification,method,0,method,method,True,0.9,v2
2892,cohort,Clock gating,method,0,method,method,True,0.9,v2
3005,cohort,Solidus,object,0,object,property,False,0.9,v2
3129,cohort,Electrochemical reduction of carbon dioxide,method,0,method,method,True,0.9,v2
3207,cohort,RNA polymerase I,object,0,object,object,True,0.9,v2
3306,cohort,Haemodynamic response,property,0,property,,False,0.9,v2
3506,cohort,Superposition principle,property,0,property,,False,0.9,v2
3536,cohort,Multi-task learning,method,0,method,method,True,0.9,v2
3545,cohort,Engram,object,0,object,object,True,0.9,v2
3748,cohort,Smartwatch,object,0,object,object,True,0.9,v2
3935,cohort,Stochastic geometry,method,0,method,method,True,0.9,v2
3940,cohort,Legal positivism,topic,0,topic,,False,0.9,v2
3991,cohort,Recloser,object,0,object,object,True,0.9,v2
4061,cohort,Predestination,topic,0,topic,,False,0.9,v2
4065,cohort,Planetary boundaries,topic,0,topic,,False,0.9,v2
4096,cohort,Data deduplication,method,0,method,method,True,0.9,v2
4171,cohort,Face validity,property,0,property,,False,0.9,v2
4221,cohort,Regulator gene,object,0,object,object,True,0.9,v2
4231,cohort,Coordination number,property,0,property,,False,0.9,v2
4333,cohort,Philosophy of history,topic,0,topic,,False,0.9,v2
4339,cohort,Rocket propellant,object,0,object,object,True,0.9,v2
4535,cohort,Nuclear fission,topic,0,topic,,False,0.9,v2
4560,cohort,Psychological safety,property,0,property,,False,0.9,v2
4564,cohort,Semantic change,topic,0,topic,,False,0.9,v2
4567,cohort,Systems medicine,topic,0,topic,,False,0.9,v2
4754,cohort,Infiltrometer,object,0,object,method,False,0.9,v2
4794,cohort,Ribbon synapse,object,0,object,object,True,0.9,v2
4808,cohort,Activation function,method,0,method,method,True,0.9,v2
4902,cohort,Fimbria,object,0,object,object,True,0.9,v2
4941,cohort,Language shift,topic,0,topic,,False,0.9,v2
4951,cohort,Metatheory,topic,0,topic,,False,0.9,v2
4959,cohort,Plate fin heat exchanger,object,0,object,object,True,0.9,v2
4974,cohort,Love wave,object,0,object,object,True,0.9,v2
5183,cohort,Romance languages,object,0,object,object,True,0.9,v2
5261,cohort,Discriminant function analysis,method,0,method,method,True,0.9,v2
5290,cohort,Principle of legality,property,0,property,,False,0.9,v2
5543,cohort,p-value,property,1,property,,False,0.9,v2
5584,cohort,Foreign relations,topic,0,topic,,False,0.9,v2
5591,cohort,Popular sovereignty,property,0,property,,False,0.9,v2
5676,cohort,Transnationality,topic,0,topic,,False,0.9,v2
5724,cohort,ADP-ribosylation,method,0,method,property,False,0.9,v2
5780,cohort,Non-linear least squares,method,0,method,method,True,0.9,v2
5864,cohort,Low latency (capital markets),topic,0,topic,,False,0.9,v2
5873,cohort,Abelian variety,object,0,object,object,True,0.9,v2
5897,cohort,Rational number,object,1,object,object,True,0.9,v2
5938,cohort,Forage fish,object,0,object,object,True,0.9,v2
6231,cohort,Fibroblast growth factor receptor 1,object,0,object,object,True,0.9,v2
6363,cohort,De novo transcriptome assembly,method,0,method,method,True,0.9,v2
6457,cohort,Turbulator,object,0,object,object,True,0.9,v2
6552,cohort,Functional data analysis,topic,0,topic,,False,0.9,v2
6600,cohort,Variational integrator,method,0,method,method,True,0.9,v2
6729,cohort,Disjunct distribution,property,0,property,,False,0.9,v2
6809,cohort,Beers Criteria,object,0,object,object,True,0.9,v2
6947,cohort,Superconducting magnetic energy storage,object,0,object,method,False,0.9,v2
7010,cohort,Stochastic approximation,method,0,method,method,True,0.9,v2
7019,cohort,Contraction mapping,method,0,method,property,False,0.9,v2
7187,cohort,Differential calculus,topic,1,topic,,False,0.9,v2
7215,cohort,Oxygen-evolving complex,object,0,object,object,True,0.9,v2
7258,cohort,Dry ice,object,0,object,object,True,0.9,v2
7327,cohort,Occupational prestige,property,0,property,,False,0.9,v2
7447,cohort,Capacitive micromachined ultrasonic transducers,object,0,object,object,True,0.9,v2
7487,cohort,Bloom's taxonomy,object,0,object,topic,False,0.9,v2
7502,cohort,Quantum dot solar cell,object,0,object,object,True,0.9,v2
7532,cohort,Population ecology,topic,0,topic,,False,0.9,v2
7546,cohort,F-theory,topic,0,topic,,False,0.9,v2
7614,cohort,Wiener process,object,0,object,object,True,0.9,v2
7653,cohort,Body shape,property,0,property,,False,0.9,v2
7675,cohort,Mass attenuation coefficient,property,0,property,,False,0.9,v2
7778,cohort,Graph isomorphism,object,0,object,property,False,0.9,v2
7857,cohort,Oxidative enzyme,object,0,object,object,True,0.9,v2
7861,cohort,Circumscription,method,0,method,property,False,0.9,v2
7951,cohort,Visual rhetoric,topic,0,topic,,False,0.9,v2
7959,cohort,Disposition effect,property,0,property,,False,0.9,v2
7967,cohort,Marangoni effect,property,0,property,,False,0.9,v2
7998,cohort,ABCC1,object,0,object,object,True,0.9,v2
8034,cohort,Sleep onset,property,0,property,,False,0.9,v2
8076,cohort,Microhistory,topic,0,topic,,False,0.9,v2
8120,cohort,Neuroregeneration,topic,0,topic,,False,0.9,v2
8173,cohort,Occam's razor,property,1,property,,False,0.9,v2
8208,cohort,Freon,object,0,object,object,True,0.9,v2
8283,cohort,Temperature jump,method,0,method,method,True,0.9,v2
8296,cohort,Molecular engineering,topic,0,topic,,False,0.9,v2
8324,cohort,Stadial,property,0,property,,False,0.9,v2
8365,cohort,Drill cuttings,object,0,object,object,True,0.9,v2
8389,cohort,Cognitive semantics,topic,0,topic,,False,0.9,v2
8458,cohort,Poultry farming,topic,0,topic,,False,0.9,v2
8545,cohort,Layperson,object,0,object,object,True,0.9,v2
8806,cohort,Search and seizure,method,0,method,object,False,0.9,v2
8830,cohort,Clockwise,property,1,property,,False,0.8,v2
8846,cohort,Gradient boosting,method,0,method,method,True,1.0,v2
8867,cohort,Ordered probit,method,0,method,method,True,1.0,v2
8996,cohort,Anabaptists,topic,0,topic,,False,1.0,v2
9010,cohort,Alkaline water electrolysis,method,0,method,method,True,1.0,v2
9068,cohort,Earthquake warning system,object,0,object,object,True,1.0,v2
9086,cohort,Expert elicitation,method,0,method,method,True,1.0,v2
9107,cohort,Exaptation,property,0,property,,False,1.0,v2
9122,cohort,Implementation research,topic,0,topic,,False,1.0,v2
9131,cohort,Shimura variety,object,0,object,object,True,1.0,v2
9228,cohort,Ecological stoichiometry,topic,0,topic,,False,1.0,v2
9266,cohort,Probabilistic risk assessment,method,0,method,method,True,1.0,v2
9341,cohort,Locality-sensitive hashing,method,0,method,method,True,1.0,v2
9647,cohort,Differential thermal analysis,method,0,method,method,True,1.0,v2
9706,cohort,Metalinguistics,topic,0,topic,,False,1.0,v2
9974,cohort,DNA profiling,method,0,method,method,True,1.0,v2
9994,cohort,Keystroke dynamics,method,0,method,method,True,1.0,v2
10041,cohort,Naturopathy,topic,0,topic,,False,1.0,v2
10161,cohort,Genetic drift,property,0,property,,False,1.0,v2
10205,cohort,Sigmoid function,object,0,object,object,True,1.0,v2
10220,cohort,Environmental sociology,topic,0,topic,,False,0.9,v2
10402,cohort,Exergy efficiency,property,0,property,,False,0.9,v2
10481,cohort,Number line,object,0,object,object,True,0.9,v2
10489,cohort,Phytosociology,topic,0,topic,,False,0.9,v2
10503,cohort,Victimology,topic,0,topic,,False,0.9,v2
10631,cohort,Openness to experience,property,0,property,,False,0.9,v2
10739,cohort,Significant wave height,property,0,property,,False,0.9,v2
10792,cohort,VP40,object,0,object,object,True,0.9,v2
10811,cohort,Synaptotagmin 1,object,0,object,object,True,0.9,v2
10818,cohort,Chromosomal rearrangement,property,0,property,,False,0.9,v2
10829,cohort,Linear energy transfer,property,0,property,,False,0.9,v2
10858,cohort,Developmental plasticity,property,0,property,,False,0.9,v2
10940,cohort,Levenberg–Marquardt algorithm,method,0,method,method,True,0.9,v2
10942,cohort,Experimental evolution,method,0,method,method,True,0.9,v2
11135,cohort,Continuous assessment,topic,0,topic,,False,0.9,v2
11185,cohort,Ideal solution,method,0,method,property,False,0.9,v2
11244,cohort,Electronic skin,object,0,object,object,True,0.9,v2
11257,cohort,Low-rank approximation,method,0,method,method,True,0.9,v2
11342,cohort,Transcranial alternating current stimulation,method,0,method,method,True,0.9,v2
11498,cohort,Cognitive computing,topic,0,topic,,False,0.9,v2
11593,cohort,Suspensor,object,0,object,object,True,0.9,v2
11640,cohort,Isobar,object,0,object,object,True,0.9,v2
11859,cohort,Quadratic field,object,0,object,object,True,0.9,v2
12146,cohort,Frustum,object,0,object,object,True,0.9,v2
12182,cohort,Guide RNA,object,0,object,object,True,0.9,v2
12248,cohort,Phenomics,topic,0,topic,,False,0.9,v2
12249,cohort,Interleukin 15,object,0,object,object,True,0.9,v2
12256,cohort,PIM1,object,0,object,object,True,0.9,v2
12270,cohort,Stereoelectroencephalography,method,0,method,method,True,0.9,v2
12321,cohort,Mittag-Leffler function,object,0,object,object,True,0.9,v2
12359,cohort,BAG3,object,0,object,object,True,0.9,v2
12444,cohort,AXIN2,object,0,object,object,True,0.9,v2
12470,cohort,Chromothripsis,object,0,object,property,False,0.9,v2
12543,cohort,Panoramic radiograph,method,0,method,method,True,0.9,v2
12605,cohort,Microbial metabolism,topic,0,topic,,False,0.9,v2
12612,cohort,Gravitational-wave astronomy,topic,0,topic,,False,0.9,v2
12627,cohort,Interdependent networks,object,0,object,topic,False,0.9,v2
12712,cohort,Autoencoder,method,0,method,method,True,0.9,v2
12851,cohort,Provirus,object,0,object,object,True,0.9,v2
12876,cohort,Functional divergence,property,0,property,,False,0.9,v2
12880,cohort,Gyrator,object,0,object,object,True,0.9,v2
12899,cohort,Richards equation,method,0,method,method,True,0.9,v2
12948,cohort,Sci-Fi,topic,0,topic,,False,0.9,v2
13075,cohort,Visible spectrum,property,0,property,,False,0.9,v2
13185,cohort,Mudflow,object,0,object,object,True,0.9,v2
13216,cohort,Likert scale,method,1,method,method,True,0.9,v2
13250,cohort,K3 surface,object,0,object,object,True,0.9,v2
13276,cohort,Fumarase,object,0,object,object,True,0.9,v2
13285,cohort,Radio access network,object,0,object,object,True,0.9,v2
13291,cohort,Neuropilin,object,0,object,object,True,0.9,v2
13341,cohort,Romanization,method,0,method,method,True,0.9,v2
13349,cohort,Transform fault,object,0,object,object,True,0.9,v2
13400,cohort,Quadrat,method,0,method,method,True,0.9,v2
13458,cohort,Anti-de Sitter space,object,0,object,object,True,0.9,v2
13507,cohort,Robin boundary condition,method,0,method,method,True,0.9,v2
13513,cohort,Maxwell's demon,object,0,object,property,False,0.9,v2
13554,cohort,Self-healing hydrogels,object,0,object,object,True,0.9,v2
13730,cohort,Consumer price index (South Africa),property,0,property,,False,0.9,v2
13764,cohort,Revolving door,topic,0,topic,,False,0.9,v2
13792,cohort,Social environment,property,0,property,,False,0.9,v2
13844,cohort,Lexicology,topic,0,topic,,False,0.8,v2
13879,cohort,Citrate synthase,object,0,object,object,True,0.9,v2
14093,cohort,Asset turnover,property,0,property,,False,0.9,v2
14117,cohort,Genogram,method,0,method,method,True,0.9,v2
14171,cohort,Water-energy nexus,topic,0,topic,,False,0.9,v2
14222,cohort,Bandicoot,object,0,object,object,True,0.9,v2
14374,cohort,Subcooling,property,0,property,,False,0.9,v2
14381,cohort,Laplacian matrix,object,0,object,object,True,0.9,v2
14482,cohort,Food energy,topic,0,topic,,False,0.9,v2
14496,cohort,Slot-waveguide,object,0,object,object,True,0.9,v2
14562,cohort,CD90,object,0,object,object,True,0.9,v2
14591,cohort,Betweenness centrality,property,0,property,,False,0.9,v2
14617,cohort,Overdispersion,property,0,property,,False,0.9,v2
14633,cohort,European Social Survey,method,0,method,method,True,0.9,v2
14699,cohort,Local convergence,property,0,property,,False,0.9,v2
14700,cohort,Electrostriction,property,0,property,,False,0.9,v2
14802,cohort,Absolute continuity,property,0,property,,False,0.9,v2
14815,cohort,Place identity,topic,0,topic,,False,0.9,v2
14837,cohort,Geoportal,object,0,object,object,True,0.9,v2
15014,cohort,GLI2,object,0,object,object,True,0.9,v2
15066,cohort,Riemann solver,method,0,method,method,True,1.0,v2
15199,cohort,Slavic languages,topic,0,topic,,False,0.9,v2
15246,cohort,Probabilistic forecasting,method,0,method,method,True,1.0,v2
15270,cohort,Sapogenin,object,0,object,object,True,1.0,v2
15287,cohort,Fringing reef,object,0,object,object,True,1.0,v2
15414,cohort,Ruled surface,object,0,object,object,True,1.0,v2
15581,cohort,Windthrow,object,0,object,object,True,1.0,v2
15638,cohort,Photosynthetic efficiency,property,0,property,,False,1.0,v2
15715,cohort,Bancassurance,topic,0,topic,,False,1.0,v2
15728,cohort,GeneXpert MTB/RIF,object,0,object,method,False,1.0,v2
15736,cohort,Air quality index,property,0,property,,False,1.0,v2
15761,cohort,Nanopore sequencing,method,0,method,method,True,1.0,v2
15813,cohort,Glacier mass balance,property,0,property,,False,1.0,v2
15877,cohort,Core–mantle boundary,object,0,object,object,True,1.0,v2
15879,cohort,Slush,object,0,object,object,True,1.0,v2
15915,cohort,Thermal mass,object,0,object,property,False,1.0,v2
16042,cohort,Power semiconductor device,object,0,object,object,True,1.0,v2
16080,cohort,Total dissolved solids,property,0,property,,False,1.0,v2
16093,cohort,Social perception,property,0,property,,False,1.0,v2
16181,cohort,Distributed algorithm,method,0,method,method,True,1.0,v2
16206,cohort,Corium,object,0,object,object,True,0.95,v2
16290,cohort,Kirkendall effect,method,0,method,property,False,0.95,v2
16305,cohort,Basal body,object,0,object,object,True,0.95,v2
16457,cohort,TFEB,object,0,object,object,True,0.95,v2
16468,cohort,Secular state,topic,0,topic,,False,0.95,v2
16485,cohort,MQTT,object,0,object,method,False,0.95,v2
16522,cohort,Code smell,object,0,object,property,False,0.95,v2
16544,cohort,Renal pathology,topic,0,topic,,False,0.95,v2
16551,cohort,Long short term memory,object,0,object,method,False,0.95,v2
16557,cohort,Automatic differentiation,method,0,method,method,True,0.95,v2
16615,cohort,Reflection symmetry,property,0,property,,False,0.95,v2
16631,cohort,Complete bipartite graph,object,0,object,object,True,0.95,v2
16796,cohort,Metallacycle,object,0,object,object,True,0.95,v2
16805,cohort,Hill climbing,method,0,method,method,True,0.95,v2
16858,cohort,Reservoir computing,method,0,method,method,True,0.95,v2
16884,cohort,Corporate branding,topic,0,topic,,False,0.95,v2
16930,cohort,Apoplast,object,0,object,object,True,0.95,v2
17040,cohort,Line bundle,object,0,object,object,True,0.95,v2
17054,cohort,Covariance function,property,0,property,,False,0.95,v2
17144,cohort,Balancing selection,property,0,property,,False,0.95,v2
17155,cohort,Asymptomatic carrier,object,0,object,object,True,0.9,v2
17265,cohort,Pozzolana,object,0,object,object,True,0.9,v2
17274,cohort,Data type,property,0,property,,False,0.9,v2
17302,cohort,Pyrin domain,object,0,object,object,True,0.9,v2
17309,cohort,SOX4,object,0,object,object,True,0.9,v2
17310,cohort,Opinion leadership,property,0,property,,False,0.9,v2
17430,cohort,CpG site,object,0,object,object,True,0.9,v2
17491,cohort,Aquaporin 3,object,0,object,object,True,0.9,v2
17499,cohort,S1PR1,object,0,object,object,True,0.9,v2
17573,cohort,Solution focused brief therapy,method,0,method,method,True,0.9,v2
17611,cohort,Alpha decay,method,0,method,property,False,0.9,v2
17618,cohort,Power module,object,0,object,object,True,0.9,v2
17643,cohort,Thermal contact,property,0,property,,False,0.9,v2
17648,cohort,Personalized learning,method,0,method,method,True,0.9,v2
17680,cohort,Bayes factor,method,0,method,property,False,0.9,v2
17693,cohort,Film theory,topic,0,topic,,False,0.9,v2
17715,cohort,Forward chaining,method,0,method,method,True,0.9,v2
17744,cohort,Blue carbon,object,0,object,object,True,0.9,v2
17807,cohort,Hand sanitizer,object,0,object,object,True,0.9,v2
17984,cohort,Solar cycle 24,object,0,object,object,True,0.9,v2
18043,cohort,Nimonic,object,0,object,object,True,1.0,v2
18145,cohort,Explosive eruption,object,0,object,object,True,1.0,v2
18154,cohort,Isotopic signature,property,0,property,,False,1.0,v2
18168,cohort,Bacterial outer membrane,object,0,object,object,True,1.0,v2
18232,cohort,Annihilator,object,0,object,property,False,1.0,v2
18258,cohort,Secondary cell wall,object,0,object,object,True,1.0,v2
18270,cohort,Hyperelastic material,object,0,object,property,False,1.0,v2
18349,cohort,Suberin,object,0,object,object,True,1.0,v2
18423,cohort,Entisol,object,0,object,object,True,1.0,v2
18440,cohort,Wingate test,method,0,method,method,True,1.0,v2
18473,cohort,Replisome,object,0,object,object,True,1.0,v2
18482,cohort,Uniformization (probability theory),method,0,method,method,True,1.0,v2
18487,cohort,Pupillary response,property,0,property,,False,1.0,v2
18527,cohort,Eyestalk,object,0,object,object,True,1.0,v2
18587,cohort,Ecological succession,topic,0,topic,,False,1.0,v2
18589,cohort,Point of interest,object,0,object,object,True,1.0,v2
18611,cohort,Hilbert scheme,object,0,object,object,True,1.0,v2
18641,cohort,Glycosidic bond,property,0,property,,False,1.0,v2
18668,cohort,Thyroid cartilage,object,0,object,object,True,1.0,v2
18670,cohort,Job attitude,property,0,property,,False,1.0,v2
18777,cohort,Azeotrope,object,0,object,object,True,0.9,v2
18794,cohort,Cathepsin S,object,0,object,object,True,0.9,v2
18913,cohort,KEGG,object,0,object,object,True,0.9,v2
18980,cohort,Netnography,method,0,method,method,True,0.9,v2
19009,cohort,Enriched uranium,object,0,object,object,True,0.9,v2
19036,cohort,Vitalism,topic,1,topic,,False,0.9,v2
19037,cohort,Majority rule,method,0,method,property,False,0.9,v2
19068,cohort,Transfer RNA,object,0,object,object,True,0.9,v2
19118,cohort,Froth flotation,method,0,method,method,True,0.9,v2
19348,cohort,Bioerosion,topic,0,topic,,False,0.9,v2
19397,cohort,Seiche,object,0,object,object,True,0.9,v2
19421,cohort,Morse theory,method,0,method,method,True,0.9,v2
19501,cohort,JAK-STAT signaling pathway,object,0,object,object,True,0.9,v2
19578,cohort,Urban climate,topic,0,topic,,False,0.9,v2
19653,cohort,Artificial bone,object,0,object,object,True,0.9,v2
19730,cohort,Technical debt,topic,0,topic,,False,0.9,v2
19758,cohort,Response bias,property,0,property,,False,0.9,v2
19764,cohort,Impact investing,topic,0,topic,,False,0.9,v2
19842,cohort,Class conflict,topic,0,topic,,False,0.9,v2
19844,cohort,Thumbnail,object,0,object,object,True,0.9,v2
20082,cohort,Online dispute resolution,topic,0,topic,,False,0.9,v2
20141,cohort,Autotomy,property,0,property,,False,0.9,v2
20239,cohort,Corporate communication,topic,0,topic,,False,0.9,v2
20243,cohort,Radiogenomics,topic,0,topic,,False,0.9,v2
20253,cohort,Mutation testing,method,0,method,method,True,0.9,v2
20264,cohort,3D cell culture,method,0,method,method,True,0.9,v2
20280,cohort,Chiral anomaly,property,0,property,,False,0.9,v2
20348,cohort,Void ratio,property,0,property,,False,0.9,v2
20409,cohort,Quantum graph,object,0,object,object,True,0.9,v2
20490,cohort,Parameterized complexity,topic,0,topic,,False,0.9,v2
20579,cohort,Comprehensive income,property,0,property,,False,0.9,v2
20616,cohort,Minnesota Multiphasic Personality Inventory,method,0,method,method,True,0.9,v2
20802,cohort,Spoofing attack,topic,0,topic,,False,0.9,v2
20806,cohort,Borderline intellectual functioning,property,0,property,,False,0.9,v2
20819,cohort,Atropisomer,object,0,object,property,False,0.9,v2
20868,cohort,Sterile insect technique,method,0,method,method,True,0.9,v2
20970,cohort,Molecular breeding,method,0,method,topic,False,0.9,v2
20975,cohort,Swarm robotics,topic,0,topic,,False,0.9,v2
21038,cohort,Book value,property,0,property,,False,0.9,v2
21069,cohort,Forecast skill,property,0,property,,False,0.9,v2
21377,cohort,Arsenic toxicity,property,0,property,,False,0.9,v2
21406,cohort,Cognitive processing therapy,method,0,method,method,True,0.9,v2
21416,cohort,Lax pair,method,0,method,object,False,0.9,v2
21423,cohort,Incantation,topic,0,topic,,False,0.9,v2
21525,cohort,Gas giant,object,0,object,object,True,0.9,v2
21530,cohort,Salvage logging,topic,0,topic,,False,0.9,v2
21578,cohort,Photocatalytic water splitting,method,0,method,method,True,0.9,v2
21597,cohort,Single-index model,method,0,method,method,True,0.9,v2
21677,cohort,Acoustic metamaterials,object,0,object,object,True,0.9,v2
21826,cohort,Graph database,object,0,object,object,True,0.9,v2
21855,cohort,Tendril,object,0,object,object,True,0.9,v2
21958,cohort,Active listening,method,0,method,method,True,0.9,v2
21988,cohort,Group testing,method,0,method,method,True,0.9,v2
22122,cohort,Content marketing,topic,0,topic,,False,0.9,v2
22164,cohort,Pinch analysis,method,0,method,method,True,0.9,v2
22192,cohort,Enstrophy,property,0,property,,False,0.9,v2
22349,cohort,Quantum limit,property,0,property,,False,0.9,v2
22395,cohort,Executor,object,0,object,object,True,0.9,v2
22411,cohort,Lustre (file system),object,0,object,object,True,0.9,v2
22417,cohort,Fumarole,object,0,object,object,True,0.9,v2
22433,cohort,Social group,object,0,object,object,True,0.8,v2
22439,cohort,Astrochemistry,topic,0,topic,,False,0.9,v2
22477,cohort,Net present value,property,0,property,,False,0.9,v2
22546,cohort,Historical linguistics,topic,0,topic,,False,0.9,v2
22753,cohort,Millennium Cohort Study (United States),object,0,object,object,True,0.9,v2
22758,cohort,Behavioral medicine,topic,0,topic,,False,0.9,v2
22849,cohort,Pedicel,object,0,object,object,True,0.9,v2
22859,cohort,Dividend yield,property,0,property,,False,0.9,v2
22891,cohort,Cost–utility analysis,method,0,method,method,True,0.9,v2
22924,cohort,Bayes classifier,method,0,method,method,True,0.9,v2
23068,cohort,Z-scan technique,method,0,method,method,True,0.9,v2
23091,cohort,Sabkha,object,0,object,object,True,0.9,v2
23172,cohort,Algebraic group,object,0,object,object,True,0.9,v2
23257,cohort,Ocean heat content,property,0,property,,False,0.9,v2
23482,cohort,Ceilometer,object,0,object,method,False,0.9,v2
23503,cohort,Subgenomic mRNA,object,0,object,object,True,0.9,v2
23532,cohort,Local history,topic,0,topic,,False,0.9,v2
23550,cohort,Process capability index,property,0,property,,False,0.9,v2
23554,cohort,Ecological validity,property,0,property,,False,0.9,v2
23564,cohort,Area density,property,0,property,,False,0.9,v2
23645,cohort,Cosmic dust,object,0,object,object,True,0.9,v2
23674,cohort,Retrievability,property,0,property,,False,0.8,v2
23758,cohort,Electrical breakdown,property,0,property,,False,0.9,v2
23759,cohort,Stress–energy tensor,object,0,object,object,True,0.9,v2
23782,cohort,Young professional,object,0,object,object,True,0.7,v2
23801,cohort,Pnictogen,object,0,object,object,True,0.9,v2
23845,cohort,Multivariate analysis of variance,method,0,method,method,True,0.9,v2
23916,cohort,Video feedback,method,0,method,method,True,0.9,v2
23957,cohort,Nuremberg trials,topic,0,topic,,False,0.9,v2
23981,cohort,Market capitalization,property,0,property,,False,0.9,v2
24101,cohort,Thermochromism,property,0,property,,False,0.9,v2
24119,cohort,Workaround,method,0,method,method,True,0.8,v2
24169,cohort,Metaplasticity,property,0,property,,False,0.9,v2
24404,cohort,ASCII,object,0,object,object,True,0.9,v2
24409,cohort,Data governance,topic,0,topic,,False,0.9,v2
24422,cohort,Hamilton–Jacobi–Bellman equation,object,0,object,method,False,0.9,v2
24437,cohort,Planck constant,object,1,object,property,False,0.9,v2
24463,cohort,Phototroph,object,0,object,object,True,0.9,v2
24488,cohort,Presidential system,object,0,object,topic,False,0.9,v2
24643,cohort,Hypersonic flight,topic,0,topic,,False,0.9,v2
24706,cohort,Media ecology,topic,0,topic,,False,0.9,v2
24803,cohort,Subclade,object,0,object,object,True,0.9,v2
24905,cohort,User experience design,topic,0,topic,,False,0.9,v2
24933,cohort,Cyber-attack,object,0,object,topic,False,0.9,v2
25016,cohort,Neuroimmunology,topic,0,topic,,False,0.9,v2
25106,cohort,Urban metabolism,topic,0,topic,,False,0.9,v2
25135,cohort,Industrial Internet,topic,0,topic,,False,0.9,v2
25177,cohort,Additive model,method,0,method,method,True,0.9,v2
25235,cohort,Electromagnetic acoustic transducer,object,0,object,object,True,0.9,v2
25268,cohort,Heterodyne detection,method,0,method,method,True,0.9,v2
25271,cohort,Art criticism,topic,0,topic,,False,0.9,v2
25341,cohort,Nuclear graphite,object,0,object,object,True,0.9,v2
25376,cohort,ATP citrate lyase,object,0,object,object,True,0.9,v2
25406,cohort,Chiefdom,object,0,object,object,True,0.9,v2
25413,cohort,Treadmilling,object,0,object,property,False,0.9,v2
25441,cohort,Humanitarian Logistics,topic,0,topic,,False,0.9,v2
25485,cohort,Liquid oxygen,object,0,object,object,True,0.9,v2
25503,cohort,Business Model Canvas,method,0,method,method,True,0.9,v2
25580,cohort,Stochastic gradient descent,method,0,method,method,True,0.9,v2
25599,cohort,FNDC5,object,0,object,object,True,0.9,v2
25606,cohort,Froude number,property,0,property,,False,1.0,v2
25676,cohort,Quasi-biennial oscillation,property,0,property,,False,1.0,v2
25758,cohort,Sound design,topic,0,topic,,False,1.0,v2
25769,cohort,Buddhist philosophy,topic,0,topic,,False,1.0,v2
25803,cohort,Diglossia,property,0,property,,False,1.0,v2
25835,cohort,Historical archaeology,topic,0,topic,,False,1.0,v2
25845,cohort,Political corruption,topic,0,topic,,False,1.0,v2
25853,cohort,Structural complexity,property,0,property,,False,1.0,v2
25871,cohort,Medical terminology,topic,0,topic,,False,1.0,v2
26115,cohort,Water industry,topic,0,topic,,False,1.0,v2
26185,cohort,FinTech,topic,0,topic,,False,1.0,v2
26278,cohort,Open source hardware,object,0,object,object,True,1.0,v2
26385,cohort,Expanded access,topic,0,topic,,False,1.0,v2
26442,cohort,Plasmodium ovale,object,0,object,object,True,1.0,v2
26532,cohort,Direct metal laser sintering,method,0,method,method,True,1.0,v2
26548,cohort,Marginal land,object,0,object,object,True,1.0,v2
26558,cohort,Global South,object,0,object,topic,False,1.0,v2
26569,cohort,Mollicutes,object,0,object,object,True,1.0,v2
26595,cohort,Pyuria,property,0,property,,False,1.0,v2
26618,cohort,Circular RNA,object,0,object,object,True,1.0,v2
26638,cohort,Oncoplastic Surgery,method,0,method,method,True,0.9,v2
26686,cohort,Inpatient care,topic,0,topic,,False,0.8,v2
26702,cohort,Olduvai Gorge,object,0,object,object,True,0.95,v2
26724,cohort,Streptococcus intermedius,object,0,object,object,True,0.95,v2
26762,cohort,Ceftazidime/avibactam,object,0,object,object,True,0.95,v2
26782,cohort,Ableism,topic,0,topic,,False,0.9,v2
26803,cohort,Akkermansia muciniphila,object,0,object,object,True,0.95,v2
26831,cohort,Atezolizumab,object,0,object,object,True,0.95,v2
26876,cohort,Formamidinium,object,0,object,object,True,0.95,v2
26894,cohort,Positive deviance,method,0,method,method,True,0.9,v2
26898,cohort,N6-Methyladenosine,object,0,object,object,True,0.95,v2
27017,cohort,Active matter,object,0,object,topic,False,0.95,v2
27018,cohort,Parasite load,property,0,property,,False,0.9,v2
27048,cohort,"Sacubitril, Valsartan",object,0,object,object,True,0.95,v2
27072,cohort,Hypertensive retinopathy,object,0,object,object,True,0.95,v2
27145,cohort,Trihalide,object,0,object,object,True,0.95,v2
27172,cohort,Cellulosome,object,0,object,object,True,0.95,v2
27181,cohort,Nutrient sensing,method,0,method,property,False,0.9,v2
27185,cohort,Loa loa,object,0,object,object,True,0.95,v2
27191,cohort,Parasitic plant,object,0,object,object,True,0.95,v2
27209,cohort,Social impact assessment,topic,0,topic,,False,0.9,v2
27238,cohort,Dydrogesterone,object,0,object,object,True,0.9,v2
27248,cohort,Timed Up and Go test,method,0,method,method,True,0.9,v2
27272,cohort,School discipline,topic,0,topic,,False,0.9,v2
27306,cohort,Mobile edge computing,topic,0,topic,,False,0.9,v2
27431,cohort,Morbillivirus,object,0,object,object,True,0.9,v2
27470,cohort,Pericardiectomy,method,0,method,method,True,0.9,v2
27515,cohort,Runs of Homozygosity,property,0,property,,False,0.9,v2
27521,cohort,Concretion,object,0,object,object,True,0.9,v2
27593,cohort,Concrete cover,property,0,property,,False,0.9,v2
27618,cohort,Emotion perception,method,0,method,property,False,0.9,v2
27652,cohort,Cyclospora cayetanensis,object,0,object,object,True,0.9,v2
27703,cohort,APOBEC,object,0,object,object,True,0.9,v2
27826,cohort,Electrocochleography,method,0,method,method,True,0.9,v2
27842,cohort,The Thing,object,0,object,object,True,0.9,v2
27852,cohort,Oral food challenge,method,0,method,method,True,0.9,v2
27939,cohort,Hunter syndrome,object,0,object,object,True,0.9,v2
27968,cohort,Perrhenate,object,0,object,object,True,0.9,v2
27969,cohort,Cognitive bias modification,method,0,method,method,True,0.9,v2
27979,cohort,Janus kinase inhibitor,object,0,object,object,True,0.9,v2
28003,cohort,Cath lab,object,0,object,object,True,0.9,v2
28021,cohort,Streptococcus salivarius,object,0,object,object,True,0.9,v2
28027,cohort,Tungsten diselenide,object,0,object,object,True,0.9,v2
28035,cohort,Silver sulfide,object,0,object,object,True,0.9,v2
28139,cohort,Dagger,object,0,object,object,True,0.9,v2
28170,cohort,MELAS syndrome,object,0,object,object,True,0.9,v2
28172,cohort,Wax ester,object,0,object,object,True,0.9,v2
28174,cohort,Methyldopa,object,0,object,object,True,0.9,v2
28188,cohort,Hypopigmentation,property,0,property,,False,0.9,v2
28209,cohort,Clofazimine,object,0,object,object,True,0.9,v2
28216,cohort,Bid–ask spread,property,0,property,,False,0.9,v2
28288,cohort,Infant mental health,topic,0,topic,,False,0.9,v2
28293,cohort,Nevoid basal-cell carcinoma syndrome,object,0,object,object,True,0.9,v2
28313,cohort,Nutrition transition,topic,0,topic,,False,0.9,v2
28371,cohort,Phyllody,property,0,property,,False,0.9,v2
28398,cohort,Home hemodialysis,method,0,method,method,True,0.9,v2
28485,cohort,Environmental data,object,0,object,object,True,0.9,v2
28558,cohort,Deflazacort,object,0,object,object,True,0.9,v2
28561,cohort,Complete blood count,method,0,method,method,True,0.9,v2
28566,cohort,Apnea–hypopnea index,property,0,property,,False,0.9,v2
28597,cohort,Glauconite,object,0,object,object,True,0.9,v2
28660,cohort,Single parent,object,0,object,object,True,0.9,v2
28696,cohort,Idarucizumab,object,0,object,object,True,0.9,v2
28711,cohort,Bluetooth Low Energy,object,0,object,object,True,0.9,v2
28739,cohort,Synkinesis,object,0,object,object,True,0.9,v2
28750,cohort,Brain biopsy,method,0,method,method,True,0.9,v2
28785,cohort,Violent extremism,topic,0,topic,,False,0.9,v2
28827,cohort,Social Partnership,topic,0,topic,,False,0.9,v2
28831,cohort,Ethionamide,object,0,object,object,True,0.9,v2
28854,cohort,MXenes,object,0,object,object,True,0.9,v2
28861,cohort,Right to work,topic,0,topic,,False,0.9,v2
28893,cohort,Word2vec,method,0,method,method,True,0.9,v2
28924,cohort,Brexit,topic,0,topic,,False,0.9,v2
28968,cohort,Midostaurin,object,0,object,object,True,0.9,v2
28973,cohort,Deprescribing,method,0,method,topic,False,0.9,v2
29026,cohort,Psilocybin,object,0,object,object,True,0.9,v2
29030,cohort,Academic mobility,topic,0,topic,,False,0.9,v2
29050,cohort,Glaucoma medication,topic,0,topic,,False,0.9,v2
29100,cohort,Family resilience,property,0,property,,False,0.9,v2
29163,cohort,Plasmodium malariae,object,0,object,object,True,0.9,v2
29179,cohort,Carditis,object,0,object,object,True,0.9,v2
29190,cohort,International Prostate Symptom Score,method,0,method,method,True,0.9,v2
29204,cohort,RIPK1,object,0,object,object,True,0.9,v2
29215,cohort,Disinformation,topic,0,topic,,False,0.9,v2
29250,cohort,Household debt,property,0,property,,False,0.9,v2
29273,cohort,Placental site trophoblastic tumor,object,0,object,object,True,0.9,v2
29293,cohort,Rebaudioside A,object,0,object,object,True,0.9,v2
29308,cohort,Tissue remodeling,topic,0,topic,,False,0.9,v2
29324,cohort,Job interview,topic,0,topic,,False,0.9,v2
29341,cohort,Phytol,object,0,object,object,True,0.9,v2
29346,cohort,Civil Conflict,topic,0,topic,,False,0.9,v2
29403,cohort,Arbitration clause,object,0,object,object,True,0.9,v2
29409,cohort,Digression,topic,0,topic,,False,0.9,v2
29453,cohort,Hydroxocobalamin,object,0,object,object,True,0.9,v2
29490,cohort,Mucor circinelloides,object,0,object,object,True,0.9,v2
29495,cohort,RAD52,object,0,object,object,True,0.9,v2
29538,cohort,Klatskin tumor,object,0,object,object,True,0.9,v2
29554,cohort,ZBLAN,object,0,object,object,True,0.9,v2
29562,cohort,Dental nurse,object,0,object,object,True,0.9,v2
29574,cohort,Self-discharge,property,0,property,,False,0.9,v2
29641,cohort,Common peroneal nerve,object,0,object,object,True,1.0,v2
29647,cohort,Resistome,object,0,object,property,False,1.0,v2
29712,cohort,Rite of passage,topic,0,topic,,False,1.0,v2
29808,cohort,Moral realism,topic,0,topic,,False,1.0,v2
29812,cohort,Cangrelor,object,0,object,object,True,1.0,v2
29839,cohort,Heliconius,object,0,object,object,True,1.0,v2
29900,cohort,Spirometer,object,0,object,method,False,1.0,v2
29965,cohort,Early Earth,topic,0,topic,,False,1.0,v2
29967,cohort,CityGML,object,0,object,object,True,1.0,v2
30002,cohort,Sacubitril,object,0,object,object,True,1.0,v2
30015,cohort,Gambit,topic,0,topic,,False,1.0,v2
30026,cohort,Geriatric Depression Scale,method,0,method,method,True,1.0,v2
30070,cohort,Vacuum cleaner,object,0,object,object,True,1.0,v2
30078,cohort,Chromium carbide,object,0,object,object,True,1.0,v2
30158,cohort,African horse sickness,object,0,object,object,True,1.0,v2
30177,cohort,Vascular ring,object,0,object,object,True,1.0,v2
30215,cohort,Tine,object,0,object,object,True,1.0,v2
30226,cohort,Polio vaccine,object,0,object,object,True,1.0,v2
30255,cohort,Aspirator,object,0,object,object,True,1.0,v2
30281,cohort,Phytoene synthase,object,0,object,object,True,1.0,v2
30354,cohort,Pantropical,property,0,property,,False,0.9,v2
30366,cohort,Dysuria,property,0,property,,False,1.0,v2
30375,cohort,Cardiac PET,method,0,method,method,True,1.0,v2
30417,cohort,Structural violence,topic,0,topic,,False,1.0,v2
30458,cohort,Endocrine disease,topic,0,topic,,False,1.0,v2
30492,cohort,Gadobutrol,object,0,object,object,True,1.0,v2
30505,cohort,Shelterin,object,0,object,object,True,1.0,v2
30531,cohort,Outpatient surgery,topic,0,topic,,False,1.0,v2
30537,cohort,Disparate impact,property,0,property,,False,1.0,v2
30558,cohort,Nuclear material,object,0,object,object,True,1.0,v2
30569,cohort,Quantum thermodynamics,topic,0,topic,,False,1.0,v2
30571,cohort,Ferrous metallurgy,topic,0,topic,,False,1.0,v2
30572,cohort,Smart device,object,0,object,object,True,1.0,v2
30581,cohort,Global citizenship education,topic,0,topic,,False,1.0,v2
30631,cohort,Freestream,property,0,property,,False,1.0,v2
30673,cohort,Epistemic modality,property,0,property,,False,1.0,v2
30684,cohort,Work of breathing,property,0,property,,False,1.0,v2
30696,cohort,Cadaverine,object,0,object,object,True,1.0,v2
30711,cohort,Mastery learning,method,0,method,method,True,1.0,v2
30743,cohort,GAS5,object,0,object,object,True,1.0,v2
30797,cohort,Community of inquiry,topic,0,topic,,False,0.8,v2
30854,cohort,Process tracing,method,0,method,method,True,0.9,v2
30874,cohort,Fetal movement,property,0,property,,False,0.9,v2
30902,cohort,Iopamidol,object,0,object,object,True,0.9,v2
30925,cohort,First responder,object,0,object,object,True,0.8,v2
30936,cohort,Gammaproteobacteria,object,0,object,object,True,0.9,v2
30983,cohort,Willingness to accept,property,0,property,,False,0.9,v2
31008,cohort,Proarrhythmia,property,0,property,,False,0.9,v2
31057,cohort,Ladinian,object,0,object,object,True,0.9,v2
31102,cohort,Random projection,method,0,method,method,True,0.9,v2
31127,cohort,UBE3A,object,0,object,object,True,0.9,v2
31133,cohort,Prime ring,object,0,object,object,True,0.9,v2
31158,cohort,Lymphoepithelioma,object,0,object,object,True,0.9,v2
31205,cohort,Venezuelan equine encephalitis virus,object,0,object,object,True,0.9,v2
31228,cohort,Obeticholic acid,object,0,object,object,True,0.9,v2
31229,cohort,Symbolic capital,property,0,property,,False,0.8,v2
31253,cohort,Alcaligenes faecalis,object,0,object,object,True,0.9,v2
31275,cohort,Haemophilia B,object,0,object,object,True,0.9,v2
31281,cohort,Plain language,topic,0,topic,,False,0.8,v2
31287,cohort,Septal myectomy,method,0,method,method,True,0.9,v2
31322,cohort,Noachian,object,0,object,object,True,1.0,v2
31337,cohort,Foreknowledge,topic,0,topic,,False,0.7,v2
31347,cohort,Vitrinite,object,0,object,object,True,1.0,v2
31351,cohort,Animal ethics,topic,0,topic,,False,1.0,v2
31404,cohort,Withers,object,0,object,object,True,1.0,v2
31440,cohort,BECN1,object,0,object,object,True,1.0,v2
31480,cohort,Falls in older adults,topic,0,topic,,False,1.0,v2
31553,cohort,Switching frequency,property,0,property,,False,1.0,v2
31565,cohort,Flow sensor,object,0,object,method,False,1.0,v2
31612,cohort,Toothache,object,0,object,object,True,1.0,v2
31613,cohort,Allen–Cahn equation,object,0,object,object,True,1.0,v2
31635,cohort,Stone tool,object,0,object,object,True,1.0,v2
31636,cohort,Opioid epidemic,topic,0,topic,,False,1.0,v2
31712,cohort,Ethnoarchaeology,topic,0,topic,,False,1.0,v2
31728,cohort,Lithic technology,topic,0,topic,,False,1.0,v2
31729,cohort,Lentigo,object,0,object,object,True,1.0,v2
31773,cohort,Alvarado score,method,0,method,method,True,1.0,v2
31825,cohort,Sodium selenate,object,0,object,object,True,1.0,v2
31856,cohort,Vetting,method,0,method,method,True,1.0,v2
31926,cohort,Social psychiatry,topic,0,topic,,False,1.0,v2
31989,cohort,Weight stigma,property,0,property,,False,0.9,v2
31991,cohort,Russian culture,topic,0,topic,,False,0.9,v2
32001,cohort,Juniperus communis,object,0,object,object,True,0.9,v2
32061,cohort,Holobiont,object,0,object,object,True,0.9,v2
32093,cohort,Flow focusing,method,0,method,method,True,0.9,v2
32104,cohort,Tournaisian,object,0,object,object,True,0.9,v2
32118,cohort,Fleet management,topic,0,topic,,False,0.9,v2
32281,cohort,Laminaria digitata,object,0,object,object,True,0.9,v2
32424,cohort,Peduncle (anatomy),object,0,object,object,True,0.9,v2
32426,cohort,Avelumab,object,0,object,object,True,0.9,v2
32462,cohort,Appropriate Use Criteria,property,0,property,,False,0.9,v2
32468,cohort,Human feces,object,0,object,object,True,0.9,v2
32481,cohort,PVT1,object,0,object,object,True,0.9,v2
32514,cohort,Quinic acid,object,0,object,object,True,0.9,v2
32557,cohort,Historic site,object,0,object,object,True,0.9,v2
32589,cohort,Shared reading,method,0,method,method,True,0.9,v2
32601,cohort,Tauroursodeoxycholic acid,object,0,object,object,True,0.9,v2
32627,cohort,Lassa virus,object,0,object,object,True,0.9,v2
32642,cohort,Aurignacian,object,0,object,object,True,0.9,v2
32656,cohort,Immorality,property,0,property,,False,0.9,v2
32662,cohort,Tetrahedrite,object,0,object,object,True,1.0,v2
32676,cohort,Housing tenure,property,0,property,,False,1.0,v2
32717,cohort,Martial law,topic,0,topic,,False,1.0,v2
32743,cohort,Grism,object,0,object,object,True,1.0,v2
32752,cohort,Phenolphthalein,object,0,object,object,True,1.0,v2
32762,cohort,Word embedding,method,0,method,method,True,1.0,v2
32768,cohort,Hypermetabolism,property,0,property,,False,1.0,v2
32787,cohort,Antenatal depression,object,0,object,object,True,1.0,v2
32793,cohort,Flash-lamp,object,0,object,object,True,1.0,v2
32819,cohort,Streptococcus mitis,object,0,object,object,True,1.0,v2
32824,cohort,Vicia villosa,object,0,object,object,True,1.0,v2
32870,cohort,Alimony,property,0,property,,False,1.0,v2
32915,cohort,Dry socket,object,0,object,object,True,1.0,v2
32923,cohort,Nuclear emulsion,object,0,object,object,True,1.0,v2
32942,cohort,Fused filament fabrication,method,0,method,method,True,1.0,v2
32971,cohort,Topical steroid,object,0,object,object,True,1.0,v2
33001,cohort,Scleral lens,object,0,object,object,True,1.0,v2
33034,cohort,Convergence insufficiency,object,0,object,object,True,1.0,v2
33049,cohort,Distributed ledger,object,0,object,object,True,1.0,v2
33080,cohort,Contraceptive implant,object,0,object,object,True,1.0,v2
33197,cohort,Leucosis,object,0,object,object,True,0.9,v2
33223,cohort,Niobium carbide,object,0,object,object,True,0.9,v2
33231,cohort,Marketing authorization,topic,0,topic,,False,0.9,v2
33251,cohort,Pyoverdine,object,0,object,object,True,0.9,v2
33309,cohort,Tail dependence,property,0,property,,False,0.9,v2
33317,cohort,Added sugar,object,0,object,property,False,0.9,v2
33327,cohort,Communalism,topic,0,topic,,False,0.9,v2
33387,cohort,MCR-1,object,0,object,object,True,0.9,v2
33388,cohort,Cell lineage,object,0,object,property,False,0.9,v2
33398,cohort,Schwertmannite,object,0,object,object,True,0.9,v2
33416,cohort,Osimertinib,object,0,object,object,True,0.9,v2
33483,cohort,Potato virus X,object,0,object,object,True,0.9,v2
33493,cohort,Intertriginous,object,0,object,property,False,0.9,v2
33501,cohort,Inguinal canal,object,0,object,object,True,0.9,v2
33505,cohort,Market penetration,property,0,property,,False,0.9,v2
33519,cohort,Amniotic fluid index,property,0,property,,False,0.9,v2
33526,cohort,Abdominal ultrasonography,method,0,method,method,True,0.9,v2
33527,cohort,Foveal avascular zone,object,0,object,object,True,0.9,v2
33562,cohort,Ransomware,object,0,object,object,True,0.9,v2
33565,cohort,Anogenital distance,property,0,property,,False,0.9,v2
33581,cohort,Electric machine,object,0,object,object,True,1.0,v2
33584,cohort,Pancreatic cyst,object,0,object,object,True,1.0,v2
33600,cohort,Montreal Protocol,topic,0,topic,,False,1.0,v2
33618,cohort,Energy mix,topic,0,topic,,False,1.0,v2
33619,cohort,Transthoracic echocardiogram,method,0,method,method,True,1.0,v2
33673,cohort,Belgica,object,0,object,object,True,1.0,v2
33675,cohort,Marchantia polymorpha,object,0,object,object,True,1.0,v2
33678,cohort,Firmicutes,object,0,object,object,True,1.0,v2
33725,cohort,Clostridium sporogenes,object,0,object,object,True,1.0,v2
33740,cohort,Teething,property,0,property,,False,1.0,v2
33772,cohort,Responsible Research and Innovation,topic,0,topic,,False,1.0,v2
33860,cohort,Photothermal effect,property,0,property,,False,1.0,v2
33862,cohort,Durvalumab,object,0,object,object,True,1.0,v2
33869,cohort,Pannus,object,0,object,object,True,1.0,v2
33871,cohort,Financial sector development,topic,0,topic,,False,1.0,v2
33913,cohort,Southern Levant,object,0,object,object,True,1.0,v2
34012,cohort,Narrative identity,property,0,property,,False,1.0,v2
34052,cohort,Perivascular space,object,0,object,object,True,1.0,v2
34170,cohort,Dentate nucleus,object,0,object,object,True,1.0,v2
34177,cohort,Mepolizumab,object,0,object,object,True,1.0,v2
34212,cohort,Nasal congestion,object,0,object,property,False,0.9,v2
34234,cohort,Epibiont,object,0,object,object,True,0.9,v2
34239,cohort,Breast cancer awareness,topic,0,topic,,False,0.9,v2
34308,cohort,TypeScript,object,0,object,method,False,0.9,v2
34322,cohort,Gigantism,object,0,object,object,True,0.9,v2
34339,cohort,Immunogenic cell death,property,0,property,,False,0.9,v2
34356,cohort,Textile design,topic,0,topic,,False,0.9,v2
34364,cohort,Cold agglutinin disease,object,0,object,object,True,0.9,v2
34369,cohort,Telos,object,0,object,topic,False,0.9,v2
34396,cohort,Conductive ink,object,0,object,object,True,0.9,v2
34410,cohort,Sine qua non,property,1,property,,False,0.9,v2
34425,cohort,Political efficacy,property,0,property,,False,0.9,v2
34433,cohort,Yilgarn Craton,object,0,object,object,True,0.9,v2
34442,cohort,GLUT2,object,0,object,object,True,0.9,v2
34444,cohort,Amoebic liver abscess,object,0,object,object,True,0.9,v2
34455,cohort,Lithium borate,object,0,object,object,True,0.9,v2
34487,cohort,Smart power,property,0,property,,False,0.9,v2
34499,cohort,Encyclical,object,0,object,object,True,0.9,v2
34580,cohort,FLI1,object,0,object,object,True,0.9,v2
34640,cohort,Raw meat,object,0,object,object,True,0.9,v2
34678,cohort,Ocular myasthenia,object,0,object,object,True,1.0,v2
34707,cohort,Intensity mapping,method,0,method,method,True,1.0,v2
34732,cohort,Beautification,topic,0,topic,,False,1.0,v2
34743,cohort,Dimedone,object,0,object,object,True,1.0,v2
34779,cohort,STK11,object,0,object,object,True,1.0,v2
34783,cohort,Kilonova,object,0,object,object,True,1.0,v2
34790,cohort,Neonatal hypoglycemia,object,0,object,object,True,1.0,v2
34809,cohort,Phosphoribosyltransferase,object,0,object,object,True,1.0,v2
34825,cohort,Pacific Plate,object,0,object,object,True,1.0,v2
34829,cohort,Eleusine indica,object,0,object,object,True,1.0,v2
34922,cohort,Dactylitis,object,0,object,object,True,1.0,v2
34931,cohort,Gene co-expression network,method,0,method,method,True,1.0,v2
34935,cohort,Cultural humility,topic,0,topic,,False,1.0,v2
34986,cohort,Biotinidase deficiency,object,0,object,object,True,1.0,v2
35047,cohort,Bayesian optimization,method,0,method,method,True,1.0,v2
35052,cohort,Intravasation,object,0,object,property,False,1.0,v2
35090,cohort,Gene drive,method,0,method,method,True,1.0,v2
35104,cohort,Lipstick,object,0,object,object,True,1.0,v2
35127,cohort,Landscape connectivity,topic,0,topic,,False,1.0,v2
35132,cohort,Flexoelectricity,property,0,property,,False,1.0,v2
35201,cohort,Deceleration parameter,property,0,property,,False,0.9,v2
35324,cohort,Moral injury,property,0,property,,False,0.9,v2
35325,cohort,Cognitive appraisal,property,0,property,,False,0.9,v2
35327,cohort,Problematization,topic,0,topic,,False,0.9,v2
35373,cohort,Digital Revolution,topic,0,topic,,False,0.9,v2
35460,cohort,Aplasia cutis congenita,object,0,object,object,True,0.9,v2
35475,cohort,Glutaminolysis,method,0,method,property,False,0.9,v2
35516,cohort,Wynn,object,0,object,object,True,0.9,v2
35527,cohort,Symbiotic bacteria,object,0,object,object,True,0.9,v2
35644,cohort,Macabre,topic,0,topic,,False,0.9,v2
35664,cohort,Geriatric rehabilitation,topic,0,topic,,False,0.9,v2
35692,cohort,Investor-state dispute settlement,topic,0,topic,,False,0.9,v2
35696,cohort,Zirconium carbide,object,0,object,object,True,0.9,v2
35762,cohort,Theileria parva,object,0,object,object,True,0.9,v2
35803,cohort,Hydrocharitaceae,object,0,object,object,True,0.9,v2
35853,cohort,Misdemeanor,object,0,object,property,False,0.9,v2
35861,cohort,Monoarthritis,object,0,object,object,True,0.9,v2
35883,cohort,Lignosulfonates,object,0,object,object,True,0.9,v2
35888,cohort,Incus,object,0,object,object,True,0.9,v2
35933,cohort,Scapholunate ligament,object,0,object,object,True,0.9,v2
35985,cohort,Billion years,property,0,property,,False,0.9,v2
35991,cohort,Gallium phosphide,object,0,object,object,True,0.9,v2
36063,cohort,21st century skills,topic,0,topic,,False,0.9,v2
36081,cohort,Tachypnea,property,0,property,,False,0.9,v2
36086,cohort,Larvicide,object,0,object,method,False,0.9,v2
36112,cohort,National Lung Screening Trial,object,0,object,object,True,0.9,v2
36119,cohort,ADAR,object,0,object,object,True,0.9,v2
36183,cohort,Chemotherapy regimen,object,0,object,object,True,0.9,v2
36206,cohort,p-Toluenesulfonic acid,object,0,object,object,True,0.9,v2
36226,cohort,Metamorphopsia,property,0,property,,False,0.9,v2
36232,cohort,Sorting nexin,object,0,object,object,True,0.9,v2
36234,cohort,Matrix product state,method,0,method,method,True,0.9,v2
36245,cohort,Coumestrol,object,0,object,object,True,0.9,v2
36246,cohort,Flucloxacillin,object,0,object,object,True,0.9,v2
36253,cohort,Thermal manikin,object,0,object,object,True,0.9,v2
36254,cohort,Solution process,method,0,method,method,True,0.9,v2
36295,cohort,Modern Greek,topic,0,topic,,False,0.9,v2
36301,cohort,Luminophore,object,0,object,property,False,0.9,v2
36341,cohort,Greater trochanter,object,0,object,object,True,0.9,v2
36374,cohort,Therapeutic approach,method,0,method,topic,False,0.9,v2
36376,cohort,Travel survey,method,0,method,method,True,0.9,v2
36436,cohort,Resazurin,method,0,method,object,False,0.9,v2
36437,cohort,Superlative,topic,0,topic,,False,0.8,v2
36539,cohort,Phloretin,object,0,object,object,True,0.9,v2
36565,cohort,Loss factor,property,0,property,,False,0.9,v2
36647,cohort,Acheulean,topic,0,topic,,False,0.9,v2
36651,cohort,Edge computing,topic,0,topic,,False,0.9,v2
36782,cohort,Pectus carinatum,object,0,object,object,True,0.9,v2
36783,cohort,Comity,topic,0,topic,,False,0.9,v2
36807,cohort,Hailey–Hailey disease,object,0,object,object,True,0.9,v2
36846,cohort,Microservices,object,0,object,topic,False,0.9,v2
36971,cohort,Biopreservation,method,0,method,topic,False,0.9,v2
37005,cohort,Glucagon receptor,object,0,object,object,True,0.9,v2
37024,cohort,Historical thinking,topic,0,topic,,False,0.9,v2
37070,cohort,Customary land,object,0,object,object,True,0.9,v2
37074,cohort,Radiomics,method,0,method,method,True,0.9,v2
37150,cohort,Cognitive apprenticeship,method,0,method,property,False,0.9,v2
37164,cohort,Capnocytophaga,object,0,object,object,True,0.9,v2
37174,cohort,Panca,object,0,object,object,True,0.9,v2
37202,cohort,Spontaneous breathing trial,method,0,method,method,True,0.9,v2
37226,cohort,Rational emotive behavior therapy,method,0,method,method,True,0.9,v2
37284,cohort,Alanine transaminase,property,0,property,,False,0.9,v2
37322,cohort,Alternaria brassicae,object,0,object,object,True,0.9,v2
37388,cohort,Prehabilitation,topic,0,topic,,False,0.9,v2
37391,cohort,Amphora,object,0,object,object,True,0.9,v2
37420,cohort,Optic canal,object,0,object,object,True,0.9,v2
37456,cohort,Tremelimumab,object,0,object,object,True,0.9,v2
37469,cohort,Salutogenesis,topic,0,topic,,False,0.9,v2
37486,cohort,Selectfluor,object,0,object,object,True,0.9,v2
37528,cohort,Group analysis,method,0,method,method,True,0.9,v2
37541,cohort,Vanadium nitride,object,0,object,object,True,0.9,v2
37554,cohort,Sleepwalking,object,0,object,property,False,0.9,v2
37566,cohort,Solar Resource,property,0,property,,False,0.9,v2
37586,cohort,Population projection,method,0,method,method,True,0.9,v2
37621,cohort,Unsaid,property,0,property,,False,0.9,v2
37716,cohort,Fructokinase,object,0,object,object,True,0.9,v2
37724,cohort,Peer instruction,method,0,method,method,True,0.9,v2
37730,cohort,Pasteurellosis,object,0,object,object,True,0.9,v2
37747,cohort,Taxifolin,object,0,object,object,True,0.9,v2
37751,cohort,Female entrepreneurs,object,0,object,topic,False,0.9,v2
37786,cohort,Social media analytics,topic,0,topic,,False,0.9,v2
37853,cohort,Refugee crisis,topic,0,topic,,False,0.9,v2
37877,cohort,Joint capsule,object,0,object,object,True,0.9,v2
37906,cohort,Balloon tamponade,method,0,method,method,True,0.9,v2
37912,cohort,Periclase,object,0,object,object,True,0.9,v2
37958,cohort,Deleuze and Guattari,topic,0,topic,,False,0.9,v2
37964,cohort,Eimeria maxima,object,0,object,object,True,0.9,v2
37970,cohort,Pseudomonas chlororaphis,object,0,object,object,True,0.9,v2
37998,cohort,Salmonella infection,topic,0,topic,,False,0.9,v2
38082,cohort,Microspora,object,0,object,object,True,0.9,v2
38100,cohort,Metamizole,object,0,object,object,True,0.9,v2
38138,cohort,Demand for money,property,0,property,,False,0.9,v2
38143,cohort,Essential amino acid,object,1,object,property,False,0.9,v2
38150,cohort,Sedition,topic,0,topic,,False,0.9,v2
38162,cohort,Whelk,object,0,object,object,True,0.9,v2
38194,cohort,Doxa,property,0,property,,False,0.9,v2
38248,cohort,Ocrelizumab,object,0,object,object,True,0.9,v2
38256,cohort,Resonance frequency analysis,method,0,method,method,True,0.9,v2
38260,cohort,Papulopustular,property,0,property,,False,0.9,v2
38262,cohort,Berberidaceae,object,0,object,object,True,0.9,v2
38264,cohort,Comparative case,topic,0,topic,,False,0.9,v2
38310,cohort,External ventricular drain,object,0,object,object,True,1.0,v2
38328,cohort,Paritaprevir,object,0,object,object,True,1.0,v2
38346,cohort,Cobb angle,property,0,property,,False,1.0,v2
38371,cohort,Alnico,object,0,object,object,True,1.0,v2
38446,cohort,Fish products,object,0,object,object,True,1.0,v2
38524,cohort,FADS2,object,0,object,object,True,1.0,v2
38545,cohort,Splitter plate,object,0,object,object,True,1.0,v2
38565,cohort,Alteromonas,object,0,object,object,True,1.0,v2
38614,cohort,Pharmaceutical manufacturing,topic,0,topic,,False,1.0,v2
38647,cohort,Sand casting,method,0,method,method,True,1.0,v2
38711,cohort,Circular saw,object,0,object,object,True,1.0,v2
38716,cohort,Myrmicinae,object,0,object,object,True,1.0,v2
38739,cohort,Infectious hematopoietic necrosis virus,object,0,object,object,True,1.0,v2
38741,cohort,Exploratory laparotomy,method,0,method,method,True,1.0,v2
38758,cohort,Oncofertility,topic,0,topic,,False,1.0,v2
38789,cohort,Brilliant green,object,0,object,object,True,1.0,v2
38802,cohort,Tyrophagus putrescentiae,object,0,object,object,True,1.0,v2
38836,cohort,Nerve sheath tumor,object,0,object,object,True,1.0,v2
38839,cohort,Foredune,object,0,object,object,True,1.0,v2
38855,cohort,Laminotomy,method,0,method,method,True,0.9,v2
38886,cohort,Cladodes,object,0,object,object,True,0.9,v2
38921,cohort,Astringent,object,0,object,property,False,0.9,v2
39010,cohort,Borophene,object,0,object,object,True,0.9,v2
39036,cohort,Neutral Detergent Fiber,property,0,property,,False,0.9,v2
39042,cohort,Chatbot,object,0,object,method,False,0.9,v2
39080,cohort,Water–cement ratio,property,0,property,,False,0.9,v2
39100,cohort,Licensee,object,0,object,object,True,0.9,v2
39151,cohort,Ricinoleic acid,object,0,object,object,True,0.9,v2
39157,cohort,High cholesterol,property,0,property,,False,0.9,v2
39177,cohort,Enterocytozoon bieneusi,object,0,object,object,True,0.9,v2
39219,cohort,Hypersexuality,property,0,property,,False,0.9,v2
39222,cohort,Rhetorical criticism,method,0,method,method,True,0.9,v2
39298,cohort,Perioperative medicine,topic,0,topic,,False,0.9,v2
39355,cohort,TIGIT,object,0,object,object,True,0.9,v2
39360,cohort,Critical consciousness,property,0,property,,False,0.9,v2
39402,cohort,Jihadism,topic,0,topic,,False,0.9,v2
39534,cohort,Dingo,object,0,object,object,True,0.9,v2
39541,cohort,Multipath TCP,object,0,object,method,False,0.9,v2
39551,cohort,Eisenia andrei,object,0,object,object,True,0.9,v2
39590,cohort,MCL1,object,0,object,object,True,1.0,v2
39647,cohort,Tumor budding,object,0,object,property,False,1.0,v2
39660,cohort,Second language writing,topic,0,topic,,False,1.0,v2
39793,cohort,Supraclavicular lymph nodes,object,0,object,object,True,1.0,v2
39812,cohort,Investment policy,topic,0,topic,,False,1.0,v2
39818,cohort,Pathway analysis,method,0,method,topic,False,1.0,v2
39872,cohort,Emoji,object,0,object,object,True,1.0,v2
39924,cohort,mCherry,object,0,object,object,True,1.0,v2
39948,cohort,Unpaid work,topic,0,topic,,False,1.0,v2
39986,cohort,Xylose isomerase,object,0,object,object,True,1.0,v2
40025,cohort,Lingual nerve,object,0,object,object,True,1.0,v2
40030,cohort,WOMAC,object,0,object,property,False,1.0,v2
40037,cohort,State of emergency,topic,0,topic,,False,1.0,v2
40042,cohort,Nepheline,object,0,object,object,True,1.0,v2
40152,cohort,Bioactive compound,object,0,object,property,False,1.0,v2
40239,cohort,Metanarrative,property,0,property,,False,1.0,v2
40273,cohort,Pressboard,object,0,object,object,True,1.0,v2
40373,cohort,Co-teaching,method,0,method,method,True,1.0,v2
40395,cohort,Chatterjee,object,0,object,object,True,1.0,v2
40445,cohort,English for specific purposes,topic,0,topic,,False,1.0,v2
40524,cohort,Neratinib,object,0,object,object,True,1.0,v2
40532,cohort,Work behavior,property,0,property,,False,0.8,v2
40541,cohort,Climate governance,topic,0,topic,,False,1.0,v2
40547,cohort,Choroideremia,object,0,object,object,True,1.0,v2
40549,cohort,Opioid use disorder,object,0,object,topic,False,1.0,v2
40559,cohort,Administration of justice,topic,0,topic,,False,1.0,v2
40588,cohort,Microheater,object,0,object,object,True,1.0,v2
40590,cohort,Electrophilic amination,method,0,method,method,True,1.0,v2
40607,cohort,Gauge group,object,0,object,object,True,1.0,v2
40626,cohort,Policy learning,method,0,method,topic,False,1.0,v2
40637,cohort,Congenital myopathy,object,0,object,object,True,1.0,v2
40645,cohort,Anopheles sinensis,object,0,object,object,True,1.0,v2
40666,cohort,Relational capital,property,0,property,,False,1.0,v2
40671,cohort,Systems pharmacology,topic,0,topic,,False,1.0,v2
40681,cohort,Cumulative prospect theory,property,0,property,,False,1.0,v2
40694,cohort,Piriformis syndrome,object,0,object,object,True,1.0,v2
40726,cohort,Democratic education,topic,0,topic,,False,1.0,v2
40799,cohort,At-risk students,object,0,object,object,True,1.0,v2
40804,cohort,Tumor-associated macrophage,object,0,object,object,True,1.0,v2
40810,cohort,Interfaith dialogue,topic,0,topic,,False,1.0,v2
40842,cohort,Cyclopia,object,0,object,object,True,0.9,v2
40845,cohort,Pleural empyema,object,0,object,object,True,0.9,v2
40900,cohort,Climate resilience,topic,0,topic,,False,0.9,v2
40939,cohort,Botryosphaeria dothidea,object,0,object,object,True,0.9,v2
40946,cohort,Genu varum,object,0,object,property,False,0.9,v2
40948,cohort,Justiciability,property,0,property,,False,0.9,v2
41026,cohort,Lifestyle medicine,topic,0,topic,,False,0.9,v2
41060,cohort,Tricin,object,0,object,object,True,0.9,v2
41083,cohort,Fuel poverty,topic,0,topic,,False,0.9,v2
41114,cohort,Cytokine storm,property,0,property,,False,0.9,v2
41184,cohort,Cricoid pressure,method,0,method,method,True,0.9,v2
41194,cohort,Calycosin,object,0,object,object,True,0.9,v2
41221,cohort,Business judgment rule,property,0,property,,False,0.9,v2
41239,cohort,Exopolymer,object,0,object,object,True,0.9,v2
41252,cohort,Prior authorization,method,0,method,topic,False,0.9,v2
41280,cohort,Internal erosion,property,0,property,,False,0.9,v2
41288,cohort,Old World,object,0,object,object,True,0.9,v2
41301,cohort,Fast fashion,topic,0,topic,,False,0.9,v2
41308,cohort,Apocrypha,object,0,object,topic,False,0.9,v2
41317,cohort,Equity crowdfunding,topic,0,topic,,False,0.9,v2
41321,cohort,Lanio,object,0,object,object,True,0.9,v2
41330,cohort,Sinus venosus,object,0,object,object,True,0.9,v2
41385,cohort,Numerical semigroup,object,0,object,object,True,0.9,v2
41455,cohort,Percutaneous pinning,method,0,method,method,True,0.9,v2
41481,cohort,DPYD,object,0,object,object,True,0.9,v2
41512,cohort,Ecchymosis,property,0,property,,False,0.9,v2
41546,cohort,Interurban,object,0,object,object,True,0.9,v2
41570,cohort,Venetoclax,object,0,object,object,True,0.9,v2
41573,cohort,Vine copula,method,0,method,method,True,0.9,v2
41659,cohort,Mucorales,object,0,object,object,True,0.9,v2
41706,cohort,Intervening variable,property,0,property,,False,0.9,v2
41724,cohort,Market concentration,property,0,property,,False,0.9,v2
41743,cohort,3D bioprinting,method,0,method,method,True,0.9,v2
41745,cohort,Emotional well-being,property,0,property,,False,0.9,v2
41806,cohort,Benzylisoquinoline,object,0,object,object,True,0.9,v2
41859,cohort,Ixekizumab,object,0,object,object,True,0.9,v2
41921,cohort,Fake news,topic,0,topic,,False,0.9,v2
41962,cohort,C-RAN,object,0,object,object,True,0.9,v2
41991,cohort,Favipiravir,object,0,object,object,True,0.9,v2
41995,cohort,Signed graph,object,0,object,object,True,0.9,v2
41999,cohort,Oleylamine,object,0,object,object,True,0.9,v2
42021,cohort,Tick infestation,topic,0,topic,,False,0.9,v2
42034,cohort,Cognitive behavioral therapy for insomnia,method,0,method,method,True,0.9,v2
42041,cohort,Tarsal tunnel syndrome,object,0,object,object,True,0.9,v2
42055,cohort,Discovery learning,method,0,method,method,True,0.9,v2
42078,cohort,Streptococcus uberis,object,0,object,object,True,0.9,v2
42135,cohort,Branching random walk,object,0,object,object,True,0.9,v2
42138,cohort,Moral courage,property,0,property,,False,0.9,v2
42164,cohort,Pangolin,object,0,object,object,True,0.9,v2
42167,cohort,Antimonate,object,0,object,object,True,0.9,v2
42169,cohort,Secure transmission,topic,0,topic,,False,0.9,v2
42207,cohort,Nutritionist,object,0,object,object,True,0.9,v2
42211,cohort,Dupilumab,object,0,object,object,True,0.9,v2
42296,cohort,Tableting,method,0,method,method,True,0.9,v2
42301,cohort,Cubitus varus,object,0,object,object,True,0.9,v2
42331,cohort,Arcuate fasciculus,object,0,object,object,True,0.9,v2
42340,cohort,Population decline,property,0,property,,False,0.9,v2
42363,cohort,Dihydroorotate dehydrogenase,object,0,object,object,True,0.9,v2
42366,cohort,Chemical burn,object,0,object,object,True,0.9,v2
42386,cohort,Chyle,object,0,object,object,True,0.9,v2
42482,cohort,Custodians,object,0,object,object,True,0.9,v2
42487,cohort,Plastic pollution,topic,0,topic,,False,0.9,v2
42498,cohort,Hippopotamus,object,0,object,object,True,0.9,v2
42542,cohort,Gerrymandering,topic,0,topic,,False,0.9,v2
42555,cohort,Sputum culture,method,0,method,method,True,0.9,v2
42578,cohort,Parboiling,method,0,method,method,True,0.9,v2
42619,cohort,Minion,object,0,object,method,False,0.9,v2
42647,cohort,Infralimbic cortex,object,0,object,object,True,0.9,v2
42693,cohort,Internal security,topic,0,topic,,False,0.9,v2
42700,cohort,Smart contract,object,0,object,object,True,0.9,v2
42702,cohort,Blue mold,object,0,object,object,True,0.9,v2
42714,cohort,Lumbricus rubellus,object,0,object,object,True,0.9,v2
42764,cohort,Sixth nerve palsy,object,0,object,object,True,0.9,v2
42779,cohort,Lipoblastoma,object,0,object,object,True,0.9,v2
42814,cohort,Polydioxanone,object,0,object,object,True,0.9,v2
42824,cohort,Beehive,object,0,object,object,True,0.9,v2
42919,cohort,Flavonoid biosynthesis,topic,0,topic,,False,0.9,v2
42938,cohort,Unicornuate uterus,object,0,object,object,True,0.9,v2
42999,cohort,Hyaline cartilage,object,0,object,object,True,0.9,v2
43056,cohort,Urban resilience,topic,0,topic,,False,0.9,v2
43174,cohort,Hyrax,object,0,object,object,True,1.0,v2
43212,cohort,Police brutality,topic,0,topic,,False,1.0,v2
43279,cohort,Halimeda,object,0,object,object,True,1.0,v2
43297,cohort,Varus deformity,property,0,property,,False,1.0,v2
43429,cohort,Ovarian pregnancy,object,0,object,object,True,1.0,v2
43461,cohort,Base erosion and profit shifting,topic,0,topic,,False,1.0,v2
43498,cohort,Cooperative Adaptive Cruise Control,method,0,method,method,True,1.0,v2
43511,cohort,Undo,method,0,method,method,True,1.0,v2
43532,cohort,Uterosacral ligament,object,0,object,object,True,1.0,v2
43568,cohort,Cerebellar vermis,object,0,object,object,True,1.0,v2
43583,cohort,Sedimentary organic matter,object,0,object,object,True,1.0,v2
43618,cohort,Papillary adenocarcinoma,object,0,object,object,True,1.0,v2
43636,cohort,Ganglion cell layer,object,0,object,object,True,1.0,v2
43655,cohort,Green waste,topic,0,topic,,False,1.0,v2
43663,cohort,Hydroxycinnamic acid,object,0,object,object,True,1.0,v2
43693,cohort,Phosphatidylethanol,object,0,object,object,True,1.0,v2
43708,cohort,Plasmatron,object,0,object,object,True,1.0,v2
43709,cohort,Ecosystem respiration,property,0,property,,False,1.0,v2
43850,cohort,Surface hopping,method,0,method,method,True,1.0,v2
43872,cohort,Shit,object,0,object,object,True,1.0,v2
43938,cohort,Ovarian vein,object,0,object,object,True,1.0,v2
43972,cohort,Project finance,topic,0,topic,,False,1.0,v2
44108,cohort,Giant Virus,object,0,object,object,True,1.0,v2
44114,cohort,Brick and mortar,object,0,object,topic,False,1.0,v2
44138,cohort,Cancer staging,method,0,method,method,True,1.0,v2
44188,cohort,Staphylococcal scalded skin syndrome,object,0,object,object,True,1.0,v2
44205,cohort,Products of conception,object,0,object,object,True,1.0,v2
44223,cohort,Unified theory of acceptance and use of technology,method,0,method,property,False,1.0,v2
44265,cohort,Gastrointestinal perforation,object,0,object,object,True,1.0,v2
44267,cohort,Mass gathering,topic,0,topic,,False,1.0,v2
44270,cohort,Hospital medicine,topic,0,topic,,False,1.0,v2
44276,cohort,Royalist,object,0,object,topic,False,1.0,v2
44278,cohort,Appendicular skeleton,object,0,object,object,True,1.0,v2
44339,cohort,Phenoxazine,object,0,object,object,True,1.0,v2
44380,cohort,Micromodel,object,0,object,object,True,1.0,v2
44409,cohort,Cricoid cartilage,object,0,object,object,True,1.0,v2
44437,cohort,Thyroid neoplasm,object,0,object,object,True,1.0,v2
44448,cohort,Alopecia universalis,object,0,object,object,True,1.0,v2
44472,cohort,Cloxacillin,object,0,object,object,True,1.0,v2
44509,cohort,Companion diagnostic,object,0,object,method,False,1.0,v2
44512,cohort,Verbal abuse,object,0,object,property,False,0.9,v2
44598,cohort,Vaso-occlusive crisis,object,0,object,object,True,0.9,v2
44626,cohort,Isorhamnetin,object,0,object,object,True,0.9,v2
44673,cohort,Chemical safety,topic,0,topic,,False,0.9,v2
44687,cohort,Digital learning,topic,0,topic,,False,0.9,v2
44698,cohort,Tropicamide,object,0,object,object,True,0.9,v2
44764,cohort,Phalloplasty,method,0,method,method,True,0.9,v2
44806,cohort,Calcium nitrate,object,0,object,object,True,0.9,v2
44835,cohort,Unavailability,property,0,property,,False,0.9,v2
44864,cohort,Weekend effect,property,0,property,,False,0.9,v2
44912,cohort,ORFS,object,0,object,object,True,0.9,v2
44977,cohort,Hippuric acid,object,0,object,object,True,0.9,v2
44995,cohort,Truncus,object,0,object,object,True,0.9,v2
45067,cohort,Dark photon,object,0,object,object,True,0.9,v2
45100,cohort,Leptoquark,object,0,object,object,True,0.9,v2
45104,cohort,Moving least squares,method,0,method,method,True,0.9,v2
45110,cohort,Rotordynamics,topic,0,topic,,False,0.9,v2
45161,cohort,Creative accounting,topic,0,topic,,False,0.9,v2
45193,cohort,Dacus,object,0,object,object,True,0.9,v2
45200,cohort,Clomazone,object,0,object,object,True,0.9,v2
45250,cohort,Subcategory,object,0,object,object,True,0.9,v2
45280,cohort,Human-in-the-loop,method,0,method,method,True,0.9,v2
45296,cohort,Christianization,topic,0,topic,,False,0.9,v2
45307,cohort,Gastroenterostomy,method,0,method,method,True,0.9,v2
45309,cohort,Workplace health promotion,topic,0,topic,,False,0.9,v2
45329,cohort,Deltoid ligament,object,0,object,object,True,0.9,v2
45330,cohort,Strategy implementation,topic,0,topic,,False,0.9,v2
45344,cohort,Extracorporeal cardiopulmonary resuscitation,method,0,method,method,True,0.9,v2
45378,cohort,Intervention mapping,method,0,method,method,True,0.9,v2
45384,cohort,Neonatal Fc receptor,object,0,object,object,True,0.9,v2
45392,cohort,Economic diplomacy,topic,0,topic,,False,0.9,v2
45394,cohort,EMPA,object,0,object,object,True,0.9,v2
45444,cohort,Proteus vulgaris,object,0,object,object,True,0.9,v2
45455,cohort,Setter,object,0,object,object,True,0.9,v2
45463,cohort,Apatinib,object,0,object,object,True,0.9,v2
45478,cohort,Child marriage,topic,0,topic,,False,0.9,v2
45520,cohort,Cerulenin,object,0,object,object,True,0.9,v2
45558,cohort,Anterolateral ligament,object,0,object,object,True,0.9,v2
45638,cohort,ISG15,object,0,object,object,True,0.9,v2
45639,cohort,Hypertension in Pregnancy,object,0,object,object,True,0.9,v2
45647,cohort,Rescission,object,0,object,property,False,0.9,v2
45651,cohort,National Airspace System,object,0,object,object,True,0.9,v2
45664,cohort,Symbiotic star,object,0,object,object,True,0.9,v2
45692,cohort,Forensic identification,topic,0,topic,,False,0.9,v2
45707,cohort,Epigenetic therapy,topic,0,topic,,False,0.9,v2
45763,cohort,Spiritual Health,topic,0,topic,,False,0.9,v2
45772,cohort,Phytomedicine,topic,0,topic,,False,0.9,v2
45820,cohort,Cosine similarity,method,0,method,property,False,0.9,v2
45840,cohort,Infraorbital nerve,object,0,object,object,True,0.9,v2
45848,cohort,Angioscopy,method,0,method,method,True,0.9,v2
45856,cohort,Ixodes persulcatus,object,0,object,object,True,0.9,v2
45887,cohort,Posterior shoulder,object,0,object,object,True,0.9,v2
45903,cohort,PIEZO1,object,0,object,object,True,0.9,v2
45908,cohort,Extracurricular activity,topic,0,topic,,False,0.9,v2
45916,cohort,Interregnum,object,0,object,property,False,0.9,v2
45921,cohort,Variable renewable energy,object,0,object,object,True,0.9,v2
45933,cohort,Community integration,topic,0,topic,,False,0.9,v2
45938,cohort,Fermented fish,object,0,object,object,True,0.9,v2
45982,cohort,Oil sludge,object,0,object,object,True,0.9,v2
46034,cohort,Crowdsensing,method,0,method,method,True,0.9,v2
46048,cohort,Crew resource management,topic,0,topic,,False,0.9,v2
46064,cohort,Gnosticism,topic,0,topic,,False,0.9,v2
46079,cohort,Cyanotoxin,object,0,object,object,True,0.9,v2
46097,cohort,Opisthorchiasis,object,0,object,object,True,0.9,v2
46138,cohort,Hydrogen ion,object,0,object,object,True,0.9,v2
46153,cohort,Cytokine release syndrome,object,0,object,property,False,0.9,v2
46160,cohort,Absorptance,property,0,property,,False,0.9,v2
46184,cohort,Lime mortar,object,0,object,object,True,0.9,v2
46204,cohort,Sentience,property,0,property,,False,0.9,v2
46221,cohort,Counter-Reformation,topic,0,topic,,False,0.9,v2
46240,cohort,Hardware Trojan,object,0,object,object,True,0.9,v2
46262,cohort,Incision and drainage,method,0,method,method,True,0.9,v2
46339,cohort,Amharic,object,0,object,object,True,0.9,v2
46392,cohort,H3K4me3,object,0,object,property,False,0.9,v2
46421,cohort,Radiation oncologist,object,0,object,object,True,0.9,v2
46451,cohort,Omnichannel,topic,0,topic,,False,0.9,v2
46454,cohort,Ectoine,object,0,object,object,True,0.9,v2
46501,cohort,Esophageal motility disorder,object,0,object,object,True,0.9,v2
46512,cohort,Bragg peak,property,0,property,,False,0.9,v2
46542,cohort,Polyvinyl butyral,object,0,object,object,True,0.9,v2
46553,cohort,Decoloniality,topic,0,topic,,False,0.95,v2
46635,cohort,Camphene,object,0,object,object,True,0.95,v2
46645,cohort,Springtail,object,0,object,object,True,0.95,v2
46657,cohort,Baddeleyite,object,0,object,object,True,0.95,v2
46722,cohort,Serfdom,topic,0,topic,,False,0.95,v2
46736,cohort,Southeastern Nigeria,object,0,object,object,True,0.95,v2
46773,cohort,Discounted cash flow,method,0,method,method,True,0.95,v2
46853,cohort,Adenovirus infection,object,0,object,object,True,0.95,v2
46857,cohort,Loss and damage,topic,0,topic,,False,0.95,v2
46883,cohort,Computation offloading,method,0,method,method,True,0.95,v2
46897,cohort,Backdoor,method,0,method,object,False,0.95,v2
46911,cohort,Feminist pedagogy,topic,0,topic,,False,0.95,v2
46941,cohort,Cloudlet,object,0,object,object,True,0.95,v2
46959,cohort,Rotating disk electrode,object,0,object,object,True,0.95,v2
47075,cohort,Chenodeoxycholic acid,object,0,object,object,True,0.95,v2
47116,cohort,Ixazomib,object,0,object,object,True,0.95,v2
47148,cohort,Electricity price forecasting,topic,0,topic,,False,0.95,v2
47155,cohort,Overall equipment effectiveness,property,0,property,,False,0.95,v2
47196,cohort,Loop diuretic,object,0,object,object,True,0.95,v2
47207,cohort,Daratumumab,object,0,object,object,True,0.95,v2
47209,cohort,Beringia,object,0,object,object,True,0.9,v2
47228,cohort,Mixed criticality,topic,0,topic,,False,0.8,v2
47241,cohort,Business valuation,topic,0,topic,,False,0.9,v2
47244,cohort,Motor oil,object,0,object,object,True,0.9,v2
47337,cohort,Carcinoid syndrome,object,0,object,object,True,0.9,v2
47340,cohort,Reverse vaccinology,method,0,method,method,True,0.9,v2
47375,cohort,High-voltage direct current,object,0,object,object,True,0.9,v2
47414,cohort,Leukemoid reaction,object,0,object,object,True,0.9,v2
47486,cohort,Rhizophagus irregularis,object,0,object,object,True,0.9,v2
47494,cohort,Fusariosis,object,0,object,object,True,0.9,v2
47505,cohort,Stretchable electronics,topic,0,topic,,False,0.9,v2
47517,cohort,Hypoalgesia,object,0,object,property,False,0.9,v2
47538,cohort,Polyether ether ketone,object,0,object,object,True,0.9,v2
47551,cohort,Andropogon,object,0,object,object,True,0.9,v2
47576,cohort,Titanium hydride,object,0,object,object,True,0.9,v2
47601,cohort,Forward head posture,object,0,object,object,True,0.9,v2
47678,cohort,Biculturalism,topic,0,topic,,False,0.9,v2
47707,cohort,Rhodococcus rhodochrous,object,0,object,object,True,0.9,v2
47741,cohort,Gray wolf,object,0,object,object,True,0.9,v2
47743,cohort,Limited English proficiency,topic,0,topic,,False,0.9,v2
47789,cohort,Tranche,object,0,object,object,True,0.9,v2
47802,cohort,Abscopal effect,topic,0,topic,,False,0.9,v2
47823,cohort,Retinaculum,object,0,object,object,True,0.9,v2
47837,cohort,Fast radio burst,object,0,object,object,True,0.9,v2
47858,cohort,Sulfolobus acidocaldarius,object,0,object,object,True,0.9,v2
47972,cohort,Dynamic functional connectivity,method,0,method,property,False,0.9,v2
48051,cohort,Circulating tumor DNA,object,0,object,object,True,0.9,v2
48065,cohort,Early-onset Alzheimer's disease,topic,0,topic,,False,0.9,v2
48081,cohort,Blacklist,object,0,object,topic,False,0.9,v2
48102,cohort,Multirotor,object,0,object,object,True,0.9,v2
48130,cohort,Self-affirmation,method,0,method,topic,False,0.9,v2
48139,cohort,Personal mobility,topic,0,topic,,False,0.9,v2
48142,cohort,Paspalum notatum,object,0,object,object,True,0.9,v2
48161,cohort,MEG3,object,0,object,object,True,0.9,v2
48193,cohort,Muscle tone,property,0,property,,False,0.9,v2
48225,cohort,Datasheet,object,0,object,method,False,0.9,v2
48264,cohort,Voter model,method,0,method,method,True,0.9,v2
48274,cohort,Intellectualism,topic,0,topic,,False,0.9,v2
48277,cohort,Culturalism,topic,0,topic,,False,0.9,v2
48304,cohort,Eardrum,object,0,object,object,True,0.9,v2
48362,cohort,Professional communication,topic,0,topic,,False,0.8,v2
48378,cohort,Inferior frontal gyrus,object,0,object,object,True,1.0,v2
48379,cohort,Unanimity,property,0,property,,False,0.8,v2
48409,cohort,Mountain range (options),object,0,object,object,True,1.0,v2
48416,cohort,WNT4,object,0,object,object,True,1.0,v2
48420,cohort,Phosphinidene,object,0,object,object,True,1.0,v2
48439,cohort,Social stigma,topic,0,topic,,False,0.8,v2
48449,cohort,Moral agency,property,0,property,,False,0.8,v2
48456,cohort,Pain scale,method,0,method,method,True,1.0,v2
48475,cohort,Propionibacterium freudenreichii,object,0,object,object,True,1.0,v2
48481,cohort,Photomorphogenesis,topic,0,topic,,False,0.8,v2
48495,cohort,Harmine,object,0,object,object,True,1.0,v2
48513,cohort,Smiley,object,0,object,object,True,0.8,v2
48556,cohort,Fire performance,property,0,property,,False,1.0,v2
48620,cohort,Interoception,property,0,property,,False,0.8,v2
48628,cohort,Filamentous fungus,object,0,object,object,True,1.0,v2
48667,cohort,Mandibular molar,object,0,object,object,True,1.0,v2
48680,cohort,Epidermal Cyst,object,0,object,object,True,1.0,v2
48687,cohort,Aviation accident,topic,0,topic,,False,0.8,v2
48696,cohort,Left breast,object,0,object,object,True,1.0,v2
48699,cohort,Vaginal Vault Prolapse,object,0,object,object,True,0.9,v2
48725,cohort,Podiatrist,object,0,object,object,True,0.9,v2
48760,cohort,Inactivated Poliovirus Vaccine,object,0,object,object,True,0.9,v2
48780,cohort,Postural instability,property,0,property,,False,0.9,v2
48781,cohort,Voice Disorder,property,0,property,,False,0.9,v2
48798,cohort,Castor beans,object,0,object,object,True,0.9,v2
48814,cohort,Lung fibrosis,object,0,object,object,True,0.9,v2
48816,cohort,Bone marrow aspirate,object,0,object,method,False,0.9,v2
48817,cohort,Dietary Sodium,property,0,property,,False,0.9,v2
48838,cohort,Caribbean region,object,0,object,object,True,0.9,v2
48869,cohort,Drug pricing,topic,0,topic,,False,0.9,v2
48876,cohort,Foreign Body Ingestion,property,0,property,,False,0.9,v2
48903,cohort,HEPATITIS DELTA,object,0,object,object,True,0.9,v2
48913,cohort,Corneal opacity,property,0,property,,False,0.9,v2
48927,cohort,Air traffic controller,object,0,object,object,True,0.9,v2
48947,cohort,Fundus camera,object,0,object,method,False,0.9,v2
48981,cohort,Elbow pain,property,0,property,,False,0.9,v2
48997,cohort,Operating theatres,object,0,object,object,True,0.9,v2
49001,cohort,Gene Annotation,method,0,method,method,True,0.9,v2
49082,cohort,Cerebellar Degeneration,object,0,object,object,True,0.9,v2
49084,cohort,Tetracycline Hydrochloride,object,0,object,object,True,1.0,v2
49115,cohort,Interrupted Time Series Analysis,method,0,method,method,True,1.0,v2
49137,cohort,Frailty Index,object,0,object,property,False,1.0,v2
49145,cohort,Multiple Chronic Conditions,object,0,object,object,True,1.0,v2
49161,cohort,Temporomandibular Joint Disorder,object,0,object,object,True,1.0,v2
49171,cohort,Sympathetic Denervation,method,0,method,method,True,1.0,v2
49198,cohort,Expectorant,object,0,object,object,True,1.0,v2
49236,cohort,Round Ligament,object,0,object,object,True,1.0,v2
49252,cohort,Sialorrhea,object,0,object,property,False,1.0,v2
49256,cohort,Right heart failure,object,0,object,object,True,1.0,v2
49281,cohort,Nocebo Effect,property,0,property,,False,1.0,v2
49286,cohort,Hyperlactatemia,object,0,object,property,False,1.0,v2
49298,cohort,Herring gull,object,0,object,object,True,1.0,v2
49324,cohort,Genu Valgum,object,0,object,object,True,1.0,v2
49333,cohort,Congenital talipes equinovarus,object,0,object,object,True,1.0,v2
49381,cohort,Cerebral ischaemia,object,0,object,object,True,1.0,v2
49382,cohort,CD4-CD8 Ratio,property,0,property,,False,1.0,v2
49396,cohort,Forensic examination,method,0,method,topic,False,1.0,v2
49399,cohort,Phenylbutyrate,object,0,object,object,True,1.0,v2
49400,cohort,Fusiform Aneurysm,object,0,object,object,True,1.0,v2
49410,cohort,Outpatient visits,object,0,object,property,False,0.9,v2
49505,cohort,Intracranial haemorrhage,object,0,object,object,True,0.9,v2
49519,cohort,Aminoquinolines,object,0,object,object,True,0.9,v2
49528,cohort,Ethyleneimine,object,0,object,object,True,0.9,v2
49531,cohort,Trogoderma granarium,object,0,object,object,True,0.9,v2
49535,cohort,Anti malarial,object,0,object,object,True,0.9,v2
49570,cohort,Pressure injury,object,0,object,object,True,0.9,v2
49586,cohort,Standard precautions,method,0,method,method,True,0.9,v2
49611,cohort,Patient Empowerment,topic,0,topic,,False,0.9,v2
49633,cohort,Brucella suis,object,0,object,object,True,0.9,v2
49635,cohort,Arthrogryposis multiplex congenita,object,0,object,object,True,0.9,v2
49659,cohort,Pan paniscus,object,0,object,object,True,0.9,v2
49708,cohort,Lima beans,object,0,object,object,True,0.9,v2
49718,cohort,Fat-Soluble Vitamin,object,0,object,object,True,0.9,v2
49723,cohort,Obstructive hydrocephalus,object,0,object,object,True,0.9,v2
49735,cohort,Acute Psychosis,object,0,object,object,True,0.9,v2
49754,cohort,Nucleic Acid Amplification Tests,method,0,method,method,True,0.9,v2
49783,cohort,Counterfeit Drugs,object,0,object,object,True,0.9,v2
49836,cohort,Elective cesarean section,method,0,method,method,True,0.9,v2
49852,cohort,Longissimus Thoracis,object,0,object,object,True,0.9,v2
49862,cohort,Postage Stamps,object,0,object,object,True,0.9,v2
49897,cohort,Candida auris,object,0,object,object,True,1.0,v2
49912,cohort,Narrative medicine,topic,0,topic,,False,0.9,v2
49927,cohort,Hendra Virus,object,0,object,object,True,1.0,v2
49930,cohort,Hematological malignancy,object,0,object,object,True,1.0,v2
49952,cohort,Doxorubicin Hydrochloride,object,0,object,object,True,1.0,v2
49978,cohort,Semaglutide,object,0,object,object,True,1.0,v2
49991,cohort,Periampullary cancer,object,0,object,object,True,1.0,v2
50005,cohort,Coronary angiogram,method,0,method,method,True,0.9,v2
50007,cohort,Papio anubis,object,0,object,object,True,1.0,v2
50023,cohort,Facial reconstruction,method,0,method,topic,False,0.9,v2
50050,cohort,Arterial Ischemic Stroke,object,0,object,object,True,1.0,v2
50068,cohort,Neuronal migration,object,0,object,object,True,1.0,v2
50076,cohort,Premature aging,object,0,object,object,True,1.0,v2
50209,cohort,Working mother,object,0,object,object,True,0.9,v2
50243,cohort,Platelet disorder,object,0,object,object,True,1.0,v2
50249,cohort,Undifferentiated Pleomorphic Sarcoma,object,0,object,object,True,1.0,v2
50280,cohort,Audiologist,object,0,object,topic,False,0.9,v2
50377,cohort,Paediatric intensive care unit,object,0,object,object,True,1.0,v2
50390,cohort,Dermacentor reticulatus,object,0,object,object,True,1.0,v2
50407,cohort,Immune Dysfunction,object,0,object,object,True,0.9,v2
50459,cohort,Total pancreatectomy,method,0,method,method,True,0.9,v2
50483,cohort,Citrobacter rodentium,object,0,object,object,True,0.9,v2
50535,cohort,M2 Macrophage,object,0,object,object,True,0.9,v2
50603,cohort,Truth telling,topic,0,topic,,False,0.9,v2
50616,cohort,Hypertensive crisis,object,0,object,object,True,0.9,v2
50625,cohort,Severe Malaria,object,0,object,object,True,0.9,v2
50645,cohort,Ground Level Ozone,object,0,object,object,True,0.9,v2
50648,cohort,End-stage kidney disease,object,0,object,object,True,0.9,v2
50655,cohort,Watercress,object,0,object,object,True,0.9,v2
50697,cohort,Congenital ichthyosis,object,0,object,object,True,0.9,v2
50698,cohort,Cervical insufficiency,object,0,object,object,True,0.9,v2
50743,cohort,Atropa belladonna,object,0,object,object,True,0.9,v2
50791,cohort,Ablation Therapy,method,0,method,method,True,0.9,v2
50803,cohort,Mucopolysaccharidosis type II,object,0,object,object,True,0.9,v2
50857,cohort,Antibody Repertoire,object,0,object,object,True,0.9,v2
50951,cohort,Multipotent Stem Cell,object,0,object,property,False,0.9,v2
50971,cohort,Human breast milk,object,0,object,object,True,0.9,v2
50977,cohort,Trough Concentration,property,0,property,,False,0.9,v2
50981,cohort,Chikungunya fever,object,0,object,object,True,0.9,v2
51010,cohort,Male genitalia,object,0,object,object,True,0.9,v2
51012,cohort,Investigational Drugs,object,0,object,object,True,0.9,v2
51021,cohort,Streptococcus anginosus,object,0,object,object,True,0.9,v2
51036,cohort,Seriola quinqueradiata,object,0,object,object,True,0.9,v2
51052,cohort,Drug prices,property,0,property,,False,0.9,v2
51101,cohort,Postnatal Care,topic,0,topic,,False,0.9,v2
51106,cohort,Classical Hodgkin lymphoma,object,0,object,object,True,0.9,v2
51143,cohort,Rotavirus Infections,object,0,object,object,True,0.9,v2
51207,cohort,Consanguineous Marriage,topic,0,topic,,False,0.9,v2
51237,cohort,Metastatic Urothelial Carcinoma,object,0,object,object,True,0.9,v2
51256,cohort,Mayer-Rokitansky-Kuster-Hauser Syndrome,object,0,object,object,True,0.9,v2
51357,cohort,Tenofovir alafenamide,object,0,object,object,True,0.9,v2
51358,cohort,Pacific herring,object,0,object,object,True,0.9,v2
51364,cohort,CAR T-cell therapy,method,0,method,method,True,0.9,v2
51370,cohort,Pulmonary Veno-Occlusive Disease,object,0,object,object,True,0.9,v2
51413,cohort,Electrostatic interaction,property,0,property,,False,0.9,v2
51419,cohort,Grocery shopping,topic,0,topic,,False,0.9,v2
51428,cohort,Heart beat,property,0,property,,False,0.9,v2
51444,cohort,Grid cell,object,0,object,object,True,0.9,v2
51453,cohort,Car sharing,topic,0,topic,,False,0.9,v2
51460,cohort,Three dimensional printing,method,0,method,method,True,0.9,v2
51462,cohort,Digital surface,object,0,object,object,True,0.9,v2
51523,cohort,Forest structure,object,0,object,property,False,0.9,v2
51537,cohort,Electron flow,property,0,property,,False,0.9,v2
51563,cohort,Battery storage,object,0,object,method,False,0.9,v2
51568,cohort,Aesthetic experience,topic,0,topic,,False,0.9,v2
51600,cohort,Electromagnetic theory,topic,0,topic,,False,0.9,v2
51683,cohort,Noise level,property,0,property,,False,0.9,v2
51722,cohort,Disruptive technology,topic,0,topic,,False,0.9,v2
51738,cohort,Deep neural networks,method,0,method,method,True,0.9,v2
51746,cohort,User engagement,property,0,property,,False,0.9,v2
51774,cohort,Social acceptance,property,0,property,,False,0.9,v2
51818,cohort,Frequency reuse,method,0,method,method,True,0.9,v2
51823,cohort,Population variance,property,0,property,,False,0.9,v2
51882,cohort,Knowledge retention,property,0,property,,False,0.9,v2
51894,cohort,Optical coherence tomography angiography,method,0,method,method,True,0.9,v2
51905,cohort,Particle dynamics,method,0,method,method,True,0.9,v2
51919,cohort,Source model,object,0,object,object,True,0.9,v2
51929,cohort,Time budget,property,0,property,,False,0.9,v2
51957,cohort,Distribution grid,object,0,object,object,True,0.9,v2
51997,cohort,Gig economy,topic,0,topic,,False,0.9,v2
52010,cohort,Vehicle safety,topic,0,topic,,False,0.9,v2
52015,cohort,Motion sensors,object,0,object,method,False,0.9,v2
52033,cohort,Fog computing,topic,0,topic,,False,0.9,v2
52039,cohort,Nickel alloy,object,0,object,object,True,0.9,v2
52045,cohort,Public healthcare,topic,0,topic,,False,0.9,v2
52049,cohort,Tensor decomposition,method,0,method,method,True,0.9,v2
52122,cohort,Unmanned surface vehicle,object,0,object,object,True,0.9,v2
52125,cohort,Knowledge graph,object,0,object,object,True,0.9,v2
52129,cohort,Body posture,property,0,property,,False,0.9,v2
52160,cohort,Weather prediction,topic,0,topic,,False,0.9,v2
52227,cohort,Aerial imagery,object,0,object,method,False,0.9,v2
52309,cohort,Protein stability,property,0,property,,False,0.9,v2
52394,cohort,Educational management,topic,0,topic,,False,0.9,v2
52397,cohort,Fluid pressure,property,0,property,,False,0.9,v2
52507,cohort,Web survey,method,0,method,method,True,0.9,v2
52515,cohort,Urban infrastructure,object,0,object,object,True,0.9,v2
52536,cohort,Fair trial,topic,0,topic,,False,0.9,v2
52546,cohort,Barthel index,property,0,property,,False,0.9,v2
52558,cohort,Public involvement,topic,0,topic,,False,0.9,v2
52563,cohort,Purchasing decision,property,0,property,,False,0.8,v2
52599,cohort,Biological age,property,0,property,,False,0.8,v2
52609,cohort,Social activism,topic,0,topic,,False,0.8,v2
52616,cohort,Gene interaction,property,0,property,,False,0.8,v2
52617,cohort,Public prosecutor,object,0,object,object,True,0.8,v2
52649,cohort,Metabolic cost,property,0,property,,False,0.8,v2
52653,cohort,Sunspot number,property,0,property,,False,0.8,v2
52677,cohort,Organic production,topic,0,topic,,False,0.8,v2
52701,cohort,Prostate adenocarcinoma,object,0,object,object,True,0.8,v2
52712,cohort,Russian revolution,topic,0,topic,,False,0.8,v2
52738,cohort,Family ties,property,0,property,,False,0.8,v2
52747,cohort,Place making,topic,0,topic,,False,0.8,v2
52749,cohort,Liver dysfunction,property,0,property,,False,0.8,v2
52753,cohort,Indigenous culture,topic,0,topic,,False,0.8,v2
52767,cohort,Divine comedy,object,0,object,object,True,0.8,v2
52774,cohort,Rice farming,topic,0,topic,,False,0.8,v2
52801,cohort,Implicit bias,property,0,property,,False,0.8,v2
52826,cohort,Science class,topic,0,topic,,False,0.8,v2
52831,cohort,High risk pregnancy,property,0,property,,False,0.8,v2
52883,cohort,Character development,property,0,property,,False,0.8,v2
52904,cohort,Finger tapping,method,0,method,method,True,0.9,v2
52910,cohort,Destination management,topic,0,topic,,False,0.9,v2
52915,cohort,Gravity equation,object,0,object,property,False,0.9,v2
52951,cohort,Consumer research,topic,0,topic,,False,0.9,v2
52966,cohort,Solvent polarity,property,0,property,,False,0.9,v2
52973,cohort,Fitness test,method,0,method,method,True,0.9,v2
52975,cohort,Entrepreneurial education,topic,0,topic,,False,0.9,v2
53013,cohort,Disease transmission,topic,0,topic,,False,0.9,v2
53041,cohort,Positive parenting,method,0,method,method,True,0.9,v2
53068,cohort,Fear of failure,property,0,property,,False,0.9,v2
53071,cohort,Reading list,object,0,object,object,True,0.9,v2
53129,cohort,Cultural sensitivity,property,0,property,,False,0.9,v2
53137,cohort,Ice caps,object,0,object,object,True,0.9,v2
53139,cohort,Composite indicator,property,0,property,,False,0.9,v2
53150,cohort,Brand experience,property,0,property,,False,0.9,v2
53157,cohort,Financial security,property,0,property,,False,0.9,v2
53164,cohort,Foster parents,object,0,object,object,True,0.9,v2
53167,cohort,Free carrier,object,0,object,property,False,0.9,v2
53196,cohort,Placebo response,property,0,property,,False,0.9,v2
53218,cohort,Gut bacteria,object,0,object,object,True,0.9,v2
53283,cohort,White rice,object,0,object,object,True,0.9,v2
53316,cohort,Emotional development,topic,0,topic,,False,0.9,v2
53357,cohort,Lemon juice,object,0,object,object,True,0.9,v2
53358,cohort,Fish habitat,topic,0,topic,,False,0.9,v2
53400,cohort,Racial bias,property,0,property,,False,0.9,v2
53403,cohort,Pilot program,topic,0,topic,,False,0.9,v2
53500,cohort,Contact zone,object,0,object,topic,False,0.9,v2
53750,cohort,Polygenic risk score,property,0,property,,False,0.9,v2
53760,cohort,Green innovation,topic,0,topic,,False,0.9,v2
53807,cohort,Amplicon sequencing,method,0,method,method,True,0.9,v2
53825,cohort,Turkish economy,topic,0,topic,,False,0.9,v2
53857,cohort,Social contact,object,0,object,property,False,0.9,v2
53858,cohort,New normal,property,0,property,,False,0.9,v2
53922,cohort,Catalytic efficiency,property,0,property,,False,0.9,v2
53962,cohort,Environmental safety,topic,0,topic,,False,0.9,v2
54036,cohort,Green coffee,object,0,object,object,True,0.9,v2
54063,cohort,Natural food,object,0,object,topic,False,0.9,v2
54105,cohort,Particulate organic carbon,object,0,object,property,False,0.9,v2
54114,cohort,Ammonia gas,object,0,object,object,True,0.9,v2
54185,cohort,Political crisis,topic,0,topic,,False,0.9,v2
54199,cohort,High income countries,object,0,object,topic,False,0.9,v2
54208,cohort,Fire fighter,object,0,object,object,True,0.9,v2
54219,cohort,Teaching english,topic,0,topic,,False,0.9,v2
54242,cohort,Opioid addiction,topic,0,topic,,False,0.9,v2
54249,cohort,Food labeling,topic,0,topic,,False,0.9,v2
54265,cohort,Muscle stiffness,property,0,property,,False,0.9,v2
54272,cohort,Maxillary molar,object,0,object,object,True,0.9,v2
54324,cohort,Metabolic activity,property,0,property,,False,0.9,v2
54386,cohort,Climate zones,object,0,object,topic,False,0.9,v2
54388,cohort,Heat transfer fluid,object,0,object,object,True,0.9,v2
54390,cohort,Finish line,object,0,object,property,False,0.9,v2
54484,cohort,Public health interventions,topic,0,topic,,False,0.9,v2
54510,cohort,Medical radiation,topic,0,topic,,False,0.9,v2
54515,cohort,Behavioral therapy,method,0,method,method,True,0.9,v2
54542,cohort,Art market,topic,0,topic,,False,0.9,v2
54573,cohort,Cellular metabolism,property,0,property,,False,0.9,v2
54604,cohort,Pelvic girdle,object,0,object,object,True,0.9,v2
54620,cohort,Phone call,object,0,object,object,True,0.9,v2
54631,cohort,Ambient vibration,property,0,property,,False,0.9,v2
54778,cohort,Transcendental meditation,method,0,method,method,True,0.9,v2
54820,cohort,Coal basin,object,0,object,object,True,0.9,v2
54837,cohort,Alcohol addiction,topic,0,topic,,False,0.9,v2
54840,cohort,Soil cover,object,0,object,property,False,0.9,v2
54847,cohort,Association test,method,0,method,method,True,0.9,v2
54881,cohort,Pilot trial,method,0,method,method,True,0.9,v2
54893,cohort,Organic polymer,object,0,object,object,True,0.9,v2
54896,cohort,Aerobic bacteria,object,0,object,object,True,0.9,v2
54897,cohort,Family court,object,0,object,object,True,0.9,v2
54947,cohort,Self identification,property,0,property,,False,0.9,v2
55001,cohort,Articular surface,object,0,object,object,True,0.9,v2
55021,cohort,Diagnostic biomarker,object,0,object,property,False,0.9,v2
55030,cohort,Processed meat,object,0,object,object,True,0.9,v2
55051,cohort,Surgical robot,object,0,object,object,True,0.9,v2
55057,cohort,Flexible bronchoscopy,method,0,method,method,True,0.9,v2
55125,cohort,Major bleeding,property,0,property,,False,0.9,v2
55131,cohort,Tactile perception,property,0,property,,False,0.9,v2
55135,cohort,Competitive athletes,object,0,object,object,True,0.9,v2
55162,cohort,Neonatal death,property,0,property,,False,0.9,v2
55269,cohort,Real world evidence,topic,0,topic,,False,0.9,v2
55311,cohort,Urine sample,object,0,object,method,False,0.9,v2
55376,cohort,Pediatric epilepsy,topic,0,topic,,False,0.9,v2
55405,cohort,Self driving,topic,0,topic,,False,0.9,v2
55422,cohort,Low carbohydrate,topic,0,topic,,False,0.9,v2
55467,cohort,Exfoliative cytology,method,0,method,method,True,0.9,v2
55494,cohort,Immune escape,property,0,property,,False,0.9,v2
55510,cohort,Organisational change,topic,0,topic,,False,0.9,v2
55512,cohort,Social risk,topic,0,topic,,False,0.9,v2
55560,cohort,Water contamination,topic,0,topic,,False,0.9,v2
55573,cohort,Surgical team,object,0,object,topic,False,0.9,v2
55587,cohort,Cyber threats,topic,0,topic,,False,0.9,v2
55617,cohort,Community pharmacist,object,0,object,object,True,0.9,v2
55627,cohort,Patient data,object,0,object,object,True,0.9,v2
55639,cohort,Blue green algae,object,0,object,object,True,0.9,v2
55667,cohort,Assistive device,object,0,object,object,True,0.9,v2
55670,cohort,Middle income country,object,0,object,object,True,0.9,v2
55680,cohort,Post truth,topic,0,topic,,False,0.9,v2
55790,cohort,Shared governance,method,0,method,topic,False,0.9,v2
55822,cohort,County government,object,0,object,object,True,0.9,v2
55831,cohort,Ventricular filling,property,0,property,,False,0.9,v2
55843,cohort,University education,topic,0,topic,,False,0.9,v2
55905,cohort,Coming out,topic,0,topic,,False,0.8,v2
55917,cohort,Medical cannabis,topic,0,topic,,False,0.8,v2
55990,cohort,Weight estimation,method,0,method,method,True,0.8,v2
56038,cohort,Molecular biomarkers,object,0,object,object,True,0.8,v2
56043,cohort,Enteric virus,object,0,object,object,True,0.8,v2
56084,cohort,Host specificity,property,0,property,,False,0.8,v2
56094,cohort,Splenic flexure,object,0,object,object,True,0.8,v2
56100,cohort,Hydrolytic degradation,method,0,method,property,False,0.8,v2
56102,cohort,Protozoan parasite,object,0,object,object,True,0.8,v2
56108,cohort,State policy,topic,0,topic,,False,0.8,v2
56131,cohort,Geriatric care,topic,0,topic,,False,0.8,v2
56176,cohort,Employee empowerment,topic,0,topic,,False,0.8,v2
56182,cohort,Measurement device,object,0,object,object,True,0.8,v2
56208,cohort,Palliative chemotherapy,method,0,method,method,True,0.8,v2
56290,cohort,Wheat bread,object,0,object,object,True,0.8,v2
56297,cohort,Adverse drug event,property,0,property,,False,0.8,v2
56315,cohort,Explosive strength,property,0,property,,False,0.8,v2
56319,cohort,Shanghai china,object,0,object,object,True,0.8,v2
56336,cohort,Intravenous antibiotics,method,0,method,object,False,0.8,v2
56361,cohort,Femoral bone,object,0,object,object,True,0.8,v2
56395,cohort,Coffee grounds,object,0,object,object,True,0.9,v2
56405,cohort,Mixed phase,property,0,property,,False,0.9,v2
56420,cohort,Human kidney,object,0,object,object,True,0.9,v2
56433,cohort,Water disinfection,topic,0,topic,,False,0.9,v2
56437,cohort,Hair care,topic,0,topic,,False,0.9,v2
56438,cohort,Opportunistic pathogen,object,0,object,object,True,0.9,v2
56451,cohort,Burn out,property,0,property,,False,0.9,v2
56464,cohort,Real world data,object,0,object,object,True,0.9,v2
56467,cohort,Precision oncology,topic,0,topic,,False,0.9,v2
56526,cohort,Tissue repair,topic,0,topic,,False,0.9,v2
56544,cohort,Lewy body disease,object,0,object,object,True,0.9,v2
56569,cohort,Post menopausal,property,0,property,,False,0.9,v2
56574,cohort,Diarrheal disease,object,0,object,object,True,0.9,v2
56608,cohort,Sous vide,method,0,method,method,True,0.9,v2
56639,cohort,Case finding,method,0,method,method,True,0.9,v2
