concept,split,D_z_A,D_z_B,F_res_A,F_res_B,D_ratio_A,D_ratio_B
zinc finger nuclease,0,-1.1215406382032536,-4.021646835573054,-0.06273824456883126,0.2440007942160789,0.8287292817679558,0.4507888805409466
zinc finger nuclease,1,-2.729197107290461,-1.1103633880658925,0.21220452574157644,0.6418365627808149,0.5780346820809248,0.8298755186721991
zinc finger nuclease,2,-2.4097016079271985,-3.3649606445442424,-0.03463004111198442,-0.03506520929745227,0.6688963210702341,0.5054759898904803
zinc finger nuclease,3,-3.152011464928634,-3.90058670626478,-0.19830071062419707,-0.05329362967730489,0.5427408412483039,0.4172461752433936
zinc finger nuclease,4,0.4714045207910322,-3.2431966649171686,0.18902374729853144,-0.22733917148228544,1.0714285714285714,0.5110732538330494
zinc finger nuclease,5,-3.251783743432199,-4.021707032316957,-0.6295003090514485,0.14480285015646543,0.5676442762535477,0.4569687738004569
zinc finger nuclease,6,-4.539114833796071,-3.9675121062299596,0.34626444770330245,0.5735908100443928,0.3853564547206165,0.45385779122541603
zinc finger nuclease,7,-2.8836763607610627,-3.4094576792686637,0.30400092130399514,-0.4356182854518732,0.5524861878453039,0.5080440304826418
zinc finger nuclease,8,-2.8001998411152598,-2.5034859417350677,0.030216496040645136,0.5740188747788805,0.5808325266214908,0.6607929515418502
zinc finger nuclease,9,-2.90567072711779,-3.536243164845469,0.1128594435282626,0.2492763524889814,0.5825242718446602,0.5093378607809848
zinc finger nuclease,10,-4.137338882585878,-1.3693603236340992,-0.4756779105189839,-0.26160370681383793,0.4163775156141568,0.8130081300813008
zinc finger nuclease,11,-3.4329172869110387,-2.298461839854708,0.148888182423474,-0.15796227775831106,0.5136986301369864,0.6779661016949153
zinc finger nuclease,12,-3.013558561615898,-3.402996598894867,-0.4290487304139228,0.013527243586381688,0.5719733079122974,0.505050505050505
zinc finger nuclease,13,-4.691684640073836,-4.063780278507154,0.09858576883896597,-0.36975711360074515,0.4109589041095891,0.4439511653718091
zinc finger nuclease,14,-3.6501004253481586,-2.1874592358920077,-0.41143402568628873,0.2069122335780642,0.5071851225697379,0.6779661016949153
zinc finger nuclease,15,-2.2096047024697585,-3.5107010947108996,0.368135395446462,0.3248575397308133,0.7067137809187279,0.45558086560364464
zinc finger nuclease,16,-2.114012983424009,-3.5578023054486296,-0.020167932409795752,0.4889768960326558,0.6779661016949153,0.5067567567567568
zinc finger nuclease,17,-2.9231057574261947,-3.854692885797292,-0.751099901155917,-0.26219187425697466,0.5802707930367504,0.4528301886792453
zinc finger nuclease,18,-3.1022807393717597,-3.786098884627528,0.052251157814695914,0.20992436764713507,0.5517241379310345,0.452147701582517
zinc finger nuclease,19,-3.960876548687124,-4.442459266099122,-0.40776578388541684,0.10977516972168955,0.4439511653718091,0.41841004184100417
zinc finger nuclease,20,-3.356585566713094,-1.230769230769231,-0.9460039822150829,0.21110758871352941,0.5063291139240507,0.8241758241758241
zinc finger nuclease,21,-5.181036310903637,-4.159841915998195,-0.16727290085820024,0.14712409198569498,0.3508771929824561,0.4169562195969423
zinc finger nuclease,22,-4.152873049635067,-1.1917080461366745,0.2370346304379961,0.014161606604791377,0.4143646408839779,0.8219178082191781
zinc finger nuclease,23,-4.56294871532058,-1.8856180831641265,-0.23304835528644108,0.3148751370482257,0.3814367450731087,0.7142857142857143
zinc finger nuclease,24,-3.5060556530629277,-3.093363885226284,0.45722354039121194,-0.36214903481633387,0.5054759898904803,0.5797101449275363
zinc finger nuclease,25,-3.158978835411682,-3.4378173344467187,0.24710775737355106,-0.18308636754286867,0.5842259006815969,0.5106382978723404
zinc finger nuclease,26,-4.364574595610833,-2.065550159625501,-0.04206947682138862,0.2570809316080377,0.41237113402061853,0.7092198581560284
zinc finger nuclease,27,-4.0149612821256095,-3.8904535724352702,0.007694190742277618,0.11161583487229354,0.4192872117400419,0.45506257110352677
zinc finger nuclease,28,-3.076872567316203,-4.12205254852201,0.2554340564823987,-0.3891618851293648,0.5758157389635317,0.41753653444676414
zinc finger nuclease,29,-2.8684210526315788,-4.0754161749766,0.17389800540229938,-0.4070074781245566,0.5791505791505792,0.4143646408839779
zinc finger nuclease,30,-3.1091050355326133,-3.060101037219106,-0.2989498804363344,0.029479147122477234,0.5763688760806917,0.5486968449931413
zinc finger nuclease,31,-2.10839424175357,-4.37522159345007,0.30309578548896066,-0.29304825806699686,0.6787330316742082,0.4160887656033287
zinc finger nuclease,32,-3.7096226214743244,-1.2867970123870196,-0.08562569020042299,-0.1858561018928433,0.4246284501061571,0.8174386920980926
zinc finger nuclease,33,-3.0156499566940522,-3.3954987505086613,-0.07807359076346232,0.13213278725054123,0.5741626794258373,0.5172413793103449
zinc finger nuclease,34,-3.3969076067772717,-3.903420624781094,-0.33032007945857056,-0.10352319132992771,0.5016722408026756,0.45300113250283125
zinc finger nuclease,35,-2.8897217494202305,-2.41244204459596,0.052154583303209434,0.3328632817879781,0.5774783445620789,0.671892497200448
zinc finger nuclease,36,-2.1803190724766712,-3.215938317255791,0.19912236067854927,0.025247248390294907,0.672645739910314,0.5080440304826418
zinc finger nuclease,37,-2.21165146424677,-3.4980175586061746,-0.30448548593775837,,0.671892497200448,0.505050505050505
zinc finger nuclease,38,-1.1931848997583692,-3.7770879580204313,0.016344968224506817,-0.29154009901536626,0.8275862068965517,0.4587155963302752
zinc finger nuclease,39,-4.365182751404129,-1.3950368977657714,0.0068992695884497746,-0.015839069770192782,0.3790271636133923,0.8152173913043478
zinc finger nuclease,40,-1.8903996712470368,-4.30533247840341,0.20040162938424477,0.25039012689586926,0.6841505131128849,0.3838771593090211
zinc finger nuclease,41,-3.7871407544481084,-2.9387594522916167,0.49041357700223065,0.2005765069581541,0.45592705167173253,0.5763688760806917
zinc finger nuclease,42,-3.984040351123448,-2.7713913759752526,0.19838951262586785,-0.5486474166403199,0.45317220543806647,0.5758157389635317
zinc finger nuclease,43,-3.626174234554913,-2.9632753840904154,0.1388839957452147,,0.5008347245409015,0.5830903790087464
zinc finger nuclease,44,-4.482981274574461,-3.633396576294456,0.157320306703435,0.30026095775658423,0.38634900193174504,0.4484304932735426
zinc finger nuclease,45,-3.7119379786208615,-2.299849598582618,-0.015216344809731552,-1.0562572618244512,0.45558086560364464,0.6741573033707865
zinc finger nuclease,46,-3.7781129880256743,-1.2375966910186267,0.15888028843917246,0.19354119288396776,0.44843049327354256,0.819672131147541
zinc finger nuclease,47,-3.7629210021052932,-3.4169687847089962,-0.5727566279185071,-0.31187360042886747,0.45248868778280543,0.4545454545454546
zinc finger nuclease,48,-1.1146949051692745,-3.734210834956961,0.541604117162513,0.11005124357764295,0.8275862068965517,0.5046257359125316
zinc finger nuclease,49,-3.8741082324774943,-3.168954725533033,-0.15329511158222897,-0.2847623848036436,0.4195804195804196,0.5464480874316939
sentiment analysis,0,-4.2972972972972965,-4.414748591434922,-0.6663138261489454,0.2279931929596275,0.3861003861003861,0.38095238095238093
sentiment analysis,1,-2.170772693914911,-3.754142168793036,-0.2151297650012287,-0.0701397841040472,0.6802721088435374,0.5029337803855826
sentiment analysis,2,-3.609195356412794,-4.013703673038956,-0.8825390010800009,0.14972173688633128,0.5085823267641449,0.38872691933916426
sentiment analysis,3,-3.2267009757830003,-4.986063791983927,-1.093173358148428,0.8998987419864992,0.5730659025787965,0.3048780487804878
sentiment analysis,4,-2.9352681704506782,-4.443611597256678,-0.3000184873714431,-0.14900811088193144,0.5730659025787965,0.3849855630413859
sentiment analysis,5,-4.290920265304583,-2.9871609728716764,-0.7254916001575089,-0.2110113608118518,0.3392705682782019,0.5703422053231939
sentiment analysis,6,-3.290675832363716,-3.0998681139977085,-0.22824629419520703,-0.5071236178224674,0.5089058524173028,0.5176876617773943
sentiment analysis,7,-3.2155620068462696,-4.365768697224177,-0.6505343057185451,-0.9898258508963567,0.5121638924455826,0.3853564547206165
sentiment analysis,8,-4.6,-3.821852610586805,-0.5983644907195003,-0.5623949904576262,0.30303030303030304,0.446927374301676
sentiment analysis,9,-3.446561747421317,-2.973218754465395,,-0.059566227134622896,0.5434782608695652,0.5791505791505792
sentiment analysis,10,-3.7689629573693098,-5.167664102379844,-1.0948960383875557,0.75054502506014,0.4604758250191865,0.2706359945872801
sentiment analysis,11,-3.360064522390137,-2.7163425593990715,-0.4302293420683667,-0.9107795394889544,0.5136986301369864,0.6046863189720333
sentiment analysis,12,-3.55443860951427,-5.268377125816506,-1.6052537367772495,-0.5045904551309508,0.5047318611987381,0.3502626970227671
sentiment analysis,13,-4.170240102035461,-4.148453499770117,,-0.6502756528665518,0.3849855630413859,0.3861003861003861
sentiment analysis,14,-3.3199788485484216,-5.0455684780165635,-1.3074217053291817,-0.001709824709225538,0.5524861878453039,0.33500837520938026
sentiment analysis,15,-3.107095277735825,-4.170240102035462,-0.6992556569455282,,0.5567153792623522,0.3849855630413859
sentiment analysis,16,-4.067994235386635,-5.10151031346871,-0.848576461361364,,0.45489006823351025,0.3003003003003003
sentiment analysis,17,-4.5924567976889055,-3.8754577217377553,-0.6233932161171589,0.12945980863234818,0.3421727972626176,0.4504504504504504
sentiment analysis,18,-4.4854711701618815,-4.359314231023971,-1.004720608340469,-0.3431383808527486,0.46701692936368944,0.38167938931297707
sentiment analysis,19,-4.01680614459679,-1.6056632354301617,-0.9369860473082336,0.11362751570321561,0.44843049327354256,0.7299270072992701
sentiment analysis,20,-5.986181006948862,-3.247357356287158,-1.0233843205140762,-0.5518733168905743,0.22271714922048996,0.5164622336991608
sentiment analysis,21,-4.04070164565982,-3.153846153846154,-0.4529879133778205,-0.9987384133846098,0.4163775156141568,0.5494505494505494
sentiment analysis,22,-4.458482643754776,-4.201805851511122,-0.40661641874433063,,0.3831417624521073,0.3846153846153846
sentiment analysis,23,-5.436975303845144,-1.57605241299016,-0.3186437236094892,-0.5936681246809281,0.19267822736030826,0.7736943907156674
sentiment analysis,24,-2.9547485378887473,-5.662272682364841,0.3250005118286121,-0.7469108329993812,0.5813953488372093,0.22271714922048996
sentiment analysis,25,-2.186432666440486,-2.2806992352169684,-0.13375278303565463,0.456301511630016,0.6818181818181818,0.6863417982155113
sentiment analysis,26,-3.4416668087621756,-3.744523898637557,-0.2261877428578809,0.6729575254777143,0.5084745762711864,0.5025125628140704
sentiment analysis,27,-3.57398883594466,-4.609628854366274,-0.18373120282551203,-1.2137187085337522,0.5008347245409015,0.3392705682782019
sentiment analysis,28,-2.762885923440491,-3.5578023054486296,-0.18974700225935637,0.6007465024269949,0.6056018168054503,0.5067567567567568
sentiment analysis,29,-3.5183281731193885,-3.7103277959822236,,-0.20009393754145033,0.5085823267641449,0.4535147392290249
sentiment analysis,30,-3.0951594890111394,-4.612358639000043,-1.0021460214158548,-1.0762368270551517,0.5614035087719298,0.3813155386081983
sentiment analysis,31,-4.547790525893536,-2.689279158598749,0.14493303867666274,-1.2442900690495229,0.341296928327645,0.5802707930367504
sentiment analysis,32,-3.0948098025502326,-2.7716093126229353,-0.026986037046831113,0.6114101801949368,0.5471956224350205,0.6060606060606061
sentiment analysis,33,-2.2404914595235623,-4.440439801963429,0.21135398063219024,-0.9590857833166213,0.6722689075630252,0.38167938931297707
sentiment analysis,34,-4.139367832760384,-3.745458429102251,-0.19195311291686679,0.5599819747618042,0.3853564547206165,0.45592705167173253
sentiment analysis,35,-4.500544878887308,-2.2873312086296154,-0.8751976178273728,-0.4065660897712233,0.4163775156141568,0.6779661016949152
sentiment analysis,36,-4.3127176871347235,-4.346661071412591,-0.6619884019192956,,0.4172461752433936,0.34334763948497854
sentiment analysis,37,-3.6398961471058913,-2.453589011782867,-0.5394063774103408,-0.4173159737990595,0.4608294930875576,0.6163328197226502
sentiment analysis,38,-4.011622523744604,-4.595832842928156,0.0507542717437508,-0.9489573139313019,0.447427293064877,0.33755274261603374
sentiment analysis,39,-5.137901414228842,-4.507094011866638,-0.5043686512497823,0.12735726888701904,0.22598870056497175,0.3798670465337132
sentiment analysis,40,-3.3223610495188036,-3.625000000000001,-0.6082128688627175,-0.15815380903939746,0.5698005698005698,0.5084745762711864
sentiment analysis,41,-3.6508071958703567,-4.480896268889631,-1.1860051526950175,-0.5086112122040665,0.45610034207525657,0.3424657534246575
sentiment analysis,42,-2.923212222123196,-4.608258023609509,,-0.3456733202102815,0.6111535523300229,0.33783783783783783
sentiment analysis,43,-3.6184413831897975,-3.224445239063023,-0.6253469164888281,0.4324687972403465,0.5093378607809848,0.5123825789923142
sentiment analysis,44,-3.5074540690407146,-4.874674890801934,,-0.8449503712949127,0.5080440304826418,0.33030553261767137
sentiment analysis,45,-3.542835402937553,-4.026168586948862,0.08489197534841852,-0.19802318445372147,0.4587155963302752,0.4509582863585119
sentiment analysis,46,-2.6828305699653807,-2.596145553711939,-0.44808509323891554,-0.15603490145871923,0.6102212051868803,0.6163328197226502
sentiment analysis,47,-4.643274706497559,-3.6726166888844176,-0.3691630166625708,-0.6428180223221689,0.3418803418803419,0.4576659038901602
sentiment analysis,48,-4.791675867398968,-3.4315201291083475,-1.058473340889173,-0.9676634282614673,0.303951367781155,0.5025125628140704
sentiment analysis,49,-1.994835793357592,-6.091063394376163,-0.23127339674000646,0.3770542931199814,0.708215297450425,0.16863406408094436
biosimilar,0,-4.043477153673012,-3.7754784184438925,-0.3017276985359617,-0.13455934812654502,0.49480455220188024,0.5489478499542544
biosimilar,1,-3.203311595721351,-3.0547724062261707,-0.005750720331978876,0.09303232554685648,0.5964214711729622,0.6326253953908721
biosimilar,2,-4.932465471873575,-3.8297408596615186,-0.0345385270667129,0.3839380705384029,0.4257130693912303,0.5524861878453039
biosimilar,3,-3.6075831035825257,-3.908532355359328,-0.18542572402132784,-0.027467542769399833,0.5285412262156448,0.5436893203883495
biosimilar,4,-4.465809468640913,-3.1176914536239795,-0.03505663111947627,0.33018333414348755,0.44483985765124556,0.5970149253731343
biosimilar,5,-4.253147767479473,-3.2149908616408345,-0.27301648926956557,0.12828156243777245,0.47303689687795647,0.5758946935417524
biosimilar,6,-2.8366781006675152,-3.6114073602984367,0.13916247080908362,0.2311361179259841,0.6252791424743189,0.5437245129134571
biosimilar,7,-3.4979420863728903,-4.790766282981117,0.11095746592951572,0.03209267398367266,0.5902192242833053,0.42105263157894735
biosimilar,8,-3.393819607371247,-3.427704671606953,-0.042419981711150245,0.47743661716326424,0.5330490405117271,0.5499541704857929
biosimilar,9,-4.410536387298778,-2.7351738328911592,-0.002525452190138666,-0.26305682610790404,0.45641259698767683,0.6442705936493327
biosimilar,10,-2.829985036804222,-4.853268169870062,0.03776584228636504,-0.06740055115327803,0.6445672191528545,0.4244482173174873
biosimilar,11,-3.6954790834972475,-3.235052282032753,-0.05846890786621617,0.4548093957077147,0.5737704918032788,0.5580357142857142
biosimilar,12,-3.4696483280638883,-3.6715157343291063,0.004331298307502673,0.23862767093635462,0.5937234944868534,0.5037783375314862
biosimilar,13,-3.3141842079591335,-3.853510872451065,0.027129951846084133,-0.06867805481350608,0.5902192242833053,0.48309178743961356
biosimilar,14,-2.3696612603401146,-4.778739589740355,0.49316308143003695,-0.10240578988400445,0.6938421509106678,0.45187528242205155
biosimilar,15,-3.7393332022460757,-3.3444147786161342,0.13338789520135086,0.2439623380621121,0.5535784895215501,0.5736137667304014
biosimilar,16,-4.072020062293124,-3.1843020823477435,-0.03424493021555064,0.08915384778873148,0.5272407732864675,0.5929690808979247
biosimilar,17,-3.5139637453057606,-3.56082319308693,0.2275262388941185,0.20606168409314785,0.5068423720223011,0.5277044854881267
biosimilar,18,-3.4258031917865317,-4.198522137198004,0.023958916233545624,0.25573779572043687,0.5537974683544303,0.49900199600798406
biosimilar,19,-4.138360773067256,-2.5382689829844383,-0.023170256091383123,0.17188554788596022,0.47664442326024786,0.6386375731772219
biosimilar,20,-3.0887003231798236,-4.25706259275965,0.18969601884410514,-0.18636910838253828,0.574712643678161,0.4520795660036166
biosimilar,21,-3.7356647677261674,-3.816392741383591,0.10484682102000487,0.20476336833797804,0.5860805860805861,0.5305039787798408
biosimilar,22,-3.547043101305092,-2.9831003403486367,0.2243748760883637,-0.02038947775538058,0.5479452054794521,0.5856515373352855
biosimilar,23,-4.7174391259868145,-3.5537717930752453,-0.024937587644918713,0.6591077176180242,0.46136101499423293,0.5521811154058531
biosimilar,24,-2.7313344318187878,-3.693218361378713,0.2793477357301054,0.09352109186425384,0.6259780907668231,0.5102040816326531
biosimilar,25,-3.0155865033909404,-3.770270684999235,0.2252828858570164,-0.07611245291080981,0.6161971830985916,0.48007681228996646
biosimilar,26,-3.760684507718251,-2.6989473430528617,0.6976843143757414,0.10457972016976691,0.49554013875123887,0.6711409395973155
biosimilar,27,-3.585501991151898,-3.096606723763583,0.21813311775588728,-0.014389969236574762,0.5277044854881267,0.5760921747479597
biosimilar,28,-2.3789516665371195,-5.232097654793645,0.24178975712238726,0.23514562992559052,0.6670372429127294,0.40160642570281124
biosimilar,29,-3.713337127273881,-4.0785344418546305,0.15092653221194785,-0.012666049824931691,0.5251641137855579,0.47303689687795647
biosimilar,30,-3.885576047546266,-3.6277943484836657,-0.08406200258762586,0.41802911484156124,0.47641734159123394,0.5725971370143149
biosimilar,31,-3.6407224023854257,-4.466408205099442,-0.013477552134713244,0.3463154560777767,0.553250345781466,0.4372540445999125
biosimilar,32,-4.166495747667714,-4.816031056714926,0.1706732088588535,0.13917595835250574,0.4972650422675286,0.4050222762251924
biosimilar,33,-3.0068296519688538,-3.76563842305979,0.078643957678458,-0.08723567794060239,0.6148440931049627,0.5681818181818181
biosimilar,34,-4.094783579330496,-3.3107925954885973,0.0033494223867024386,0.31857302264493526,0.5411673753382296,0.5282620179609087
biosimilar,35,-2.947727447359783,-4.613875778884013,0.0977196993898457,0.033808645926347025,0.5976095617529881,0.4221190375685943
biosimilar,36,-4.963972767957703,-2.1571650892952072,-0.02818905940609101,-0.052901336445059344,0.36968576709796674,0.7121057985757884
biosimilar,37,-2.1249252492248223,-3.33979132189075,-0.17863234440308917,0.26199061347954533,0.6833712984054671,0.5447117566954153
biosimilar,38,-3.6079047484066518,-4.133779819151031,0.2235202221793796,-0.032720758101516534,0.5017561465127948,0.5298013245033113
biosimilar,39,-4.8912358076085205,-2.7493285159818064,0.13972353525812986,-0.031410987086033626,0.45977011494252873,0.6309148264984227
biosimilar,40,-3.6599656879825124,-4.474697015955223,0.37377853952896034,0.05594904738418849,0.5555555555555555,0.46882325363338023
biosimilar,41,-4.088104470405619,-2.360824641159587,-0.020527039931433122,-0.10896006006841341,0.5005005005005005,0.7082779991146525
biosimilar,42,-3.8156329904892896,-3.2981268192014066,0.1399451039349613,0.3186365102652391,0.5274725274725275,0.570884871550904
biosimilar,43,-3.326621955442476,-4.130570344929085,-0.2538248667183389,-0.013324986397979632,0.6170118995152049,0.45454545454545453
biosimilar,44,-3.965405573598658,-3.8977371790744613,0.3205969475375404,0.3218414834627493,0.4793863854266539,0.4739336492890995
biosimilar,45,-5.310831512560081,-2.5046825070853007,-0.07483981508451121,-0.2819393226554249,0.4063388866314506,0.6475485661424607
biosimilar,46,-4.35285750066007,-3.397088818841156,0.2567173900052404,-0.052271816307719154,0.45454545454545453,0.5517241379310345
biosimilar,47,-4.046226494206055,-2.319639431384426,0.03244093038332785,0.36225478666206434,0.5126014523707817,0.6711409395973155
biosimilar,48,-4.331264513876418,-2.186216968458695,0.24045650977926802,0.01306695521617951,0.44189129474149363,0.7088607594936709
biosimilar,49,-3.4566531481064167,-4.788201983003969,0.23836378469363584,0.030374792176696475,0.5805515239477503,0.4407227853680035
smart grid,0,-9.366748907028015,-10.027131249639709,-0.004173481578851779,0.32800676835568165,0.5923900660742766,0.5893019038984588
smart grid,1,-11.913818367776068,-10.115180450880132,-0.02575186080177372,0.6578822061783169,0.5466970387243736,0.5911778080945885
smart grid,2,-11.807402830162507,-8.87737371847965,0.4010983941302968,0.024902868716605242,0.5845323741007195,0.5937428636675041
smart grid,3,-14.584814505481104,-7.9113618665856995,-0.1723560845181445,0.42785887732951605,0.4959422903516682,0.6804264005443411
smart grid,4,-11.220194042379225,-10.582995805659621,-0.04230354247169765,0.27151684559187145,0.5447117566954153,0.5478201323898653
smart grid,5,-10.91311593868763,-10.15346165133619,0.4287670388899108,0.02774770547083888,0.5861136158701533,0.5454545454545454
smart grid,6,-8.83389668008127,-11.220813066062389,-0.17247027358300782,0.11195082105501919,0.5978385835824327,0.5854537266381447
smart grid,7,-12.54404984127887,-10.272015874397717,-0.27052958221984114,0.5699068445348837,0.5385996409335727,0.5469462169553327
smart grid,8,-10.170455910246494,-10.067407175816752,0.2950921126717633,0.040833960291869476,0.5914467697907189,0.5891683661907999
smart grid,9,-10.34706300744436,-11.278095222864438,0.23125935409922044,-0.03711171127749657,0.5453306066803,0.5863779882724401
smart grid,10,-10.578743223529061,-9.139261837168517,-0.09126672183638995,0.306848092863002,0.5890348889895786,0.5972892258212726
smart grid,11,-10.507514678369262,-9.801238778113314,0.24904208899540303,0.19031937373141772,0.5890348889895786,0.5940141649531642
smart grid,12,-9.121042073116778,-12.699607857014575,0.018177618089633224,-0.03360312041163238,0.5974264705882353,0.5436013590033976
smart grid,13,-8.87252194749073,-11.605579299250508,0.030365248316226168,-0.0012420376749437967,0.6354970494779846,0.544464609800363
smart grid,14,-8.195333290258526,-11.090701193704414,0.059539700161623355,-0.04269215702814197,0.6407322654462242,0.5862457722660653
smart grid,15,-9.394838500793483,-10.251588728065622,0.054214206307189816,0.029392137750010372,0.631768953068592,0.5465725347301299
smart grid,16,-12.410898451244325,-8.645672218049368,0.04670237394385962,0.23830796951333222,0.5445881552076243,0.6397075622572538
smart grid,17,-9.735500103636069,-9.555065413955607,-0.02948840850089718,0.11715569888110866,0.5512172714745062,0.6314839873703202
smart grid,18,-8.682119838666498,-11.090802090750708,0.4947524778196457,-0.32276500604804026,0.6407322654462242,0.5426181324892607
smart grid,19,-10.566035916207099,-10.670149439044426,0.2080762770257194,-0.2522711845891757,0.5922551252847381,0.5865102639296188
smart grid,20,-11.007715990193184,-9.246476183389888,0.10202410085189328,0.29475569133855384,0.5484460694698355,0.6344890097439383
smart grid,21,-10.08817511995569,-10.753136103137683,-0.04210021893968591,0.30389323254232165,0.5885015844273427,0.5923900660742766
smart grid,22,-10.592133891922069,-11.362523785695208,-0.31227487951882926,0.11100528441546864,0.5898366606170599,0.5433552184740774
smart grid,23,-10.398178312147813,-10.583704831450946,0.3832577507262862,-0.12350534233819549,0.5895691609977324,0.5494505494505495
smart grid,24,-10.64113446068028,-12.978685015995646,0.4465034113477754,0.06751336269254599,0.545950864422202,0.5420054200542005
smart grid,25,-10.421502048963104,-12.110037095061971,0.581534466210841,0.018470935669284372,0.5910434189588543,0.5438477226376615
smart grid,26,-10.15086303047305,-11.17303719945278,-0.04138378890723238,0.09686898337173849,0.5903723887375114,0.506795669200645
smart grid,27,-10.570941426921305,-8.881796836685988,-0.21012819247710895,0.02738681622438216,0.5873051728032527,0.5948295584534431
smart grid,28,-9.582513553948402,-9.510540837761232,0.24051829206431313,0.14293505759726344,0.5503324925475809,0.6353528477422282
smart grid,29,-11.336034879496063,-10.349373475350097,0.384323845808482,0.24060618308238607,0.5036630036630036,0.5903723887375114
smart grid,30,-9.546025277339803,-10.274276284132858,0.09747277206345856,-0.1376033505138023,0.6307726965532777,0.5913122583579714
smart grid,31,-10.610123765899711,-10.257431723587699,-0.31886837353417746,0.3726179304834647,0.5493247882810712,0.588768115942029
smart grid,32,-10.727334857417373,-13.559442554006873,0.37381399069203636,0.27328290210961975,0.5490734385724091,0.5383580080753702
smart grid,33,-11.482452496242567,-9.372484190515939,-0.05037478070726589,0.09926675683792108,0.5445881552076243,0.6336275175379046
smart grid,34,-7.759540358728047,-11.975668535528191,-0.06537578572051683,0.18399151383496862,0.681663258350375,0.5006827492034593
smart grid,35,-11.750046957620802,-9.607333273013776,0.016746371733264764,0.1356225362941762,0.5878363101966991,0.587437867148667
smart grid,36,-10.302163039000943,-11.242573325701185,0.19594736484272418,0.0378704802086218,0.5890348889895786,0.5475701574264202
smart grid,37,-7.305369330337213,-13.147358607361022,0.5208005056963215,-0.106491589748094,0.6422018348623852,0.5413940897811865
smart grid,38,-10.706467457778794,-8.129463769655468,0.0006033197167741033,0.4264774094504728,0.5877034358047016,0.6367978166931999
smart grid,39,-9.800316958248562,-11.651162790697674,0.1941097408030854,0.16682116463051255,0.5914467697907189,0.5449591280653951
smart grid,40,-11.023681580098676,-8.249378476614574,0.3243224913581653,-0.07086146287100303,0.5851901868107134,0.6381039197812215
smart grid,41,-10.43504823817351,-9.278891425539827,0.32601314245080665,-0.1720608504850466,0.5476951163852122,0.5936073059360731
smart grid,42,-9.060581247656124,-10.187212244229986,0.2044309847322946,-0.2996560965475947,0.5957836846929423,0.549702244617499
smart grid,43,-7.844915951384976,-12.233493806486994,0.061329182698236895,-0.13036326737698667,0.6448641179180101,0.5412719891745602
smart grid,44,-11.721102185938063,-11.73029215071952,0.089030870461409,0.13975560235215467,0.6263982102908277,0.5007967220578192
smart grid,45,-11.231220958328276,-10.088449676785528,-0.1274204438024391,0.3163397521609783,0.545950864422202,0.5910434189588543
smart grid,46,-8.674537495898809,-13.466446860283643,0.19452969113808166,-0.013380112201934025,0.6386861313868613,0.49706281066425667
smart grid,47,-12.16651170959521,-9.955676951280351,0.265179148834873,-0.2716540476683534,0.5058634168774431,0.631911532385466
smart grid,48,-11.05770524750687,-9.408703562537509,0.2158662618089801,0.15094230782135254,0.5854537266381447,0.5940141649531642
smart grid,49,-10.656813732830805,-10.31291574110044,0.1547896572698419,-0.22888300751136176,0.5894355021537067,0.5911778080945885
cancer stem cell,0,-7.032178159855585,-7.851707198386477,-0.4326521175100899,-0.12859131285956926,0.36674816625916873,0.27609055770292656
cancer stem cell,1,-6.216625977189453,-7.450531300965499,-0.4079693087008667,0.019828890490554807,0.3616636528028933,0.3393665158371041
cancer stem cell,2,-7.670420528862051,-6.649995166009636,-0.27361235339596646,-0.3878344867386383,0.2363367799113737,0.3541912632821723
cancer stem cell,3,-6.852771286735052,-5.971658792567282,-0.27274102955033697,-0.373369072587294,0.3550295857988166,0.4221954161640531
cancer stem cell,4,-7.075203146934292,-7.1849163060148395,-0.32670032644772684,-0.720139961179987,0.35304501323918797,0.30469226081657524
cancer stem cell,5,-5.475209217845942,-7.211100518582393,-0.08012059686197381,-0.589846384438999,0.4514672686230249,0.3023888720895071
cancer stem cell,6,-7.346545168923121,-7.021305851130919,-0.3396669418820768,-0.17255412708451834,0.29664787896766537,0.3077870113881194
cancer stem cell,7,-7.490800145488491,-7.02666667489579,-0.2326574037952116,-0.4050239142063169,0.28826751225136926,0.3121098626716604
cancer stem cell,8,-6.725097660929241,-7.156042535273934,-0.44699019325276734,-0.4949217275669675,0.3045066991473812,0.34344590726960506
cancer stem cell,9,-7.184163820670823,-5.615547817787556,-0.2160232896916674,-0.4646427546821552,0.3287671232876712,0.4381846635367762
cancer stem cell,10,-6.8076851148478585,-6.471910884625477,0.010358869936328174,-0.5029669832268875,0.354924578527063,0.4034582132564841
cancer stem cell,11,-7.23851086922997,-5.9483335044484855,-0.4900916098700925,-0.06765122901517562,0.3225806451612903,0.3773584905660377
cancer stem cell,12,-6.401100759799986,-7.003157770210346,-0.8121700855818932,-0.4206753863584276,0.3574620196604111,0.34572169403630076
cancer stem cell,13,-6.7971656998514725,-6.6562052720340805,-0.50036610328285,-0.12894037373079525,0.30312215822976657,0.3444316877152698
cancer stem cell,14,-7.294345419475058,-6.219916616629282,0.11725069378913955,-0.5529275896738812,0.30665440049064707,0.40509259259259256
cancer stem cell,15,-5.533524009463801,-7.30108982251287,-0.36793859784407923,-0.3978622239311076,0.4735128736312519,0.3026634382566586
cancer stem cell,16,-7.323943713270298,-6.405383223786938,-0.12169818106567853,-0.19812287706611542,0.25157232704402516,0.35778175313059035
cancer stem cell,17,-6.7358791296061264,-6.864716625308373,-0.5329388034113347,-0.0295952914458264,0.30404378230465184,0.3544004725339634
cancer stem cell,18,-6.716188100260684,-6.080354537119619,-0.5880180270584199,-0.4021410452882208,0.3084515731030228,0.3472222222222222
cancer stem cell,19,-6.575513732078762,-6.2186122645254445,-0.8758454437221854,-0.4625472058207616,0.36319612590799033,0.40149125322626905
cancer stem cell,20,-8.164638308508778,-6.6761640759105765,-0.05735342232390028,-0.5353619068022248,0.24821594787465098,0.3518029903254178
cancer stem cell,21,-5.933830618840536,-6.882323432346281,-0.33756649431621666,-0.056261317726660875,0.36297640653357527,0.2933411557641537
cancer stem cell,22,-7.133079633460968,-6.903473277858352,-0.7054569896626919,-0.4994900760198304,0.34934497816593885,0.31928480204342274
cancer stem cell,23,-8.031293163681152,-6.187176388819586,-0.43549777576834314,-0.6227495241061731,0.3387916431394692,0.36220947781466944
cancer stem cell,24,-6.70738234282597,-6.857798340027569,-0.3111905810865485,-0.3009186334104357,0.34914169333721273,0.3551346552234389
cancer stem cell,25,-6.93309179277049,-6.566158649163978,-0.483032278690374,-0.3488014868370497,0.34334763948497854,0.30367446097783174
cancer stem cell,26,-7.826604009249781,-6.285938550177886,-0.5182595514336796,-0.03567006742462708,0.2960331557134399,0.3640776699029126
cancer stem cell,27,-7.231973579473141,-6.822968381567097,-0.6979196463225883,-0.2823298456324632,0.24301336573511542,0.3510825043885313
cancer stem cell,28,-7.362980767197898,-7.2224516888240915,-0.5321809474952366,0.0854040787557293,0.24592683676606208,0.2962085308056872
cancer stem cell,29,-6.682651699107784,-7.005992433511329,-0.6467624297830743,-0.11619095924530098,0.34904013961605584,0.29463759575721865
cancer stem cell,30,-6.423766670114136,-7.497520685738945,-0.24907896812042685,-0.5471689142294394,0.35118525021949076,0.2916302128900554
cancer stem cell,31,-6.412586108451431,-6.839529041729147,-0.37961747038151117,0.06895348880265906,0.40840140023337224,0.30111412225233364
cancer stem cell,32,-7.747432787900043,-6.605758630924599,-0.4016284689006151,-0.6298244795498362,0.2379535990481856,0.4055619930475087
cancer stem cell,33,-5.446184974663986,-6.5482615798710135,-0.6630385298446395,-0.12849855273669952,0.45610034207525657,0.30646644192460926
cancer stem cell,34,-6.232905470005889,-7.599482984608383,-0.13586348107434065,-0.7896912462857895,0.3544004725339634,0.28216704288939054
cancer stem cell,35,-6.886220825231968,-6.01497983710149,-0.6451460298317777,-0.12298098579086925,0.33444816053511706,0.3715170278637771
cancer stem cell,36,-8.472166825414602,-6.140066003186526,-0.6042367941758084,-0.01617417134057142,0.27540622418066646,0.3730183400683867
cancer stem cell,37,-7.404360971988654,-5.434742226448558,-0.5401524977497623,-0.20761877730587108,0.2857142857142857,0.3735990037359901
cancer stem cell,38,-7.3766765567673795,-6.714662753258748,-0.47330358961238606,-0.20574868819176118,0.28977108084613157,0.3535651149086624
cancer stem cell,39,-8.401016188914332,-6.4215483382712675,-1.0207503850834518,-0.233088765787534,0.29222676797194624,0.30988534242330334
cancer stem cell,40,-6.773165695758849,-7.12801337118644,-0.3507715939398419,0.03390769637498958,0.3450258769407705,0.3023888720895071
cancer stem cell,41,-7.795938260641885,-7.150056860704235,-0.550149107174885,0.16253341358892937,0.2344665885111372,0.3502626970227671
cancer stem cell,42,-6.701151606570405,-6.471277547736755,-0.04846907534405154,-0.5117572501091812,0.34393809114359414,0.3450258769407705
cancer stem cell,43,-7.534964614633264,-7.226723210579352,-0.6875608178293746,-0.3878973092443869,0.3474232773595831,0.29420417769932333
cancer stem cell,44,-5.765583343455743,-7.157479427134098,-0.07522468550217098,-0.12600237032957984,0.3853564547206166,0.2874389192296637
cancer stem cell,45,-7.106547209710084,-6.6084486139343905,-0.22213631622612784,-0.2923546246062332,0.29708853238265004,0.357355568790947
cancer stem cell,46,-7.193541301554362,-6.972162412946849,-0.5631280931033267,-0.6040200368678015,0.2936857562408223,0.35693039857227843
cancer stem cell,47,-6.920135988786075,-6.220953010567783,-0.5270579528038071,-0.0345918012132993,0.35128805620608905,0.3110419906687403
cancer stem cell,48,-7.270121829851267,-6.057219425583181,0.006309049053446758,-0.443717561944023,0.30478512648582745,0.3938115330520394
cancer stem cell,49,-5.877285601290643,-7.058026922312144,0.001955757566420413,-0.4355751625895614,0.4243710215216732,0.3353828954723309
crowdsourcing,0,-6.607324210277477,-4.277156333565382,0.05979046442207414,-0.027773105672171283,0.5895357406042742,0.7613609326671424
crowdsourcing,1,-6.626072223658632,-6.585432880466336,0.14202630477722222,0.1139990994286384,0.5798502053636144,0.5850804485616772
crowdsourcing,2,-5.131917265936702,-7.527891505701284,0.03842355375720152,0.007637387608916857,0.71616137502984,0.5301204819277109
crowdsourcing,3,-4.927397218814305,-7.132406799407309,0.047316614909467924,0.2501802151987724,0.7189072609633358,0.5460412012906428
crowdsourcing,4,-7.018632054916439,-3.6541998952769736,-0.195685655826643,0.017834454983378212,0.5843681519357194,0.797373358348968
crowdsourcing,5,-3.845415081582554,-4.788629374773453,-0.1939324895526564,-0.1446121727727513,0.7683073229291717,0.732421875
crowdsourcing,6,-4.00260183492496,-7.963450571967245,-0.10476296059888002,-0.11401995755257488,0.7714561234329798,0.5707491082045185
crowdsourcing,7,-7.293513036362335,-4.505289120431666,0.019459367519010673,0.18005726349634776,0.5732027704800573,0.7216742843396681
crowdsourcing,8,-3.787367930919287,-5.592855306584501,0.08639541913181004,0.2063080839558895,0.7729468599033816,0.668417283361184
crowdsourcing,9,-7.891088156610632,-6.467539123808723,0.22212319269587744,0.31880911116399,0.6174305390643553,0.6316812439261419
crowdsourcing,10,-3.774949178636239,-8.350721210743334,-0.04821190411035259,-0.05276458066566736,0.7712701855868884,0.4922471080482402
crowdsourcing,11,-6.3769134600835535,-5.851774845847175,-0.16806309818761633,0.030530069411146,0.6229036895064686,0.6309148264984227
crowdsourcing,12,-5.774597291660918,-5.336271408932061,-0.3404678461930992,-0.23528925190433947,0.6695361071257772,0.6801068739373329
crowdsourcing,13,-6.5765843709561045,-5.071513400056108,-0.12312473415238623,0.004043497128621176,0.5825242718446602,0.7129277566539924
crowdsourcing,14,-5.016190004591348,-6.189413365706761,0.5678325692226283,-0.3651107145748689,0.6779661016949153,0.6704980842911877
crowdsourcing,15,-6.557659771525311,-4.892759613279785,-0.16840766174966193,0.29531567362557065,0.6251502765087761,0.6761651774933591
crowdsourcing,16,-6.885577199128413,-5.468273918765869,0.27241978704992365,0.05191728395015238,0.6293875574921326,0.678952473326867
crowdsourcing,17,-6.000772329614127,-5.600429355708075,0.006812533769512963,0.38317631291165166,0.6246996636232581,0.6725918808551525
crowdsourcing,18,-5.807152092012068,-6.310798768235559,-0.014254416537585746,-0.15606825526447465,0.6407097092163627,0.6191950464396284
crowdsourcing,19,-5.4589684452894565,-6.045959682312316,0.0742303393491992,-0.2060162618652679,0.6466053220591892,0.66429418742586
crowdsourcing,20,-5.693525699225173,-4.514893972032022,0.14538598756639542,-0.010038386299378477,0.671462829736211,0.716674629718108
crowdsourcing,21,-6.475825245616748,-5.38878663063079,0.2305933640293243,0.08854627672832327,0.6281710558105823,0.6668254346272922
crowdsourcing,22,-5.46307764829536,-5.399100760065608,0.09850332500407943,-0.005062787527762458,0.681265206812652,0.7092198581560284
crowdsourcing,23,-6.59376366077698,-6.084398485608058,0.17265083635708434,0.21969952305400475,0.5847953216374269,0.6647673314339981
crowdsourcing,24,-6.189190051993564,-6.267090988082114,-0.01468735288653411,-0.005058443879521146,0.6299975769323963,0.6272617611580217
crowdsourcing,25,-5.4446983641603275,-5.90783923857874,0.15763025376516104,0.1642470959895188,0.6750241080038574,0.6669842782277275
crowdsourcing,26,-2.6080525816380025,-5.4637600667122435,0.008875766707667432,-0.21718299710406908,0.861656294877932,0.6704980842911877
crowdsourcing,27,-4.730193295717438,-5.187727853615169,0.031041685558943155,0.007434094385599055,0.7255139056831922,0.6716238906212522
crowdsourcing,28,-7.030049867312601,-4.768168864672673,0.1481455410020981,-0.13859037194865143,0.6168446026097272,0.7190795781399808
crowdsourcing,29,-6.0439213683871165,-4.63254834855295,-0.04359374674486427,0.11371158074014165,0.6635071090047393,0.7263922518159807
crowdsourcing,30,-4.08248290463863,-5.508206073166591,-0.25068709608415973,0.020457947562712464,0.7619047619047619,0.6725918808551525
crowdsourcing,31,-5.049581215596002,-7.736759624841149,0.34303790282952296,0.003075991490170238,0.7270964614638876,0.5737508964857758
crowdsourcing,32,-5.505699098564737,-6.829731820549645,-0.06801588128157088,0.348965289485774,0.7102272727272727,0.5828071879553182
crowdsourcing,33,-2.788638776690097,-6.5969699382110125,0.06939849032305101,0.07569308060676416,0.8555133079847909,0.6269592476489029
crowdsourcing,34,-4.74555393889363,-6.092060543430446,0.036228686760459095,-0.37475173802614803,0.7263922518159807,0.627564566739078
crowdsourcing,35,-6.1613001481776015,-4.59832527526638,0.2506361935322,0.02377159347325819,0.6277160791887977,0.7550731477111845
crowdsourcing,36,-4.327529495585619,-4.9188181250000405,0.25458768793397235,-0.08459052194128258,0.704757110495847,0.7098911500236631
crowdsourcing,37,-6.3259607509364955,-5.8918830363717944,0.11949682793502858,0.03858227004531234,0.6330654979303628,0.6660323501427212
crowdsourcing,38,-4.610342801812978,-6.661141260507145,-0.017193773617300567,0.06194701831749827,0.7518796992481203,0.627867664815262
crowdsourcing,39,-6.591268550033648,-4.191212838814196,0.06152000746195918,0.14946165876349982,0.6189002618424185,0.7352941176470589
crowdsourcing,40,-4.1311694487473005,-7.07571705926955,0.14163321782412164,0.26864862817414636,0.765733429050012,0.5823829167677748
crowdsourcing,41,-7.003569625778286,-6.370826270113833,-0.07739682820332217,0.09443130440625624,0.5752636625119847,0.6238003838771593
crowdsourcing,42,-5.718847605384772,-6.543642436808627,-0.051036536751033146,0.24939692190426843,0.6708193579300431,0.5899705014749262
crowdsourcing,43,-5.086119907135197,-6.97121124449182,-0.01249481482685566,0.14075239214440938,0.6738868832731649,0.5799903334944417
crowdsourcing,44,-6.718307327675655,-2.3987729154442663,-0.19004283433832692,0.06233206521875778,0.656968559361802,0.8476689104961357
crowdsourcing,45,-5.1461076137370165,-6.019566644706122,-0.08463997692985403,-0.16830626728605946,0.7215007215007215,0.6786233640329618
crowdsourcing,46,-3.1099045567488255,-8.0439284293165,-0.07229789258821206,0.221702001595649,0.8232445520581114,0.5382921458282359
crowdsourcing,47,-5.794569832387908,-4.698608632023214,0.13016766089256415,-0.29427353867896966,0.6703375628441465,0.7232401157184186
crowdsourcing,48,-4.447121095193272,-4.668197941631908,0.023954264429141392,-0.3304973551698097,0.7299270072992701,0.7276255154014069
crowdsourcing,49,-5.247490639544367,-4.467606867892678,-0.03781202853187138,0.22275522216061105,0.7183908045977012,0.7286859363614282
microbial fuel cell,0,-3.5316838909944774,-3.526360225470296,0.23279777217512176,-0.2599103481855187,0.5067567567567568,0.5089058524173028
microbial fuel cell,1,-2.845204239729619,-2.8908529609113707,0.1895194770785199,-0.23590869032525952,0.5797101449275363,0.5780346820809248
microbial fuel cell,2,-4.1929771768336455,-4.515601640324095,0.01782710614932237,-0.09389232326004626,0.44296788482835,0.33783783783783783
microbial fuel cell,3,-4.2916305395008765,-3.4438709659680353,0.14557533548135848,0.45375643468228244,0.3857280617164899,0.5097706032285472
microbial fuel cell,4,-3.485392128672955,-2.8024420185749372,-0.12223497813471562,-0.16036695841554627,0.4626060138781804,0.5571030640668524
microbial fuel cell,5,-3.752384139819039,-3.567546952843115,0.2627644693872242,-0.2126440744126611,0.45558086560364464,0.39331366764995085
microbial fuel cell,6,-4.292851200376204,-3.130495168499705,0.5054021686708107,-0.11592550768728294,0.3827751196172249,0.5172413793103449
microbial fuel cell,7,-2.820013576733009,-4.052372003419388,-0.14979852289653173,0.11360176350726159,0.5791505791505792,0.38910505836575876
microbial fuel cell,8,-3.9255935135977755,-3.0999031961884436,0.08372048772722507,-0.2402853542814386,0.3475238922675934,0.5808325266214908
microbial fuel cell,9,-5.041294608193662,-3.9242004459424487,-0.19547129578471767,-0.1717669920971665,0.3780718336483932,0.45180722891566266
microbial fuel cell,10,-4.0220374706883755,-3.8276623120758866,0.2837175443608485,-0.179206394435511,0.3913894324853229,0.5046257359125316
microbial fuel cell,11,-3.7544082062073314,-3.8052735459303,0.43949925159117853,-0.507330758342374,0.3917727717923604,0.45300113250283125
microbial fuel cell,12,-2.458382448491383,-4.998931998828273,-0.3743896414202821,-0.551665246087679,0.6644518272425249,0.3065134099616858
microbial fuel cell,13,-2.84182096388618,-3.9137709432534096,0.09872376783691172,0.1317922118092485,0.5547850208044383,0.45627376425855515
microbial fuel cell,14,-2.7958303505148616,-4.329745073959954,0.18718512933032172,-0.230958883097941,0.5785920925747349,0.3879728419010669
microbial fuel cell,15,-4.447497735076464,-4.5621056412333765,0.3343365868929198,-0.2909446691335996,0.44296788482835,0.38095238095238093
microbial fuel cell,16,-3.885952770018906,-4.557952542701465,0.17184090970164534,-0.3010807769898748,0.449438202247191,0.33812341504649196
microbial fuel cell,17,-4.942945406334521,-3.8228281670075748,-0.5222100514465875,0.013592615614279158,0.27548209366391185,0.4552352048558422
microbial fuel cell,18,-3.3216848383544235,-4.506499485879248,0.037526322610266005,-0.3828462021212887,0.45662100456621,0.3404255319148936
microbial fuel cell,19,-2.9991363585032347,-3.36039086535658,-0.18793961557455696,-0.9928619585113111,0.5785920925747349,0.46332046332046334
microbial fuel cell,20,-2.81583538739908,-4.194721984017634,-0.1373938113770744,-0.34414062049706906,0.5741626794258373,0.3868471953578337
microbial fuel cell,21,-3.81790530116574,-3.952288297160476,0.03456579149106653,-0.7875586763252335,0.4514672686230249,0.45558086560364464
microbial fuel cell,22,-2.76180767112022,-3.8676910918347764,-0.3751360021161947,-0.1369956932862172,0.5836575875486382,0.45627376425855515
microbial fuel cell,23,-3.419593260536593,-4.552276561638079,-0.40801163667894147,0.12007121468358217,0.5097706032285472,0.3835091083413231
microbial fuel cell,24,-5.094341481954422,-3.0801121349566754,-0.26267169599885287,0.14229400645270096,0.3336113427856547,0.5502063273727649
microbial fuel cell,25,-2.8224694778944452,-4.00663985896628,0.13417286356240543,-0.8427577431622497,0.5802707930367504,0.3853564547206165
microbial fuel cell,26,-4.533082888924895,-2.787161140548218,-0.07739342058575249,-0.4122337953129226,0.41237113402061853,0.5842259006815969
microbial fuel cell,27,-2.1991852917364763,-4.033072995726787,0.3492193224075604,-0.27630134158165187,0.6764374295377679,0.4576659038901602
microbial fuel cell,28,-3.9765247395161607,-3.972022529670718,1.0675581053053091,-0.8947319200124126,0.3883495145631068,0.5025125628140704
microbial fuel cell,29,-3.5661620320716922,-4.206223685374778,-0.33322830273969173,-0.607492602182209,0.5046257359125316,0.3849855630413859
microbial fuel cell,30,-3.8830331400369795,-3.9413919529084454,-0.808266910675647,-0.1710548709924714,0.4590665646518745,0.4489337822671156
microbial fuel cell,31,-3.1034995297456227,-3.9675045855776365,-0.36763404695026014,-0.5717037455164501,0.5813953488372093,0.45977011494252873
microbial fuel cell,32,-4.238783461915501,-2.6524470517256384,0.49415548689342037,-0.0032528318369693388,0.4487658937920718,0.5830903790087464
microbial fuel cell,33,-4.070560056411476,-4.216169151799718,-0.6429257186593464,-0.21242910747385924,0.3902439024390244,0.4454342984409799
microbial fuel cell,34,-4.250435368972077,-3.4053927464579,-0.21407692866251993,-0.056628525805701546,0.3879728419010669,0.5037783375314862
microbial fuel cell,35,-4.270159101862229,-2.794315683487713,0.5216429052848194,-0.8376696819223657,0.3868471953578337,0.5859375
microbial fuel cell,36,-3.409457679268664,-4.576010592516617,-0.008500133800985354,0.22609630920649448,0.5080440304826418,0.38204393505253104
microbial fuel cell,37,-2.3985779467966353,-4.2701591018622285,0.04123982640954038,0.006325360823835502,0.6734006734006734,0.3868471953578337
microbial fuel cell,38,-4.100959313712111,-4.185751827154987,-0.28023551346198683,-0.5777358971584239,0.3849855630413859,0.390625
microbial fuel cell,39,-5.046768046176278,-2.57289637530388,0.5967644294267651,-0.7941160782696665,0.3048780487804878,0.5571030640668524
microbial fuel cell,40,-4.609628854366274,-2.2934341151000623,-0.31108449317297016,-0.3007665860836719,0.3392705682782019,0.6749156355455568
microbial fuel cell,41,-2.9801182254052994,-3.8017621819504273,-0.1913414862081192,-0.24301746643575006,0.5808325266214908,0.46118370484242893
microbial fuel cell,42,-3.822577703839575,-3.312142355912663,0.04707931701372958,-0.08028809114107427,0.4509582863585119,0.5089058524173028
microbial fuel cell,43,-4.522622252426201,-3.2215107538736123,-0.024270217762137447,0.03352175926678869,0.3372681281618887,0.570884871550904
microbial fuel cell,44,-3.013846875769659,-4.483462929902906,-0.5815741152935173,0.8696711670490975,0.5725190839694656,0.41067761806981523
microbial fuel cell,45,-5.252257314388903,-3.625392581999078,0.607590402688633,-0.4281570978121789,0.3333333333333333,0.4535147392290249
microbial fuel cell,46,-3.4936660155770354,-3.109074954989514,-0.1650205749884177,-0.17045842264603528,0.4509582863585119,0.5136986301369864
microbial fuel cell,47,-3.618757375368815,-4.651412416694022,0.2717912987452493,-0.32349803471974947,0.5004170141784821,0.33585222502099077
microbial fuel cell,48,-3.87795030348561,-4.22737334231902,0.3547782147597718,-0.3160179746776337,0.3902439024390244,0.4204625087596356
microbial fuel cell,49,-3.2483139771889102,-3.912272013713662,0.021405452452270213,-0.2069540712713709,0.5136986301369864,0.4439511653718091
DNA barcoding,0,-10.836541233886003,-8.51599057099797,-0.09597213431690449,-0.4508083666475211,0.19905449116695698,0.2620545073375262
DNA barcoding,1,-9.811815416362977,-8.54556269292573,-0.7256865223114346,-0.10811901243575368,0.16366612111292964,0.26350461133069825
DNA barcoding,2,-9.96160550413879,-8.35374336181201,-0.20335598782341024,-0.36149760612166537,0.15735641227380015,0.26638252530633993
DNA barcoding,3,-9.219357446380846,-10.10733611317901,-0.16454509570376402,-0.6404906028322356,0.16042780748663102,0.20294266869609334
DNA barcoding,4,-9.453155087333519,-9.095593237614523,-0.17285006106667988,-0.33345216801038335,0.16008537886873,0.2605523710265763
DNA barcoding,5,-9.617562628003212,-8.108160243854417,-0.23753997996490406,-0.46099782032574865,0.2163331530557058,0.26260504201680673
DNA barcoding,6,-10.860929728038712,-7.784252084219951,-0.18816761416108407,-0.5001983124258,0.10501443948542924,0.26824034334763946
DNA barcoding,7,-9.318530488295526,-8.030768801323383,-0.3730620041389737,-0.29206293408555395,0.19831432821021316,0.23350846468184472
DNA barcoding,8,-9.114934769028393,-9.662819399127642,-0.27657381779073564,-0.10082700099210168,0.3110419906687403,0.2061855670103093
DNA barcoding,9,-9.376232412816476,-8.59394065861186,-0.25277813271563637,-0.625792985722582,0.21085925144965736,0.25131942699170645
DNA barcoding,10,-8.732960061725276,-8.90980138604735,-0.4024523603655855,-0.6339578989402194,0.2631578947368421,0.21650879566982406
DNA barcoding,11,-8.339885952454411,-8.360526479073622,-0.3891156815960476,-0.4188265688486991,0.21863897239682972,0.25753283543651817
DNA barcoding,12,-9.57136701841456,-7.35843334069639,-0.6542525120843649,-0.22264983089314708,0.1554001554001554,0.31940377961139205
DNA barcoding,13,-9.012371245937787,-8.009114795113172,-0.2985965921768169,-0.503422770175498,0.2618486514794449,0.2630194634402946
DNA barcoding,14,-10.165233556665967,-9.098469811021582,-0.30256051818459706,-0.28542147307056276,0.1549186676994578,0.2600780234070221
DNA barcoding,15,-8.731909567728094,-9.15217249211062,-0.10747683918872213,-0.3936092829314316,0.2649708532061473,0.2199010445299615
DNA barcoding,16,-9.454279157259657,-9.469844641701902,-0.2694574839077814,-0.44223178292056364,0.2484472049689441,0.21169621593014026
DNA barcoding,17,-8.812210370980647,-9.730731926427419,-0.2397015067887589,-0.39527515776192546,0.3161222339304531,0.20476068594829794
DNA barcoding,18,-9.817539031340253,-8.499346720955455,-0.09385062005793826,0.15633850422344364,0.16308779559662953,0.2724053391446472
DNA barcoding,19,-9.837977170840542,-9.346790919913671,-0.1911969968520279,-0.2647855381623056,0.21447721179624665,0.25290844714213456
DNA barcoding,20,-7.552583023102096,-8.378707452039842,-0.3101793349032499,0.05204701754476071,0.27374760470845877,0.30753459764223473
DNA barcoding,21,-8.989415101037675,-8.36925251360793,-0.27261289480607315,-0.256723429446642,0.2587991718426501,0.26702269692923897
DNA barcoding,22,-7.924571020058246,-10.883560844876877,-0.6711083679347971,0.128218872033428,0.2703433360367667,0.15271061338763045
DNA barcoding,23,-10.129452490354863,-8.956114686522993,-0.44579650056563336,-0.05085638316443672,0.16220600162206,0.3057324840764331
DNA barcoding,24,-8.013778418943671,-9.354833784154119,-0.423005482066635,-0.24139790130006433,0.22850614110254214,0.2061855670103093
DNA barcoding,25,-8.720861041671338,-9.686488233546898,0.01585652808879312,-0.0924120158036871,0.21887824897400823,0.2577319587628866
DNA barcoding,26,-8.904352717075652,-9.57911369936865,-0.42523988507036786,-0.3119320847904006,0.16506189821182943,0.20299416391778738
DNA barcoding,27,-7.6843745521359255,-9.289916931107355,-0.6124545773696333,-0.2446602241922789,0.26688017080330934,0.21551724137931036
DNA barcoding,28,-9.21295741795273,-8.857771881200515,-0.2451852135369148,-0.267503008390165,0.21242697822623474,0.20806241872561768
DNA barcoding,29,-8.390806297900951,-8.18260954172935,-0.07424929429725591,-0.5490515195278012,0.22117777163395078,0.31356153645152857
DNA barcoding,30,-9.120990477122186,-7.86354938370716,-0.46639314488919326,-0.323132897027767,0.21691973969631234,0.2648305084745763
DNA barcoding,31,-8.643557630083682,-8.887028532944127,-0.47129140354113297,-0.1914700909392149,0.2695417789757412,0.20518081559374196
DNA barcoding,32,-7.526805002382781,-8.903464048747328,-0.14923267065061868,-0.16401674772344071,0.32994226010448174,0.26239832065074786
DNA barcoding,33,-8.630197614531179,-8.771654557183728,-0.2781607107131475,-0.8461860428706451,0.3014318010550113,0.2202036884117809
DNA barcoding,34,-8.700454264181158,-9.244604626373087,-0.4324337383675435,-0.19514432398511897,0.2200825309491059,0.26089225150013046
DNA barcoding,35,-8.201368741941241,-9.120179816348232,-0.30912157053101763,-0.08934090374909029,0.2628120893561104,0.2593360995850622
DNA barcoding,36,-10.910478353826583,-8.834154141503038,-0.5297105836474596,-0.08980959585869952,0.2008536279186543,0.16662038322688144
DNA barcoding,37,-10.99934839936297,-7.463674746616858,-0.15649513420824504,-0.5953432893721955,0.15082956259426847,0.31729243786356426
DNA barcoding,38,-9.58790088751436,-7.943361298905813,-0.07561618646801038,-0.3635038145724348,0.1554001554001554,0.3297609233305853
DNA barcoding,39,-7.942494395233937,-9.243405707330325,-0.168120579743223,-0.3477716089776651,0.27151778441487917,0.21063717746182203
DNA barcoding,40,-8.506572279374142,-8.46237943631223,-0.16254707019766618,-0.3180471753991501,0.1680672268907563,0.26441036488630354
DNA barcoding,41,-8.466451180528006,-9.253017584824136,-0.4685802600871505,-0.11880485656516915,0.3114456267843239,0.2647603918453799
DNA barcoding,42,-7.430478728472051,-9.79123803866559,-0.191977571833642,-0.3187081223263905,0.32432432432432434,0.21350413664264745
DNA barcoding,43,-8.29102967962175,-8.964315292316874,-0.38584119614882495,-0.08312474809384734,0.2637826431020839,0.2145347278090641
DNA barcoding,44,-9.110149436130781,-8.823903680119816,-0.3500464910927629,-0.013919129790531837,0.1625575724735844,0.26702269692923897
DNA barcoding,45,-10.456258094238747,-8.252710083719274,-0.5197896576735933,-0.2911151414851244,0.15463917525773196,0.32059845044082286
DNA barcoding,46,-7.68524339442044,-9.29910596083134,-0.28339264955024246,-0.6203283736333235,0.2724795640326975,0.30007501875468867
DNA barcoding,47,-9.035663022496438,-10.502201310288143,-0.5670619194946607,-0.21324345745374237,0.17191977077363899,0.20268558398783887
DNA barcoding,48,-8.822688307738037,-8.972542877468234,-0.34699301140779226,-0.09778897915851664,0.30364372469635625,0.22415242364808072
DNA barcoding,49,-9.18121101075263,-8.588672544186897,-0.4021636462264405,-0.2967161326198059,0.16242555495397942,0.2558199027884369
pandemic H1N1,0,-6.269714802261512,-6.092004816644961,-0.07294989916154526,0.01871337481915042,0.697188008366256,0.6619385342789599
pandemic H1N1,1,-7.5282191109559,-5.607071636464849,-0.0162057635782442,-0.03739954853966462,0.6459054209919262,0.7339449541284403
pandemic H1N1,2,-6.634628860908559,-7.460993636567453,0.07476236177828213,-0.012681409045250974,0.6950880444856349,0.6479981485767183
pandemic H1N1,3,-7.029984996027488,-4.986827309219088,0.022588639459498627,-0.07462555269079102,0.6520726595249186,0.7447056085641145
pandemic H1N1,4,-7.726063275122255,-6.89327136395372,-0.045063959531777026,-0.16044441934077666,0.6453099792578935,0.6551240056153486
pandemic H1N1,5,-7.292912378767375,-6.40638457642587,0.11770007047222755,0.018817189402444576,0.6540527914038775,0.6928406466512702
pandemic H1N1,6,-5.481559436265107,-9.377379210258335,-0.36827429076060936,0.23072134292549373,0.7422871723498028,0.5590496156533893
pandemic H1N1,7,-8.327595744610395,-5.926181899152314,-0.008653252763259012,0.127833088028995,0.6022700949733611,0.7002801120448179
pandemic H1N1,8,-6.287281685395776,-4.98530978183684,0.07299588689185921,-0.1741422301269762,0.6958942240779402,0.7481879822305354
pandemic H1N1,9,-5.739601347850165,-7.41207191220003,-0.22092145503017596,0.12752181752730377,0.7015902712815716,0.6516174074936002
pandemic H1N1,10,-8.036559301601425,-7.8185820515462945,0.24758204811893392,-0.15021665649990806,0.6045105789351314,0.650104481077316
pandemic H1N1,11,-6.442959344118266,-5.398244429472307,-0.11586351087617754,0.03992571664331676,0.6965405154399814,0.7077140835102619
pandemic H1N1,12,-6.988456837237123,-5.7314462473686705,-0.06527694824942525,-0.08713377211184042,0.6525285481239804,0.7344503098462245
pandemic H1N1,13,-7.542791440924833,-7.091637573018072,-0.11655755096147391,0.15372672448597002,0.6478482184173994,0.6510113926993722
pandemic H1N1,14,-6.388738132611322,-8.22792656597052,-0.15254375846766335,0.1363404559492901,0.6510113926993722,0.5651047798445962
pandemic H1N1,15,-5.3290793695817475,-6.9205504174451375,0.048925412895087866,0.06466564402828265,0.7429765498026468,0.6516174074936002
pandemic H1N1,16,-6.097206592632562,-6.162542306559427,-0.2356028710556555,-0.006496462189194446,0.6915629322268326,0.696217219772569
pandemic H1N1,17,-5.512057413956209,-7.888244473357788,0.13032325701467984,0.06232437469579201,0.7386888273314866,0.6060606060606061
pandemic H1N1,18,-5.7143478726974894,-6.062103609045159,-0.23144108141484146,0.0002982079419045769,0.6979990693345742,0.6986492780624127
pandemic H1N1,19,-7.078989187171283,-8.12815473278487,-0.14049564601096465,-0.020761235168234263,0.6496519721577726,0.6067677946324387
pandemic H1N1,20,-6.547124772980635,-5.527707983925667,0.0765799924788304,-0.007662127524889123,0.6983240223463687,0.7441860465116279
pandemic H1N1,21,-5.707286294122524,-7.725790590195695,0.07733042174107316,0.009877537225141356,0.7397133610725845,0.6479981485767183
pandemic H1N1,22,-5.6937058299818135,-8.206930641157092,-0.21332968741423375,-0.14826259083499618,0.7015902712815716,0.6066262249183387
pandemic H1N1,23,-6.610555192282853,-7.618200925771725,0.14773361255355555,-0.12474926410321141,0.6936416184971098,0.6472491909385114
pandemic H1N1,24,-5.330931892420776,-6.948288094468967,-0.36370991835301336,0.23381772857096594,0.7029053420805998,0.6507088078085057
pandemic H1N1,25,-6.854115217382644,-6.0147527400033285,-0.051122076424236676,-0.16811116443943316,0.653289780681288,0.6996268656716418
pandemic H1N1,26,-6.558762906084192,-7.635861348211099,0.03430119288215862,-0.15168166892195536,0.6914035492048859,0.6137865911237016
pandemic H1N1,27,-6.066576709135856,-7.36630013679234,-0.1625616753058362,0.2798542380802261,0.6627218934911243,0.6539000467071462
pandemic H1N1,28,-7.367572000513911,-6.396148791506773,0.19124400626102875,-0.18451429153163762,0.6519208381839348,0.6954102920723226
pandemic H1N1,29,-5.968030772738007,-5.901081569078097,-0.10880630867390584,0.03826005098612041,0.7009345794392524,0.6989748369058714
pandemic H1N1,30,-8.841683399922646,-8.079953642884192,-0.3527466621139652,0.2730795136220965,0.5586592178770949,0.6460544531610521
pandemic H1N1,31,-7.794563700063781,-7.441628195506063,-0.20998001934687707,0.2501708437044041,0.644122383252818,0.6498027384543977
pandemic H1N1,32,-6.900648862110253,-6.054528955441054,-0.05320100742296502,0.12004446577126802,0.687757909215956,0.6611570247933884
pandemic H1N1,33,-6.620523056281334,-5.21373907636635,0.0721727849527165,-0.003851705974267497,0.6525285481239804,0.7481879822305354
pandemic H1N1,34,-6.803015210604393,-6.769974620046782,0.09743363978405484,-0.26707849927919114,0.6499535747446611,0.650104481077316
pandemic H1N1,35,-7.279479767680751,-7.611938375960228,0.009788787963304735,0.010794860346838159,0.6481481481481481,0.6493506493506493
pandemic H1N1,36,-8.333351834250015,-5.493383339914298,-0.1895230107532494,0.19784811390758095,0.6062019118675682,0.702247191011236
pandemic H1N1,37,-7.624136080920393,-7.263573623628924,0.09897946547412782,0.040953664538455975,0.6451612903225806,0.6484483557202408
pandemic H1N1,38,-5.562251618530631,-7.529714034515463,0.1341057569648977,-0.010305334187337312,0.7364787111622554,0.6063432835820896
pandemic H1N1,39,-6.572865098884969,-8.856768331444206,0.06388977809266427,-0.3349943467095813,0.6589785831960461,0.5997693194925029
pandemic H1N1,40,-6.44812161408705,-5.5927248531492655,-0.18534528289226299,-0.026768108936115823,0.6931608133086876,0.7077140835102619
pandemic H1N1,41,-7.1770774578004115,-6.764594960246505,-0.22624394461861963,0.011304309642550248,0.6526806526806527,0.6502554575011611
pandemic H1N1,42,-6.848873772205181,-6.39547099225336,-0.1184491809540558,-0.08510967180176207,0.6890215893431327,0.6606890042472864
pandemic H1N1,43,-7.817034681704007,-6.54972884714223,-0.05065087638591756,-0.06327258096801415,0.5643075476134494,0.6910850034554251
pandemic H1N1,44,-6.40013640119482,-6.088559771873369,-0.048658737613553354,-0.10797220249789052,0.6595995288574793,0.7371573370191201
pandemic H1N1,45,-7.926290870042667,-5.938574464184706,-0.08957760565126366,0.05746580737842913,0.6046511627906976,0.735632183908046
pandemic H1N1,46,-6.351023984769725,-5.856865300522063,0.2128608080356523,0.09187719195238314,0.6965405154399814,0.7055503292568203
pandemic H1N1,47,-8.391063588395703,-5.43292163371685,-0.44624522333616745,-0.02758070401453401,0.6423491626519844,0.702247191011236
pandemic H1N1,48,-7.851229392750695,-8.824127921080356,0.051076038649835134,-0.013717969116901513,0.6062019118675682,0.5996309963099631
pandemic H1N1,49,-6.283052288857024,-6.659180387891125,0.01410825132737964,0.09594536762908928,0.6537473733364464,0.6939625260235948
latent Dirichlet allocation,0,-0.6305993542151141,-2.0911271890041006,,,0.9049773755656109,0.6779661016949153
latent Dirichlet allocation,1,0.4034732923929648,-3.704051835490427,,,1.048951048951049,0.449438202247191
latent Dirichlet allocation,2,,-3.747123653219176,0.11437136842027695,,,0.449438202247191
latent Dirichlet allocation,3,-4.603380231468803,,-0.9785811004913134,,0.3805899143672693,
latent Dirichlet allocation,4,-2.2306330094353144,-3.4027789134185435,-0.6503673247863496,,0.672645739910314,0.502092050209205
latent Dirichlet allocation,5,-3.0022213997860536,,-0.13370246097371785,,0.6060606060606061,
latent Dirichlet allocation,6,-2.1880890226596406,-2.2505344087620984,,,0.6902502157031924,0.7029876977152899
latent Dirichlet allocation,7,-2.9022637723905027,-1.1840515612132116,,,0.5449591280653951,0.8264462809917356
latent Dirichlet allocation,8,-3.1144635978135824,-3.080616184861622,,,0.5486968449931413,0.5769230769230769
latent Dirichlet allocation,9,-1.7559435311866387,-3.9098139279433823,-0.9643013916668739,,0.7670182166826462,0.447427293064877
latent Dirichlet allocation,10,-3.56314178209029,0.4764387316651271,,,0.4514672686230249,1.0657193605683837
latent Dirichlet allocation,11,-4.323819299614087,,,,0.38204393505253104,
latent Dirichlet allocation,12,,-2.21768542741543,,-0.5483614367224383,,0.6741573033707865
latent Dirichlet allocation,13,-2.5929975633687676,-1.167696584270123,,,0.5825242718446602,0.8241758241758241
latent Dirichlet allocation,14,-3.2911640807302986,-2.2998495985826177,,-0.5489608973762108,0.5464480874316939,0.6741573033707865
latent Dirichlet allocation,15,-2.3130935144143443,,,,0.672645739910314,
latent Dirichlet allocation,16,-2.185504952491704,,-0.8386397826098981,,0.6762468300929839,
latent Dirichlet allocation,17,-4.816989706290483,-2.4442607136980796,,,0.3508771929824561,0.6791171477079797
latent Dirichlet allocation,18,,-3.4626618660431476,,,,0.5106382978723404
latent Dirichlet allocation,19,,-3.891558834864428,,0.5075370129228871,,0.4489337822671156
latent Dirichlet allocation,20,-4.365641250653994,-2.338905880215194,,,0.35714285714285715,0.6980802792321117
latent Dirichlet allocation,21,-2.011311228069957,-2.531285722198782,-0.7968956877860689,,0.700770847932726,0.6980802792321117
latent Dirichlet allocation,22,-3.2480463306772367,,,,0.5457025920873124,
latent Dirichlet allocation,23,0.546535725000021,-2.9568742072932057,,,1.0830324909747293,0.5563282336578581
latent Dirichlet allocation,24,-0.7269004605005994,,,0.006757983856785499,0.9009009009009008,
latent Dirichlet allocation,25,,-2.7085447224413173,,,,0.5785920925747349
latent Dirichlet allocation,26,-1.5652173913043483,-4.31461728331993,,,0.8064516129032258,0.44296788482835
latent Dirichlet allocation,27,,,-0.692945209374999,,,
latent Dirichlet allocation,28,-3.319709905040274,-3.5231798525567943,0.07526497096474816,,0.5676442762535477,0.49916805324459235
latent Dirichlet allocation,29,,-3.233862228962407,,,,0.5398110661268556
latent Dirichlet allocation,30,-2.2024179949612432,-3.1137540626791593,,,0.6795016987542469,0.54421768707483
latent Dirichlet allocation,31,-4.525483399593904,,-0.4517202120901904,,0.3846153846153846,
latent Dirichlet allocation,32,-3.3196468812634015,,,,0.5093378607809848,
latent Dirichlet allocation,33,-5.554069227589357,-1.6081397166635734,,-0.6356883063064975,0.2724795640326976,0.7640878701050621
latent Dirichlet allocation,34,-4.887717061591522,,,,0.3325020781379884,
latent Dirichlet allocation,35,0.3692744729379985,-1.335037100203513,,,1.0416666666666667,0.819672131147541
latent Dirichlet allocation,36,-1.2599458547300013,-3.563017041676405,,,0.819672131147541,0.5093378607809848
latent Dirichlet allocation,37,,,,,,
latent Dirichlet allocation,38,-0.7907562887984084,-2.531285722198782,,,0.8968609865470852,0.6980802792321117
latent Dirichlet allocation,39,-3.6254201271302775,0.6261879661168148,,,0.5383580080753702,1.08843537414966
latent Dirichlet allocation,40,-5.338520681993806,-1.1420402004402403,-0.8105675346095944,,0.2710027100271003,0.823045267489712
latent Dirichlet allocation,41,-2.198560052660469,-2.915094041437838,,,0.6734006734006734,0.5774783445620789
latent Dirichlet allocation,42,-2.468020795142281,-5.180739309281296,,,0.6586169045005489,0.2717391304347826
latent Dirichlet allocation,43,-3.5715740415725694,,,0.12010893985795035,0.5420054200542006,
latent Dirichlet allocation,44,-1.9402850002906635,-2.4659848095803594,,-0.8803679450649283,0.7142857142857143,0.6666666666666666
latent Dirichlet allocation,45,-0.556319206164213,,,,0.9142857142857143,
latent Dirichlet allocation,46,,-2.9067264130926938,,0.5056625855565822,,0.6028636021100227
latent Dirichlet allocation,47,,-2.609045468151035,,,,0.6607929515418502
latent Dirichlet allocation,48,-3.718239757371162,-1.1443202445866718,,,0.45248868778280543,0.8264462809917356
latent Dirichlet allocation,49,-1.230769230769231,-2.862047054160274,,,0.8241758241758241,0.5741626794258373
social tagging,0,-4.761716600346486,-6.141673235285082,-0.023429377380307148,0.39057744171096953,0.42771599657827203,0.28520499108734404
social tagging,1,-4.749530709242962,-6.355209473705591,0.42454497884259756,0.23404196002423194,0.4405286343612335,0.3462603878116344
social tagging,2,-4.032674315097138,-6.713735263289793,0.14028732022944457,0.14963947969743652,0.49689440993788825,0.22329735764793449
social tagging,3,-5.517978130395437,-4.485322250522113,0.23814707071767072,0.6736401321840377,0.37481259370314846,0.399002493765586
social tagging,4,-5.382568693786369,-4.715180148035568,0.6822149447076787,0.2252738230776965,0.2843601895734597,0.4731328151402501
social tagging,5,-6.089375888110042,-5.167901625147986,0.3516198165571982,0.2172809889032783,0.350754121360926,0.3937007874015748
social tagging,6,-4.991959127408979,-5.615059172904577,0.22720096346160856,0.3273719603593286,0.44843049327354256,0.2971768202080238
social tagging,7,-5.340393737043357,-5.070445164378222,-0.16961753673541335,0.6491790685590568,0.35778175313059035,0.350109409190372
social tagging,8,-5.4714919006081395,-6.426878893094518,0.37510114750688195,0.434285360110532,0.35100035100035104,0.25412960609911056
social tagging,9,-6.254311366647664,-5.111192990419237,0.28088098644217796,0.3841440359388184,0.23952095808383234,0.423728813559322
social tagging,10,-5.6166075548407575,-4.261117878658805,,0.5364111194919865,0.36818851251840945,0.49607275733774286
social tagging,11,-5.3241717429731645,-3.967798176564571,0.28572914588125964,0.32099006077094316,0.32323232323232326,0.5606166783461808
social tagging,12,-5.0283832253613445,-5.598396960954041,0.41785289655892854,0.29190287399497694,0.39416633819471814,0.3469210754553339
social tagging,13,-5.221155267574944,-4.581297609393412,0.19282005473734487,0.2200345422250034,0.36954915003695493,0.4266211604095563
social tagging,14,-4.91101880353855,-5.998580061069577,0.6437176328512259,0.1972067847679967,0.40899795501022496,0.25369978858350956
social tagging,15,-6.492678851770718,-4.587526385495403,0.22039946597594662,0.2478102540146997,0.24164317358034637,0.461716044632551
social tagging,16,-5.26043550769154,-4.553580383366116,0.5038785342767165,0.08712870139464834,0.3274662300450266,0.46118370484242893
social tagging,17,-5.105130521385224,-5.459459985335602,0.20333906907924293,0.6136845904583426,0.43811610076670315,0.33044196612969845
social tagging,18,-4.3424302502830345,-5.039630077518639,0.5421263816395027,0.2371585197786915,0.40966816878328555,0.41987403778866345
social tagging,19,-5.7187648176705945,-5.951103107675244,0.2514632824791415,0.61063656294605,0.3194888178913738,0.3427592116538132
social tagging,20,-5.736874154745374,-4.718530643680291,0.09359835153970275,0.2733282465551804,0.3115264797507788,0.5054151624548736
social tagging,21,-5.725259319362895,-4.832306805518357,0.210242165272444,0.776229370396855,0.317334391114637,0.4103405826836274
social tagging,22,-4.97551866949086,-5.396013986144025,0.7141178970603244,0.0873608692429414,0.3668042182485099,0.3570153516601214
social tagging,23,-4.169137789415653,-6.667582307978338,-0.08171916081686537,-0.011068837045910329,0.55577610162763,0.23455824863174357
social tagging,24,-5.987189064157213,-4.297014436577062,0.6863206345851396,-0.03834645148853433,0.2376237623762376,0.4962779156327543
social tagging,25,-4.349565102115395,-6.082805838623314,0.28738038465740345,0.23453666654303085,0.4291845493562232,0.24630541871921183
social tagging,26,-4.660066132965983,-4.666205791344319,0.23242190946642471,-0.09835733113003675,0.4595940252776714,0.4001600640256103
social tagging,27,-5.629770941913538,-4.68433264958225,0.5114148946531984,0.09986429415419462,0.3012048192771084,0.44020542920029343
social tagging,28,-5.348305381137674,-4.627132978877568,0.5014878460575769,0.3128155537213493,0.3394145099703012,0.4941757853865161
social tagging,29,-5.559621771168525,-5.243132868701743,,0.08285743706458182,0.33030553261767137,0.3949447077409163
social tagging,30,-3.6464375515401937,-5.031521539181042,0.3242179312957325,0.22156767876011374,0.5707297187117815,0.3855050115651503
social tagging,31,-6.487527301109269,-3.6065576065001874,0.8039420780315829,0.2374775083387919,0.2546689303904924,0.5716619028174765
social tagging,32,-5.44897677769972,-5.938122691180861,0.6144216536321555,0.06680193253689004,0.39619651347068147,0.3029155622870125
social tagging,33,-5.865007307884825,-4.189407824690666,0.3976936826406008,0.3639248271272859,0.2916514764855997,0.48681541582150106
social tagging,34,-4.746317932734319,-6.325717563668492,-0.11838744412145674,0.5438572314949195,0.4519774011299435,0.2426202992317024
social tagging,35,-5.036772951473795,-5.401890137080957,0.54641860664429,0.39751872659167375,0.36714089031665903,0.3640334910811795
social tagging,36,-5.770750063696208,-5.015471731464964,0.2585633587549966,0.3033195452683821,0.354924578527063,0.38699690402476783
social tagging,37,-3.617712625777376,-5.711361341164329,0.6384534313673883,0.3344312290089657,0.5330964015992892,0.33647375504710636
social tagging,38,-5.143815740501034,-5.223105745176263,0.23886995279728973,-0.18228252832598235,0.375234521575985,0.3329171868497711
social tagging,39,-4.671425202556981,-5.952291064733237,0.13996452637533074,0.26261257747648903,0.47468354430379744,0.23990403838464613
social tagging,40,-5.531675654860965,-5.512597936702892,0.38295989749745163,0.16572816649585087,0.3352891869237217,0.32948929159802304
social tagging,41,-4.309566877375159,-5.045243379650661,-0.1143598167228379,1.1098561266983684,0.5145167217934583,0.33741037536904256
social tagging,42,-5.014517034255891,-6.15664901662699,1.1764101268553038,-0.0323186125853,0.3476749239461104,0.30143180105501133
social tagging,43,-5.128508677702242,-5.811771644611916,0.3156539451079132,0.055961801578480075,0.3408606731998296,0.36310820624546114
social tagging,44,-5.461336567986447,-5.5024998812282835,0.2616680195543173,0.3510807529106217,0.42659082829719164,0.3673094582185491
social tagging,45,-5.80513939280726,-4.6433830327145404,0.2190353777155004,0.11526643901537947,0.3192338387869114,0.44926993635342566
social tagging,46,-4.537948917062795,-4.966908021710869,0.12733488747486754,0.0450754524568866,0.4626060138781804,0.43494019572308806
social tagging,47,-4.997139295830485,-4.743640341117276,0.7355553797720427,0.05033207323054367,0.41562759767248547,0.4449388209121246
social tagging,48,-4.935819976516537,-5.0433403451641805,0.3632972870692718,0.9374942917890228,0.35149384885764495,0.3770739064856712
social tagging,49,-7.157845535657939,-5.466387304417521,-0.10459313230429435,0.6869041316872736,0.23464998044583496,0.3277345350266284
synthetic biology,0,-0.6578580641604709,-1.4711595423320538,-0.9332035551632427,-0.14932298193067173,0.9128630705394191,0.8281573498964804
synthetic biology,1,-1.5742637060236961,-1.6932309889383155,-0.5313153749303103,-0.07312593947712409,0.8210180623973727,0.7698887938408897
synthetic biology,2,-1.4000303003865826,-2.471963470409008,-0.4454247284587206,0.08117874630156652,0.840042002100105,0.7050528789659224
synthetic biology,3,-1.6233411141932632,-0.9651812634444726,-0.4845602216762799,-0.03277437679814499,0.7984031936127745,0.8849557522123894
synthetic biology,4,-1.973200070575338,-1.589445403966127,0.38206091358326055,-0.6346750741694318,0.7563025210084033,0.8079324274697025
synthetic biology,5,-2.0377270300388477,-2.5571044263261418,-0.2568760857461332,-0.2622892197611886,0.7363092498849516,0.7222824124232574
synthetic biology,6,-1.7974944240304997,-0.7288759876532868,-0.13751742460997507,-0.5405338534574272,0.7819287576020851,0.9084027252081756
synthetic biology,7,-2.6481314464168815,-0.9087588770566224,-0.5227312550177007,-0.4452478289267293,0.6811409110259685,0.8972267536704731
synthetic biology,8,-1.849138567661325,-1.5619159804946496,-0.917099256524352,-0.4781909856226815,0.7902298850574713,0.8193363375665711
synthetic biology,9,-0.875195489923565,-2.4806728498348165,0.05885629438240736,-0.49516670256659445,0.8941877794336811,0.7500852369587454
synthetic biology,10,-1.9577362998836567,-1.4109515269638038,0.09127682031628193,-0.41974008971236654,0.778816199376947,0.8237232289950577
synthetic biology,11,-3.6980345503081256,-1.29385114785923,-0.30754310833404264,-0.23129578767912007,0.5816368923971749,0.8309098462816784
synthetic biology,12,-1.4420545465396704,-2.908502941734351,-0.21953931680968652,-0.3935522699399542,0.8192990441511152,0.6392329204954055
synthetic biology,13,-1.2481005441262416,-2.6975748118587046,0.19609366999397493,-0.5194039556153752,0.8464794151596768,0.6888633754305397
synthetic biology,14,-2.0472933100296715,-1.7181967057222218,-0.5078409508117236,-0.16433698967422772,0.7490636704119851,0.7703418391911411
synthetic biology,15,-1.285458184146041,-1.684415279010671,-0.5329271452459033,-0.23432974246434868,0.8449514152936206,0.8035355564483728
synthetic biology,16,-1.7596893646222949,-3.0437102370296003,-0.5163389381083144,-0.43489284668793504,0.8021390374331551,0.6595822645657751
synthetic biology,17,-1.5660467916464522,-2.146718890402936,-0.5059070149859781,-0.319501376427886,0.8178438661710038,0.7137192704203014
synthetic biology,18,-1.1490005745004306,-1.9549344509427915,-0.07550219010372383,-0.58906168277324,0.8517228029423152,0.7725321888412017
synthetic biology,19,-1.1239775651765094,-2.261164974754591,0.16644812501645245,-0.6109158138880891,0.8598452278589853,0.7186489399928135
synthetic biology,20,-1.9977044355344056,-1.6463952666005017,-0.5391540982780466,-0.17037093358764333,0.7585335018963337,0.8184523809523809
synthetic biology,21,-2.2310153792806795,-1.6036677204387486,-0.882223088521184,0.002158898484769467,0.7217321571772253,0.7977662544874352
synthetic biology,22,-2.2304523629861763,-1.1526616504510496,-0.25057908332045065,-0.11602917199448548,0.7558578987150415,0.8434370057986295
synthetic biology,23,-2.1846290418262524,-1.812330467565507,-0.07651942725353411,-0.3239451769400895,0.7607192254495159,0.7655502392344498
synthetic biology,24,-0.4627249968907194,-2.158289575555488,-0.31064037042515424,-0.4797653144086713,0.946236559139785,0.7346938775510204
synthetic biology,25,-1.3465973525690715,-1.470949323356498,-1.0464710674124884,-0.2591782804885904,0.8309098462816784,0.7950530035335689
synthetic biology,26,-2.403907186620504,-0.978148147527882,-0.3229819781076929,-0.3061186992856493,0.7168458781362007,0.8806693086745927
synthetic biology,27,-2.154306031374678,-2.2914486935617497,-0.7096442953580163,-0.1733278832120526,0.7295466388744137,0.759589821496392
synthetic biology,28,-2.334350238438855,-0.7643879080022244,-0.27313097931470975,-0.15844492130895027,0.7427413909520594,0.8923591745677636
synthetic biology,29,-3.020889815978876,-0.711536745296064,-0.7272692373928773,-0.6666073824097728,0.6426276329882185,0.9086778736937755
synthetic biology,30,-0.8340360973874237,-2.5119910959819536,-0.19364894887066153,-0.41265104217106696,0.9118541033434651,0.7005253940455342
synthetic biology,31,-1.5518404292276822,-2.249185785027383,-0.7279130468195947,-0.08412210919247132,0.8053691275167785,0.735023888276369
synthetic biology,32,-0.7894947778993967,-2.3455152189058275,-0.18269200734635427,-0.35989706972942537,0.9064688916357644,0.6875805758487323
synthetic biology,33,-2.78633873172051,-0.40143711232439955,-0.41080059222532184,-0.3538617003311184,0.7177814029363785,0.9483667017913593
synthetic biology,34,-1.7477778238391317,-1.6301889161207828,-0.5980740527481201,-0.2629788209211067,0.8035355564483728,0.7987220447284346
synthetic biology,35,-1.745200972068421,-2.869198169636591,0.17051223578559782,-0.8589572504733123,0.8091210003677822,0.665083135391924
synthetic biology,36,-1.1554412649013857,-2.324632036924192,-0.27389971300579785,-0.45019017831483166,0.8637612877895564,0.7393715341959335
synthetic biology,37,-2.457754580539221,-2.400238083428987,-0.5962128053111827,-0.15437905210347136,0.7101642254771415,0.7171314741035856
synthetic biology,38,-0.612293373990515,-2.243358161317325,0.17550192929613795,-0.39950572663739503,0.9259259259259258,0.7266855066612838
synthetic biology,39,-1.9396610370693645,-2.333099177527143,-0.37905346984172694,-0.3422553972138066,0.7818052594171997,0.7104795737122558
synthetic biology,40,-2.231627048728451,-1.2831502215776158,-0.5041715030779161,0.30895498368589625,0.7535795026375283,0.8463817181548879
synthetic biology,41,-2.0409346347432247,-2.2328000216297053,-0.24331424561719683,-0.5738174583156006,0.755984880302394,0.7336757153338224
synthetic biology,42,-1.7272457661740643,-2.405480725508464,-0.5688329590740262,-0.8906911763583341,0.8093889113719142,0.7050528789659224
synthetic biology,43,-3.22959963412106,-0.6807456457050172,0.013240715841827844,-0.6328594783397677,0.6698920729438035,0.9132420091324202
synthetic biology,44,-3.642371905849514,-0.8226035963188317,-0.36088589384751724,-0.22241671456356182,0.5927180355630821,0.9057971014492754
synthetic biology,45,-0.4042269822788388,-3.4929576059174683,-0.33674116385239816,-0.7403043296821588,0.9496676163342831,0.6017299736743137
synthetic biology,46,-2.775447256007888,-1.4753633094093483,-0.24696328731832828,-0.5595118394273529,0.6851661527920521,0.8179959100204499
synthetic biology,47,-2.7143669629901925,-1.6004609991611998,-0.4577915975517515,0.012124805248461934,0.6688963210702341,0.8148148148148148
synthetic biology,48,-2.957635307884889,-0.9845835121901978,-0.28189241463576464,-0.5954967026822954,0.6156552330694811,0.8821170809943865
synthetic biology,49,-0.87486747730811,-1.6277107456972648,-0.6343040029890226,-0.4936711899531323,0.9071877180739707,0.796812749003984
long noncoding RNA,0,-4.338757330385098,-4.806633824355936,-0.2501678400153453,,0.3826530612244898,0.3548196333530455
long noncoding RNA,1,-4.938941166048513,-4.700814160652033,,-0.3222473938866499,0.3582089552238806,0.3623188405797102
long noncoding RNA,2,-4.324773672869543,-3.668040816485223,-0.37121457263421354,,0.3856041131105398,0.4590665646518745
long noncoding RNA,3,-4.318286733915213,-4.044327820341251,,-0.018242113751154143,0.38486209108402825,0.41753653444676414
long noncoding RNA,4,-5.663071700157727,-4.220908391955096,0.0887888594067281,0.1858089854358851,0.3047232097511427,0.3861003861003861
long noncoding RNA,5,-5.431380433455048,-3.362017532323326,0.35463479721915725,0.16551799224933528,0.2873563218390805,0.4713275726630008
long noncoding RNA,6,-4.342584363803587,-4.5438091008632115,0.23598999717905844,0.11240090665434099,0.3856041131105398,0.3616636528028933
long noncoding RNA,7,-5.517190765180586,-4.903331965895808,-0.0938768636432652,,0.25839793281653745,0.3391746749576031
long noncoding RNA,8,-4.2472168581700736,-5.0990241600849995,0.4895707872178696,,0.38986354775828463,0.31864046733935214
long noncoding RNA,9,-4.995217285773328,-5.089743542347056,-0.08051799795733827,0.16302999375108707,0.31931878658861096,0.2599090318388564
long noncoding RNA,10,-4.44164953588276,-4.129094021298325,-0.3040781870524947,0.5948357827341337,0.3654080389768575,0.42134831460674155
long noncoding RNA,11,-4.248050156184079,-4.478331744299775,0.24055088590062312,0.28046660072369445,0.3853564547206166,0.3616636528028933
long noncoding RNA,12,-4.749171751199678,-5.026048998044221,,-0.2532940055944144,0.33994334277620397,0.3548196333530455
long noncoding RNA,13,-4.563039080307661,-4.67741689207706,,-0.42114529632823405,0.41379310344827586,0.3418803418803419
long noncoding RNA,14,-4.901708611177657,-4.198758984319058,0.13807328639441563,0.12560298202248266,0.36385688295936935,0.4163775156141568
long noncoding RNA,15,-4.90244504215033,-4.034217203874423,0.31462572350013307,0.43136618737119514,0.3605769230769231,0.4552352048558422
long noncoding RNA,16,-4.383605170148695,-4.976908169903053,0.30411887466612075,0.3364946139448528,0.39267015706806285,0.31762837480148226
long noncoding RNA,17,-4.585776368944773,-4.921505464936228,-0.09168089319403228,,0.3853564547206166,0.3361344537815126
long noncoding RNA,18,-5.084825328503913,-4.774987871358099,-0.46486905622706476,,0.3196590303676079,0.3367003367003367
long noncoding RNA,19,-4.128469840175949,-5.436220897529803,-0.25578861415747745,,0.418702023726448,0.3059663437021928
long noncoding RNA,20,-5.793398419493333,-4.228628367181547,,-0.4381098526341367,0.2960039467192896,0.38634900193174504
long noncoding RNA,21,-5.0827376367196875,-4.360073687737732,-0.31510448178063566,,0.3198294243070362,0.3849855630413859
long noncoding RNA,22,-4.798165820499672,-3.9669502993951347,0.017021589918729596,,0.2805049088359046,0.4143646408839779
long noncoding RNA,23,-3.9288062731558133,-5.595275468076975,-0.26265166433469367,,0.42016806722689076,0.25839793281653745
long noncoding RNA,24,-5.212227306746808,-3.15087343234427,0.08163770611978616,0.30411171748679733,0.32345013477088946,0.5115089514066496
long noncoding RNA,25,-4.349575475051263,-4.447977849735111,,-0.10170948006515967,0.3931847968545216,0.3843689942344651
long noncoding RNA,26,-4.581759392306704,-4.525274362061202,0.18064140860121558,0.10233168572603568,0.34032898468519573,0.3656307129798903
long noncoding RNA,27,-4.298253902086426,-4.897942067871049,0.4450113599213732,-0.03561647168482596,0.4135079255685734,0.33994334277620397
long noncoding RNA,28,-4.820509864115218,-4.916271547022536,0.21954677646551612,-0.03020783685862649,0.35799522673031026,0.3584229390681004
long noncoding RNA,29,-4.936113399762221,-3.3186683055156165,-0.202685111751018,,0.3412969283276451,0.5128205128205129
long noncoding RNA,30,-4.783759373285471,-3.964596793493241,-0.1951547330790233,,0.3409090909090909,0.42613636363636365
long noncoding RNA,31,-4.342584363803587,-5.16316340667676,,-0.2379819721704437,0.3856041131105398,0.30364372469635625
long noncoding RNA,32,-5.031375932673492,-3.686384613760064,-0.012136562058764344,,0.3179650238473768,0.5025125628140704
long noncoding RNA,33,-4.544937844520065,-5.238288633375042,-0.07427176966275395,,0.38734667527437056,0.3361344537815126
long noncoding RNA,34,-4.473375288806105,-5.009304925811048,0.5433722199558695,-0.1187465931299041,0.3870967741935484,0.3607937462417318
long noncoding RNA,35,-4.796829590142874,-5.935766429285367,,-0.06113756290212513,0.3623188405797102,0.30045067601402103
long noncoding RNA,36,-4.243741654031384,-4.6739664593214,-0.14901849466341655,0.26858993447074875,0.3694581280788178,0.3868471953578337
long noncoding RNA,37,-5.046283701454143,-4.065879562682951,-0.33876090979406603,,0.35629453681710216,0.4231311706629055
long noncoding RNA,38,-4.82106722249223,-4.196627513394981,-0.5870050074727491,,0.32206119162640906,0.4158004158004158
long noncoding RNA,39,-4.286691328210209,-4.721509425958306,,-0.6034222790075046,0.39087947882736157,0.33860045146726864
long noncoding RNA,40,-4.255788509644277,-5.416965151298435,-0.14192569282443768,,0.4118050789293068,0.24390243902439027
long noncoding RNA,41,-4.695969161317906,-4.00452702957965,-0.09955850467979332,,0.3843689942344651,0.3828972559029994
long noncoding RNA,42,-4.239621231106707,-4.2147461281413765,0.033272851331685116,0.7023018818688622,0.3814367450731087,0.34071550255536626
long noncoding RNA,43,-4.490176389541813,-5.551605302160181,0.1842662255120393,0.19050314355185938,0.3893575600259572,0.3070624360286592
long noncoding RNA,44,-4.764015944973523,-3.643838894664356,-0.2820694371073036,,0.3603603603603604,0.4618937644341801
long noncoding RNA,45,-3.9907823693177598,-6.196265216484702,,-0.18734807494549388,0.4234297812279464,0.22197558268590456
long noncoding RNA,46,-4.67368488688408,-4.586522172639167,0.11994369478296196,0.10760446716968453,0.3665241295051924,0.38486209108402825
long noncoding RNA,47,-4.558028632951226,-5.692664229493388,0.25086987724890175,0.034026172704864965,0.4192872117400419,0.2763703362505758
long noncoding RNA,48,-5.706686354785579,-4.123613345142493,,-0.12027844224036377,0.27535566773749426,0.42075736325385693
long noncoding RNA,49,-5.094731501369974,-4.757308955663969,0.11153230231818845,,0.2791346824842987,0.4135079255685734
comparative effectiveness research,0,-7.659117017699472,-7.576981485118923,0.029181389464876056,-0.02742118144072992,0.3691983122362869,0.4590665646518745
comparative effectiveness research,1,-8.74231809992308,-6.8231501645523185,0.17073673647927248,-0.15612353063196083,0.40910253132191254,0.508646998982706
comparative effectiveness research,2,-7.581779441620882,-8.63922004908813,-0.07076294775606196,0.09412862435060743,0.4259850905218317,0.4025157232704403
comparative effectiveness research,3,-7.530878747915696,-6.800000000000001,0.05939561743873387,0.0418567278021786,0.42976094547408006,0.46875
comparative effectiveness research,4,-8.350449273222635,-8.684015585024822,-0.17663965872767734,0.05392460436418309,0.36988110964332893,0.3633532312483779
comparative effectiveness research,5,-6.662277924751941,-9.322367418028044,-0.15971047000913757,-0.008768939906998252,0.4713275726630008,0.3982080637132902
comparative effectiveness research,6,-7.500740537855736,-7.652384004103831,-0.015088883634534762,-0.18423182263185925,0.45535036681001767,0.4624871531346351
comparative effectiveness research,7,-7.320232696276295,-7.786698563345079,0.166377027804419,-0.17169564997492215,0.4734350341925302,0.4559270516717326
comparative effectiveness research,8,-7.5360368413984125,-7.372994664871771,0.022498759519458324,-0.018290871719891105,0.46047582501918644,0.4228329809725158
comparative effectiveness research,9,-8.592882356464152,-7.726297566402303,0.008263734456336685,-0.10256203826567485,0.4065040650406504,0.41205253669842906
comparative effectiveness research,10,-6.073615586397114,-8.390620781934627,0.07704378705034817,-0.01688669720008438,0.4810261892036344,0.4068141367912535
comparative effectiveness research,11,-8.703016761014581,-5.943899542688665,-0.24170549734129912,0.1315453023177806,0.35668789808917195,0.5377789728421619
comparative effectiveness research,12,-7.598419746010105,-8.251059560968532,-0.028562974099800464,-0.10572762988612748,0.45988758303525806,0.3722414251528849
comparative effectiveness research,13,-6.304388493472774,-8.421298228903,-0.07721524323664229,0.013889095963378041,0.5259006047856954,0.4023133014835303
comparative effectiveness research,14,-8.584510850558937,-7.841650841043372,0.05378550838789032,-0.2354039687166572,0.45317220543806647,0.36803364879074657
comparative effectiveness research,15,-6.370697346421923,-8.197249701391597,0.015816069069233704,-0.0007314157644654762,0.5254860746190225,0.4144004144004144
comparative effectiveness research,16,-7.714275671750095,-7.141565212165975,-0.06013429541548545,-0.10907195158312508,0.4465393202679236,0.4302231782737295
comparative effectiveness research,17,-8.403789402065408,-6.722528910166488,-0.15160266803783243,0.1704356038649011,0.41120534566949374,0.47355958958168903
comparative effectiveness research,18,-7.539297408761439,-7.983864746428152,0.037497072589691004,0.0018510741247596794,0.4555808656036447,0.41961709939680036
comparative effectiveness research,19,-9.559806844641807,-7.29796368671445,-0.206131050138262,0.041909963293123145,0.3971208736659221,0.425531914893617
comparative effectiveness research,20,-7.66135905705618,-7.014242710257695,0.12018883338408606,-0.022294231610369378,0.4621309370988446,0.5149330587023686
comparative effectiveness research,21,-8.56684863240208,-7.546091617472153,0.048860030515528174,0.030390054718715687,0.40567951318458423,0.41731872717788204
comparative effectiveness research,22,-6.124682737151916,-8.483835712785803,-0.07164727519925937,-0.03697669313759615,0.4849137931034483,0.4154764996104908
comparative effectiveness research,23,-7.340072112118413,-7.273701176238399,-0.004323815800403377,-0.14003621026276497,0.42395336512983567,0.456968773800457
comparative effectiveness research,24,-8.72550334377052,-7.934964604572571,-0.03144959208798552,-0.037153500886212054,0.4020100502512563,0.46355910378573273
comparative effectiveness research,25,-7.990674723197893,-7.633376965234091,0.09770037514484514,-0.0644141547823823,0.41623309053069724,0.4587155963302752
comparative effectiveness research,26,-7.687586213222509,-7.461869897664275,-0.07147936915640762,-0.07767571665730946,0.36706869428421607,0.4587155963302752
comparative effectiveness research,27,-7.062301346980473,-9.124851396608554,-0.0014016234265709915,-0.09296082270644448,0.42194092827004215,0.4022121669180493
comparative effectiveness research,28,-9.613391472942567,-6.742353415638356,0.020765213202457382,-0.1850638187251511,0.3953545836422041,0.4778338200159278
comparative effectiveness research,29,-8.454925084316118,-8.890646235168832,0.08808649982852244,-0.06677478437607719,0.4109940919599281,0.3137254901960784
comparative effectiveness research,30,-9.10298353956929,-8.676987189760688,0.0007128729428292555,0.004973431371790085,0.31603897814063736,0.39930122285999503
comparative effectiveness research,31,-6.7066609202568666,-7.565876607512851,-0.053277843873944755,0.025387007841822948,0.4730617608409987,0.4072283023670145
comparative effectiveness research,32,-8.202782795361687,-7.601225292951031,-0.08346905461273182,0.02839724936380248,0.4596527068437181,0.4629629629629629
comparative effectiveness research,33,-7.359435192286988,-7.932545537115003,-0.07253414223968051,0.05400148015766613,0.4618937644341802,0.4118404118404118
comparative effectiveness research,34,-8.450524098325214,-8.46738866039586,-0.0573636140478775,0.14880569987652414,0.4576659038901602,0.41141681666238106
comparative effectiveness research,35,-7.712609258077863,-8.829488539762934,-0.125108580450885,-0.037624244859377765,0.41972717733473247,0.3550595992898808
comparative effectiveness research,36,-7.574850940032869,-8.265377726948296,0.05040988761368629,0.03563905261933538,0.37725680409593104,0.49480455220188024
comparative effectiveness research,37,-9.039627457847407,-7.604035507204531,0.14902178370943736,0.03229839062692625,0.36119711042311664,0.5078720162519045
comparative effectiveness research,38,-9.241371272879421,-6.786205544254389,0.05627370660869582,-0.12679126126219484,0.3097573567372225,0.4765687053216838
comparative effectiveness research,39,-9.316037475828182,-6.166975778036966,-0.03719599495132688,0.0116848129585325,0.39273441335297005,0.4454342984409799
comparative effectiveness research,40,-7.333518105580572,-7.539597581283826,0.08642311549395133,-0.12931872290635274,0.46153846153846156,0.41699244201198854
comparative effectiveness research,41,-8.216654168845912,-6.107999745189185,-0.03327387662742361,0.01637355738120254,0.46177526936890717,0.5177323323841574
comparative effectiveness research,42,-7.184583099980596,-8.406976494382606,-0.12698065115149268,0.10207099935001362,0.43278333784149314,0.3620377553659167
comparative effectiveness research,43,-7.787217519500176,-7.33660465554089,-0.18292953852301538,0.00335084509701835,0.412796697626419,0.41830065359477125
comparative effectiveness research,44,-8.71416044594766,-6.537699876436322,0.03676256529923154,-0.04667396083974486,0.4086845466155811,0.47268907563025214
comparative effectiveness research,45,-7.824292521952118,-6.293395490632785,-0.08430448774116277,0.06712608975499255,0.45941807044410415,0.5305039787798408
comparative effectiveness research,46,-7.551649858148453,-8.769005045603553,0.14199252516660668,-0.13717736052951016,0.4657179818887452,0.35696073431922487
comparative effectiveness research,47,-6.755115021031723,-7.902199288315578,-0.09862079329411239,0.02773829117479374,0.46875,0.4191773644223212
comparative effectiveness research,48,-8.3228590890542,-7.540422692981092,0.06698159926449725,-0.1211459365476555,0.4118404118404118,0.4199475065616798
comparative effectiveness research,49,-7.33459189352169,-7.935864747042486,0.014331858044241093,-0.17190860235690594,0.5044136191677175,0.36939313984168864
sirtuin,0,-5.12070995359959,-4.927591554420019,,-0.19627146445773258,0.33240997229916897,0.33500837520938026
sirtuin,1,-5.620809632044229,-4.4585181441340325,-0.4907485253034596,,0.26058631921824105,0.3811944091486658
sirtuin,2,-4.615069565348258,-5.8632741778702995,,-0.40644124041312213,0.38885288399222295,0.23696682464454977
sirtuin,3,-6.191622967749737,-4.792267452691836,-0.7907435017292359,0.16567871121342037,0.21493820526598603,0.3067484662576687
sirtuin,4,-4.917765453289668,-5.243789338823377,,-0.12815604412827653,0.28308563340410475,0.25412960609911056
sirtuin,5,-5.055541218415851,-4.829257093133451,-0.5253466266363663,-0.7187153388081575,0.27816411682892905,0.33222591362126247
sirtuin,6,-3.632424737017964,-5.307227776030219,,-0.7613267933928587,0.4454342984409799,0.2590673575129534
sirtuin,7,-4.7393957157461815,-5.9382872517662255,-0.07052850254451615,,0.3831417624521073,0.23515579071134624
sirtuin,8,-4.935951090380064,-6.762144748433599,,-0.5320625878098011,0.30143180105501133,0.21965952773201536
sirtuin,9,-4.076197322920545,-4.739949771913007,-0.8652532183666888,-0.2911109348875238,0.4545454545454546,0.2976190476190476
sirtuin,10,-4.529103958546618,-4.359314231023971,,,0.3612281757977122,0.38167938931297707
sirtuin,11,-5.555041672102152,-5.86110025659447,,-0.2292872627754764,0.2560819462227913,0.2346041055718475
sirtuin,12,-5.067852362886716,-5.702743240373344,0.09768661539546208,,0.3361344537815126,0.2506265664160401
sirtuin,13,-4.994332299699901,-5.800021423217407,0.016929309050844443,-1.029528830904666,0.3592814371257485,0.24009603841536614
sirtuin,14,-5.474810630315475,-5.237600034074684,-0.4909434445120804,,0.2578981302385558,0.276625172890733
sirtuin,15,-6.006550731109599,-5.538986821444713,0.12541793882629748,-0.8681721380771386,0.16835016835016833,0.2517306482064191
sirtuin,16,-5.452974093309788,-4.3226496743362555,-0.3151378694468572,,0.2582311168495804,0.3870967741935484
sirtuin,17,-4.802400877393735,-5.241552252494094,,0.09899978812248467,0.34334763948497854,0.22497187851518557
sirtuin,18,-5.590764715341656,-3.5812846980792683,-0.9333256967788521,-0.2155157898613409,0.234192037470726,0.4540295119182747
sirtuin,19,-5.850341753915081,-4.931717660253856,-0.1283191505467529,,0.23980815347721823,0.30303030303030304
sirtuin,20,-5.876886139587393,-4.719241893743691,-0.4130921748878307,-0.2512111226875797,0.3144654088050315,0.3065134099616858
sirtuin,21,-4.566468913849657,-5.411369245955286,-0.594849493254345,,0.35693039857227843,0.2799160251924423
sirtuin,22,-4.705117648018857,-4.738143522700684,-0.5847160506280429,-0.07187653938122174,0.33984706881903143,0.36275695284159615
sirtuin,23,-4.464464790179513,-5.542213369427243,-0.5471052201857758,0.00819106118759838,0.34572169403630076,0.2247191011235955
sirtuin,24,-5.655556061466223,-4.835423200945415,-0.39950499264878014,-0.04840422830873181,0.2747252747252747,0.2785515320334262
sirtuin,25,-5.485128279562725,-4.59318938132076,-0.2891867340882984,,0.25889967637540456,0.4078857919782461
sirtuin,26,-6.7100179941811575,-5.065373179164292,1.131018011493459,-0.5370123820290973,0.15003750937734434,0.31779661016949157
sirtuin,27,-4.878120947823848,-5.314163488833406,-0.5231330340872828,-0.36832896967782913,0.3621001810500905,0.17167381974248927
sirtuin,28,-5.24463638876984,-5.686240703077328,-0.2346344665116633,-0.1441275606104777,0.2820874471086037,0.2557544757033248
sirtuin,29,-3.189749518697647,-5.374710819149542,-0.01637503564478182,-0.11070038344289046,0.5150214592274678,0.23612750885478156
sirtuin,30,-3.667643008654147,-5.685849465390898,-0.17545705173004233,,0.4713275726630008,0.2232142857142857
sirtuin,31,-4.754434894158369,-5.524796313081749,-0.16504448285414264,-0.6557701154514972,0.35714285714285715,0.2783576896311761
sirtuin,32,-5.531697181534241,-4.9156318183803345,0.1536943626849483,-1.6116685498871126,0.2772002772002772,0.30349013657056145
sirtuin,33,-4.539545862254728,-5.392506520621898,-0.16783033117439627,,0.36363636363636365,0.2803083391730904
sirtuin,34,-4.867251878120798,-5.391408191369241,-0.7360386402422228,,0.3409090909090909,0.2791346824842987
sirtuin,35,-3.2294568009955538,-5.375557385270379,-0.11389743052131407,-0.1610053506124256,0.461361014994233,0.3188097768331562
sirtuin,36,-4.877859717531618,-5.046861722962862,,-0.35614373600741,0.33698399326032014,0.34207525655644244
sirtuin,37,-4.485687234584108,-4.899153637942578,-0.5560060056730789,-0.25080011177394645,0.3392705682782019,0.335946248600224
sirtuin,38,-4.06967040367769,-4.518656364864664,-0.44797827996656414,,0.3826530612244898,0.3472222222222222
sirtuin,39,-4.49740118286371,-5.519846103555223,,-0.19348684975922636,0.33812341504649196,0.22560631697687536
sirtuin,40,-4.238810847559974,-5.096637960221135,0.03608158228812486,-0.6928413987924971,0.3623188405797102,0.2775850104094379
sirtuin,41,-5.286472793104798,-5.325226852672931,-0.7174163757053187,-0.4744662582772695,0.2952755905511811,0.2787456445993031
sirtuin,42,-4.5476203737592025,-5.353930095600605,-0.3778930001654146,0.7088443194798297,0.35714285714285715,0.2772002772002772
sirtuin,43,-4.7997824527872615,-5.520551599890722,-0.4305180970638196,0.8022920515298249,0.3610108303249097,0.2386634844868735
sirtuin,44,-4.692867106487167,-5.556401100475474,0.04420670812233629,-1.1471248173316115,0.30557677616501144,0.25364616360177555
sirtuin,45,-5.311026965913279,-4.362049347929641,0.10178767272319789,-1.2240462093716113,0.23995200959808036,0.2805049088359046
sirtuin,46,-4.449803919327652,-4.917672183706481,,-0.6934412483063537,0.35629453681710216,0.25839793281653745
sirtuin,47,-2.4836783126130886,-5.445793843031213,,-0.4267531995355065,0.6681514476614699,0.258732212160414
sirtuin,48,-4.995460547870719,-5.0804954124732955,-0.7711426006551607,,0.2789400278940028,0.30698388334612436
sirtuin,49,-4.988514923341465,-4.517621817128021,-0.430757837328839,-0.05572474132022864,0.2989536621823617,0.3603603603603604
next-generation sequencing,0,-3.326647827132306,-3.943438153482653,,,0.6221914967162115,0.6008010680907877
next-generation sequencing,1,-3.9178517281659793,-3.0084476614384648,,,0.5428460643660333,0.6550218340611353
next-generation sequencing,2,-3.506542315264966,-4.129164645399332,,,0.6298110566829951,0.5862953462806889
next-generation sequencing,3,-3.6085001159860357,-2.8558921532931723,,,0.5873715124816447,0.650994575045208
next-generation sequencing,4,-5.085161291233599,-3.758960976155214,,,0.37936267071320184,0.6172839506172839
next-generation sequencing,5,-3.93024280555773,-4.534397140665093,,,0.576923076923077,0.40799673602611175
next-generation sequencing,6,-5.163459559510699,-1.5938837289289354,,,0.38850038850038854,0.7993605115907274
next-generation sequencing,7,-5.152802906656759,-3.560363812335823,,,0.3947887879984209,0.5980066445182723
next-generation sequencing,8,-3.3844980502494737,-3.4560867031222315,,,0.5756578947368421,0.5845816587504566
next-generation sequencing,9,-3.801395173336539,-3.290251337507581,,,0.5576856047403276,0.6187161639597835
next-generation sequencing,10,-3.224958072728867,-4.796620702378034,,,0.6385242993969492,0.4594180704441041
next-generation sequencing,11,-2.6555879272326504,-3.388109331428447,,,0.6828528072837633,0.6204756980351602
next-generation sequencing,12,-4.032796281766182,-2.581988897471611,,,0.548159749412686,0.7142857142857143
next-generation sequencing,13,-3.674123695558746,-4.071419488481025,,,0.5617977528089887,0.5588543485854
next-generation sequencing,14,-3.765673952674961,-4.203799860959427,,,0.5621925509486999,0.5190952910641453
next-generation sequencing,15,-3.3478437637514573,-3.9484688050001155,,,0.6358177322500883,0.5185185185185185
next-generation sequencing,16,-4.664786696713129,-3.1631184220274764,,,0.532117065754466,0.6137322593018796
next-generation sequencing,17,-4.953456205601466,-3.3607039997418986,,,0.40683482506102525,0.6512536633018561
next-generation sequencing,18,-4.047956694035118,-4.2761896921317195,,,0.5255255255255256,0.5061460592913956
next-generation sequencing,19,-4.889211097275902,-4.302599979123833,,,0.4917456972251493,0.5269100489273617
next-generation sequencing,20,-3.5089956567270444,-3.205218066416358,,,0.5946481665014867,0.6340260655160268
next-generation sequencing,21,-3.887983097006978,-4.035418158345641,,,0.5212211466865228,0.47675804529201427
next-generation sequencing,22,-4.062044343769513,-3.1566956958337524,,,0.5407493240633449,0.6519377037305324
next-generation sequencing,23,-4.4325208462158665,-4.182666228198113,,,0.516414607156031,0.5070626584570808
next-generation sequencing,24,-2.0760368907165057,-4.322808206042799,,,0.7616146230007615,0.4940014114326041
next-generation sequencing,25,-3.120013624015658,-4.987171834384094,,,0.6414825374198148,0.44709388971684055
next-generation sequencing,26,-4.840200586214,-3.0558894249593296,,,0.4389173372348208,0.6351726875744342
next-generation sequencing,27,-3.586654320224219,-3.678471122686484,,,0.6491398896462188,0.5736823234134099
next-generation sequencing,28,-5.782752239521174,-3.316773791873529,,,0.2575107296137339,0.6304728546409807
next-generation sequencing,29,-5.524954504479413,-2.922859801645057,,,0.4084411164057182,0.6644518272425249
next-generation sequencing,30,-3.894211771161937,-3.8631397694614074,,,0.5612065941774815,0.5239520958083833
next-generation sequencing,31,-4.630114855403711,-3.888243520368814,,,0.5184705119896306,0.5613472333600641
next-generation sequencing,32,-3.4844240972197933,-3.2117098030411197,,,0.5926901547579848,0.5285412262156448
next-generation sequencing,33,-3.296992099867474,-3.498419149834189,,,0.6010518407212622,0.5985783763561541
next-generation sequencing,34,-3.950192433888397,-4.069287327784254,,,0.5311077389984825,0.5637773079633545
next-generation sequencing,35,-4.46267153811785,-3.7912064434225656,,,0.47912388774811776,0.5527043031977892
next-generation sequencing,36,-2.901001450501088,-3.965614828333997,,,0.6740815638692281,0.49792531120331945
next-generation sequencing,37,-4.594932215153524,-3.2319936776748373,,,0.48387096774193544,0.6106870229007634
next-generation sequencing,38,-4.111436563358985,-4.176793814445894,,,0.49382716049382713,0.495926319518243
next-generation sequencing,39,-3.2700972938820883,-2.6016502695533883,,,0.6072106261859582,0.6800151114469211
next-generation sequencing,40,-4.07712531321667,-4.491640597304531,,,0.5617977528089888,0.5279034690799397
next-generation sequencing,41,-3.9258120954992197,-2.6435823910778695,,,0.6202618883528601,0.6681514476614699
next-generation sequencing,42,-4.734583923035957,-3.278805892776067,,,0.4487658937920718,0.6446991404011461
next-generation sequencing,43,-3.41956163283665,-3.2762080792515147,,,0.6046355391333558,0.5763688760806917
next-generation sequencing,44,-4.513551834179908,-3.3502958716562237,,,0.4792879150975693,0.5862953462806889
next-generation sequencing,45,-2.7017862623105344,-3.899911374682418,,,0.6782534972445952,0.6050420168067226
next-generation sequencing,46,-4.897458718864671,-3.3553967364064805,,,0.4357298474945534,0.625
next-generation sequencing,47,-4.685892811284712,-2.095547612786539,,,0.5016123253314224,0.7499062617172852
next-generation sequencing,48,-3.842429336643775,-3.7269238930981303,,,0.5531410509679968,0.5378409527468305
next-generation sequencing,49,-3.6509266466289296,-3.3420226573557006,,,0.5753326141675656,0.6237816764132554
takotsubo cardiomyopathy,0,-4.214451958216299,-4.1146304768241135,,0.201426978119972,0.414651002073255,0.4604758250191865
takotsubo cardiomyopathy,1,-4.386682561261337,-3.731809607131941,0.0017927456974102807,-0.22123988539891704,0.3868471953578337,0.4629629629629629
takotsubo cardiomyopathy,2,-3.676315508385969,-4.497378691453458,-0.20515574390496216,-0.1972178817793886,0.45977011494252873,0.35885167464114837
takotsubo cardiomyopathy,3,-3.3491067793634652,-4.909496704830021,0.40308149296742424,-0.354623635222706,0.5029337803855826,0.3592814371257485
takotsubo cardiomyopathy,4,-3.8828902314226568,-4.912678353215334,-0.5960189908523919,0.5630799059948317,0.4535147392290249,0.35885167464114837
takotsubo cardiomyopathy,5,-5.170073897305704,-5.162370577393245,0.27311260288761774,-0.348882425406986,0.3183023872679045,0.3372681281618887
takotsubo cardiomyopathy,6,-4.125028888541214,-5.222405097351676,-0.36301717187526283,0.4181098676060928,0.4181184668989547,0.3607937462417318
takotsubo cardiomyopathy,7,-5.276561879022921,-3.195671818118582,-0.44271455839263507,0.3375784007586916,0.30303030303030304,0.5802707930367504
takotsubo cardiomyopathy,8,-4.728662437434603,-4.300489806415294,0.08299537120260303,0.20826763664749615,0.3333333333333333,0.414651002073255
takotsubo cardiomyopathy,9,-4.7564577997670305,-4.535106559381294,0.1099937240579747,0.4881322978487147,0.3790271636133923,0.38759689922480617
takotsubo cardiomyopathy,10,-4.68229382167821,-3.0460587372906223,0.1812835873930394,0.08510677597993865,0.3623188405797102,0.5752636625119847
takotsubo cardiomyopathy,11,-4.345532954140801,-4.115164138204778,-0.411075202471445,-0.912442730155814,0.414651002073255,0.41551246537396125
takotsubo cardiomyopathy,12,-4.644434751828743,-4.192832645267765,0.10394530475588071,-0.02481622549312834,0.35608308605341243,0.41899441340782123
takotsubo cardiomyopathy,13,-4.016944157986349,-5.231231717938343,-0.34935987141508074,0.06653487150734994,0.4528301886792453,0.33296337402885684
takotsubo cardiomyopathy,14,-4.201575011548148,-4.210408937896368,0.7704292632580675,0.1859015441834504,0.4528301886792453,0.3883495145631068
takotsubo cardiomyopathy,15,-4.392021752275798,-4.42462056478673,-0.14604138100596842,0.17570524826888545,0.3826530612244898,0.38634900193174504
takotsubo cardiomyopathy,16,-5.564857848426411,-3.9394701103145215,0.6854623605575528,-0.39935050690898666,0.3181336161187699,0.418702023726448
takotsubo cardiomyopathy,17,-4.306277560017517,-5.063160398440779,0.7095493557649256,-0.41084492544249396,0.4192872117400419,0.35294117647058826
takotsubo cardiomyopathy,18,-4.893763111566144,-3.9447988023552765,-0.2968986778203072,0.6677575993563825,0.33688938798427853,0.45592705167173253
takotsubo cardiomyopathy,19,-4.269891867680321,-4.778373802778,0.42173058653613804,0.24465888525340662,0.4535147392290249,0.31779661016949157
takotsubo cardiomyopathy,20,-3.447598527531016,-4.214451958216299,0.5866797827043194,0.03849488891182151,0.5132591958939264,0.414651002073255
takotsubo cardiomyopathy,21,-5.172394079208586,-2.816029315778267,0.15466792393996776,0.13435144554280043,0.33222591362126247,0.5758157389635317
takotsubo cardiomyopathy,22,-4.04145188432738,-3.8734685826661517,-0.05768986250926367,-0.38400009108067423,0.41666666666666663,0.4118050789293068
takotsubo cardiomyopathy,23,-4.680151758420993,-3.8977568289686126,0.47180459357388105,-0.5644059663269203,0.33821871476888393,0.45592705167173253
takotsubo cardiomyopathy,24,-4.477100892669583,-2.8417603616756244,0.07748654012063294,-0.0014693784800583476,0.35545023696682465,0.5780346820809248
takotsubo cardiomyopathy,25,-4.741382177477559,-3.0968786823232075,0.848074605306659,-0.22044487466004337,0.35545023696682465,0.5235602094240838
takotsubo cardiomyopathy,26,-4.05990609849589,-4.411288797635204,0.23702555586721963,0.1471159708712364,0.449438202247191,0.41293874741913283
takotsubo cardiomyopathy,27,-3.34863156129983,-4.758430628666513,0.4132851495564477,0.2763030189275013,0.5084745762711864,0.33975084937712347
takotsubo cardiomyopathy,28,-4.278328149463845,-4.342797737023026,0.7105089715719972,-0.3303394751565044,0.38167938931297707,0.4135079255685734
takotsubo cardiomyopathy,29,-4.908802539353193,-3.5021717280356293,0.13117349290132052,0.39864030307488774,0.33444816053511706,0.4580152671755725
takotsubo cardiomyopathy,30,-4.400027412345099,-4.1732150250169,0.015476048115300012,-0.014149929055501387,0.3790271636133923,0.41237113402061853
takotsubo cardiomyopathy,31,-4.833970921258128,-4.803751613796643,0.5499438656770184,0.27110493175264905,0.3586371787208607,0.36014405762304924
takotsubo cardiomyopathy,32,-4.0022688514168205,-3.6060573119205386,-0.2476128380474225,-0.01178586719825414,0.41407867494824013,0.46475600309837334
takotsubo cardiomyopathy,33,-4.784359674413955,-3.816272468027255,0.0175868694726935,0.5966269537920853,0.36014405762304924,0.45662100456621
takotsubo cardiomyopathy,34,-4.050316443333686,-4.839676038016121,0.051227469225939015,0.41198985747844863,0.4545454545454546,0.33557046979865773
takotsubo cardiomyopathy,35,-3.546302407100617,-4.539097428226246,0.19986671532154043,-0.18247236584519344,0.5119453924914675,0.3836317135549872
takotsubo cardiomyopathy,36,-3.493987752805627,-4.594098333481736,0.30463750232669196,-0.05405278251282386,0.4555808656036447,0.3618817852834741
takotsubo cardiomyopathy,37,-4.999270400129529,-5.178398904420385,0.22551532090632964,-0.03955425330275997,0.35398230088495575,0.33444816053511706
takotsubo cardiomyopathy,38,-5.0906046270852086,-3.355930410294468,-0.10183401722300589,0.07779865923932039,0.35629453681710216,0.5076142131979695
takotsubo cardiomyopathy,39,-3.2200780317826867,-5.099802950986631,0.4392007410573988,-0.024145814616467698,0.5054759898904803,0.3556609365737996
takotsubo cardiomyopathy,40,-4.62230597778577,-4.4343802595439215,0.4418590038590835,-0.1361426391502315,0.3766478342749529,0.3861003861003861
takotsubo cardiomyopathy,41,-5.057768156800701,-4.67741689207706,0.42314353398700955,0.2115081918784314,0.30280090840272517,0.3575685339690107
takotsubo cardiomyopathy,42,-4.6175947866524,-4.590308085337241,0.3467360801812116,-0.06096210128347379,0.3861003861003861,0.4084411164057182
takotsubo cardiomyopathy,43,-3.9761336187579093,-4.852307867486036,0.2171067320642588,0.27345403421058756,0.425531914893617,0.38095238095238093
takotsubo cardiomyopathy,44,-4.003133013898665,-3.282989781412214,-0.5437557824425372,0.02552681971540849,0.3853564547206166,0.5132591958939264
takotsubo cardiomyopathy,45,-4.0038994796150105,-4.342316366047698,1.1326699597550567,-0.34586327068571066,0.4163775156141568,0.3821656050955414
takotsubo cardiomyopathy,46,-4.266034291860821,-4.291393525902813,-0.11996833682843411,0.3501835362183232,0.4169562195969423,0.40816326530612246
takotsubo cardiomyopathy,47,-3.3121688506387863,-4.076197322920544,0.16713024171606805,-0.13220410908422253,0.5076142131979695,0.4545454545454546
takotsubo cardiomyopathy,48,-4.132494582420876,-3.8349454080498346,0.2752268355174827,-0.29189170699225797,0.45045045045045046,0.4143646408839779
takotsubo cardiomyopathy,49,-4.086086196277134,-4.704742428311248,-0.07630078370917459,0.24643290093175674,0.38338658146964855,0.3787878787878788
energy harvesting,0,-5.0767830334645945,-3.768048185137567,-0.45110223527063487,-0.029991356909159994,0.37821482602118,0.5681818181818182
energy harvesting,1,-5.093103593029381,-4.41700116261928,-0.45883712638443064,-0.358700198541831,0.398406374501992,0.5031446540880503
energy harvesting,2,-4.696659465503682,-5.779544977970995,-0.40349044882992313,-0.6007170555176292,0.48899755501222497,0.40774719673802245
energy harvesting,3,-4.5189551181309096,-4.070680294323647,-0.5540232285282676,-0.46350258446117376,0.4418262150220913,0.5544005544005544
energy harvesting,4,-5.240848717108408,-4.5669479912956845,0.11997891627936652,0.11501323297791033,0.35536602700781805,0.47570506286102615
energy harvesting,5,-5.675944625027689,-3.8021668614012194,0.2073265827860753,-0.48650704282979484,0.2953119232189,0.5086901229334464
energy harvesting,6,-5.28906779500125,-4.661462076280764,-0.6087076134560114,-0.006547233332048874,0.41551246537396125,0.4709048099562731
energy harvesting,7,-5.335224023845239,-3.9144027870155735,-0.4071637969457721,-0.623578934788684,0.3853564547206166,0.5657708628005658
energy harvesting,8,-3.2615223990956252,-4.980337119995998,-0.3626426796258331,-0.6391927414052074,0.6206361520558572,0.4612850082372323
energy harvesting,9,-4.931154923258291,-3.5715058665297823,-0.6303940193005477,-0.22095336047126313,0.4019292604501608,0.5629272215520708
energy harvesting,10,-5.165234355669517,-4.85971886737078,0.43851181973209563,-1.1651460286362445,0.41987403778866345,0.40241448692152915
energy harvesting,11,-6.303884524302904,-4.446962915575313,-0.7843927689898367,0.032008837280007474,0.28870443883074703,0.4989308624376337
energy harvesting,12,-6.0747751466009845,-4.701002350501763,-0.18654250205927925,-0.48816874744878835,0.3430531732418525,0.4718570947084597
energy harvesting,13,-4.73884643018423,-4.572512976527733,-0.5504223856992934,-0.013198185251141137,0.5120702267739575,0.4221190375685943
energy harvesting,14,-4.083950077252039,-4.747659882307541,-0.43483735218498043,-0.36952050193996044,0.5073995771670191,0.4943502824858757
energy harvesting,15,-5.727921729384921,-5.032280699811107,-0.4567795570650701,0.21258118169552742,0.40899795501022496,0.45592705167173253
energy harvesting,16,-4.521191970438497,-5.442251037688981,-0.43440937745485986,-1.0267186842879454,0.4372540445999125,0.40336134453781514
energy harvesting,17,-4.004699581134807,-4.1932457685372855,-0.29349439583600123,-0.2771477827990205,0.5671747607231478,0.48879837067209775
energy harvesting,18,-5.32901938509582,-4.409773249999872,-0.6155268171919543,-0.42746011865107514,0.3894080996884735,0.45368620037807184
energy harvesting,19,-4.008748394981595,-5.547222059276831,0.07434508481417779,-0.6438722465922608,0.5507745266781411,0.363901018922853
energy harvesting,20,-5.16552878381037,-3.7712050216092163,0.5373916680007748,-0.6161419807652273,0.4609812314784327,0.47961630695443647
energy harvesting,21,-4.569554187484914,-4.749357007284323,-0.37636903303509417,0.07585434013639825,0.5172971225347559,0.40306328093510685
energy harvesting,22,-4.54898250955387,-5.150376070845076,-0.6239814792530429,0.4834621821605706,0.5065428450823132,0.46449900464499005
energy harvesting,23,-5.971725840396396,-4.117090464806953,0.08112166379500385,-0.4777345562311448,0.2792321116928447,0.5297010972379872
energy harvesting,24,-3.7975095196827042,-4.887256127298809,0.01567961284620556,-0.22216890501221753,0.5535055350553506,0.4707464694014795
energy harvesting,25,-5.448891276327306,-4.404765853021515,-0.5251532667999514,-0.49371395643211935,0.3654970760233918,0.4901960784313726
energy harvesting,26,-5.369208929367502,-4.206695040564178,-0.06124024215273782,-0.22377767867612686,0.37230081906180196,0.5285761480013215
energy harvesting,27,-4.836693537260959,-4.233515523150667,-0.21177751737351924,-1.322875411430284,0.45265937382119953,0.5407493240633449
energy harvesting,28,-5.573375454247416,-4.447503311067348,-0.5693148082224946,0.27405605744353045,0.3915171288743883,0.4248088360237893
energy harvesting,29,-5.157184564953767,-4.895794482898585,0.256352072420041,-0.679888866089593,0.4214963119072708,0.43352601156069365
energy harvesting,30,-6.103203789754346,-4.015428471268831,-0.08224664441431051,-0.5805249026329793,0.3249390739236393,0.541795665634675
energy harvesting,31,-5.319286608071266,-4.444222286152908,-0.4578086832011815,-0.7465535378011647,0.36509675063891933,0.48143053645116923
energy harvesting,32,-4.368607970617561,-5.128484797065999,-1.0063114826238135,0.1353220929875223,0.46475600309837334,0.4410143329658214
energy harvesting,33,-3.0348965091870066,-5.00985957231017,-0.8007933649012942,-0.030399992840878687,0.6085964244960061,0.3546099290780142
energy harvesting,34,-5.906029676552621,-4.375040075107734,-0.7751053612809182,-0.39917962279715113,0.39075219798111366,0.5167958656330749
energy harvesting,35,-3.136513777180288,-5.878231127215546,-0.12737765704708592,0.1694826912769266,0.6311360448807855,0.36656891495601174
energy harvesting,36,-5.402346847647635,-4.099079837122593,0.06426757447953246,-0.7260671474773204,0.3861003861003861,0.5007153075822603
energy harvesting,37,-5.525899282715271,-3.6742237422775856,-0.1832572680960547,-0.5396320441067555,0.361794500723589,0.5249343832020997
energy harvesting,38,-5.70097196545087,-4.50099904941299,-0.4576083196121017,-0.2681492368646907,0.40431266846361186,0.49698260560880364
energy harvesting,39,-5.087966837248614,-5.491997447544697,-1.1350333507581476,1.04106696137021,0.4001600640256103,0.4206098843322818
energy harvesting,40,-3.9679666777965235,-4.811150536289318,-0.5363041065733176,-0.42077436925838296,0.5150214592274678,0.4750593824228029
energy harvesting,41,-4.885364760496616,-4.103978735076965,-0.09162835518311208,,0.44427989633469084,0.5249343832020997
energy harvesting,42,-4.822013638785496,-4.058011288956916,-0.638323374249671,0.33207754880532403,0.41356492969396197,0.525328330206379
energy harvesting,43,-4.628573835903223,-4.567957575375861,-0.05808769797344726,-0.5205558522871607,0.45647212259537007,0.4487658937920718
energy harvesting,44,-5.797708728766794,-4.207756716085593,-0.8134966797558878,0.131661740718935,0.3527336860670194,0.47980807676929227
energy harvesting,45,-4.486009776488898,-5.905743402628467,-1.1056804210491398,-0.26641227727678407,0.5190952910641453,0.39986671109630123
energy harvesting,46,-4.512999903275329,-4.570243089382726,-0.30165179027087485,-0.7299351093122615,0.4608294930875576,0.49105576990529637
energy harvesting,47,-5.26674427145029,-4.866808520061999,-0.05612887818658385,-0.16632918150466858,0.4145077720207254,0.41118421052631576
energy harvesting,48,-4.463463190252351,-4.882667301616266,-0.22189869504865833,-0.3243155725081335,0.38872691933916426,0.48840048840048844
energy harvesting,49,-4.117769601382066,-5.604519921707984,-0.2408442119881058,-0.16540669415355158,0.525328330206379,0.3276003276003276
extreme learning machine,0,-3.4786251817792464,-1.6942696250832525,0.828397013298247,-0.8271693069211357,0.5576208178438662,0.800640512409928
extreme learning machine,1,-2.2245224093578,-1.783783783783784,0.8338698786077741,-1.2819702596587914,0.754084625052367,0.7731958762886597
extreme learning machine,2,-2.5411704330507465,-1.6801079771679932,-0.03128744543337936,-0.188537336759791,0.6837606837606838,0.8143322475570033
extreme learning machine,3,-1.777625176581697,-3.5761665953263253,0.09877164422038853,1.0827428496180447,0.8003201280512205,0.5256241787122208
extreme learning machine,4,-3.3225710025839468,-2.4779115749481453,-0.022696237203809533,-0.15527434953282526,0.597683974598431,0.7114273010226768
extreme learning machine,5,-3.6015025542774497,-0.20987654320987645,-0.8943968302879612,-0.029976605430598102,0.5760921747479597,0.9724473257698542
extreme learning machine,6,-2.1510449802204805,-2.573323550130787,1.0688938115305469,-0.867733632597175,0.7678883071553229,0.68259385665529
extreme learning machine,7,-2.9940663454982936,-1.520605830182183,-0.4447016139538522,-0.3874133562371098,0.6232956758862485,0.8144796380090498
extreme learning machine,8,-2.337129262925554,-1.8329566736347118,0.21103372406720733,-0.4611384550583615,0.7412898443291327,0.7702182284980744
extreme learning machine,9,-1.5522652699541408,-3.070646489652708,-0.24796657673881572,0.7403128985443151,0.8169934640522876,0.6275212909009413
extreme learning machine,10,-1.4129593375289606,-1.818567645952755,0.8151272715158169,-0.8078146812623188,0.8060904612628751,0.7745266781411361
extreme learning machine,11,-2.747954234319435,-2.189562328895334,0.1162421299697245,0.8225382264266143,0.6658343736995422,0.7107952021323856
extreme learning machine,12,-1.4112782011841039,-2.0139959720120837,0.547497340203478,-0.6638293885589188,0.7853403141361257,0.7834757834757835
extreme learning machine,13,-1.0827223815185048,-1.9409682334980407,0.053451256195928165,0.28252638911737793,0.8675078864353313,0.7494145199063231
extreme learning machine,14,-1.8036582034174478,-1.1253743650247274,-0.5634696930847907,0.6913799105976022,0.7681228996639463,0.8717762440973483
extreme learning machine,15,-1.2193564862726003,-3.859046995986206,0.13623653074107867,0.23695769010392853,0.8356545961002786,0.5822416302765647
extreme learning machine,16,-2.8443757982534112,-2.2470398207643827,-0.5723255070369573,0.6947980125407447,0.6606110652353427,0.7296311309282529
extreme learning machine,17,-1.5263303587910195,-2.4713194023852587,0.4925942482154313,0.3228079231697938,0.8156606851549756,0.707338638373121
extreme learning machine,18,-2.1288858007780247,-1.1685449803267136,-2.5640404803141843,-0.33222369179323485,0.7302231237322515,0.8375988832014891
extreme learning machine,19,-2.817022164938339,-1.1332587401357503,0.15901504059154825,0.17545855778941832,0.6512006512006512,0.8419083255378859
extreme learning machine,20,-2.756861559090077,-1.9194024849507496,0.16670191196973128,0.16682921301371012,0.6998444790046656,0.7728638900815801
extreme learning machine,21,-2.514279752577039,-2.5186091430737583,,-0.1347223888104434,0.7304601899196494,0.6864006864006864
extreme learning machine,22,-4.000504000506001,-2.0530596102989467,-0.07863866975704115,0.9400984806900388,0.5263157894736842,0.7407407407407407
extreme learning machine,23,-0.19706979250131001,-2.3937954239627612,-0.7015280856813306,0.19319742894086245,0.9737098344693281,0.7200720072007201
extreme learning machine,24,-2.2946361848858885,-0.9557360777668201,0.3658366829506421,0.2949965637132135,0.7176175098672407,0.8900756564307967
extreme learning machine,25,-2.1206442255046807,-1.732430518371985,-0.47089833389429603,-0.44515355852608285,0.7281553398058253,0.7736943907156674
extreme learning machine,26,-1.0817042264932892,-3.831026091903829,0.1801524946864448,-0.3296801907492286,0.8591885441527447,0.5770816158285242
extreme learning machine,27,-3.2637519552370806,-1.4165572371247175,0.67939121640847,0.19321050609102142,0.5589194224499302,0.8330177962892844
extreme learning machine,28,-1.8984224774551999,-2.6772126173997806,-0.242037549610032,1.0276600234886746,0.712468193384224,0.6932409012131716
extreme learning machine,29,-3.1524755015972072,-3.84652646916119,-0.29459771120417777,0.4404122750009398,0.6222222222222222,0.5622489959839357
extreme learning machine,30,-2.7304837366800676,-3.2881638305036924,0.2551126995819972,-0.6977189460061444,0.6904487917146145,0.6124234470691163
extreme learning machine,31,-2.2435999525576173,-1.3675631640379862,-0.3502190656296229,0.4559278761885668,0.7005253940455342,0.8372093023255814
extreme learning machine,32,-2.2923676919922835,-2.1414249791775686,-0.5587962928982229,0.32401389793927193,0.7223476297968398,0.7515971439308531
extreme learning machine,33,-1.5930626496085112,-1.7514537786901057,0.9412893320435682,-1.0573660337875364,0.8146639511201629,0.7961783439490445
extreme learning machine,34,-1.6131182652348857,-0.5734945535469232,0.20830555121748628,2.4367380431469834,0.8035714285714286,0.9286618826509075
extreme learning machine,35,-3.085254247020502,-2.4108483300764973,-0.5999237512732227,0.0071392456186927244,0.6415396952686447,0.6799417192812045
extreme learning machine,36,-2.098366355348023,-1.7276059046285936,0.6267093126059571,-0.6046071890719535,0.7070707070707071,0.8011653313911143
extreme learning machine,37,-2.443226672368799,-1.6111745883791049,0.20838771421180047,0.4420026222454374,0.6947459834997829,0.8032128514056225
extreme learning machine,38,-1.3726078230335093,-3.688534486531452,-0.11614753987311977,0.08359463297545,0.8226221079691517,0.591715976331361
extreme learning machine,39,-2.725373774378881,-0.42832723866885863,-0.09567188446758701,0.3467646999655085,0.657354149548069,0.9499136442141624
extreme learning machine,40,-2.2580713390492795,-2.0112263866011246,0.31524304254255675,-0.2063843470921385,0.7186858316221766,0.7524454477050414
extreme learning machine,41,-2.043243562199019,-2.3690268546070388,0.3276518548679629,0.7316168547903266,0.7674597083653109,0.6724303554274735
extreme learning machine,42,-2.5157768636269195,-2.3357527778188887,0.688209346354699,0.09025416389737906,0.71396697902722,0.7432181345224823
extreme learning machine,43,-0.9798272520870257,-1.7073817653852312,-0.366156932941875,0.10454340371344806,0.8780487804878049,0.7990411506192568
extreme learning machine,44,-0.9141798641763509,-1.733003144871527,-0.995390415299205,0.7922667736297038,0.8767657087189479,0.8070432868672046
extreme learning machine,45,-3.260974256936108,-1.1466632641561905,2.048960048181978,-0.3707630539586013,0.6326611308817714,0.856898029134533
extreme learning machine,46,-2.40828265900012,-2.04753020252176,-0.4417763723934254,0.12341417120095644,0.682261208576998,0.7619047619047619
extreme learning machine,47,-0.11927070271810403,-2.4258411012119625,1.2810576553592274,0.11159052686716309,0.9863429438543247,0.7089056269384139
extreme learning machine,48,-0.9432213343550417,-2.357778379248037,0.15629971394533482,-0.8725767422057693,0.8999653859466943,0.6469002695417789
extreme learning machine,49,-2.877451495065237,-2.0382312979131454,-0.30076002062796636,0.2635820684096142,0.6506710044733631,0.7509386733416771
wireless body area network,0,-3.6935220675065548,-5.230415018669715,0.40322444682153114,0.04641741890886575,0.4545454545454546,0.2560819462227913
wireless body area network,1,-5.256390382005916,-3.5260226631284617,0.1869955298723464,0.10417061918733272,0.25957170668397145,0.45662100456621
wireless body area network,2,-3.6180959231888967,-5.199090455234727,0.20512255000983048,0.34566821271914916,0.48250904704463216,0.2544529262086514
wireless body area network,3,-4.759533448270179,-4.446135846144219,-0.026750267352144808,0.3725075235992026,0.27643400138217,0.3883495145631068
wireless body area network,4,-4.132916304503149,-5.053045329957112,0.4355962627844794,0.18771312131889484,0.41407867494824013,0.27797081306462823
wireless body area network,5,-5.375174044485924,-4.6392464242675375,0.12611066931598502,0.45550351815501255,0.25559105431309903,0.3856041131105398
wireless body area network,6,-4.919194022243147,-4.0606244135937,-0.08256345921023678,0.23195096739813192,0.3427592116538132,0.452744765138653
wireless body area network,7,-5.003656307618416,-4.444451817438402,0.16504649104244518,0.08288170087821012,0.3018867924528302,0.3807106598984772
wireless body area network,8,-4.456798490142938,-5.22916656680185,0.11563819665779715,0.006457445360050107,0.38860103626943004,0.27797081306462823
wireless body area network,9,-5.3105118290594815,-3.9083173575884924,0.4103332030424697,0.09447283212773361,0.30143180105501133,0.4195804195804196
wireless body area network,10,-4.7652007007897845,-4.61676484689234,0.7025559996439819,0.05177609371106162,0.36014405762304924,0.3103180760279286
wireless body area network,11,-5.057932103671848,-4.2784872072412,0.2869836814809159,0.2666402774396731,0.2597402597402597,0.414651002073255
wireless body area network,12,-3.04057632634291,-5.665531113484594,0.5091834977922401,-0.07400087898520702,0.5291005291005291,0.30441400304414
wireless body area network,13,-4.047101320174379,-3.490659355882633,0.22013159790905013,0.3880365492850858,0.3963011889035667,0.5115089514066496
wireless body area network,14,-3.984556456182374,-5.127552689842212,0.1391205083039364,0.1959667762658136,0.3924133420536298,0.3058103975535168
wireless body area network,15,-4.113650342961515,-3.072621224930777,0.3579019246947162,0.14919710079452997,0.4248539564524695,0.5741626794258373
wireless body area network,16,-4.269148043981867,-6.460261397937832,0.17630391048027755,0.5288702614810242,0.4514672686230249,0.21310602024507191
wireless body area network,17,-5.015582654504045,-5.409671061635319,0.11678138245955505,0.4569613732401498,0.35545023696682465,0.2570694087403599
wireless body area network,18,-3.5561279329444915,-5.51610253343842,0.10695403499958245,0.38848972111637015,0.5157962604771116,0.2530044275774826
wireless body area network,19,-4.825619182682977,-5.43286877744473,0.4671087028901544,0.11386304844119988,0.35377358490566035,0.24600246002460022
wireless body area network,20,-4.9257764022843,-4.987889694105374,-0.13425735853441606,0.08195262623050059,0.25756600128783,0.3605769230769231
wireless body area network,21,-3.7310125362231825,-4.886426032217869,0.41460862910971796,0.17032370689535803,0.46153846153846156,0.31274433150899145
wireless body area network,22,-5.623594313828681,-4.515834666828248,-0.10800930784916113,0.2053461298678303,0.3019627579265224,0.3880983182406209
wireless body area network,23,-4.533665857234424,-5.064723938323645,0.3524797650422262,-0.03834309323426632,0.3410059676044331,0.2846975088967971
wireless body area network,24,-3.770290166865233,-5.854728012616183,0.06083930166039053,0.4359238825617773,0.5072923272035511,0.22805017103762829
wireless body area network,25,-4.638124095143556,-4.195552111761123,0.3039118853082281,0.0090482428680424,0.41666666666666663,0.43173232595790606
wireless body area network,26,-5.36856472823659,-3.244092700034909,-0.39001149587063766,0.36696446849213005,0.2805049088359046,0.5636978579481399
wireless body area network,27,-4.691574316284182,-3.3581489969785907,0.48478796154311254,0.2711899449792515,0.3076923076923077,0.5509641873278237
wireless body area network,28,-5.026649627508644,-5.148045724411804,-0.2518722309498993,0.25841270989426723,0.3361344537815126,0.31864046733935214
wireless body area network,29,-3.7101699914352704,-5.752884437240902,-0.14238380453561816,0.6276599597776454,0.51513200257566,0.2151694459386767
wireless body area network,30,-4.418692844551961,-4.492608757468693,0.1682199363795247,0.2622414816494618,0.39087947882736157,0.34324942791762014
wireless body area network,31,-4.027898636127813,-4.702255601301543,0.27872076597096873,0.11074493112409967,0.4181184668989547,0.30721966205837176
wireless body area network,32,-4.493465661543098,-5.059644256269407,0.2756809933100697,0.10415963996646682,0.3856041131105398,0.3191489361702127
wireless body area network,33,-5.088553115923814,-5.584104131966876,0.05050105933455823,0.35231346247149364,0.30280090840272517,0.25856496444731736
wireless body area network,34,-5.320564651957637,-5.411745423066843,0.07816216204170157,0.20655138108224969,0.33557046979865773,0.32068412613575625
wireless body area network,35,-4.901894677425395,-2.987244554756564,0.32837028178460714,0.4594985774269986,0.25641025641025644,0.5730659025787965
wireless body area network,36,-5.541040760663527,-4.192806320379613,0.38820301439714255,-0.12804804811230813,0.2592352559948153,0.3421727972626176
wireless body area network,37,-5.915675403620293,-3.0550504633038926,-0.005110374527218187,0.13082816578075473,0.18876828692779613,0.5172413793103449
wireless body area network,38,-5.545393542862336,-5.374189783119659,0.23704147171328271,-0.07601522476438716,0.25493945188017847,0.2559181062060141
wireless body area network,39,-4.164497406024598,-4.670261665017147,0.16674750054481113,-0.1539390583341853,0.45317220543806647,0.3605769230769231
wireless body area network,40,-5.215909727527335,-3.886802833760235,0.2156071394673471,-0.05038343840342491,0.2787456445993031,0.39682539682539686
wireless body area network,41,-5.634669234871675,-3.8881381598928337,-0.22715265746925406,0.4447856031541675,0.29925187032418954,0.4601226993865031
wireless body area network,42,-5.617079152451222,-4.406000912017296,0.09636680217546612,0.010468280933168594,0.23966446974236066,0.39473684210526316
wireless body area network,43,-3.800006455876631,-3.873062414115602,-0.0879614483984773,0.13898781949635297,0.47961630695443647,0.38986354775828463
wireless body area network,44,-5.167158843739171,-3.2819713567848767,0.09368051265859534,0.6134706234411358,0.2789400278940028,0.5203816131830009
wireless body area network,45,-5.450204062342356,-4.956521739130435,0.6435754060460759,-0.4383440523103649,0.2578981302385558,0.3048780487804878
wireless body area network,46,-3.5618324653204043,-4.917476382529867,0.212211983178334,-0.12833135864775125,0.46367851622874806,0.37831021437578816
wireless body area network,47,-4.012454622770468,-4.33574603157101,-0.04144970906258316,0.37040433460347955,0.4601226993865031,0.4172461752433936
wireless body area network,48,-4.186410288313367,-5.177524695812044,0.12431507907052641,0.7327763236083151,0.3831417624521073,0.32292787944025836
wireless body area network,49,-4.694844340331501,-4.139367832760384,0.018857488728394434,0.5846586748315161,0.3853564547206166,0.3853564547206165
learning to rank,0,-5.473275696052641,-4.395834027157464,0.12773163063999465,-0.26326297696735396,0.27510316368638243,0.39292730844793716
learning to rank,1,-5.38200492488573,-3.6789874051961577,0.08937549543052345,0.5417835162248306,0.2416918429003021,0.4622496147919877
learning to rank,2,-5.08660209811511,-5.3622551823775275,-0.11970943002608381,0.21618830500868644,0.2612671456564337,0.32310177705977383
learning to rank,3,-5.176976667445821,-4.479681731727383,0.1583288618814932,0.3427695818069645,0.27797081306462823,0.3590664272890485
learning to rank,4,-3.882966341803924,-4.290183693838544,1.0706038354035832,-0.12482155209276258,0.3944773175542406,0.36363636363636365
learning to rank,5,-3.5496478698597693,-4.104070466089206,0.3358368869900441,-0.034793114100507117,0.48780487804878053,0.3879728419010669
learning to rank,6,-5.688075372817759,-5.358890999960452,0.8267249640560779,-0.22779264950831002,0.22675736961451246,0.27510316368638243
learning to rank,7,-5.557362588047569,-3.7095978895405164,0.13675504027613158,0.2959833680456031,0.2390914524805738,0.4489337822671156
learning to rank,8,-5.172883250023552,-5.149491751839307,0.25225531221331216,0.5353618416348894,0.3181336161187699,0.30372057706909644
learning to rank,9,-5.172879271619308,-7.382603829465212,-0.3219400087911839,0.10930054354407448,0.2638522427440633,0.11841326228537596
learning to rank,10,-4.703770244146619,-5.530851281960041,0.009041618980748928,0.17942185669331323,0.3612281757977122,0.2554278416347382
learning to rank,11,-5.2508502712826015,-4.414961954911688,0.5218184029167139,0.09758086528568743,0.3412969283276451,0.38338658146964855
learning to rank,12,-4.889630303343589,-5.35079860293403,0.3990966445663037,0.24140941673233318,0.29873039581777444,0.25624599615631005
learning to rank,13,-5.292209038511709,-5.485817456237373,0.26875795232777333,0.35355347151837796,0.23837902264600713,0.3081664098613251
learning to rank,14,-3.9407493996650746,-5.330239549149181,0.2513132955533427,-0.12285461546802773,0.3879728419010669,0.2904162633107454
learning to rank,15,-4.150811598485382,-4.990935309767577,0.12864825020210802,0.01603005789113221,0.39254170755642787,0.3047232097511427
learning to rank,16,-4.3711018088762925,-5.462547923931971,-0.7580394945952362,0.22756050002834405,0.3879728419010669,0.24125452352231608
learning to rank,17,-4.425139231655698,-4.412466664420456,-0.331854781537949,0.16376266459380184,0.3858520900321543,0.3838771593090211
learning to rank,18,-5.1256928578219805,-5.099618611193724,-0.8414951998090685,0.9504997797982612,0.335195530726257,0.26143790849673204
learning to rank,19,-5.766593770472952,-4.777974344974423,-0.8603480352188357,0.5375637646073731,0.23837902264600713,0.338409475465313
learning to rank,20,-5.5687653897154386,-3.0952474068788822,0.29345697455300657,-0.4703742883883526,0.24140012070006034,0.5449591280653951
learning to rank,21,-4.815053350764954,-4.997356742208949,0.1805175849495676,-0.5426817162621187,0.2851033499643621,0.35885167464114837
learning to rank,22,-4.120142039422341,-5.051165120441643,0.652144714499465,-0.40224478511488837,0.3853564547206166,0.336322869955157
learning to rank,23,-5.460124715624748,-4.703657197973793,0.1805931280562295,-0.556225468931627,0.25889967637540456,0.2770083102493075
learning to rank,24,-5.398434143989414,-4.011907885914647,-0.2998916243911997,0.12411139027840107,0.2572347266881029,0.418702023726448
learning to rank,25,-5.2106921672262745,-5.314199561613461,0.02560327365389875,0.6255888482275027,0.24464831804281342,0.21152829190904282
learning to rank,26,-4.90864738592367,-5.260340033360625,-0.2245143451705081,-0.17616205197685308,0.33755274261603374,0.35874439461883406
learning to rank,27,-4.412849591765953,-5.182279907446493,0.2697465070454384,-0.10365567977589796,0.30349013657056145,0.29397354238118567
learning to rank,28,-5.736762829435607,-4.160288995196731,-0.08280962607542014,-0.29789025074086606,0.27586206896551724,0.43080236941303174
learning to rank,29,-4.875525369335785,-5.705320042821448,0.292711290812578,-0.3323541191798669,0.2822865208186309,0.24154589371980678
learning to rank,30,-5.119699093519514,-5.249378997437776,-0.4871401950839325,0.7040196264011269,0.2791346824842987,0.30698388334612436
learning to rank,31,-5.25986086349894,-2.1315212871024136,0.1514149878899858,-0.3786780429303464,0.3171247357293869,0.6756756756756757
learning to rank,32,-5.803818068748275,-4.9356273628726814,-0.15615035376513198,0.5889860851979665,0.3047232097511427,0.30557677616501144
learning to rank,33,-4.714151378904078,-5.3970962118487265,-0.08642596839293554,0.006247013299277404,0.3091190108191654,0.23767082590612004
learning to rank,34,-5.349147240171741,-5.439695568171264,0.17866586930380907,0.1682668441152334,0.31628887717448606,0.2386634844868735
learning to rank,35,-4.281362887509832,-5.8695425321596995,-0.14389136226465146,-0.2686592905410007,0.41011619958988377,0.2258610954263128
learning to rank,36,-4.126366718049041,-4.477233002020087,-0.13844380019276925,-0.06589480479564275,0.3784295175023652,0.4248539564524695
learning to rank,37,-5.1330833280969115,-5.095451058605031,-0.6357968584693441,0.5735494385526557,0.3041825095057034,0.31628887717448606
learning to rank,38,-5.185121051515427,-7.880712781278823,-0.5738684107153911,0.25754146074113615,0.3005259203606311,0.1010611419909045
learning to rank,39,-5.33106434503019,-5.272607006615003,-0.02667537445571233,0.001180269727464234,0.31931878658861096,0.2534854245880862
learning to rank,40,-4.702703681975462,-3.9097249801722875,0.38833857008907224,-0.019829423378221467,0.3463203463203463,0.41987403778866345
learning to rank,41,-5.113095299005434,-5.473275696052641,-0.37740163807874627,-0.16354023540264614,0.3347280334728034,0.27510316368638243
learning to rank,42,-6.125379706209908,-3.8216236481084005,0.9912828473661575,-0.821321582420143,0.14224751066856328,0.418702023726448
learning to rank,43,-5.511070751355518,-5.0864025552899745,-0.0650481482790588,0.15197218173340643,0.27586206896551724,0.2577319587628866
learning to rank,44,-4.836744675050908,-5.598799800532932,-0.34364594905872664,0.9403059913561906,0.33482142857142855,0.23923444976076558
learning to rank,45,-5.419645243343186,-5.188557555179279,0.22724849616183385,-0.11174128478786424,0.21310602024507191,0.2577319587628866
learning to rank,46,-4.4592618264700326,-5.634401376653906,-0.7533922955116918,0.5146846777247033,0.41753653444676414,0.23696682464454977
learning to rank,47,-5.641143278884383,-6.131824745159392,0.23050512775807658,-0.11528734289721498,0.21041557075223566,0.2577319587628866
learning to rank,48,-4.1850250468956025,-5.500000000000001,0.19340111754753775,0.45035825159262716,0.4178272980501393,0.2159827213822894
learning to rank,49,-5.210783648767968,-5.478669018890414,0.04090137353521056,0.05239247464060623,0.335946248600224,0.30349013657056145
service-oriented architecture,0,-6.516036124385116,-6.294228137894926,-0.46909184530009373,-0.1721836684692225,0.3623188405797102,0.3254149040026033
service-oriented architecture,1,-5.827486147903416,-6.906218486339538,-0.22506856340876413,-0.05360354797514033,0.3562522265764161,0.31036623215394166
service-oriented architecture,2,-6.043744803590363,-6.809326833003102,-0.2212077033616594,-0.08747359957975476,0.41188584877905265,0.25889967637540456
service-oriented architecture,3,-6.417945265696615,-6.735693880952284,0.033118699648202354,-0.015211000429485866,0.3497522588166715,0.2183406113537118
service-oriented architecture,4,-5.959322843124942,-7.542506933198966,0.011751681558398563,-0.22792832207970626,0.3324468085106383,0.30202355783751134
service-oriented architecture,5,-5.478822005652285,-5.714232577760323,-0.08226205893468352,0.13424610424334493,0.3862246540070808,0.3835091083413231
service-oriented architecture,6,-6.2951375436717205,-5.306687161078861,-0.02835676976513335,-0.06897328425446903,0.32404406999351915,0.42957962565204044
service-oriented architecture,7,-6.26806532821819,-5.800500255543401,-0.29880845480071017,-0.0407890035337195,0.3887269193391642,0.3887269193391642
service-oriented architecture,8,-5.285677808501095,-7.223147831066239,0.10938754069039125,-0.6332126313395124,0.3892312682452157,0.2729443875810304
service-oriented architecture,9,-5.357568350265704,-5.727551701774895,-0.07083348034495796,-0.40468690827909803,0.35161744022503516,0.4641717435451117
service-oriented architecture,10,-6.3035494539975545,-6.094980696914338,-0.1633998977609452,-0.21096058779834825,0.339097999321804,0.4063860667634252
service-oriented architecture,11,-6.491613471903961,-4.990371447878398,-0.1277457851686673,-0.029858640633147804,0.3238341968911917,0.48869883934025654
service-oriented architecture,12,-5.983312530827776,-6.292100256091444,-0.2375330367341567,-0.34793096187067973,0.3341129301703976,0.4146919431279621
service-oriented architecture,13,-6.192736434830504,-5.860063287309475,-0.37784966546414755,0.03819890602328191,0.3181673560292714,0.38797284190106696
service-oriented architecture,14,-6.030705453225364,-7.619366259894509,0.009139110014025231,-0.031640426265327704,0.34928396786587496,0.29274004683840754
service-oriented architecture,15,-6.319058388623117,-5.401538628200129,-0.13589710512684827,-0.4343623678421966,0.2845962290999644,0.4243710215216732
service-oriented architecture,16,-6.576894817401548,-6.703127831325543,-0.21995727523114517,0.0465868337370412,0.2056907781967775,0.3115264797507788
service-oriented architecture,17,-6.6821974222356175,-5.98862186893321,0.022089657988478617,-0.21554153148602606,0.4266991770801585,0.3265839320705421
service-oriented architecture,18,-6.02678318078445,-5.9807688635764,-0.04295435613638654,-0.20041588017804768,0.32690421706440015,0.32948929159802304
service-oriented architecture,19,-5.70424671757427,-7.26374069517732,-0.01902490968271542,-0.06330561289155434,0.4505954296749276,0.2615233736515201
service-oriented architecture,20,-7.029912291265647,-6.397144817586825,-0.33198829487463943,-0.30134401084102735,0.2708192281651997,0.3552397868561279
service-oriented architecture,21,-5.263578338998033,-5.293617118146883,-0.058465132004665965,0.08718848716072491,0.4639025804581038,0.37792894935752075
service-oriented architecture,22,-7.331886365157157,-5.378204873689049,-0.19879002215330777,0.2941941012060405,0.3136762860727729,0.4132231404958678
service-oriented architecture,23,-4.780683267600532,-7.312803578430531,-0.1613192254004806,-0.3907850328387472,0.45439792275235313,0.19940179461615154
service-oriented architecture,24,-6.437335908451105,-5.843845510819209,-0.28828681221007,-0.20242510365608213,0.3778337531486146,0.3395585738539898
service-oriented architecture,25,-6.585641913778174,-5.453200700590209,0.08486209280955104,-0.032407428068999655,0.3673094582185491,0.4339739615623063
service-oriented architecture,26,-7.033873642825047,-5.563304947974467,-0.27746002341892784,-0.16549343954808915,0.3009328919650918,0.4472843450479233
service-oriented architecture,27,-6.256999392764192,-7.312268535173057,-0.11178313621066194,-0.3295125502101556,0.3354579000335458,0.29489826010026543
service-oriented architecture,28,-6.02887501355795,-6.973138618726604,-0.117389460553326,-0.0946462122669618,0.3778337531486146,0.2767208578346593
service-oriented architecture,29,-7.83593324372322,-6.0649882509375335,0.180045015114767,-0.4320369530040731,0.2616088947024199,0.4205467107239411
service-oriented architecture,30,-6.403875430064523,-7.051713860563298,0.06331045606242125,-0.2589521981580244,0.29207740051113545,0.3524229074889868
service-oriented architecture,31,-6.124475762390304,-4.830748312290414,-0.29870396405588917,0.07584038168719309,0.39827414537006306,0.47393364928909953
service-oriented architecture,32,-5.427145814915923,-5.3435451371147185,0.5005097116246845,-0.39871142809436144,0.38095238095238093,0.3772398616787174
service-oriented architecture,33,-5.437521836795245,-6.354432751707134,-0.32765001574266417,-0.11116913309402032,0.4381846635367762,0.2737850787132101
service-oriented architecture,34,-6.463192814463464,-5.394388450245904,0.03816734630418572,-0.3236361544564633,0.31826861871419476,0.3961703532518983
service-oriented architecture,35,-5.802712353087708,-5.254469988038366,0.05694133714609084,-0.2459578094905519,0.3292723081988805,0.44247787610619466
service-oriented architecture,36,-6.852641745216997,-7.411060425951339,-0.10328473156976481,-0.13859849961970105,0.36264732547597456,0.2579812963560142
service-oriented architecture,37,-5.253160619021775,-5.8746656484626145,0.21258315581317055,-0.162048149452671,0.42075736325385693,0.36418816388467373
service-oriented architecture,38,-6.287602459025159,-5.840953296601435,-0.2516856369291125,0.010802245844523717,0.3259452411994785,0.4643064422518862
service-oriented architecture,39,-5.4193110299036125,-7.0906404511683565,-0.22193626130846156,-0.0800400177250099,0.45901639344262296,0.2051983584131327
service-oriented architecture,40,-5.414293282265458,-8.079288359651882,0.36594688383391305,-0.16243635875555618,0.4354587869362364,0.18987341772151897
service-oriented architecture,41,-5.744070381494623,-6.485881282465027,-0.10534322035912735,-0.14227882311533924,0.3861003861003861,0.3690036900369003
service-oriented architecture,42,-5.899886231852128,-5.678314972998292,-0.06830151061219902,-0.07894261513203238,0.32808398950131235,0.39254170755642787
service-oriented architecture,43,-7.993499409984446,-5.463268054414452,-0.2253012148696365,-0.2295726673760955,0.13932427725531174,0.4710038269060936
service-oriented architecture,44,-6.650014033470102,-5.909184372056845,-0.41003135480849595,-0.09647676043376108,0.37348272642390284,0.36630036630036633
service-oriented architecture,45,-5.49805160293821,-6.91064044948941,-0.04958671361002365,-0.14655569372367305,0.35211267605633806,0.35387791212031855
service-oriented architecture,46,-5.200187002460978,-7.028209995826599,-0.019887626460487695,0.05826336390897713,0.492156259612427,0.31133250311332505
service-oriented architecture,47,-6.9231866301292095,-6.314971530586069,-0.5339040679688806,-0.16784444824200773,0.31269543464665417,0.3461405330564209
service-oriented architecture,48,-6.0668797548572035,-7.298707197892199,-0.3407136405741309,-0.020750135450947393,0.4148148148148148,0.19607843137254902
service-oriented architecture,49,-5.434715507242466,-5.888979405154182,-0.2328508600355288,-0.03540781564381967,0.4365450576863112,0.38486209108402825
piRNA,0,-3.3549737546831238,-3.7185745123011187,-1.8405566337909127,0.5985192039579437,0.5671077504725898,0.48426150121065376
piRNA,1,-3.1428571428571432,-3.6347542523353646,-0.31238191993215214,-0.4029332825385444,0.5769230769230769,0.4640371229698376
piRNA,2,-5.02564130568967,-3.1568902420252525,-0.2733629791189418,-0.595290026408353,0.30792917628945343,0.5698005698005698
piRNA,3,-2.3302580126103214,-4.255317354663571,-1.4737166342462804,0.4561920232674079,0.6651884700665189,0.3827751196172249
piRNA,4,-2.5985387905809385,-3.602075868206611,-0.2734687883182878,,0.5859375,0.4514672686230249
piRNA,5,-3.785150412722814,-3.742148763999752,-0.7405457270477793,0.006275000951923515,0.4608294930875576,0.4555808656036447
piRNA,6,-2.05255178968339,-4.551051858520864,-0.3433407939264226,-0.2525706548447626,0.6802721088435374,0.34071550255536626
piRNA,7,-3.3519712651969913,-3.3033658146395406,-0.07864217499298953,0.48445373481280884,0.5110732538330494,0.5042016806722689
piRNA,8,-3.787894066370549,-4.3470530885607195,-0.46030926943048345,-0.2852806012945004,0.4569687738004569,0.3802281368821293
piRNA,9,-3.013437767549201,-4.220908391955096,-0.41344861654662013,0.44669669382983007,0.570884871550904,0.3861003861003861
piRNA,10,-4.31591401035294,-3.076872567316203,-0.2923002484121397,0.24489387679831554,0.4552352048558422,0.5758157389635317
piRNA,11,-3.531342163338984,-3.271829425630395,0.3808010507767135,-0.39088135148434666,0.5054759898904803,0.5115089514066496
piRNA,12,-4.376944414354497,-3.6093681893558474,-0.450618377408292,-0.12814244708855044,0.4163775156141568,0.4629629629629629
piRNA,13,-4.209440488355574,-3.70924625454663,0.1658024940089493,-0.3482384175323928,0.4464285714285714,0.5383580080753702
piRNA,14,-2.9602420805325114,-3.6028160622982046,-0.4273692660624744,0.17530052064952095,0.5825242718446602,0.4535147392290249
piRNA,15,-4.243670669947269,-4.151579283032284,-0.5213074539807948,-0.3377487519993681,0.4092769440654843,0.45592705167173253
piRNA,16,-3.1156565578859308,-3.150381344851883,-0.3656943373550085,0.7433092120006237,0.5830903790087464,0.5471956224350205
piRNA,17,-4.955655012189167,-1.0669749601372722,-0.19766370400176447,-0.09222175986669146,0.3766478342749529,0.8344923504867872
piRNA,18,-4.586711967749316,-3.728947834537931,-0.5417442299586686,-0.20150785502116497,0.3827751196172249,0.5037783375314862
piRNA,19,-3.120183362830953,-4.178129670020327,-0.027149730755289203,-0.5585745758502118,0.5836575875486382,0.44419766796224314
piRNA,20,-3.2284952722451448,-4.1127502809210155,-0.018256336899119374,-0.38187943648073,0.5736137667304014,0.4062288422477996
piRNA,21,-2.6493712712602067,-4.251840703451541,0.22769455388765902,-1.1711884055016433,0.5808325266214908,0.3824091778202677
piRNA,22,-3.5932487180209463,-3.8061413946897122,-0.4295087826777449,-0.813366250940485,0.45489006823351025,0.4640371229698376
piRNA,23,-4.937295253690077,-2.911513771972726,-0.03566583054137262,-0.5492393784966381,0.3021148036253776,0.5752636625119847
piRNA,24,-1.3112073251624075,-4.156012516080933,0.09966279079046086,0.45751193556945136,0.8174386920980926,0.39100684261974583
piRNA,25,-3.649894649183878,-4.714005292032536,-0.21492293144911123,-0.32327883590848305,0.502092050209205,0.38167938931297707
piRNA,26,-3.414848051467572,-3.3579299146322845,0.13530523974734754,-0.5549575701004962,0.5150214592274678,0.5102040816326531
piRNA,27,-4.338757330385098,-2.057923318430038,-0.026330663827974554,-0.8345651455052969,0.3826530612244898,0.6795016987542469
piRNA,28,-3.921965546548022,-2.198560052660469,-0.37111058622644666,-0.8460814177616018,0.418702023726448,0.6734006734006734
piRNA,29,-3.0090322848710076,-4.267740780609118,-0.2946357480114595,-0.3928305040869031,0.5563282336578581,0.4172461752433936
piRNA,30,-3.4500781014507016,-2.3165620275160332,0.3164529090684125,-0.6913997155924265,0.5551700208188758,0.6756756756756757
piRNA,31,-4.281231359249385,-3.272459061801209,-0.21787691620068478,-0.7175859513594608,0.41551246537396125,0.5509641873278237
piRNA,32,-3.794181916449209,-2.8845266831919774,-0.8701996029490193,0.2905788255956957,0.45558086560364464,0.5836575875486382
piRNA,33,-4.747003062409993,-2.349570385837921,0.46992445427728446,-0.5512085772260245,0.3780718336483932,0.671892497200448
piRNA,34,-5.193137975797262,-1.5535168172814413,-0.15684323627423669,-0.7706141096949457,0.37593984962406013,0.8010680907877169
piRNA,35,-3.22727644075589,-3.6596268648710453,-0.35651062817569884,-0.16841721633869033,0.54421768707483,0.4608294930875576
piRNA,36,-3.287232577344653,-2.9163729912360927,-0.14094564112934865,-0.3294498135848229,0.5471956224350205,0.5780346820809248
piRNA,37,-4.700415918766231,-3.0716670478982877,-0.3616337674790493,0.11829634257300203,0.4076086956521739,0.6033182503770739
piRNA,38,-4.600804373265317,-4.3534242977655,-0.2365382448917978,-0.6142035385616841,0.3404255319148936,0.4163775156141568
piRNA,39,-3.2660326923495484,-4.303241210351037,-0.21078334479330485,0.008502155058481953,0.5551700208188758,0.3460207612456747
piRNA,40,-3.70924625454663,-3.968964076554308,-0.48095481489457587,0.4898795473078371,0.5383580080753702,0.4962779156327543
piRNA,41,-4.0967330685384695,-4.764608329895903,-0.18630974432855824,,0.4507888805409466,0.3389830508474576
piRNA,42,-2.306402486650812,-4.2131294271702,-0.3197154150140087,-0.3785700074374673,0.6734006734006734,0.4135079255685734
piRNA,43,-3.2193167175730117,-3.3196468812634015,-0.5586730752831576,0.5686793611313652,0.5132591958939264,0.5093378607809848
piRNA,44,-3.5231798525567948,-4.915774552624013,0.012267194828774919,-1.4148287501611674,0.49916805324459235,0.33698399326032014
piRNA,45,-2.7777777777777777,-2.871465837639831,-0.21108909417840932,-0.2007056969573895,0.6153846153846154,0.5802707930367504
piRNA,46,-3.92848700096847,-2.960701585200437,-0.27081592323514886,-0.4059933571450195,0.45558086560364464,0.5509641873278237
piRNA,47,-4.729444688208493,-3.111269837220809,-0.13089371929747828,-0.7202674722341096,0.3389830508474576,0.5769230769230769
piRNA,48,-3.9619264001360546,-2.945211745629375,-0.9525725272680681,0.16650045411085534,0.452147701582517,0.6037735849056604
piRNA,49,-3.2595521302837462,-3.5420231759980014,-0.4558267772572775,-0.3970009412171631,0.5054759898904803,0.5004170141784821
lipidomics,0,-3.769230769230769,-5.527001330997213,0.11161626752499898,-0.303848829584326,0.5504587155963303,0.30349013657056145
lipidomics,1,-3.731413905553815,-5.848196197601576,0.2395110300940464,-0.14199836844657993,0.5461993627674101,0.3307151715584952
lipidomics,2,-4.09449763003787,-4.400110863348344,0.2085197600040286,-0.08697252833195301,0.46641791044776115,0.4878048780487805
lipidomics,3,-5.717878459552309,-2.61685382892912,0.20572263648574218,0.12247669835280756,0.3526093088857546,0.6722689075630252
lipidomics,4,-4.467014312431724,-2.68914182311117,0.08348535578511973,-0.17668937771363102,0.46783625730994155,0.6355932203389831
lipidomics,5,-4.191999058283669,-5.130517843647677,-0.21013134292683217,-0.24003083580498413,0.44563279857397503,0.4078303425774878
lipidomics,6,-4.401373992659089,-4.597663685171259,0.020252754085783642,0.1480203011872897,0.4566210045662101,0.444642063139173
lipidomics,7,-5.141904211025068,-4.5090470698503005,-0.049966748583176734,0.09107833693265543,0.3171247357293869,0.4674717569146864
lipidomics,8,-5.427618102196869,-4.065461392585117,-0.04627166212029932,0.17571843939626564,0.3009027081243731,0.5277044854881267
lipidomics,9,-4.470821839771713,-2.787904911058383,0.3997658331810126,0.018227042899069845,0.4278990158322636,0.6652806652806652
lipidomics,10,-3.504000329198403,-4.558520013342257,-0.05020002899121251,-0.061663512154417455,0.5811540058115401,0.3883495145631068
lipidomics,11,-4.406379729580292,-5.546796834368002,0.06320681840923009,0.4487984445661001,0.4786979415988511,0.338409475465313
lipidomics,12,-4.126866174255223,-5.79706161267688,-0.6545617701937682,0.33649078282753364,0.5002501250625313,0.36218761318362913
lipidomics,13,-4.952015048586087,-3.381824525924445,0.03749308414242053,-0.04570034259479161,0.4032258064516129,0.5605381165919282
lipidomics,14,-3.685649972832528,-4.02668686147357,-0.06189662454435241,0.1365253811035153,0.5102040816326531,0.4859086491739553
lipidomics,15,-4.8298980386457195,-4.650874179187245,0.1474623689650666,-0.02185676879873133,0.41305245766212306,0.4048582995951417
lipidomics,16,-5.36179033489002,-3.5525841063548333,0.04621744363019081,-0.11657526290111286,0.36101083032490977,0.5537974683544303
lipidomics,17,-4.095797980523071,-3.7183113417118654,0.07236889604108176,0.09117780498079375,0.4796163069544364,0.555812876331635
lipidomics,18,-3.696175054996005,-5.498872711632214,-0.08341115291011303,-0.17830113641401013,0.5333333333333333,0.3415883859948762
lipidomics,19,-5.371658123289403,-4.368291875037396,-0.12416176009341934,0.49951163530043297,0.3721622627465575,0.42530568846358324
lipidomics,20,-4.867864017196975,-3.1436477858150833,-0.11565290772543746,0.3478122825143922,0.4893393918210416,0.5558643690939411
lipidomics,21,-4.270159101862229,-5.005997006234643,-0.005785746093718902,0.31375404383537675,0.4862236628849271,0.395882818685669
lipidomics,22,-5.643411089974013,-4.429736797303562,-0.24700405083762444,0.03042844001947828,0.2722323049001815,0.49382716049382713
lipidomics,23,-2.9498045041342946,-4.673336445133365,0.04948659523413107,-0.3461042064443799,0.5949429846306395,0.3795066413662239
lipidomics,24,-5.570201516512783,-3.425290510781781,0.14181810852865118,-0.01267178367438676,0.32171581769437,0.5624748895138609
lipidomics,25,-2.431657241400865,-4.442759056028254,0.06480737214227694,0.13327868471509752,0.667302192564347,0.4551661356395084
lipidomics,26,-4.935381973741274,-2.960285851600943,-0.25459502523516975,0.40502180326286985,0.44247787610619466,0.5889281507656066
lipidomics,27,-2.5093926621354883,-4.66611012953454,-0.20995323466496124,-0.1225131008231658,0.7168458781362007,0.4028197381671702
lipidomics,28,-4.657592671933741,-4.7324256652576935,-0.12789891260883118,0.4694847252935128,0.449438202247191,0.4264392324093817
lipidomics,29,-4.00486338717194,-4.841543747729406,0.30604401057131914,0.060138445108970706,0.5008347245409015,0.3768252472915685
lipidomics,30,-6.217638730454414,-4.398791822664423,-0.3582744766058933,-0.12981880167233228,0.3074558032282859,0.4426737494466578
lipidomics,31,-3.2876105659784183,-4.844696691916984,-0.08349414269740757,0.31299591284097006,0.5581395348837209,0.3924646781789639
lipidomics,32,-5.711950716851886,-5.3765827089312035,0.029322926592734888,0.21778298297622578,0.4125128910278446,0.2997002997002997
lipidomics,33,-4.951494981388607,-5.289951128892204,0.39874396936400514,0.08526369539262046,0.41823504809703055,0.38804811796662786
lipidomics,34,-3.6935042167729435,-4.682579309721919,0.009721252205498132,0.10116860742940448,0.5409582689335395,0.43840420868040336
lipidomics,35,-3.6858844649167435,-3.244428422615251,0.032583133112038865,-0.3075618213926937,0.586940572267058,0.5555555555555556
lipidomics,36,-4.080193517408772,-5.08420782595864,-0.2169123465064859,0.3216681918612292,0.4694835680751174,0.3862495171881035
lipidomics,37,-6.263763288864145,-4.747365442051594,0.015471507282533548,0.3093383897626716,0.24896265560165973,0.4100041000410004
lipidomics,38,-2.778790621963292,-4.311941687575381,0.07414130141662101,0.38567849563890005,0.5920663114268798,0.42716787697565145
lipidomics,39,-4.548174028974301,-4.893332833739402,0.38553591413960975,0.028081813403684652,0.3838771593090211,0.4449388209121246
lipidomics,40,-4.788069040129803,-4.007839289712357,-0.02581094188195604,-0.04563519832611235,0.4674717569146864,0.46904315196998125
lipidomics,41,-4.854531661729042,-4.903309578410458,0.08663311290510134,0.05613889218493573,0.42319085907744397,0.41186161449752884
lipidomics,42,-3.31401878903735,-5.270084397931617,-0.0831059687897262,0.32954108009827354,0.5967604433077579,0.3420265070542967
lipidomics,43,-4.631058249214127,-3.1880071563662837,-0.24396086576016296,0.3970096959052889,0.43478260869565216,0.5698005698005698
lipidomics,44,-4.721403144137887,-4.418175118758928,0.32485023202279023,-0.2895353685909637,0.4199475065616798,0.4911993450675399
lipidomics,45,-4.5347204549657985,-4.134275209425866,0.14038113056671375,0.011702846454773486,0.3764705882352941,0.5052631578947369
lipidomics,46,-5.400430463234193,-4.2981875635482725,-0.09750346955995315,0.07490830569524681,0.4122011541632316,0.4996431120628123
lipidomics,47,-4.0220864804898175,-3.3585977486974956,0.11098792488812259,-0.25578372359229656,0.5279034690799397,0.5347593582887701
lipidomics,48,-4.058960076641021,-5.410641769882189,-0.2996229380830323,-0.14113374987578736,0.4434589800443459,0.3698224852071006
lipidomics,49,-5.427275048663309,-3.9601668579909113,-0.19579365617879035,0.3607890604801721,0.4140786749482402,0.5272407732864675
network coding,0,-5.192578223874189,-4.130031497880873,-0.9499752218341211,-0.07599392577055797,0.3519577650681918,0.38734667527437056
network coding,1,-5.838546582155397,-5.723422531419486,0.2311959836791142,-1.9345406687496483,0.2017145738779627,0.2827521206409048
network coding,2,-4.209614187757747,-5.332991224313038,-0.4392267174018394,-0.15244031573060735,0.4417448923246825,0.2805049088359046
network coding,3,-4.4289401294506785,-5.945697480617149,-0.2507898644579343,-0.6200616302711484,0.3889158969372873,0.26513477684489617
network coding,4,-5.635851667769085,-4.7311655945976065,-0.6017297301230613,-0.60253715346711,0.272975432211101,0.3575685339690107
network coding,5,-4.984367577254967,-4.618232587167328,-0.35734417795253837,-0.04389464586358427,0.33898305084745767,0.3885381253035454
network coding,6,-5.744499157963195,-5.416666666666667,0.29272616615199576,-0.9792928271589849,0.27739251040221913,0.3157894736842105
network coding,7,-4.897870125632645,-5.598664432409763,-0.11574705322865197,-0.741344357662141,0.35288928098808997,0.31562335612835346
network coding,8,-5.145044498323979,-6.0936958351555015,-0.25894359781380993,-1.1565625143527725,0.36101083032490977,0.2556455048998722
network coding,9,-5.423771737094354,-5.3614123685866,-0.7671322393922462,0.08072498336553124,0.35103115401491886,0.28804608737397985
network coding,10,-4.801806534959952,-5.241552252494094,-0.6216474209293454,-0.47237813854033917,0.32292787944025836,0.3033367037411527
network coding,11,-5.0842839758785505,-5.41970221734549,-1.5445391066086631,-0.6861816179555582,0.3331482509716824,0.2665482007996446
network coding,12,-5.501372601327577,-5.921797178438789,-0.2757254382976029,,0.3110419906687403,0.24906600249066002
network coding,13,-4.193791570885413,-5.575283125732181,-0.7081170967045995,-0.01753156012475965,0.4584527220630373,0.28694404591104733
network coding,14,-5.0966348299951445,-5.199461778217675,-0.2380565328841895,-0.6671224998175385,0.28832292167227297,0.2862595419847328
network coding,15,-4.978240002454191,-5.672394826470334,0.6602829808080077,-0.703815290160934,0.3133159268929504,0.2901353965183752
network coding,16,-5.074655983341018,-5.536551190423924,-0.23836919771586085,-0.15369963939791864,0.364797081623347,0.2891566265060241
network coding,17,-5.718353585022785,-6.02474933481054,-0.5834674117071721,-2.27887468872595,0.35149384885764495,0.2863961813842482
network coding,18,-5.2753116459855915,-5.444860469871875,-0.09011896240153594,-1.630936507105277,0.341296928327645,0.2861230329041488
network coding,19,-4.878320529349494,-4.548445529666195,0.913508566455393,-0.9487520561005982,0.3161222339304531,0.3866602223296278
network coding,20,-5.132496558575889,-5.260760946842759,0.4008512164120299,-0.1532861392723326,0.3167898627243928,0.3683241252302026
network coding,21,-5.228324362200325,-5.037347345416963,-0.03011100934258515,-0.1326205802360696,0.28971511347175277,0.31762837480148226
network coding,22,-5.1273567768787265,-5.4914509457088085,-0.32645895973353056,-1.168845495643155,0.3777148253068933,0.2799813345776948
network coding,23,-5.508056668994948,-5.398714922542329,-0.04789334179778715,-0.01800629326186387,0.28721876495931065,0.32
network coding,24,-4.245378460947433,-5.53285329300153,0.2316051124586116,-1.7999373202183913,0.38634900193174504,0.287494010541447
network coding,25,-4.8991084869426516,-5.8698885402058325,-1.138508784548883,0.659098027295588,0.3673094582185491,0.2744739249771272
network coding,26,-5.8574122571759855,-5.552379121790576,-0.434370439973488,-0.19578476284900548,0.26501766784452296,0.2669039145907473
network coding,27,-5.941984750728731,-4.661361002183257,0.8360564119939902,-0.8934881325508721,0.2664298401420959,0.383325347388596
network coding,28,-5.649843085400667,-5.7543973240876065,-0.07961052133842417,-0.28324545166574344,0.33222591362126247,0.2578427159432746
network coding,29,-6.040914064197426,-6.546824751196837,-0.070058868229387,-0.3549642021572348,0.28653295128939826,0.25630072618539085
network coding,30,-5.070902378611179,-5.307901384920151,-0.2858411707228503,-0.14676329865877547,0.3715745471435207,0.3067484662576687
network coding,31,-6.5653676687423275,-4.130831407349134,-0.04971276955881132,-0.634271529839471,0.1948368241597662,0.44077134986225897
network coding,32,-5.738687209088016,-4.545638661403481,-2.448531866468222,0.12088999005309087,0.24752475247524755,0.35885167464114837
network coding,33,-5.656127154076253,-3.301415099620347,-0.4441946051846313,0.2992172459522693,0.26666666666666666,0.5232177894048398
network coding,34,-6.063602960018166,-4.871163987444811,-0.9294341513061468,0.7597903199095968,0.2554278416347382,0.33277870216306155
network coding,35,-5.16510279820901,-5.316609037562519,-0.10036266781220471,0.18537762154311088,0.3167898627243928,0.2857142857142857
network coding,36,-4.998029942380924,-5.811586478531396,-0.49978599999574636,-0.1799596463697597,0.3181336161187699,0.285442435775452
network coding,37,-5.376691240184604,-6.084275606118495,0.4249079561637634,-0.48708768521807766,0.2798507462686567,0.27359781121751026
network coding,38,-5.285232386579569,-4.600361367974508,0.5144806051713235,-0.16649763345813096,0.33463469046291133,0.3780718336483932
network coding,39,-4.778587399574863,-5.228867201479562,-0.733872614975482,-0.08107197277261524,0.3350083752093802,0.33769523005487545
network coding,40,-4.9639727679577,-5.893360739525362,-0.06644915125204842,-0.5408511879535571,0.3496503496503497,0.30045067601402103
network coding,41,-4.952674091164897,-5.319075868143471,-1.099502443470473,-0.039861508782229826,0.33641715727502103,0.3033367037411527
network coding,42,-6.410210413552138,-4.695098627586949,-0.4516515732615738,-0.8249648509017069,0.24691358024691357,0.33821871476888393
network coding,43,-5.578243898070278,-5.137769809811188,0.10118150418049066,-1.3735929336265778,0.2665482007996446,0.2862595419847328
network coding,44,-5.659863186672248,-5.401768208110721,-0.38561959140299296,-0.6760219386917323,0.2680965147453083,0.31729243786356426
network coding,45,-5.353043860905115,-4.924264134722303,-0.918691060111442,-0.5017078964915402,0.3161222339304531,0.36052275799909866
network coding,46,-5.729981573177333,-3.56978653441796,0.47334636015015596,-0.5766356168267097,0.25630072618539085,0.5108556832694764
network coding,47,-4.796272453429686,-5.1322820735195345,-0.47939045089483723,0.04384967663518147,0.3516483516483517,0.31762837480148226
network coding,48,-5.027393094802472,-5.931151406785044,,-0.07818702551615142,0.32051282051282054,0.27752081406105455
network coding,49,-6.041907835909038,-4.823872003691726,-0.37049273621002454,0.1693632955347837,0.25295109612141653,0.3309431880860452
severe acute respiratory syndrome,0,-6.4387755253187615,-9.234637549491088,-0.04288465222068347,-0.381900386618377,0.7123402472239682,0.5887300252312868
severe acute respiratory syndrome,1,-7.317112424857724,-9.048156493609003,-0.4329952565228769,-0.36805958965072805,0.6368074718743366,0.630119722747322
severe acute respiratory syndrome,2,-7.444727727654906,-10.054817627595538,-0.2953045356308107,-0.5165048083284893,0.6698764915218756,0.5515485787017395
severe acute respiratory syndrome,3,-8.635479955592222,-8.630173562933756,-0.1475141196811705,-0.28996321148500975,0.6295907660020986,0.5904681568958245
severe acute respiratory syndrome,4,-6.491210746472401,-10.148960470509435,-0.25253824349753407,-0.28226705225685855,0.6785411365564038,0.544959128065395
severe acute respiratory syndrome,5,-9.219064510159255,-6.431433923944123,-0.39239896911190775,-0.2439309169269133,0.5882352941176471,0.7105538140020898
severe acute respiratory syndrome,6,-5.392190193875969,-9.384061618100233,-0.3928756583907651,-0.2973590879078005,0.7252559726962456,0.5481762597512123
severe acute respiratory syndrome,7,-7.356007410835141,-10.963200865045637,-0.37524636114912246,-0.4507940666651698,0.6311803071744161,0.5079365079365079
severe acute respiratory syndrome,8,-5.809788489018914,-10.519889246254337,-0.29574885147023633,-0.29944136990713865,0.7145859604875998,0.547945205479452
severe acute respiratory syndrome,9,-8.2479557659839,-9.708690027995466,-0.30818696713969607,-0.5327520779455833,0.5934718100890207,0.5855290673358428
severe acute respiratory syndrome,10,-6.357638062338425,-8.971094684705196,-0.41878828446718536,-0.24848730999262503,0.7120418848167539,0.5895978100652769
severe acute respiratory syndrome,11,-8.184271554937297,-7.5271336030919995,-0.39858748192686067,-0.3095254332605033,0.6329113924050633,0.6705783738474435
severe acute respiratory syndrome,12,-7.6699519093126955,-7.7871089511711435,-0.2360395855182169,-0.4484881527254678,0.670859538784067,0.6396588486140725
severe acute respiratory syndrome,13,-8.421715965203617,-7.8119734465706125,-0.28113278745170645,-0.3816285878574357,0.5905927019616115,0.6718454755406256
severe acute respiratory syndrome,14,-6.3852808928454285,-8.583323000442638,-0.2960638914009615,-0.214141099472631,0.7157894736842105,0.598035027765912
severe acute respiratory syndrome,15,-9.292103927352724,-7.6371052929850105,-0.45052618074512407,-0.19644152090967235,0.5858966310943712,0.6753904601097509
severe acute respiratory syndrome,16,-6.756699522505207,-9.866747441567318,-0.18823956363337951,-0.4776223107107682,0.6746784735399536,0.546448087431694
severe acute respiratory syndrome,17,-10.088707739146708,-7.654291276280208,-0.2681532523054402,-0.3369537991927819,0.5097706032285472,0.671281728550451
severe acute respiratory syndrome,18,-11.249798732115527,-7.2771964328412375,-0.25122582496278234,-0.4174294542704976,0.505369551484523,0.6725514922236234
severe acute respiratory syndrome,19,-10.887413213755256,-7.648529270389178,-0.5841633183953663,-0.4417959164421148,0.507292327203551,0.6722689075630252
severe acute respiratory syndrome,20,-8.856283382908938,-10.63595237153703,-0.3343611121686852,-0.3108020805251168,0.6284038542103058,0.5090137857900319
severe acute respiratory syndrome,21,-9.200631915327762,-6.311725172993557,-0.3170054054722356,-0.5059481129726611,0.5925925925925926,0.7130872483221476
severe acute respiratory syndrome,22,-10.386021840596495,-9.492484919885046,-0.3805855626318409,-0.2697178023338689,0.5865102639296187,0.5526036131774708
severe acute respiratory syndrome,23,-7.116678186463175,-9.462965786130972,-0.4285832256193941,-0.4008371511608065,0.6792613033326258,0.5866331447726797
severe acute respiratory syndrome,24,-11.364912093692821,-6.161934020043387,-0.3352216654394575,-0.38603334120793353,0.5038841066554692,0.715187210769878
severe acute respiratory syndrome,25,-6.23776564669005,-11.632806559461391,-0.49334664083476976,-0.4427507198661088,0.7174509390166701,0.46491969568892644
severe acute respiratory syndrome,26,-9.367854495433141,-5.813800032614483,-0.24844859860093968,-0.4311162867676608,0.5874947545111204,0.7561436672967864
severe acute respiratory syndrome,27,-6.867440235313078,-9.945326251359923,-0.4404772438327886,-0.21358486248292163,0.6753904601097509,0.5511977952088192
severe acute respiratory syndrome,28,-6.438303434998768,-8.966785434532058,-0.29103273255522677,-0.6026716316566935,0.6792613033326258,0.5832118308685691
severe acute respiratory syndrome,29,-8.694620260320342,-6.205413974777755,-0.4222648942179362,-0.29376801907934347,0.5894736842105263,0.7156388128814987
severe acute respiratory syndrome,30,-7.960496307786072,-9.525922757344029,-0.217599737159842,-0.22721642426887276,0.6297229219143576,0.5860192549183759
severe acute respiratory syndrome,31,-8.368747292999913,-8.82858753474478,-0.24737105191355643,-0.48102210458467365,0.630119722747322,0.5918410484041429
severe acute respiratory syndrome,32,-6.366929949060373,-9.855558988846255,-0.27715289614517424,-0.32480368934253057,0.7127882599580713,0.5518998089577585
severe acute respiratory syndrome,33,-8.41102414910931,-7.54631839361993,-0.23680025915653236,-0.36491202401849254,0.59284353165361,0.6698764915218756
severe acute respiratory syndrome,34,-6.4678393332043616,-8.865730202947242,-0.46116370893820247,-0.3971059832182903,0.7141356857802983,0.5918410484041429
severe acute respiratory syndrome,35,-8.437911527532378,-8.387558943945965,-0.3690817336386143,-0.2935428571713313,0.6714225765841377,0.5932203389830508
severe acute respiratory syndrome,36,-7.988242450972679,-6.132566294895276,-0.23650636933940405,-0.4143395374803812,0.6323777403035413,0.7145859604875998
severe acute respiratory syndrome,37,-7.49424730643835,-9.294578637666167,-0.4629861233221297,-0.2514727191071041,0.6711409395973155,0.5910914080641757
severe acute respiratory syndrome,38,-8.92839704537423,-8.954607201049207,-0.2618461924161425,-0.40633494850737173,0.625130235465722,0.6322444678609062
severe acute respiratory syndrome,39,-7.486584629001893,-9.108554602786441,-0.4689369213246217,-0.45276773571396806,0.7109995817649519,0.6282722513089005
severe acute respiratory syndrome,40,-8.741904898041652,-6.8170313888848195,-0.3429251622798597,-0.5439546150718144,0.5887300252312868,0.7111482953357038
severe acute respiratory syndrome,41,-7.225071200246106,-6.665421195300134,-0.37047923658782644,-0.4484395689826942,0.6721277042638101,0.6756756756756757
severe acute respiratory syndrome,42,-6.693826945898349,-6.490973991846821,-0.341325230122398,-0.4517786529511011,0.7133864876206463,0.7112970711297072
severe acute respiratory syndrome,43,-6.408026990997724,-8.257650092291934,-0.21720533179139884,-0.47720650095547995,0.7135362014690452,0.5944798301486199
severe acute respiratory syndrome,44,-6.8723195887079,-8.552769963901497,-0.27056868327405303,-0.46557818678804025,0.6728343145500421,0.5922165820642978
severe acute respiratory syndrome,45,-8.072702199324675,-6.812315674081523,-0.08784199528550563,-0.43077682345238716,0.6293266205160478,0.6776789495976281
severe acute respiratory syndrome,46,-8.710857148298583,-8.81639274932793,-0.24831174140654683,-0.45416590527507394,0.5907172995780591,0.6322444678609062
severe acute respiratory syndrome,47,-7.841167140478483,-9.191826291608091,-0.43512720273722305,-0.17860029002850047,0.6318449873631002,0.5900948366701791
severe acute respiratory syndrome,48,-9.772879351676027,-7.578136420570099,-0.20889432603092356,-0.2740917026003139,0.5501481168006771,0.6321112515802781
severe acute respiratory syndrome,49,-7.1142651190545845,-10.758309661006397,-0.46363647849527634,-0.2680474770600976,0.6729758149316509,0.546448087431694
cognitive radio,0,-8.775696140175436,-9.299719386501906,0.3019009121295739,0.36738389544118966,0.3071410289224469,0.30526583566522514
cognitive radio,1,-8.702383731704522,-7.717646161496203,0.006226594317848777,0.4401212464377329,0.3056546102903719,0.3627882871210158
cognitive radio,2,-8.116130561297068,-8.335524887044581,0.38002988951648975,0.40296797104679505,0.35961983046493706,0.3020387616410773
cognitive radio,3,-8.15660831309694,-7.697814511059274,0.17056432120176546,0.3504216107673541,0.3125814014066163,0.36129032258064514
cognitive radio,4,-7.962523666928129,-8.500891935447251,0.49673682869449365,0.13084588036149358,0.3112033195020747,0.3098373353989156
cognitive radio,5,-8.092466817616048,-9.220790981374018,1.6126844185553209,0.12988134717465405,0.3579647149066735,0.30959752321981426
cognitive radio,6,-8.594709367815774,-8.60313250443633,0.23282769894178834,0.26562243546631625,0.30935808197989173,0.25510204081632654
cognitive radio,7,-8.638882541870533,-7.839519496996795,1.5815312564328503,0.4032854471508469,0.35705177250701353,0.31290743155149936
cognitive radio,8,-8.986715396730053,-8.066093162252514,0.33600661601730175,0.09665163278668087,0.2544529262086514,0.35202413879808897
cognitive radio,9,-7.420723566667779,-7.716217983851853,0.20426967739071034,0.37059652988316305,0.41088854648176687,0.3171247357293869
cognitive radio,10,-8.755643105455485,-9.214360205350864,0.18587984106804945,0.4612551878001607,0.30495552731893266,0.2601456815816858
cognitive radio,11,-7.50424362245327,-7.809522022843857,0.35819484471815605,0.3339478863583254,0.36851803106080544,0.3203416978109984
cognitive radio,12,-6.497025319536348,-7.893444646141414,0.6082566930878748,0.019711525601667446,0.41386445938954997,0.26759432700026764
cognitive radio,13,-8.773644960709223,-9.809790310717453,1.4151012971139163,0.14525695182962373,0.30495552731893266,0.26260504201680673
cognitive radio,14,-8.180664285577015,-8.305528556605653,0.4125782286056683,-0.017613569026163955,0.30880082346886256,0.35344609946983085
cognitive radio,15,-8.083487253689738,-7.395383570494359,0.21297512373530525,0.27766884521758284,0.253613999492772,0.3643935450286309
cognitive radio,16,-7.606343136813377,-8.02054671087811,0.36284744135823,0.1355284464663099,0.36063884595569295,0.31071983428275507
cognitive radio,17,-7.211675656635296,-8.788672286927035,0.4359649302045061,0.23059521159428908,0.4115226337448559,0.30880082346886256
cognitive radio,18,-9.110112906658802,-9.430783293413349,0.4963709977876728,-0.04530190564646375,0.3104786545924968,0.2976190476190476
cognitive radio,19,-8.07547129696075,-7.037820221659545,0.13555480350595628,1.5249806690448862,0.31233732431025507,0.3967270022315894
cognitive radio,20,-9.510834027906395,-7.791307130016798,0.1576236364847261,1.6295687221706643,0.253613999492772,0.3643935450286309
cognitive radio,21,-8.673797966043812,-8.897593279098551,0.19752561114888834,0.16015924560373662,0.3073770491803279,0.30280090840272517
cognitive radio,22,-7.9324844439735935,-7.994169811625366,0.18296532337714444,0.43973659044567903,0.31562335612835346,0.3529115200403327
cognitive radio,23,-8.061221704447856,-8.981806305713421,0.24385016410049376,0.20860465668916817,0.26274303730951126,0.2997751686235323
cognitive radio,24,-8.469020806141588,-9.068721493295794,0.33734668963233205,0.2751282361552225,0.31821797931583135,0.3058103975535168
cognitive radio,25,-7.989875274011051,-7.802939306216622,0.2512112013565152,0.1250056809830683,0.3983071944236993,0.32310177705977383
cognitive radio,26,-7.201840795431936,-7.880639832748689,0.18796209642501072,0.1314596886023437,0.3218884120171674,0.34965034965034963
cognitive radio,27,-9.000165786463365,-7.328000186481435,-0.05072206213422459,1.581573843555098,0.3495630461922597,0.3621314019658562
cognitive radio,28,-7.745822535972025,-8.292152152582656,1.653673006109364,0.3288040470578431,0.3573251659009699,0.35416139640779154
cognitive radio,29,-7.435674894902695,-7.761930980073737,1.1558207888684895,0.2982225690151469,0.3968253968253968,0.26860059092130006
cognitive radio,30,-8.237300532608865,-8.140488502996188,0.07264190986812225,0.5828162626297206,0.2602811035918792,0.3104786545924968
cognitive radio,31,-8.720849187461024,-8.688775022893138,0.3030874621674977,0.4831456213466059,0.30753459764223473,0.3070624360286592
cognitive radio,32,-8.22305129571961,-9.799949016138159,0.2855277671255493,0.21013968845081166,0.36448841447539704,0.254841997961264
cognitive radio,33,-8.230662393615777,-8.112691540001434,0.38795913110769986,0.27494370586084427,0.31356153645152857,0.3538928210313448
cognitive radio,34,-8.019092578614648,-7.969708913291728,1.1536995323339854,0.25102917157956806,0.35202413879808897,0.358974358974359
cognitive radio,35,-7.769679286459391,-8.851755199497715,0.24451811190948436,0.26706123850718233,0.3543406732472792,0.2655337227827934
cognitive radio,36,-8.77317751015168,-7.990763588820793,0.40739946337209887,0.30049564568681386,0.3005259203606311,0.3207698476343224
cognitive radio,37,-8.053701295788914,-7.517247684553533,0.3817864086803163,0.16945383564438954,0.31339775398276315,0.3119313750974786
cognitive radio,38,-8.8192789431464,-8.941131677183886,0.3736062166203656,0.2916489953264487,0.30667007411193453,0.2568053415511043
cognitive radio,39,-8.657124404635963,-8.064409378422367,0.4363502609459299,-0.0368636332290172,0.2570033410434336,0.3672612801678909
cognitive radio,40,-7.945947629580401,-8.321615239481382,0.23578734415527847,-0.12754395059964674,0.3190640787024728,0.26997840172786175
cognitive radio,41,-9.890993373942953,-8.485488856086052,0.6095904579459764,0.2139739159835894,0.26143790849673204,0.25906735751295334
cognitive radio,42,-8.384933683301282,-7.570606278388983,0.4176894623458012,0.4650103697260739,0.30824556896994604,0.3225806451612903
cognitive radio,43,-6.943380561241456,-8.20264207930459,0.1291025906684422,0.5246040690469748,0.41205253669842906,0.30495552731893266
cognitive radio,44,-8.091545134865783,-7.196503342365038,0.08047703165662934,0.45437440544785845,0.3074558032282859,0.32458750338111986
cognitive radio,45,-7.776922694673655,-8.674959365256006,0.6764843130093194,0.21585771176965152,0.36448841447539704,0.30777122339061297
cognitive radio,46,-9.695487762762635,-7.880815354388062,-0.0623219221863035,0.2701983680968456,0.2573340195573855,0.32458750338111986
cognitive radio,47,-7.294128602623006,-9.53396372026096,0.4281549796075904,0.10722105556923966,0.3235373416015098,0.254323499491353
cognitive radio,48,-8.02572685505357,-9.383981119697886,0.3581769305551125,-0.07061969857942918,0.30999741668819425,0.25673940949935814
cognitive radio,49,-8.778420464106073,-8.874948749007348,0.2753708240740078,0.11244164600404893,0.22253129346314324,0.29955067398901647
MapReduce,0,-9.38333663762478,-7.9346448708294455,0.25168862809760983,0.5612007036203179,0.1774622892635315,0.2944640753828033
MapReduce,1,-8.25762422004706,-7.6060776836698265,0.05380874422042936,0.1850167472030121,0.28498147620404674,0.25412960609911056
MapReduce,2,-7.638206227812785,-7.915832502643059,0.16086624830999607,0.37715012344444354,0.2986857825567503,0.2916302128900554
MapReduce,3,-7.036718480023837,-9.078576705278383,0.21211274779161404,0.5365416773685612,0.3617726861621947,0.1797483523067705
MapReduce,4,-8.763250544647585,-8.876217327361536,0.22687255126304862,0.27799955564700896,0.28401022436807727,0.23696682464454977
MapReduce,5,-7.360979338674669,-8.037800018879095,0.09985115849229165,0.15859336350389097,0.26058631921824105,0.33240997229916897
MapReduce,6,-7.135671913195744,-7.428889579577414,0.3635008256818708,-0.05611629896499415,0.34622042700519334,0.19224607497596924
MapReduce,7,-5.879059526117428,-10.077933066615948,0.39066611018065234,0.4031883106459391,0.3417634996582365,0.217983651226158
MapReduce,8,-7.218959301754257,-8.32868730333209,0.07502806067970624,0.44009948616812056,0.3069367710251688,0.2981514609421586
MapReduce,9,-7.495409037868687,-8.626666892373969,0.2995100107667459,0.33623308978166366,0.3430531732418525,0.23966446974236066
MapReduce,10,-6.877963481395632,-8.484239370736258,0.11559730122395107,0.6566342796346425,0.35263003232441964,0.23303233323623654
MapReduce,11,-9.242853936439543,-6.693253088280728,0.21912246148618109,-0.10351386651265893,0.2782415136338342,0.324254215304799
MapReduce,12,-7.299220445870066,-8.621109523243787,0.32586172094403176,0.31139125981380356,0.3440366972477064,0.23121387283236994
MapReduce,13,-7.482024294128482,-8.525654521935769,0.357850778338612,0.48551130669066556,0.39226674138414125,0.23830801310694072
MapReduce,14,-7.356277764397756,-8.819065834177527,0.21822125554216054,0.35168402278396926,0.3073140749846343,0.23501762632197415
MapReduce,15,-6.4549228561285945,-8.501153096345954,0.44839463402614543,0.21971632411363573,0.385480244137488,0.27374760470845877
MapReduce,16,-8.134192156007996,-6.786051267362979,0.29440876772384894,0.29522861636486586,0.22811519817507842,0.30349013657056145
MapReduce,17,-8.48349556313298,-7.224826105884287,0.2411668793233761,0.31744267058044073,0.2962962962962963,0.3568242640499554
MapReduce,18,-8.050970773250944,-6.316007258895872,0.24347036946121048,0.256763386212135,0.22805017103762829,0.3241491085899514
MapReduce,19,-8.003704529050832,-7.0659478153347735,0.2286039667578318,0.1313961509982451,0.2822466836014677,0.3061849357011635
MapReduce,20,-8.159128612972685,-7.112595393020888,0.28699488263866235,0.14055610847622235,0.3246753246753247,0.30959752321981426
MapReduce,21,-7.546875336372472,-7.89790805291159,0.42273365722891354,0.13137438738845042,0.2980625931445604,0.24434941967012827
MapReduce,22,-8.489546168120144,-7.516906019961392,0.493256526008061,0.38103045748269226,0.32661948829613496,0.19563090968373
MapReduce,23,-9.105059772423205,-5.955296177565537,0.2031872156629242,0.3448108174662132,0.226628895184136,0.40971612525607254
MapReduce,24,-7.161814817713387,-7.807426344707904,0.16214503368658417,0.530441667277364,0.3466204506065858,0.2912904165452957
MapReduce,25,-7.517707464427626,-8.672267784747133,0.1208932287296054,0.07417396031640178,0.25388765471278957,0.2787068004459309
MapReduce,26,-8.216661980504854,-7.602058334243678,0.29229724276067337,0.44647238507696474,0.34227039361095263,0.35778175313059035
MapReduce,27,-6.6302700235452905,-8.507039580054178,0.4659399360422356,0.31004273556733075,0.35283740076448106,0.22315202231520223
MapReduce,28,-7.527498461985797,-7.6131048734270035,0.26360336094123116,0.3301870614904219,0.2997601918465228,0.2996703626011388
MapReduce,29,-7.351730747541097,-8.23626690351902,0.1891375295677039,0.3840093977860799,0.34873583260680036,0.28264556246466926
MapReduce,30,-8.164638308508778,-7.910284176403821,0.1282534244505693,0.3307061453978515,0.3312172232956114,0.2852253280091272
MapReduce,31,-7.5119600648032945,-8.244098285397524,0.05526939413095855,0.19279081339125037,0.33444816053511706,0.23887727679904447
MapReduce,32,-9.777785951170674,-8.311944957385135,0.5138885324017339,0.08513470621125663,0.23682652457075193,0.18126888217522658
MapReduce,33,-7.440815575481758,-7.952361713238516,0.10802851480099063,0.39794156597012176,0.29086678301337987,0.24009603841536614
MapReduce,34,-6.6730001561096195,-8.048826038320103,0.5123968235304441,0.172538866820787,0.40852057192880065,0.24213075060532688
MapReduce,35,-6.675718492514821,-7.5917065961961665,-0.233369974036993,0.42635496514631477,0.4057971014492754,0.24976584452076178
MapReduce,36,-7.504205372604447,-7.612697148534752,0.04616663449602243,0.5135923743881348,0.35097981866042705,0.24198427102238354
MapReduce,37,-8.40189543135431,-8.937458217668603,0.5239869162348936,0.3906929565881754,0.234192037470726,0.23249055507120026
MapReduce,38,-6.742232213043895,-8.890485543408525,0.2971362341386372,0.29820371992422023,0.3186743148502231,0.22484541877459246
MapReduce,39,-6.9753356323351206,-8.896795768945307,0.3009952822574673,0.32576402312455643,0.32082130253448826,0.2746498214776161
MapReduce,40,-7.102744743172495,-7.2973672706411055,0.4122302365995538,0.4270775179906152,0.3492433061699651,0.2975304968759298
MapReduce,41,-6.591405260435434,-8.17660943382824,0.16915387079325783,0.5944589006667471,0.4121283485428319,0.32994226010448174
MapReduce,42,-8.531947606469053,-6.382657476393545,0.13835766969869057,0.22147310609591675,0.2855511136493432,0.35629453681710216
MapReduce,43,-8.22858089416529,-6.6910333490865535,0.423015305448849,0.23436440378209333,0.17809439002671418,0.3918275958578226
MapReduce,44,-6.676072740056471,-8.935821212948342,0.2855410366787896,0.5315201776860812,0.31269543464665417,0.23330417031204434
MapReduce,45,-7.502381409801954,-8.377394469209072,0.11379486177425369,-0.02960358257633966,0.24976584452076178,0.3286770747740345
MapReduce,46,-8.694636382659278,-7.000929405222298,0.12886613350812892,0.5498399144251096,0.24045686804929364,0.2996703626011388
MapReduce,47,-7.614511022753343,-7.279600423900354,0.4733493037272527,0.4862994260143907,0.25616394492475186,0.3912800447177194
MapReduce,48,-9.232539712658774,-7.331043753362767,0.32140167221513016,0.28231604939554145,0.1776724903760734,0.35252643948296125
MapReduce,49,-8.688185738609151,-6.800009604755857,0.24605168195970473,0.16818117524890486,0.2801120448179272,0.35056967572305
cyber-physical system,0,-7.326333273587054,-9.385581124018271,0.0006005724286963776,-0.14234453196036234,0.33472803347280333,0.2202036884117809
cyber-physical system,1,-7.606071167827548,-7.922631467945048,-0.08814391431676849,0.05715766792370491,0.3350083752093802,0.2764722145424385
cyber-physical system,2,-7.306342204682851,-7.473202361096215,-0.19490790250270318,1.2011012385925628,0.3868471953578337,0.33812341504649196
cyber-physical system,3,-7.841161113862897,-7.797861314975066,0.0331718486881214,0.15881933618757593,0.3309431880860452,0.34622042700519334
cyber-physical system,4,-7.22223702904087,-8.297823516621568,0.2710735947882331,0.01289833461974077,0.3968253968253968,0.32849712565015055
cyber-physical system,5,-8.395980624501293,-7.611843670108788,-0.8642600104633793,0.6548706956618237,0.281135788585887,0.3948110547095319
cyber-physical system,6,-8.550381727826162,-7.356272245219032,0.12170392086053405,9.810772889506936e-05,0.2313475997686524,0.3848268279274326
cyber-physical system,7,-7.084914740838047,-7.945860558250199,-0.10488507146710147,0.10933522200973722,0.4066221318617485,0.2773155851358846
cyber-physical system,8,-8.76572318652752,-7.7479976610435815,-0.19539458789922137,-0.3338493640334851,0.3221476510067114,0.34032898468519573
cyber-physical system,9,-9.194837956432133,-8.96250809613843,0.1831177086511555,-0.13547235918061673,0.26737967914438504,0.22160664819944598
cyber-physical system,10,-9.213957806826292,-6.058640612938051,-0.08875015052529178,-0.03576830570957157,0.2701242571582928,0.460431654676259
cyber-physical system,11,-7.442587277723161,-9.810986223476657,-0.19225243036874295,0.3013502355486256,0.3556609365737996,0.21639166892074657
cyber-physical system,12,-6.962102585206123,-7.366767516784743,-0.2573907200364336,-0.22041426742741388,0.43656207366984995,0.3518029903254178
cyber-physical system,13,-7.62411975650923,-8.311569754313679,-0.1392307801343009,-0.3363811118137826,0.338409475465313,0.32786885245901637
cyber-physical system,14,-7.265606067976725,-8.14909206407909,0.6078178132569306,-0.11481045665088374,0.293513354857646,0.3284072249589491
cyber-physical system,15,-7.9480983061784505,-8.14055885822256,0.00363176532957854,0.016425359530291672,0.33622863547212106,0.32275416890801506
cyber-physical system,16,-8.83783487622535,-6.565628477818795,-0.1939945728258301,-0.337564453566801,0.32266738370529713,0.3541912632821723
cyber-physical system,17,-7.431403568253376,-7.528520204900864,0.2625154570133281,0.1515757609629439,0.3861003861003861,0.3276003276003276
cyber-physical system,18,-7.514695447835658,-7.8710863845771515,0.2350510005493438,-0.4166222305481546,0.28465698832906344,0.3793010024383636
cyber-physical system,19,-8.193660859869558,-8.365599457932202,-0.055185757906476285,-0.026571088713021163,0.3672612801678909,0.22733731173628874
cyber-physical system,20,-7.614084637100013,-8.338982555985707,0.39234307382432454,-0.16937487054944123,0.32849712565015055,0.2782415136338342
cyber-physical system,21,-8.217994550642576,-7.384842313954999,-0.15575047826459543,-0.00544795939452225,0.28587764436821045,0.3297609233305853
cyber-physical system,22,-8.440224154771226,-7.851775399046908,-0.2543123381090785,-0.4241963892165772,0.2871912693854107,0.29112081513828236
cyber-physical system,23,-9.045091741356341,-6.512147557801243,-0.40682819957584193,-0.11107640744868175,0.27563395810363833,0.4493119910137602
cyber-physical system,24,-6.708303004341,-7.632238454725273,-0.28610348306700106,0.05735284861982126,0.35211267605633806,0.37433155080213903
cyber-physical system,25,-8.040729076501924,-8.372925588592485,-0.3841222981887956,-0.04388640598838334,0.2905287623474724,0.3306696059520529
cyber-physical system,26,-8.887739397536913,-7.0536661290221785,-0.2838063851235316,-0.27444418439896046,0.31771247021445587,0.3497522588166715
cyber-physical system,27,-6.984496104996263,-9.028587986883746,-0.11166334025091151,-0.4382867015876116,0.4,0.2789400278940028
cyber-physical system,28,-7.023085178903758,-8.645872689155487,-0.19785989383757352,-0.04709642101319578,0.425418771603297,0.2870264064293915
cyber-physical system,29,-6.313233843312286,-8.001355306883202,0.1716000102003581,-0.03274488073615678,0.4291845493562232,0.3292181069958848
cyber-physical system,30,-7.29431259714788,-6.854588478524733,-0.2481135376458833,0.5685850444838254,0.3781739600216099,0.4003431512725193
cyber-physical system,31,-7.781715982372134,-7.025982773072749,0.07050721970631946,0.022068568121874854,0.3365114974761638,0.39965743648301455
cyber-physical system,32,-6.917888806513799,-8.578648025920556,-0.3025488625430377,0.015681641281969694,0.38209606986899564,0.2386634844868735
cyber-physical system,33,-8.886916784344828,-7.4039802049994625,-0.4594092653223837,-0.09305642183464347,0.2790178571428571,0.3376477208778841
cyber-physical system,34,-7.781863033580243,-8.286005192878788,-0.14673914090621532,0.06010107099512885,0.38002171552660147,0.2271436683702442
cyber-physical system,35,-6.914678855543954,-8.216339998467133,-0.043097356420882416,-0.3428241986991446,0.3827227993439038,0.3838771593090211
cyber-physical system,36,-7.208237056979467,-8.632248603276993,0.029603062147728787,-0.3510773880718632,0.3395585738539898,0.28328611898017
cyber-physical system,37,-8.282575291114762,-7.008948526635961,-0.4616828051553842,-0.10448440596466058,0.3711558854718982,0.35387791212031855
cyber-physical system,38,-7.396383389288006,-7.609272355698628,0.22017180111889945,0.37507610914047995,0.3454231433506045,0.37991858887381275
cyber-physical system,39,-6.764248408926539,-9.45607616776802,-0.09259895341006419,-0.039299690470687154,0.35885167464114837,0.3164556962025316
cyber-physical system,40,-9.70347934407448,-7.5060208916176965,-0.1059952217108927,0.03577283497825645,0.22315202231520223,0.38377192982456143
cyber-physical system,41,-7.735930316149647,-9.325792115072824,-0.20874060415625983,0.5718519828015707,0.18170805572380375,0.32025620496397117
cyber-physical system,42,-9.536459298086264,-6.719319439596787,0.3130673983978764,-0.06309908258091079,0.28169014084507044,0.3888888888888889
cyber-physical system,43,-7.555762849560987,-7.9234172517857,0.3107222978712436,-0.22341259085847087,0.28169014084507044,0.32529140688533476
cyber-physical system,44,-8.32307826713146,-9.046387442661747,-0.05607063867406703,0.053727280811276645,0.33707865168539325,0.27601435274634284
cyber-physical system,45,-7.121608866120578,-7.997706099454043,0.15506194489649439,0.1941655537390602,0.3900808024519365,0.33231791747438383
cyber-physical system,46,-7.114904925844042,-8.016990763869153,0.08247374272360886,-0.04173615240035422,0.3952569169960474,0.32042723631508674
cyber-physical system,47,-6.849574196011506,-8.001484721691956,0.0510552063437143,0.25969216027017084,0.34762456546929316,0.3724394785847299
cyber-physical system,48,-8.040729076501924,-7.526023228839096,0.03416938856561069,0.07484948700147198,0.2905287623474724,0.37333333333333335
cyber-physical system,49,-6.97824294575609,-10.28742649819407,0.22322347559512923,-0.22546959814080225,0.39403321137067265,0.26874496103198064
induced pluripotent stem cell,0,-8.14268892203771,-7.913002432619579,-0.10989332467617685,-0.5016621028915386,0.3155403628714173,0.3928308372207219
induced pluripotent stem cell,1,-8.324101813637013,-7.396733822028335,-0.37352845126452183,-0.09365289752356543,0.3519356460532931,0.37066454858353187
induced pluripotent stem cell,2,-9.052351162981203,-6.9932932682932565,-0.43943305253038534,-0.5523042734065883,0.3450825733300468,0.3401360544217687
induced pluripotent stem cell,3,-7.0654456714334275,-7.258203390121149,-0.1609448130509571,-0.3934310007886449,0.4074357015533486,0.4131164471985541
induced pluripotent stem cell,4,-6.586794066873843,-7.949456554263169,-0.3869408727669743,-0.44939943495679435,0.41623309053069724,0.3894839337877313
induced pluripotent stem cell,5,-6.337883698321256,-7.95099290901306,-0.20240193518698923,-0.13949003381909197,0.4321988114532685,0.35255603122639134
induced pluripotent stem cell,6,-8.95414530131369,-7.676595127803941,0.17637477819400638,-0.6492010493440997,0.3422146174529455,0.31931878658861096
induced pluripotent stem cell,7,-7.36311286716326,-9.24635009487333,-0.4243031052151305,-0.61330824513646,0.3669724770642202,0.34499753573188763
induced pluripotent stem cell,8,-9.405069979465722,-6.793644926966139,-0.40328426298372566,-0.5985459256131423,0.30557677616501144,0.45801526717557256
induced pluripotent stem cell,9,-8.004253491946603,-7.264814362986916,-0.2155641767451032,-0.32464668818034725,0.35650623885918,0.41109969167523125
induced pluripotent stem cell,10,-7.5140639650681225,-6.748979810231563,-0.1787044083766317,-0.6148705448150285,0.3625064733298809,0.4559270516717326
induced pluripotent stem cell,11,-8.036570864524958,-6.829303130185207,-0.3669898948985917,-0.004734287172419749,0.35650623885918,0.4554655870445344
induced pluripotent stem cell,12,-7.958959932969907,-7.747432787900043,-0.31278951352757867,-0.1206620942515968,0.3633532312483779,0.35335689045936397
induced pluripotent stem cell,13,-8.751237432755666,-8.225534072816712,-0.19009683632462415,-0.32492886759781614,0.3510531594784353,0.35542015740035543
induced pluripotent stem cell,14,-8.58870527187343,-7.4509993493723945,-0.43861260991206485,-0.3088636840275336,0.30880082346886256,0.44334975369458124
induced pluripotent stem cell,15,-7.374504156728878,-8.184244713505956,-0.535424909463784,-0.14377193731120852,0.36063884595569295,0.4006009013520281
induced pluripotent stem cell,16,-7.280267244722971,-7.670924762975047,-0.34990682743254564,-0.32413669096854525,0.42294475284166005,0.3597122302158273
induced pluripotent stem cell,17,-7.6560853455367095,-7.9957156227350055,-0.06535455713618488,-0.34880398391814393,0.31923383878691136,0.3969238402381543
induced pluripotent stem cell,18,-7.633796751616901,-8.267133205368186,-0.23957884591909973,-0.29740489072124576,0.40120361083249745,0.36639623135304894
induced pluripotent stem cell,19,-8.56711828168977,-7.858775911633212,-0.13171925808927465,-0.14609837548077398,0.39158100832109644,0.32180209171359614
induced pluripotent stem cell,20,-8.920246457585437,-6.48235885746502,-0.179397451870125,-0.4539773930068386,0.2999250187453137,0.4101512432709562
induced pluripotent stem cell,21,-7.311456225733282,-6.938232381871772,-0.6432244793348105,-0.23344183142282393,0.3228410008071025,0.3954522985664854
induced pluripotent stem cell,22,-8.395835278545134,-8.064681806031922,-0.5420039934566422,-0.31264025513171134,0.311122634171636,0.3466204506065858
induced pluripotent stem cell,23,-6.513591413287567,-8.268402229930143,-0.4704568009797855,-0.009755177317165464,0.41928721174004197,0.35167043456417985
induced pluripotent stem cell,24,-7.052383638702641,-7.83576445368933,-0.15285161426960103,-0.042822713474585106,0.36958817317845827,0.3916768665850673
induced pluripotent stem cell,25,-7.555494870461018,-7.094167032312739,-0.4563835261192748,-0.2789844867280773,0.3629764065335753,0.40609137055837563
induced pluripotent stem cell,26,-8.076195671011211,-7.675369940599599,-0.1463130814605631,-0.3981917820254357,0.30951766830023214,0.35596236969234685
induced pluripotent stem cell,27,-8.487894240004653,-8.127685545618357,-0.017961223134047022,-0.30066375963726444,0.3048780487804878,0.4046535154274153
induced pluripotent stem cell,28,-7.861343254739219,-7.91771383280938,-0.5987298244706107,-0.018503241275868554,0.393217006635537,0.35787321063394684
induced pluripotent stem cell,29,-7.31805753572639,-7.394986514951634,-0.4473882184820258,-0.17562261236366095,0.36467830164105236,0.40889343214924606
induced pluripotent stem cell,30,-7.165754840495557,-7.221164925324242,-0.39475833642581026,-0.30134957525682604,0.36477331943720687,0.4125838060856111
induced pluripotent stem cell,31,-7.154500663910417,-7.925757325286416,-0.21229578075009226,-0.45592840532045587,0.4176455233620464,0.35989717223650386
induced pluripotent stem cell,32,-8.119001335765113,-9.17026374901173,-0.09133072729665614,-0.691731582905051,0.3601749421147415,0.3031068451629199
induced pluripotent stem cell,33,-7.436025340485394,-8.429542061364828,-0.3965930592511563,-0.2660907376628855,0.36861506055818855,0.344149459193707
induced pluripotent stem cell,34,-7.736817692546396,-8.028589669609726,-0.1446501868020844,-0.4598712458692156,0.3982080637132902,0.3672612801678909
induced pluripotent stem cell,35,-8.434200671750547,-8.399162446241707,0.007963368698343243,-0.6034747403594576,0.3073770491803279,0.35416139640779154
induced pluripotent stem cell,36,-7.19546992786653,-9.166398180656666,-0.4489426624245406,-0.14805607418131128,0.4038364462392731,0.3003754693366708
induced pluripotent stem cell,37,-8.397384595987612,-7.530444984211278,-0.4863042322659198,-0.03065376374402451,0.3539823008849558,0.36639623135304894
induced pluripotent stem cell,38,-7.861864984643855,-8.480526763529479,-0.4236125347442057,-0.2931064967500008,0.3588823378620867,0.2967359050445104
induced pluripotent stem cell,39,-7.046786141216143,-8.725741056916133,-0.4507901382575874,-0.08220763878433612,0.43721156181685694,0.26831231553528306
induced pluripotent stem cell,40,-7.705659139273133,-8.524641626443447,-0.5303539962857083,0.061796576213197785,0.3221476510067114,0.40292117854444726
induced pluripotent stem cell,41,-8.136146710522636,-7.794248768312154,-0.2709962176954218,-0.12673943769348184,0.35344609946983085,0.3609177623098737
induced pluripotent stem cell,42,-6.452632375950874,-7.39038797323283,-0.15899041962638316,-0.5531850170922595,0.4539722572509458,0.36363636363636365
induced pluripotent stem cell,43,-7.674857305109412,-9.103625052892122,-0.38545392767075715,-0.21662439199104122,0.35551041137633316,0.3455936805726981
induced pluripotent stem cell,44,-7.203347560572108,-7.921010585787117,-0.3196094440400451,-0.35958791005403956,0.39791096742103954,0.31339775398276315
induced pluripotent stem cell,45,-7.107535405549774,-7.516943449291113,-0.4717635072317321,0.05730787086695677,0.3818876159301692,0.3954522985664854
induced pluripotent stem cell,46,-6.926798166117441,-8.577893401344845,-0.028267714491255536,-0.5745909552670582,0.41226488018551916,0.3458498023715415
induced pluripotent stem cell,47,-7.876837654069773,-7.992244534021231,-0.11016703287408958,-0.15409363276415522,0.40712468193384227,0.35344609946983085
induced pluripotent stem cell,48,-8.810628921132862,-7.61542895505228,-0.13998589323414412,-0.4126340860766624,0.35335689045936397,0.35915854284248333
induced pluripotent stem cell,49,-7.724461684109238,-7.918556457216044,-0.519234276735425,-0.2542716675513006,0.44096031357177856,0.3173763554615181
carbon capture and storage,0,-3.3558402178118603,-3.1635157656176576,0.2201272151283229,-0.029782856154418003,0.5567153792623522,0.5945303210463734
carbon capture and storage,1,-4.126748124549457,-3.5547236320376503,0.13043852508677156,0.2672545586376962,0.4419889502762431,0.47904191616766467
carbon capture and storage,2,-1.7248816923314685,-4.247216858170073,0.3643965933558231,0.20117018613908888,0.7655502392344498,0.5157297576070139
carbon capture and storage,3,-3.2831239558247445,-2.5481923633540733,0.7341164407088028,-0.3975553147191957,0.5551700208188758,0.6381620931716656
carbon capture and storage,4,-2.334868926348074,-2.5302024623278863,0.4429874391661932,0.08195286103483546,0.6872852233676976,0.6418485237483954
carbon capture and storage,5,-3.9440596851927334,-3.0059206688737192,0.16953933406430277,0.7105035614339734,0.44717719396310784,0.5906674542232723
carbon capture and storage,6,-1.2042794531814967,-3.773109403847003,0.35898824610642655,0.16009540044217685,0.8397480755773269,0.45558086560364464
carbon capture and storage,7,-1.6857232199873393,-3.5577490061365604,0.5027468898638747,0.21368426537382312,0.7621951219512195,0.5241090146750524
carbon capture and storage,8,-3.0124530495774358,-1.8136662465852882,0.2634083567077693,0.11943096953100407,0.5964214711729622,0.7561436672967864
carbon capture and storage,9,-2.2821975638889898,-2.8312668769610947,0.06031470594271138,0.29912358813989615,0.6968641114982579,0.6361323155216285
carbon capture and storage,10,-3.076284178956303,-2.7956831724661066,0.1897846682349118,0.14716795328826926,0.5675368898978433,0.5844535359438925
carbon capture and storage,11,-2.8227311072625794,-2.3672125549823657,0.03416489264790146,0.344526674958614,0.6069802731411229,0.6737787759685571
carbon capture and storage,12,-3.47109711175318,-3.2735382897420586,0.8823043924344307,-0.13601738262628382,0.5505849965588437,0.5643340857787811
carbon capture and storage,13,-3.0920015174763065,-2.284428396708931,0.2956515262588748,-0.10694766916559528,0.5582693649685974,0.6934812760055479
carbon capture and storage,14,-3.351811608993841,-2.902512169617135,-0.19624405352397067,0.549974595105569,0.5636978579481399,0.599250936329588
carbon capture and storage,15,-2.881424080090296,-4.255118574262504,0.5417806224344092,-0.11536264532083407,0.6033182503770739,0.45475216007276037
carbon capture and storage,16,-2.6234541379575766,-3.4981835480136283,0.4624500134787608,0.402537135915074,0.6381620931716656,0.5128205128205129
carbon capture and storage,17,-2.7105298701101614,-2.556489232362833,0.9420021261710955,-0.36798546600503057,0.6417112299465241,0.6439150032195751
carbon capture and storage,18,-2.2231759593979015,-2.5379608777209275,0.4910984515964115,0.35237562720171356,0.7079646017699115,0.6381620931716656
carbon capture and storage,19,-3.8566139937309774,0.6721182840266393,0.2124262713989351,0.0629065515007291,0.49554013875123887,1.0973936899862826
carbon capture and storage,20,-1.5944534004225765,-3.217475450249315,0.3387646186362493,0.1549531081608313,0.7677543186180422,0.5102040816326531
carbon capture and storage,21,-2.7525581876822476,-2.708149797780637,0.2731670356800584,0.5788902539193765,0.6329113924050632,0.6353240152477764
carbon capture and storage,22,-2.773731111244936,-2.8808298550740425,0.7761121785220603,-0.15577828933976812,0.5977286312014345,0.6075334143377885
carbon capture and storage,23,-2.896620610108288,-2.6675091129316457,0.013444851914014344,0.7064825499163487,0.631578947368421,0.639386189258312
carbon capture and storage,24,-2.427787144258594,-3.331350317367367,0.4868441987373249,0.13176511891266085,0.684931506849315,0.5794302269435055
carbon capture and storage,25,-3.0787048188695807,-3.5058853309321294,0.4533966836377854,0.6815133279889727,0.5559416261292565,0.5350454788657035
carbon capture and storage,26,-2.954237004964423,-3.6296464203402845,0.27751364832557446,-0.3610915710765279,0.5582693649685974,0.5238344683080147
carbon capture and storage,27,-1.7007782235887907,-4.263893674661516,-0.0314971650176441,0.49077404935291324,0.7580543272267846,0.47573739295908657
carbon capture and storage,28,-2.139572128357215,-3.904024178319918,0.11828407832375942,0.42110417236563236,0.700280112044818,0.47142015321154984
carbon capture and storage,29,-3.6660677436351703,-3.249365684501697,0.4810464515082209,-0.25782418338399715,0.49751243781094523,0.5567153792623522
carbon capture and storage,30,-3.9831364853644735,-2.2559805778460205,0.16814617807930154,0.2174324018174867,0.4461795872838818,0.6915629322268326
carbon capture and storage,31,-3.000129006179456,-1.7752031495789256,0.3844950367438742,0.21164047135356578,0.5945303210463734,0.7541478129713424
carbon capture and storage,32,-2.21453887024135,-4.031591663758072,0.6025098178173987,-0.005450424228681361,0.6762468300929839,0.5025125628140704
carbon capture and storage,33,-2.7783846686583438,-2.1921939434535176,0.2886063301988959,0.1895132968937484,0.6286013619696176,0.6968641114982579
carbon capture and storage,34,-3.6987823877026593,-1.659003866558766,-0.14609155226787707,-0.21587162411401617,0.5652378709373528,0.7593014426727411
carbon capture and storage,35,-2.7419625328070216,-3.138253532736323,-0.08762183369629006,0.13840571554123549,0.6289308176100629,0.5594405594405594
carbon capture and storage,36,-3.602382528387868,-2.811391778521732,-0.060210983082752856,-0.13173730007424056,0.5580357142857142,0.6020469596628537
carbon capture and storage,37,-3.859104594122693,-2.045744742687666,0.08825151951575871,-0.02192848832052363,0.47755491881566375,0.6958942240779402
carbon capture and storage,38,-3.4725970045573966,-2.978342854617158,0.44841742236720816,-0.005958685627760807,0.4807692307692307,0.6071645415907712
carbon capture and storage,39,-2.588600915717736,-3.0258976317090376,0.2971200719533601,0.37706074577845006,0.6410256410256411,0.6002400960384153
carbon capture and storage,40,-2.3195034104188545,-2.583744580412317,0.13944596825621025,0.5201955466329158,0.7052186177715092,0.6149116064565718
carbon capture and storage,41,-3.3230723197908683,-2.763548254583507,0.2216467865975722,0.2761604614671569,0.5509641873278237,0.6402048655569783
carbon capture and storage,42,-3.7939922504411694,-2.7954521204422846,0.2629899106643827,0.44887628595186424,0.5102040816326531,0.6125574272588055
carbon capture and storage,43,-3.8142197229265196,-0.8054352763981406,0.08694624022888275,0.10407772502206702,0.4985044865403789,0.8968609865470851
carbon capture and storage,44,-1.8699899164258331,-2.972928795841289,0.5440218391876488,0.14849354272114013,0.7501875468867216,0.6036217303822938
carbon capture and storage,45,-3.754173542145789,-0.929898883834355,-0.3820233670393576,0.36207049815879666,0.4694835680751174,0.8591065292096219
carbon capture and storage,46,-1.1239029738980326,-3.873475239504573,0.015093298692297363,-0.05555652133161337,0.8333333333333333,0.49900199600798406
carbon capture and storage,47,-3.0832233080425313,-2.860317452522279,0.10110160639842736,1.2517169010348743,0.5577244841048522,0.60790273556231
carbon capture and storage,48,-2.6597492317548244,-3.1139264086050162,0.7566324826241619,-0.2653370536961521,0.6097560975609756,0.591715976331361
carbon capture and storage,49,-2.9536183271646888,-3.179265000736712,0.12273746550792697,0.07989072785078266,0.6002400960384153,0.5157962604771116
vehicular ad hoc network,0,-6.392122772181528,-7.671195324186249,-0.19102093337065051,-0.359883351110619,0.23050326546292738,0.14290818149339052
vehicular ad hoc network,1,-6.768159883905693,-8.721598081248633,-0.2127522628923546,-0.3378981260692284,0.22091310751104565,0.13661202185792348
vehicular ad hoc network,2,-6.840301010502042,-7.653871587448206,-0.3267472873770998,0.11385537832404213,0.13908205841446453,0.20456870098874874
vehicular ad hoc network,3,-6.617117700336308,-7.123280756205636,-0.16855382208020808,-0.12905818721959283,0.211864406779661,0.1530221882172915
vehicular ad hoc network,4,-7.092352302294367,-7.395718716861641,-0.3431128012195277,-0.13017611131552909,0.2019522046449007,0.15313935681470137
vehicular ad hoc network,5,-6.440442340729433,-7.93764107296334,0.3790463847948494,-0.4591592469097555,0.2177068214804064,0.13731548232063165
vehicular ad hoc network,6,-6.253015006787864,-7.77212141330342,-0.29373404349422005,0.06575864276838161,0.2308580223162755,0.13764624913971094
vehicular ad hoc network,7,-7.876023595083035,-7.235702327326383,-0.09507181344373139,-0.031118912982723068,0.1892147587511826,0.1697072549851506
vehicular ad hoc network,8,-7.554760626072091,-7.053070703721562,0.3521621450211725,-0.49001984343688265,0.21052631578947367,0.14998125234345705
vehicular ad hoc network,9,-6.866710981559888,-7.228317735435257,-0.13474024948968588,0.13876355889344905,0.20703933747412007,0.15145778114350625
vehicular ad hoc network,10,-6.810457301386225,-7.529469661657903,-0.48218799553457603,0.2828133138855037,0.20202020202020202,0.14285714285714285
vehicular ad hoc network,11,-7.670138251338061,-6.995211426533055,0.23040089183967716,-0.7888583737138988,0.13596193065941536,0.22650056625141565
vehicular ad hoc network,12,-7.463425423499495,-7.584252637964338,0.31532439273416846,-0.19961381821148294,0.20611473720371007,0.13995801259622115
vehicular ad hoc network,13,-7.142679932660479,-6.989459502201724,-0.0674203012482264,-0.1952539511151744,0.14820303816228234,0.19834710743801653
vehicular ad hoc network,14,-8.568554478556262,-7.089459596876588,-0.090270262491014,-0.3964460780230161,0.14445648248465148,0.20100502512562812
vehicular ad hoc network,15,-8.013071411338743,-6.479948538341047,-0.03716104993730429,-0.20033753794735532,0.14129282938890853,0.2185792349726776
vehicular ad hoc network,16,-6.863380407139378,-7.70558733137402,-0.19566519331592258,-0.22091576676824987,0.20993701889433172,0.13755158184319122
vehicular ad hoc network,17,-6.589037021892724,-7.673457682170939,0.34352220476252415,-0.5162177700047539,0.15414258188824664,0.19398642095053348
vehicular ad hoc network,18,-7.628064931215838,-7.093475637154287,-1.0890275145728006,-0.376203042654601,0.19633507853403143,0.15698587127158556
vehicular ad hoc network,19,-6.523849021904634,-9.328291444664224,-0.294821357328345,-0.5027770158053189,0.23923444976076558,0.12269938650306748
vehicular ad hoc network,20,-7.030495918541999,-7.947169588888799,0.21316601901724797,-0.49153789064296194,0.21994134897360704,0.1386481802426343
vehicular ad hoc network,21,-7.675073176866152,-7.44634285549369,-0.41241344677267,-0.28677676021582776,0.14139271827500885,0.2086230876216968
vehicular ad hoc network,22,-7.867190133281821,-6.409307822145002,0.06561684651206656,-0.4561923355589811,0.1383125864453665,0.22404779686333084
vehicular ad hoc network,23,-7.050480172949237,-7.696331914534557,-0.22652313067257124,0.33452132271817114,0.2534854245880862,0.13788348845225784
vehicular ad hoc network,24,-6.672438395274798,-7.173502907845762,-0.8752473472925215,0.03319671523065337,0.14336917562724016,0.20689655172413793
vehicular ad hoc network,25,-7.7919372247397956,-7.076030347550247,-0.4339590727701541,0.4250496827007849,0.13559322033898305,0.22624434389140272
vehicular ad hoc network,26,-8.300757410839246,-7.143402945602537,-0.2574470143957185,0.4327140259612625,0.1411930815390046,0.21451555237754738
vehicular ad hoc network,27,-7.008909528651997,-7.841747448129634,-0.05161519256772329,-0.5739904508946125,0.20964360587002095,0.14456089627755692
vehicular ad hoc network,28,-7.326542026865497,-8.078762030419314,0.07227303319376466,-0.35219889275108596,0.20639834881320948,0.14875418371141688
vehicular ad hoc network,29,-6.69335682905264,-7.323601240860615,-0.16644812613230475,-0.28035160773917356,0.2230483271375465,0.136986301369863
vehicular ad hoc network,30,-7.239210516642477,-7.548824141942329,-1.308918122097126,-0.31003554777137243,0.22197558268590453,0.13554727211114875
vehicular ad hoc network,31,-7.286439714779311,-7.952651257866968,-0.0902451551844996,-0.14035762378956596,0.2037351443123939,0.14290818149339052
vehicular ad hoc network,32,-7.976975669713304,-6.72065388405369,-0.14431595694991506,-0.2675997319878405,0.13067624959163673,0.216998191681736
vehicular ad hoc network,33,-8.003913266664783,-7.411194515558157,0.17009915599171732,-0.3531901192840333,0.20668274199104375,0.15378700499807765
vehicular ad hoc network,34,-7.718575012106155,-7.973815320737668,-0.19004229908082448,-0.8915325446577114,0.1472211998527788,0.20689655172413793
vehicular ad hoc network,35,-7.7352787547749315,-6.940218857546008,-0.059425397761989074,0.21871784432231012,0.1460920379839299,0.20283975659229211
vehicular ad hoc network,36,-6.759342411266806,-7.624604452936875,-0.034539198656844294,-0.3216517551721356,0.20093770931011387,0.1516300227445034
vehicular ad hoc network,37,-7.436228475305491,-8.305528556605653,-1.2865789066605722,0.03712432116117881,0.2094240837696335,0.13508949679162446
vehicular ad hoc network,38,-7.753683448874394,-7.6337967516169,-0.18866136156451918,-0.33139882862526704,0.14936519790888722,0.20080321285140562
vehicular ad hoc network,39,-6.553434877494042,-8.120714243355847,-0.2823596802304822,0.1710941994002435,0.2103049421661409,0.14930944382232178
vehicular ad hoc network,40,-6.97549859787148,-7.146066966579577,-0.002071774621406286,-0.24149997534112222,0.20026702269692923,0.14424810674359897
vehicular ad hoc network,41,-7.936719143874693,-7.0985402609212676,-0.6000843292665272,-0.31381279199668766,0.19157088122605365,0.199203187250996
vehicular ad hoc network,42,-7.209751118878087,-8.763237804072775,0.3298184097409702,0.03266473442979689,0.21629416005767846,0.13807386952019332
vehicular ad hoc network,43,-7.201579347479219,-7.724830990548375,0.06885393015282404,-0.4928963864560223,0.20689655172413793,0.15929908403026682
vehicular ad hoc network,44,-7.9456470262896755,-7.0450572847619535,0.1253399130777173,-0.5826164384596819,0.19678583142013775,0.15497869043006587
vehicular ad hoc network,45,-7.748810225437478,-7.62308552705549,0.20820965820191106,-0.21207801788751768,0.21231422505307854,0.14619883040935672
vehicular ad hoc network,46,-7.209998267070692,-7.076882406728851,-0.15448815710230035,0.06596379818292641,0.20242914979757085,0.13637913399249915
vehicular ad hoc network,47,-7.462190608949136,-7.264667320352067,-0.03515059276515231,-0.34408718824674467,0.15594541910331386,0.21037868162692847
vehicular ad hoc network,48,-7.800100805683948,-7.3451614908627425,0.14365956385887468,-0.17775164029570178,0.1467351430667645,0.20107238605898123
vehicular ad hoc network,49,-7.435233360460385,-7.4323431056500935,0.004981051801418168,-0.12489310976231816,0.22590361445783133,0.13253810470510272
compressed sensing,0,-8.523648568065331,-7.352130997801756,-0.10144417380442472,-0.2770386172205862,0.42462845010615713,0.4252303330970943
compressed sensing,1,-8.089577701459106,-6.897957426496663,-0.2591554022225121,-0.1779908530859336,0.4621072088724584,0.4841442749939482
compressed sensing,2,-8.958537668627004,-7.070670204889168,0.1352955006219677,-0.36366172892849424,0.4565167769915544,0.4388103364212579
compressed sensing,3,-7.7304064364992735,-7.672115483133468,-0.259217712446301,-0.16368780947022055,0.42654028436018954,0.4261363636363636
compressed sensing,4,-7.726496993032888,-8.199096635452694,-0.22449541528981343,-0.02722995328378469,0.46849379245725,0.42026616857342985
compressed sensing,5,-8.536512046186775,-7.2818234666522414,-0.07796804829730619,-0.29932814342935166,0.42056074766355145,0.47303689687795647
compressed sensing,6,-7.467485696745137,-8.371207690316059,-0.2702741886185015,0.004270022529305639,0.43699927166788055,0.462214005084354
compressed sensing,7,-8.291822240560702,-7.184517964370609,0.0551288019294619,-0.04569940725660204,0.42775665399239543,0.47348484848484845
compressed sensing,8,-8.213655923082783,-7.6533545172896735,0.05608655808032659,-0.24073814501933943,0.4204625087596356,0.4691531785127844
compressed sensing,9,-8.126390130956645,-8.553371540865127,-0.104061853406347,-0.282026693392355,0.4646840148698885,0.46253469010175763
compressed sensing,10,-7.558734525284254,-8.010151009889196,-0.21566382247015115,-0.060867551486271765,0.46072333563695006,0.46674445740956827
compressed sensing,11,-7.177835872660311,-8.247340433257094,0.017237395898427765,-0.31266487421597,0.4344677769732078,0.42765502494654306
compressed sensing,12,-9.175928787005963,-7.494250426580717,-0.08454072729603335,-0.20295095854841527,0.42573320719016083,0.46157396722824834
compressed sensing,13,-9.544740612778916,-7.320536697212477,-0.3653976417995827,-0.28089608708881,0.45558086560364464,0.437636761487965
compressed sensing,14,-7.503536441031614,-8.601637493684178,-0.049897125444381296,-0.3422475680085051,0.4302103250478011,0.42806183115338886
compressed sensing,15,-8.313248451002927,-7.342135778469844,-0.17014267064638533,-0.042192891912808506,0.41484212952293154,0.47996160307175423
compressed sensing,16,-7.709324182708532,-7.901812261748877,-0.31990190958025166,0.11455482926352611,0.46838407494145196,0.4624277456647399
compressed sensing,17,-8.797629668868368,-7.459835466690906,-0.3228230539451905,-0.13693249951642394,0.4191895668374476,0.43530834340991537
compressed sensing,18,-7.141608862581259,-7.152959984598808,-0.3045412870182847,0.09999859213844109,0.43870338776504997,0.47460844803037494
compressed sensing,19,-8.184391316856946,-7.535923505733105,0.06743848665163632,-0.38471827369140743,0.4251299008030231,0.46860356138706655
compressed sensing,20,-8.146263149279822,-7.692363654068456,-0.3787554239845602,0.09524837507716633,0.4218420435903445,0.47766897540004777
compressed sensing,21,-7.944352326663207,-8.354792368560236,-0.3444960658716233,-0.1357965531153743,0.46232085067036527,0.4290822407628128
compressed sensing,22,-7.743601012665661,-8.194562118116254,-0.15995028448476778,-0.03591894060317946,0.4374240583232078,0.46051116739580933
compressed sensing,23,-7.1797990259519215,-8.166337814814595,-0.15938553251325915,-0.26471984249061786,0.4744958481613286,0.42303172737955347
compressed sensing,24,-8.27903984894862,-8.195934832524083,-0.13798017355627468,-0.14277954771521606,0.46674445740956827,0.4195804195804196
compressed sensing,25,-9.26446808265911,-7.221707372802906,-0.4203070303160972,-0.08520679432488065,0.4130335016062414,0.4365753092408441
compressed sensing,26,-6.4327925731583155,-8.466204287394069,0.026560739371012,-0.36921293397512556,0.44063647490820074,0.4221388367729831
compressed sensing,27,-8.042203071376052,-7.332029819615656,-0.4373851093028437,0.13290956694492662,0.4217432052483599,0.4738213693437574
compressed sensing,28,-7.707879936746072,-9.041123862981218,-0.2695691290218927,-0.07416466183405745,0.43342162292318803,0.418702023726448
compressed sensing,29,-8.363822516066735,-8.415524501276137,-0.11378566141473878,-0.16441050849587302,0.42684372776855584,0.4629629629629629
compressed sensing,30,-7.0243111650261705,-7.404372999367267,-0.07010482531452955,-0.34991640953983383,0.46893317702227433,0.46893317702227433
compressed sensing,31,-8.453298126769242,-8.982430336717178,-0.1451022868034202,-0.2307681098909607,0.41899441340782123,0.461361014994233
compressed sensing,32,-8.314418626429074,-8.540685674182226,-0.12399291651302852,-0.178335339706994,0.4290822407628128,0.46533271288971617
compressed sensing,33,-7.95380413801852,-7.2119227315589765,-0.14060819032884908,-0.21503437137002146,0.46093569946992397,0.46827440880355886
compressed sensing,34,-8.972658394917769,-8.047342350506597,0.037716814409151866,-0.3387161983653415,0.45641259698767683,0.4287756074321106
compressed sensing,35,-8.147810354025033,-7.340916401919137,-0.08168838348863472,-0.33622219921481444,0.4201680672268907,0.461361014994233
compressed sensing,36,-8.310743863365152,-8.029186013637045,-0.09416499578356308,-0.005119214320542187,0.46544100535257155,0.4290822407628128
compressed sensing,37,-7.667114355604989,-8.677915112818262,-0.10354838689917867,-0.102028248682832,0.47225501770956313,0.4119935912108034
compressed sensing,38,-8.363967926546678,-7.857419559824321,-0.3208105435141978,0.04494115034469093,0.430519014589811,0.42694497153700195
compressed sensing,39,-6.895829131701106,-7.670922006671924,-0.21280637598966234,-0.18139222123106513,0.4744958481613286,0.4691531785127844
compressed sensing,40,-8.298452039657345,-8.114988579510802,-0.14085415522945638,-0.4172248496447516,0.42095416276894293,0.42684372776855584
compressed sensing,41,-7.641455649969159,-8.196905375619098,-0.28953074503742715,-0.09254251043354822,0.43636363636363634,0.46307015512850197
compressed sensing,42,-7.643292886337991,-7.613398258247363,-0.04878857627744443,-0.24263770646945337,0.4749465685110425,0.42765502494654306
compressed sensing,43,-9.035613933641807,-7.74713599325188,-0.25122126066794226,-0.03359137427467063,0.4565167769915544,0.4324843825084094
compressed sensing,44,-7.944669330287638,-7.5681008600318656,-0.25137215050860706,0.019558695773493673,0.4235294117647059,0.43478260869565216
compressed sensing,45,-8.17629817532677,-8.194203861981318,-0.053264432670968254,-0.0489968709350761,0.4311377245508982,0.41455550437586364
compressed sensing,46,-7.856344469412797,-8.905866607251888,-0.5470578414457582,-0.07041411644090578,0.46827440880355886,0.4140786749482402
compressed sensing,47,-8.664892224564586,-8.448276481743877,0.07128855449169003,-0.16393262621944393,0.4588208304657031,0.42263442122563977
compressed sensing,48,-8.13334602134422,-7.178510318792706,-0.1358249720707994,-0.22643213560897524,0.42684372776855584,0.46882325363338023
compressed sensing,49,-7.502077112404308,-8.334494551430126,-0.09983450119418869,-0.31539473561557085,0.42382858488344716,0.4266413842142688
internet of things,0,-4.73095174771136,-5.710177456619018,-1.071507593995123,,0.3415883859948762,0.31282586027111575
internet of things,1,-5.5273389512431255,-4.231521739899816,,-0.4167075872769088,0.1953125,0.4522328999434709
internet of things,2,-3.7646924911642072,-6.439967928913476,-0.5146099000614563,,0.5184705119896306,0.11037527593818984
internet of things,3,-6.240327792840623,-5.829342436670523,0.17436331514429004,,0.221483942414175,0.1702127659574468
internet of things,4,-4.507740536696027,-5.779524356356178,-0.30446539689187235,,0.359496704613541,0.2242152466367713
internet of things,5,-4.996983426142988,-4.809658371097415,-0.040109065656327214,0.3658557137752345,0.19493177387914232,0.3350083752093802
internet of things,6,-6.192562158505681,-6.009353526239598,-0.3730530558121261,-0.3220751175821417,0.1923076923076923,0.1392757660167131
internet of things,7,-5.8279701869410685,-5.445173833547764,0.39653976685037784,-0.0850373909485106,0.1707941929974381,0.25559105431309903
internet of things,8,-5.031543307121964,-4.530905646570851,-1.39186401203275,-0.30359303074222177,0.3171247357293869,0.38204393505253104
internet of things,9,-4.343297107614566,-4.407391945417751,,0.005862503967602184,0.41379310344827586,0.3372681281618887
internet of things,10,-4.911807897492163,-5.00648442907362,-1.971439218222759,-0.34309786575740153,0.30280090840272517,0.22883295194508008
internet of things,11,-4.099889133756046,-5.80668897372096,-0.3881274846607068,-2.144780087162218,0.4109589041095891,0.16877637130801687
internet of things,12,-5.471142752915495,-5.504884393712749,,-1.4963153823920412,0.19436345966958213,0.24067388688327315
internet of things,13,-5.843957952848159,-4.735614193830835,0.6797685892346449,-1.3833684373160624,0.22002200220022003,0.3825920612147298
internet of things,14,-5.4044971049169055,-6.331738236133035,1.181891224008797,-0.24889614684550354,0.2247191011235955,0.11976047904191617
internet of things,15,-5.425275035603885,-5.628725416722878,0.05671240035113334,0.3478452574768278,0.2590673575129534,0.1707941929974381
internet of things,16,-5.8789907897010565,-5.93710871696912,0.635138268762844,-0.18637388819484968,0.2373887240356083,0.17006802721088435
internet of things,17,-4.880392643149347,-5.50603031560463,,-1.5854132646123813,0.2787456445993031,0.23823704586063135
internet of things,18,-5.755522973035395,-6.131904491233774,0.09905329914501804,-1.0267876539061407,0.17226528854435832,0.16792611251049538
internet of things,19,-6.1628508627972804,,-0.36525721431051106,-2.501322785646239,0.20110608345902464,
internet of things,20,-3.239974050068997,-6.22225041875115,,-0.2692279291944879,0.5509641873278237,0.20222446916076844
internet of things,21,-4.919818015759994,-5.932772168762414,-0.9951937735126656,-0.37942377267627814,0.3415883859948762,0.21097046413502107
internet of things,22,-6.633610272672937,-4.519129994957835,-0.8830051924555791,-2.571808428418919,0.11757789535567312,0.38424591738712777
internet of things,23,-4.256818904531483,-6.519230769230769,0.4237707675106225,-1.5610498768948888,0.414651002073255,0.12853470437017994
internet of things,24,-4.624537927937962,-4.913538149119955,-0.7502205922774752,,0.34453057708871665,0.3389830508474576
internet of things,25,-5.1028168411962485,-4.680229967185181,-1.4652810254867301,-0.35188152629973013,0.29784065524944153,0.3372681281618887
internet of things,26,-5.660059259995859,-2.9211869733608857,0.06685532250460757,0.6477203385875784,0.22484541877459246,0.5555555555555556
internet of things,27,-4.871779042794769,-6.031213772396508,,-1.9027904278815597,0.35335689045936397,0.27397260273972607
internet of things,28,-6.007689424567583,-5.828332235715184,-0.23035952469677046,0.07490688094989795,0.1669449081803005,0.15082956259426847
internet of things,29,-4.156056575099774,-6.091063394376163,,-0.7108631227979296,0.45977011494252873,0.16863406408094436
internet of things,30,-6.481718378594101,-4.564604740649092,0.3523899105079773,0.13276706841987973,0.11855364552459988,0.3389830508474576
internet of things,31,-5.708908444863892,-7.121686844950745,0.11271560935604574,-1.4222814644077573,0.25204788909892883,0.10649627263045792
internet of things,32,-3.0884151557569646,-5.536183511990337,-0.41029623580642893,,0.5221932114882506,0.25889967637540456
internet of things,33,-5.6790654668907585,-3.417330809926799,,-1.0791984152291998,0.1693480101608806,0.5582693649685974
internet of things,34,-5.275781062051048,-6.9937514327840455,,-1.4480033547215008,0.2747252747252747,0.10319917440660475
internet of things,35,-5.047061122594118,-5.9716645405748485,0.13948638616838127,-0.2316949262182585,0.3502626970227671,0.2232142857142857
internet of things,36,-5.127269145353,-5.220095128671738,-0.6195862332834056,-0.7045514876131517,0.3053435114503817,0.3213711837171933
internet of things,37,-4.341276908839726,-6.000673357977979,-0.1395635159186015,0.3723344505100249,0.3880983182406209,0.15255530129672007
internet of things,38,-5.521877995811356,-6.220371840309712,0.94849161017365,-0.21137782640458735,0.22624434389140272,0.16820857863751051
internet of things,39,-4.299355303234135,-5.899583438325346,-0.008072189863905177,,0.41124057573680606,0.13054830287206265
internet of things,40,-4.093041417797866,-5.902861846318561,-1.3598165591823053,,0.4528301886792453,0.1519756838905775
internet of things,41,-5.175775275884564,-5.978116060801826,,-1.1196381406701743,0.23710729104919975,0.1892147587511826
internet of things,42,-4.147087957282957,-6.096121804514588,-1.7580931543264957,-0.08270981280944434,0.45180722891566266,0.12845215157353884
internet of things,43,-4.887209752618641,-4.212782454878297,-1.692547168129088,0.08143472768109705,0.3831417624521073,0.34334763948497854
internet of things,44,-3.3099919803797766,-6.634017131375905,-1.4918332741050102,,0.5123825789923142,0.11976047904191617
internet of things,45,-1.4035348663788407,-7.491113957294195,-0.40048351903964474,0.6877322202780115,0.8086253369272237,0.09157509157509157
internet of things,46,-4.960307567358167,-6.7306855568846125,-1.8187000988795643,1.1163653258204744,0.30303030303030304,0.1267427122940431
internet of things,47,-5.689844790795038,-5.30722777603022,-1.1234508341069511,-1.8018542475307564,0.1510574018126888,0.2777777777777778
internet of things,48,-6.000673357977979,-3.33499061573051,-0.4234672116995444,-1.0588922625333363,0.15255530129672007,0.5558643690939411
internet of things,49,-5.9484530017040615,-6.354256196184609,-1.154619781832309,,0.17316017316017315,0.13937282229965156
ribotype 027,0,,,,,,
ribotype 027,1,,,,,,
ribotype 027,2,,,,0.30867301453323304,,
ribotype 027,3,,,0.8365117723214919,0.5966455906532928,,
ribotype 027,4,,,,,,
ribotype 027,5,,,0.49218257902060764,,,
ribotype 027,6,,,1.1333077566006104,,,
ribotype 027,7,,,,0.7389406437505576,,
ribotype 027,8,,,,,,
ribotype 027,9,,,,0.776678353822653,,
ribotype 027,10,,,,,,
ribotype 027,11,,,,-0.029799860798859063,,
ribotype 027,12,,,0.13951195811681769,,,
ribotype 027,13,,,-0.28984376242933096,,,
ribotype 027,14,,,,,,
ribotype 027,15,,,,,,
ribotype 027,16,,,-0.09613249951300323,,,
ribotype 027,17,,,0.477657916339159,,,
ribotype 027,18,,,,,,
ribotype 027,19,,,0.7298673590382226,,,
ribotype 027,20,,,-0.11933287238119472,,,
ribotype 027,21,,,0.9975001775359941,,,
ribotype 027,22,,,,,,
ribotype 027,23,,,,,,
ribotype 027,24,,,0.5641598175981121,,,
ribotype 027,25,,,,,,
ribotype 027,26,,,,,,
ribotype 027,27,,,,,,
ribotype 027,28,,,,-0.1912126721324227,,
ribotype 027,29,,,,,,
ribotype 027,30,,,,,,
ribotype 027,31,,,0.1281519438350165,,,
ribotype 027,32,,,,,,
ribotype 027,33,,,,,,
ribotype 027,34,,,,,,
ribotype 027,35,,,0.33684400084965627,,,
ribotype 027,36,,,,,,
ribotype 027,37,,,,0.5374067005366437,,
ribotype 027,38,,,,,,
ribotype 027,39,,,,,,
ribotype 027,40,,,,,,
ribotype 027,41,,,,,,
ribotype 027,42,,,,1.0693771230189237,,
ribotype 027,43,,,0.10683554320082442,,,
ribotype 027,44,,,0.3820103784063672,,,
ribotype 027,45,,,,,,
ribotype 027,46,,,0.495600836170022,,,
ribotype 027,47,,,,,,
ribotype 027,48,,,,,,
ribotype 027,49,,,0.46778300194170913,,,
folksonomy,0,-5.804354142112592,-5.441514456067981,-0.07898172609500534,-0.14624944318280977,0.35561877667140823,0.396039603960396
folksonomy,1,-5.287406759563134,-4.154217940965367,-0.023780714425042704,0.16495075033100604,0.4169562195969423,0.49105576990529637
folksonomy,2,-4.967430835450334,-5.701835076556743,0.07781577114035612,0.0030479751125437327,0.4212004212004212,0.39643211100099107
folksonomy,3,-5.1883471647457275,-4.5915252178823645,-0.10718387348585845,0.2164165795901021,0.38022813688212925,0.4859423811176675
folksonomy,4,-4.880014853752403,-6.15062132587337,0.14560478685101363,0.16192469357941103,0.45219638242894056,0.337609723160027
folksonomy,5,-5.890147854725796,-4.824772605499714,0.1418584867798586,0.15066094482272285,0.39486673247778875,0.4497751124437781
folksonomy,6,-5.315097371484443,-5.464481389247603,0.0895241653344383,0.07593501059580393,0.44529262086513993,0.4045853000674309
folksonomy,7,-4.499912005495318,-6.069445624753115,-0.018505354587759343,0.46207635869318386,0.41339396444811904,0.38759689922480617
folksonomy,8,-4.801968268286568,-4.51824706152705,0.13463922710308263,0.3101929564277821,0.449582530507386,0.4352557127312296
folksonomy,9,-5.433048274657062,-5.124262989298852,-0.035879512590311635,-0.07446575271813374,0.3668378576669112,0.46760187040748163
folksonomy,10,-4.580624211219076,-5.417490779798923,0.021314104011152482,0.18042187881536428,0.47249409382382723,0.36764705882352944
folksonomy,11,-5.965773149606241,-4.614881062712475,0.18932725361570385,-0.045380611803522375,0.34831069313827934,0.5008944543828265
folksonomy,12,-5.153493844289911,-6.070705925756741,0.12280475807444907,0.359176725328896,0.43057050592034446,0.43859649122807015
folksonomy,13,-5.679859447396738,-5.322807623966996,0.2421116022331614,-0.13458325997371343,0.41067761806981523,0.41555357672899973
folksonomy,14,-5.75317321167974,-5.45778829110754,-0.2820466040532348,0.8493094324815134,0.42852770125497397,0.4126547455295736
folksonomy,15,-4.792684799379874,-4.418575309391786,-0.0771293463454189,0.2839435441616952,0.45112781954887216,0.4905395935529082
folksonomy,16,-5.92497620910948,-5.437754326308772,-0.37162978314953454,0.08988365636399401,0.33795201081446435,0.391644908616188
folksonomy,17,-5.155537174555442,-5.019088062947761,0.3700297339781285,0.004748489238767098,0.4857316332726169,0.4035512510088781
folksonomy,18,-5.535375392928453,-5.183461485300188,0.09457281105786894,0.19616157113145508,0.4434589800443459,0.4171011470281543
folksonomy,19,-5.72854223576749,-4.939232498907786,-0.1618784281359966,-0.04400587243054231,0.35423308537017356,0.42719829120683517
folksonomy,20,-4.512119601802557,-5.933901520780211,-0.22819752277556662,0.07299786243895062,0.4618937644341801,0.38486209108402825
folksonomy,21,-4.816303583810739,-3.9682395933763956,0.14119263715999583,-0.009565429222924637,0.47732696897374705,0.5177514792899408
folksonomy,22,-4.894194579117713,-6.416813144168122,-0.3256389377500835,0.638812541033692,0.43636363636363634,0.32948929159802304
folksonomy,23,-5.164705283559613,-5.269085433467684,-0.08648604397067433,0.15743169872592228,0.4377736085053158,0.35855145213338113
folksonomy,24,-5.173665182687762,-5.188140915590746,0.22301356992056312,0.032894453590980643,0.4369538077403246,0.4660452729693742
folksonomy,25,-5.322233754975696,-4.48956087210669,-0.010577233089808485,-0.3708408482829827,0.44289781714647264,0.4713275726630008
folksonomy,26,-5.667343879003227,-5.567469336883763,0.5494815706226308,-0.11951980196392342,0.3740648379052369,0.4282655246252677
folksonomy,27,-6.425118952237162,-5.470600995752081,0.4812688494746039,0.16247791406442658,0.34094783498124787,0.4434589800443459
folksonomy,28,-5.422617498624402,-5.675644053855727,0.22442069948893575,0.490144181922718,0.3702332469455757,0.3930560104814936
folksonomy,29,-4.4448350581453315,-6.666641416055564,-0.007798647998180502,0.17459255184202796,0.5112910097997444,0.3059039461609055
folksonomy,30,-5.281784371615998,-5.908804707950415,-0.2013751107733189,0.14279768646808688,0.4096961420279959,0.3704847175054029
folksonomy,31,-5.410733799606479,-4.057356738747923,0.05159009929078312,-0.15016145704311687,0.39267015706806285,0.5124450951683748
folksonomy,32,-6.186529144612741,-5.259644479911262,-0.0012789551042417524,-0.19572260115277706,0.396039603960396,0.4655803126039242
folksonomy,33,-5.793281612071237,-6.260681120380928,-0.31578865271051454,0.5496344011764325,0.411946446961895,0.37890748342279756
folksonomy,34,-5.179116981982878,-6.119772291778985,0.6055361901824943,-0.21327857428477676,0.4135079255685734,0.4197901049475262
folksonomy,35,-5.469556251232247,-4.552214268961742,-0.16974559221561278,0.411099311079407,0.44557606619987267,0.49105576990529637
folksonomy,36,-5.1460293088029365,-5.891673795236193,0.19782906461202757,0.03439250616629891,0.4048582995951417,0.37341299477221807
folksonomy,37,-5.757804157850355,-4.61772048572661,-0.022587108433839403,0.3300818526958758,0.3899902502437439,0.48176187198898834
folksonomy,38,-5.031077817186801,-5.7068191507976085,0.3454535912472755,-0.05200664892843487,0.4313443565780014,0.3952569169960474
folksonomy,39,-4.529823864326,-5.853076959042113,-0.4145342713697729,0.03194574766515812,0.46638165565487755,0.435052827843381
folksonomy,40,-4.894622340379835,-6.455814247421051,0.15442455663480828,0.08781823281582615,0.43939948736726475,0.3523194362889019
folksonomy,41,-5.619754082889217,-6.078582015170719,-0.015388008593243074,-0.36355259380591476,0.36127167630057805,0.3449465332873405
folksonomy,42,-5.960801338940887,-5.349744264444018,-0.09602051987798788,0.20319289737021973,0.3862246540070808,0.35398230088495575
folksonomy,43,-5.548286077127592,-6.415339756872661,0.6552079364784075,-0.4146525838044761,0.4380475594493116,0.34447123665173957
folksonomy,44,-5.595053771093764,-5.201302137306348,0.1267862387414219,0.7105057617473816,0.40309035942223714,0.4022795843110962
folksonomy,45,-6.085385352926881,-5.318966295063028,0.3510634659650992,-0.012730971478510544,0.38860103626943004,0.44416243654822335
folksonomy,46,-5.236478355922125,-5.459266506486562,-0.5157313054099351,0.23920286259869492,0.44020542920029343,0.41987403778866345
folksonomy,47,-5.725749442922323,-5.662653175172398,0.13378282671450603,0.031038981235208978,0.3399048266485384,0.4078857919782461
folksonomy,48,-4.33955644285836,-5.717691764036933,0.33435325265165916,0.2159330524321196,0.4672897196261682,0.3852327447833066
folksonomy,49,-4.932239018860175,-6.293011565243631,-0.265883371502729,0.4062915335274764,0.44020542920029343,0.364741641337386
human microbiome,0,-3.497269645514463,-3.544096527271925,0.049460343645398974,0.006367814979857833,0.5361930294906166,0.5148005148005148
human microbiome,1,-2.1342692004216857,-4.256259299305096,,-0.07917532878207967,0.7168458781362008,0.5048380311316786
human microbiome,2,-3.4140726536645163,-2.0424273204025907,0.12129082756405796,,0.5836575875486382,0.7102993404363267
human microbiome,3,-4.4762801706903,-3.0335438739115967,-0.14673670829290208,0.010093975448966175,0.5131964809384164,0.5693950177935942
human microbiome,4,-2.5108460379097237,-3.597293489013186,0.0780006699510356,-0.05711805112148205,0.6588235294117647,0.51440329218107
human microbiome,5,-2.2674062120814042,-3.8242646351945893,0.045332524501675464,-0.5627860499674486,0.6480881399870383,0.5235602094240838
human microbiome,6,-3.3816048492438044,-3.4721411234145516,-0.168683569952641,-0.2664077056593457,0.6343452650657,0.5350454788657035
human microbiome,7,-3.710742222674227,-2.286567835722334,0.3780338589406409,-0.1154555249384489,0.5309734513274336,0.6927263730826323
human microbiome,8,-4.893065762213785,-1.8613684436230562,-0.45941997521625244,0.050523619215159354,0.4626060138781804,0.7547169811320754
human microbiome,9,-4.894637763631583,-1.7807342450016201,0.259344585343274,-0.2492097121164476,0.4195070791819612,0.772573635924674
human microbiome,10,-3.364421322033626,-2.2460928128358004,0.12295984797304771,-0.3796941648745815,0.5382131324004307,0.7152436298614215
human microbiome,11,-4.011343219712345,-3.4244310786767094,0.20670107788082093,-0.24297834091984016,0.4791566842357451,0.5583992554676594
human microbiome,12,-2.516452629372266,-3.0860181198342493,-0.02936414628461148,0.015095510823013303,0.6430868167202572,0.623608017817372
human microbiome,13,-4.61226483028119,-2.011311228069957,-0.11093136984099816,0.02750131469474182,0.42535091450446616,0.700770847932726
human microbiome,14,-3.740162338411714,-3.6901906692798763,0.2390898352757388,-0.2103468747450722,0.509683995922528,0.5855290673358428
human microbiome,15,-1.5441909863938952,-3.843432423831935,0.06639978126726376,-0.04483438497300907,0.7945516458569807,0.5359535506922734
human microbiome,16,-3.3165669709061913,-3.6083813697318132,-0.043144699270501796,0.14557268490130926,0.5937234944868534,0.5327650506126799
human microbiome,17,-3.0199719052467913,-3.1615630218808337,-0.016707221312725173,0.41480598962686044,0.5577244841048522,0.5877413937867338
human microbiome,18,-2.835203285687489,-4.579206416894896,-0.2473495205297268,0.26205928747369367,0.6457564575645757,0.42127435492364407
human microbiome,19,-3.5825475222478143,-1.9364687593933518,-0.6526116433739486,0.23710719552740722,0.5210594876248371,0.7482629609834313
human microbiome,20,-4.34030117631987,-2.062809989693778,0.049546213327406385,,0.4666355576294914,0.7155635062611807
human microbiome,21,-3.8340388451595353,-2.6492600031976825,,0.23228347896187151,0.509683995922528,0.6795016987542469
human microbiome,22,-3.1163402240528497,-4.473592896147746,,-0.058726731809784494,0.6125574272588055,0.44306601683650865
human microbiome,23,-4.76947562698606,-2.508387448763414,-0.08262964132630635,-0.2760078882775894,0.41999160016799664,0.6506180871828238
human microbiome,24,-3.408857496854556,-3.6400967570609093,-0.25439605114671593,-0.0017340521244896268,0.5625879043600563,0.5208333333333334
human microbiome,25,-4.275854949400468,-2.88707374465288,-0.30362861625569293,0.01774160065442132,0.48959608323133413,0.6119326874043856
human microbiome,26,-4.156295366770828,-2.7483823266435543,-0.019041529387161527,-0.23846464663822697,0.5136986301369864,0.6493506493506493
human microbiome,27,-3.1540830942813587,-3.1534311856837505,0.0015876503618030835,0.15733299871580364,0.6075949367088608,0.5941770647653001
human microbiome,28,-3.8846435716786627,-2.8233537563349635,-0.27162777884554323,0.10847739690503866,0.4921259842519685,0.6186478126380911
human microbiome,29,-2.149251142846316,-4.223371715506113,-0.2508384258322398,0.2783779821379768,0.7088607594936709,0.44189129474149363
human microbiome,30,-1.7870190150852727,-2.10775936200286,0.3044271507961328,,0.7650273224043715,0.6841505131128849
human microbiome,31,-4.386539493342241,-2.1813899372934817,-0.09219811724223326,-0.1010476166818367,0.5018820577164367,0.7110208227526663
human microbiome,32,-4.143231435323721,-3.718311341711866,0.12356318217802398,-0.37986725622974526,0.5059021922428331,0.5104645227156712
human microbiome,33,-3.99509324247157,-3.0835208163918186,-0.2697650841091499,0.21884186895714486,0.4659832246039142,0.6441223832528181
human microbiome,34,-2.7172106162265246,-3.183241276938253,-0.008404150351758455,-0.01865463522919031,0.6300630063006301,0.6445672191528545
human microbiome,35,-4.094409551809762,-2.10775936200286,0.09515471837540057,-0.5084443869332478,0.4506534474988733,0.7164790174002047
human microbiome,36,-3.1864644879306065,-2.6995074757127937,0.04277664140079218,0.2121090350246645,0.6013745704467354,0.6064281382656156
human microbiome,37,-2.5515513152174107,-3.7851123350142504,-0.4918580539786712,-0.1240493871608882,0.682261208576998,0.5307855626326964
human microbiome,38,-4.697096425364972,-3.3202437781492207,-0.04035630558623893,0.12863739719919076,0.47188360204482893,0.563063063063063
human microbiome,39,-4.5763985147526505,-3.210512491883546,,-0.044084495016543324,0.4436557231588288,0.6213936972924988
human microbiome,40,-3.1271042576758963,-2.392679811103548,-0.07364899289109239,-0.34116957318193053,0.6055363321799307,0.6773101112723754
human microbiome,41,-3.6903579740850962,-2.8369442502028517,-0.07176504376315362,,0.5381165919282511,0.6389776357827476
human microbiome,42,-2.72792887280812,-3.363412646737004,0.11148612986304518,-0.09815143207551169,0.6610009442870632,0.5341880341880342
human microbiome,43,-4.427686025341579,-2.437690452006385,-0.21457784385951584,-0.1580623159843738,0.4567948229920061,0.6829268292682927
human microbiome,44,-3.8994750502927595,-3.5058853309321285,-0.4368535130620226,0.0524190737365261,0.4743833017077799,0.5350454788657035
human microbiome,45,-3.066373100024435,-2.468705458108788,0.3122734775991606,-0.3347325394625996,0.554016620498615,0.6958250497017893
human microbiome,46,-3.5119945167468134,-3.086597692161045,0.24561423613938427,-0.42151577343162716,0.5200208008320333,0.6597549481621112
human microbiome,47,-3.374439905525257,-3.3663359647852302,-0.3311675506600753,-0.020092977782396937,0.5620608899297423,0.5089058524173028
human microbiome,48,-3.353427908090046,-3.443280536956125,-0.1380760384793448,0.9489157347185131,0.529380624669137,0.5602240896358543
human microbiome,49,-3.747108603514403,-2.1924132682511974,,0.15230228062869133,0.534521158129176,0.7085020242914979
natural orifice transluminal endoscopic surgery,0,-6.831712149078267,-6.51884693641981,-0.16283627664237837,-0.07722756722607299,0.16400164001640016,0.1838235294117647
natural orifice transluminal endoscopic surgery,1,-6.342547357075404,-6.906052822585405,0.20436378661127874,-0.11347764087538131,0.17699115044247787,0.16181229773462785
natural orifice transluminal endoscopic surgery,2,-6.920305636401327,-7.991595969749669,-0.19659597548341678,0.009304528652448296,0.2385685884691849,0.078003120124805
natural orifice transluminal endoscopic surgery,3,-7.270329190713768,-6.71297354685913,-0.05842538813834541,0.04502494210280489,0.22805017103762829,0.18975332068311196
natural orifice transluminal endoscopic surgery,4,-7.912893689215924,-6.802531189731578,-0.022062106782037016,-0.09843124999938535,0.14519056261343014,0.18365472910927455
natural orifice transluminal endoscopic surgery,5,-7.27134078155782,-7.051042987558438,-0.05391545477878368,-0.14816447481679929,0.16406890894175555,0.1771479185119575
natural orifice transluminal endoscopic surgery,6,-6.450271487330233,-6.860857120041208,-0.10151308290042987,-0.17365481286876067,0.1670843776106934,0.25391451544646637
natural orifice transluminal endoscopic surgery,7,-7.533333333333334,-7.157294577676804,-0.06587586506978793,-0.1154211041818286,0.15037593984962405,0.16913319238900634
natural orifice transluminal endoscopic surgery,8,-6.1614564552448154,-6.771237036852537,0.34083911416305257,-0.29096989722168276,0.1638001638001638,0.2332814930015552
natural orifice transluminal endoscopic surgery,9,-6.640927819498308,-7.517058875446863,0.2124853389546344,0.03268399221311047,0.1885902876001886,0.2243829468960359
natural orifice transluminal endoscopic surgery,10,-5.861874088340778,-7.115592035347625,0.14524724845628648,0.00857863947012838,0.27535566773749426,0.15594541910331386
natural orifice transluminal endoscopic surgery,11,-6.050722058852843,-6.992911103441517,-0.234283007162918,0.13182175211682845,0.25199496010079797,0.15396458814472672
natural orifice transluminal endoscopic surgery,12,-7.108259098658407,-7.779918896797233,-0.0111922116471459,-0.18804087299411507,0.16240357287860333,0.1504890895410083
natural orifice transluminal endoscopic surgery,13,-6.593164141129587,-5.957830010825499,0.18500720594098158,-0.2875041734438072,0.09132420091324202,0.2557544757033248
natural orifice transluminal endoscopic surgery,14,-7.040849150029419,-6.36618085673255,0.3919402339081594,-0.24632858217393727,0.08853474988933156,0.2652519893899204
natural orifice transluminal endoscopic surgery,15,-6.7445044545352895,-5.966736021769544,-0.06268686495096065,0.03145101373086023,0.16174686615446826,0.24380333197887039
natural orifice transluminal endoscopic surgery,16,-6.86726215460511,-6.407906908105456,-0.025354466995769126,-0.011665119293651438,0.17368649587494572,0.2223869532987398
natural orifice transluminal endoscopic surgery,17,-6.847884590905619,-5.680243442222693,-0.28851862989385324,0.10183506413525562,0.17452006980802792,0.255863539445629
natural orifice transluminal endoscopic surgery,18,-7.044698423619023,-5.922886826517596,0.11459269751139284,-0.12775138346147696,0.08488964346349746,0.26327336551118913
natural orifice transluminal endoscopic surgery,19,-7.573408132795386,-7.24222907084437,0.018338774979835715,-0.002270666328169968,0.08583690987124463,0.20263424518743667
natural orifice transluminal endoscopic surgery,20,-6.521376016986375,-6.581000329829234,0.055068042991156585,-0.17393640463766702,0.18298261665141813,0.21382751247327156
natural orifice transluminal endoscopic surgery,21,-7.051551643481534,-7.784236727265785,-0.17990613084714602,0.15391464740324123,0.2465078060805259,0.08156606851549755
natural orifice transluminal endoscopic surgery,22,-7.027586507653275,-7.3177310720080495,-0.09450519903863364,0.058306530409839075,0.15904572564612326,0.18441678192715535
natural orifice transluminal endoscopic surgery,23,-6.372036747047676,-6.416417062268348,0.11383338705329199,-0.12879890292890672,0.17368649587494572,0.22514071294559101
natural orifice transluminal endoscopic surgery,24,-6.7236299430030115,-5.641708588338502,-0.0715535424810087,0.0589987208821241,0.17014036580178646,0.258732212160414
natural orifice transluminal endoscopic surgery,25,-8.029186013637043,-6.633408536706152,-0.17645794837387402,0.21344940213666524,0.17271157167530224,0.1710863986313088
natural orifice transluminal endoscopic surgery,26,-6.687058212681726,-6.577329341097439,-0.02033267987761883,-0.05642761403651919,0.16764459346186086,0.1694915254237288
natural orifice transluminal endoscopic surgery,27,-6.050469872255264,-6.2707524800294685,0.18330207416704974,-0.1768612987490153,0.2385685884691849,0.1912960306073649
natural orifice transluminal endoscopic surgery,28,-6.920798535260253,-6.699252516960001,-0.05590713342206144,-0.06435667415278659,0.2407704654895666,0.17301038062283736
natural orifice transluminal endoscopic surgery,29,-6.327239703389698,-6.4310122222267125,-0.23429903365970073,0.027783809570449985,0.22556390977443608,0.1812415043044857
natural orifice transluminal endoscopic surgery,30,-7.550691087838349,-6.657849546201869,-0.22746257139624765,-0.027202232835133594,0.08536064874093043,0.23228803716608595
natural orifice transluminal endoscopic surgery,31,-6.89768461656452,-7.6550712106788845,-0.12231050225532542,-0.05461886366073304,0.16253555465258027,0.15065913370998116
natural orifice transluminal endoscopic surgery,32,-5.464924830141893,-7.102020353029886,-0.28677297043905137,0.02116889193517385,0.27726432532347506,0.14875418371141688
natural orifice transluminal endoscopic surgery,33,-6.337302588490257,-6.675067426497237,0.016602597495132376,0.0022315255905565046,0.2347417840375587,0.1756697408871322
natural orifice transluminal endoscopic surgery,34,-6.066343149451131,-6.667529065614015,0.06084730061540844,-0.2212516362647844,0.23273855702094645,0.1832340815391663
natural orifice transluminal endoscopic surgery,35,-7.045047442457116,-8.250850217558348,-0.21833923662255672,0.04732367708990065,0.16604400166044,0.14445648248465148
natural orifice transluminal endoscopic surgery,36,-7.076816918209031,-9.00364791925607,0.22110322825548537,-0.25292532913628885,0.22497187851518557,0.08003201280512205
natural orifice transluminal endoscopic surgery,37,-6.828259301522694,-6.9442585833713935,0.01933252125287399,-0.1814047898626183,0.1823985408116735,0.22556390977443608
natural orifice transluminal endoscopic surgery,38,-7.168212363099343,-6.105037423531065,-0.05427292901538949,0.0967694922316385,0.1564945226917058,0.18779342723004694
natural orifice transluminal endoscopic surgery,39,-6.7408474534174045,-6.730973608604708,0.001156895747421005,-0.15171332099981494,0.2247191011235955,0.08561643835616438
natural orifice transluminal endoscopic surgery,40,-7.278624758728697,-5.895357732352931,0.119310856879553,0.00031120308297993837,0.09174311926605504,0.24370430544272947
natural orifice transluminal endoscopic surgery,41,-7.743843258100125,-6.611677980232077,-0.11002439146161047,0.06277046476765097,0.09799118079372857,0.2272727272727273
natural orifice transluminal endoscopic surgery,42,-7.520620549236318,-5.795300652888875,-0.03535993734569509,-0.20916360085054803,0.1456133964324718,0.26583961010190515
natural orifice transluminal endoscopic surgery,43,-6.697266032577003,-6.795192535443289,-0.18912093059990884,0.09928717461324044,0.16200891049007696,0.16722408026755853
natural orifice transluminal endoscopic surgery,44,-7.107131082032649,-6.898926256037132,0.20744804326968172,-0.21849239244231056,0.17937219730941703,0.2177068214804064
natural orifice transluminal endoscopic surgery,45,-7.1528933771325445,-7.06125839246261,-0.18154411173273532,-0.01507742916888774,0.2128414331323164,0.09157509157509157
natural orifice transluminal endoscopic surgery,46,-6.245558112866366,-6.354409959442817,-0.0202742582062012,-0.008164654400689586,0.17474879860200962,0.22522522522522523
natural orifice transluminal endoscopic surgery,47,-7.241918126522869,-6.140015228483556,-0.3061828238224225,0.3424174929430686,0.1444043321299639,0.2646669607410675
natural orifice transluminal endoscopic surgery,48,-6.777146626679018,-6.913958873529387,-0.11652488226362959,-0.08563395904924964,0.23715415019762845,0.1631986944104447
natural orifice transluminal endoscopic surgery,49,-6.592981625001324,-6.998110433432135,-0.0737486555075918,-0.09820892031146156,0.10438413361169102,0.22156573116691286
RNA-seq,0,-10.44735161280132,-13.893429596367449,-0.18019107951484648,-0.38281971038946805,0.4243281471004243,0.3255056963496861
RNA-seq,1,-12.790937898634157,-11.834808220195074,-0.8084517099954461,-0.18834453595631195,0.37444418441376087,0.3771805752003772
RNA-seq,2,-10.823263864714045,-12.700402464319094,-0.22238207163625867,-0.7647276642865231,0.37959667852906287,0.36942969291156774
RNA-seq,3,-12.456591294036533,-11.58810236108985,-0.674016734905539,-0.34286089124167374,0.3755868544600939,0.4235294117647059
RNA-seq,4,-12.682678361298361,-10.697838742101563,-0.41019496321475124,-0.23650910793475516,0.3296444549093478,0.4254313401087213
RNA-seq,5,-11.413500599287804,-10.464191967572788,-0.2824005087521041,-0.23293295474755693,0.42323066071008697,0.4223369310183013
RNA-seq,6,-14.268742160231081,-11.725235586859954,-0.5138833270160108,-0.23623035148293975,0.3305004721435316,0.37488284910965325
RNA-seq,7,-12.77445595781812,-11.900331863887809,-0.5306686253492637,-0.5383893401063785,0.3303445021236432,0.37183360446200325
RNA-seq,8,-11.237483960016759,-12.561668228241844,-0.5418478212772272,-0.6818072456720286,0.3349282296650718,0.3700277520814061
RNA-seq,9,-12.856957292418157,-10.89652445676749,-0.5151374762420304,-0.3963287667943335,0.3746195270428471,0.4220398593200469
RNA-seq,10,-11.825651318575495,-12.386323513363216,-0.3448866625838455,-0.4470982634578654,0.37709168041480084,0.41446005065622843
RNA-seq,11,-12.660611279865641,-11.405834019832827,-0.5351060642143762,-0.322126716580997,0.3281762775433662,0.422237860661506
RNA-seq,12,-13.11411757911836,-13.128573207902612,-0.3172422951235576,-0.4344495568628559,0.37798251830852825,0.33214709371293
RNA-seq,13,-12.422789833214678,-13.822923657091042,-0.35846411715393933,-0.2939797677310476,0.2855782960495002,0.3714882749013234
RNA-seq,14,-12.910411103424936,-12.090650252546872,-0.4836000519307993,-0.5312414094188992,0.3725261932479627,0.33175355450236965
RNA-seq,15,-12.385296204039372,-11.310838714807733,-0.22014730658787451,-0.5596009579116359,0.33159639981051636,0.37532254281022753
RNA-seq,16,-10.842096648261833,-12.450493922849752,-0.13061409383261702,-0.9459411691210593,0.42154566744730676,0.37549870922318707
RNA-seq,17,-12.036142228291503,-12.16299605633233,-0.9497003611457502,-0.287417815322773,0.37192003719200367,0.3750586029067042
RNA-seq,18,-12.939876984251129,-12.525891552447412,-0.3860527950145255,-0.6556293783593826,0.3693444136657433,0.42056074766355145
RNA-seq,19,-14.85081153691247,-11.337247927877316,-0.3227573928683386,-0.4859505414156725,0.32879286049788636,0.4235294117647059
RNA-seq,20,-11.488593923192903,-10.982164227024754,-0.7769765665504853,-0.08210196021488658,0.4218420435903445,0.3825920612147298
RNA-seq,21,-12.245472186132517,-12.613916148213157,-0.3963426783053916,-0.8366298196708418,0.4139834406623735,0.2842928216062544
RNA-seq,22,-13.088778302737778,-11.586482440433151,-0.5322609386331557,-0.10874794899497964,0.37261294829995345,0.3333333333333333
RNA-seq,23,-11.679713271824633,-11.106577209768256,-0.5399454751312948,-0.23388917728654024,0.3758515386422363,0.37514654161781946
RNA-seq,24,-12.662881014909555,-11.294314837628928,-0.4571856847033601,-0.2766223834367106,0.37391913998597803,0.4218420435903445
RNA-seq,25,-12.144374633253998,-11.351871439994621,-0.3262637448181399,-0.41396877713787816,0.3727865796831314,0.37532254281022753
RNA-seq,26,-11.664938767956606,-11.127065206461406,-0.5283364821851443,-0.5914443768328899,0.42056074766355145,0.3834172058471124
RNA-seq,27,-12.631604307487178,-11.142584954650264,-0.1857357849973097,-0.5387951644031126,0.3310475289666588,0.37602820211515864
RNA-seq,28,-13.868298064255853,-10.270878553545565,-0.6058465533795585,0.014019378136740923,0.3704561241028016,0.42816365366317793
RNA-seq,29,-11.656489671367272,-12.79421182408513,-0.5851917939241597,-0.32638435717680137,0.37905709547500593,0.37453183520599254
RNA-seq,30,-10.49696201564809,-13.788999000374334,0.07080855698453314,-0.7728047767920128,0.46685340802987857,0.3267211201866978
RNA-seq,31,-11.897288412492463,-13.673076923076922,-0.35006719962820243,-0.45111430349905046,0.42263442122563977,0.3298774740810556
RNA-seq,32,-9.85317747647827,-13.423716252791143,-0.6200864713157492,-0.11481002021526626,0.43478260869565216,0.37226617031177295
RNA-seq,33,-13.365956242644438,-13.061667649102537,-0.3319125717296483,-0.3694896618559659,0.33357159876101977,0.41493775933609955
RNA-seq,34,-12.602390371686631,-12.495318533674334,-0.16863256423574957,-0.5663775247647811,0.4191895668374476,0.3292568203198495
RNA-seq,35,-12.560483691741059,-13.085471006088673,-0.2999936858658805,-0.22485890821873844,0.41647385469689957,0.41899441340782123
RNA-seq,36,-10.608900219625175,-12.467099559583675,-0.1870092180059243,-0.427186345605547,0.37789324515824274,0.37037037037037035
RNA-seq,37,-13.987417974996218,-9.828072311715985,-0.6198327664907338,-0.6440700134468351,0.3262642740619902,0.4751722499406034
RNA-seq,38,-12.33302799756524,-12.104350379515383,-0.3406176459618411,-0.315849801095784,0.41589648798521256,0.32948929159802304
RNA-seq,39,-10.834834478245348,-13.794856684273274,-0.712743862277074,-0.21537393842809338,0.425531914893617,0.36655211912943875
RNA-seq,40,-12.37073024690895,-13.748232528680399,-0.6219939006379076,-0.17565528969269828,0.3750586029067042,0.3690888119953864
RNA-seq,41,-13.917603709044903,-11.719610259030858,-0.26902499922630985,-0.7005801220122794,0.3706277507528376,0.4208557400046761
RNA-seq,42,-10.533908645288761,-13.790745354124407,-0.4296413812423274,-0.1611018429068175,0.3835091083413231,0.3696003696003696
RNA-seq,43,-12.649196759053023,-10.007054358622842,-0.40251675613973015,-0.39368331398519013,0.37122969837587005,0.4293893129770992
RNA-seq,44,-10.407190948135925,-13.64228412401344,-0.4760012440141068,-0.33570404109158547,0.42775665399239543,0.372006510113927
RNA-seq,45,-11.09970606126041,-13.664717235509736,-0.2245324971119359,-0.615255197792903,0.42144696792320296,0.326797385620915
RNA-seq,46,-11.174544828856284,-11.14282499030786,-0.41793368968469213,-0.06485277209771556,0.381952733349248,0.4213483146067416
RNA-seq,47,-9.89743318610787,-13.272845096601632,-0.26432832087114977,-0.4959776173199438,0.42857142857142855,0.3727865796831314
RNA-seq,48,-15.41720516197997,-10.2951046457936,-0.17417105100366914,-0.6409376205513715,0.32228360957642727,0.3813155386081983
RNA-seq,49,-11.833341822442396,-12.284116941904543,-0.3389146590780876,-0.459138379939807,0.3783400331047529,0.3733955659276546
memristor,0,-4.347893113301597,-4.141587738792599,1.0484147312653729,0.5675298449852739,0.4508566275924256,0.4844570044408559
memristor,1,-4.896241343909201,-3.9305408249918035,0.9219835584109034,0.27674401662294934,0.407000407000407,0.5388414907947912
memristor,2,-4.956298644498964,-4.752225070709149,-0.4333802175842816,0.5631335867595353,0.36003600360036003,0.47058823529411764
memristor,3,-2.8862049675249564,-4.7877615428691165,0.8349280160296939,0.21744047532507682,0.6045340050377833,0.4203446826397646
memristor,4,-4.197089236706717,-5.057736462475707,0.32037442925174275,0.6730054308530564,0.4897959183673469,0.44984255510571297
memristor,5,-5.176671892917984,-4.608030268792581,0.5110311732336206,0.7784411313162506,0.379794910748196,0.48602673147023084
memristor,6,-5.337893735567537,-4.136383805576906,0.7051850517920456,0.09921729641489074,0.3927729772191673,0.4780876494023904
memristor,7,-4.419734476984032,-4.266216833344118,0.5143482864225306,-0.13749991889106183,0.4355400696864111,0.5130397605814451
memristor,8,-4.069663880333275,-5.412692157710714,1.1027769396226486,0.7982577523664476,0.4819277108433735,0.4091374019774975
memristor,9,-4.432906147577422,-4.217252436853095,0.35982919907204736,0.7589146925525048,0.43898156277436345,0.48681541582150106
memristor,10,-4.882059351393794,-3.3580725535408567,0.705844527983775,0.3076926444394229,0.4282655246252676,0.5586592178770949
memristor,11,-3.778671281517618,-5.0408347331407395,0.4531687144063933,0.45610895843517696,0.5228758169934641,0.35698348951361
memristor,12,-5.680009020313617,-2.9654519439094646,0.34729057797470175,0.47209789474332653,0.382262996941896,0.6079027355623101
memristor,13,-4.430188189346752,-4.305201238319844,-0.32163685472223535,0.4671221114316604,0.4486316733961418,0.46439628482972134
memristor,14,-5.029455272662426,-4.6557788853364235,0.855463919293683,0.09333951437546295,0.4665629860031104,0.4319654427645789
memristor,15,-4.188961362895813,-5.0696047115267895,-0.06132495845075647,0.4286463742460085,0.5035246727089627,0.4601226993865031
memristor,16,-5.1729352653265686,-3.3767807117249826,0.42217492679298363,0.25974006262765803,0.37037037037037035,0.5535055350553506
memristor,17,-5.205077581975901,-3.5755953028083205,-0.02709495343407109,0.8609596135898844,0.39872408293460926,0.5330964015992892
memristor,18,-4.869787356480609,-3.9678973106056294,0.1454287037809604,0.7142445040474263,0.4191114836546522,0.5154639175257731
memristor,19,-4.1414225124981785,-5.292991996355252,0.42528412500335966,0.633638839415737,0.5176876617773943,0.40048057669203047
memristor,20,-4.256725399761214,-3.662597311177523,0.7703767755414276,-0.3623414080123333,0.4486316733961418,0.5378753922008068
memristor,21,-4.364183201768132,-4.467135561824145,-0.02033786319454567,0.9146198031582946,0.49875311720698257,0.4444444444444444
memristor,22,-4.1045643998461765,-5.732741288412414,0.9968216906786829,0.039242806239676575,0.5027230833682447,0.3688675765400221
memristor,23,-4.854534763871392,-5.19282630775443,0.5634697542018015,0.7503711139832889,0.4711425206124853,0.3957261574990107
memristor,24,-5.007270774414522,-4.252313691017586,0.6071526070493793,0.5103229460590686,0.4592422502870264,0.484027105517909
memristor,25,-4.076210495262799,-4.72993989593199,0.4205934376639213,0.5937339451669786,0.5130397605814451,0.40306328093510685
memristor,26,-5.128372546662328,-4.105507154702752,0.18960056278166737,0.4972533956074433,0.44329516069449576,0.4649000464900046
memristor,27,-4.240150750610007,-4.048100709711629,0.8239802829829097,0.24786205249214432,0.46232085067036527,0.4950495049504951
memristor,28,-4.356178805225858,-4.770465639297329,0.8280863795224851,0.7849138280188281,0.4760015866719556,0.42408821034775235
memristor,29,-4.159639050791093,-4.178563769285025,0.34399386593858905,0.46636313081726577,0.43840420868040336,0.487012987012987
memristor,30,-5.113257763084266,-6.4890307884060325,0.41635064190736426,0.6847531462956877,0.41459369817578773,0.37411148522259635
memristor,31,-3.254389454496592,-4.872404500818374,0.4065714920236049,0.5406528634600893,0.5631159080244017,0.41631973355537055
memristor,32,-4.420124201683914,-5.562643532236585,0.9090338688559728,0.4709378612987971,0.4903964037597058,0.3803727653100038
memristor,33,-4.4938851507626065,-5.037083748853836,0.5306240306517278,0.24178734188379558,0.4645760743321719,0.42087542087542085
memristor,34,-5.920099279600754,-3.356972783137837,0.4882299282820215,0.24556430817797825,0.3710575139146568,0.5758157389635317
memristor,35,-5.1601991831122636,-5.030152012839227,0.6323578017860012,0.4891952396612944,0.44247787610619466,0.41893590280687054
memristor,36,-3.9154929577464794,-5.756800864682872,0.9123605412077975,0.21792070034286526,0.5190311418685121,0.38255547054322875
memristor,37,-4.480853876798482,-4.709163216974609,0.8276143331808227,0.3513265655026293,0.4729996058336618,0.4264392324093817
memristor,38,-5.08316613531922,-4.777501033912213,0.5497775755143921,-0.062402192720817595,0.395882818685669,0.4743083003952569
memristor,39,-3.3710533611179296,-5.086151004328809,0.15561750362172533,0.9151409438851799,0.551470588235294,0.4065040650406504
memristor,40,-4.3589972185354116,-4.6063126852238385,0.5642458573495046,0.5465806577465048,0.4288164665523156,0.4862236628849271
memristor,41,-4.469205836509732,-4.847654909830896,1.1232786120920082,0.44709363860925555,0.4370629370629371,0.4507888805409466
memristor,42,-4.994790205340839,-4.151822340677181,1.3938669136209039,0.0627251029658682,0.41101520756267984,0.5002084201750729
memristor,43,-5.651147343404252,-4.1395879356229495,0.4597867760439349,0.6174061661888113,0.3837298541826554,0.5143591941705958
memristor,44,-4.668277266144029,-3.987896242597587,0.7386754394219173,0.4097130035421931,0.43535045711798,0.5159071367153912
memristor,45,-4.797399535840954,-4.4336019524818555,0.569735533662105,0.019338630289048808,0.4246284501061571,0.46118370484242893
memristor,46,-4.073623117270796,-4.476428330268059,0.35873320055142865,1.1432639469212158,0.48800325335502237,0.44843049327354256
memristor,47,-3.891761495519989,-4.911743621742722,0.5017421237236702,0.6259549202601483,0.5203816131830009,0.4187604690117253
memristor,48,-4.441463620944772,-4.811001779690761,0.7572871106133694,0.17012582707834767,0.48134777376654636,0.4022526146419952
memristor,49,-4.010835381419251,-4.60481313457544,0.24516113171354825,0.5844179190225011,0.488599348534202,0.4175365344467641
metagenomics,0,-4.972653490070327,-5.198945707368419,-0.13728341907034164,-0.1456712856878764,0.4935225169648365,0.5320721253325451
metagenomics,1,-4.406361583630511,-4.096038341327461,-0.10832433737143812,-0.3010559346222481,0.5859947260474655,0.5725190839694656
metagenomics,2,-4.672677236285815,-3.2210278601289004,-0.29207783799583165,-0.16359323898749384,0.5390835579514824,0.6213324128408699
metagenomics,3,-5.538077332698044,-4.609575731191992,-0.1474508655196029,-0.3404785860224795,0.3711952487008166,0.5355548943766736
metagenomics,4,-3.662556244825867,-3.862385737113417,-0.341955915087217,-0.17703322735661411,0.5657708628005658,0.6278538812785388
metagenomics,5,-4.490252328837861,-4.191012998992058,0.005831857812422903,-0.16910195018746044,0.5683432793407218,0.5301524188204109
metagenomics,6,-5.081839234600112,-4.3154186267855215,-0.3166938502460494,-0.3377124096011091,0.48795364440378164,0.5945303210463734
metagenomics,7,-3.6351490131863415,-5.004957910105016,-0.12307248659865894,-0.3206589657557978,0.6128702757916241,0.4721753794266442
metagenomics,8,-5.626171752955113,-3.714099190302341,-0.26718712220629254,-0.2669392194236383,0.5050505050505051,0.5901881224640354
metagenomics,9,-4.668874833933275,-5.027531171496362,-0.1558908037957198,-0.12252313952593727,0.49921996879875197,0.4788985333732416
metagenomics,10,-5.500832912394844,-3.5307028267017935,-0.13829292206956778,-0.1246601861720438,0.510783200908059,0.6036217303822937
metagenomics,11,-4.410556257496521,-4.673492182396339,-0.39066344048767976,-0.1919512023338738,0.5134788189987163,0.492156259612427
metagenomics,12,-4.329130467806745,-4.0597964810875276,-0.19100023768465318,-0.13844409943274694,0.5574481263549087,0.5496392992098935
metagenomics,13,-4.647045008062586,-4.2168879994034905,-0.19484507601896894,-0.3126031055002133,0.5097164702134438,0.5977286312014345
metagenomics,14,-3.543345356930827,-5.797232468781119,-0.12000406554946902,-0.3503212204405293,0.6221914967162115,0.4224502112251056
metagenomics,15,-5.402552041909636,-4.5142653171378955,-0.13753053247493874,-0.16971166533492935,0.4362729822374571,0.5206638464041653
metagenomics,16,-5.018318503169257,-4.092547730329002,-0.15946011946967506,-0.40731892680756865,0.46052631578947373,0.5607476635514018
metagenomics,17,-5.566224518774597,-4.126211945955399,-0.17235333479922135,-0.1760890967150896,0.5212858384013901,0.5401755570560431
metagenomics,18,-5.4574287339503575,-4.035020545803457,-0.33934543911559495,-0.1990978165213192,0.4238570996064184,0.5847953216374269
metagenomics,19,-4.8991871889604175,-4.524620373384818,-0.3416254624127183,-0.009092626889724342,0.5249343832020997,0.517464424320828
metagenomics,20,-4.592525825124075,-4.734775911146106,-0.13363267703196896,-0.20063402301715255,0.5507955936352509,0.5171299288946347
metagenomics,21,-4.827544959854339,-5.977948022744446,-0.012160844001291582,-0.4710835491069132,0.5424954792043399,0.4197901049475262
metagenomics,22,-5.047168299904751,-4.436058675814485,-0.2354513963085602,-0.29821413161061017,0.477326968973747,0.5502904310608376
metagenomics,23,-5.3387181757570925,-4.028376973593752,-0.0919901131118725,-0.21758849353092985,0.5197805371065549,0.5509641873278237
metagenomics,24,-4.525130197545113,-5.985542777242895,-0.0035545429674893603,-0.23153002664135588,0.5270092226613966,0.44880785413744745
metagenomics,25,-4.153956685914993,-5.125305002311346,-0.20058494840826355,0.015884846611931847,0.5462615227039945,0.46592894583576
metagenomics,26,-3.2781639604171717,-5.28810787411296,-0.24705590624442453,-0.2448441095755629,0.6217616580310881,0.5308168681804778
metagenomics,27,-4.052680324284788,-4.830782865189831,-0.1830275557614999,-0.2746645016407165,0.5294506949040371,0.5045726900031535
metagenomics,28,-4.671582934680375,-4.674171273223688,-0.15272881529743032,-0.3320677412647084,0.5181347150259068,0.5368326871458395
metagenomics,29,-4.418030569665599,-3.663887923317472,-0.31379373821108114,-0.2559868605475275,0.5115089514066496,0.6285355122564424
metagenomics,30,-4.2173972084678795,-5.685076629149974,-0.2789635345902932,-0.1735642328492456,0.5564142194744977,0.4121283485428319
metagenomics,31,-4.393137719365155,-4.7747399713711625,-0.4443423405847692,-0.38766280811986203,0.5240746806419915,0.5098789037603569
metagenomics,32,-4.5380253377363085,-5.411501569181962,-0.24255714322180577,-0.19417424680413872,0.5501222493887531,0.4618937644341802
metagenomics,33,-5.500395835324758,-4.141048052708641,-0.2128007397869316,-0.36903688502976206,0.5097706032285472,0.5475701574264202
metagenomics,34,-5.043918260469975,-3.8306198528960866,-0.4569849593002526,0.06174112452470623,0.5119453924914676,0.5829015544041452
metagenomics,35,-4.603568999083351,-5.927496711826285,-0.21779993757638078,-0.3884647065434027,0.5754475703324808,0.3979533826037521
metagenomics,36,-4.580682752704639,-4.268594894282895,-0.19760971255482487,-0.09798441991963747,0.5314437555358725,0.5509641873278237
metagenomics,37,-3.7074204567263496,-5.063908617342558,-0.30789254586059744,-0.06393280936062828,0.6097560975609757,0.49170251997541486
metagenomics,38,-4.120816918460671,-5.280175183047251,-0.06633432448653837,-0.1322962737272361,0.5714285714285714,0.5067567567567567
metagenomics,39,-4.014359606046627,-4.055077958496296,-0.2255323150669829,-0.27332329200580185,0.5623242736644799,0.5157962604771116
metagenomics,40,-3.7880640872785136,-5.213755911184423,-0.2605102537257093,0.04657952489678602,0.6309148264984228,0.45425048669695
metagenomics,41,-5.28270063140279,-4.6107869877176295,-0.2533025679731477,0.06895635350610685,0.45961917268548913,0.5538631957906397
metagenomics,42,-5.59217895258977,-3.8456444902299345,-0.1763111405073736,-0.2308378393861274,0.4618937644341801,0.5771080474511061
metagenomics,43,-5.2170361843175215,-3.948717620951036,-0.11335474730063028,-0.3703327609621846,0.5546311702717692,0.5386687187379762
metagenomics,44,-4.229117526080806,-5.284839457624066,-0.18090913439804057,-0.6114697256041127,0.4976892996800569,0.46538685282140774
metagenomics,45,-5.92019193661588,-5.2264625519815775,-0.09413741196272249,-0.20808245016236976,0.44025157232704404,0.5205320994794679
metagenomics,46,-3.5601949885735102,-5.011307967703622,-0.1907260422718123,-0.30717958193531925,0.6468685680682152,0.4685212298682284
metagenomics,47,-3.958114029012639,-5.319161985924279,-0.17870429695616896,-0.223906347152541,0.5486968449931413,0.516795865633075
metagenomics,48,-5.5433769295556425,-4.55042649992004,-0.2412963561898325,-0.2022159414840621,0.47253396337861786,0.5105296745373324
metagenomics,49,-4.232563282622717,-5.601248467717333,-0.4172741158839278,-0.017148229191460335,0.5392652510953825,0.4759071980963712
cloud computing,0,-7.162516721605324,-5.852936553668212,,,0.2593192868719611,0.35100035100035104
cloud computing,1,-7.4364315587316625,-5.599489564592919,,-2.2839394495249747,0.18248175182481752,0.4004004004004004
cloud computing,2,-7.434854153045391,-7.352502016634176,-1.828194375007297,,0.19442644199611148,0.23894862604540026
cloud computing,3,-6.857992344746533,-7.184347724000978,-2.0651746908187594,,0.2635046113306983,0.1988071570576541
cloud computing,4,-6.255867904700908,-7.784962459187725,-2.221814318225394,,0.29282576866764276,0.292141396435875
cloud computing,5,-7.363825495347233,-5.879258288280831,-1.5958194272886237,,0.19867549668874174,0.3318951211417192
cloud computing,6,-6.241117920893677,-6.830008136078257,,-2.1038536379697823,0.3318951211417192,0.3062787136294028
cloud computing,7,-7.739000588321177,-6.6756041492408045,-2.0447216316298187,,0.2569043031470777,0.27322404371584696
cloud computing,8,-6.7552448758970485,-6.133518741244053,-2.4982187360845725,,0.26490066225165565,0.32499187520311995
cloud computing,9,-6.842731188474241,-6.952974896409891,-1.7584187502181716,,0.3858875413450937,0.2727582679849983
cloud computing,10,-7.438689689005636,-6.419977774214444,,-2.564931748482663,0.2805049088359046,0.32372936225315635
cloud computing,11,-6.2906841388773485,-7.779634716801185,-1.8848907378483382,,0.333889816360601,0.24570024570024568
cloud computing,12,-7.616823567038409,-6.959716103332421,-2.8703679632027685,-2.2651775886450833,0.19286403085824494,0.25101976780671476
cloud computing,13,-7.321595199028147,-6.589057727249704,,-1.684459560320642,0.29481132075471694,0.20993701889433172
cloud computing,14,-6.510016771847718,-5.950000042364192,,-2.426780147892887,0.30469226081657524,0.2763385146804836
cloud computing,15,-6.544395265898329,-7.105031808034172,-1.914124328466418,-2.2795340753312745,0.2740664611168208,0.32883919763235775
cloud computing,16,-7.746924450640212,-6.331274209239621,-1.8341359548438287,,0.19336126329358685,0.3395585738539898
cloud computing,17,-4.959182990670878,-6.9482008602250644,-2.37917399829825,-1.7418310327834559,0.37735849056603776,0.2588159171789065
cloud computing,18,-6.642299642050085,-6.527393831308759,-1.8822815866510507,,0.3115264797507788,0.26702269692923897
cloud computing,19,-8.203442161333847,-6.71846941328737,-2.572943241700989,-1.5751224489585876,0.2004008016032064,0.3065603923973023
cloud computing,20,-7.051848795072923,-5.530708873815194,,-2.5924112444064096,0.2531645569620253,0.36258158085569253
cloud computing,21,-7.187564986122158,-6.912964809326608,-2.2274604932485054,,0.25324469768914215,0.27201632097925876
cloud computing,22,-7.153848286940166,-6.536312807206889,-2.261047620204933,,0.25204788909892883,0.2637652489284537
cloud computing,23,-6.423746251696615,-6.348001217453557,,,0.2679169457468185,0.3586371787208607
cloud computing,24,-6.7561347729752175,-6.812295116477291,-2.7186662175172485,-1.9157723573671572,0.2962962962962963,0.26675558519506504
cloud computing,25,-7.341471612134329,-6.286068041327708,,-1.8971470156586636,0.2489884842826019,0.31456432840515886
cloud computing,26,-7.213025541456215,-6.608186004550898,-2.510469442814804,,0.3056234718826406,0.2857142857142857
cloud computing,27,-6.645396174990672,-6.951790111974738,-2.3672732851555014,-1.7641639429585767,0.2750085940185631,0.25429116338207247
cloud computing,28,-6.385706074853343,-6.877488984788535,-1.9753046608967462,,0.3772398616787174,0.26135249918327347
cloud computing,29,-6.966522278528372,-6.469575606059514,-2.617256237124161,-1.8292357762070262,0.16522098306484923,0.3295978905735003
cloud computing,30,-6.907219962371179,-6.7100179941811575,-1.725058556044547,-2.264689750244269,0.24554941682013506,0.2609262883235486
cloud computing,31,-7.087758368869946,-5.563549302076046,-2.160055962649196,-2.525260986463401,0.2518098835379289,0.390625
cloud computing,32,-6.740675035685714,-6.5853724446077075,-2.068429184135013,,0.33079722130334105,0.2727582679849983
cloud computing,33,-6.593899316544143,-7.541084581225621,-2.3425135282047838,-2.2206971215514675,0.22556390977443608,0.2553463134375998
cloud computing,34,-6.44087327036082,-7.902311168090741,-2.015952965511604,-2.509615847781484,0.26490066225165565,0.2526847757422615
cloud computing,35,-7.353928481083492,-6.181399095760504,-2.6528033229885626,,0.25999350016249595,0.27605244996549344
cloud computing,36,-6.90759433071681,-7.24467774635529,-2.466855875985038,,0.31446540880503143,0.21126760563380284
cloud computing,37,-7.689335850542579,-6.851723835740007,-2.020833255040908,-1.673399108295122,0.20562028786840303,0.3203074951953876
cloud computing,38,-6.727520812643505,-6.717744194721758,-2.4963975797423172,,0.3439972480220158,0.3146633102580239
cloud computing,39,-7.1308405045107826,-7.007537030526821,-1.9519362692600546,,0.2972651605231867,0.25101976780671476
cloud computing,40,-5.875523757538036,-7.233534885980353,,-2.3552658949444973,0.341296928327645,0.18850141376060323
cloud computing,41,-5.948118774794627,-7.660885539321059,-2.0185035568114875,,0.26666666666666666,0.24132730015082957
cloud computing,42,-6.802920724244571,-6.9032000519886045,,-2.355656890050283,0.27137042062415195,0.24960998439937598
cloud computing,43,-7.398691259104079,-6.4198959675851075,-2.3626012028139116,,0.2034587995930824,0.32278889606197547
cloud computing,44,-6.486773532914113,-6.904483631831689,,,0.3079765937788728,0.2213205459240133
cloud computing,45,-5.941066525399919,-7.630556335852633,,-1.9397491723075375,0.3690036900369003,0.18564356435643564
cloud computing,46,-7.524965038462372,-7.947770339174953,-2.4519612722459705,-2.506786652569347,0.21253985122210414,0.24427480916030533
cloud computing,47,-8.006705958771422,-6.471287538359561,-1.7925657890927844,,0.23168259484506226,0.267379679144385
cloud computing,48,-7.868290895472149,-7.811023377233508,-2.710240722239911,,0.19505851755526657,0.1914486279514997
cloud computing,49,-7.530902561338571,-6.641557790311271,-2.0586897173528276,,0.19563090968373,0.3095017022593624
single-incision laparoscopic surgery,0,-5.363667548973494,-6.998753897028792,0.07162886820599068,0.09433118232434609,0.24227740763173833,0.09315323707498836
single-incision laparoscopic surgery,1,-5.863200961962297,-8.303878409054812,-0.018530643556221083,0.11082411799751289,0.14194464158977999,0.15552099533437014
single-incision laparoscopic surgery,2,-6.771255998604545,-6.559549127116931,-0.015018802057126579,0.0029112749197044083,0.10116337885685382,0.10224948875255624
single-incision laparoscopic surgery,3,-5.4821398878321395,-7.655861367781847,0.006420546083663041,-0.24592748497548825,0.24405125076266015,0.08453085376162299
single-incision laparoscopic surgery,4,-6.669034110140081,-6.571392640385157,0.07392236894195736,-0.03256208412899714,0.11918951132300357,0.18165304268846502
single-incision laparoscopic surgery,5,-6.645736031177579,-6.8332495851177315,-0.13248824527619932,-0.021668943941491214,0.10718113612004287,0.0997506234413965
single-incision laparoscopic surgery,6,-7.036763840311268,-6.170216100846161,-0.22506210996436066,0.1496740177359852,0.09643201542912247,0.12062726176115804
single-incision laparoscopic surgery,7,-5.993027831578992,-6.396345338218187,-0.19934087869258021,-0.3866704964355033,0.1854427445526194,0.10666666666666667
single-incision laparoscopic surgery,8,-6.368768259946016,-6.742297721155701,-0.06269531595963734,-0.09130093308537704,0.1071237279057311,0.09837678307919331
single-incision laparoscopic surgery,9,-6.639405327815101,-6.653903946536686,-0.2839008220066268,0.1810022951521975,0.10554089709762533,0.10604453870625663
single-incision laparoscopic surgery,10,-5.667540834284325,-6.0008664763118205,0.032069822030939055,-0.07385871847650197,0.21321961620469082,0.12070006035003017
single-incision laparoscopic surgery,11,-5.664590296034619,-7.755447128624543,-0.0664221447791006,-0.09114872371062843,0.20439448134900357,0.08646779074794639
single-incision laparoscopic surgery,12,-7.538230028635506,-7.451652357883682,0.015263382627781031,-0.017511076575968176,0.10718113612004287,0.08669267446900737
single-incision laparoscopic surgery,13,-7.748882790578518,-6.59137193253675,-0.15714972911637054,-0.01356532177388345,0.09119927040583675,0.1183431952662722
single-incision laparoscopic surgery,14,-7.938566201357355,-7.040072256278659,-0.1572031014878802,-0.008973339162294154,0.08333333333333333,0.10065425264217413
single-incision laparoscopic surgery,15,-5.5,-6.946599775860911,0.16555965034082107,-0.07272269770111411,0.17123287671232876,0.15255530129672007
single-incision laparoscopic surgery,16,-7.0973923217846036,-6.996960434938481,-0.002860957624097049,-0.10850524872984328,0.10085728693898136,0.09182736455463728
single-incision laparoscopic surgery,17,-7.1380721377388365,-6.446901222345879,0.07278136196357893,0.091136370043325,0.09799118079372857,0.12861736334405144
single-incision laparoscopic surgery,18,-7.499453574061027,-6.40913164673811,-0.11971211263080186,0.04564031423856157,0.08718395815170009,0.1273074474856779
single-incision laparoscopic surgery,19,-6.368673331236265,-7.3957867073662245,-0.23017401657848285,0.129285331777374,0.2040816326530612,0.08822232024702249
single-incision laparoscopic surgery,20,-5.848118046710184,-6.359473116254034,0.0604851195146685,-0.28967133925794797,0.1126126126126126,0.18509949097639983
single-incision laparoscopic surgery,21,-6.402334671239654,-7.166295612041976,-0.019862354878261768,0.1218849764882809,0.191662673694298,0.09337068160597571
single-incision laparoscopic surgery,22,-6.220618907152434,-6.810385880190786,0.006021029662090735,0.014043418611680097,0.21356113187399892,0.08956560680698612
single-incision laparoscopic surgery,23,-6.898757364579356,-7.189056730595274,-0.10104528545335179,0.21166258399137958,0.08976660682226212,0.11318619128466326
single-incision laparoscopic surgery,24,-7.364784198000898,-6.618761213399379,0.018084186890650722,0.1389689572981006,0.10576414595452141,0.11904761904761904
single-incision laparoscopic surgery,25,-7.076725644451968,-5.897398608270224,-0.052516710795337054,-0.051463519128690766,0.08126777732629013,0.13986013986013984
single-incision laparoscopic surgery,26,-6.685032174373868,-6.1057491279770995,0.15002375079331887,0.05201800622191689,0.11210762331838565,0.17699115044247787
single-incision laparoscopic surgery,27,-7.269233164560435,-6.151938376358464,-0.2649271924198391,0.05194646351541038,0.08760402978537013,0.11883541295306002
single-incision laparoscopic surgery,28,-6.760128402661544,-7.160494831381999,0.025126438015032934,-0.1480516021531417,0.1948368241597662,0.10610079575596816
single-incision laparoscopic surgery,29,-6.405607981483227,-7.517058875446863,-0.1710572061948301,-0.09256834107631912,0.1936108422071636,0.08795074758135445
single-incision laparoscopic surgery,30,-6.478139397520992,-6.817229931960061,0.0934167068119281,0.11259288244392861,0.1736111111111111,0.10922992900054616
single-incision laparoscopic surgery,31,-6.310252189341377,-6.1363934617831095,-0.03242823299347361,-0.014205912041071009,0.10764262648008613,0.19398642095053345
single-incision laparoscopic surgery,32,-5.28973798504237,-6.678230711206282,-0.1491285402347375,-0.026804978421189687,0.24301336573511542,0.10526315789473684
single-incision laparoscopic surgery,33,-5.5569336432846965,-7.275439107434465,-0.1710417710619999,-0.07829961098272842,0.22358859698155392,0.09354536950420955
single-incision laparoscopic surgery,34,-6.759255839517367,-7.41256758218121,-0.08188945801495387,0.1854280970795063,0.10188487009679063,0.113314447592068
single-incision laparoscopic surgery,35,-6.462065075894422,-6.8195135649674175,-0.12792331631930562,-0.0317196757655233,0.19445794846864364,0.09722897423432182
single-incision laparoscopic surgery,36,-7.203639825782909,-6.925099492425468,0.10295489758516624,-0.03238717090225255,0.08669267446900737,0.12026458208057728
single-incision laparoscopic surgery,37,-7.0378894060496275,-6.078055643231987,-0.04304739478198577,-0.10577578822470537,0.09285051067780874,0.20090406830738322
single-incision laparoscopic surgery,38,-7.0714406319639815,-5.781807242830814,0.10065066214977991,-0.153654563452944,0.09718172983479106,0.19579050416054822
single-incision laparoscopic surgery,39,-6.657313747949668,-5.995418326908523,0.05172739363332632,-0.006473328422955116,0.10256410256410256,0.2026342451874367
single-incision laparoscopic surgery,40,-5.938574464184706,-6.959030806972259,-0.008444982646829427,0.014199343475295625,0.2247191011235955,0.09298000929800092
single-incision laparoscopic surgery,41,-6.8621697012678835,-6.852920729333043,0.015084769345956414,-0.016550969909480226,0.10045203415369161,0.0997506234413965
single-incision laparoscopic surgery,42,-5.6562659937729345,-7.067773665421417,-0.16635505843758375,0.1206255562668902,0.19502681618722573,0.09298000929800092
single-incision laparoscopic surgery,43,-8.745232803572984,-5.512606936174597,0.02376762956870651,-0.07604612407431319,0.08392782207301722,0.22547914317925594
single-incision laparoscopic surgery,44,-7.61044614118774,-5.514524516311272,-0.12478127491555102,-0.007568710417259178,0.08703220191470844,0.21008403361344538
single-incision laparoscopic surgery,45,-7.064094553188629,-6.756899471746666,-0.043873257812631364,0.19185467539963066,0.11068068622025456,0.09596928982725528
single-incision laparoscopic surgery,46,-5.389567656883993,-7.9203461746956085,-0.2059725308941538,-0.04649219543540648,0.23966446974236066,0.0881445570736007
single-incision laparoscopic surgery,47,-6.287821121031632,-6.853416170756292,0.12117001929214986,-0.10038709402966453,0.18484288354898337,0.1135718341851221
single-incision laparoscopic surgery,48,-6.176911900874393,-7.42278603416477,0.05835928902028463,-0.13694816917256705,0.11396011396011396,0.09647853352629039
single-incision laparoscopic surgery,49,-5.969808846625543,-7.310009543659277,-0.004496025782518787,-0.03172138906056939,0.22484541877459246,0.08791208791208792
ChIP-seq,0,-4.267605633802818,-5.052892120186186,0.5460657814157165,-0.1144131627505357,0.3976143141153081,0.31545741324921134
ChIP-seq,1,-3.5283257224556737,-5.565209799659467,0.23338755615924667,0.08239933029733071,0.5181347150259068,0.2915451895043732
ChIP-seq,2,-3.8373706918513415,-4.799849798500101,0.09007884028403901,0.3794199657721634,0.48426150121065376,0.3851091142490372
ChIP-seq,3,-4.615316931465113,-3.911210007933272,0.17618114409148566,0.330871695800806,0.3660768761439902,0.4742145820983995
ChIP-seq,4,-5.291979377028981,-4.653035990736424,-0.09940541606880515,-0.3915961603289996,0.33482142857142855,0.4098360655737705
ChIP-seq,5,-6.1668393048475,-4.493552995442959,0.30605160313184043,0.38279411681901676,0.20449897750511248,0.312256049960968
ChIP-seq,6,-4.20445698263382,-5.5464001395833025,-0.038888684146112906,0.20972390157358967,0.43360433604336046,0.2789400278940028
ChIP-seq,7,-3.3794449273406464,-5.305634205822968,0.34442687261002325,0.03206079809710749,0.5659309564233163,0.29239766081871343
ChIP-seq,8,-5.507247487608088,-4.626373691952933,0.11825751259894024,0.3818896053292048,0.3335186214563647,0.4036326942482341
ChIP-seq,9,-4.386170261866436,-4.7140945120382245,-0.17081037432966983,-0.03528687712036527,0.3836317135549872,0.4466279589102278
ChIP-seq,10,-5.364333879592841,-5.514074264140865,0.10647867078181872,0.058338787448640184,0.3051881993896236,0.30991735537190085
ChIP-seq,11,-4.899331686380749,-5.528416841120549,0.07112361102043074,0.4652868768224855,0.39005363237445145,0.15220700152207
ChIP-seq,12,-5.8540479003599595,-3.882369805379606,0.13110120574188,0.504032680254582,0.20887728459530028,0.4160887656033287
ChIP-seq,13,-5.18321055348816,-5.11652812424038,0.32653434506883583,0.02679545732086841,0.3333333333333333,0.35698348951361
ChIP-seq,14,-5.226823219291559,-4.04230570114488,-0.1483499219601644,0.4215351862120892,0.3597122302158274,0.4169562195969423
ChIP-seq,15,-3.247357356287158,-4.789221416661877,0.28309281336123926,0.3092878797318702,0.5164622336991608,0.357355568790947
ChIP-seq,16,-4.970792013970677,-5.151777977216275,-0.17864218374233753,-0.021908736432944775,0.37071362372567196,0.28169014084507044
ChIP-seq,17,-4.394040291453777,-4.845644894391105,0.2056076785808575,-0.0512621778208443,0.4038364462392731,0.33898305084745767
ChIP-seq,18,-5.7717922582999,-3.830688378701626,0.5622321777034935,-0.26793805617324107,0.22624434389140272,0.47761194029850745
ChIP-seq,19,-6.220786220719742,-5.861912007112294,0.33342435936280435,0.16087659594093295,0.10764262648008613,0.3244997295835587
ChIP-seq,20,-5.892364832049291,-5.0161087211338735,-0.2312245140920689,0.42669045070337475,0.32193158953722334,0.276625172890733
ChIP-seq,21,-4.101762626883242,-4.755182930853696,-0.2058868365241575,0.5052164021442963,0.4512126339537507,0.3921568627450981
ChIP-seq,22,-6.170130466839987,-3.6419921799718558,0.33843831561926174,0.321082572265327,0.21447721179624665,0.5144694533762058
ChIP-seq,23,-5.036729125695492,-4.723196345777811,0.23907392919644055,-0.028267857642971017,0.3393665158371041,0.4136504653567735
ChIP-seq,24,-5.016237371041901,-4.480804465484791,0.42341407351882043,-0.03625619195952079,0.3592814371257485,0.4044489383215369
ChIP-seq,25,-5.676748481468848,-5.829932551115182,0.028491696841733027,0.3734587575396906,0.3361344537815126,0.212879191059074
ChIP-seq,26,-4.775369215487495,-4.551948823881712,0.10609754656766102,0.15682671398753922,0.36697247706422015,0.40404040404040403
ChIP-seq,27,-5.288231525100232,-4.8714223795628575,0.3416811854464219,0.38780057084660613,0.22688598979013047,0.3878474466709761
ChIP-seq,28,-3.9565861673663547,-4.3097647173603155,0.0673914869179244,0.1122073943920916,0.47932893948472133,0.3621001810500905
ChIP-seq,29,-5.658032638058334,-4.69184003545684,0.4261580465495396,0.12012856751902312,0.1694915254237288,0.4644681839294008
ChIP-seq,30,-4.478339537567894,-4.784463304165985,0.29594680302800214,-0.20364199809761152,0.3436426116838488,0.37037037037037035
ChIP-seq,31,-3.537392053958415,-4.923282408862949,0.10309495469610619,0.3977059093301718,0.4836759371221282,0.4199475065616798
ChIP-seq,32,-3.7055098628885164,-5.711441799734029,0.0543679815802357,0.4283735422249143,0.4839685420447671,0.2942618930848455
ChIP-seq,33,-4.103496870395296,-4.584305219739026,0.14459365562612103,0.20925364431944993,0.4321988114532685,0.40547389761784086
ChIP-seq,34,-4.80955821715125,-4.9128648131463315,-0.07045844460157602,0.15917649790092525,0.4065040650406504,0.37054191755442334
ChIP-seq,35,-6.407049499271796,-4.640335147419185,0.03490504188058563,0.3706940029268544,0.19342359767891684,0.38461538461538464
ChIP-seq,36,-5.242965552319167,-4.591777401249808,0.5701543833835138,-0.07501318565149867,0.3076923076923077,0.42238648363252373
ChIP-seq,37,-4.761309870419084,-4.491847938608808,0.22446728451971498,-0.10894755900335917,0.3825920612147298,0.30441400304414
ChIP-seq,38,-4.638594214995608,-4.2532097516249365,-0.18430278880561357,0.374177808234347,0.3565062388591801,0.425758382118148
ChIP-seq,39,-4.601826455081621,-4.601172526008169,0.4323579096209915,-0.23057087628073558,0.389294403892944,0.3603603603603604
ChIP-seq,40,-5.63118254406107,-3.994504163448714,-0.002796941045929646,0.2405132052055039,0.3693444136657433,0.4542873367404884
ChIP-seq,41,-4.141434762016073,-5.280964160076361,0.5499604906805997,0.12889635456858495,0.3902439024390244,0.32051282051282054
ChIP-seq,42,-6.0678593620063195,-5.324913666775555,0.24732498845333462,0.05692271939327398,0.2252252252252252,0.3184713375796178
ChIP-seq,43,-3.8561905235895177,-6.348676673964783,0.5823081040260933,-0.12896570629582416,0.4764740917212627,0.17459624618070713
ChIP-seq,44,-5.436220897529803,-5.01739135685812,0.4939494846916227,0.015243360068085576,0.3059663437021928,0.32
ChIP-seq,45,-5.623532117377591,-4.428383410296301,-0.02110146908470434,0.24747462067720938,0.32017075773746,0.4310344827586207
ChIP-seq,46,-5.585373917572613,-3.868265253382834,0.22700378872270932,0.03282035075736034,0.26881720430107525,0.47846889952153115
ChIP-seq,47,-3.9617565640228354,-4.787167421030092,0.38754975541463066,0.030112235033369794,0.45532157085941943,0.3686635944700461
ChIP-seq,48,-4.8327642642393505,-4.4740879048343825,0.2949503983501254,-0.11775139088388908,0.3395585738539898,0.38759689922480617
ChIP-seq,49,-5.955608666529843,-4.3482418971383545,0.05368794816373412,0.00274573803718392,0.22611644997173544,0.40322580645161293
copy number variation,0,-4.877411975940157,-6.850173884676584,-0.1314965610735448,0.7501046674564837,0.4973577867578489,0.3574620196604111
copy number variation,1,-4.9013436526612635,-6.1085280803276225,0.09373369245606988,0.15393556444467116,0.46511627906976744,0.4052098408104197
copy number variation,2,-6.488655590483009,-5.973503500596553,-0.049911761273598865,-0.21895774782637045,0.4115226337448559,0.40947645510383157
copy number variation,3,-6.284322290037067,-7.387189149756969,0.08286664286395662,-0.0986099184999567,0.3675344563552833,0.32994226010448174
copy number variation,4,-5.8720159815654105,-4.819092485305715,0.3640893398186764,-0.3195806573320972,0.3368137420006736,0.5535566011624689
copy number variation,5,-5.313492623083272,-6.247311281988741,-0.19497946464302696,0.13054027803253843,0.4744958481613286,0.3524229074889868
copy number variation,6,-5.2294532227472965,-5.226285492314441,-0.04877099702794174,0.1806276296813314,0.4216867469879518,0.4343779087806392
copy number variation,7,-6.547254067120872,-5.810580741296075,-0.3311072036115792,0.2554627660500204,0.4011461318051576,0.44593088071348935
copy number variation,8,-6.21806176654282,-5.889062174898772,0.12912276795981859,,0.43919846280538016,0.33366700033366703
copy number variation,9,-6.087224384502194,-5.667392200576607,0.08617941927542194,-0.21710851263678244,0.44260027662517293,0.42232277526395173
copy number variation,10,-6.885510613618747,-7.003449232333948,0.16380684162209525,-0.07007475177149991,0.3582089552238806,0.3918275958578226
copy number variation,11,-6.605110619356215,-6.631171846871265,0.17360536933846937,-0.15895173025320974,0.3102699348433137,0.3872752420470263
copy number variation,12,-4.947001098496976,-6.376140871545506,0.03905402199008556,0.30819207978544383,0.4362729822374571,0.44880785413744745
copy number variation,13,-4.829926935195538,-5.842998709863995,-0.029076534738063486,-0.049767410272719026,0.5181347150259067,0.41716328963051247
copy number variation,14,-6.63025212325751,-5.813407310464309,-0.23188184309484694,0.2734986777462396,0.39727582292849034,0.3712871287128713
copy number variation,15,-5.691576897106838,-5.642716131557775,-0.7002452663047025,-0.13955039164470806,0.426049908703591,0.4696213677722336
copy number variation,16,-6.371858654553844,-6.0798472380396476,0.013382182310655466,0.5917120368421556,0.42957962565204044,0.36507453605111045
copy number variation,17,-6.264200382123687,-6.327905003559199,-0.01925104673284972,-0.08507637906675525,0.4063860667634252,0.36674816625916873
copy number variation,18,-5.068131325888079,-6.4043712888958675,-0.4201360375094576,0.36917238898371507,0.4854368932038835,0.3582089552238806
copy number variation,19,-5.551846853559326,-5.5037237422844125,0.12560797484482444,,0.4700352526439483,0.42892156862745096
copy number variation,20,-6.046200827366973,-6.582140966878672,-0.30131215559135693,0.18443223720190605,0.4124926340601061,0.4002287021154946
copy number variation,21,-6.617814539388782,-5.513305704601146,-0.09074568688856566,-0.07149064732946031,0.34622042700519334,0.39800995024875624
copy number variation,22,-6.354761371320036,-7.243309681430674,0.26663417626418573,-0.5965612186579747,0.30599755201958384,0.37363223912463306
copy number variation,23,-5.070399389078134,-7.776529653456697,0.8152157922779668,-0.27753773435976625,0.4781420765027322,0.37125430920180325
copy number variation,24,-5.651515074872351,-5.978557699899304,-0.26348542757485416,0.10262132203467944,0.4320987654320988,0.4106776180698152
copy number variation,25,-6.536240009368999,-5.982580638574497,-0.16892022973715148,-0.08710714894651694,0.3977272727272727,0.40183696900114807
copy number variation,26,-6.01269727031537,-5.463606600695286,-0.22892913199763965,-0.18162410082846292,0.3786683496371095,0.46715328467153283
copy number variation,27,-6.00016046790799,-8.127425537743155,-0.7927396164191101,0.009137696955563879,0.37831021437578816,0.3333333333333333
copy number variation,28,-6.999327255566368,-6.402742411398724,-0.3535022725058281,0.15307019728763616,0.35056967572305,0.3995433789954338
copy number variation,29,-5.773502691896258,-7.081833335553573,-0.42069609294312693,0.1892401013790148,0.4117647058823529,0.3541912632821723
copy number variation,30,-5.822275236134551,-7.179636107466943,0.19632463215384588,-0.5999469857947766,0.37105751391465674,0.3483309143686502
copy number variation,31,-6.130734020603232,-6.651734006387282,-0.1470204362368488,0.23113490985978924,0.4480537664519742,0.34532374100719426
copy number variation,32,-6.792697680992562,-6.521113895889598,0.38970176514014954,-0.8791611538231279,0.3796095444685466,0.33046926635822865
copy number variation,33,-5.481413383180712,-5.789747218470765,0.24463163564662604,0.04848633104480826,0.46674445740956827,0.37336652146857496
copy number variation,34,-7.379611107240482,-4.6657164201176675,0.02180522077462843,-0.11235621862178258,0.3274215552523875,0.5206638464041653
copy number variation,35,-5.918558622369222,-6.169692740663049,-0.19597616481823477,0.15986471490088427,0.4091174751607247,0.398406374501992
copy number variation,36,-5.1575730258431545,-5.463639020959507,-0.4008337875464847,0.45101290437745245,0.5047672462142457,0.38961038961038963
copy number variation,37,-6.613676891005423,-5.302154323190345,0.42478005662424345,-0.6367886760075328,0.40721349621873176,0.5142857142857142
copy number variation,38,-5.723241156460759,-6.511195981442948,-0.36813389392975004,0.3693351437314578,0.46674445740956827,0.3617726861621947
copy number variation,39,-6.514580019627651,-6.4717294683206505,0.0005829701126160991,-0.07654434286547351,0.40816326530612246,0.3908431044109436
copy number variation,40,-6.593933236994449,-5.554850860587684,0.047391547946890045,-0.0418997401806418,0.3644093531733981,0.46162723600692446
copy number variation,41,-6.211724454564434,-6.000413840305885,0.22420136496853438,0.0584802193817735,0.37700282752120645,0.4318322023442319
copy number variation,42,-7.550771533886252,-6.219916616629283,0.7200645150735128,0.007657389421796168,0.2939447383891828,0.40509259259259256
copy number variation,43,-5.742321242209123,-6.114442091637295,0.30505689784274814,-0.25496155920486885,0.41803523439832785,0.4151838671411625
copy number variation,44,-6.436221639631615,-5.577648230610012,0.17773268144862775,-0.39250189283389747,0.45911047345767575,0.3818008272351257
copy number variation,45,-5.817490894073586,-5.644389464410078,-0.16224309411828597,0.19175210091740902,0.36199095022624433,0.4531294250920419
copy number variation,46,-6.8002624681798505,-4.9463892126949816,-0.35521218560988177,-0.07828487078154334,0.35587188612099646,0.469208211143695
copy number variation,47,-6.729102078677182,-6.7126429344739265,-0.12464375596682875,0.3088512641839798,0.3574620196604111,0.4003431512725193
copy number variation,48,-6.941462930864307,-5.267241197516413,-0.5578600440755648,0.42322221814043814,0.30469226081657524,0.4757656853999405
copy number variation,49,-6.5305377138794345,-5.831677659893389,0.013458485190379843,0.06162454630319014,0.3479269353435778,0.460431654676259
interactome,0,-4.589690122804914,-4.370439486359994,-0.6176629578206381,-0.6204610897296788,0.46367851622874806,0.4862236628849271
interactome,1,-4.971139534664019,-3.161562131782668,-0.2648679236737219,-0.47877033110494405,0.4857737682165163,0.5982905982905983
interactome,2,-4.069895472420114,-3.0938172245173576,-0.26220722558302995,-0.6775076541284255,0.5154639175257731,0.6264682850430697
interactome,3,-4.369616575374366,-3.8871768689021837,-0.5255254661013067,-0.663985945367885,0.4893964110929853,0.5641748942172073
interactome,4,-4.102917184353728,-3.3797319704554836,-0.5329479362075187,-0.4767687076286804,0.5647723261560184,0.5838198498748958
interactome,5,-5.7207100200327226,-3.723382211145879,-0.5895216806954623,-0.5071438708594076,0.3460207612456747,0.5740940078937926
interactome,6,-3.8549490424930513,-4.320009192345473,-0.596082697685296,-0.4102680827680219,0.5089058524173028,0.47994514912581415
interactome,7,-4.2591230184850515,-4.65690821168872,-0.42958961201170576,-0.4630590935967518,0.5299015897047691,0.47489823609226595
interactome,8,-3.6949511662198233,-3.5143416220392742,-0.3542249626285978,-0.2881882591182552,0.5608974358974359,0.6056527590847914
interactome,9,-5.39575335427478,-4.047576807700783,-0.7910656756151582,-0.2826817919353342,0.3281378178835111,0.5468215994531783
interactome,10,-4.3163772447879145,-4.585186917040593,-0.3291472547232618,-0.7387209446691592,0.5345806882726362,0.46332046332046334
interactome,11,-2.99668331495355,-6.166124783006704,-0.4337963216370795,-0.6348958463975504,0.6402561024409764,0.3486750348675035
interactome,12,-4.630238843499438,-4.738980301848468,-0.5990481435119094,-0.2938504325464169,0.5028735632183908,0.46136101499423293
interactome,13,-3.7816366190789887,-4.5285159268048325,-0.4061382624488013,-0.5931886432190452,0.6006006006006006,0.4634994206257242
interactome,14,-4.19219224812314,-5.61121560540826,-0.5938967406733462,-0.45432768787762057,0.5261180007515972,0.3508771929824561
interactome,15,-4.476309743142755,-4.08715768334254,-0.48569149346078455,-0.5758724061659897,0.4467609828741623,0.509090909090909
interactome,16,-3.954640885093799,-3.8457084762382236,-0.4708213151872968,-0.3040834093001085,0.553250345781466,0.5163511187607573
interactome,17,-3.3262092267428405,-4.62711522010187,-0.8052998780871092,-0.06519161518637831,0.5936920222634509,0.4418262150220913
interactome,18,-4.212593102945796,-3.4643630074501544,-0.5657635205933873,-0.37737575234123466,0.48173424327579284,0.5537974683544303
interactome,19,-4.5433182590566625,-3.8436397243105143,-0.21452410455884724,-0.5816443541955263,0.4886561954624782,0.5333333333333333
interactome,20,-4.669796634561396,-3.656483264526932,-0.33323655570814253,-0.6078824271720333,0.44395116537180906,0.5721291377196568
interactome,21,-4.104899368238773,-5.715429483888636,-0.5713521345504549,-0.34848857195255156,0.5086901229334464,0.36818851251840945
interactome,22,-3.848903784994886,-4.51624474058875,-0.7606760765698581,-0.2633360184986942,0.529500756429652,0.5083514887436457
interactome,23,-4.72048807824594,-3.6479325525090127,-0.15430632446399306,-0.6209826812402879,0.4742547425474255,0.541795665634675
interactome,24,-3.876785181847754,-3.579240293724689,-0.28318394449943307,-0.6553091175353223,0.49140049140049136,0.5574912891986062
interactome,25,-4.6346878113355645,-4.8338770331675684,-0.7150573420835447,-0.3280810697111784,0.47978067169294036,0.5252790544977018
interactome,26,-4.182956197184384,-4.207964386429855,-0.7062082396210829,-0.35539507352374744,0.44228217602830605,0.5637773079633545
interactome,27,-5.195694813509557,-3.784190046153129,-0.3868584013421052,-0.5673200617947836,0.3897116134060795,0.5873715124816447
interactome,28,-4.015327445607384,-4.172247115626409,-0.6759708272806941,-0.45541996985962613,0.534045393858478,0.5544005544005544
interactome,29,-5.7062368775462,-3.7724765005720604,-0.5923025858144654,-0.6363636048846772,0.35919540229885055,0.5737704918032788
interactome,30,-3.264794774825027,-4.229128652295574,-0.5000180946167763,-0.26959998437685134,0.6398537477148081,0.5063291139240507
interactome,31,-3.71658724267522,-4.2069076288988665,-0.1740729910273634,-0.47264830422794557,0.5672609400324149,0.5434782608695652
interactome,32,-3.6733948850781695,-3.513277567465322,-0.21172902480537648,-0.8887090784230891,0.5524861878453039,0.5633802816901408
interactome,33,-3.9067993941816916,-4.265138577953998,-0.3084667439866675,-0.4683950991265775,0.47225501770956313,0.4903677758318739
interactome,34,-4.014257326692459,-3.762399692541404,-0.48161340317352025,-0.5684565363598055,0.46332046332046334,0.5524861878453039
interactome,35,-3.854873545212269,-4.330416407883215,-0.6541352498681343,-0.36179080906712546,0.5551149881046789,0.5028735632183908
interactome,36,-4.451935853294566,-4.1704394860823255,-0.5212815465043495,-0.29864154213440175,0.47994514912581415,0.522420548541576
interactome,37,-3.8426388089271426,-3.963177640149492,-0.5428876539565055,-0.2319481314412572,0.49586776859504134,0.5137614678899083
interactome,38,-4.12077940904392,-4.696659465503682,-0.45475158773208646,-0.32609788882930174,0.5368098159509203,0.45061960195268497
interactome,39,-4.048182215612652,-3.8386841563457494,-0.37031149354435455,-0.47902919749108347,0.5667729365922777,0.5059021922428331
interactome,40,-4.776211572892036,-4.630777495790231,-0.886359902140381,-0.17399850209970813,0.4452690166975881,0.4672897196261682
interactome,41,-2.459674775249769,-6.659427097321846,-0.6654843220570583,-0.17505073108347508,0.7079646017699115,0.33222591362126247
interactome,42,-5.723663598000305,-4.718474027622435,-0.7133325871258824,-0.22316304888338112,0.3442340791738382,0.4590665646518745
interactome,43,-3.6362051530631256,-3.830469066344414,-0.6150051218501809,-0.24227629419121485,0.6118286879673691,0.5524861878453039
interactome,44,-5.417419138250024,-3.987563447978681,-0.07326197712670138,-0.5631019670084374,0.32989690721649484,0.5663716814159292
interactome,45,-3.990782454545321,-4.12743535021075,-0.5180049279777299,-0.48347438750520116,0.5316792202038103,0.5081669691470054
interactome,46,-3.8669457871891377,-5.027240173878222,-0.6766545340390724,-0.5418107927569079,0.6042296072507553,0.37965072133637057
interactome,47,-5.3055510974203575,-5.933201540731041,-0.36701183140552823,-0.5311208578012545,0.3856536829926726,0.3201280512204882
interactome,48,-4.933646383939891,-3.158671100827606,-0.6660905824373292,-0.32594035452883363,0.45385779122541603,0.6208769887466046
interactome,49,-5.397435897435897,-5.103338563087875,-0.3518861585633082,-0.419124853715661,0.4160887656033287,0.3566651805617477
plug-in hybrid electric vehicle,0,-4.126949966859806,-3.7899711610535047,0.10214815464875449,,0.4195070791819612,0.477326968973747
plug-in hybrid electric vehicle,1,-4.186624534688677,-3.4541310297674745,-0.180571288632979,0.0772488045613865,0.3811944091486658,0.532197977647685
plug-in hybrid electric vehicle,2,-4.480584853545798,-3.9254910517883954,0.4991709706988803,-0.013725739546546212,0.3855421686746988,0.47309284447072736
plug-in hybrid electric vehicle,3,-3.2293584204839263,-4.8465388521695045,0.05623853093405051,0.1486734595690371,0.5543237250554324,0.36714089031665903
plug-in hybrid electric vehicle,4,-3.2610796823935035,-3.3672186070259924,0.09756282933713523,0.3511956574166909,0.5543237250554324,0.5260389268805892
plug-in hybrid electric vehicle,5,-5.1977320516102035,-3.1273694400757464,0.37753886069949405,0.11092966774092083,0.3605769230769231,0.5567928730512249
plug-in hybrid electric vehicle,6,-3.109262500128596,-2.9337242428811443,-0.16987376970094126,0.10107486042976987,0.5889281507656066,0.5955334987593053
plug-in hybrid electric vehicle,7,-2.3214200146189343,-4.101669674647009,0.286495395804643,,0.6737787759685571,0.4535147392290249
plug-in hybrid electric vehicle,8,-3.6419907086820604,-4.8006005225048725,0.30653290845580583,-0.6632608079585369,0.5268703898840885,0.42038885969521805
plug-in hybrid electric vehicle,9,-4.526737284891688,-4.619624516588336,0.03412535989582588,0.7990077014904063,0.42462845010615713,0.4143646408839779
plug-in hybrid electric vehicle,10,-4.328014246403674,-4.851743804293833,0.24502109910493142,0.08726895290047954,0.38461538461538464,0.4226096143687269
plug-in hybrid electric vehicle,11,-3.8658316166189017,-3.4505869962102143,0.27752661818699864,0.1397922606947558,0.47846889952153115,0.5230125523012552
plug-in hybrid electric vehicle,12,-5.268148773191831,-2.8007636475488007,0.20429797399842187,0.5695732452735593,0.3146303093864709,0.6422607578676943
plug-in hybrid electric vehicle,13,-4.938207363820768,-3.8656953925107653,-0.159561725181515,,0.3391746749576031,0.501002004008016
plug-in hybrid electric vehicle,14,-4.211580185173383,-3.1682091229904765,0.6148045688906423,0.38256423031987175,0.4812319538017324,0.5238344683080147
plug-in hybrid electric vehicle,15,-3.862929025573143,-4.044923471691574,0.3929005844900676,0.14565431444701504,0.481637567730283,0.47675804529201427
plug-in hybrid electric vehicle,16,-4.149579351300386,-3.5639722205284574,-0.008563781596960252,,0.4208311415044713,0.5200208008320333
plug-in hybrid electric vehicle,17,-4.105543974856411,-4.035451972787986,-0.023115002969933407,0.16099731940226025,0.425531914893617,0.4744958481613286
plug-in hybrid electric vehicle,18,-4.24077756172634,-4.700096710803842,0.13971353536330855,0.37959390944523974,0.4402861860209136,0.35714285714285715
plug-in hybrid electric vehicle,19,-3.4551919292017814,-4.277217174759447,0.14308856499545752,0.2916018636285447,0.5534034311012728,0.45850527281063735
plug-in hybrid electric vehicle,20,-4.420110514676976,-3.9141529556046075,-0.17228207437133924,,0.42462845010615713,0.44969083754918493
plug-in hybrid electric vehicle,21,-5.214384095045637,-3.474396144861517,-0.04988378001684779,,0.33076074972436603,0.5063291139240506
plug-in hybrid electric vehicle,22,-4.592260458524982,-4.222420535335744,0.17500297637110362,0.602312144663959,0.41906757464641176,0.44296788482835
plug-in hybrid electric vehicle,23,-4.751996128431893,-4.659480267841104,,-0.21375089209418752,0.3946719289590528,0.4010025062656642
plug-in hybrid electric vehicle,24,-3.3800285887278942,-4.667511080641764,0.02890260840009118,0.5987288489009803,0.5808325266214908,0.35693039857227843
plug-in hybrid electric vehicle,25,-5.378859729680168,-3.316983719484947,-0.1705243899555099,0.6937041943873479,0.33003300330033003,0.5614823133071308
plug-in hybrid electric vehicle,26,-3.313372513390172,-5.913374421728407,0.3020408691199775,,0.5580357142857142,0.2844950213371266
plug-in hybrid electric vehicle,27,-5.129626983460891,-3.2522897009930385,-0.010620687702397547,0.4429971930602341,0.3793266951161688,0.5917159763313609
plug-in hybrid electric vehicle,28,-3.950659573933869,-3.474530344380614,0.687037881389905,0.13515131788653661,0.44868199663488506,0.5131494547787043
plug-in hybrid electric vehicle,29,-2.9049961568676554,-5.168265295423694,0.6369833754501458,0.33005954468138077,0.5875440658049353,0.35587188612099646
plug-in hybrid electric vehicle,30,-3.3107925954885973,-4.231181892202025,0.1384040956646434,0.006792909447647322,0.5282620179609087,0.4670714619336758
plug-in hybrid electric vehicle,31,-4.48255260078638,-3.886174215204647,0.015503751042674208,-0.5085520777701649,0.42238648363252373,0.4750593824228029
plug-in hybrid electric vehicle,32,-4.681456911713026,-4.4799318328704825,-0.37668899654438803,0.7253999173152248,0.33222591362126247,0.435967302452316
plug-in hybrid electric vehicle,33,-3.7374253127178014,-4.386956322179524,-0.06261393392542713,0.4506555279960276,0.5246589716684156,0.38634900193174504
plug-in hybrid electric vehicle,34,-3.8387313435738006,-4.564637187811248,-0.29946877427627405,0.07914165027183917,0.5310674455655868,0.4241781548250265
plug-in hybrid electric vehicle,35,-4.777428578620911,-3.4761764316036907,-0.01523702351271572,,0.33185840707964603,0.5115089514066496
plug-in hybrid electric vehicle,36,-3.173998942352776,-3.0703688380898395,0.5093193725451296,-0.4800047490291157,0.5245901639344263,0.5772005772005773
plug-in hybrid electric vehicle,37,-2.979609149382442,-4.677397720854164,0.5010243878830973,0.3402793025422798,0.5998800239952009,0.38591413410516157
plug-in hybrid electric vehicle,38,-3.578493475019332,-4.4995143877971975,0.40131055237106983,0.2811704488176462,0.5095541401273885,0.44493882091212456
plug-in hybrid electric vehicle,39,-2.860145552934433,-4.552638429042236,0.6007874087436662,-0.5203968410147475,0.5955926146515783,0.4136504653567735
plug-in hybrid electric vehicle,40,-5.082404136274145,-3.8701954042924585,,-0.3614313758930843,0.35693039857227843,0.5015045135406219
plug-in hybrid electric vehicle,41,-3.975709409397744,-4.250264486057174,-0.19497976409775353,,0.4535147392290249,0.4175365344467641
plug-in hybrid electric vehicle,42,-2.890436310871163,-3.9836154784567435,,0.4226888026846827,0.5629838142153413,0.47225501770956313
plug-in hybrid electric vehicle,43,-3.843700440812226,-3.4299717028501764,-0.3121080439917324,0.7584369062070009,0.49480455220188024,0.5555555555555556
plug-in hybrid electric vehicle,44,-3.8767303378649762,-4.427369989998638,0.428711258259168,0.20800909518935762,0.5235602094240838,0.458295142071494
plug-in hybrid electric vehicle,45,-3.9576651735882185,-4.020140753839061,-0.1354705238986944,0.7491861380555701,0.4708652148322543,0.4799040191961607
plug-in hybrid electric vehicle,46,-4.027185381769942,-2.203017867221944,0.3468412376070321,0.2811085323178689,0.45248868778280543,0.6887052341597797
plug-in hybrid electric vehicle,47,-3.619360326298344,-3.0175315982009256,0.15379111969965287,0.8230619093038717,0.5252100840336135,0.5837711617046119
plug-in hybrid electric vehicle,48,-4.571803721424361,-3.3551751471297218,0.30003838546422756,0.35540164688105325,0.41928721174004197,0.5931198102016607
plug-in hybrid electric vehicle,49,-3.4990153760441554,-4.723684482159408,0.38224079022832846,-0.19665840985535643,0.5102040816326531,0.41906757464641176
