cidx,field,split,group,t0,n_early_j,entry_year,gateway_j,gateway_deg_j,gateway_btw_j,phi_home_j,log_size_j,label_coverage,R_cj
94,22,dev,DEV_CS,2003,27.0,1995,0.2427178906876991,0.2868271671031237,0.06,0.0154378588776776,13.304683267530228,0.5875,1.0
94,33,dev,DEV_CS,2003,8.0,2003,0.0281553368995909,0.130389795590317,0.0033333333333333,0.0,14.439861633391784,0.5875,1.0
154,13,dev,DEV_Eng,2004,16.0,2001,0.4190233151107485,0.8669866088439611,0.1266666666666666,0.0,12.466380951809448,0.5588235294117647,1.0
154,16,dev,DEV_Eng,2004,3.0,2005,1.0,1.0,0.2066666666666667,0.0,12.266316018209803,0.5588235294117647,0.0
154,23,dev,DEV_Eng,2004,16.0,2001,0.2945059638214947,0.6059324491300307,0.1666666666666666,0.0,12.02763951898302,0.5588235294117647,1.0
154,33,dev,DEV_Eng,2004,2.0,2005,0.0281553368995909,0.130389795590317,0.0033333333333333,0.485633402675643,14.524249059725388,0.5588235294117647,1.0
230,17,dev,DEV_Eng,2004,19.0,2003,0.0972089563793993,0.4363827113448261,0.0,0.0154378588776776,11.75466307041294,0.8757396449704142,1.0
230,33,dev,DEV_Eng,2004,4.0,2003,0.0281553368995909,0.130389795590317,0.0033333333333333,0.485633402675643,14.524249059725388,0.8757396449704142,1.0
423,16,dev,DEV_Eng,2003,3.0,2005,1.0,1.0,0.2066666666666667,0.0,12.23500503802586,0.688,1.0
423,25,dev,DEV_Eng,2003,25.0,2000,0.9592210826637104,0.9720631816283668,0.1466666666666666,0.5217987992617263,11.62894695000695,0.688,1.0
423,31,dev,DEV_Eng,2003,17.0,2002,0.4858337648309395,0.6107235613440025,0.1866666666666666,0.1678122609793912,12.40688060429856,0.688,1.0
804,13,heldout_cohort,Physical,2012,2.0,2013,0.4190233151107485,0.8669866088439611,0.1266666666666666,0.0,12.833995736670976,0.8518518518518519,1.0
804,16,heldout_cohort,Physical,2012,11.0,2011,1.0,1.0,0.2066666666666667,0.7091152418665014,12.48678297173805,0.8518518518518519,1.0
804,31,heldout_cohort,Physical,2012,2.0,2014,0.4858337648309395,0.6107235613440025,0.1866666666666666,0.6789393282837838,12.711470565928106,0.8518518518518519,0.0
879,17,dev,DEV_Eng,2006,20.0,2004,0.0972089563793993,0.4363827113448261,0.0,0.0154378588776776,12.071449228292328,0.84,1.0
879,33,dev,DEV_Eng,2006,2.0,2008,0.0281553368995909,0.130389795590317,0.0033333333333333,0.485633402675643,14.676509697109008,0.84,1.0
1002,22,heldout_cohort,DEV_CS,2012,13.0,2012,0.2427178906876991,0.2868271671031237,0.06,0.0154378588776776,14.14411621977538,0.5826086956521739,1.0
1002,33,heldout_cohort,DEV_CS,2012,4.0,2013,0.0281553368995909,0.130389795590317,0.0033333333333333,0.0,15.060979561483409,0.5826086956521739,1.0
1242,12,heldout_cohort,Social,2013,14.0,1998,0.0253491030341127,0.2254857952433978,0.0166666666666666,0.22890238745797,12.881038034529723,0.1496350364963503,1.0
1274,11,dev,DEV_BGM,2004,2.0,2006,0.284099881223133,0.6765171582584101,0.1633333333333333,0.8187026537960718,12.332269077986076,0.8875,1.0
1274,16,dev,DEV_BGM,2004,2.0,2006,1.0,1.0,0.2066666666666667,0.5590303710714284,12.266316018209803,0.8875,0.0
1274,24,dev,DEV_BGM,2004,2.0,2006,0.2764936642372434,0.6093573920911397,0.0166666666666666,0.9968099910970172,10.10659164851261,0.8875,1.0
1274,27,dev,DEV_BGM,2004,6.0,2005,0.2997225030505457,0.811891838394721,0.0633333333333333,0.6178356081929336,13.979124887292532,0.8875,1.0
1371,14,dev,DEV_Eng,2009,5.0,2011,0.0771156548797982,0.4276835185413574,0.0,0.0,11.625521739272616,0.7212931995540691,1.0
1371,17,dev,DEV_Eng,2009,66.0,2009,0.0972089563793993,0.4363827113448261,0.0,0.0154378588776776,12.42628390186654,0.7212931995540691,1.0
1371,21,dev,DEV_Eng,2009,2.0,2011,0.6216695741835017,0.6994573690000285,0.1133333333333333,0.2821142991842985,7.449498005382849,0.7212931995540691,1.0
1371,23,dev,DEV_Eng,2009,4.0,2011,0.2945059638214947,0.6059324491300307,0.1666666666666666,0.0,12.3854983467121,0.7212931995540691,1.0
1371,33,dev,DEV_Eng,2009,55.0,2009,0.0281553368995909,0.130389795590317,0.0033333333333333,0.485633402675643,14.879776023424252,0.7212931995540691,1.0
1847,22,heldout_cohort,Physical,2011,4.0,2001,0.2427178906876991,0.2868271671031237,0.06,0.0,14.068122810373664,0.3333333333333333,1.0
1847,25,heldout_cohort,Physical,2011,7.0,1999,0.9592210826637104,0.9720631816283668,0.1466666666666666,1.4182304837330029,12.10157287043999,0.3333333333333333,1.0
1847,31,heldout_cohort,Physical,2011,4.0,1998,0.4858337648309395,0.6107235613440025,0.1866666666666666,0.680365444901508,12.699725660467449,0.3333333333333333,1.0
1980,13,dev,DEV_Eng,2005,7.0,2004,0.4190233151107485,0.8669866088439611,0.1266666666666666,0.0,12.527764763771938,0.2807017543859649,1.0
1980,25,dev,DEV_Eng,2005,4.0,2005,0.9592210826637104,0.9720631816283668,0.1466666666666666,0.5217987992617263,11.736388965095358,0.2807017543859649,1.0
1980,27,dev,DEV_Eng,2005,18.0,2005,0.2997225030505457,0.811891838394721,0.0633333333333333,0.0,14.068090962336957,0.2807017543859649,1.0
1980,33,dev,DEV_Eng,2005,5.0,2006,0.0281553368995909,0.130389795590317,0.0033333333333333,0.485633402675643,14.600690736046182,0.2807017543859649,1.0
2125,28,dev,DEV_Med,2008,4.0,2009,0.1756430657565985,0.5521514721963489,0.0633333333333333,0.6722590635576315,11.39021531097729,0.8412698412698413,1.0
2125,33,dev,DEV_Med,2008,7.0,2005,0.0281553368995909,0.130389795590317,0.0033333333333333,0.0,14.81428556829688,0.8412698412698413,1.0
2176,24,heldout_cohort,DEV_BGM,2010,3.0,2012,0.2764936642372434,0.6093573920911397,0.0166666666666666,0.9968099910970172,10.417328625262575,0.8337028824833703,1.0
2176,27,heldout_cohort,DEV_BGM,2010,139.0,2010,0.2997225030505457,0.811891838394721,0.0633333333333333,0.6178356081929336,14.51376069626012,0.8337028824833703,1.0
2176,28,heldout_cohort,DEV_BGM,2010,6.0,2010,0.1756430657565985,0.5521514721963489,0.0633333333333333,0.9026083016952744,11.532463351343267,0.8337028824833703,1.0
2300,22,dev,DEV_Med,2007,8.0,2008,0.2427178906876991,0.2868271671031237,0.06,0.0,13.745975039270956,0.8962962962962963,1.0
2300,33,dev,DEV_Med,2007,2.0,2009,0.0281553368995909,0.130389795590317,0.0033333333333333,0.0,14.747540378013614,0.8962962962962963,1.0
2324,17,dev,DEV_Eng,2009,9.0,2010,0.0972089563793993,0.4363827113448261,0.0,0.0154378588776776,12.42628390186654,0.7522935779816514,1.0
2324,33,dev,DEV_Eng,2009,19.0,2008,0.0281553368995909,0.130389795590317,0.0033333333333333,0.485633402675643,14.879776023424252,0.7522935779816514,1.0
2386,13,heldout_field,Physical,2005,12.0,2003,0.4190233151107485,0.8669866088439611,0.1266666666666666,0.0,12.527764763771938,0.4818181818181818,1.0
2386,16,heldout_field,Physical,2005,8.0,2004,1.0,1.0,0.2066666666666667,1.4182304837330029,12.302795463454908,0.4818181818181818,1.0
2386,22,heldout_field,Physical,2005,6.0,2005,0.2427178906876991,0.2868271671031237,0.06,0.5217987992617263,13.529160930746272,0.4818181818181818,1.0
2386,27,heldout_field,Physical,2005,5.0,2006,0.2997225030505457,0.811891838394721,0.0633333333333333,0.0,14.068090962336957,0.4818181818181818,1.0
2386,30,heldout_field,Physical,2005,3.0,2006,0.5287866107767778,0.6043376156657957,0.0666666666666666,0.5259623172440718,7.095893221097532,0.4818181818181818,1.0
2386,31,heldout_field,Physical,2005,2.0,2007,0.4858337648309395,0.6107235613440025,0.1866666666666666,1.1900663955881765,12.4902736661453,0.4818181818181818,0.0
2614,13,heldout_field,LifeEnv,2007,8.0,2008,0.4190233151107485,0.8669866088439611,0.1266666666666666,0.0,12.624891527128527,0.6132596685082873,1.0
2713,22,dev,DEV_CS,2006,78.0,2005,0.2427178906876991,0.2868271671031237,0.06,0.0154378588776776,13.635691068387873,0.8166666666666667,1.0
2713,33,dev,DEV_CS,2006,12.0,2007,0.0281553368995909,0.130389795590317,0.0033333333333333,0.0,14.676509697109008,0.8166666666666667,1.0
2880,11,dev,DEV_BGM,2003,15.0,2002,0.284099881223133,0.6765171582584101,0.1633333333333333,0.8187026537960718,12.361493946348004,0.746031746031746,1.0
2880,16,dev,DEV_BGM,2003,22.0,2003,1.0,1.0,0.2066666666666667,0.5590303710714284,12.23500503802586,0.746031746031746,1.0
2880,23,dev,DEV_BGM,2003,3.0,2004,0.2945059638214947,0.6059324491300307,0.1666666666666666,0.0,12.00099000953362,0.746031746031746,1.0
2880,27,dev,DEV_BGM,2003,26.0,2000,0.2997225030505457,0.811891838394721,0.0633333333333333,0.6178356081929336,13.91359960042358,0.746031746031746,1.0
2880,33,dev,DEV_BGM,2003,4.0,2004,0.0281553368995909,0.130389795590317,0.0033333333333333,0.0,14.439861633391784,0.746031746031746,1.0
2935,11,heldout_cohort,Social,2010,2.0,2011,0.284099881223133,0.6765171582584101,0.1633333333333333,0.0,12.853573714204371,0.3764705882352941,1.0
2935,14,heldout_cohort,Social,2010,3.0,2012,0.0771156548797982,0.4276835185413574,0.0,0.0542821830537903,11.695721908987394,0.3764705882352941,1.0
2935,20,heldout_cohort,Social,2010,5.0,2010,0.1430448780302194,0.5199065083557681,0.0233333333333333,0.0754621315346449,11.52046695630357,0.3764705882352941,1.0
2935,22,heldout_cohort,Social,2010,10.0,2009,0.2427178906876991,0.2868271671031237,0.06,0.485633402675643,14.008620378276127,0.3764705882352941,1.0
2935,23,heldout_cohort,Social,2010,10.0,2002,0.2945059638214947,0.6059324491300307,0.1666666666666666,0.0,12.438643618727257,0.3764705882352941,1.0
2949,25,dev,DEV_Eng,2004,18.0,2003,0.9592210826637104,0.9720631816283668,0.1466666666666666,0.5217987992617263,11.671671285235478,0.6716417910447762,1.0
2949,31,dev,DEV_Eng,2004,14.0,2000,0.4858337648309395,0.6107235613440025,0.1866666666666666,0.1678122609793912,12.438730789212968,0.6716417910447762,1.0
2949,33,dev,DEV_Eng,2004,3.0,2004,0.0281553368995909,0.130389795590317,0.0033333333333333,0.485633402675643,14.524249059725388,0.6716417910447762,1.0
3048,16,dev,DEV_BGM,2003,3.0,2004,1.0,1.0,0.2066666666666667,0.5590303710714284,12.23500503802586,0.8209606986899564,1.0
3048,27,dev,DEV_BGM,2003,65.0,2002,0.2997225030505457,0.811891838394721,0.0633333333333333,0.6178356081929336,13.91359960042358,0.8209606986899564,1.0
3048,28,dev,DEV_BGM,2003,2.0,2004,0.1756430657565985,0.5521514721963489,0.0633333333333333,0.9026083016952744,11.24297852454132,0.8209606986899564,1.0
3048,33,dev,DEV_BGM,2003,4.0,2005,0.0281553368995909,0.130389795590317,0.0033333333333333,0.0,14.439861633391784,0.8209606986899564,1.0
3233,11,heldout_cohort,Physical,2010,2.0,2012,0.284099881223133,0.6765171582584101,0.1633333333333333,0.0,12.853573714204371,0.6875,1.0
3233,13,heldout_cohort,Physical,2010,12.0,2008,0.4190233151107485,0.8669866088439611,0.1266666666666666,0.5590303710714284,12.757647621178007,0.6875,1.0
3233,27,heldout_cohort,Physical,2010,2.0,2010,0.2997225030505457,0.811891838394721,0.0633333333333333,0.0,14.51376069626012,0.6875,1.0
3285,11,heldout_cohort,DEV_BGM,2010,9.0,2010,0.284099881223133,0.6765171582584101,0.1633333333333333,0.8187026537960718,12.853573714204371,0.6526946107784432,1.0
3285,27,heldout_cohort,DEV_BGM,2010,46.0,2007,0.2997225030505457,0.811891838394721,0.0633333333333333,0.6178356081929336,14.51376069626012,0.6526946107784432,1.0
3583,25,dev,DEV_Eng,2009,9.0,2007,0.9592210826637104,0.9720631816283668,0.1466666666666666,0.5217987992617263,12.005882390193737,0.87248322147651,1.0
3583,31,dev,DEV_Eng,2009,8.0,2010,0.4858337648309395,0.6107235613440025,0.1866666666666666,0.1678122609793912,12.661967842237615,0.87248322147651,1.0
3583,33,dev,DEV_Eng,2009,2.0,2011,0.0281553368995909,0.130389795590317,0.0033333333333333,0.485633402675643,14.879776023424252,0.87248322147651,1.0
3760,22,heldout_cohort,Physical,2010,12.0,2010,0.2427178906876991,0.2868271671031237,0.06,0.0,14.008620378276127,0.9230769230769232,1.0
3760,25,heldout_cohort,Physical,2010,39.0,2009,0.9592210826637104,0.9720631816283668,0.1466666666666666,1.4182304837330029,12.058169906606672,0.9230769230769232,1.0
3760,31,heldout_cohort,Physical,2010,5.0,2007,0.4858337648309395,0.6107235613440025,0.1866666666666666,0.680365444901508,12.672046290285778,0.9230769230769232,1.0
4036,13,heldout_field,Physical,2004,2.0,2005,0.4190233151107485,0.8669866088439611,0.1266666666666666,0.0,12.466380951809448,0.7773584905660378,1.0
4036,16,heldout_field,Physical,2004,6.0,2001,1.0,1.0,0.2066666666666667,0.680365444901508,12.266316018209803,0.7773584905660378,1.0
4036,22,heldout_field,Physical,2004,24.0,1996,0.2427178906876991,0.2868271671031237,0.06,0.1678122609793912,13.417321415701789,0.7773584905660378,1.0
4036,25,heldout_field,Physical,2004,19.0,1997,0.9592210826637104,0.9720631816283668,0.1466666666666666,1.1900663955881765,11.671671285235478,0.7773584905660378,1.0
4235,17,dev,DEV_Eng,2006,172.0,2004,0.0972089563793993,0.4363827113448261,0.0,0.0154378588776776,12.071449228292328,0.7398190045248869,1.0
4235,33,dev,DEV_Eng,2006,33.0,2004,0.0281553368995909,0.130389795590317,0.0033333333333333,0.485633402675643,14.676509697109008,0.7398190045248869,1.0
4446,17,dev,DEV_Eng,2008,27.0,2008,0.0972089563793993,0.4363827113448261,0.0,0.0154378588776776,12.332242634385866,0.7571428571428571,1.0
4446,23,dev,DEV_Eng,2008,4.0,2007,0.2945059638214947,0.6059324491300307,0.1666666666666666,0.0,12.326713815050091,0.7571428571428571,1.0
4446,26,dev,DEV_Eng,2008,4.0,2007,0.1700134038327895,0.5985764093369916,0.1366666666666667,0.0,11.532139683894032,0.7571428571428571,1.0
4446,33,dev,DEV_Eng,2008,2.0,2010,0.0281553368995909,0.130389795590317,0.0033333333333333,0.485633402675643,14.81428556829688,0.7571428571428571,1.0
4460,14,heldout_cohort,Social,2014,39.0,2014,0.0771156548797982,0.4276835185413574,0.0,0.0542821830537903,12.042771056893448,0.4006622516556291,1.0
4460,17,heldout_cohort,Social,2014,8.0,2014,0.0972089563793993,0.4363827113448261,0.0,0.0,12.699853834686904,0.4006622516556291,1.0
4460,20,heldout_cohort,Social,2014,8.0,2016,0.1430448780302194,0.5199065083557681,0.0233333333333333,0.0754621315346449,11.75433320589002,0.4006622516556291,1.0
4460,22,heldout_cohort,Social,2014,3.0,2016,0.2427178906876991,0.2868271671031237,0.06,0.485633402675643,14.236799801419323,0.4006622516556291,1.0
4460,23,heldout_cohort,Social,2014,2.0,2015,0.2945059638214947,0.6059324491300307,0.1666666666666666,0.0,12.660448545452596,0.4006622516556291,1.0
4702,13,heldout_field,Physical,2003,6.0,2004,0.4190233151107485,0.8669866088439611,0.1266666666666666,0.0,12.439051669616466,0.7912087912087912,1.0
4702,17,heldout_field,Physical,2003,3.0,2004,0.0972089563793993,0.4363827113448261,0.0,0.0,11.606789144551904,0.7912087912087912,1.0
4702,22,heldout_field,Physical,2003,7.0,2003,0.2427178906876991,0.2868271671031237,0.06,0.1678122609793912,13.304683267530228,0.7912087912087912,1.0
4702,26,heldout_field,Physical,2003,3.0,2003,0.1700134038327895,0.5985764093369916,0.1366666666666667,1.0519201429910805,11.31362050313586,0.7912087912087912,1.0
4702,33,heldout_field,Physical,2003,2.0,2004,0.0281553368995909,0.130389795590317,0.0033333333333333,0.0,14.439861633391784,0.7912087912087912,1.0
5256,33,heldout_field,Physical,2003,3.0,2005,0.0281553368995909,0.130389795590317,0.0033333333333333,0.0,14.439861633391784,0.950920245398773,0.0
5275,17,heldout_field,Social,2004,7.0,2005,0.0972089563793993,0.4363827113448261,0.0,0.0456512589476855,11.75466307041294,0.4336734693877551,1.0
5275,20,heldout_field,Social,2004,22.0,2003,0.1430448780302194,0.5199065083557681,0.0233333333333333,1.3563194645176344,11.181932191381277,0.4336734693877551,1.0
5275,22,heldout_field,Social,2004,3.0,2004,0.2427178906876991,0.2868271671031237,0.06,0.0,13.417321415701789,0.4336734693877551,0.0
5275,33,heldout_field,Social,2004,24.0,2004,0.0281553368995909,0.130389795590317,0.0033333333333333,0.0542821830537903,14.524249059725388,0.4336734693877551,1.0
5284,13,heldout_cohort,Physical,2013,4.0,2013,0.4190233151107485,0.8669866088439611,0.1266666666666666,0.0,12.855894701351746,0.8850574712643678,0.0
5284,16,heldout_cohort,Physical,2013,21.0,2010,1.0,1.0,0.2066666666666667,1.4182304837330029,12.509885169911266,0.8850574712643678,1.0
5284,22,heldout_cohort,Physical,2013,17.0,2011,0.2427178906876991,0.2868271671031237,0.06,0.5217987992617263,14.190687577966592,0.8850574712643678,1.0
5284,33,heldout_cohort,Physical,2013,3.0,2015,0.0281553368995909,0.130389795590317,0.0033333333333333,0.0,15.105906166104626,0.8850574712643678,0.0
5992,13,heldout_cohort,DEV_Eng,2010,2.0,2012,0.4190233151107485,0.8669866088439611,0.1266666666666666,0.0,12.757647621178007,0.8144329896907216,1.0
5992,25,heldout_cohort,DEV_Eng,2010,7.0,2010,0.9592210826637104,0.9720631816283668,0.1466666666666666,0.5217987992617263,12.058169906606672,0.8144329896907216,1.0
5992,31,heldout_cohort,DEV_Eng,2010,23.0,2008,0.4858337648309395,0.6107235613440025,0.1866666666666666,0.1678122609793912,12.672046290285778,0.8144329896907216,1.0
6133,13,heldout_cohort,LifeEnv,2011,14.0,2009,0.4190233151107485,0.8669866088439611,0.1266666666666666,0.9026083016952744,12.804123123497911,0.7857142857142857,1.0
6133,22,heldout_cohort,LifeEnv,2011,2.0,2011,0.2427178906876991,0.2868271671031237,0.06,0.0,14.068122810373664,0.7857142857142857,1.0
6133,27,heldout_cohort,LifeEnv,2011,15.0,2010,0.2997225030505457,0.811891838394721,0.0633333333333333,0.6722590635576315,14.575169000029328,0.7857142857142857,1.0
6133,32,heldout_cohort,LifeEnv,2011,3.0,2013,0.0701142639339837,0.4272871063158311,0.0333333333333333,1.2586372553864762,11.804878404272657,0.7857142857142857,1.0
6156,22,heldout_cohort,Physical,2012,2.0,2014,0.2427178906876991,0.2868271671031237,0.06,0.0,14.14411621977538,0.8285714285714286,1.0
6156,25,heldout_cohort,Physical,2012,6.0,2014,0.9592210826637104,0.9720631816283668,0.1466666666666666,1.4182304837330029,12.157528201169155,0.8285714285714286,0.0
6266,13,dev,DEV_Med,2004,8.0,2000,0.4190233151107485,0.8669866088439611,0.1266666666666666,0.6178356081929336,12.466380951809448,0.6862745098039216,1.0
6266,28,dev,DEV_Med,2004,22.0,2001,0.1756430657565985,0.5521514721963489,0.0633333333333333,0.6722590635576315,11.252871529635922,0.6862745098039216,1.0
6313,27,heldout_field,LifeEnv,2009,9.0,1998,0.2997225030505457,0.811891838394721,0.0633333333333333,0.6722590635576315,14.435647701880198,0.6388888888888888,1.0
6313,32,heldout_field,LifeEnv,2009,7.0,1999,0.0701142639339837,0.4272871063158311,0.0333333333333333,1.2586372553864762,11.667687386522624,0.6388888888888888,1.0
6427,13,heldout_cohort,LifeEnv,2011,7.0,2012,0.4190233151107485,0.8669866088439611,0.1266666666666666,0.9968099910970172,12.804123123497911,0.863013698630137,1.0
6427,27,heldout_cohort,LifeEnv,2011,29.0,2011,0.2997225030505457,0.811891838394721,0.0633333333333333,1.011613291875562,14.575169000029328,0.863013698630137,1.0
6427,33,heldout_cohort,LifeEnv,2011,2.0,2013,0.0281553368995909,0.130389795590317,0.0033333333333333,0.0,15.005092407444348,0.863013698630137,1.0
6538,22,dev,DEV_CS,2006,59.0,1998,0.2427178906876991,0.2868271671031237,0.06,0.0154378588776776,13.635691068387873,0.7579617834394905,1.0
6538,26,dev,DEV_CS,2006,2.0,2006,0.1700134038327895,0.5985764093369916,0.1366666666666667,1.4630050170651157,11.443886163834009,0.7579617834394905,1.0
6538,33,dev,DEV_CS,2006,10.0,2003,0.0281553368995909,0.130389795590317,0.0033333333333333,0.0,14.676509697109008,0.7579617834394905,1.0
6545,13,heldout_field,Physical,2005,3.0,2006,0.4190233151107485,0.8669866088439611,0.1266666666666666,0.0,12.527764763771938,0.2279411764705882,1.0
6545,16,heldout_field,Physical,2005,3.0,2001,1.0,1.0,0.2066666666666667,0.680365444901508,12.302795463454908,0.2279411764705882,1.0
6545,22,heldout_field,Physical,2005,3.0,2002,0.2427178906876991,0.2868271671031237,0.06,0.1678122609793912,13.529160930746272,0.2279411764705882,1.0
6545,25,heldout_field,Physical,2005,22.0,2000,0.9592210826637104,0.9720631816283668,0.1466666666666666,1.1900663955881765,11.736388965095358,0.2279411764705882,1.0
6545,33,heldout_field,Physical,2005,3.0,2004,0.0281553368995909,0.130389795590317,0.0033333333333333,0.0,14.600690736046182,0.2279411764705882,1.0
6827,22,heldout_cohort,DEV_BGM,2010,11.0,2011,0.2427178906876991,0.2868271671031237,0.06,0.0,14.008620378276127,0.740983606557377,1.0
6827,27,heldout_cohort,DEV_BGM,2010,26.0,2010,0.2997225030505457,0.811891838394721,0.0633333333333333,0.6178356081929336,14.51376069626012,0.740983606557377,1.0
6827,28,heldout_cohort,DEV_BGM,2010,103.0,2008,0.1756430657565985,0.5521514721963489,0.0633333333333333,0.9026083016952744,11.532463351343267,0.740983606557377,1.0
6827,31,heldout_cohort,DEV_BGM,2010,2.0,2012,0.4858337648309395,0.6107235613440025,0.1866666666666666,0.0,12.672046290285778,0.740983606557377,1.0
6827,32,heldout_cohort,DEV_BGM,2010,2.0,2012,0.0701142639339837,0.4272871063158311,0.0333333333333333,0.0,11.730943905311154,0.740983606557377,0.0
6827,33,heldout_cohort,DEV_BGM,2010,8.0,2011,0.0281553368995909,0.130389795590317,0.0033333333333333,0.0,14.94472382406726,0.740983606557377,1.0
6855,33,heldout_field,Physical,2003,8.0,2003,0.0281553368995909,0.130389795590317,0.0033333333333333,0.0,14.439861633391784,0.7894736842105263,0.0
6960,12,dev,DEV_CS,2007,12.0,2004,0.0253491030341127,0.2254857952433978,0.0166666666666666,0.0,12.590263043359483,0.5573770491803278,1.0
6960,14,dev,DEV_CS,2007,2.0,1997,0.0771156548797982,0.4276835185413574,0.0,0.0456512589476855,11.45263391267998,0.5573770491803278,0.0
6960,22,dev,DEV_CS,2007,15.0,2004,0.2427178906876991,0.2868271671031237,0.06,0.0154378588776776,13.745975039270956,0.5573770491803278,1.0
6960,33,dev,DEV_CS,2007,14.0,2000,0.0281553368995909,0.130389795590317,0.0033333333333333,0.0,14.747540378013614,0.5573770491803278,1.0
7077,17,dev,DEV_Eng,2003,28.0,2001,0.0972089563793993,0.4363827113448261,0.0,0.0154378588776776,11.606789144551904,0.5915492957746479,1.0
7077,26,dev,DEV_Eng,2003,5.0,1999,0.1700134038327895,0.5985764093369916,0.1366666666666667,0.0,11.31362050313586,0.5915492957746479,1.0
7077,33,dev,DEV_Eng,2003,7.0,2005,0.0281553368995909,0.130389795590317,0.0033333333333333,0.485633402675643,14.439861633391784,0.5915492957746479,1.0
7326,12,heldout_cohort,DEV_Med,2014,4.0,2008,0.0253491030341127,0.2254857952433978,0.0166666666666666,0.0,12.922372228775696,0.4462365591397849,1.0
7326,14,heldout_cohort,DEV_Med,2014,4.0,2015,0.0771156548797982,0.4276835185413574,0.0,0.0,12.042771056893448,0.4462365591397849,1.0
7326,17,heldout_cohort,DEV_Med,2014,18.0,2014,0.0972089563793993,0.4363827113448261,0.0,0.0,12.699853834686904,0.4462365591397849,1.0
7326,22,heldout_cohort,DEV_Med,2014,10.0,2007,0.2427178906876991,0.2868271671031237,0.06,0.0,14.236799801419323,0.4462365591397849,1.0
7326,25,heldout_cohort,DEV_Med,2014,3.0,2012,0.9592210826637104,0.9720631816283668,0.1466666666666666,0.0,12.292314559892684,0.4462365591397849,1.0
7326,32,heldout_cohort,DEV_Med,2014,2.0,2016,0.0701142639339837,0.4272871063158311,0.0333333333333333,0.0,11.949133140412908,0.4462365591397849,1.0
7326,33,heldout_cohort,DEV_Med,2014,10.0,2007,0.0281553368995909,0.130389795590317,0.0033333333333333,0.0,15.14241976318739,0.4462365591397849,1.0
7326,36,heldout_cohort,DEV_Med,2014,6.0,2015,0.114301361396536,0.6719201570053874,0.1333333333333333,0.3235434077967242,11.924611184891448,0.4462365591397849,1.0
7383,13,heldout_field,LifeEnv,2004,16.0,2001,0.4190233151107485,0.8669866088439611,0.1266666666666666,0.0,12.466380951809448,0.6446280991735537,1.0
7383,19,heldout_field,LifeEnv,2004,3.0,2006,0.2047677761595473,0.3978920311208057,0.0633333333333333,1.5316073236036325,11.591376136796182,0.6446280991735537,1.0
7383,22,heldout_field,LifeEnv,2004,5.0,2004,0.2427178906876991,0.2868271671031237,0.06,0.0,13.417321415701789,0.6446280991735537,1.0
7383,33,heldout_field,LifeEnv,2004,9.0,2000,0.0281553368995909,0.130389795590317,0.0033333333333333,0.0,14.524249059725388,0.6446280991735537,1.0
7481,33,dev,DEV_Med,2005,2.0,2007,0.0281553368995909,0.130389795590317,0.0033333333333333,0.0,14.600690736046182,0.8189300411522634,1.0
7481,35,dev,DEV_Med,2005,2.0,2006,0.1143327370569605,0.4022995149817261,0.04,0.497199977818369,10.256781788315385,0.8189300411522634,1.0
7527,13,heldout_field,LifeEnv,2008,15.0,2007,0.4190233151107485,0.8669866088439611,0.1266666666666666,0.9968099910970172,12.652900401978972,0.8354430379746836,1.0
7527,27,heldout_field,LifeEnv,2008,57.0,2007,0.2997225030505457,0.811891838394721,0.0633333333333333,1.011613291875562,14.342163860552343,0.8354430379746836,1.0
7527,33,heldout_field,LifeEnv,2008,2.0,2010,0.0281553368995909,0.130389795590317,0.0033333333333333,0.0,14.81428556829688,0.8354430379746836,1.0
7572,11,heldout_field,LifeEnv,2009,91.0,2008,0.284099881223133,0.6765171582584101,0.1633333333333333,0.9651779401213606,12.728446332995158,0.6,1.0
7572,13,heldout_field,LifeEnv,2009,2.0,2006,0.4190233151107485,0.8669866088439611,0.1266666666666666,0.0,12.709269242131674,0.6,1.0
7572,19,heldout_field,LifeEnv,2009,5.0,2008,0.2047677761595473,0.3978920311208057,0.0633333333333333,1.5316073236036325,11.755620631687613,0.6,1.0
7572,22,heldout_field,LifeEnv,2009,50.0,2003,0.2427178906876991,0.2868271671031237,0.06,0.0,13.940574578358742,0.6,1.0
7572,25,heldout_field,LifeEnv,2009,4.0,2010,0.9592210826637104,0.9720631816283668,0.1466666666666666,0.0,12.005882390193737,0.6,1.0
7572,33,heldout_field,LifeEnv,2009,15.0,2009,0.0281553368995909,0.130389795590317,0.0033333333333333,0.0,14.879776023424252,0.6,1.0
7714,22,dev,DEV_CS,2004,8.0,2004,0.2427178906876991,0.2868271671031237,0.06,0.0154378588776776,13.417321415701789,0.5036496350364964,1.0
7714,33,dev,DEV_CS,2004,6.0,2004,0.0281553368995909,0.130389795590317,0.0033333333333333,0.0,14.524249059725388,0.5036496350364964,1.0
7727,12,dev,DEV_Eng,2007,10.0,1996,0.0253491030341127,0.2254857952433978,0.0166666666666666,0.0,12.590263043359483,0.5643564356435643,1.0
7727,17,dev,DEV_Eng,2007,3.0,2008,0.0972089563793993,0.4363827113448261,0.0,0.0154378588776776,12.205492477265109,0.5643564356435643,1.0
7727,19,dev,DEV_Eng,2007,2.0,2007,0.2047677761595473,0.3978920311208057,0.0633333333333333,0.0,11.611756711265157,0.5643564356435643,0.0
7727,33,dev,DEV_Eng,2007,3.0,1997,0.0281553368995909,0.130389795590317,0.0033333333333333,0.485633402675643,14.747540378013614,0.5643564356435643,1.0
7953,33,heldout_field,Physical,2004,2.0,2006,0.0281553368995909,0.130389795590317,0.0033333333333333,0.0,14.524249059725388,0.76,0.0
7969,16,dev,DEV_Eng,2004,2.0,2006,1.0,1.0,0.2066666666666667,0.0,12.266316018209803,0.7272727272727273,1.0
7969,25,dev,DEV_Eng,2004,10.0,2005,0.9592210826637104,0.9720631816283668,0.1466666666666666,0.5217987992617263,11.671671285235478,0.7272727272727273,1.0
7969,31,dev,DEV_Eng,2004,13.0,2003,0.4858337648309395,0.6107235613440025,0.1866666666666666,0.1678122609793912,12.438730789212968,0.7272727272727273,1.0
8035,13,dev,DEV_Med,2007,5.0,2008,0.4190233151107485,0.8669866088439611,0.1266666666666666,0.6178356081929336,12.624891527128527,0.6466165413533834,1.0
8035,20,dev,DEV_Med,2007,7.0,2005,0.1430448780302194,0.5199065083557681,0.0233333333333333,0.0,11.332194642287623,0.6466165413533834,1.0
8035,26,dev,DEV_Med,2007,3.0,2009,0.1700134038327895,0.5985764093369916,0.1366666666666667,0.0,11.484124675364502,0.6466165413533834,1.0
8153,13,heldout_cohort,DEV_Eng,2013,6.0,1999,0.4190233151107485,0.8669866088439611,0.1266666666666666,0.0,12.855894701351746,0.6146788990825688,1.0
8153,16,heldout_cohort,DEV_Eng,2013,3.0,2000,1.0,1.0,0.2066666666666667,0.0,12.509885169911266,0.6146788990825688,1.0
8153,25,heldout_cohort,DEV_Eng,2013,19.0,2002,0.9592210826637104,0.9720631816283668,0.1466666666666666,0.5217987992617263,12.225635047896224,0.6146788990825688,1.0
8182,20,heldout_field,Social,2009,16.0,2006,0.1430448780302194,0.5199065083557681,0.0233333333333333,1.3563194645176344,11.456069358372018,0.4878048780487805,1.0
8182,33,heldout_field,Social,2009,3.0,2009,0.0281553368995909,0.130389795590317,0.0033333333333333,0.0542821830537903,14.879776023424252,0.4878048780487805,1.0
8383,27,heldout_cohort,DEV_BGM,2012,51.0,2011,0.2997225030505457,0.811891838394721,0.0633333333333333,0.6178356081929336,14.60535422968203,0.7899543378995434,1.0
8383,28,heldout_cohort,DEV_BGM,2012,3.0,2013,0.1756430657565985,0.5521514721963489,0.0633333333333333,0.9026083016952744,11.71015205448437,0.7899543378995434,1.0
8384,13,heldout_field,Social,2009,3.0,2011,0.4190233151107485,0.8669866088439611,0.1266666666666666,0.0,12.709269242131674,0.4032258064516129,1.0
8384,17,heldout_field,Social,2009,39.0,2008,0.0972089563793993,0.4363827113448261,0.0,0.0456512589476855,12.42628390186654,0.4032258064516129,1.0
8384,19,heldout_field,Social,2009,2.0,2011,0.2047677761595473,0.3978920311208057,0.0633333333333333,0.0,11.755620631687613,0.4032258064516129,1.0
8384,22,heldout_field,Social,2009,9.0,2010,0.2427178906876991,0.2868271671031237,0.06,0.0,13.940574578358742,0.4032258064516129,1.0
8384,23,heldout_field,Social,2009,2.0,2010,0.2945059638214947,0.6059324491300307,0.1666666666666666,0.0,12.3854983467121,0.4032258064516129,1.0
8384,27,heldout_field,Social,2009,4.0,2010,0.2997225030505457,0.811891838394721,0.0633333333333333,0.0,14.435647701880198,0.4032258064516129,1.0
8384,33,heldout_field,Social,2009,18.0,2006,0.0281553368995909,0.130389795590317,0.0033333333333333,0.0542821830537903,14.879776023424252,0.4032258064516129,1.0
8477,17,dev,DEV_Eng,2007,2.0,2005,0.0972089563793993,0.4363827113448261,0.0,0.0154378588776776,12.205492477265109,0.6778523489932886,1.0
8477,31,dev,DEV_Eng,2007,45.0,2006,0.4858337648309395,0.6107235613440025,0.1866666666666666,0.1678122609793912,12.611504419749435,0.6778523489932886,1.0
8477,33,dev,DEV_Eng,2007,3.0,2000,0.0281553368995909,0.130389795590317,0.0033333333333333,0.485633402675643,14.747540378013614,0.6778523489932886,1.0
8820,16,dev,DEV_Eng,2008,10.0,2007,1.0,1.0,0.2066666666666667,0.0,12.383909159539456,0.839622641509434,1.0
8820,25,dev,DEV_Eng,2008,29.0,2004,0.9592210826637104,0.9720631816283668,0.1466666666666666,0.5217987992617263,11.929389858536762,0.839622641509434,1.0
8820,31,dev,DEV_Eng,2008,2.0,2004,0.4858337648309395,0.6107235613440025,0.1866666666666666,0.1678122609793912,12.640717843400664,0.839622641509434,1.0
8942,16,dev,DEV_Eng,2007,8.0,2008,1.0,1.0,0.2066666666666667,0.0,12.3676301129714,0.6857142857142857,1.0
8942,25,dev,DEV_Eng,2007,35.0,2003,0.9592210826637104,0.9720631816283668,0.1466666666666666,0.5217987992617263,11.863659798371888,0.6857142857142857,1.0
8942,31,dev,DEV_Eng,2007,2.0,2009,0.4858337648309395,0.6107235613440025,0.1866666666666666,0.1678122609793912,12.611504419749435,0.6857142857142857,1.0
8951,13,heldout_field,LifeEnv,2008,2.0,2008,0.4190233151107485,0.8669866088439611,0.1266666666666666,0.9026083016952744,12.652900401978972,0.8543689320388349,1.0
8951,17,heldout_field,LifeEnv,2008,2.0,2009,0.0972089563793993,0.4363827113448261,0.0,0.0,12.332242634385866,0.8543689320388349,1.0
8951,27,heldout_field,LifeEnv,2008,17.0,2005,0.2997225030505457,0.811891838394721,0.0633333333333333,0.6722590635576315,14.342163860552343,0.8543689320388349,1.0
8951,32,heldout_field,LifeEnv,2008,2.0,2009,0.0701142639339837,0.4272871063158311,0.0333333333333333,1.2586372553864762,11.604200240745817,0.8543689320388349,1.0
8963,22,dev,DEV_CS,2009,6.0,2010,0.2427178906876991,0.2868271671031237,0.06,0.0154378588776776,13.940574578358742,0.4311926605504587,1.0
8963,32,dev,DEV_CS,2009,2.0,2011,0.0701142639339837,0.4272871063158311,0.0333333333333333,0.0,11.667687386522624,0.4311926605504587,1.0
8963,33,dev,DEV_CS,2009,3.0,2008,0.0281553368995909,0.130389795590317,0.0033333333333333,0.0,14.879776023424252,0.4311926605504587,1.0
9023,11,dev,DEV_Eng,2004,11.0,2001,0.284099881223133,0.6765171582584101,0.1633333333333333,0.0,12.332269077986076,0.5289855072463768,1.0
9023,13,dev,DEV_Eng,2004,17.0,2002,0.4190233151107485,0.8669866088439611,0.1266666666666666,0.0,12.466380951809448,0.5289855072463768,1.0
9023,16,dev,DEV_Eng,2004,5.0,2005,1.0,1.0,0.2066666666666667,0.0,12.266316018209803,0.5289855072463768,1.0
9023,23,dev,DEV_Eng,2004,2.0,2006,0.2945059638214947,0.6059324491300307,0.1666666666666666,0.0,12.02763951898302,0.5289855072463768,1.0
9023,33,dev,DEV_Eng,2004,3.0,2006,0.0281553368995909,0.130389795590317,0.0033333333333333,0.485633402675643,14.524249059725388,0.5289855072463768,1.0
9078,11,dev,DEV_BGM,2004,3.0,2006,0.284099881223133,0.6765171582584101,0.1633333333333333,0.8187026537960718,12.332269077986076,0.7610619469026548,1.0
9078,17,dev,DEV_BGM,2004,7.0,2002,0.0972089563793993,0.4363827113448261,0.0,0.0,11.75466307041294,0.7610619469026548,1.0
9078,22,dev,DEV_BGM,2004,8.0,2004,0.2427178906876991,0.2868271671031237,0.06,0.0,13.417321415701789,0.7610619469026548,1.0
9078,26,dev,DEV_BGM,2004,2.0,2006,0.1700134038327895,0.5985764093369916,0.1366666666666667,0.0,11.358444730680988,0.7610619469026548,1.0
9078,27,dev,DEV_BGM,2004,3.0,2004,0.2997225030505457,0.811891838394721,0.0633333333333333,0.6178356081929336,13.979124887292532,0.7610619469026548,1.0
9078,31,dev,DEV_BGM,2004,10.0,2004,0.4858337648309395,0.6107235613440025,0.1866666666666666,0.0,12.438730789212968,0.7610619469026548,1.0
9200,24,dev,DEV_Med,2008,6.0,2008,0.2764936642372434,0.6093573920911397,0.0166666666666666,1.0042116414862896,10.306382694441655,0.78125,1.0
9380,13,heldout_field,Physical,2004,6.0,2006,0.4190233151107485,0.8669866088439611,0.1266666666666666,0.5590303710714284,12.466380951809448,0.9069767441860463,1.0
9380,25,heldout_field,Physical,2004,18.0,2005,0.9592210826637104,0.9720631816283668,0.1466666666666666,1.4182304837330029,11.671671285235478,0.9069767441860463,1.0
9400,14,heldout_cohort,Social,2010,10.0,2010,0.0771156548797982,0.4276835185413574,0.0,0.0542821830537903,11.695721908987394,0.6009501187648456,1.0
9400,20,heldout_cohort,Social,2010,47.0,1996,0.1430448780302194,0.5199065083557681,0.0233333333333333,0.0754621315346449,11.52046695630357,0.6009501187648456,1.0
9400,22,heldout_cohort,Social,2010,2.0,2012,0.2427178906876991,0.2868271671031237,0.06,0.485633402675643,14.008620378276127,0.6009501187648456,0.0
9400,27,heldout_cohort,Social,2010,10.0,2010,0.2997225030505457,0.811891838394721,0.0633333333333333,0.0,14.51376069626012,0.6009501187648456,1.0
9400,32,heldout_cohort,Social,2010,4.0,2011,0.0701142639339837,0.4272871063158311,0.0333333333333333,0.0344014276474956,11.730943905311154,0.6009501187648456,1.0
9400,36,heldout_cohort,Social,2010,16.0,2003,0.114301361396536,0.6719201570053874,0.1333333333333333,0.0,11.593112777572584,0.6009501187648456,1.0
9432,17,heldout_field,Social,2006,9.0,1995,0.0972089563793993,0.4363827113448261,0.0,0.0,12.071449228292328,0.6101694915254238,1.0
9432,22,heldout_field,Social,2006,6.0,2006,0.2427178906876991,0.2868271671031237,0.06,0.485633402675643,13.635691068387873,0.6101694915254238,1.0
9457,17,heldout_field,Physical,2003,2.0,2005,0.0972089563793993,0.4363827113448261,0.0,0.0077189294388388,11.606789144551904,0.8201438848920863,0.0
9457,25,heldout_field,Physical,2003,4.0,2005,0.9592210826637104,0.9720631816283668,0.1466666666666666,0.8559325974249513,11.62894695000695,0.8201438848920863,1.0
9457,33,heldout_field,Physical,2003,3.0,2004,0.0281553368995909,0.130389795590317,0.0033333333333333,0.2428167013378215,14.439861633391784,0.8201438848920863,1.0
9466,16,dev,DEV_Eng,2003,8.0,1998,1.0,1.0,0.2066666666666667,0.0,12.23500503802586,0.8351648351648352,1.0
9466,25,dev,DEV_Eng,2003,6.0,2000,0.9592210826637104,0.9720631816283668,0.1466666666666666,0.5217987992617263,11.62894695000695,0.8351648351648352,1.0
9466,31,dev,DEV_Eng,2003,5.0,2002,0.4858337648309395,0.6107235613440025,0.1866666666666666,0.1678122609793912,12.40688060429856,0.8351648351648352,1.0
9466,33,dev,DEV_Eng,2003,5.0,2001,0.0281553368995909,0.130389795590317,0.0033333333333333,0.485633402675643,14.439861633391784,0.8351648351648352,1.0
9974,22,dev,DEV_CS,2003,16.0,2002,0.2427178906876991,0.2868271671031237,0.06,0.0154378588776776,13.304683267530228,0.782608695652174,1.0
9974,33,dev,DEV_CS,2003,3.0,2003,0.0281553368995909,0.130389795590317,0.0033333333333333,0.0,14.439861633391784,0.782608695652174,0.0
10019,13,dev,DEV_Eng,2004,2.0,2003,0.4190233151107485,0.8669866088439611,0.1266666666666666,0.0,12.466380951809448,0.7575757575757576,1.0
10019,17,dev,DEV_Eng,2004,20.0,1999,0.0972089563793993,0.4363827113448261,0.0,0.0154378588776776,11.75466307041294,0.7575757575757576,1.0
10019,26,dev,DEV_Eng,2004,2.0,2006,0.1700134038327895,0.5985764093369916,0.1366666666666667,0.0,11.358444730680988,0.7575757575757576,1.0
10019,31,dev,DEV_Eng,2004,3.0,2006,0.4858337648309395,0.6107235613440025,0.1866666666666666,0.1678122609793912,12.438730789212968,0.7575757575757576,1.0
10019,33,dev,DEV_Eng,2004,2.0,2005,0.0281553368995909,0.130389795590317,0.0033333333333333,0.485633402675643,14.524249059725388,0.7575757575757576,1.0
10144,12,heldout_cohort,Social,2011,4.0,2012,0.0253491030341127,0.2254857952433978,0.0166666666666666,0.22890238745797,12.794292549903853,0.5198902606310014,1.0
10144,13,heldout_cohort,Social,2011,24.0,2011,0.4190233151107485,0.8669866088439611,0.1266666666666666,0.0,12.804123123497911,0.5198902606310014,1.0
10144,14,heldout_cohort,Social,2011,34.0,2012,0.0771156548797982,0.4276835185413574,0.0,0.0542821830537903,11.75008236900279,0.5198902606310014,1.0
10144,17,heldout_cohort,Social,2011,285.0,2003,0.0972089563793993,0.4363827113448261,0.0,0.0,12.569040745955352,0.5198902606310014,1.0
10144,18,heldout_cohort,Social,2011,6.0,2013,0.1307232451559641,0.8061057505128413,0.1,0.0,8.58223158759546,0.5198902606310014,1.0
10144,19,heldout_cohort,Social,2011,20.0,2012,0.2047677761595473,0.3978920311208057,0.0633333333333333,0.0,11.881276971738291,0.5198902606310014,1.0
10144,20,heldout_cohort,Social,2011,15.0,2012,0.1430448780302194,0.5199065083557681,0.0233333333333333,0.0754621315346449,11.575712453068991,0.5198902606310014,1.0
10144,22,heldout_cohort,Social,2011,115.0,2011,0.2427178906876991,0.2868271671031237,0.06,0.485633402675643,14.068122810373664,0.5198902606310014,1.0
10144,23,heldout_cohort,Social,2011,8.0,2013,0.2945059638214947,0.6059324491300307,0.1666666666666666,0.0,12.49210085109777,0.5198902606310014,1.0
10144,26,heldout_cohort,Social,2011,2.0,2013,0.1700134038327895,0.5985764093369916,0.1366666666666667,0.0,11.679769527580309,0.5198902606310014,1.0
10144,27,heldout_cohort,Social,2011,27.0,2012,0.2997225030505457,0.811891838394721,0.0633333333333333,0.0,14.575169000029328,0.5198902606310014,1.0
10144,31,heldout_cohort,Social,2011,4.0,2010,0.4858337648309395,0.6107235613440025,0.1866666666666666,0.0,12.699725660467449,0.5198902606310014,1.0
10144,36,heldout_cohort,Social,2011,14.0,2012,0.114301361396536,0.6719201570053874,0.1333333333333333,0.0,11.667344680167208,0.5198902606310014,1.0
10277,33,heldout_cohort,DEV_CS,2011,53.0,2011,0.0281553368995909,0.130389795590317,0.0033333333333333,0.2428167013378215,15.005092407444348,0.8633093525179856,0.0
10354,17,heldout_cohort,DEV_Eng,2013,66.0,2013,0.0972089563793993,0.4363827113448261,0.0,0.0154378588776776,12.680482179507376,0.8104265402843602,1.0
10354,33,heldout_cohort,DEV_Eng,2013,50.0,2013,0.0281553368995909,0.130389795590317,0.0033333333333333,0.485633402675643,15.105906166104626,0.8104265402843602,1.0
10512,13,heldout_cohort,DEV_Med,2012,2.0,2014,0.4190233151107485,0.8669866088439611,0.1266666666666666,0.6178356081929336,12.833995736670976,0.8703703703703703,1.0
10535,19,heldout_cohort,DEV_Eng,2013,17.0,2012,0.2047677761595473,0.3978920311208057,0.0633333333333333,0.0,11.989389431228082,0.8782608695652174,1.0
10535,33,heldout_cohort,DEV_Eng,2013,4.0,2014,0.0281553368995909,0.130389795590317,0.0033333333333333,0.485633402675643,15.105906166104626,0.8782608695652174,0.0
10710,22,heldout_field,Physical,2007,2.0,2009,0.2427178906876991,0.2868271671031237,0.06,0.1678122609793912,13.745975039270956,0.9239130434782608,1.0
10713,13,dev,DEV_CS,2008,11.0,2009,0.4190233151107485,0.8669866088439611,0.1266666666666666,0.0,12.652900401978972,0.5580110497237569,1.0
10713,14,dev,DEV_CS,2008,31.0,2008,0.0771156548797982,0.4276835185413574,0.0,0.0456512589476855,11.559035851263932,0.5580110497237569,1.0
10713,19,dev,DEV_CS,2008,2.0,2010,0.2047677761595473,0.3978920311208057,0.0633333333333333,0.1147502412044244,11.670168501387646,0.5580110497237569,1.0
10713,22,dev,DEV_CS,2008,72.0,2009,0.2427178906876991,0.2868271671031237,0.06,0.0154378588776776,13.849049777338868,0.5580110497237569,1.0
10713,27,dev,DEV_CS,2008,2.0,2009,0.2997225030505457,0.811891838394721,0.0633333333333333,0.0,14.342163860552343,0.5580110497237569,1.0
10713,33,dev,DEV_CS,2008,105.0,2008,0.0281553368995909,0.130389795590317,0.0033333333333333,0.0,14.81428556829688,0.5580110497237569,1.0
10882,13,heldout_cohort,DEV_CS,2014,9.0,2015,0.4190233151107485,0.8669866088439611,0.1266666666666666,0.0,12.892585366653948,0.7113237639553429,1.0
10882,19,heldout_cohort,DEV_CS,2014,3.0,2016,0.2047677761595473,0.3978920311208057,0.0633333333333333,0.1147502412044244,12.052402683472945,0.7113237639553429,1.0
10882,22,heldout_cohort,DEV_CS,2014,111.0,2010,0.2427178906876991,0.2868271671031237,0.06,0.0154378588776776,14.236799801419323,0.7113237639553429,1.0
10882,23,heldout_cohort,DEV_CS,2014,6.0,2016,0.2945059638214947,0.6059324491300307,0.1666666666666666,0.0,12.660448545452596,0.7113237639553429,1.0
10882,25,heldout_cohort,DEV_CS,2014,2.0,2016,0.9592210826637104,0.9720631816283668,0.1466666666666666,0.0,12.292314559892684,0.7113237639553429,1.0
10882,26,heldout_cohort,DEV_CS,2014,3.0,2016,0.1700134038327895,0.5985764093369916,0.1366666666666667,1.4630050170651157,11.882922277458766,0.7113237639553429,1.0
10882,27,heldout_cohort,DEV_CS,2014,31.0,2015,0.2997225030505457,0.811891838394721,0.0633333333333333,0.0,14.658531427910654,0.7113237639553429,1.0
10882,28,heldout_cohort,DEV_CS,2014,12.0,2015,0.1756430657565985,0.5521514721963489,0.0633333333333333,0.0,11.619409349413,0.7113237639553429,1.0
10882,31,heldout_cohort,DEV_CS,2014,5.0,2016,0.4858337648309395,0.6107235613440025,0.1866666666666666,0.0,12.740906745479558,0.7113237639553429,1.0
10882,33,heldout_cohort,DEV_CS,2014,26.0,2012,0.0281553368995909,0.130389795590317,0.0033333333333333,0.0,15.14241976318739,0.7113237639553429,1.0
10945,16,dev,DEV_Eng,2009,2.0,2011,1.0,1.0,0.2066666666666667,0.0,12.39853428415034,0.8181818181818182,1.0
10945,23,dev,DEV_Eng,2009,43.0,2007,0.2945059638214947,0.6059324491300307,0.1666666666666666,0.0,12.3854983467121,0.8181818181818182,1.0
10948,11,heldout_cohort,DEV_CS,2010,9.0,2010,0.284099881223133,0.6765171582584101,0.1633333333333333,0.0,12.853573714204371,0.7480035492457853,1.0
10948,12,heldout_cohort,DEV_CS,2010,4.0,2011,0.0253491030341127,0.2254857952433978,0.0166666666666666,0.0,12.747018079192026,0.7480035492457853,1.0
10948,14,heldout_cohort,DEV_CS,2010,13.0,2010,0.0771156548797982,0.4276835185413574,0.0,0.0456512589476855,11.695721908987394,0.7480035492457853,1.0
10948,22,heldout_cohort,DEV_CS,2010,441.0,2006,0.2427178906876991,0.2868271671031237,0.06,0.0154378588776776,14.008620378276127,0.7480035492457853,1.0
10948,23,heldout_cohort,DEV_CS,2010,10.0,2011,0.2945059638214947,0.6059324491300307,0.1666666666666666,0.0,12.438643618727257,0.7480035492457853,1.0
10948,25,heldout_cohort,DEV_CS,2010,2.0,2012,0.9592210826637104,0.9720631816283668,0.1466666666666666,0.0,12.058169906606672,0.7480035492457853,1.0
10948,27,heldout_cohort,DEV_CS,2010,5.0,2011,0.2997225030505457,0.811891838394721,0.0633333333333333,0.0,14.51376069626012,0.7480035492457853,1.0
10948,31,heldout_cohort,DEV_CS,2010,2.0,2012,0.4858337648309395,0.6107235613440025,0.1866666666666666,0.0,12.672046290285778,0.7480035492457853,1.0
10948,33,heldout_cohort,DEV_CS,2010,41.0,2010,0.0281553368995909,0.130389795590317,0.0033333333333333,0.0,14.94472382406726,0.7480035492457853,1.0
10948,36,heldout_cohort,DEV_CS,2010,3.0,2012,0.114301361396536,0.6719201570053874,0.1333333333333333,0.0,11.593112777572584,0.7480035492457853,0.0
11040,33,heldout_cohort,DEV_Med,2012,2.0,2013,0.0281553368995909,0.130389795590317,0.0033333333333333,0.0,15.060979561483409,0.8015873015873016,0.0
11110,17,heldout_cohort,Social,2013,18.0,2006,0.0972089563793993,0.4363827113448261,0.0,0.0456512589476855,12.680482179507376,0.4571428571428571,1.0
11110,19,heldout_cohort,Social,2013,2.0,2013,0.2047677761595473,0.3978920311208057,0.0633333333333333,0.0,11.989389431228082,0.4571428571428571,0.0
11110,20,heldout_cohort,Social,2013,5.0,2014,0.1430448780302194,0.5199065083557681,0.0233333333333333,1.3563194645176344,11.692041890815236,0.4571428571428571,1.0
11110,22,heldout_cohort,Social,2013,6.0,2014,0.2427178906876991,0.2868271671031237,0.06,0.0,14.190687577966592,0.4571428571428571,1.0
11110,27,heldout_cohort,Social,2013,5.0,2014,0.2997225030505457,0.811891838394721,0.0633333333333333,0.0,14.625370868702468,0.4571428571428571,1.0
11110,33,heldout_cohort,Social,2013,7.0,2012,0.0281553368995909,0.130389795590317,0.0033333333333333,0.0542821830537903,15.105906166104626,0.4571428571428571,1.0
11110,36,heldout_cohort,Social,2013,5.0,2015,0.114301361396536,0.6719201570053874,0.1333333333333333,0.0,11.822907044916777,0.4571428571428571,1.0
11189,18,dev,DEV_CS,2006,4.0,2007,0.1307232451559641,0.8061057505128413,0.1,1.1057562400078929,8.054204897064407,0.6170212765957447,1.0
11189,19,dev,DEV_CS,2006,6.0,2006,0.2047677761595473,0.3978920311208057,0.0633333333333333,0.1147502412044244,11.650903207912132,0.6170212765957447,0.0
11189,20,dev,DEV_CS,2006,2.0,2008,0.1430448780302194,0.5199065083557681,0.0233333333333333,0.1055316538394254,11.284970356658796,0.6170212765957447,1.0
11189,23,dev,DEV_CS,2006,7.0,2006,0.2945059638214947,0.6059324491300307,0.1666666666666666,0.0,12.157837827127732,0.6170212765957447,1.0
11189,27,dev,DEV_CS,2006,6.0,2007,0.2997225030505457,0.811891838394721,0.0633333333333333,0.0,14.168192841833266,0.6170212765957447,1.0
11189,33,dev,DEV_CS,2006,7.0,2005,0.0281553368995909,0.130389795590317,0.0033333333333333,0.0,14.676509697109008,0.6170212765957447,1.0
11317,17,dev,DEV_Med,2004,2.0,2006,0.0972089563793993,0.4363827113448261,0.0,0.0,11.75466307041294,0.7666666666666667,1.0
11317,28,dev,DEV_Med,2004,30.0,2001,0.1756430657565985,0.5521514721963489,0.0633333333333333,0.6722590635576315,11.252871529635922,0.7666666666666667,1.0
11317,32,dev,DEV_Med,2004,2.0,2006,0.0701142639339837,0.4272871063158311,0.0333333333333333,0.0,11.44387544899342,0.7666666666666667,1.0
11317,33,dev,DEV_Med,2004,7.0,2002,0.0281553368995909,0.130389795590317,0.0033333333333333,0.0,14.524249059725388,0.7666666666666667,1.0
11818,17,dev,DEV_Eng,2009,20.0,2008,0.0972089563793993,0.4363827113448261,0.0,0.0154378588776776,12.42628390186654,0.625,1.0
11818,27,dev,DEV_Eng,2009,2.0,2004,0.2997225030505457,0.811891838394721,0.0633333333333333,0.0,14.435647701880198,0.625,1.0
11818,33,dev,DEV_Eng,2009,4.0,2009,0.0281553368995909,0.130389795590317,0.0033333333333333,0.485633402675643,14.879776023424252,0.625,1.0
12129,22,heldout_field,Physical,2006,27.0,2005,0.2427178906876991,0.2868271671031237,0.06,0.1678122609793912,13.635691068387873,0.678391959798995,1.0
12129,26,heldout_field,Physical,2006,55.0,2003,0.1700134038327895,0.5985764093369916,0.1366666666666667,1.0519201429910805,11.443886163834009,0.678391959798995,1.0
12174,16,dev,DEV_Eng,2004,5.0,2004,1.0,1.0,0.2066666666666667,0.0,12.266316018209803,0.7019230769230769,1.0
12174,25,dev,DEV_Eng,2004,10.0,1999,0.9592210826637104,0.9720631816283668,0.1466666666666666,0.5217987992617263,11.671671285235478,0.7019230769230769,1.0
12174,31,dev,DEV_Eng,2004,7.0,2006,0.4858337648309395,0.6107235613440025,0.1866666666666666,0.1678122609793912,12.438730789212968,0.7019230769230769,1.0
12237,13,dev,DEV_Med,2003,7.0,2001,0.4190233151107485,0.8669866088439611,0.1266666666666666,0.6178356081929336,12.439051669616466,0.7272727272727273,1.0
12489,22,heldout_cohort,DEV_BGM,2011,2.0,2013,0.2427178906876991,0.2868271671031237,0.06,0.0,14.068122810373664,0.7816901408450704,0.0
12489,24,heldout_cohort,DEV_BGM,2011,20.0,2011,0.2764936642372434,0.6093573920911397,0.0166666666666666,0.9968099910970172,10.4369353543384,0.7816901408450704,1.0
12489,27,heldout_cohort,DEV_BGM,2011,31.0,2008,0.2997225030505457,0.811891838394721,0.0633333333333333,0.6178356081929336,14.575169000029328,0.7816901408450704,1.0
12489,28,heldout_cohort,DEV_BGM,2011,2.0,2009,0.1756430657565985,0.5521514721963489,0.0633333333333333,0.9026083016952744,11.674261695355048,0.7816901408450704,1.0
12489,33,heldout_cohort,DEV_BGM,2011,5.0,2012,0.0281553368995909,0.130389795590317,0.0033333333333333,0.0,15.005092407444348,0.7816901408450704,0.0
12520,25,dev,DEV_Eng,2004,2.0,2006,0.9592210826637104,0.9720631816283668,0.1466666666666666,0.5217987992617263,11.671671285235478,0.9375,0.0
12520,33,dev,DEV_Eng,2004,5.0,2004,0.0281553368995909,0.130389795590317,0.0033333333333333,0.485633402675643,14.524249059725388,0.9375,0.0
12895,14,heldout_cohort,DEV_Eng,2010,3.0,2012,0.0771156548797982,0.4276835185413574,0.0,0.0228256294738427,11.695721908987394,0.7744360902255639,1.0
12895,23,heldout_cohort,DEV_Eng,2010,2.0,2012,0.2945059638214947,0.6059324491300307,0.1666666666666666,0.0,12.438643618727257,0.7744360902255639,1.0
12895,26,heldout_cohort,DEV_Eng,2010,5.0,2010,0.1700134038327895,0.5985764093369916,0.1366666666666667,0.7315025085325578,11.63325636317756,0.7744360902255639,1.0
12895,33,heldout_cohort,DEV_Eng,2010,2.0,2012,0.0281553368995909,0.130389795590317,0.0033333333333333,0.2428167013378215,14.94472382406726,0.7744360902255639,1.0
12932,13,heldout_cohort,DEV_CS,2014,3.0,2016,0.4190233151107485,0.8669866088439611,0.1266666666666666,0.0,12.892585366653948,0.8103448275862069,1.0
12932,27,heldout_cohort,DEV_CS,2014,2.0,2016,0.2997225030505457,0.811891838394721,0.0633333333333333,0.0,14.658531427910654,0.8103448275862069,1.0
12932,28,heldout_cohort,DEV_CS,2014,3.0,2010,0.1756430657565985,0.5521514721963489,0.0633333333333333,0.0,11.619409349413,0.8103448275862069,0.0
12932,31,heldout_cohort,DEV_CS,2014,2.0,2016,0.4858337648309395,0.6107235613440025,0.1866666666666666,0.0839061304896956,12.740906745479558,0.8103448275862069,0.0
12932,33,heldout_cohort,DEV_CS,2014,2.0,2016,0.0281553368995909,0.130389795590317,0.0033333333333333,0.2428167013378215,15.14241976318739,0.8103448275862069,1.0
13090,27,dev,DEV_BGM,2008,65.0,2006,0.2997225030505457,0.811891838394721,0.0633333333333333,0.6178356081929336,14.342163860552343,0.8724489795918368,1.0
13090,28,dev,DEV_BGM,2008,4.0,2009,0.1756430657565985,0.5521514721963489,0.0633333333333333,0.9026083016952744,11.39021531097729,0.8724489795918368,1.0
13123,14,heldout_field,Social,2009,11.0,2009,0.0771156548797982,0.4276835185413574,0.0,1.3563194645176344,11.625521739272616,0.4845360824742268,1.0
13123,33,heldout_field,Social,2009,19.0,2009,0.0281553368995909,0.130389795590317,0.0033333333333333,0.0754621315346449,14.879776023424252,0.4845360824742268,1.0
13362,25,heldout_field,Physical,2005,20.0,2001,0.9592210826637104,0.9720631816283668,0.1466666666666666,1.4182304837330029,11.736388965095358,0.7663551401869159,1.0
13450,17,heldout_cohort,DEV_Eng,2011,24.0,2010,0.0972089563793993,0.4363827113448261,0.0,0.0154378588776776,12.569040745955352,0.7307692307692307,1.0
13450,26,heldout_cohort,DEV_Eng,2011,3.0,2012,0.1700134038327895,0.5985764093369916,0.1366666666666667,0.0,11.679769527580309,0.7307692307692307,0.0
13460,14,heldout_field,Social,2008,5.0,2008,0.0771156548797982,0.4276835185413574,0.0,0.0542821830537903,11.559035851263932,0.4157303370786517,1.0
13460,17,heldout_field,Social,2008,7.0,2008,0.0972089563793993,0.4363827113448261,0.0,0.0,12.332242634385866,0.4157303370786517,1.0
13460,22,heldout_field,Social,2008,2.0,2010,0.2427178906876991,0.2868271671031237,0.06,0.485633402675643,13.849049777338868,0.4157303370786517,0.0
13491,17,dev,DEV_Eng,2005,9.0,2005,0.0972089563793993,0.4363827113448261,0.0,0.0154378588776776,11.91333782944174,0.6833333333333333,1.0
13491,25,dev,DEV_Eng,2005,8.0,2006,0.9592210826637104,0.9720631816283668,0.1466666666666666,0.5217987992617263,11.736388965095358,0.6833333333333333,1.0
13491,31,dev,DEV_Eng,2005,4.0,2006,0.4858337648309395,0.6107235613440025,0.1866666666666666,0.1678122609793912,12.4902736661453,0.6833333333333333,1.0
13492,21,dev,DEV_Eng,2009,2.0,2010,0.6216695741835017,0.6994573690000285,0.1133333333333333,0.2821142991842985,7.449498005382849,0.7962962962962963,1.0
13492,23,dev,DEV_Eng,2009,7.0,2007,0.2945059638214947,0.6059324491300307,0.1666666666666666,0.0,12.3854983467121,0.7962962962962963,1.0
14109,26,dev,DEV_BGM,2006,5.0,2007,0.1700134038327895,0.5985764093369916,0.1366666666666667,0.0,11.443886163834009,0.8255813953488372,1.0
14109,27,dev,DEV_BGM,2006,67.0,2005,0.2997225030505457,0.811891838394721,0.0633333333333333,0.6178356081929336,14.168192841833266,0.8255813953488372,1.0
14109,28,dev,DEV_BGM,2006,5.0,2008,0.1756430657565985,0.5521514721963489,0.0633333333333333,0.9026083016952744,11.338845849870273,0.8255813953488372,1.0
14109,33,dev,DEV_BGM,2006,2.0,2002,0.0281553368995909,0.130389795590317,0.0033333333333333,0.0,14.676509697109008,0.8255813953488372,1.0
14183,13,dev,DEV_Eng,2003,8.0,1996,0.4190233151107485,0.8669866088439611,0.1266666666666666,0.0,12.439051669616466,0.6326530612244898,1.0
14183,16,dev,DEV_Eng,2003,3.0,2003,1.0,1.0,0.2066666666666667,0.0,12.23500503802586,0.6326530612244898,1.0
14183,25,dev,DEV_Eng,2003,8.0,2004,0.9592210826637104,0.9720631816283668,0.1466666666666666,0.5217987992617263,11.62894695000695,0.6326530612244898,1.0
14183,27,dev,DEV_Eng,2003,2.0,2003,0.2997225030505457,0.811891838394721,0.0633333333333333,0.0,13.91359960042358,0.6326530612244898,0.0
14183,31,dev,DEV_Eng,2003,12.0,1996,0.4858337648309395,0.6107235613440025,0.1866666666666666,0.1678122609793912,12.40688060429856,0.6326530612244898,1.0
14257,22,dev,DEV_CS,2005,24.0,2004,0.2427178906876991,0.2868271671031237,0.06,0.0154378588776776,13.529160930746272,0.7547169811320755,1.0
14261,11,heldout_cohort,DEV_BGM,2010,13.0,2010,0.284099881223133,0.6765171582584101,0.1633333333333333,0.8187026537960718,12.853573714204371,0.7668711656441718,1.0
14261,17,heldout_cohort,DEV_BGM,2010,3.0,2012,0.0972089563793993,0.4363827113448261,0.0,0.0,12.50288664472689,0.7668711656441718,1.0
14261,26,heldout_cohort,DEV_BGM,2010,7.0,2012,0.1700134038327895,0.5985764093369916,0.1366666666666667,0.0,11.63325636317756,0.7668711656441718,1.0
14261,27,heldout_cohort,DEV_BGM,2010,19.0,2010,0.2997225030505457,0.811891838394721,0.0633333333333333,0.6178356081929336,14.51376069626012,0.7668711656441718,1.0
14261,33,heldout_cohort,DEV_BGM,2010,6.0,2010,0.0281553368995909,0.130389795590317,0.0033333333333333,0.0,14.94472382406726,0.7668711656441718,1.0
14269,19,dev,DEV_BGM,2008,4.0,2008,0.2047677761595473,0.3978920311208057,0.0633333333333333,0.0,11.670168501387646,0.8268551236749117,1.0
14269,24,dev,DEV_BGM,2008,5.0,2010,0.2764936642372434,0.6093573920911397,0.0166666666666666,1.0042116414862896,10.306382694441655,0.8268551236749117,1.0
14269,28,dev,DEV_BGM,2008,10.0,2009,0.1756430657565985,0.5521514721963489,0.0633333333333333,0.787433682626453,11.39021531097729,0.8268551236749117,1.0
14269,33,dev,DEV_BGM,2008,17.0,2008,0.0281553368995909,0.130389795590317,0.0033333333333333,0.0,14.81428556829688,0.8268551236749117,1.0
14423,13,heldout_cohort,DEV_CS,2012,5.0,2014,0.4190233151107485,0.8669866088439611,0.1266666666666666,0.0,12.833995736670976,0.4693877551020408,1.0
14423,22,heldout_cohort,DEV_CS,2012,15.0,2011,0.2427178906876991,0.2868271671031237,0.06,0.0154378588776776,14.14411621977538,0.4693877551020408,1.0
14423,28,heldout_cohort,DEV_CS,2012,2.0,2014,0.1756430657565985,0.5521514721963489,0.0633333333333333,0.0,11.71015205448437,0.4693877551020408,1.0
14423,33,heldout_cohort,DEV_CS,2012,14.0,2003,0.0281553368995909,0.130389795590317,0.0033333333333333,0.0,15.060979561483409,0.4693877551020408,1.0
14548,25,dev,DEV_Eng,2004,14.0,1998,0.9592210826637104,0.9720631816283668,0.1466666666666666,0.5217987992617263,11.671671285235478,0.7088607594936709,1.0
14548,31,dev,DEV_Eng,2004,5.0,2004,0.4858337648309395,0.6107235613440025,0.1866666666666666,0.1678122609793912,12.438730789212968,0.7088607594936709,1.0
14555,22,heldout_field,Physical,2005,5.0,2005,0.2427178906876991,0.2868271671031237,0.06,0.1678122609793912,13.529160930746272,0.9411764705882352,1.0
14668,19,dev,DEV_Eng,2003,4.0,2003,0.2047677761595473,0.3978920311208057,0.0633333333333333,0.0,11.401725711878004,0.7083333333333334,1.0
14668,25,dev,DEV_Eng,2003,4.0,2005,0.9592210826637104,0.9720631816283668,0.1466666666666666,0.5217987992617263,11.62894695000695,0.7083333333333334,1.0
14668,31,dev,DEV_Eng,2003,76.0,2001,0.4858337648309395,0.6107235613440025,0.1866666666666666,0.1678122609793912,12.40688060429856,0.7083333333333334,1.0
14668,33,dev,DEV_Eng,2003,2.0,2004,0.0281553368995909,0.130389795590317,0.0033333333333333,0.485633402675643,14.439861633391784,0.7083333333333334,1.0
14775,17,dev,DEV_Eng,2007,23.0,2005,0.0972089563793993,0.4363827113448261,0.0,0.0154378588776776,12.205492477265109,0.7222222222222222,1.0
15539,13,heldout_cohort,DEV_CS,2012,2.0,2014,0.4190233151107485,0.8669866088439611,0.1266666666666666,0.0,12.833995736670976,0.8102189781021898,1.0
15539,22,heldout_cohort,DEV_CS,2012,93.0,2011,0.2427178906876991,0.2868271671031237,0.06,0.0154378588776776,14.14411621977538,0.8102189781021898,1.0
15539,23,heldout_cohort,DEV_CS,2012,2.0,2012,0.2945059638214947,0.6059324491300307,0.1666666666666666,0.0,12.54566856978392,0.8102189781021898,1.0
15539,26,heldout_cohort,DEV_CS,2012,7.0,2013,0.1700134038327895,0.5985764093369916,0.1366666666666667,1.4630050170651157,11.736748785189196,0.8102189781021898,1.0
15539,31,heldout_cohort,DEV_CS,2012,3.0,2012,0.4858337648309395,0.6107235613440025,0.1866666666666666,0.0,12.711470565928106,0.8102189781021898,0.0
15539,33,heldout_cohort,DEV_CS,2012,4.0,2014,0.0281553368995909,0.130389795590317,0.0033333333333333,0.0,15.060979561483409,0.8102189781021898,1.0
15889,12,heldout_cohort,LifeEnv,2013,3.0,2014,0.0253491030341127,0.2254857952433978,0.0166666666666666,0.0,12.881038034529723,0.4565217391304347,0.0
15889,23,heldout_cohort,LifeEnv,2013,11.0,2009,0.2945059638214947,0.6059324491300307,0.1666666666666666,0.9651779401213606,12.597033067435456,0.4565217391304347,1.0
15889,33,heldout_cohort,LifeEnv,2013,5.0,2010,0.0281553368995909,0.130389795590317,0.0033333333333333,0.0,15.105906166104626,0.4565217391304347,1.0
16014,24,dev,DEV_BGM,2006,6.0,2007,0.2764936642372434,0.6093573920911397,0.0166666666666666,0.9968099910970172,10.204295601206814,0.8756756756756757,1.0
16014,27,dev,DEV_BGM,2006,29.0,2006,0.2997225030505457,0.811891838394721,0.0633333333333333,0.6178356081929336,14.168192841833266,0.8756756756756757,1.0
16014,33,dev,DEV_BGM,2006,2.0,2007,0.0281553368995909,0.130389795590317,0.0033333333333333,0.0,14.676509697109008,0.8756756756756757,1.0
16076,14,heldout_field,Social,2005,7.0,2005,0.0771156548797982,0.4276835185413574,0.0,1.3563194645176344,11.198392786467558,0.5740740740740741,1.0
16076,17,heldout_field,Social,2005,3.0,2005,0.0972089563793993,0.4363827113448261,0.0,0.1055316538394254,11.91333782944174,0.5740740740740741,1.0
16076,22,heldout_field,Social,2005,17.0,2004,0.2427178906876991,0.2868271671031237,0.06,0.0,13.529160930746272,0.5740740740740741,1.0
16076,33,heldout_field,Social,2005,14.0,2005,0.0281553368995909,0.130389795590317,0.0033333333333333,0.0754621315346449,14.600690736046182,0.5740740740740741,1.0
16284,17,heldout_cohort,DEV_Eng,2011,2.0,2005,0.0972089563793993,0.4363827113448261,0.0,0.0154378588776776,12.569040745955352,0.2268041237113402,1.0
16284,25,heldout_cohort,DEV_Eng,2011,2.0,2013,0.9592210826637104,0.9720631816283668,0.1466666666666666,0.5217987992617263,12.10157287043999,0.2268041237113402,0.0
16284,33,heldout_cohort,DEV_Eng,2011,2.0,2000,0.0281553368995909,0.130389795590317,0.0033333333333333,0.485633402675643,15.005092407444348,0.2268041237113402,0.0
16329,16,heldout_field,Physical,2004,6.0,2004,1.0,1.0,0.2066666666666667,0.680365444901508,12.266316018209803,0.6823529411764706,1.0
16329,17,heldout_field,Physical,2004,2.0,2006,0.0972089563793993,0.4363827113448261,0.0,0.0,11.75466307041294,0.6823529411764706,1.0
16329,22,heldout_field,Physical,2004,23.0,2005,0.2427178906876991,0.2868271671031237,0.06,0.1678122609793912,13.417321415701789,0.6823529411764706,1.0
16329,25,heldout_field,Physical,2004,45.0,2002,0.9592210826637104,0.9720631816283668,0.1466666666666666,1.1900663955881765,11.671671285235478,0.6823529411764706,1.0
16329,33,heldout_field,Physical,2004,2.0,2006,0.0281553368995909,0.130389795590317,0.0033333333333333,0.0,14.524249059725388,0.6823529411764706,1.0
16486,16,dev,DEV_BGM,2005,9.0,2004,1.0,1.0,0.2066666666666667,0.5590303710714284,12.302795463454908,0.7708333333333334,1.0
16486,22,dev,DEV_BGM,2005,6.0,2006,0.2427178906876991,0.2868271671031237,0.06,0.0,13.529160930746272,0.7708333333333334,1.0
16486,24,dev,DEV_BGM,2005,2.0,2006,0.2764936642372434,0.6093573920911397,0.0166666666666666,0.9968099910970172,10.157897185724336,0.7708333333333334,0.0
16486,27,dev,DEV_BGM,2005,36.0,2003,0.2997225030505457,0.811891838394721,0.0633333333333333,0.6178356081929336,14.068090962336957,0.7708333333333334,1.0
16520,13,dev,DEV_Med,2008,2.0,2009,0.4190233151107485,0.8669866088439611,0.1266666666666666,0.6178356081929336,12.652900401978972,0.7391304347826086,1.0
16520,17,dev,DEV_Med,2008,50.0,2006,0.0972089563793993,0.4363827113448261,0.0,0.0,12.332242634385866,0.7391304347826086,1.0
16520,22,dev,DEV_Med,2008,49.0,2008,0.2427178906876991,0.2868271671031237,0.06,0.0,13.849049777338868,0.7391304347826086,1.0
16520,26,dev,DEV_Med,2008,7.0,2008,0.1700134038327895,0.5985764093369916,0.1366666666666667,0.0,11.532139683894032,0.7391304347826086,1.0
16520,31,dev,DEV_Med,2008,8.0,2007,0.4858337648309395,0.6107235613440025,0.1866666666666666,0.0,12.640717843400664,0.7391304347826086,1.0
16520,33,dev,DEV_Med,2008,10.0,2009,0.0281553368995909,0.130389795590317,0.0033333333333333,0.0,14.81428556829688,0.7391304347826086,1.0
16526,14,heldout_field,Social,2008,22.0,2008,0.0771156548797982,0.4276835185413574,0.0,0.7053008237857123,11.559035851263932,0.6619718309859155,1.0
16812,13,dev,DEV_Med,2003,2.0,2005,0.4190233151107485,0.8669866088439611,0.1266666666666666,0.6178356081929336,12.439051669616466,0.7406015037593985,1.0
16812,33,dev,DEV_Med,2003,8.0,2005,0.0281553368995909,0.130389795590317,0.0033333333333333,0.0,14.439861633391784,0.7406015037593985,1.0
16967,11,heldout_cohort,Physical,2011,2.0,2011,0.284099881223133,0.6765171582584101,0.1633333333333333,0.0,12.980198249691082,0.6652173913043479,1.0
16967,12,heldout_cohort,Physical,2011,14.0,2012,0.0253491030341127,0.2254857952433978,0.0166666666666666,0.0,12.794292549903853,0.6652173913043479,1.0
16967,19,heldout_cohort,Physical,2011,51.0,2004,0.2047677761595473,0.3978920311208057,0.0633333333333333,0.7847226341086162,11.881276971738291,0.6652173913043479,1.0
16967,22,heldout_cohort,Physical,2011,2.0,2004,0.2427178906876991,0.2868271671031237,0.06,0.1678122609793912,14.068122810373664,0.6652173913043479,1.0
16967,23,heldout_cohort,Physical,2011,44.0,2002,0.2945059638214947,0.6059324491300307,0.1666666666666666,0.0,12.49210085109777,0.6652173913043479,1.0
16967,33,heldout_cohort,Physical,2011,30.0,2005,0.0281553368995909,0.130389795590317,0.0033333333333333,0.0,15.005092407444348,0.6652173913043479,1.0
17027,13,heldout_field,Physical,2009,2.0,2011,0.4190233151107485,0.8669866088439611,0.1266666666666666,0.0,12.709269242131674,0.8259541984732824,1.0
17027,22,heldout_field,Physical,2009,21.0,2010,0.2427178906876991,0.2868271671031237,0.06,0.1678122609793912,13.940574578358742,0.8259541984732824,1.0
17027,25,heldout_field,Physical,2009,9.0,2010,0.9592210826637104,0.9720631816283668,0.1466666666666666,1.1900663955881765,12.005882390193737,0.8259541984732824,1.0
17027,33,heldout_field,Physical,2009,8.0,2010,0.0281553368995909,0.130389795590317,0.0033333333333333,0.0,14.879776023424252,0.8259541984732824,1.0
17303,17,dev,DEV_Eng,2004,57.0,2003,0.0972089563793993,0.4363827113448261,0.0,0.0154378588776776,11.75466307041294,0.7615894039735099,1.0
17303,33,dev,DEV_Eng,2004,35.0,2003,0.0281553368995909,0.130389795590317,0.0033333333333333,0.485633402675643,14.524249059725388,0.7615894039735099,1.0
17397,17,dev,DEV_Eng,2006,25.0,2003,0.0972089563793993,0.4363827113448261,0.0,0.0154378588776776,12.071449228292328,0.75,1.0
17397,19,dev,DEV_Eng,2006,7.0,2007,0.2047677761595473,0.3978920311208057,0.0633333333333333,0.0,11.650903207912132,0.75,1.0
17397,26,dev,DEV_Eng,2006,2.0,2002,0.1700134038327895,0.5985764093369916,0.1366666666666667,0.0,11.443886163834009,0.75,1.0
17397,31,dev,DEV_Eng,2006,2.0,2004,0.4858337648309395,0.6107235613440025,0.1866666666666666,0.1678122609793912,12.546789432716553,0.75,1.0
17397,33,dev,DEV_Eng,2006,3.0,2008,0.0281553368995909,0.130389795590317,0.0033333333333333,0.485633402675643,14.676509697109008,0.75,1.0
17431,17,dev,DEV_Eng,2003,12.0,2003,0.0972089563793993,0.4363827113448261,0.0,0.0154378588776776,11.606789144551904,0.5178571428571429,1.0
17431,33,dev,DEV_Eng,2003,3.0,2005,0.0281553368995909,0.130389795590317,0.0033333333333333,0.485633402675643,14.439861633391784,0.5178571428571429,1.0
17534,11,dev,DEV_BGM,2009,8.0,2009,0.284099881223133,0.6765171582584101,0.1633333333333333,0.8187026537960718,12.728446332995158,0.7757575757575758,1.0
17534,24,dev,DEV_BGM,2009,6.0,2009,0.2764936642372434,0.6093573920911397,0.0166666666666666,0.9968099910970172,10.353575423086568,0.7757575757575758,1.0
17534,27,dev,DEV_BGM,2009,35.0,2009,0.2997225030505457,0.811891838394721,0.0633333333333333,0.6178356081929336,14.435647701880198,0.7757575757575758,1.0
17534,35,dev,DEV_BGM,2009,2.0,2011,0.1143327370569605,0.4022995149817261,0.04,0.1177489327595433,10.575870643743343,0.7757575757575758,0.0
17605,33,dev,DEV_Eng,2006,2.0,2007,0.0281553368995909,0.130389795590317,0.0033333333333333,0.2428167013378215,14.676509697109008,0.8058252427184466,1.0
17710,33,dev,DEV_CS,2006,3.0,2007,0.0281553368995909,0.130389795590317,0.0033333333333333,0.0,14.676509697109008,0.5666666666666667,1.0
17966,14,heldout_field,Social,2006,10.0,1996,0.0771156548797982,0.4276835185413574,0.0,0.0542821830537903,11.32804062577311,0.4347826086956521,1.0
17966,32,heldout_field,Social,2006,5.0,2004,0.0701142639339837,0.4272871063158311,0.0333333333333333,0.0344014276474956,11.47556621821286,0.4347826086956521,1.0
17966,36,heldout_field,Social,2006,2.0,2006,0.114301361396536,0.6719201570053874,0.1333333333333333,0.0,11.317141697887028,0.4347826086956521,1.0
18029,11,heldout_cohort,DEV_CS,2011,2.0,2013,0.284099881223133,0.6765171582584101,0.1633333333333333,0.0,12.980198249691082,0.3217993079584775,1.0
18029,19,heldout_cohort,DEV_CS,2011,2.0,2012,0.2047677761595473,0.3978920311208057,0.0633333333333333,0.1147502412044244,11.881276971738291,0.3217993079584775,1.0
18029,22,heldout_cohort,DEV_CS,2011,28.0,2010,0.2427178906876991,0.2868271671031237,0.06,0.0154378588776776,14.068122810373664,0.3217993079584775,1.0
18029,28,heldout_cohort,DEV_CS,2011,3.0,2013,0.1756430657565985,0.5521514721963489,0.0633333333333333,0.0,11.674261695355048,0.3217993079584775,0.0
18029,31,heldout_cohort,DEV_CS,2011,4.0,2012,0.4858337648309395,0.6107235613440025,0.1866666666666666,0.0,12.699725660467449,0.3217993079584775,1.0
18029,33,heldout_cohort,DEV_CS,2011,20.0,2005,0.0281553368995909,0.130389795590317,0.0033333333333333,0.0,15.005092407444348,0.3217993079584775,1.0
18049,12,heldout_field,LifeEnv,2005,3.0,2007,0.0253491030341127,0.2254857952433978,0.0166666666666666,0.0,12.522309375462154,0.7340425531914894,1.0
18049,13,heldout_field,LifeEnv,2005,3.0,2005,0.4190233151107485,0.8669866088439611,0.1266666666666666,0.9026083016952744,12.527764763771938,0.7340425531914894,1.0
18049,17,heldout_field,LifeEnv,2005,3.0,2006,0.0972089563793993,0.4363827113448261,0.0,0.0,11.91333782944174,0.7340425531914894,1.0
18049,27,heldout_field,LifeEnv,2005,4.0,2006,0.2997225030505457,0.811891838394721,0.0633333333333333,0.6722590635576315,14.068090962336957,0.7340425531914894,1.0
18049,32,heldout_field,LifeEnv,2005,13.0,2001,0.0701142639339837,0.4272871063158311,0.0333333333333333,1.2586372553864762,11.459872728935746,0.7340425531914894,1.0
18049,33,heldout_field,LifeEnv,2005,3.0,2007,0.0281553368995909,0.130389795590317,0.0033333333333333,0.0,14.600690736046182,0.7340425531914894,1.0
18064,12,dev,DEV_CS,2007,6.0,2007,0.0253491030341127,0.2254857952433978,0.0166666666666666,0.0,12.590263043359483,0.5468277945619335,1.0
18064,14,dev,DEV_CS,2007,19.0,2007,0.0771156548797982,0.4276835185413574,0.0,0.0456512589476855,11.45263391267998,0.5468277945619335,1.0
18064,22,dev,DEV_CS,2007,7.0,2008,0.2427178906876991,0.2868271671031237,0.06,0.0154378588776776,13.745975039270956,0.5468277945619335,1.0
18064,27,dev,DEV_CS,2007,6.0,2007,0.2997225030505457,0.811891838394721,0.0633333333333333,0.0,14.270774210544406,0.5468277945619335,1.0
18064,33,dev,DEV_CS,2007,71.0,2006,0.0281553368995909,0.130389795590317,0.0033333333333333,0.0,14.747540378013614,0.5468277945619335,1.0
18064,36,dev,DEV_CS,2007,13.0,2006,0.114301361396536,0.6719201570053874,0.1333333333333333,0.0,11.43460710309093,0.5468277945619335,0.0
18424,17,heldout_cohort,Physical,2010,14.0,2010,0.0972089563793993,0.4363827113448261,0.0,0.0,12.50288664472689,0.963917525773196,1.0
18424,22,heldout_cohort,Physical,2010,7.0,2010,0.2427178906876991,0.2868271671031237,0.06,0.1678122609793912,14.008620378276127,0.963917525773196,1.0
18471,11,heldout_cohort,DEV_Med,2014,5.0,2016,0.284099881223133,0.6765171582584101,0.1633333333333333,0.0,13.094437041963488,0.5384615384615384,1.0
18471,13,heldout_cohort,DEV_Med,2014,9.0,2013,0.4190233151107485,0.8669866088439611,0.1266666666666666,0.6178356081929336,12.892585366653948,0.5384615384615384,1.0
18471,16,heldout_cohort,DEV_Med,2014,8.0,2013,1.0,1.0,0.2066666666666667,0.0,12.539017238756038,0.5384615384615384,1.0
18612,16,heldout_field,Physical,2007,6.0,2008,1.0,1.0,0.2066666666666667,0.680365444901508,12.3676301129714,0.7789115646258503,1.0
18612,22,heldout_field,Physical,2007,42.0,2007,0.2427178906876991,0.2868271671031237,0.06,0.1678122609793912,13.745975039270956,0.7789115646258503,1.0
18612,25,heldout_field,Physical,2007,20.0,2008,0.9592210826637104,0.9720631816283668,0.1466666666666666,1.1900663955881765,11.863659798371888,0.7789115646258503,1.0
18612,33,heldout_field,Physical,2007,2.0,2009,0.0281553368995909,0.130389795590317,0.0033333333333333,0.0,14.747540378013614,0.7789115646258503,1.0
18679,17,dev,DEV_Med,2009,11.0,1996,0.0972089563793993,0.4363827113448261,0.0,0.0,12.42628390186654,0.7919463087248322,1.0
18679,22,dev,DEV_Med,2009,14.0,1995,0.2427178906876991,0.2868271671031237,0.06,0.0,13.940574578358742,0.7919463087248322,1.0
18679,33,dev,DEV_Med,2009,3.0,2005,0.0281553368995909,0.130389795590317,0.0033333333333333,0.0,14.879776023424252,0.7919463087248322,1.0
18682,13,dev,DEV_CS,2005,2.0,2006,0.4190233151107485,0.8669866088439611,0.1266666666666666,0.0,12.527764763771938,0.7049180327868853,1.0
18682,22,dev,DEV_CS,2005,25.0,2005,0.2427178906876991,0.2868271671031237,0.06,0.0154378588776776,13.529160930746272,0.7049180327868853,1.0
18682,26,dev,DEV_CS,2005,2.0,2006,0.1700134038327895,0.5985764093369916,0.1366666666666667,1.4630050170651157,11.39528991843679,0.7049180327868853,1.0
18682,33,dev,DEV_CS,2005,13.0,2005,0.0281553368995909,0.130389795590317,0.0033333333333333,0.0,14.600690736046182,0.7049180327868853,1.0
18695,13,heldout_field,LifeEnv,2008,6.0,2008,0.4190233151107485,0.8669866088439611,0.1266666666666666,0.9026083016952744,12.652900401978972,0.8972602739726028,1.0
18695,22,heldout_field,LifeEnv,2008,2.0,2010,0.2427178906876991,0.2868271671031237,0.06,0.0,13.849049777338868,0.8972602739726028,0.0
18695,27,heldout_field,LifeEnv,2008,35.0,2007,0.2997225030505457,0.811891838394721,0.0633333333333333,0.6722590635576315,14.342163860552343,0.8972602739726028,1.0
18727,11,dev,DEV_BGM,2005,13.0,2005,0.284099881223133,0.6765171582584101,0.1633333333333333,0.8187026537960718,12.400088061852385,0.5360824742268041,1.0
18727,23,dev,DEV_BGM,2005,9.0,2006,0.2945059638214947,0.6059324491300307,0.1666666666666666,0.0,12.086213080377966,0.5360824742268041,1.0
18898,11,dev,DEV_Med,2008,3.0,2010,0.284099881223133,0.6765171582584101,0.1633333333333333,0.4093513268980359,12.644198535877887,0.6606060606060606,1.0
18898,23,dev,DEV_Med,2008,8.0,2008,0.2945059638214947,0.6059324491300307,0.1666666666666666,0.0,12.326713815050091,0.6606060606060606,1.0
18898,33,dev,DEV_Med,2008,4.0,2009,0.0281553368995909,0.130389795590317,0.0033333333333333,0.0,14.81428556829688,0.6606060606060606,1.0
18917,12,heldout_cohort,Social,2010,2.0,2012,0.0253491030341127,0.2254857952433978,0.0166666666666666,0.22890238745797,12.747018079192026,0.5423728813559322,1.0
18917,14,heldout_cohort,Social,2010,12.0,2010,0.0771156548797982,0.4276835185413574,0.0,0.0542821830537903,11.695721908987394,0.5423728813559322,1.0
18917,17,heldout_cohort,Social,2010,36.0,2010,0.0972089563793993,0.4363827113448261,0.0,0.0,12.50288664472689,0.5423728813559322,1.0
18917,18,heldout_cohort,Social,2010,2.0,2011,0.1307232451559641,0.8061057505128413,0.1,0.0,8.595079730073309,0.5423728813559322,0.0
18917,22,heldout_cohort,Social,2010,6.0,2011,0.2427178906876991,0.2868271671031237,0.06,0.485633402675643,14.008620378276127,0.5423728813559322,1.0
18917,32,heldout_cohort,Social,2010,3.0,2012,0.0701142639339837,0.4272871063158311,0.0333333333333333,0.0344014276474956,11.730943905311154,0.5423728813559322,0.0
18929,22,heldout_field,Physical,2007,11.0,2008,0.2427178906876991,0.2868271671031237,0.06,0.1678122609793912,13.745975039270956,0.8324324324324325,1.0
18929,25,heldout_field,Physical,2007,3.0,2009,0.9592210826637104,0.9720631816283668,0.1466666666666666,1.1900663955881765,11.863659798371888,0.8324324324324325,1.0
19016,22,dev,DEV_CS,2004,19.0,2004,0.2427178906876991,0.2868271671031237,0.06,0.0154378588776776,13.417321415701789,0.5515151515151515,1.0
19016,33,dev,DEV_CS,2004,5.0,2005,0.0281553368995909,0.130389795590317,0.0033333333333333,0.0,14.524249059725388,0.5515151515151515,0.0
19068,11,heldout_cohort,DEV_BGM,2012,16.0,2010,0.284099881223133,0.6765171582584101,0.1633333333333333,0.8187026537960718,13.051408582603838,0.8339622641509434,1.0
19068,27,heldout_cohort,DEV_BGM,2012,24.0,2005,0.2997225030505457,0.811891838394721,0.0633333333333333,0.6178356081929336,14.60535422968203,0.8339622641509434,1.0
19068,33,heldout_cohort,DEV_BGM,2012,4.0,2012,0.0281553368995909,0.130389795590317,0.0033333333333333,0.0,15.060979561483409,0.8339622641509434,1.0
19080,14,heldout_field,Social,2009,12.0,2002,0.0771156548797982,0.4276835185413574,0.0,1.3563194645176344,11.625521739272616,0.5361702127659574,1.0
19080,22,heldout_field,Social,2009,4.0,2005,0.2427178906876991,0.2868271671031237,0.06,0.0,13.940574578358742,0.5361702127659574,1.0
19080,31,heldout_field,Social,2009,2.0,2011,0.4858337648309395,0.6107235613440025,0.1866666666666666,0.0,12.661967842237615,0.5361702127659574,1.0
19080,33,heldout_field,Social,2009,22.0,2006,0.0281553368995909,0.130389795590317,0.0033333333333333,0.0754621315346449,14.879776023424252,0.5361702127659574,1.0
19126,11,dev,DEV_BGM,2003,23.0,2003,0.284099881223133,0.6765171582584101,0.1633333333333333,0.8187026537960718,12.361493946348004,0.8218527315914489,1.0
19126,16,dev,DEV_BGM,2003,2.0,2005,1.0,1.0,0.2066666666666667,0.5590303710714284,12.23500503802586,0.8218527315914489,1.0
19126,19,dev,DEV_BGM,2003,2.0,2005,0.2047677761595473,0.3978920311208057,0.0633333333333333,0.0,11.401725711878004,0.8218527315914489,1.0
19126,24,dev,DEV_BGM,2003,5.0,2005,0.2764936642372434,0.6093573920911397,0.0166666666666666,0.9968099910970172,10.102502332271744,0.8218527315914489,1.0
19126,27,dev,DEV_BGM,2003,32.0,2004,0.2997225030505457,0.811891838394721,0.0633333333333333,0.6178356081929336,13.91359960042358,0.8218527315914489,1.0
19126,28,dev,DEV_BGM,2003,5.0,2004,0.1756430657565985,0.5521514721963489,0.0633333333333333,0.9026083016952744,11.24297852454132,0.8218527315914489,1.0
19126,33,dev,DEV_BGM,2003,8.0,2004,0.0281553368995909,0.130389795590317,0.0033333333333333,0.0,14.439861633391784,0.8218527315914489,1.0
19397,22,dev,DEV_CS,2006,13.0,2006,0.2427178906876991,0.2868271671031237,0.06,0.0154378588776776,13.635691068387873,0.6176470588235294,1.0
19397,26,dev,DEV_CS,2006,2.0,2008,0.1700134038327895,0.5985764093369916,0.1366666666666667,1.4630050170651157,11.443886163834009,0.6176470588235294,1.0
19555,22,dev,DEV_CS,2003,17.0,1999,0.2427178906876991,0.2868271671031237,0.06,0.0154378588776776,13.304683267530228,0.69,1.0
19555,26,dev,DEV_CS,2003,5.0,2004,0.1700134038327895,0.5985764093369916,0.1366666666666667,1.4630050170651157,11.31362050313586,0.69,0.0
19555,33,dev,DEV_CS,2003,3.0,2002,0.0281553368995909,0.130389795590317,0.0033333333333333,0.0,14.439861633391784,0.69,0.0
19557,22,heldout_field,Social,2007,4.0,2009,0.2427178906876991,0.2868271671031237,0.06,0.0,13.745975039270956,0.5333333333333333,1.0
19557,27,heldout_field,Social,2007,2.0,2009,0.2997225030505457,0.811891838394721,0.0633333333333333,0.0,14.270774210544406,0.5333333333333333,0.0
19557,33,heldout_field,Social,2007,12.0,2007,0.0281553368995909,0.130389795590317,0.0033333333333333,0.0542821830537903,14.747540378013614,0.5333333333333333,1.0
19613,14,heldout_field,Social,2008,7.0,2009,0.0771156548797982,0.4276835185413574,0.0,0.0542821830537903,11.559035851263932,0.5588235294117647,1.0
19613,17,heldout_field,Social,2008,7.0,2008,0.0972089563793993,0.4363827113448261,0.0,0.0,12.332242634385866,0.5588235294117647,0.0
19613,20,heldout_field,Social,2008,19.0,2008,0.1430448780302194,0.5199065083557681,0.0233333333333333,0.0754621315346449,11.394006784713552,0.5588235294117647,1.0
19613,22,heldout_field,Social,2008,18.0,2008,0.2427178906876991,0.2868271671031237,0.06,0.485633402675643,13.849049777338868,0.5588235294117647,0.0
19739,17,dev,DEV_Eng,2006,93.0,2001,0.0972089563793993,0.4363827113448261,0.0,0.0154378588776776,12.071449228292328,0.7752808988764045,1.0
19739,31,dev,DEV_Eng,2006,2.0,2007,0.4858337648309395,0.6107235613440025,0.1866666666666666,0.1678122609793912,12.546789432716553,0.7752808988764045,1.0
19739,33,dev,DEV_Eng,2006,59.0,1999,0.0281553368995909,0.130389795590317,0.0033333333333333,0.485633402675643,14.676509697109008,0.7752808988764045,1.0
19754,17,dev,DEV_Eng,2009,9.0,2010,0.0972089563793993,0.4363827113448261,0.0,0.0154378588776776,12.42628390186654,0.711340206185567,1.0
19754,25,dev,DEV_Eng,2009,14.0,2009,0.9592210826637104,0.9720631816283668,0.1466666666666666,0.5217987992617263,12.005882390193737,0.711340206185567,1.0
19754,31,dev,DEV_Eng,2009,20.0,2009,0.4858337648309395,0.6107235613440025,0.1866666666666666,0.1678122609793912,12.661967842237615,0.711340206185567,1.0
19754,33,dev,DEV_Eng,2009,6.0,2010,0.0281553368995909,0.130389795590317,0.0033333333333333,0.485633402675643,14.879776023424252,0.711340206185567,1.0
20084,17,dev,DEV_Eng,2009,28.0,2008,0.0972089563793993,0.4363827113448261,0.0,0.0154378588776776,12.42628390186654,0.6728971962616822,1.0
20084,33,dev,DEV_Eng,2009,21.0,2008,0.0281553368995909,0.130389795590317,0.0033333333333333,0.485633402675643,14.879776023424252,0.6728971962616822,1.0
20103,11,dev,DEV_BGM,2003,9.0,2003,0.284099881223133,0.6765171582584101,0.1633333333333333,0.8187026537960718,12.361493946348004,0.7704081632653061,1.0
20103,16,dev,DEV_BGM,2003,3.0,2005,1.0,1.0,0.2066666666666667,0.5590303710714284,12.23500503802586,0.7704081632653061,1.0
20103,17,dev,DEV_BGM,2003,2.0,2004,0.0972089563793993,0.4363827113448261,0.0,0.0,11.606789144551904,0.7704081632653061,1.0
20103,22,dev,DEV_BGM,2003,6.0,2004,0.2427178906876991,0.2868271671031237,0.06,0.0,13.304683267530228,0.7704081632653061,1.0
20103,24,dev,DEV_BGM,2003,3.0,2004,0.2764936642372434,0.6093573920911397,0.0166666666666666,0.9968099910970172,10.102502332271744,0.7704081632653061,1.0
20103,27,dev,DEV_BGM,2003,15.0,2003,0.2997225030505457,0.811891838394721,0.0633333333333333,0.6178356081929336,13.91359960042358,0.7704081632653061,1.0
20103,33,dev,DEV_BGM,2003,5.0,2005,0.0281553368995909,0.130389795590317,0.0033333333333333,0.0,14.439861633391784,0.7704081632653061,1.0
20369,14,heldout_field,Social,2004,2.0,2005,0.0771156548797982,0.4276835185413574,0.0,0.0542821830537903,11.096834097620764,0.5604395604395604,1.0
20369,20,heldout_field,Social,2004,9.0,2000,0.1430448780302194,0.5199065083557681,0.0233333333333333,0.0754621315346449,11.181932191381277,0.5604395604395604,1.0
20369,22,heldout_field,Social,2004,9.0,2005,0.2427178906876991,0.2868271671031237,0.06,0.485633402675643,13.417321415701789,0.5604395604395604,1.0
20369,23,heldout_field,Social,2004,8.0,1998,0.2945059638214947,0.6059324491300307,0.1666666666666666,0.0,12.02763951898302,0.5604395604395604,1.0
20411,17,heldout_cohort,DEV_Eng,2012,68.0,2011,0.0972089563793993,0.4363827113448261,0.0,0.0154378588776776,12.635833539535932,0.7340425531914894,1.0
20411,26,heldout_cohort,DEV_Eng,2012,8.0,2012,0.1700134038327895,0.5985764093369916,0.1366666666666667,0.0,11.736748785189196,0.7340425531914894,1.0
20411,33,heldout_cohort,DEV_Eng,2012,3.0,2013,0.0281553368995909,0.130389795590317,0.0033333333333333,0.485633402675643,15.060979561483409,0.7340425531914894,1.0
20441,25,heldout_field,Physical,2005,3.0,2006,0.9592210826637104,0.9720631816283668,0.1466666666666666,1.1900663955881765,11.736388965095358,0.8235294117647058,1.0
20598,12,heldout_cohort,Social,2012,3.0,2014,0.0253491030341127,0.2254857952433978,0.0166666666666666,0.22890238745797,12.834657304664542,0.2521008403361344,1.0
20598,17,heldout_cohort,Social,2012,3.0,2010,0.0972089563793993,0.4363827113448261,0.0,0.0,12.635833539535932,0.2521008403361344,1.0
20598,22,heldout_cohort,Social,2012,2.0,2014,0.2427178906876991,0.2868271671031237,0.06,0.485633402675643,14.14411621977538,0.2521008403361344,1.0
20598,27,heldout_cohort,Social,2012,8.0,2012,0.2997225030505457,0.811891838394721,0.0633333333333333,0.0,14.60535422968203,0.2521008403361344,1.0
20598,36,heldout_cohort,Social,2012,6.0,2013,0.114301361396536,0.6719201570053874,0.1333333333333333,0.0,11.709905722772842,0.2521008403361344,1.0
20834,22,heldout_cohort,DEV_CS,2011,14.0,2010,0.2427178906876991,0.2868271671031237,0.06,0.0154378588776776,14.068122810373664,0.5172413793103449,1.0
20834,33,heldout_cohort,DEV_CS,2011,4.0,2011,0.0281553368995909,0.130389795590317,0.0033333333333333,0.0,15.005092407444348,0.5172413793103449,0.0
20857,11,dev,DEV_BGM,2009,13.0,2002,0.284099881223133,0.6765171582584101,0.1633333333333333,0.8187026537960718,12.728446332995158,0.7090909090909091,1.0
20857,27,dev,DEV_BGM,2009,2.0,2011,0.2997225030505457,0.811891838394721,0.0633333333333333,0.6178356081929336,14.435647701880198,0.7090909090909091,1.0
20857,28,dev,DEV_BGM,2009,3.0,1995,0.1756430657565985,0.5521514721963489,0.0633333333333333,0.9026083016952744,11.455179819920248,0.7090909090909091,0.0
20886,12,heldout_field,Social,2003,4.0,2005,0.0253491030341127,0.2254857952433978,0.0166666666666666,0.22890238745797,12.439835610742254,0.4689655172413793,1.0
20886,14,heldout_field,Social,2003,7.0,2003,0.0771156548797982,0.4276835185413574,0.0,0.0542821830537903,11.005543903606792,0.4689655172413793,1.0
20886,17,heldout_field,Social,2003,5.0,2003,0.0972089563793993,0.4363827113448261,0.0,0.0,11.606789144551904,0.4689655172413793,1.0
21126,17,heldout_cohort,DEV_Eng,2010,10.0,2004,0.0972089563793993,0.4363827113448261,0.0,0.0154378588776776,12.50288664472689,0.8439716312056738,1.0
21126,33,heldout_cohort,DEV_Eng,2010,10.0,2006,0.0281553368995909,0.130389795590317,0.0033333333333333,0.485633402675643,14.94472382406726,0.8439716312056738,1.0
21135,17,dev,DEV_Eng,2005,37.0,1996,0.0972089563793993,0.4363827113448261,0.0,0.0154378588776776,11.91333782944174,0.8113207547169812,1.0
21135,33,dev,DEV_Eng,2005,11.0,2005,0.0281553368995909,0.130389795590317,0.0033333333333333,0.485633402675643,14.600690736046182,0.8113207547169812,1.0
21297,21,dev,DEV_Eng,2009,4.0,2008,0.6216695741835017,0.6994573690000285,0.1133333333333333,0.2821142991842985,7.449498005382849,0.8266666666666667,1.0
21297,23,dev,DEV_Eng,2009,5.0,2007,0.2945059638214947,0.6059324491300307,0.1666666666666666,0.0,12.3854983467121,0.8266666666666667,1.0
21493,11,dev,DEV_BGM,2007,7.0,2008,0.284099881223133,0.6765171582584101,0.1633333333333333,0.8187026537960718,12.570090563724165,0.4285714285714285,1.0
21493,22,dev,DEV_BGM,2007,11.0,2007,0.2427178906876991,0.2868271671031237,0.06,0.0,13.745975039270956,0.4285714285714285,1.0
21493,23,dev,DEV_BGM,2007,5.0,2008,0.2945059638214947,0.6059324491300307,0.1666666666666666,0.0,12.249424237918277,0.4285714285714285,1.0
21493,33,dev,DEV_BGM,2007,4.0,2008,0.0281553368995909,0.130389795590317,0.0033333333333333,0.0,14.747540378013614,0.4285714285714285,1.0
21518,19,heldout_field,Physical,2003,2.0,2003,0.2047677761595473,0.3978920311208057,0.0633333333333333,0.7847226341086162,11.401725711878004,0.7222222222222222,1.0
21555,13,heldout_cohort,DEV_Med,2012,25.0,2012,0.4190233151107485,0.8669866088439611,0.1266666666666666,0.6178356081929336,12.833995736670976,0.76,1.0
21555,36,heldout_cohort,DEV_Med,2012,2.0,2014,0.114301361396536,0.6719201570053874,0.1333333333333333,0.3235434077967242,11.709905722772842,0.76,1.0
21771,13,heldout_field,LifeEnv,2004,17.0,1999,0.4190233151107485,0.8669866088439611,0.1266666666666666,0.0,12.466380951809448,0.6347826086956522,1.0
21771,16,heldout_field,LifeEnv,2004,3.0,2003,1.0,1.0,0.2066666666666667,0.0,12.266316018209803,0.6347826086956522,1.0
21771,22,heldout_field,LifeEnv,2004,15.0,2004,0.2427178906876991,0.2868271671031237,0.06,0.0,13.417321415701789,0.6347826086956522,1.0
22352,19,heldout_field,LifeEnv,2008,5.0,1996,0.2047677761595473,0.3978920311208057,0.0633333333333333,1.5316073236036325,11.670168501387646,0.6428571428571429,1.0
22458,22,heldout_cohort,LifeEnv,2013,2.0,2015,0.2427178906876991,0.2868271671031237,0.06,0.0,14.190687577966592,0.9043478260869564,0.0
22458,31,heldout_cohort,LifeEnv,2013,43.0,2013,0.4858337648309395,0.6107235613440025,0.1866666666666666,0.7847226341086162,12.731626277760771,0.9043478260869564,1.0
22815,17,heldout_field,LifeEnv,2003,11.0,2000,0.0972089563793993,0.4363827113448261,0.0,0.0,11.606789144551904,0.6771653543307087,1.0
22815,22,heldout_field,LifeEnv,2003,11.0,2002,0.2427178906876991,0.2868271671031237,0.06,0.0,13.304683267530228,0.6771653543307087,1.0
22815,27,heldout_field,LifeEnv,2003,23.0,1996,0.2997225030505457,0.811891838394721,0.0633333333333333,0.6722590635576315,13.91359960042358,0.6771653543307087,1.0
22815,33,heldout_field,LifeEnv,2003,4.0,2004,0.0281553368995909,0.130389795590317,0.0033333333333333,0.0,14.439861633391784,0.6771653543307087,1.0
22864,17,heldout_field,Physical,2007,2.0,2009,0.0972089563793993,0.4363827113448261,0.0,0.0,12.205492477265109,0.5838150289017341,1.0
22864,19,heldout_field,Physical,2007,3.0,2009,0.2047677761595473,0.3978920311208057,0.0633333333333333,0.7847226341086162,11.611756711265157,0.5838150289017341,0.0
22864,22,heldout_field,Physical,2007,38.0,1997,0.2427178906876991,0.2868271671031237,0.06,0.1678122609793912,13.745975039270956,0.5838150289017341,1.0
22864,26,heldout_field,Physical,2007,19.0,2003,0.1700134038327895,0.5985764093369916,0.1366666666666667,1.0519201429910805,11.484124675364502,0.5838150289017341,1.0
22864,33,heldout_field,Physical,2007,5.0,2008,0.0281553368995909,0.130389795590317,0.0033333333333333,0.0,14.747540378013614,0.5838150289017341,1.0
23100,17,heldout_field,Social,2007,40.0,2007,0.0972089563793993,0.4363827113448261,0.0,0.0,12.205492477265109,0.567741935483871,1.0
23100,22,heldout_field,Social,2007,38.0,2006,0.2427178906876991,0.2868271671031237,0.06,0.485633402675643,13.745975039270956,0.567741935483871,1.0
23117,25,heldout_cohort,DEV_Eng,2011,31.0,2009,0.9592210826637104,0.9720631816283668,0.1466666666666666,0.5217987992617263,12.10157287043999,0.902097902097902,1.0
23117,33,heldout_cohort,DEV_Eng,2011,3.0,2013,0.0281553368995909,0.130389795590317,0.0033333333333333,0.485633402675643,15.005092407444348,0.902097902097902,0.0
23535,12,heldout_field,Social,2005,2.0,2006,0.0253491030341127,0.2254857952433978,0.0166666666666666,0.22890238745797,12.522309375462154,0.5971223021582733,1.0
23535,14,heldout_field,Social,2005,3.0,2007,0.0771156548797982,0.4276835185413574,0.0,0.0542821830537903,11.198392786467558,0.5971223021582733,1.0
23535,17,heldout_field,Social,2005,5.0,2007,0.0972089563793993,0.4363827113448261,0.0,0.0,11.91333782944174,0.5971223021582733,1.0
23535,22,heldout_field,Social,2005,2.0,2007,0.2427178906876991,0.2868271671031237,0.06,0.485633402675643,13.529160930746272,0.5971223021582733,1.0
23640,22,heldout_field,Physical,2004,7.0,2004,0.2427178906876991,0.2868271671031237,0.06,0.0,13.417321415701789,0.8508064516129032,1.0
23640,25,heldout_field,Physical,2004,50.0,2002,0.9592210826637104,0.9720631816283668,0.1466666666666666,1.4182304837330029,11.671671285235478,0.8508064516129032,1.0
23640,31,heldout_field,Physical,2004,9.0,2005,0.4858337648309395,0.6107235613440025,0.1866666666666666,0.680365444901508,12.438730789212968,0.8508064516129032,1.0
23701,33,heldout_cohort,DEV_CS,2010,7.0,2011,0.0281553368995909,0.130389795590317,0.0033333333333333,0.2428167013378215,14.94472382406726,0.6616915422885572,1.0
23818,14,heldout_cohort,Social,2014,5.0,2015,0.0771156548797982,0.4276835185413574,0.0,0.0542821830537903,12.042771056893448,0.3529411764705882,1.0
23818,17,heldout_cohort,Social,2014,12.0,2015,0.0972089563793993,0.4363827113448261,0.0,0.0,12.699853834686904,0.3529411764705882,1.0
23818,20,heldout_cohort,Social,2014,7.0,2015,0.1430448780302194,0.5199065083557681,0.0233333333333333,0.0754621315346449,11.75433320589002,0.3529411764705882,1.0
23839,13,heldout_field,Social,2008,4.0,2008,0.4190233151107485,0.8669866088439611,0.1266666666666666,0.0,12.652900401978972,0.5841121495327103,0.0
23839,14,heldout_field,Social,2008,13.0,2004,0.0771156548797982,0.4276835185413574,0.0,1.3563194645176344,11.559035851263932,0.5841121495327103,1.0
23839,22,heldout_field,Social,2008,4.0,2008,0.2427178906876991,0.2868271671031237,0.06,0.0,13.849049777338868,0.5841121495327103,1.0
23839,27,heldout_field,Social,2008,2.0,2009,0.2997225030505457,0.811891838394721,0.0633333333333333,0.0,14.342163860552343,0.5841121495327103,0.0
23839,33,heldout_field,Social,2008,53.0,2001,0.0281553368995909,0.130389795590317,0.0033333333333333,0.0754621315346449,14.81428556829688,0.5841121495327103,1.0
23839,35,heldout_field,Social,2008,4.0,2008,0.1143327370569605,0.4022995149817261,0.04,0.0,10.497559976154832,0.5841121495327103,0.0
23966,25,heldout_cohort,DEV_Eng,2011,13.0,2008,0.9592210826637104,0.9720631816283668,0.1466666666666666,0.5217987992617263,12.10157287043999,0.7238805970149254,1.0
23966,31,heldout_cohort,DEV_Eng,2011,10.0,2012,0.4858337648309395,0.6107235613440025,0.1866666666666666,0.1678122609793912,12.699725660467449,0.7238805970149254,1.0
23966,33,heldout_cohort,DEV_Eng,2011,5.0,2013,0.0281553368995909,0.130389795590317,0.0033333333333333,0.485633402675643,15.005092407444348,0.7238805970149254,0.0
24051,13,heldout_cohort,DEV_Eng,2010,7.0,2008,0.4190233151107485,0.8669866088439611,0.1266666666666666,0.0,12.757647621178007,0.664,1.0
24051,16,heldout_cohort,DEV_Eng,2010,18.0,2006,1.0,1.0,0.2066666666666667,0.0,12.417507921712224,0.664,1.0
24051,25,heldout_cohort,DEV_Eng,2010,16.0,2007,0.9592210826637104,0.9720631816283668,0.1466666666666666,0.5217987992617263,12.058169906606672,0.664,1.0
24051,27,heldout_cohort,DEV_Eng,2010,8.0,2007,0.2997225030505457,0.811891838394721,0.0633333333333333,0.0,14.51376069626012,0.664,1.0
24051,31,heldout_cohort,DEV_Eng,2010,2.0,2012,0.4858337648309395,0.6107235613440025,0.1866666666666666,0.1678122609793912,12.672046290285778,0.664,0.0
24373,33,dev,DEV_Eng,2003,18.0,2003,0.0281553368995909,0.130389795590317,0.0033333333333333,0.2428167013378215,14.439861633391784,0.7766497461928934,1.0
24714,13,heldout_field,LifeEnv,2005,16.0,2001,0.4190233151107485,0.8669866088439611,0.1266666666666666,0.9026083016952744,12.527764763771938,0.7415730337078652,1.0
24714,27,heldout_field,LifeEnv,2005,43.0,2001,0.2997225030505457,0.811891838394721,0.0633333333333333,0.6722590635576315,14.068090962336957,0.7415730337078652,1.0
24714,32,heldout_field,LifeEnv,2005,30.0,1998,0.0701142639339837,0.4272871063158311,0.0333333333333333,1.2586372553864762,11.459872728935746,0.7415730337078652,1.0
24714,33,heldout_field,LifeEnv,2005,2.0,2006,0.0281553368995909,0.130389795590317,0.0033333333333333,0.0,14.600690736046182,0.7415730337078652,1.0
24896,19,heldout_field,Physical,2009,2.0,2003,0.2047677761595473,0.3978920311208057,0.0633333333333333,0.7847226341086162,11.755620631687613,0.8877551020408163,1.0
24896,22,heldout_field,Physical,2009,14.0,2003,0.2427178906876991,0.2868271671031237,0.06,0.1678122609793912,13.940574578358742,0.8877551020408163,1.0
24896,23,heldout_field,Physical,2009,5.0,2011,0.2945059638214947,0.6059324491300307,0.1666666666666666,0.0,12.3854983467121,0.8877551020408163,1.0
24896,26,heldout_field,Physical,2009,4.0,2011,0.1700134038327895,0.5985764093369916,0.1366666666666667,1.0519201429910805,11.588144248515905,0.8877551020408163,1.0
25092,13,dev,DEV_Med,2006,7.0,1995,0.4190233151107485,0.8669866088439611,0.1266666666666666,0.6178356081929336,12.568494544045372,0.8773584905660378,1.0
25258,12,dev,DEV_BGM,2007,2.0,2009,0.0253491030341127,0.2254857952433978,0.0166666666666666,0.0,12.590263043359483,0.6193181818181818,1.0
25258,16,dev,DEV_BGM,2007,2.0,2009,1.0,1.0,0.2066666666666667,0.5590303710714284,12.3676301129714,0.6193181818181818,1.0
25258,17,dev,DEV_BGM,2007,2.0,2008,0.0972089563793993,0.4363827113448261,0.0,0.0,12.205492477265109,0.6193181818181818,1.0
25258,27,dev,DEV_BGM,2007,2.0,2008,0.2997225030505457,0.811891838394721,0.0633333333333333,0.6178356081929336,14.270774210544406,0.6193181818181818,1.0
25258,33,dev,DEV_BGM,2007,3.0,2009,0.0281553368995909,0.130389795590317,0.0033333333333333,0.0,14.747540378013614,0.6193181818181818,1.0
25333,33,dev,DEV_Eng,2007,6.0,2008,0.0281553368995909,0.130389795590317,0.0033333333333333,0.2428167013378215,14.747540378013614,0.751937984496124,1.0
25363,17,heldout_cohort,DEV_Eng,2010,26.0,2010,0.0972089563793993,0.4363827113448261,0.0,0.0154378588776776,12.50288664472689,0.7786885245901639,1.0
25363,33,heldout_cohort,DEV_Eng,2010,31.0,2010,0.0281553368995909,0.130389795590317,0.0033333333333333,0.485633402675643,14.94472382406726,0.7786885245901639,1.0
25655,13,dev,DEV_Med,2005,14.0,2004,0.4190233151107485,0.8669866088439611,0.1266666666666666,0.6178356081929336,12.527764763771938,0.8142292490118577,1.0
25655,23,dev,DEV_Med,2005,2.0,2007,0.2945059638214947,0.6059324491300307,0.1666666666666666,0.0,12.086213080377966,0.8142292490118577,0.0
25655,24,dev,DEV_Med,2005,2.0,2007,0.2764936642372434,0.6093573920911397,0.0166666666666666,1.011613291875562,10.157897185724336,0.8142292490118577,1.0
25655,28,dev,DEV_Med,2005,3.0,2006,0.1756430657565985,0.5521514721963489,0.0633333333333333,0.6722590635576315,11.29990549682687,0.8142292490118577,1.0
25655,33,dev,DEV_Med,2005,4.0,2007,0.0281553368995909,0.130389795590317,0.0033333333333333,0.0,14.600690736046182,0.8142292490118577,1.0
25826,12,heldout_field,Social,2007,2.0,2007,0.0253491030341127,0.2254857952433978,0.0166666666666666,0.22890238745797,12.590263043359483,0.47953216374269,1.0
25826,14,heldout_field,Social,2007,4.0,2008,0.0771156548797982,0.4276835185413574,0.0,0.0542821830537903,11.45263391267998,0.47953216374269,1.0
25826,17,heldout_field,Social,2007,38.0,2001,0.0972089563793993,0.4363827113448261,0.0,0.0,12.205492477265109,0.47953216374269,1.0
25826,22,heldout_field,Social,2007,7.0,2009,0.2427178906876991,0.2868271671031237,0.06,0.485633402675643,13.745975039270956,0.47953216374269,1.0
25826,36,heldout_field,Social,2007,2.0,2008,0.114301361396536,0.6719201570053874,0.1333333333333333,0.0,11.43460710309093,0.47953216374269,0.0
25992,11,heldout_cohort,LifeEnv,2010,3.0,2011,0.284099881223133,0.6765171582584101,0.1633333333333333,0.0,12.853573714204371,0.6218905472636815,1.0
25992,12,heldout_cohort,LifeEnv,2010,3.0,2011,0.0253491030341127,0.2254857952433978,0.0166666666666666,0.0,12.747018079192026,0.6218905472636815,1.0
25992,17,heldout_cohort,LifeEnv,2010,4.0,2010,0.0972089563793993,0.4363827113448261,0.0,0.1147502412044244,12.50288664472689,0.6218905472636815,1.0
25992,23,heldout_cohort,LifeEnv,2010,45.0,2006,0.2945059638214947,0.6059324491300307,0.1666666666666666,1.5316073236036325,12.438643618727257,0.6218905472636815,1.0
25992,31,heldout_cohort,LifeEnv,2010,19.0,2009,0.4858337648309395,0.6107235613440025,0.1866666666666666,0.7847226341086162,12.672046290285778,0.6218905472636815,1.0
25992,33,heldout_cohort,LifeEnv,2010,19.0,2001,0.0281553368995909,0.130389795590317,0.0033333333333333,0.0,14.94472382406726,0.6218905472636815,1.0
26002,17,dev,DEV_Eng,2003,22.0,2000,0.0972089563793993,0.4363827113448261,0.0,0.0154378588776776,11.606789144551904,0.7956204379562044,1.0
26002,33,dev,DEV_Eng,2003,15.0,2001,0.0281553368995909,0.130389795590317,0.0033333333333333,0.485633402675643,14.439861633391784,0.7956204379562044,1.0
26313,13,dev,DEV_Med,2009,16.0,2005,0.4190233151107485,0.8669866088439611,0.1266666666666666,0.6178356081929336,12.709269242131674,0.8396946564885496,1.0
26313,24,dev,DEV_Med,2009,7.0,2005,0.2764936642372434,0.6093573920911397,0.0166666666666666,1.011613291875562,10.353575423086568,0.8396946564885496,1.0
26313,33,dev,DEV_Med,2009,4.0,2011,0.0281553368995909,0.130389795590317,0.0033333333333333,0.0,14.879776023424252,0.8396946564885496,1.0
26544,17,dev,DEV_Eng,2003,12.0,2003,0.0972089563793993,0.4363827113448261,0.0,0.0154378588776776,11.606789144551904,0.8457943925233645,1.0
26544,33,dev,DEV_Eng,2003,5.0,2003,0.0281553368995909,0.130389795590317,0.0033333333333333,0.485633402675643,14.439861633391784,0.8457943925233645,1.0
26648,11,dev,DEV_Med,2003,3.0,2003,0.284099881223133,0.6765171582584101,0.1633333333333333,0.0,12.361493946348004,0.7657657657657657,1.0
26648,13,dev,DEV_Med,2003,21.0,1998,0.4190233151107485,0.8669866088439611,0.1266666666666666,0.6178356081929336,12.439051669616466,0.7657657657657657,1.0
26679,27,heldout_field,OtherHealth,2004,15.0,2001,0.2997225030505457,0.811891838394721,0.0633333333333333,0.3235434077967242,13.979124887292532,0.4033613445378151,1.0
26679,33,heldout_field,OtherHealth,2004,7.0,2002,0.0281553368995909,0.130389795590317,0.0033333333333333,0.0,14.524249059725388,0.4033613445378151,1.0
26872,11,dev,DEV_Eng,2004,2.0,2004,0.284099881223133,0.6765171582584101,0.1633333333333333,0.0,12.332269077986076,0.5502645502645502,1.0
26872,14,dev,DEV_Eng,2004,13.0,2004,0.0771156548797982,0.4276835185413574,0.0,0.0,11.096834097620764,0.5502645502645502,1.0
26872,16,dev,DEV_Eng,2004,2.0,2006,1.0,1.0,0.2066666666666667,0.0,12.266316018209803,0.5502645502645502,0.0
26872,17,dev,DEV_Eng,2004,14.0,1999,0.0972089563793993,0.4363827113448261,0.0,0.0154378588776776,11.75466307041294,0.5502645502645502,1.0
26872,27,dev,DEV_Eng,2004,5.0,2006,0.2997225030505457,0.811891838394721,0.0633333333333333,0.0,13.979124887292532,0.5502645502645502,1.0
26872,33,dev,DEV_Eng,2004,18.0,2003,0.0281553368995909,0.130389795590317,0.0033333333333333,0.485633402675643,14.524249059725388,0.5502645502645502,1.0
27155,17,heldout_field,OtherHealth,2006,2.0,2007,0.0972089563793993,0.4363827113448261,0.0,0.0,12.071449228292328,0.2272727272727272,1.0
27155,27,heldout_field,OtherHealth,2006,8.0,2006,0.2997225030505457,0.811891838394721,0.0633333333333333,0.3235434077967242,14.168192841833266,0.2272727272727272,1.0
27541,11,dev,DEV_Eng,2009,5.0,2010,0.284099881223133,0.6765171582584101,0.1633333333333333,0.0,12.728446332995158,0.5612382234185733,1.0
27541,14,dev,DEV_Eng,2009,38.0,2008,0.0771156548797982,0.4276835185413574,0.0,0.0,11.625521739272616,0.5612382234185733,1.0
27541,17,dev,DEV_Eng,2009,22.0,2010,0.0972089563793993,0.4363827113448261,0.0,0.0154378588776776,12.42628390186654,0.5612382234185733,1.0
27541,20,dev,DEV_Eng,2009,31.0,2010,0.1430448780302194,0.5199065083557681,0.0233333333333333,0.0,11.456069358372018,0.5612382234185733,1.0
27541,23,dev,DEV_Eng,2009,63.0,2008,0.2945059638214947,0.6059324491300307,0.1666666666666666,0.0,12.3854983467121,0.5612382234185733,1.0
27541,27,dev,DEV_Eng,2009,2.0,2011,0.2997225030505457,0.811891838394721,0.0633333333333333,0.0,14.435647701880198,0.5612382234185733,0.0
27541,33,dev,DEV_Eng,2009,61.0,2008,0.0281553368995909,0.130389795590317,0.0033333333333333,0.485633402675643,14.879776023424252,0.5612382234185733,1.0
27551,14,dev,DEV_CS,2005,5.0,2005,0.0771156548797982,0.4276835185413574,0.0,0.0456512589476855,11.198392786467558,0.54375,1.0
27551,22,dev,DEV_CS,2005,9.0,2000,0.2427178906876991,0.2868271671031237,0.06,0.0154378588776776,13.529160930746272,0.54375,1.0
27551,33,dev,DEV_CS,2005,9.0,1999,0.0281553368995909,0.130389795590317,0.0033333333333333,0.0,14.600690736046182,0.54375,1.0
27661,22,dev,DEV_CS,2003,50.0,1998,0.2427178906876991,0.2868271671031237,0.06,0.0154378588776776,13.304683267530228,0.7666666666666667,1.0
27661,33,dev,DEV_CS,2003,17.0,2002,0.0281553368995909,0.130389795590317,0.0033333333333333,0.0,14.439861633391784,0.7666666666666667,1.0
27705,12,heldout_cohort,DEV_Eng,2012,4.0,2013,0.0253491030341127,0.2254857952433978,0.0166666666666666,0.0,12.834657304664542,0.6297169811320755,1.0
27705,13,heldout_cohort,DEV_Eng,2012,7.0,2012,0.4190233151107485,0.8669866088439611,0.1266666666666666,0.0,12.833995736670976,0.6297169811320755,1.0
27705,14,heldout_cohort,DEV_Eng,2012,5.0,2013,0.0771156548797982,0.4276835185413574,0.0,0.0,11.856231441170006,0.6297169811320755,1.0
27705,16,heldout_cohort,DEV_Eng,2012,5.0,2013,1.0,1.0,0.2066666666666667,0.0,12.48678297173805,0.6297169811320755,1.0
27705,17,heldout_cohort,DEV_Eng,2012,20.0,2012,0.0972089563793993,0.4363827113448261,0.0,0.0154378588776776,12.635833539535932,0.6297169811320755,1.0
27705,19,heldout_cohort,DEV_Eng,2012,5.0,2013,0.2047677761595473,0.3978920311208057,0.0633333333333333,0.0,11.904433626449189,0.6297169811320755,1.0
27705,20,heldout_cohort,DEV_Eng,2012,2.0,2014,0.1430448780302194,0.5199065083557681,0.0233333333333333,0.0,11.644041442827763,0.6297169811320755,1.0
27705,25,heldout_cohort,DEV_Eng,2012,10.0,2009,0.9592210826637104,0.9720631816283668,0.1466666666666666,0.5217987992617263,12.157528201169155,0.6297169811320755,1.0
27705,27,heldout_cohort,DEV_Eng,2012,23.0,2008,0.2997225030505457,0.811891838394721,0.0633333333333333,0.0,14.60535422968203,0.6297169811320755,1.0
27705,31,heldout_cohort,DEV_Eng,2012,6.0,2013,0.4858337648309395,0.6107235613440025,0.1866666666666666,0.1678122609793912,12.711470565928106,0.6297169811320755,1.0
27705,33,heldout_cohort,DEV_Eng,2012,29.0,2010,0.0281553368995909,0.130389795590317,0.0033333333333333,0.485633402675643,15.060979561483409,0.6297169811320755,1.0
27738,22,dev,DEV_CS,2006,3.0,2008,0.2427178906876991,0.2868271671031237,0.06,0.0154378588776776,13.635691068387873,0.4181818181818181,0.0
27738,27,dev,DEV_CS,2006,2.0,2007,0.2997225030505457,0.811891838394721,0.0633333333333333,0.0,14.168192841833266,0.4181818181818181,0.0
27738,33,dev,DEV_CS,2006,19.0,2006,0.0281553368995909,0.130389795590317,0.0033333333333333,0.0,14.676509697109008,0.4181818181818181,0.0
27840,13,heldout_field,LifeEnv,2008,4.0,2009,0.4190233151107485,0.8669866088439611,0.1266666666666666,0.0,12.652900401978972,0.4307692307692308,1.0
27840,22,heldout_field,LifeEnv,2008,3.0,2006,0.2427178906876991,0.2868271671031237,0.06,0.0,13.849049777338868,0.4307692307692308,1.0
27840,23,heldout_field,LifeEnv,2008,8.0,1996,0.2945059638214947,0.6059324491300307,0.1666666666666666,1.5316073236036325,12.326713815050091,0.4307692307692308,1.0
27840,31,heldout_field,LifeEnv,2008,8.0,2008,0.4858337648309395,0.6107235613440025,0.1866666666666666,0.7847226341086162,12.640717843400664,0.4307692307692308,1.0
27840,33,heldout_field,LifeEnv,2008,10.0,2008,0.0281553368995909,0.130389795590317,0.0033333333333333,0.0,14.81428556829688,0.4307692307692308,1.0
28012,14,heldout_field,Social,2003,4.0,2004,0.0771156548797982,0.4276835185413574,0.0,0.0542821830537903,11.005543903606792,0.4655172413793103,1.0
28012,17,heldout_field,Social,2003,19.0,2000,0.0972089563793993,0.4363827113448261,0.0,0.0,11.606789144551904,0.4655172413793103,1.0
28012,20,heldout_field,Social,2003,5.0,2004,0.1430448780302194,0.5199065083557681,0.0233333333333333,0.0754621315346449,11.117806648916208,0.4655172413793103,0.0
28012,22,heldout_field,Social,2003,7.0,2004,0.2427178906876991,0.2868271671031237,0.06,0.485633402675643,13.304683267530228,0.4655172413793103,1.0
28347,16,heldout_cohort,DEV_Med,2013,2.0,2015,1.0,1.0,0.2066666666666667,0.0,12.509885169911266,0.7947368421052632,1.0
28347,20,heldout_cohort,DEV_Med,2013,9.0,2014,0.1430448780302194,0.5199065083557681,0.0233333333333333,0.0,11.692041890815236,0.7947368421052632,1.0
28496,16,heldout_field,LifeEnv,2009,33.0,2007,1.0,1.0,0.2066666666666667,0.0,12.39853428415034,0.7225806451612903,1.0
28496,22,heldout_field,LifeEnv,2009,4.0,2010,0.2427178906876991,0.2868271671031237,0.06,0.0,13.940574578358742,0.7225806451612903,1.0
28496,23,heldout_field,LifeEnv,2009,10.0,2009,0.2945059638214947,0.6059324491300307,0.1666666666666666,0.9651779401213606,12.3854983467121,0.7225806451612903,1.0
28496,27,heldout_field,LifeEnv,2009,8.0,2009,0.2997225030505457,0.811891838394721,0.0633333333333333,0.0,14.435647701880198,0.7225806451612903,0.0
28496,33,heldout_field,LifeEnv,2009,9.0,2007,0.0281553368995909,0.130389795590317,0.0033333333333333,0.0,14.879776023424252,0.7225806451612903,1.0
28498,20,heldout_cohort,DEV_Med,2012,5.0,2013,0.1430448780302194,0.5199065083557681,0.0233333333333333,0.0,11.644041442827763,0.9085714285714286,1.0
28818,16,heldout_cohort,DEV_Med,2014,2.0,2016,1.0,1.0,0.2066666666666667,0.0,12.539017238756038,0.8859934853420195,1.0
28818,20,heldout_cohort,DEV_Med,2014,15.0,2015,0.1430448780302194,0.5199065083557681,0.0233333333333333,0.0,11.75433320589002,0.8859934853420195,0.0
28984,13,dev,DEV_Med,2008,2.0,2010,0.4190233151107485,0.8669866088439611,0.1266666666666666,0.6178356081929336,12.652900401978972,0.6375,1.0
28984,16,dev,DEV_Med,2008,4.0,2009,1.0,1.0,0.2066666666666667,0.0,12.383909159539456,0.6375,1.0
28984,20,dev,DEV_Med,2008,2.0,2008,0.1430448780302194,0.5199065083557681,0.0233333333333333,0.0,11.394006784713552,0.6375,1.0
29098,13,dev,DEV_Med,2005,8.0,2006,0.4190233151107485,0.8669866088439611,0.1266666666666666,0.6178356081929336,12.527764763771938,0.9381818181818182,1.0
29098,20,dev,DEV_Med,2005,2.0,2006,0.1430448780302194,0.5199065083557681,0.0233333333333333,0.0,11.236855707846614,0.9381818181818182,1.0
29245,33,dev,DEV_Med,2005,8.0,2006,0.0281553368995909,0.130389795590317,0.0033333333333333,0.0,14.600690736046182,0.9288537549407114,1.0
29285,13,heldout_cohort,DEV_Med,2011,3.0,2013,0.4190233151107485,0.8669866088439611,0.1266666666666666,0.6178356081929336,12.804123123497911,0.87,1.0
29285,20,heldout_cohort,DEV_Med,2011,2.0,2013,0.1430448780302194,0.5199065083557681,0.0233333333333333,0.0,11.575712453068991,0.87,1.0
29285,33,heldout_cohort,DEV_Med,2011,2.0,2011,0.0281553368995909,0.130389795590317,0.0033333333333333,0.0,15.005092407444348,0.87,1.0
29366,13,heldout_cohort,DEV_Med,2011,12.0,2011,0.4190233151107485,0.8669866088439611,0.1266666666666666,0.6178356081929336,12.804123123497911,0.8672839506172839,1.0
29366,20,heldout_cohort,DEV_Med,2011,5.0,2012,0.1430448780302194,0.5199065083557681,0.0233333333333333,0.0,11.575712453068991,0.8672839506172839,1.0
29563,16,dev,DEV_Med,2005,2.0,2003,1.0,1.0,0.2066666666666667,0.0,12.302795463454908,0.8433734939759037,1.0
29563,20,dev,DEV_Med,2005,5.0,2006,0.1430448780302194,0.5199065083557681,0.0233333333333333,0.0,11.236855707846614,0.8433734939759037,1.0
29563,33,dev,DEV_Med,2005,2.0,2007,0.0281553368995909,0.130389795590317,0.0033333333333333,0.0,14.600690736046182,0.8433734939759037,1.0
29623,13,dev,DEV_Med,2009,5.0,2008,0.4190233151107485,0.8669866088439611,0.1266666666666666,0.6178356081929336,12.709269242131674,0.8442622950819673,1.0
29623,24,dev,DEV_Med,2009,2.0,2011,0.2764936642372434,0.6093573920911397,0.0166666666666666,1.011613291875562,10.353575423086568,0.8442622950819673,0.0
29684,14,dev,DEV_Med,2005,5.0,1998,0.0771156548797982,0.4276835185413574,0.0,0.0,11.198392786467558,0.59375,1.0
29684,20,dev,DEV_Med,2005,10.0,2006,0.1430448780302194,0.5199065083557681,0.0233333333333333,0.0,11.236855707846614,0.59375,1.0
29684,32,dev,DEV_Med,2005,2.0,2004,0.0701142639339837,0.4272871063158311,0.0333333333333333,0.0,11.459872728935746,0.59375,0.0
29684,33,dev,DEV_Med,2005,3.0,1997,0.0281553368995909,0.130389795590317,0.0033333333333333,0.0,14.600690736046182,0.59375,1.0
29684,36,dev,DEV_Med,2005,29.0,1996,0.114301361396536,0.6719201570053874,0.1333333333333333,0.3235434077967242,11.208571858230476,0.59375,1.0
29698,20,heldout_cohort,DEV_Med,2014,8.0,2015,0.1430448780302194,0.5199065083557681,0.0233333333333333,0.0,11.75433320589002,0.9367088607594936,1.0
29705,14,heldout_field,Social,2008,3.0,2009,0.0771156548797982,0.4276835185413574,0.0,0.0542821830537903,11.559035851263932,0.4511627906976744,1.0
29705,17,heldout_field,Social,2008,15.0,2005,0.0972089563793993,0.4363827113448261,0.0,0.0,12.332242634385866,0.4511627906976744,1.0
29705,20,heldout_field,Social,2008,5.0,2006,0.1430448780302194,0.5199065083557681,0.0233333333333333,0.0754621315346449,11.394006784713552,0.4511627906976744,1.0
29705,22,heldout_field,Social,2008,39.0,2006,0.2427178906876991,0.2868271671031237,0.06,0.485633402675643,13.849049777338868,0.4511627906976744,1.0
29705,23,heldout_field,Social,2008,14.0,2004,0.2945059638214947,0.6059324491300307,0.1666666666666666,0.0,12.326713815050091,0.4511627906976744,1.0
29726,20,heldout_cohort,DEV_Med,2012,10.0,2013,0.1430448780302194,0.5199065083557681,0.0233333333333333,0.0,11.644041442827763,0.7386934673366834,1.0
29867,20,dev,DEV_Med,2007,3.0,2009,0.1430448780302194,0.5199065083557681,0.0233333333333333,0.0,11.332194642287623,0.7363636363636363,0.0
29879,13,heldout_cohort,DEV_Med,2012,10.0,2012,0.4190233151107485,0.8669866088439611,0.1266666666666666,0.6178356081929336,12.833995736670976,0.8323699421965318,1.0
29879,20,heldout_cohort,DEV_Med,2012,3.0,2013,0.1430448780302194,0.5199065083557681,0.0233333333333333,0.0,11.644041442827763,0.8323699421965318,1.0
29879,33,heldout_cohort,DEV_Med,2012,3.0,2013,0.0281553368995909,0.130389795590317,0.0033333333333333,0.0,15.060979561483409,0.8323699421965318,0.0
29889,13,dev,DEV_Med,2003,2.0,2005,0.4190233151107485,0.8669866088439611,0.1266666666666666,0.6178356081929336,12.439051669616466,0.922360248447205,1.0
29889,16,dev,DEV_Med,2003,10.0,1995,1.0,1.0,0.2066666666666667,0.0,12.23500503802586,0.922360248447205,1.0
29889,33,dev,DEV_Med,2003,2.0,2005,0.0281553368995909,0.130389795590317,0.0033333333333333,0.0,14.439861633391784,0.922360248447205,1.0
29937,13,dev,DEV_Med,2006,17.0,2006,0.4190233151107485,0.8669866088439611,0.1266666666666666,0.6178356081929336,12.568494544045372,0.9051724137931034,1.0
29941,13,heldout_cohort,DEV_Med,2014,10.0,2014,0.4190233151107485,0.8669866088439611,0.1266666666666666,0.6178356081929336,12.892585366653948,0.8467153284671532,1.0
29941,16,heldout_cohort,DEV_Med,2014,3.0,2015,1.0,1.0,0.2066666666666667,0.0,12.539017238756038,0.8467153284671532,1.0
29941,20,heldout_cohort,DEV_Med,2014,5.0,2016,0.1430448780302194,0.5199065083557681,0.0233333333333333,0.0,11.75433320589002,0.8467153284671532,1.0
29941,33,heldout_cohort,DEV_Med,2014,2.0,2015,0.0281553368995909,0.130389795590317,0.0033333333333333,0.0,15.14241976318739,0.8467153284671532,0.0
30015,33,dev,DEV_Med,2006,4.0,2006,0.0281553368995909,0.130389795590317,0.0033333333333333,0.0,14.676509697109008,0.9,1.0
30038,20,dev,DEV_Med,2005,10.0,2006,0.1430448780302194,0.5199065083557681,0.0233333333333333,0.0,11.236855707846614,0.5075757575757576,1.0
30038,32,dev,DEV_Med,2005,4.0,2007,0.0701142639339837,0.4272871063158311,0.0333333333333333,0.0,11.459872728935746,0.5075757575757576,1.0
30038,36,dev,DEV_Med,2005,9.0,2006,0.114301361396536,0.6719201570053874,0.1333333333333333,0.3235434077967242,11.208571858230476,0.5075757575757576,1.0
30085,13,heldout_cohort,DEV_Eng,2013,2.0,2014,0.4190233151107485,0.8669866088439611,0.1266666666666666,0.0,12.855894701351746,0.8838709677419355,1.0
30085,16,heldout_cohort,DEV_Eng,2013,8.0,2014,1.0,1.0,0.2066666666666667,0.0,12.509885169911266,0.8838709677419355,1.0
30085,25,heldout_cohort,DEV_Eng,2013,25.0,2012,0.9592210826637104,0.9720631816283668,0.1466666666666666,0.5217987992617263,12.225635047896224,0.8838709677419355,1.0
30099,20,heldout_cohort,DEV_Med,2013,5.0,2015,0.1430448780302194,0.5199065083557681,0.0233333333333333,0.0,11.692041890815236,0.7456140350877193,0.0
30406,11,dev,DEV_Med,2003,3.0,2002,0.284099881223133,0.6765171582584101,0.1633333333333333,0.0,12.361493946348004,0.4615384615384615,1.0
30406,13,dev,DEV_Med,2003,6.0,2003,0.4190233151107485,0.8669866088439611,0.1266666666666666,0.6178356081929336,12.439051669616466,0.4615384615384615,1.0
30406,24,dev,DEV_Med,2003,3.0,2005,0.2764936642372434,0.6093573920911397,0.0166666666666666,1.011613291875562,10.102502332271744,0.4615384615384615,1.0
30406,34,dev,DEV_Med,2003,3.0,2004,0.321487585893723,0.8216524720050494,0.0466666666666666,0.6816838927406966,8.279443487712665,0.4615384615384615,1.0
30428,12,heldout_cohort,Social,2010,3.0,2011,0.0253491030341127,0.2254857952433978,0.0166666666666666,0.22890238745797,12.747018079192026,0.5,1.0
30614,13,heldout_cohort,DEV_Med,2011,4.0,2013,0.4190233151107485,0.8669866088439611,0.1266666666666666,0.6178356081929336,12.804123123497911,0.8217054263565892,1.0
30614,20,heldout_cohort,DEV_Med,2011,11.0,2012,0.1430448780302194,0.5199065083557681,0.0233333333333333,0.0,11.575712453068991,0.8217054263565892,1.0
30614,33,heldout_cohort,DEV_Med,2011,2.0,2011,0.0281553368995909,0.130389795590317,0.0033333333333333,0.0,15.005092407444348,0.8217054263565892,0.0
30664,13,dev,DEV_Med,2005,3.0,2006,0.4190233151107485,0.8669866088439611,0.1266666666666666,0.6178356081929336,12.527764763771938,0.6842105263157895,1.0
30664,16,dev,DEV_Med,2005,4.0,2007,1.0,1.0,0.2066666666666667,0.0,12.302795463454908,0.6842105263157895,1.0
30664,20,dev,DEV_Med,2005,11.0,2006,0.1430448780302194,0.5199065083557681,0.0233333333333333,0.0,11.236855707846614,0.6842105263157895,0.0
30664,28,dev,DEV_Med,2005,19.0,2004,0.1756430657565985,0.5521514721963489,0.0633333333333333,0.6722590635576315,11.29990549682687,0.6842105263157895,1.0
30664,36,dev,DEV_Med,2005,5.0,2006,0.114301361396536,0.6719201570053874,0.1333333333333333,0.3235434077967242,11.208571858230476,0.6842105263157895,1.0
30667,12,heldout_field,Social,2005,2.0,2007,0.0253491030341127,0.2254857952433978,0.0166666666666666,0.22890238745797,12.522309375462154,0.5539198904484766,0.0
30667,14,heldout_field,Social,2005,30.0,2005,0.0771156548797982,0.4276835185413574,0.0,0.0542821830537903,11.198392786467558,0.5539198904484766,1.0
30667,17,heldout_field,Social,2005,208.0,2005,0.0972089563793993,0.4363827113448261,0.0,0.0,11.91333782944174,0.5539198904484766,1.0
30667,20,heldout_field,Social,2005,35.0,2005,0.1430448780302194,0.5199065083557681,0.0233333333333333,0.0754621315346449,11.236855707846614,0.5539198904484766,1.0
30667,22,heldout_field,Social,2005,313.0,2005,0.2427178906876991,0.2868271671031237,0.06,0.485633402675643,13.529160930746272,0.5539198904484766,1.0
30667,23,heldout_field,Social,2005,7.0,2005,0.2945059638214947,0.6059324491300307,0.1666666666666666,0.0,12.086213080377966,0.5539198904484766,1.0
30667,27,heldout_field,Social,2005,13.0,2006,0.2997225030505457,0.811891838394721,0.0633333333333333,0.0,14.068090962336957,0.5539198904484766,0.0
30667,36,heldout_field,Social,2005,4.0,2007,0.114301361396536,0.6719201570053874,0.1333333333333333,0.0,11.208571858230476,0.5539198904484766,0.0
30699,13,heldout_cohort,DEV_Med,2013,2.0,2014,0.4190233151107485,0.8669866088439611,0.1266666666666666,0.6178356081929336,12.855894701351746,0.845360824742268,1.0
30699,20,heldout_cohort,DEV_Med,2013,3.0,2015,0.1430448780302194,0.5199065083557681,0.0233333333333333,0.0,11.692041890815236,0.845360824742268,0.0
30699,28,heldout_cohort,DEV_Med,2013,2.0,2014,0.1756430657565985,0.5521514721963489,0.0633333333333333,0.6722590635576315,11.699388434264732,0.845360824742268,0.0
30789,17,dev,DEV_Eng,2004,3.0,2006,0.0972089563793993,0.4363827113448261,0.0,0.0154378588776776,11.75466307041294,0.8901098901098901,1.0
30814,13,dev,DEV_Med,2007,9.0,2007,0.4190233151107485,0.8669866088439611,0.1266666666666666,0.6178356081929336,12.624891527128527,0.9230769230769232,1.0
30814,33,dev,DEV_Med,2007,4.0,2009,0.0281553368995909,0.130389795590317,0.0033333333333333,0.0,14.747540378013614,0.9230769230769232,1.0
30823,16,dev,DEV_Med,2003,5.0,2003,1.0,1.0,0.2066666666666667,0.0,12.23500503802586,0.8181818181818182,1.0
30823,20,dev,DEV_Med,2003,7.0,2005,0.1430448780302194,0.5199065083557681,0.0233333333333333,0.0,11.117806648916208,0.8181818181818182,1.0
30823,28,dev,DEV_Med,2003,2.0,2002,0.1756430657565985,0.5521514721963489,0.0633333333333333,0.6722590635576315,11.24297852454132,0.8181818181818182,1.0
30826,33,dev,DEV_Med,2005,14.0,1996,0.0281553368995909,0.130389795590317,0.0033333333333333,0.0,14.600690736046182,0.9166666666666666,1.0
30868,27,heldout_cohort,Social,2010,5.0,2009,0.2997225030505457,0.811891838394721,0.0633333333333333,0.0,14.51376069626012,0.4198473282442748,1.0
30938,16,heldout_cohort,DEV_Med,2012,3.0,2014,1.0,1.0,0.2066666666666667,0.0,12.48678297173805,0.84,1.0
30938,20,heldout_cohort,DEV_Med,2012,5.0,2013,0.1430448780302194,0.5199065083557681,0.0233333333333333,0.0,11.644041442827763,0.84,1.0
31030,11,heldout_cohort,DEV_Med,2013,3.0,2015,0.284099881223133,0.6765171582584101,0.1633333333333333,0.0,13.076878444933598,0.7627494456762749,1.0
31030,13,heldout_cohort,DEV_Med,2013,20.0,2013,0.4190233151107485,0.8669866088439611,0.1266666666666666,0.6178356081929336,12.855894701351746,0.7627494456762749,1.0
31030,33,heldout_cohort,DEV_Med,2013,3.0,2014,0.0281553368995909,0.130389795590317,0.0033333333333333,0.0,15.105906166104626,0.7627494456762749,1.0
31030,36,heldout_cohort,DEV_Med,2013,10.0,2014,0.114301361396536,0.6719201570053874,0.1333333333333333,0.3235434077967242,11.822907044916777,0.7627494456762749,0.0
31134,13,heldout_cohort,DEV_Med,2013,15.0,2013,0.4190233151107485,0.8669866088439611,0.1266666666666666,0.6178356081929336,12.855894701351746,0.8639705882352942,1.0
31134,20,heldout_cohort,DEV_Med,2013,19.0,2013,0.1430448780302194,0.5199065083557681,0.0233333333333333,0.0,11.692041890815236,0.8639705882352942,1.0
31134,33,heldout_cohort,DEV_Med,2013,2.0,2014,0.0281553368995909,0.130389795590317,0.0033333333333333,0.0,15.105906166104626,0.8639705882352942,0.0
31154,11,heldout_cohort,DEV_Med,2012,4.0,2008,0.284099881223133,0.6765171582584101,0.1633333333333333,0.0,13.051408582603838,0.314516129032258,1.0
31154,16,heldout_cohort,DEV_Med,2012,3.0,2013,1.0,1.0,0.2066666666666667,0.0,12.48678297173805,0.314516129032258,0.0
31154,33,heldout_cohort,DEV_Med,2012,5.0,2001,0.0281553368995909,0.130389795590317,0.0033333333333333,0.0,15.060979561483409,0.314516129032258,1.0
31169,13,dev,DEV_Med,2005,13.0,2004,0.4190233151107485,0.8669866088439611,0.1266666666666666,0.6178356081929336,12.527764763771938,0.7910447761194029,1.0
31383,14,heldout_cohort,Social,2010,15.0,2010,0.0771156548797982,0.4276835185413574,0.0,0.0542821830537903,11.695721908987394,0.4661654135338345,1.0
31383,17,heldout_cohort,Social,2010,4.0,2011,0.0972089563793993,0.4363827113448261,0.0,0.0,12.50288664472689,0.4661654135338345,0.0
31383,20,heldout_cohort,Social,2010,12.0,2007,0.1430448780302194,0.5199065083557681,0.0233333333333333,0.0754621315346449,11.52046695630357,0.4661654135338345,1.0
31383,27,heldout_cohort,Social,2010,2.0,2012,0.2997225030505457,0.811891838394721,0.0633333333333333,0.0,14.51376069626012,0.4661654135338345,0.0
31451,28,heldout_cohort,DEV_Med,2010,2.0,2010,0.1756430657565985,0.5521514721963489,0.0633333333333333,0.6722590635576315,11.532463351343267,0.8145695364238411,1.0
31451,32,heldout_cohort,DEV_Med,2010,5.0,2011,0.0701142639339837,0.4272871063158311,0.0333333333333333,0.0,11.730943905311154,0.8145695364238411,1.0
31451,33,heldout_cohort,DEV_Med,2010,3.0,2010,0.0281553368995909,0.130389795590317,0.0033333333333333,0.0,14.94472382406726,0.8145695364238411,0.0
31499,14,heldout_cohort,DEV_Med,2010,2.0,2012,0.0771156548797982,0.4276835185413574,0.0,0.0,11.695721908987394,0.4469273743016759,1.0
31499,20,heldout_cohort,DEV_Med,2010,8.0,2011,0.1430448780302194,0.5199065083557681,0.0233333333333333,0.0,11.52046695630357,0.4469273743016759,0.0
31499,32,heldout_cohort,DEV_Med,2010,2.0,2012,0.0701142639339837,0.4272871063158311,0.0333333333333333,0.0,11.730943905311154,0.4469273743016759,0.0
31499,33,heldout_cohort,DEV_Med,2010,20.0,2010,0.0281553368995909,0.130389795590317,0.0033333333333333,0.0,14.94472382406726,0.4469273743016759,1.0
31499,36,heldout_cohort,DEV_Med,2010,17.0,2010,0.114301361396536,0.6719201570053874,0.1333333333333333,0.3235434077967242,11.593112777572584,0.4469273743016759,1.0
31713,13,dev,DEV_Med,2003,5.0,2001,0.4190233151107485,0.8669866088439611,0.1266666666666666,0.6178356081929336,12.439051669616466,0.8481012658227848,1.0
31713,33,dev,DEV_Med,2003,14.0,2001,0.0281553368995909,0.130389795590317,0.0033333333333333,0.0,14.439861633391784,0.8481012658227848,1.0
31744,13,heldout_cohort,DEV_Med,2011,2.0,2013,0.4190233151107485,0.8669866088439611,0.1266666666666666,0.6178356081929336,12.804123123497911,0.7692307692307693,1.0
31744,16,heldout_cohort,DEV_Med,2011,2.0,2012,1.0,1.0,0.2066666666666667,0.0,12.442535105090382,0.7692307692307693,1.0
31744,20,heldout_cohort,DEV_Med,2011,5.0,2013,0.1430448780302194,0.5199065083557681,0.0233333333333333,0.0,11.575712453068991,0.7692307692307693,1.0
31744,28,heldout_cohort,DEV_Med,2011,17.0,2011,0.1756430657565985,0.5521514721963489,0.0633333333333333,0.6722590635576315,11.674261695355048,0.7692307692307693,1.0
31744,32,heldout_cohort,DEV_Med,2011,12.0,2012,0.0701142639339837,0.4272871063158311,0.0333333333333333,0.0,11.804878404272657,0.7692307692307693,1.0
31801,33,dev,DEV_Med,2004,2.0,2006,0.0281553368995909,0.130389795590317,0.0033333333333333,0.0,14.524249059725388,0.9541666666666668,1.0
31858,11,dev,DEV_BGM,2003,9.0,1997,0.284099881223133,0.6765171582584101,0.1633333333333333,0.8187026537960718,12.361493946348004,0.6190476190476191,1.0
31858,22,dev,DEV_BGM,2003,10.0,2000,0.2427178906876991,0.2868271671031237,0.06,0.0,13.304683267530228,0.6190476190476191,1.0
31858,23,dev,DEV_BGM,2003,3.0,2003,0.2945059638214947,0.6059324491300307,0.1666666666666666,0.0,12.00099000953362,0.6190476190476191,1.0
31896,23,heldout_field,Social,2009,2.0,2011,0.2945059638214947,0.6059324491300307,0.1666666666666666,0.4825889700606803,12.3854983467121,0.5652173913043478,1.0
31916,22,heldout_field,LifeEnv,2005,2.0,2006,0.2427178906876991,0.2868271671031237,0.06,0.0,13.529160930746272,0.2475247524752475,0.0
31916,23,heldout_field,LifeEnv,2005,9.0,2005,0.2945059638214947,0.6059324491300307,0.1666666666666666,0.9651779401213606,12.086213080377966,0.2475247524752475,1.0
32035,13,dev,DEV_Med,2003,19.0,2001,0.4190233151107485,0.8669866088439611,0.1266666666666666,0.6178356081929336,12.439051669616466,0.8452380952380952,1.0
32035,24,dev,DEV_Med,2003,5.0,2003,0.2764936642372434,0.6093573920911397,0.0166666666666666,1.011613291875562,10.102502332271744,0.8452380952380952,1.0
32035,33,dev,DEV_Med,2003,2.0,2005,0.0281553368995909,0.130389795590317,0.0033333333333333,0.0,14.439861633391784,0.8452380952380952,1.0
32193,13,dev,DEV_Med,2006,2.0,2005,0.4190233151107485,0.8669866088439611,0.1266666666666666,0.6178356081929336,12.568494544045372,0.7021276595744681,1.0
32193,28,dev,DEV_Med,2006,18.0,2005,0.1756430657565985,0.5521514721963489,0.0633333333333333,0.6722590635576315,11.338845849870273,0.7021276595744681,1.0
32193,33,dev,DEV_Med,2006,2.0,2008,0.0281553368995909,0.130389795590317,0.0033333333333333,0.0,14.676509697109008,0.7021276595744681,0.0
32354,11,dev,DEV_Med,2003,4.0,2004,0.284099881223133,0.6765171582584101,0.1633333333333333,0.0,12.361493946348004,0.6178343949044586,1.0
32354,13,dev,DEV_Med,2003,4.0,2001,0.4190233151107485,0.8669866088439611,0.1266666666666666,0.6178356081929336,12.439051669616466,0.6178343949044586,1.0
32354,17,dev,DEV_Med,2003,24.0,1999,0.0972089563793993,0.4363827113448261,0.0,0.0,11.606789144551904,0.6178343949044586,1.0
32354,20,dev,DEV_Med,2003,4.0,2004,0.1430448780302194,0.5199065083557681,0.0233333333333333,0.0,11.117806648916208,0.6178343949044586,0.0
32354,22,dev,DEV_Med,2003,22.0,1996,0.2427178906876991,0.2868271671031237,0.06,0.0,13.304683267530228,0.6178343949044586,1.0
32354,33,dev,DEV_Med,2003,6.0,1998,0.0281553368995909,0.130389795590317,0.0033333333333333,0.0,14.439861633391784,0.6178343949044586,1.0
32413,13,dev,DEV_Med,2009,20.0,2009,0.4190233151107485,0.8669866088439611,0.1266666666666666,0.6178356081929336,12.709269242131674,0.8598130841121495,1.0
32413,24,dev,DEV_Med,2009,18.0,2009,0.2764936642372434,0.6093573920911397,0.0166666666666666,1.011613291875562,10.353575423086568,0.8598130841121495,1.0
32724,13,heldout_field,LifeEnv,2004,5.0,1997,0.4190233151107485,0.8669866088439611,0.1266666666666666,0.8187026537960718,12.466380951809448,0.72,1.0
32782,14,heldout_cohort,Social,2013,12.0,2012,0.0771156548797982,0.4276835185413574,0.0,1.3563194645176344,11.936786983356544,0.3928571428571428,1.0
32782,33,heldout_cohort,Social,2013,17.0,2013,0.0281553368995909,0.130389795590317,0.0033333333333333,0.0754621315346449,15.105906166104626,0.3928571428571428,1.0
32910,13,heldout_cohort,DEV_Med,2012,2.0,2014,0.4190233151107485,0.8669866088439611,0.1266666666666666,0.6178356081929336,12.833995736670976,0.680672268907563,1.0
32910,23,heldout_cohort,DEV_Med,2012,7.0,2013,0.2945059638214947,0.6059324491300307,0.1666666666666666,0.0,12.54566856978392,0.680672268907563,1.0
32910,28,heldout_cohort,DEV_Med,2012,2.0,2013,0.1756430657565985,0.5521514721963489,0.0633333333333333,0.6722590635576315,11.71015205448437,0.680672268907563,1.0
32910,35,heldout_cohort,DEV_Med,2012,2.0,2014,0.1143327370569605,0.4022995149817261,0.04,0.8766510228771948,10.92845330103594,0.680672268907563,1.0
32910,36,heldout_cohort,DEV_Med,2012,6.0,2014,0.114301361396536,0.6719201570053874,0.1333333333333333,0.3235434077967242,11.709905722772842,0.680672268907563,1.0
32945,20,heldout_cohort,DEV_Med,2013,14.0,2015,0.1430448780302194,0.5199065083557681,0.0233333333333333,0.0,11.692041890815236,0.8404255319148937,0.0
32945,33,heldout_cohort,DEV_Med,2013,4.0,2014,0.0281553368995909,0.130389795590317,0.0033333333333333,0.0,15.105906166104626,0.8404255319148937,1.0
33152,13,dev,DEV_Med,2005,6.0,2005,0.4190233151107485,0.8669866088439611,0.1266666666666666,0.6178356081929336,12.527764763771938,0.935361216730038,1.0
33152,20,dev,DEV_Med,2005,2.0,2006,0.1430448780302194,0.5199065083557681,0.0233333333333333,0.0,11.236855707846614,0.935361216730038,0.0
33152,33,dev,DEV_Med,2005,2.0,2007,0.0281553368995909,0.130389795590317,0.0033333333333333,0.0,14.600690736046182,0.935361216730038,1.0
33157,20,dev,DEV_Med,2007,3.0,2009,0.1430448780302194,0.5199065083557681,0.0233333333333333,0.0,11.332194642287623,0.7900552486187845,1.0
33266,11,heldout_cohort,DEV_Med,2014,7.0,2016,0.284099881223133,0.6765171582584101,0.1633333333333333,0.0,13.094437041963488,0.714818763326226,1.0
33266,13,heldout_cohort,DEV_Med,2014,118.0,2016,0.4190233151107485,0.8669866088439611,0.1266666666666666,0.6178356081929336,12.892585366653948,0.714818763326226,1.0
33266,16,heldout_cohort,DEV_Med,2014,6.0,2016,1.0,1.0,0.2066666666666667,0.0,12.539017238756038,0.714818763326226,1.0
33266,17,heldout_cohort,DEV_Med,2014,2.0,2016,0.0972089563793993,0.4363827113448261,0.0,0.0,12.699853834686904,0.714818763326226,1.0
33266,19,heldout_cohort,DEV_Med,2014,2.0,2016,0.2047677761595473,0.3978920311208057,0.0633333333333333,0.0,12.052402683472945,0.714818763326226,0.0
33266,20,heldout_cohort,DEV_Med,2014,3.0,2016,0.1430448780302194,0.5199065083557681,0.0233333333333333,0.0,11.75433320589002,0.714818763326226,1.0
33266,23,heldout_cohort,DEV_Med,2014,5.0,2016,0.2945059638214947,0.6059324491300307,0.1666666666666666,0.0,12.660448545452596,0.714818763326226,1.0
33266,24,heldout_cohort,DEV_Med,2014,7.0,2016,0.2764936642372434,0.6093573920911397,0.0166666666666666,1.011613291875562,10.47036264215314,0.714818763326226,1.0
33266,25,heldout_cohort,DEV_Med,2014,3.0,2016,0.9592210826637104,0.9720631816283668,0.1466666666666666,0.0,12.292314559892684,0.714818763326226,1.0
33266,28,heldout_cohort,DEV_Med,2014,7.0,2016,0.1756430657565985,0.5521514721963489,0.0633333333333333,0.6722590635576315,11.619409349413,0.714818763326226,1.0
33266,32,heldout_cohort,DEV_Med,2014,2.0,2016,0.0701142639339837,0.4272871063158311,0.0333333333333333,0.0,11.949133140412908,0.714818763326226,1.0
33266,33,heldout_cohort,DEV_Med,2014,23.0,2016,0.0281553368995909,0.130389795590317,0.0033333333333333,0.0,15.14241976318739,0.714818763326226,1.0
33266,35,heldout_cohort,DEV_Med,2014,7.0,2016,0.1143327370569605,0.4022995149817261,0.04,0.8766510228771948,11.068542797752952,0.714818763326226,1.0
33266,36,heldout_cohort,DEV_Med,2014,65.0,2016,0.114301361396536,0.6719201570053874,0.1333333333333333,0.3235434077967242,11.924611184891448,0.714818763326226,1.0
33268,13,dev,DEV_Med,2006,2.0,2007,0.4190233151107485,0.8669866088439611,0.1266666666666666,0.6178356081929336,12.568494544045372,0.8215962441314554,1.0
33268,20,dev,DEV_Med,2006,10.0,2007,0.1430448780302194,0.5199065083557681,0.0233333333333333,0.0,11.284970356658796,0.8215962441314554,1.0
33268,28,dev,DEV_Med,2006,8.0,2007,0.1756430657565985,0.5521514721963489,0.0633333333333333,0.6722590635576315,11.338845849870273,0.8215962441314554,1.0
33268,32,dev,DEV_Med,2006,6.0,2007,0.0701142639339837,0.4272871063158311,0.0333333333333333,0.0,11.47556621821286,0.8215962441314554,1.0
33268,33,dev,DEV_Med,2006,2.0,2008,0.0281553368995909,0.130389795590317,0.0033333333333333,0.0,14.676509697109008,0.8215962441314554,0.0
33290,22,heldout_cohort,DEV_CS,2010,42.0,2010,0.2427178906876991,0.2868271671031237,0.06,0.0154378588776776,14.008620378276127,0.6525821596244131,1.0
33290,33,heldout_cohort,DEV_CS,2010,4.0,2010,0.0281553368995909,0.130389795590317,0.0033333333333333,0.0,14.94472382406726,0.6525821596244131,1.0
33450,20,heldout_cohort,DEV_Med,2014,10.0,2015,0.1430448780302194,0.5199065083557681,0.0233333333333333,0.0,11.75433320589002,0.903954802259887,0.0
33463,14,heldout_cohort,DEV_Eng,2011,8.0,2012,0.0771156548797982,0.4276835185413574,0.0,0.0,11.75008236900279,0.4930875576036866,1.0
33463,17,heldout_cohort,DEV_Eng,2011,24.0,2011,0.0972089563793993,0.4363827113448261,0.0,0.0154378588776776,12.569040745955352,0.4930875576036866,1.0
33463,23,heldout_cohort,DEV_Eng,2011,3.0,2012,0.2945059638214947,0.6059324491300307,0.1666666666666666,0.0,12.49210085109777,0.4930875576036866,1.0
33463,33,heldout_cohort,DEV_Eng,2011,24.0,2008,0.0281553368995909,0.130389795590317,0.0033333333333333,0.485633402675643,15.005092407444348,0.4930875576036866,1.0
33482,13,dev,DEV_Med,2007,3.0,2009,0.4190233151107485,0.8669866088439611,0.1266666666666666,0.6178356081929336,12.624891527128527,0.6730769230769231,0.0
33513,12,heldout_field,Social,2007,2.0,2001,0.0253491030341127,0.2254857952433978,0.0166666666666666,0.22890238745797,12.590263043359483,0.4134615384615384,1.0
33619,33,dev,DEV_Med,2005,5.0,2004,0.0281553368995909,0.130389795590317,0.0033333333333333,0.0,14.600690736046182,0.9389671361502347,1.0
33659,27,heldout_field,Social,2004,26.0,1995,0.2997225030505457,0.811891838394721,0.0633333333333333,0.0,13.979124887292532,0.85,1.0
33711,13,dev,DEV_Med,2008,2.0,2010,0.4190233151107485,0.8669866088439611,0.1266666666666666,0.6178356081929336,12.652900401978972,0.9055555555555556,1.0
33711,33,dev,DEV_Med,2008,10.0,2008,0.0281553368995909,0.130389795590317,0.0033333333333333,0.0,14.81428556829688,0.9055555555555556,1.0
33715,13,heldout_cohort,DEV_Med,2011,2.0,2013,0.4190233151107485,0.8669866088439611,0.1266666666666666,0.6178356081929336,12.804123123497911,0.9063545150501672,0.0
33715,16,heldout_cohort,DEV_Med,2011,3.0,2008,1.0,1.0,0.2066666666666667,0.0,12.442535105090382,0.9063545150501672,1.0
33715,20,heldout_cohort,DEV_Med,2011,26.0,2011,0.1430448780302194,0.5199065083557681,0.0233333333333333,0.0,11.575712453068991,0.9063545150501672,1.0
33733,13,heldout_cohort,DEV_Med,2011,9.0,2010,0.4190233151107485,0.8669866088439611,0.1266666666666666,0.6178356081929336,12.804123123497911,0.6890756302521008,1.0
33733,23,heldout_cohort,DEV_Med,2011,3.0,2013,0.2945059638214947,0.6059324491300307,0.1666666666666666,0.0,12.49210085109777,0.6890756302521008,1.0
33733,24,heldout_cohort,DEV_Med,2011,6.0,2012,0.2764936642372434,0.6093573920911397,0.0166666666666666,1.011613291875562,10.4369353543384,0.6890756302521008,1.0
33733,33,heldout_cohort,DEV_Med,2011,4.0,2008,0.0281553368995909,0.130389795590317,0.0033333333333333,0.0,15.005092407444348,0.6890756302521008,1.0
33733,35,heldout_cohort,DEV_Med,2011,2.0,2013,0.1143327370569605,0.4022995149817261,0.04,0.8766510228771948,10.822394858193435,0.6890756302521008,1.0
33785,20,dev,DEV_Med,2007,2.0,2009,0.1430448780302194,0.5199065083557681,0.0233333333333333,0.0,11.332194642287623,0.8857142857142857,1.0
33785,36,dev,DEV_Med,2007,2.0,2009,0.114301361396536,0.6719201570053874,0.1333333333333333,0.3235434077967242,11.43460710309093,0.8857142857142857,0.0
33808,13,heldout_cohort,DEV_Med,2013,2.0,2015,0.4190233151107485,0.8669866088439611,0.1266666666666666,0.6178356081929336,12.855894701351746,0.8166666666666667,1.0
33909,13,heldout_cohort,DEV_Eng,2014,21.0,2014,0.4190233151107485,0.8669866088439611,0.1266666666666666,0.0,12.892585366653948,0.76905311778291,1.0
33909,16,heldout_cohort,DEV_Eng,2014,8.0,2016,1.0,1.0,0.2066666666666667,0.0,12.539017238756038,0.76905311778291,1.0
33909,25,heldout_cohort,DEV_Eng,2014,100.0,2014,0.9592210826637104,0.9720631816283668,0.1466666666666666,0.5217987992617263,12.292314559892684,0.76905311778291,1.0
33909,31,heldout_cohort,DEV_Eng,2014,123.0,1998,0.4858337648309395,0.6107235613440025,0.1866666666666666,0.1678122609793912,12.740906745479558,0.76905311778291,1.0
33909,33,heldout_cohort,DEV_Eng,2014,2.0,2016,0.0281553368995909,0.130389795590317,0.0033333333333333,0.485633402675643,15.14241976318739,0.76905311778291,0.0
33912,13,heldout_field,LifeEnv,2007,29.0,2002,0.4190233151107485,0.8669866088439611,0.1266666666666666,0.9968099910970172,12.624891527128527,0.805,1.0
33912,27,heldout_field,LifeEnv,2007,57.0,2007,0.2997225030505457,0.811891838394721,0.0633333333333333,1.011613291875562,14.270774210544406,0.805,1.0
34056,13,heldout_field,LifeEnv,2004,3.0,1996,0.4190233151107485,0.8669866088439611,0.1266666666666666,0.8187026537960718,12.466380951809448,0.4714285714285714,1.0
34056,16,heldout_field,LifeEnv,2004,5.0,1997,1.0,1.0,0.2066666666666667,0.0,12.266316018209803,0.4714285714285714,1.0
34056,22,heldout_field,LifeEnv,2004,6.0,2002,0.2427178906876991,0.2868271671031237,0.06,0.0,13.417321415701789,0.4714285714285714,1.0
34056,27,heldout_field,LifeEnv,2004,6.0,1999,0.2997225030505457,0.811891838394721,0.0633333333333333,0.0,13.979124887292532,0.4714285714285714,1.0
34127,20,dev,DEV_Med,2006,2.0,2006,0.1430448780302194,0.5199065083557681,0.0233333333333333,0.0,11.284970356658796,0.8390804597701149,1.0
34127,33,dev,DEV_Med,2006,4.0,2007,0.0281553368995909,0.130389795590317,0.0033333333333333,0.0,14.676509697109008,0.8390804597701149,1.0
34127,36,dev,DEV_Med,2006,2.0,2008,0.114301361396536,0.6719201570053874,0.1333333333333333,0.3235434077967242,11.317141697887028,0.8390804597701149,0.0
34222,17,dev,DEV_Eng,2005,11.0,2002,0.0972089563793993,0.4363827113448261,0.0,0.0154378588776776,11.91333782944174,0.8795180722891566,1.0
34222,33,dev,DEV_Eng,2005,13.0,2003,0.0281553368995909,0.130389795590317,0.0033333333333333,0.485633402675643,14.600690736046182,0.8795180722891566,1.0
34314,13,heldout_field,LifeEnv,2005,2.0,2002,0.4190233151107485,0.8669866088439611,0.1266666666666666,0.8187026537960718,12.527764763771938,0.5522388059701493,1.0
34314,16,heldout_field,LifeEnv,2005,3.0,2007,1.0,1.0,0.2066666666666667,0.0,12.302795463454908,0.5522388059701493,0.0
34314,22,heldout_field,LifeEnv,2005,2.0,2005,0.2427178906876991,0.2868271671031237,0.06,0.0,13.529160930746272,0.5522388059701493,0.0
34314,27,heldout_field,LifeEnv,2005,11.0,2000,0.2997225030505457,0.811891838394721,0.0633333333333333,0.0,14.068090962336957,0.5522388059701493,1.0
34314,33,heldout_field,LifeEnv,2005,4.0,2005,0.0281553368995909,0.130389795590317,0.0033333333333333,0.0,14.600690736046182,0.5522388059701493,1.0
34344,13,heldout_cohort,DEV_Med,2011,19.0,2006,0.4190233151107485,0.8669866088439611,0.1266666666666666,0.6178356081929336,12.804123123497911,0.7062937062937062,1.0
34344,16,heldout_cohort,DEV_Med,2011,3.0,2011,1.0,1.0,0.2066666666666667,0.0,12.442535105090382,0.7062937062937062,1.0
34360,13,dev,DEV_Med,2007,34.0,2005,0.4190233151107485,0.8669866088439611,0.1266666666666666,0.6178356081929336,12.624891527128527,0.875,1.0
34360,20,dev,DEV_Med,2007,6.0,2008,0.1430448780302194,0.5199065083557681,0.0233333333333333,0.0,11.332194642287623,0.875,1.0
34360,33,dev,DEV_Med,2007,3.0,2008,0.0281553368995909,0.130389795590317,0.0033333333333333,0.0,14.747540378013614,0.875,0.0
34360,36,dev,DEV_Med,2007,3.0,2009,0.114301361396536,0.6719201570053874,0.1333333333333333,0.3235434077967242,11.43460710309093,0.875,0.0
34596,22,heldout_field,Social,2003,46.0,1998,0.2427178906876991,0.2868271671031237,0.06,0.0,13.304683267530228,0.6375,1.0
34596,23,heldout_field,Social,2003,4.0,2001,0.2945059638214947,0.6059324491300307,0.1666666666666666,0.0,12.00099000953362,0.6375,1.0
34596,33,heldout_field,Social,2003,5.0,2003,0.0281553368995909,0.130389795590317,0.0033333333333333,0.0542821830537903,14.439861633391784,0.6375,1.0
34746,13,dev,DEV_Med,2006,15.0,2007,0.4190233151107485,0.8669866088439611,0.1266666666666666,0.6178356081929336,12.568494544045372,0.9382022471910112,1.0
34746,16,dev,DEV_Med,2006,2.0,2007,1.0,1.0,0.2066666666666667,0.0,12.33804344606407,0.9382022471910112,1.0
34746,33,dev,DEV_Med,2006,3.0,2006,0.0281553368995909,0.130389795590317,0.0033333333333333,0.0,14.676509697109008,0.9382022471910112,1.0
34786,16,heldout_cohort,DEV_Med,2011,2.0,2011,1.0,1.0,0.2066666666666667,0.0,12.442535105090382,0.8448275862068966,1.0
34786,20,heldout_cohort,DEV_Med,2011,10.0,2012,0.1430448780302194,0.5199065083557681,0.0233333333333333,0.0,11.575712453068991,0.8448275862068966,1.0
34799,20,dev,DEV_Med,2003,4.0,2004,0.1430448780302194,0.5199065083557681,0.0233333333333333,0.0,11.117806648916208,0.8469387755102041,1.0
34799,33,dev,DEV_Med,2003,7.0,2003,0.0281553368995909,0.130389795590317,0.0033333333333333,0.0,14.439861633391784,0.8469387755102041,0.0
34842,12,heldout_cohort,Social,2013,5.0,2014,0.0253491030341127,0.2254857952433978,0.0166666666666666,0.22890238745797,12.881038034529723,0.5828877005347594,0.0
34842,17,heldout_cohort,Social,2013,13.0,2013,0.0972089563793993,0.4363827113448261,0.0,0.0,12.680482179507376,0.5828877005347594,0.0
34842,22,heldout_cohort,Social,2013,14.0,2013,0.2427178906876991,0.2868271671031237,0.06,0.485633402675643,14.190687577966592,0.5828877005347594,0.0
34891,14,heldout_field,LifeEnv,2003,13.0,2005,0.0771156548797982,0.4276835185413574,0.0,0.0,11.005543903606792,0.6306818181818182,1.0
34891,17,heldout_field,LifeEnv,2003,2.0,2005,0.0972089563793993,0.4363827113448261,0.0,0.0,11.606789144551904,0.6306818181818182,1.0
34891,20,heldout_field,LifeEnv,2003,2.0,2005,0.1430448780302194,0.5199065083557681,0.0233333333333333,0.0,11.117806648916208,0.6306818181818182,1.0
34891,22,heldout_field,LifeEnv,2003,38.0,2003,0.2427178906876991,0.2868271671031237,0.06,0.0,13.304683267530228,0.6306818181818182,1.0
34891,33,heldout_field,LifeEnv,2003,8.0,2005,0.0281553368995909,0.130389795590317,0.0033333333333333,0.0,14.439861633391784,0.6306818181818182,1.0
34894,13,heldout_cohort,Physical,2012,3.0,2013,0.4190233151107485,0.8669866088439611,0.1266666666666666,0.0,12.833995736670976,0.782312925170068,1.0
34894,16,heldout_cohort,Physical,2012,7.0,2000,1.0,1.0,0.2066666666666667,0.680365444901508,12.48678297173805,0.782312925170068,1.0
34894,19,heldout_cohort,Physical,2012,2.0,2012,0.2047677761595473,0.3978920311208057,0.0633333333333333,0.7847226341086162,11.904433626449189,0.782312925170068,0.0
34894,22,heldout_cohort,Physical,2012,9.0,2012,0.2427178906876991,0.2868271671031237,0.06,0.1678122609793912,14.14411621977538,0.782312925170068,1.0
34894,25,heldout_cohort,Physical,2012,47.0,2004,0.9592210826637104,0.9720631816283668,0.1466666666666666,1.1900663955881765,12.157528201169155,0.782312925170068,1.0
34901,16,heldout_cohort,DEV_Med,2013,4.0,2014,1.0,1.0,0.2066666666666667,0.0,12.509885169911266,0.840625,1.0
34901,20,heldout_cohort,DEV_Med,2013,59.0,2013,0.1430448780302194,0.5199065083557681,0.0233333333333333,0.0,11.692041890815236,0.840625,1.0
34901,33,heldout_cohort,DEV_Med,2013,3.0,2014,0.0281553368995909,0.130389795590317,0.0033333333333333,0.0,15.105906166104626,0.840625,0.0
34947,14,heldout_field,Social,2009,7.0,2009,0.0771156548797982,0.4276835185413574,0.0,0.0542821830537903,11.625521739272616,0.4081632653061224,0.0
34947,20,heldout_field,Social,2009,13.0,1998,0.1430448780302194,0.5199065083557681,0.0233333333333333,0.0754621315346449,11.456069358372018,0.4081632653061224,1.0
34947,22,heldout_field,Social,2009,2.0,2011,0.2427178906876991,0.2868271671031237,0.06,0.485633402675643,13.940574578358742,0.4081632653061224,0.0
34961,16,heldout_cohort,DEV_Eng,2011,9.0,2012,1.0,1.0,0.2066666666666667,0.0,12.442535105090382,0.8068965517241379,1.0
34961,25,heldout_cohort,DEV_Eng,2011,22.0,2011,0.9592210826637104,0.9720631816283668,0.1466666666666666,0.5217987992617263,12.10157287043999,0.8068965517241379,1.0
34961,33,heldout_cohort,DEV_Eng,2011,3.0,2013,0.0281553368995909,0.130389795590317,0.0033333333333333,0.485633402675643,15.005092407444348,0.8068965517241379,1.0
35010,13,dev,DEV_Med,2003,33.0,2003,0.4190233151107485,0.8669866088439611,0.1266666666666666,0.6178356081929336,12.439051669616466,0.8840579710144928,1.0
35010,24,dev,DEV_Med,2003,4.0,2005,0.2764936642372434,0.6093573920911397,0.0166666666666666,1.011613291875562,10.102502332271744,0.8840579710144928,1.0
35052,17,dev,DEV_Eng,2003,3.0,2005,0.0972089563793993,0.4363827113448261,0.0,0.0154378588776776,11.606789144551904,0.8240740740740741,1.0
35052,23,dev,DEV_Eng,2003,2.0,2005,0.2945059638214947,0.6059324491300307,0.1666666666666666,0.0,12.00099000953362,0.8240740740740741,0.0
35052,33,dev,DEV_Eng,2003,6.0,1997,0.0281553368995909,0.130389795590317,0.0033333333333333,0.485633402675643,14.439861633391784,0.8240740740740741,0.0
35076,11,heldout_field,LifeEnv,2005,5.0,1995,0.284099881223133,0.6765171582584101,0.1633333333333333,0.9651779401213606,12.400088061852385,0.7248677248677249,1.0
35076,17,heldout_field,LifeEnv,2005,3.0,2006,0.0972089563793993,0.4363827113448261,0.0,0.0,11.91333782944174,0.7248677248677249,0.0
35076,22,heldout_field,LifeEnv,2005,28.0,2000,0.2427178906876991,0.2868271671031237,0.06,0.0,13.529160930746272,0.7248677248677249,1.0
35154,20,dev,DEV_Med,2005,4.0,2007,0.1430448780302194,0.5199065083557681,0.0233333333333333,0.0,11.236855707846614,0.8970588235294118,0.0
35154,33,dev,DEV_Med,2005,2.0,2007,0.0281553368995909,0.130389795590317,0.0033333333333333,0.0,14.600690736046182,0.8970588235294118,1.0
35291,33,dev,DEV_Med,2003,30.0,2004,0.0281553368995909,0.130389795590317,0.0033333333333333,0.0,14.439861633391784,0.8007246376811594,1.0
35340,35,dev,DEV_Med,2006,13.0,2006,0.1143327370569605,0.4022995149817261,0.04,0.8766510228771948,10.346023628853391,0.7935779816513762,1.0
35355,13,heldout_cohort,OtherHealth,2010,5.0,2008,0.4190233151107485,0.8669866088439611,0.1266666666666666,0.1177489327595433,12.757647621178007,0.8609271523178808,1.0
35355,27,heldout_cohort,OtherHealth,2010,60.0,2006,0.2997225030505457,0.811891838394721,0.0633333333333333,0.8766510228771948,14.51376069626012,0.8609271523178808,1.0
35355,34,heldout_cohort,OtherHealth,2010,2.0,2011,0.321487585893723,0.8216524720050494,0.0466666666666666,0.3114841558215708,8.461257559085935,0.8609271523178808,0.0
35471,20,dev,DEV_Med,2004,2.0,2006,0.1430448780302194,0.5199065083557681,0.0233333333333333,0.0,11.181932191381277,0.953125,1.0
35545,33,dev,DEV_Med,2007,15.0,2005,0.0281553368995909,0.130389795590317,0.0033333333333333,0.0,14.747540378013614,0.8571428571428571,1.0
35564,13,heldout_cohort,DEV_Med,2013,2.0,2015,0.4190233151107485,0.8669866088439611,0.1266666666666666,0.6178356081929336,12.855894701351746,0.8732394366197183,1.0
35564,20,heldout_cohort,DEV_Med,2013,8.0,2013,0.1430448780302194,0.5199065083557681,0.0233333333333333,0.0,11.692041890815236,0.8732394366197183,1.0
35751,17,dev,DEV_Eng,2006,5.0,2008,0.0972089563793993,0.4363827113448261,0.0,0.0154378588776776,12.071449228292328,0.75,1.0
35751,33,dev,DEV_Eng,2006,10.0,2006,0.0281553368995909,0.130389795590317,0.0033333333333333,0.485633402675643,14.676509697109008,0.75,1.0
35752,17,heldout_cohort,Social,2012,33.0,2013,0.0972089563793993,0.4363827113448261,0.0,0.0,12.635833539535932,0.5,1.0
35781,12,heldout_cohort,Social,2013,2.0,2014,0.0253491030341127,0.2254857952433978,0.0166666666666666,0.6100794337284179,12.881038034529723,0.7209302325581395,1.0
35781,27,heldout_cohort,Social,2013,35.0,2005,0.2997225030505457,0.811891838394721,0.0633333333333333,0.0,14.625370868702468,0.7209302325581395,1.0
35781,33,heldout_cohort,Social,2013,9.0,2006,0.0281553368995909,0.130389795590317,0.0033333333333333,0.0344014276474956,15.105906166104626,0.7209302325581395,1.0
35781,36,heldout_cohort,Social,2013,5.0,2013,0.114301361396536,0.6719201570053874,0.1333333333333333,0.8426621224598406,11.822907044916777,0.7209302325581395,1.0
35910,13,heldout_cohort,DEV_Med,2013,22.0,2013,0.4190233151107485,0.8669866088439611,0.1266666666666666,0.6178356081929336,12.855894701351746,0.7867867867867868,1.0
35910,24,heldout_cohort,DEV_Med,2013,2.0,2015,0.2764936642372434,0.6093573920911397,0.0166666666666666,1.011613291875562,10.407771828258696,0.7867867867867868,1.0
35910,36,heldout_cohort,DEV_Med,2013,5.0,2014,0.114301361396536,0.6719201570053874,0.1333333333333333,0.3235434077967242,11.822907044916777,0.7867867867867868,0.0
35971,20,heldout_cohort,DEV_Med,2013,14.0,2013,0.1430448780302194,0.5199065083557681,0.0233333333333333,0.0,11.692041890815236,0.8130081300813008,1.0
35971,28,heldout_cohort,DEV_Med,2013,2.0,2014,0.1756430657565985,0.5521514721963489,0.0633333333333333,0.6722590635576315,11.699388434264732,0.8130081300813008,1.0
36034,13,dev,DEV_Med,2006,2.0,2008,0.4190233151107485,0.8669866088439611,0.1266666666666666,0.6178356081929336,12.568494544045372,0.889763779527559,1.0
36188,17,heldout_field,Social,2003,4.0,2005,0.0972089563793993,0.4363827113448261,0.0,0.0,11.606789144551904,0.5135135135135135,1.0
36188,22,heldout_field,Social,2003,7.0,2001,0.2427178906876991,0.2868271671031237,0.06,0.485633402675643,13.304683267530228,0.5135135135135135,1.0
36284,11,heldout_field,LifeEnv,2009,9.0,2010,0.284099881223133,0.6765171582584101,0.1633333333333333,0.9651779401213606,12.728446332995158,0.5882352941176471,1.0
36284,13,heldout_field,LifeEnv,2009,4.0,2009,0.4190233151107485,0.8669866088439611,0.1266666666666666,0.0,12.709269242131674,0.5882352941176471,1.0
36284,27,heldout_field,LifeEnv,2009,2.0,2011,0.2997225030505457,0.811891838394721,0.0633333333333333,0.0,14.435647701880198,0.5882352941176471,1.0
36364,13,dev,DEV_Med,2004,12.0,2005,0.4190233151107485,0.8669866088439611,0.1266666666666666,0.6178356081929336,12.466380951809448,0.911007025761124,1.0
36364,20,dev,DEV_Med,2004,3.0,2005,0.1430448780302194,0.5199065083557681,0.0233333333333333,0.0,11.181932191381277,0.911007025761124,1.0
36364,33,dev,DEV_Med,2004,10.0,2004,0.0281553368995909,0.130389795590317,0.0033333333333333,0.0,14.524249059725388,0.911007025761124,1.0
36379,33,dev,DEV_Med,2006,2.0,2008,0.0281553368995909,0.130389795590317,0.0033333333333333,0.0,14.676509697109008,0.8611111111111112,0.0
36409,12,heldout_cohort,Social,2013,6.0,2015,0.0253491030341127,0.2254857952433978,0.0166666666666666,0.22890238745797,12.881038034529723,0.5462962962962963,1.0
36409,13,heldout_cohort,Social,2013,2.0,2014,0.4190233151107485,0.8669866088439611,0.1266666666666666,0.0,12.855894701351746,0.5462962962962963,1.0
36409,14,heldout_cohort,Social,2013,3.0,2014,0.0771156548797982,0.4276835185413574,0.0,0.0542821830537903,11.936786983356544,0.5462962962962963,1.0
36409,17,heldout_cohort,Social,2013,23.0,2013,0.0972089563793993,0.4363827113448261,0.0,0.0,12.680482179507376,0.5462962962962963,1.0
36409,22,heldout_cohort,Social,2013,4.0,2014,0.2427178906876991,0.2868271671031237,0.06,0.485633402675643,14.190687577966592,0.5462962962962963,1.0
36409,27,heldout_cohort,Social,2013,14.0,2013,0.2997225030505457,0.811891838394721,0.0633333333333333,0.0,14.625370868702468,0.5462962962962963,1.0
36409,36,heldout_cohort,Social,2013,4.0,2013,0.114301361396536,0.6719201570053874,0.1333333333333333,0.0,11.822907044916777,0.5462962962962963,1.0
36545,16,heldout_cohort,DEV_Med,2011,25.0,2011,1.0,1.0,0.2066666666666667,0.0,12.442535105090382,0.4795918367346938,1.0
36545,28,heldout_cohort,DEV_Med,2011,4.0,2009,0.1756430657565985,0.5521514721963489,0.0633333333333333,0.6722590635576315,11.674261695355048,0.4795918367346938,1.0
36545,32,heldout_cohort,DEV_Med,2011,6.0,2012,0.0701142639339837,0.4272871063158311,0.0333333333333333,0.0,11.804878404272657,0.4795918367346938,1.0
36777,13,heldout_cohort,DEV_Med,2012,27.0,2012,0.4190233151107485,0.8669866088439611,0.1266666666666666,0.6178356081929336,12.833995736670976,0.9144736842105264,1.0
36777,28,heldout_cohort,DEV_Med,2012,35.0,2011,0.1756430657565985,0.5521514721963489,0.0633333333333333,0.6722590635576315,11.71015205448437,0.9144736842105264,1.0
36872,14,dev,DEV_Med,2006,2.0,2008,0.0771156548797982,0.4276835185413574,0.0,0.0,11.32804062577311,0.7357142857142858,0.0
36872,33,dev,DEV_Med,2006,3.0,2007,0.0281553368995909,0.130389795590317,0.0033333333333333,0.0,14.676509697109008,0.7357142857142858,1.0
36872,36,dev,DEV_Med,2006,26.0,2004,0.114301361396536,0.6719201570053874,0.1333333333333333,0.3235434077967242,11.317141697887028,0.7357142857142858,1.0
37067,13,heldout_cohort,LifeEnv,2011,3.0,2013,0.4190233151107485,0.8669866088439611,0.1266666666666666,0.8187026537960718,12.804123123497911,0.5338983050847458,1.0
37079,11,heldout_cohort,DEV_Eng,2010,2.0,2010,0.284099881223133,0.6765171582584101,0.1633333333333333,0.0,12.853573714204371,0.5426356589147286,1.0
37079,16,heldout_cohort,DEV_Eng,2010,4.0,2011,1.0,1.0,0.2066666666666667,0.0,12.417507921712224,0.5426356589147286,1.0
37079,25,heldout_cohort,DEV_Eng,2010,30.0,2007,0.9592210826637104,0.9720631816283668,0.1466666666666666,0.5217987992617263,12.058169906606672,0.5426356589147286,1.0
37079,33,heldout_cohort,DEV_Eng,2010,2.0,2010,0.0281553368995909,0.130389795590317,0.0033333333333333,0.485633402675643,14.94472382406726,0.5426356589147286,1.0
37268,13,dev,DEV_Med,2003,2.0,2002,0.4190233151107485,0.8669866088439611,0.1266666666666666,0.6178356081929336,12.439051669616466,0.691358024691358,1.0
37268,16,dev,DEV_Med,2003,3.0,2003,1.0,1.0,0.2066666666666667,0.0,12.23500503802586,0.691358024691358,0.0
37289,16,heldout_cohort,DEV_BGM,2014,3.0,2010,1.0,1.0,0.2066666666666667,0.5590303710714284,12.539017238756038,0.9215686274509804,1.0
37289,24,heldout_cohort,DEV_BGM,2014,8.0,2013,0.2764936642372434,0.6093573920911397,0.0166666666666666,0.9968099910970172,10.47036264215314,0.9215686274509804,1.0
37289,27,heldout_cohort,DEV_BGM,2014,44.0,2011,0.2997225030505457,0.811891838394721,0.0633333333333333,0.6178356081929336,14.658531427910654,0.9215686274509804,1.0
37294,11,heldout_cohort,Social,2011,11.0,2010,0.284099881223133,0.6765171582584101,0.1633333333333333,0.0,12.980198249691082,0.4464285714285714,1.0
37294,23,heldout_cohort,Social,2011,2.0,2013,0.2945059638214947,0.6059324491300307,0.1666666666666666,0.0,12.49210085109777,0.4464285714285714,1.0
37306,24,heldout_cohort,DEV_Med,2014,2.0,2014,0.2764936642372434,0.6093573920911397,0.0166666666666666,1.011613291875562,10.47036264215314,0.8869565217391304,0.0
37315,24,heldout_field,LifeEnv,2009,3.0,2003,0.2764936642372434,0.6093573920911397,0.0166666666666666,0.6400919045700701,10.353575423086568,0.6793893129770993,0.0
37315,34,heldout_field,LifeEnv,2009,4.0,1997,0.321487585893723,0.8216524720050494,0.0466666666666666,1.070135205300513,8.482808764554406,0.6793893129770993,1.0
37352,16,heldout_cohort,DEV_Med,2013,5.0,2015,1.0,1.0,0.2066666666666667,0.0,12.509885169911266,0.5886075949367089,1.0
37352,20,heldout_cohort,DEV_Med,2013,11.0,2013,0.1430448780302194,0.5199065083557681,0.0233333333333333,0.0,11.692041890815236,0.5886075949367089,1.0
37352,28,heldout_cohort,DEV_Med,2013,15.0,2012,0.1756430657565985,0.5521514721963489,0.0633333333333333,0.6722590635576315,11.699388434264732,0.5886075949367089,1.0
37352,32,heldout_cohort,DEV_Med,2013,9.0,2013,0.0701142639339837,0.4272871063158311,0.0333333333333333,0.0,11.907349847961411,0.5886075949367089,1.0
37363,20,dev,DEV_Med,2003,6.0,2003,0.1430448780302194,0.5199065083557681,0.0233333333333333,0.0,11.117806648916208,0.8,0.0
37363,36,dev,DEV_Med,2003,3.0,2003,0.114301361396536,0.6719201570053874,0.1333333333333333,0.3235434077967242,12.28882705782252,0.8,0.0
37523,13,dev,DEV_Med,2007,7.0,2004,0.4190233151107485,0.8669866088439611,0.1266666666666666,0.8073227996449754,12.624891527128527,0.8476190476190476,1.0
37523,33,dev,DEV_Med,2007,3.0,2009,0.0281553368995909,0.130389795590317,0.0033333333333333,0.0,14.747540378013614,0.8476190476190476,1.0
37525,12,heldout_cohort,Social,2012,15.0,2010,0.0253491030341127,0.2254857952433978,0.0166666666666666,0.22890238745797,12.834657304664542,0.6893939393939394,1.0
37601,13,dev,DEV_Med,2003,10.0,2004,0.4190233151107485,0.8669866088439611,0.1266666666666666,0.6178356081929336,12.439051669616466,0.8270676691729323,1.0
37656,33,heldout_cohort,Social,2010,3.0,1999,0.0281553368995909,0.130389795590317,0.0033333333333333,0.0542821830537903,14.94472382406726,0.0068493150684931,1.0
37695,13,dev,DEV_Med,2009,2.0,2010,0.4190233151107485,0.8669866088439611,0.1266666666666666,0.3089178040964668,12.709269242131674,0.7447698744769874,0.0
37695,26,dev,DEV_Med,2009,3.0,2010,0.1700134038327895,0.5985764093369916,0.1366666666666667,0.0,11.588144248515905,0.7447698744769874,0.0
37695,33,dev,DEV_Med,2009,3.0,2010,0.0281553368995909,0.130389795590317,0.0033333333333333,0.0377310657673224,14.879776023424252,0.7447698744769874,0.0
37695,36,dev,DEV_Med,2009,13.0,2009,0.114301361396536,0.6719201570053874,0.1333333333333333,0.2983626540863716,11.549151313374272,0.7447698744769874,1.0
37708,20,heldout_cohort,DEV_Med,2014,10.0,2015,0.1430448780302194,0.5199065083557681,0.0233333333333333,0.0,11.75433320589002,0.7984496124031008,1.0
37708,33,heldout_cohort,DEV_Med,2014,2.0,2015,0.0281553368995909,0.130389795590317,0.0033333333333333,0.0,15.14241976318739,0.7984496124031008,0.0
37865,13,heldout_field,LifeEnv,2007,2.0,2009,0.4190233151107485,0.8669866088439611,0.1266666666666666,0.8187026537960718,12.624891527128527,0.35,1.0
37865,16,heldout_field,LifeEnv,2007,3.0,2008,1.0,1.0,0.2066666666666667,0.0,12.3676301129714,0.35,1.0
37865,22,heldout_field,LifeEnv,2007,3.0,2006,0.2427178906876991,0.2868271671031237,0.06,0.0,13.745975039270956,0.35,1.0
37865,27,heldout_field,LifeEnv,2007,2.0,2008,0.2997225030505457,0.811891838394721,0.0633333333333333,0.0,14.270774210544406,0.35,1.0
37875,17,heldout_cohort,Social,2012,22.0,2013,0.0972089563793993,0.4363827113448261,0.0,0.0,12.635833539535932,0.4142857142857143,1.0
37875,22,heldout_cohort,Social,2012,8.0,2013,0.2427178906876991,0.2868271671031237,0.06,0.485633402675643,14.14411621977538,0.4142857142857143,1.0
37875,27,heldout_cohort,Social,2012,12.0,2013,0.2997225030505457,0.811891838394721,0.0633333333333333,0.0,14.60535422968203,0.4142857142857143,1.0
37875,31,heldout_cohort,Social,2012,3.0,2012,0.4858337648309395,0.6107235613440025,0.1866666666666666,0.0,12.711470565928106,0.4142857142857143,0.0
37875,36,heldout_cohort,Social,2012,4.0,2014,0.114301361396536,0.6719201570053874,0.1333333333333333,0.0,11.709905722772842,0.4142857142857143,1.0
37885,16,dev,DEV_Med,2009,2.0,2011,1.0,1.0,0.2066666666666667,0.0,12.39853428415034,0.8648648648648649,1.0
37885,20,dev,DEV_Med,2009,4.0,2011,0.1430448780302194,0.5199065083557681,0.0233333333333333,0.0,11.456069358372018,0.8648648648648649,1.0
37916,20,heldout_cohort,DEV_Med,2012,5.0,2013,0.1430448780302194,0.5199065083557681,0.0233333333333333,0.0,11.644041442827763,0.8489208633093526,1.0
37916,33,heldout_cohort,DEV_Med,2012,2.0,2014,0.0281553368995909,0.130389795590317,0.0033333333333333,0.0,15.060979561483409,0.8489208633093526,0.0
37939,13,dev,DEV_Med,2004,3.0,2006,0.4190233151107485,0.8669866088439611,0.1266666666666666,0.6178356081929336,12.466380951809448,0.7636363636363637,1.0
38029,13,heldout_cohort,DEV_Med,2012,6.0,2013,0.4190233151107485,0.8669866088439611,0.1266666666666666,0.6178356081929336,12.833995736670976,0.9098712446351932,1.0
38029,20,heldout_cohort,DEV_Med,2012,4.0,2013,0.1430448780302194,0.5199065083557681,0.0233333333333333,0.0,11.644041442827763,0.9098712446351932,1.0
38029,33,heldout_cohort,DEV_Med,2012,3.0,2014,0.0281553368995909,0.130389795590317,0.0033333333333333,0.0,15.060979561483409,0.9098712446351932,1.0
38231,11,dev,DEV_Eng,2008,8.0,2000,0.284099881223133,0.6765171582584101,0.1633333333333333,0.0,12.644198535877887,0.6318681318681318,1.0
38231,13,dev,DEV_Eng,2008,38.0,1995,0.4190233151107485,0.8669866088439611,0.1266666666666666,0.0,12.652900401978972,0.6318681318681318,1.0
38231,16,dev,DEV_Eng,2008,8.0,2008,1.0,1.0,0.2066666666666667,0.0,12.383909159539456,0.6318681318681318,1.0
38231,23,dev,DEV_Eng,2008,7.0,2004,0.2945059638214947,0.6059324491300307,0.1666666666666666,0.0,12.326713815050091,0.6318681318681318,1.0
38231,25,dev,DEV_Eng,2008,2.0,2009,0.9592210826637104,0.9720631816283668,0.1466666666666666,0.5217987992617263,11.929389858536762,0.6318681318681318,1.0
38231,33,dev,DEV_Eng,2008,4.0,2007,0.0281553368995909,0.130389795590317,0.0033333333333333,0.485633402675643,14.81428556829688,0.6318681318681318,1.0
38254,16,dev,DEV_Med,2005,2.0,2007,1.0,1.0,0.2066666666666667,0.0,12.302795463454908,0.4068965517241379,1.0
38254,33,dev,DEV_Med,2005,3.0,2006,0.0281553368995909,0.130389795590317,0.0033333333333333,0.0,14.600690736046182,0.4068965517241379,1.0
38336,13,dev,DEV_Med,2005,2.0,2006,0.4190233151107485,0.8669866088439611,0.1266666666666666,0.6178356081929336,12.527764763771938,0.780952380952381,1.0
38336,20,dev,DEV_Med,2005,3.0,2007,0.1430448780302194,0.5199065083557681,0.0233333333333333,0.0,11.236855707846614,0.780952380952381,1.0
38336,33,dev,DEV_Med,2005,10.0,2006,0.0281553368995909,0.130389795590317,0.0033333333333333,0.0,14.600690736046182,0.780952380952381,1.0
38429,14,heldout_cohort,Social,2013,5.0,2013,0.0771156548797982,0.4276835185413574,0.0,0.0542821830537903,11.936786983356544,0.3484848484848485,1.0
38429,17,heldout_cohort,Social,2013,10.0,2013,0.0972089563793993,0.4363827113448261,0.0,0.0,12.680482179507376,0.3484848484848485,1.0
38478,13,heldout_field,LifeEnv,2003,16.0,2003,0.4190233151107485,0.8669866088439611,0.1266666666666666,0.9968099910970172,12.439051669616466,0.8944954128440367,1.0
38478,27,heldout_field,LifeEnv,2003,86.0,2000,0.2997225030505457,0.811891838394721,0.0633333333333333,1.011613291875562,13.91359960042358,0.8944954128440367,1.0
38589,13,heldout_cohort,Physical,2014,3.0,2016,0.4190233151107485,0.8669866088439611,0.1266666666666666,0.0,12.892585366653948,0.691358024691358,1.0
38589,16,heldout_cohort,Physical,2014,6.0,2013,1.0,1.0,0.2066666666666667,1.4182304837330029,12.539017238756038,0.691358024691358,1.0
38589,22,heldout_cohort,Physical,2014,12.0,2013,0.2427178906876991,0.2868271671031237,0.06,0.5217987992617263,14.236799801419323,0.691358024691358,1.0
38589,31,heldout_cohort,Physical,2014,9.0,2009,0.4858337648309395,0.6107235613440025,0.1866666666666666,1.1900663955881765,12.740906745479558,0.691358024691358,1.0
38878,16,heldout_cohort,DEV_Med,2013,3.0,2015,1.0,1.0,0.2066666666666667,0.0,12.509885169911266,0.8407079646017699,1.0
38878,20,heldout_cohort,DEV_Med,2013,48.0,2013,0.1430448780302194,0.5199065083557681,0.0233333333333333,0.0,11.692041890815236,0.8407079646017699,0.0
38878,33,heldout_cohort,DEV_Med,2013,5.0,2014,0.0281553368995909,0.130389795590317,0.0033333333333333,0.0,15.105906166104626,0.8407079646017699,1.0
38878,36,heldout_cohort,DEV_Med,2013,4.0,2015,0.114301361396536,0.6719201570053874,0.1333333333333333,0.3235434077967242,11.822907044916777,0.8407079646017699,0.0
38959,18,heldout_cohort,DEV_CS,2013,9.0,2014,0.1307232451559641,0.8061057505128413,0.1,1.1057562400078929,8.772455372611907,0.3047210300429184,1.0
38959,27,heldout_cohort,DEV_CS,2013,5.0,2015,0.2997225030505457,0.811891838394721,0.0633333333333333,0.0,14.625370868702468,0.3047210300429184,1.0
38959,33,heldout_cohort,DEV_CS,2013,18.0,2013,0.0281553368995909,0.130389795590317,0.0033333333333333,0.0,15.105906166104626,0.3047210300429184,1.0
38959,36,heldout_cohort,DEV_CS,2013,2.0,2015,0.114301361396536,0.6719201570053874,0.1333333333333333,0.0,11.822907044916777,0.3047210300429184,0.0
39087,13,heldout_cohort,Physical,2013,2.0,2015,0.4190233151107485,0.8669866088439611,0.1266666666666666,0.0,12.855894701351746,0.7902097902097902,1.0
39087,16,heldout_cohort,Physical,2013,21.0,2010,1.0,1.0,0.2066666666666667,1.4182304837330029,12.509885169911266,0.7902097902097902,1.0
39087,22,heldout_cohort,Physical,2013,28.0,2013,0.2427178906876991,0.2868271671031237,0.06,0.5217987992617263,14.190687577966592,0.7902097902097902,1.0
39087,23,heldout_cohort,Physical,2013,2.0,2015,0.2945059638214947,0.6059324491300307,0.1666666666666666,0.0,12.597033067435456,0.7902097902097902,1.0
39087,31,heldout_cohort,Physical,2013,2.0,2015,0.4858337648309395,0.6107235613440025,0.1866666666666666,1.1900663955881765,12.731626277760771,0.7902097902097902,1.0
39087,33,heldout_cohort,Physical,2013,3.0,2013,0.0281553368995909,0.130389795590317,0.0033333333333333,0.0,15.105906166104626,0.7902097902097902,1.0
39090,13,heldout_cohort,DEV_Med,2010,6.0,2007,0.4190233151107485,0.8669866088439611,0.1266666666666666,0.6178356081929336,12.757647621178007,0.8520408163265306,1.0
39090,16,heldout_cohort,DEV_Med,2010,7.0,2011,1.0,1.0,0.2066666666666667,0.0,12.417507921712224,0.8520408163265306,1.0
39090,20,heldout_cohort,DEV_Med,2010,3.0,2009,0.1430448780302194,0.5199065083557681,0.0233333333333333,0.0,11.52046695630357,0.8520408163265306,1.0
39090,33,heldout_cohort,DEV_Med,2010,4.0,2011,0.0281553368995909,0.130389795590317,0.0033333333333333,0.0,14.94472382406726,0.8520408163265306,1.0
39221,22,heldout_field,Physical,2007,26.0,2005,0.2427178906876991,0.2868271671031237,0.06,0.0,13.745975039270956,0.7608695652173914,1.0
39221,25,heldout_field,Physical,2007,12.0,2006,0.9592210826637104,0.9720631816283668,0.1466666666666666,1.4182304837330029,11.863659798371888,0.7608695652173914,1.0
39221,31,heldout_field,Physical,2007,11.0,2006,0.4858337648309395,0.6107235613440025,0.1866666666666666,0.680365444901508,12.611504419749435,0.7608695652173914,1.0
39228,13,heldout_cohort,DEV_Med,2014,20.0,2013,0.4190233151107485,0.8669866088439611,0.1266666666666666,0.6178356081929336,12.892585366653948,0.9264705882352942,1.0
39228,20,heldout_cohort,DEV_Med,2014,8.0,2014,0.1430448780302194,0.5199065083557681,0.0233333333333333,0.0,11.75433320589002,0.9264705882352942,1.0
39228,24,heldout_cohort,DEV_Med,2014,3.0,2015,0.2764936642372434,0.6093573920911397,0.0166666666666666,1.011613291875562,10.47036264215314,0.9264705882352942,1.0
39228,33,heldout_cohort,DEV_Med,2014,2.0,2015,0.0281553368995909,0.130389795590317,0.0033333333333333,0.0,15.14241976318739,0.9264705882352942,0.0
39244,19,heldout_cohort,Physical,2010,2.0,2011,0.2047677761595473,0.3978920311208057,0.0633333333333333,0.7847226341086162,11.81719913251493,0.9278350515463918,0.0
39390,33,dev,DEV_Med,2009,7.0,2010,0.0281553368995909,0.130389795590317,0.0033333333333333,0.0,14.879776023424252,0.9035087719298246,1.0
39602,14,heldout_cohort,Social,2010,5.0,2011,0.0771156548797982,0.4276835185413574,0.0,0.0542821830537903,11.695721908987394,0.417910447761194,1.0
39602,22,heldout_cohort,Social,2010,5.0,2010,0.2427178906876991,0.2868271671031237,0.06,0.485633402675643,14.008620378276127,0.417910447761194,1.0
39602,23,heldout_cohort,Social,2010,4.0,2012,0.2945059638214947,0.6059324491300307,0.1666666666666666,0.0,12.438643618727257,0.417910447761194,1.0
39766,33,dev,DEV_Med,2007,3.0,2005,0.0281553368995909,0.130389795590317,0.0033333333333333,0.0,14.747540378013614,0.9358288770053476,1.0
39834,13,heldout_cohort,Physical,2011,8.0,2012,0.4190233151107485,0.8669866088439611,0.1266666666666666,0.0,12.804123123497911,0.7549407114624506,1.0
39834,16,heldout_cohort,Physical,2011,2.0,2013,1.0,1.0,0.2066666666666667,0.680365444901508,12.442535105090382,0.7549407114624506,1.0
39834,22,heldout_cohort,Physical,2011,24.0,2011,0.2427178906876991,0.2868271671031237,0.06,0.1678122609793912,14.068122810373664,0.7549407114624506,1.0
39834,25,heldout_cohort,Physical,2011,36.0,2009,0.9592210826637104,0.9720631816283668,0.1466666666666666,1.1900663955881765,12.10157287043999,0.7549407114624506,1.0
39834,33,heldout_cohort,Physical,2011,2.0,2013,0.0281553368995909,0.130389795590317,0.0033333333333333,0.0,15.005092407444348,0.7549407114624506,0.0
39866,11,dev,DEV_BGM,2004,7.0,1999,0.284099881223133,0.6765171582584101,0.1633333333333333,0.8187026537960718,12.332269077986076,0.6739130434782609,1.0
39866,16,dev,DEV_BGM,2004,6.0,1996,1.0,1.0,0.2066666666666667,0.5590303710714284,12.266316018209803,0.6739130434782609,1.0
39866,19,dev,DEV_BGM,2004,2.0,2004,0.2047677761595473,0.3978920311208057,0.0633333333333333,0.0,11.591376136796182,0.6739130434782609,0.0
39866,22,dev,DEV_BGM,2004,2.0,2006,0.2427178906876991,0.2868271671031237,0.06,0.0,13.417321415701789,0.6739130434782609,1.0
39866,27,dev,DEV_BGM,2004,29.0,1996,0.2997225030505457,0.811891838394721,0.0633333333333333,0.6178356081929336,13.979124887292532,0.6739130434782609,1.0
39866,33,dev,DEV_BGM,2004,5.0,2005,0.0281553368995909,0.130389795590317,0.0033333333333333,0.0,14.524249059725388,0.6739130434782609,1.0
40031,13,dev,DEV_Med,2003,7.0,1996,0.4190233151107485,0.8669866088439611,0.1266666666666666,0.6178356081929336,12.439051669616466,0.935064935064935,1.0
40031,16,dev,DEV_Med,2003,2.0,2004,1.0,1.0,0.2066666666666667,0.0,12.23500503802586,0.935064935064935,1.0
40068,11,heldout_cohort,Social,2013,2.0,2015,0.284099881223133,0.6765171582584101,0.1633333333333333,0.0,13.076878444933598,0.6224489795918368,0.0
40068,17,heldout_cohort,Social,2013,3.0,2015,0.0972089563793993,0.4363827113448261,0.0,0.0,12.680482179507376,0.6224489795918368,0.0
40068,19,heldout_cohort,Social,2013,17.0,2013,0.2047677761595473,0.3978920311208057,0.0633333333333333,0.0,11.989389431228082,0.6224489795918368,0.0
40068,31,heldout_cohort,Social,2013,4.0,2014,0.4858337648309395,0.6107235613440025,0.1866666666666666,0.0,12.731626277760771,0.6224489795918368,0.0
40084,20,dev,DEV_Med,2007,6.0,2009,0.1430448780302194,0.5199065083557681,0.0233333333333333,0.0,11.332194642287623,0.7696969696969697,1.0
40084,36,dev,DEV_Med,2007,2.0,2009,0.114301361396536,0.6719201570053874,0.1333333333333333,0.3235434077967242,11.43460710309093,0.7696969696969697,1.0
40220,13,dev,DEV_Med,2006,54.0,2006,0.4190233151107485,0.8669866088439611,0.1266666666666666,0.6178356081929336,12.568494544045372,0.8797327394209354,1.0
40220,16,dev,DEV_Med,2006,2.0,2007,1.0,1.0,0.2066666666666667,0.0,12.33804344606407,0.8797327394209354,1.0
40220,20,dev,DEV_Med,2006,6.0,2006,0.1430448780302194,0.5199065083557681,0.0233333333333333,0.0,11.284970356658796,0.8797327394209354,1.0
40220,33,dev,DEV_Med,2006,3.0,2008,0.0281553368995909,0.130389795590317,0.0033333333333333,0.0,14.676509697109008,0.8797327394209354,1.0
40398,13,heldout_field,LifeEnv,2005,5.0,1995,0.4190233151107485,0.8669866088439611,0.1266666666666666,0.8187026537960718,12.527764763771938,0.5163043478260869,1.0
40398,16,heldout_field,LifeEnv,2005,4.0,1996,1.0,1.0,0.2066666666666667,0.0,12.302795463454908,0.5163043478260869,1.0
40398,22,heldout_field,LifeEnv,2005,18.0,2000,0.2427178906876991,0.2868271671031237,0.06,0.0,13.529160930746272,0.5163043478260869,1.0
40398,23,heldout_field,LifeEnv,2005,4.0,1999,0.2945059638214947,0.6059324491300307,0.1666666666666666,0.9651779401213606,12.086213080377966,0.5163043478260869,1.0
40398,27,heldout_field,LifeEnv,2005,6.0,2000,0.2997225030505457,0.811891838394721,0.0633333333333333,0.0,14.068090962336957,0.5163043478260869,1.0
40398,33,heldout_field,LifeEnv,2005,3.0,2007,0.0281553368995909,0.130389795590317,0.0033333333333333,0.0,14.600690736046182,0.5163043478260869,1.0
40463,20,heldout_cohort,DEV_Med,2011,13.0,2013,0.1430448780302194,0.5199065083557681,0.0233333333333333,0.0,11.575712453068991,0.8963730569948186,1.0
40463,33,heldout_cohort,DEV_Med,2011,3.0,2010,0.0281553368995909,0.130389795590317,0.0033333333333333,0.0,15.005092407444348,0.8963730569948186,1.0
40470,11,dev,DEV_Med,2003,7.0,2004,0.284099881223133,0.6765171582584101,0.1633333333333333,0.0,12.361493946348004,0.7681660899653979,1.0
40470,13,dev,DEV_Med,2003,14.0,2003,0.4190233151107485,0.8669866088439611,0.1266666666666666,0.6178356081929336,12.439051669616466,0.7681660899653979,1.0
40470,23,dev,DEV_Med,2003,7.0,2004,0.2945059638214947,0.6059324491300307,0.1666666666666666,0.0,12.00099000953362,0.7681660899653979,1.0
40470,33,dev,DEV_Med,2003,11.0,2003,0.0281553368995909,0.130389795590317,0.0033333333333333,0.0,14.439861633391784,0.7681660899653979,1.0
40513,17,heldout_field,OtherHealth,2007,2.0,2009,0.0972089563793993,0.4363827113448261,0.0,0.0,12.205492477265109,0.2222222222222222,1.0
40513,20,heldout_field,OtherHealth,2007,6.0,2007,0.1430448780302194,0.5199065083557681,0.0233333333333333,0.2731819003760189,11.332194642287623,0.2222222222222222,1.0
40513,22,heldout_field,OtherHealth,2007,2.0,2009,0.2427178906876991,0.2868271671031237,0.06,0.0,13.745975039270956,0.2222222222222222,1.0
40614,20,heldout_cohort,DEV_Med,2014,10.0,2015,0.1430448780302194,0.5199065083557681,0.0233333333333333,0.0,11.75433320589002,0.8947368421052632,0.0
40685,20,dev,DEV_Med,2007,4.0,2008,0.1430448780302194,0.5199065083557681,0.0233333333333333,0.0,11.332194642287623,0.640625,1.0
40685,32,dev,DEV_Med,2007,2.0,2007,0.0701142639339837,0.4272871063158311,0.0333333333333333,0.0,11.536221981520663,0.640625,1.0
40685,33,dev,DEV_Med,2007,9.0,2007,0.0281553368995909,0.130389795590317,0.0033333333333333,0.0,14.747540378013614,0.640625,1.0
40685,36,dev,DEV_Med,2007,42.0,2000,0.114301361396536,0.6719201570053874,0.1333333333333333,0.3235434077967242,11.43460710309093,0.640625,1.0
40718,20,dev,DEV_Med,2007,6.0,2008,0.1430448780302194,0.5199065083557681,0.0233333333333333,0.0,11.332194642287623,0.8387096774193549,1.0
40749,16,dev,DEV_BGM,2009,7.0,2008,1.0,1.0,0.2066666666666667,0.5590303710714284,12.39853428415034,0.8333333333333334,1.0
40749,24,dev,DEV_BGM,2009,2.0,2010,0.2764936642372434,0.6093573920911397,0.0166666666666666,0.9968099910970172,10.353575423086568,0.8333333333333334,0.0
40749,27,dev,DEV_BGM,2009,4.0,2009,0.2997225030505457,0.811891838394721,0.0633333333333333,0.6178356081929336,14.435647701880198,0.8333333333333334,1.0
40773,14,heldout_cohort,DEV_Eng,2011,4.0,2012,0.0771156548797982,0.4276835185413574,0.0,0.0,11.75008236900279,0.8368794326241135,1.0
40773,17,heldout_cohort,DEV_Eng,2011,12.0,2012,0.0972089563793993,0.4363827113448261,0.0,0.0154378588776776,12.569040745955352,0.8368794326241135,1.0
40813,20,dev,DEV_Med,2009,2.0,2010,0.1430448780302194,0.5199065083557681,0.0233333333333333,0.0,11.456069358372018,0.9043478260869564,1.0
40823,13,heldout_cohort,DEV_Med,2012,4.0,2013,0.4190233151107485,0.8669866088439611,0.1266666666666666,0.6178356081929336,12.833995736670976,0.816793893129771,1.0
40823,20,heldout_cohort,DEV_Med,2012,5.0,2014,0.1430448780302194,0.5199065083557681,0.0233333333333333,0.0,11.644041442827763,0.816793893129771,1.0
40842,13,heldout_cohort,DEV_Eng,2012,2.0,2014,0.4190233151107485,0.8669866088439611,0.1266666666666666,0.0,12.833995736670976,0.6746411483253588,1.0
40842,16,heldout_cohort,DEV_Eng,2012,41.0,2007,1.0,1.0,0.2066666666666667,0.0,12.48678297173805,0.6746411483253588,1.0
40842,23,heldout_cohort,DEV_Eng,2012,2.0,2013,0.2945059638214947,0.6059324491300307,0.1666666666666666,0.0,12.54566856978392,0.6746411483253588,1.0
40842,25,heldout_cohort,DEV_Eng,2012,41.0,2001,0.9592210826637104,0.9720631816283668,0.1466666666666666,0.5217987992617263,12.157528201169155,0.6746411483253588,1.0
40842,31,heldout_cohort,DEV_Eng,2012,7.0,2003,0.4858337648309395,0.6107235613440025,0.1866666666666666,0.1678122609793912,12.711470565928106,0.6746411483253588,1.0
40902,19,heldout_field,Social,2008,8.0,2008,0.2047677761595473,0.3978920311208057,0.0633333333333333,0.0,11.670168501387646,0.2253521126760563,1.0
40902,23,heldout_field,Social,2008,14.0,2005,0.2945059638214947,0.6059324491300307,0.1666666666666666,0.0,12.326713815050091,0.2253521126760563,1.0
40927,13,dev,DEV_Med,2003,15.0,2003,0.4190233151107485,0.8669866088439611,0.1266666666666666,0.6178356081929336,12.439051669616466,0.6185567010309279,0.0
40927,24,dev,DEV_Med,2003,4.0,2004,0.2764936642372434,0.6093573920911397,0.0166666666666666,1.011613291875562,10.102502332271744,0.6185567010309279,1.0
40927,33,dev,DEV_Med,2003,15.0,2003,0.0281553368995909,0.130389795590317,0.0033333333333333,0.0,14.439861633391784,0.6185567010309279,0.0
40927,35,dev,DEV_Med,2003,2.0,2004,0.1143327370569605,0.4022995149817261,0.04,0.8766510228771948,10.0820938830826,0.6185567010309279,0.0
40927,36,dev,DEV_Med,2003,4.0,2004,0.114301361396536,0.6719201570053874,0.1333333333333333,0.3235434077967242,12.28882705782252,0.6185567010309279,0.0
41020,13,dev,DEV_Med,2004,2.0,2004,0.4190233151107485,0.8669866088439611,0.1266666666666666,0.6178356081929336,12.466380951809448,0.7227722772277227,1.0
41043,13,heldout_cohort,DEV_Med,2012,3.0,2013,0.4190233151107485,0.8669866088439611,0.1266666666666666,0.6178356081929336,12.833995736670976,0.7636363636363637,1.0
41043,16,heldout_cohort,DEV_Med,2012,4.0,2013,1.0,1.0,0.2066666666666667,0.0,12.48678297173805,0.7636363636363637,1.0
41043,20,heldout_cohort,DEV_Med,2012,4.0,2014,0.1430448780302194,0.5199065083557681,0.0233333333333333,0.0,11.644041442827763,0.7636363636363637,1.0
41043,24,heldout_cohort,DEV_Med,2012,4.0,2012,0.2764936642372434,0.6093573920911397,0.0166666666666666,1.011613291875562,10.431701125903343,0.7636363636363637,1.0
41043,33,heldout_cohort,DEV_Med,2012,2.0,2013,0.0281553368995909,0.130389795590317,0.0033333333333333,0.0,15.060979561483409,0.7636363636363637,0.0
41090,13,heldout_field,LifeEnv,2006,7.0,2006,0.4190233151107485,0.8669866088439611,0.1266666666666666,0.8187026537960718,12.568494544045372,0.3720930232558139,1.0
41113,16,heldout_cohort,DEV_BGM,2011,16.0,2011,1.0,1.0,0.2066666666666667,0.5590303710714284,12.442535105090382,0.8283582089552238,1.0
41113,27,heldout_cohort,DEV_BGM,2011,24.0,2011,0.2997225030505457,0.811891838394721,0.0633333333333333,0.6178356081929336,14.575169000029328,0.8283582089552238,1.0
41113,28,heldout_cohort,DEV_BGM,2011,2.0,2013,0.1756430657565985,0.5521514721963489,0.0633333333333333,0.9026083016952744,11.674261695355048,0.8283582089552238,0.0
41141,33,dev,DEV_Eng,2005,16.0,2005,0.0281553368995909,0.130389795590317,0.0033333333333333,0.485633402675643,14.600690736046182,0.6956521739130435,1.0
41226,11,heldout_cohort,DEV_Eng,2010,23.0,2008,0.284099881223133,0.6765171582584101,0.1633333333333333,0.0,12.853573714204371,0.5765765765765766,1.0
41226,13,heldout_cohort,DEV_Eng,2010,5.0,2010,0.4190233151107485,0.8669866088439611,0.1266666666666666,0.0,12.757647621178007,0.5765765765765766,1.0
41226,23,heldout_cohort,DEV_Eng,2010,21.0,2007,0.2945059638214947,0.6059324491300307,0.1666666666666666,0.0,12.438643618727257,0.5765765765765766,1.0
41252,13,heldout_cohort,DEV_Med,2014,4.0,2001,0.4190233151107485,0.8669866088439611,0.1266666666666666,0.6178356081929336,12.892585366653948,0.4333333333333333,0.0
41252,36,heldout_cohort,DEV_Med,2014,7.0,2015,0.114301361396536,0.6719201570053874,0.1333333333333333,0.3235434077967242,11.924611184891448,0.4333333333333333,0.0
41425,20,heldout_cohort,DEV_Med,2010,4.0,2012,0.1430448780302194,0.5199065083557681,0.0233333333333333,0.0,11.52046695630357,0.8818181818181818,1.0
41425,36,heldout_cohort,DEV_Med,2010,4.0,2012,0.114301361396536,0.6719201570053874,0.1333333333333333,0.3235434077967242,11.593112777572584,0.8818181818181818,0.0
41448,13,dev,DEV_Med,2008,2.0,2010,0.4190233151107485,0.8669866088439611,0.1266666666666666,0.6178356081929336,12.652900401978972,0.8629032258064516,0.0
41448,20,dev,DEV_Med,2008,7.0,2009,0.1430448780302194,0.5199065083557681,0.0233333333333333,0.0,11.394006784713552,0.8629032258064516,1.0
41505,16,heldout_cohort,DEV_Med,2014,4.0,2014,1.0,1.0,0.2066666666666667,0.0,12.539017238756038,0.8816568047337278,1.0
41505,20,heldout_cohort,DEV_Med,2014,17.0,2013,0.1430448780302194,0.5199065083557681,0.0233333333333333,0.0,11.75433320589002,0.8816568047337278,0.0
41505,33,heldout_cohort,DEV_Med,2014,5.0,2014,0.0281553368995909,0.130389795590317,0.0033333333333333,0.0,15.14241976318739,0.8816568047337278,1.0
41507,19,heldout_field,Physical,2009,2.0,2010,0.2047677761595473,0.3978920311208057,0.0633333333333333,0.0398440227850407,11.755620631687613,0.7920792079207921,0.0
41507,22,heldout_field,Physical,2009,7.0,2010,0.2427178906876991,0.2868271671031237,0.06,0.2608993996308631,13.940574578358742,0.7920792079207921,1.0
41952,13,heldout_cohort,LifeEnv,2012,4.0,2013,0.4190233151107485,0.8669866088439611,0.1266666666666666,0.9026083016952744,12.833995736670976,0.6630434782608695,1.0
41952,17,heldout_cohort,LifeEnv,2012,2.0,2012,0.0972089563793993,0.4363827113448261,0.0,0.0,12.635833539535932,0.6630434782608695,0.0
41952,27,heldout_cohort,LifeEnv,2012,12.0,2012,0.2997225030505457,0.811891838394721,0.0633333333333333,0.6722590635576315,14.60535422968203,0.6630434782608695,1.0
41952,32,heldout_cohort,LifeEnv,2012,4.0,2012,0.0701142639339837,0.4272871063158311,0.0333333333333333,1.2586372553864762,11.854982079885342,0.6630434782608695,1.0
42109,27,heldout_cohort,DEV_BGM,2014,23.0,2010,0.2997225030505457,0.811891838394721,0.0633333333333333,0.6178356081929336,14.658531427910654,0.6228571428571429,1.0
42175,11,dev,DEV_BGM,2006,11.0,2005,0.284099881223133,0.6765171582584101,0.1633333333333333,0.8187026537960718,12.480156428912768,0.7934782608695652,1.0
42175,24,dev,DEV_BGM,2006,6.0,2006,0.2764936642372434,0.6093573920911397,0.0166666666666666,0.9968099910970172,10.204295601206814,0.7934782608695652,1.0
42175,27,dev,DEV_BGM,2006,12.0,2004,0.2997225030505457,0.811891838394721,0.0633333333333333,0.6178356081929336,14.168192841833266,0.7934782608695652,1.0
42175,28,dev,DEV_BGM,2006,4.0,2008,0.1756430657565985,0.5521514721963489,0.0633333333333333,0.9026083016952744,11.338845849870273,0.7934782608695652,1.0
42175,33,dev,DEV_BGM,2006,3.0,2008,0.0281553368995909,0.130389795590317,0.0033333333333333,0.0,14.676509697109008,0.7934782608695652,1.0
42309,13,dev,DEV_Med,2004,2.0,2004,0.4190233151107485,0.8669866088439611,0.1266666666666666,0.6178356081929336,12.466380951809448,0.7272727272727273,1.0
42309,16,dev,DEV_Med,2004,5.0,2003,1.0,1.0,0.2066666666666667,0.0,12.266316018209803,0.7272727272727273,1.0
42328,13,dev,DEV_Med,2007,5.0,2008,0.4190233151107485,0.8669866088439611,0.1266666666666666,0.6178356081929336,12.624891527128527,0.827027027027027,1.0
42328,16,dev,DEV_Med,2007,3.0,2007,1.0,1.0,0.2066666666666667,0.0,12.3676301129714,0.827027027027027,1.0
42328,20,dev,DEV_Med,2007,4.0,2007,0.1430448780302194,0.5199065083557681,0.0233333333333333,0.0,11.332194642287623,0.827027027027027,1.0
42328,33,dev,DEV_Med,2007,3.0,2008,0.0281553368995909,0.130389795590317,0.0033333333333333,0.0,14.747540378013614,0.827027027027027,0.0
42328,36,dev,DEV_Med,2007,2.0,2009,0.114301361396536,0.6719201570053874,0.1333333333333333,0.3235434077967242,11.43460710309093,0.827027027027027,0.0
42376,22,heldout_cohort,DEV_CS,2012,40.0,2012,0.2427178906876991,0.2868271671031237,0.06,0.0154378588776776,14.14411621977538,0.6451612903225806,1.0
42376,26,heldout_cohort,DEV_CS,2012,2.0,2014,0.1700134038327895,0.5985764093369916,0.1366666666666667,1.4630050170651157,11.736748785189196,0.6451612903225806,0.0
42376,33,heldout_cohort,DEV_CS,2012,8.0,2011,0.0281553368995909,0.130389795590317,0.0033333333333333,0.0,15.060979561483409,0.6451612903225806,1.0
42409,17,heldout_cohort,DEV_Eng,2013,10.0,2013,0.0972089563793993,0.4363827113448261,0.0,0.0154378588776776,12.680482179507376,0.4154929577464789,1.0
42409,33,heldout_cohort,DEV_Eng,2013,4.0,2014,0.0281553368995909,0.130389795590317,0.0033333333333333,0.485633402675643,15.105906166104626,0.4154929577464789,0.0
42470,16,heldout_field,Physical,2007,8.0,1999,1.0,1.0,0.2066666666666667,1.4182304837330029,12.3676301129714,0.8034188034188035,1.0
42470,22,heldout_field,Physical,2007,20.0,1998,0.2427178906876991,0.2868271671031237,0.06,0.5217987992617263,13.745975039270956,0.8034188034188035,1.0
42470,31,heldout_field,Physical,2007,6.0,2007,0.4858337648309395,0.6107235613440025,0.1866666666666666,1.1900663955881765,12.611504419749435,0.8034188034188035,1.0
42629,13,heldout_field,LifeEnv,2003,5.0,2005,0.4190233151107485,0.8669866088439611,0.1266666666666666,0.4093513268980359,12.439051669616466,0.8064516129032258,1.0
42629,19,heldout_field,LifeEnv,2003,2.0,2002,0.2047677761595473,0.3978920311208057,0.0633333333333333,0.7658036618018162,11.401725711878004,0.8064516129032258,1.0
42658,13,heldout_cohort,DEV_Med,2014,8.0,2014,0.4190233151107485,0.8669866088439611,0.1266666666666666,0.6178356081929336,12.892585366653948,0.8693467336683417,1.0
42658,20,heldout_cohort,DEV_Med,2014,12.0,2015,0.1430448780302194,0.5199065083557681,0.0233333333333333,0.0,11.75433320589002,0.8693467336683417,0.0
42720,13,dev,DEV_Med,2009,14.0,2003,0.4190233151107485,0.8669866088439611,0.1266666666666666,0.6178356081929336,12.709269242131674,0.875,1.0
42720,35,dev,DEV_Med,2009,3.0,2009,0.1143327370569605,0.4022995149817261,0.04,0.8766510228771948,10.575870643743343,0.875,1.0
42761,16,dev,DEV_Med,2006,2.0,2007,1.0,1.0,0.2066666666666667,0.0,12.33804344606407,0.8308823529411765,1.0
42761,20,dev,DEV_Med,2006,2.0,2008,0.1430448780302194,0.5199065083557681,0.0233333333333333,0.0,11.284970356658796,0.8308823529411765,1.0
42761,33,dev,DEV_Med,2006,2.0,2008,0.0281553368995909,0.130389795590317,0.0033333333333333,0.0,14.676509697109008,0.8308823529411765,1.0
42890,13,dev,DEV_Med,2009,2.0,2009,0.4190233151107485,0.8669866088439611,0.1266666666666666,0.6178356081929336,12.709269242131674,0.888,1.0
42951,28,dev,DEV_BGM,2009,5.0,2010,0.1756430657565985,0.5521514721963489,0.0633333333333333,0.787433682626453,11.455179819920248,0.8504672897196262,1.0
43007,11,dev,DEV_BGM,2007,14.0,2004,0.284099881223133,0.6765171582584101,0.1633333333333333,0.8187026537960718,12.570090563724165,0.8333333333333334,1.0
43007,27,dev,DEV_BGM,2007,6.0,2007,0.2997225030505457,0.811891838394721,0.0633333333333333,0.6178356081929336,14.270774210544406,0.8333333333333334,1.0
43091,14,heldout_field,Social,2005,3.0,2006,0.0771156548797982,0.4276835185413574,0.0,0.0542821830537903,11.198392786467558,0.3061224489795918,0.0
43091,20,heldout_field,Social,2005,3.0,2004,0.1430448780302194,0.5199065083557681,0.0233333333333333,0.0754621315346449,11.236855707846614,0.3061224489795918,1.0
43093,17,heldout_cohort,DEV_Med,2011,12.0,2010,0.0972089563793993,0.4363827113448261,0.0,0.0,12.569040745955352,0.4586776859504132,1.0
43093,22,heldout_cohort,DEV_Med,2011,5.0,2012,0.2427178906876991,0.2868271671031237,0.06,0.0,14.068122810373664,0.4586776859504132,1.0
43093,32,heldout_cohort,DEV_Med,2011,2.0,2013,0.0701142639339837,0.4272871063158311,0.0333333333333333,0.0,11.804878404272657,0.4586776859504132,1.0
43093,33,heldout_cohort,DEV_Med,2011,9.0,2012,0.0281553368995909,0.130389795590317,0.0033333333333333,0.0,15.005092407444348,0.4586776859504132,1.0
43093,36,heldout_cohort,DEV_Med,2011,40.0,2010,0.114301361396536,0.6719201570053874,0.1333333333333333,0.3235434077967242,11.667344680167208,0.4586776859504132,1.0
43198,13,dev,DEV_Med,2003,6.0,2004,0.4190233151107485,0.8669866088439611,0.1266666666666666,0.6178356081929336,12.439051669616466,0.7184466019417476,1.0
43339,13,heldout_cohort,DEV_Med,2011,19.0,2011,0.4190233151107485,0.8669866088439611,0.1266666666666666,0.6178356081929336,12.804123123497911,0.8518518518518519,1.0
43339,16,heldout_cohort,DEV_Med,2011,2.0,2011,1.0,1.0,0.2066666666666667,0.0,12.442535105090382,0.8518518518518519,1.0
43339,20,heldout_cohort,DEV_Med,2011,5.0,2013,0.1430448780302194,0.5199065083557681,0.0233333333333333,0.0,11.575712453068991,0.8518518518518519,1.0
43349,17,heldout_cohort,DEV_Eng,2010,10.0,2010,0.0972089563793993,0.4363827113448261,0.0,0.0154378588776776,12.50288664472689,0.7806451612903226,1.0
43349,33,heldout_cohort,DEV_Eng,2010,6.0,2009,0.0281553368995909,0.130389795590317,0.0033333333333333,0.485633402675643,14.94472382406726,0.7806451612903226,1.0
43513,12,heldout_field,Social,2007,14.0,2004,0.0253491030341127,0.2254857952433978,0.0166666666666666,0.22890238745797,12.590263043359483,0.5134099616858238,1.0
43513,17,heldout_field,Social,2007,21.0,2007,0.0972089563793993,0.4363827113448261,0.0,0.0,12.205492477265109,0.5134099616858238,1.0
43513,22,heldout_field,Social,2007,10.0,2006,0.2427178906876991,0.2868271671031237,0.06,0.485633402675643,13.745975039270956,0.5134099616858238,1.0
43513,23,heldout_field,Social,2007,2.0,2009,0.2945059638214947,0.6059324491300307,0.1666666666666666,0.0,12.249424237918277,0.5134099616858238,0.0
43513,27,heldout_field,Social,2007,2.0,2009,0.2997225030505457,0.811891838394721,0.0633333333333333,0.0,14.270774210544406,0.5134099616858238,1.0
43629,13,dev,DEV_Med,2006,21.0,2006,0.4190233151107485,0.8669866088439611,0.1266666666666666,0.6178356081929336,12.568494544045372,0.8725961538461539,1.0
43629,16,dev,DEV_Med,2006,3.0,2007,1.0,1.0,0.2066666666666667,0.0,12.33804344606407,0.8725961538461539,1.0
43629,20,dev,DEV_Med,2006,8.0,2007,0.1430448780302194,0.5199065083557681,0.0233333333333333,0.0,11.284970356658796,0.8725961538461539,1.0
43629,33,dev,DEV_Med,2006,5.0,2007,0.0281553368995909,0.130389795590317,0.0033333333333333,0.0,14.676509697109008,0.8725961538461539,1.0
43629,36,dev,DEV_Med,2006,2.0,2008,0.114301361396536,0.6719201570053874,0.1333333333333333,0.3235434077967242,11.317141697887028,0.8725961538461539,0.0
43679,20,dev,DEV_Med,2004,2.0,2006,0.1430448780302194,0.5199065083557681,0.0233333333333333,0.0,11.181932191381277,0.8441558441558441,1.0
43680,13,heldout_cohort,DEV_Med,2013,2.0,2015,0.4190233151107485,0.8669866088439611,0.1266666666666666,0.6178356081929336,12.855894701351746,0.8102564102564103,1.0
43680,20,heldout_cohort,DEV_Med,2013,10.0,2014,0.1430448780302194,0.5199065083557681,0.0233333333333333,0.0,11.692041890815236,0.8102564102564103,1.0
43680,24,heldout_cohort,DEV_Med,2013,2.0,2015,0.2764936642372434,0.6093573920911397,0.0166666666666666,1.011613291875562,10.407771828258696,0.8102564102564103,0.0
43685,20,heldout_field,Social,2003,8.0,2003,0.1430448780302194,0.5199065083557681,0.0233333333333333,0.0754621315346449,11.117806648916208,0.3247422680412371,1.0
43685,23,heldout_field,Social,2003,4.0,2005,0.2945059638214947,0.6059324491300307,0.1666666666666666,0.0,12.00099000953362,0.3247422680412371,1.0
43685,27,heldout_field,Social,2003,11.0,2004,0.2997225030505457,0.811891838394721,0.0633333333333333,0.0,13.91359960042358,0.3247422680412371,1.0
43685,36,heldout_field,Social,2003,2.0,2005,0.114301361396536,0.6719201570053874,0.1333333333333333,0.0,12.28882705782252,0.3247422680412371,1.0
43738,20,dev,DEV_Med,2009,8.0,2008,0.1430448780302194,0.5199065083557681,0.0233333333333333,0.0,11.456069358372018,0.75,1.0
43741,16,dev,DEV_Med,2009,4.0,2011,1.0,1.0,0.2066666666666667,0.0,12.39853428415034,0.7840909090909091,1.0
43741,20,dev,DEV_Med,2009,3.0,2010,0.1430448780302194,0.5199065083557681,0.0233333333333333,0.0,11.456069358372018,0.7840909090909091,0.0
43741,33,dev,DEV_Med,2009,3.0,2010,0.0281553368995909,0.130389795590317,0.0033333333333333,0.0,14.879776023424252,0.7840909090909091,0.0
43795,20,dev,DEV_Med,2004,7.0,2004,0.1430448780302194,0.5199065083557681,0.0233333333333333,0.0,11.181932191381277,0.87109375,1.0
43795,35,dev,DEV_Med,2004,2.0,2005,0.1143327370569605,0.4022995149817261,0.04,0.8766510228771948,10.16542865055825,0.87109375,0.0
43798,13,heldout_cohort,DEV_Med,2014,53.0,2013,0.4190233151107485,0.8669866088439611,0.1266666666666666,0.6178356081929336,12.892585366653948,0.8062015503875969,1.0
43798,16,heldout_cohort,DEV_Med,2014,4.0,2016,1.0,1.0,0.2066666666666667,0.0,12.539017238756038,0.8062015503875969,1.0
43798,22,heldout_cohort,DEV_Med,2014,3.0,2016,0.2427178906876991,0.2868271671031237,0.06,0.0,14.236799801419323,0.8062015503875969,1.0
43798,33,heldout_cohort,DEV_Med,2014,2.0,2004,0.0281553368995909,0.130389795590317,0.0033333333333333,0.0,15.14241976318739,0.8062015503875969,1.0
43828,13,dev,DEV_Med,2005,21.0,2006,0.4190233151107485,0.8669866088439611,0.1266666666666666,0.6178356081929336,12.527764763771938,0.956140350877193,1.0
43828,20,dev,DEV_Med,2005,2.0,2007,0.1430448780302194,0.5199065083557681,0.0233333333333333,0.0,11.236855707846614,0.956140350877193,1.0
43852,22,dev,DEV_CS,2003,2.0,2005,0.2427178906876991,0.2868271671031237,0.06,0.0154378588776776,13.304683267530228,0.4195804195804196,1.0
43852,33,dev,DEV_CS,2003,28.0,2002,0.0281553368995909,0.130389795590317,0.0033333333333333,0.0,14.439861633391784,0.4195804195804196,1.0
43893,13,heldout_cohort,DEV_Med,2014,5.0,2016,0.4190233151107485,0.8669866088439611,0.1266666666666666,0.6178356081929336,12.892585366653948,0.8585365853658536,1.0
43893,33,heldout_cohort,DEV_Med,2014,5.0,2011,0.0281553368995909,0.130389795590317,0.0033333333333333,0.0,15.14241976318739,0.8585365853658536,1.0
43912,13,dev,DEV_Med,2003,12.0,2003,0.4190233151107485,0.8669866088439611,0.1266666666666666,0.6178356081929336,12.439051669616466,0.7448275862068966,1.0
43912,16,dev,DEV_Med,2003,7.0,2004,1.0,1.0,0.2066666666666667,0.0,12.23500503802586,0.7448275862068966,0.0
43912,28,dev,DEV_Med,2003,3.0,2004,0.1756430657565985,0.5521514721963489,0.0633333333333333,0.6722590635576315,11.24297852454132,0.7448275862068966,1.0
43912,33,dev,DEV_Med,2003,26.0,1998,0.0281553368995909,0.130389795590317,0.0033333333333333,0.0,14.439861633391784,0.7448275862068966,1.0
44030,33,dev,DEV_Med,2004,4.0,2006,0.0281553368995909,0.130389795590317,0.0033333333333333,0.0,14.524249059725388,0.875968992248062,1.0
44096,20,dev,DEV_Med,2006,6.0,2006,0.1430448780302194,0.5199065083557681,0.0233333333333333,0.0,11.284970356658796,0.84472049689441,1.0
44096,24,dev,DEV_Med,2006,3.0,2007,0.2764936642372434,0.6093573920911397,0.0166666666666666,1.011613291875562,10.204295601206814,0.84472049689441,1.0
44096,33,dev,DEV_Med,2006,2.0,2006,0.0281553368995909,0.130389795590317,0.0033333333333333,0.0,14.676509697109008,0.84472049689441,0.0
44130,11,heldout_cohort,DEV_Eng,2011,3.0,2012,0.284099881223133,0.6765171582584101,0.1633333333333333,0.0,12.980198249691082,0.680672268907563,1.0
44130,16,heldout_cohort,DEV_Eng,2011,5.0,2009,1.0,1.0,0.2066666666666667,0.0,12.442535105090382,0.680672268907563,1.0
44130,23,heldout_cohort,DEV_Eng,2011,17.0,2011,0.2945059638214947,0.6059324491300307,0.1666666666666666,0.0,12.49210085109777,0.680672268907563,1.0
44130,25,heldout_cohort,DEV_Eng,2011,6.0,2007,0.9592210826637104,0.9720631816283668,0.1466666666666666,0.5217987992617263,12.10157287043999,0.680672268907563,1.0
44130,33,heldout_cohort,DEV_Eng,2011,2.0,2013,0.0281553368995909,0.130389795590317,0.0033333333333333,0.485633402675643,15.005092407444348,0.680672268907563,0.0
44333,12,heldout_field,Social,2006,4.0,2005,0.0253491030341127,0.2254857952433978,0.0166666666666666,0.22890238745797,12.552502285115333,0.2938388625592417,1.0
44333,14,heldout_field,Social,2006,2.0,2007,0.0771156548797982,0.4276835185413574,0.0,0.0542821830537903,11.32804062577311,0.2938388625592417,1.0
44333,17,heldout_field,Social,2006,2.0,2008,0.0972089563793993,0.4363827113448261,0.0,0.0,12.071449228292328,0.2938388625592417,1.0
44333,27,heldout_field,Social,2006,2.0,2007,0.2997225030505457,0.811891838394721,0.0633333333333333,0.0,14.168192841833266,0.2938388625592417,0.0
44333,36,heldout_field,Social,2006,3.0,2007,0.114301361396536,0.6719201570053874,0.1333333333333333,0.0,11.317141697887028,0.2938388625592417,0.0
44519,13,heldout_cohort,DEV_Med,2010,22.0,2010,0.4190233151107485,0.8669866088439611,0.1266666666666666,0.6178356081929336,12.757647621178007,0.6756756756756757,1.0
44519,20,heldout_cohort,DEV_Med,2010,8.0,2010,0.1430448780302194,0.5199065083557681,0.0233333333333333,0.0,11.52046695630357,0.6756756756756757,1.0
44519,33,heldout_cohort,DEV_Med,2010,6.0,2008,0.0281553368995909,0.130389795590317,0.0033333333333333,0.0,14.94472382406726,0.6756756756756757,1.0
44519,36,heldout_cohort,DEV_Med,2010,3.0,2011,0.114301361396536,0.6719201570053874,0.1333333333333333,0.3235434077967242,11.593112777572584,0.6756756756756757,1.0
44711,13,heldout_cohort,DEV_Med,2014,8.0,2015,0.4190233151107485,0.8669866088439611,0.1266666666666666,0.6178356081929336,12.892585366653948,0.7816901408450704,1.0
44711,16,heldout_cohort,DEV_Med,2014,3.0,2016,1.0,1.0,0.2066666666666667,0.0,12.539017238756038,0.7816901408450704,1.0
44711,20,heldout_cohort,DEV_Med,2014,4.0,2016,0.1430448780302194,0.5199065083557681,0.0233333333333333,0.0,11.75433320589002,0.7816901408450704,1.0
44745,13,heldout_cohort,DEV_Med,2014,7.0,2015,0.4190233151107485,0.8669866088439611,0.1266666666666666,0.6178356081929336,12.892585366653948,0.8320610687022901,1.0
44745,16,heldout_cohort,DEV_Med,2014,3.0,2015,1.0,1.0,0.2066666666666667,0.0,12.539017238756038,0.8320610687022901,0.0
44745,20,heldout_cohort,DEV_Med,2014,4.0,2015,0.1430448780302194,0.5199065083557681,0.0233333333333333,0.0,11.75433320589002,0.8320610687022901,1.0
44926,13,heldout_field,LifeEnv,2009,31.0,2008,0.4190233151107485,0.8669866088439611,0.1266666666666666,0.8187026537960718,12.709269242131674,0.7567567567567568,1.0
44926,27,heldout_field,LifeEnv,2009,9.0,2009,0.2997225030505457,0.811891838394721,0.0633333333333333,0.0,14.435647701880198,0.7567567567567568,1.0
44926,33,heldout_field,LifeEnv,2009,3.0,2011,0.0281553368995909,0.130389795590317,0.0033333333333333,0.0,14.879776023424252,0.7567567567567568,1.0
44931,20,heldout_cohort,DEV_Med,2014,22.0,2015,0.1430448780302194,0.5199065083557681,0.0233333333333333,0.0,11.75433320589002,0.8209606986899564,1.0
44931,33,heldout_cohort,DEV_Med,2014,2.0,2015,0.0281553368995909,0.130389795590317,0.0033333333333333,0.0,15.14241976318739,0.8209606986899564,1.0
45040,22,dev,DEV_Med,2004,2.0,2006,0.2427178906876991,0.2868271671031237,0.06,0.0,13.417321415701789,0.897196261682243,1.0
45040,35,dev,DEV_Med,2004,42.0,2003,0.1143327370569605,0.4022995149817261,0.04,0.8766510228771948,10.16542865055825,0.897196261682243,1.0
45108,20,heldout_cohort,DEV_Med,2014,11.0,2014,0.1430448780302194,0.5199065083557681,0.0233333333333333,0.0,11.75433320589002,0.8442622950819673,1.0
45143,16,dev,DEV_Med,2006,3.0,2003,1.0,1.0,0.2066666666666667,0.0,12.33804344606407,0.851063829787234,1.0
45143,36,dev,DEV_Med,2006,2.0,2008,0.114301361396536,0.6719201570053874,0.1333333333333333,0.3235434077967242,11.317141697887028,0.851063829787234,1.0
45189,13,dev,DEV_Eng,2008,3.0,2010,0.4190233151107485,0.8669866088439611,0.1266666666666666,0.0,12.652900401978972,0.7307692307692307,1.0
45189,17,dev,DEV_Eng,2008,21.0,2008,0.0972089563793993,0.4363827113448261,0.0,0.0154378588776776,12.332242634385866,0.7307692307692307,1.0
45189,19,dev,DEV_Eng,2008,3.0,2009,0.2047677761595473,0.3978920311208057,0.0633333333333333,0.0,11.670168501387646,0.7307692307692307,1.0
45189,26,dev,DEV_Eng,2008,2.0,2010,0.1700134038327895,0.5985764093369916,0.1366666666666667,0.0,11.532139683894032,0.7307692307692307,1.0
45189,27,dev,DEV_Eng,2008,6.0,2009,0.2997225030505457,0.811891838394721,0.0633333333333333,0.0,14.342163860552343,0.7307692307692307,1.0
45189,31,dev,DEV_Eng,2008,13.0,2007,0.4858337648309395,0.6107235613440025,0.1866666666666666,0.1678122609793912,12.640717843400664,0.7307692307692307,1.0
45189,33,dev,DEV_Eng,2008,4.0,2008,0.0281553368995909,0.130389795590317,0.0033333333333333,0.485633402675643,14.81428556829688,0.7307692307692307,1.0
45274,13,heldout_cohort,DEV_Med,2011,2.0,2011,0.4190233151107485,0.8669866088439611,0.1266666666666666,0.6178356081929336,12.804123123497911,0.8658536585365854,1.0
45274,33,heldout_cohort,DEV_Med,2011,21.0,2011,0.0281553368995909,0.130389795590317,0.0033333333333333,0.0,15.005092407444348,0.8658536585365854,1.0
45304,13,heldout_cohort,DEV_Med,2012,7.0,2014,0.4190233151107485,0.8669866088439611,0.1266666666666666,0.6178356081929336,12.833995736670976,0.8368200836820083,1.0
45304,20,heldout_cohort,DEV_Med,2012,3.0,2014,0.1430448780302194,0.5199065083557681,0.0233333333333333,0.0,11.644041442827763,0.8368200836820083,1.0
45431,14,heldout_field,Social,2005,2.0,2007,0.0771156548797982,0.4276835185413574,0.0,0.0542821830537903,11.198392786467558,0.5033557046979866,1.0
45431,17,heldout_field,Social,2005,2.0,2007,0.0972089563793993,0.4363827113448261,0.0,0.0,11.91333782944174,0.5033557046979866,1.0
45431,22,heldout_field,Social,2005,6.0,2006,0.2427178906876991,0.2868271671031237,0.06,0.485633402675643,13.529160930746272,0.5033557046979866,0.0
45431,27,heldout_field,Social,2005,2.0,2006,0.2997225030505457,0.811891838394721,0.0633333333333333,0.0,14.068090962336957,0.5033557046979866,0.0
45625,20,heldout_field,LifeEnv,2008,22.0,1999,0.1430448780302194,0.5199065083557681,0.0233333333333333,0.0,11.394006784713552,0.3989361702127659,1.0
45625,27,heldout_field,LifeEnv,2008,8.0,2007,0.2997225030505457,0.811891838394721,0.0633333333333333,0.0,14.342163860552343,0.3989361702127659,1.0
45625,33,heldout_field,LifeEnv,2008,14.0,1999,0.0281553368995909,0.130389795590317,0.0033333333333333,0.0,14.81428556829688,0.3989361702127659,1.0
45680,13,heldout_cohort,LifeEnv,2013,22.0,2001,0.4190233151107485,0.8669866088439611,0.1266666666666666,0.0,12.855894701351746,0.7401574803149606,1.0
45696,16,heldout_cohort,DEV_Med,2010,6.0,2010,1.0,1.0,0.2066666666666667,0.0,12.417507921712224,0.5299145299145299,1.0
45696,28,heldout_cohort,DEV_Med,2010,10.0,2011,0.1756430657565985,0.5521514721963489,0.0633333333333333,0.6722590635576315,11.532463351343267,0.5299145299145299,1.0
45696,36,heldout_cohort,DEV_Med,2010,2.0,2011,0.114301361396536,0.6719201570053874,0.1333333333333333,0.3235434077967242,11.593112777572584,0.5299145299145299,0.0
45740,33,dev,DEV_Med,2005,11.0,2005,0.0281553368995909,0.130389795590317,0.0033333333333333,0.0,14.600690736046182,0.7983870967741935,1.0
45802,27,heldout_field,Social,2004,4.0,2003,0.2997225030505457,0.811891838394721,0.0633333333333333,0.0,13.979124887292532,0.6842105263157895,1.0
45802,33,heldout_field,Social,2004,6.0,2004,0.0281553368995909,0.130389795590317,0.0033333333333333,0.0344014276474956,14.524249059725388,0.6842105263157895,1.0
45815,13,dev,DEV_Med,2004,25.0,2003,0.4190233151107485,0.8669866088439611,0.1266666666666666,0.6178356081929336,12.466380951809448,0.851145038167939,1.0
45815,33,dev,DEV_Med,2004,8.0,2005,0.0281553368995909,0.130389795590317,0.0033333333333333,0.0,14.524249059725388,0.851145038167939,1.0
45854,13,dev,DEV_Med,2006,3.0,2004,0.4190233151107485,0.8669866088439611,0.1266666666666666,0.6178356081929336,12.568494544045372,0.6949152542372882,0.0
45854,20,dev,DEV_Med,2006,2.0,2008,0.1430448780302194,0.5199065083557681,0.0233333333333333,0.0,11.284970356658796,0.6949152542372882,1.0
45854,33,dev,DEV_Med,2006,2.0,2007,0.0281553368995909,0.130389795590317,0.0033333333333333,0.0,14.676509697109008,0.6949152542372882,0.0
45854,36,dev,DEV_Med,2006,5.0,2007,0.114301361396536,0.6719201570053874,0.1333333333333333,0.3235434077967242,11.317141697887028,0.6949152542372882,1.0
45953,13,heldout_cohort,DEV_Med,2014,10.0,2015,0.4190233151107485,0.8669866088439611,0.1266666666666666,0.6178356081929336,12.892585366653948,0.8328571428571429,1.0
45953,20,heldout_cohort,DEV_Med,2014,28.0,2015,0.1430448780302194,0.5199065083557681,0.0233333333333333,0.0,11.75433320589002,0.8328571428571429,1.0
45953,24,heldout_cohort,DEV_Med,2014,6.0,2016,0.2764936642372434,0.6093573920911397,0.0166666666666666,1.011613291875562,10.47036264215314,0.8328571428571429,1.0
45953,33,heldout_cohort,DEV_Med,2014,14.0,2014,0.0281553368995909,0.130389795590317,0.0033333333333333,0.0,15.14241976318739,0.8328571428571429,1.0
45958,13,heldout_cohort,DEV_Med,2011,4.0,2012,0.4190233151107485,0.8669866088439611,0.1266666666666666,0.6178356081929336,12.804123123497911,0.8142076502732241,1.0
45958,20,heldout_cohort,DEV_Med,2011,2.0,2013,0.1430448780302194,0.5199065083557681,0.0233333333333333,0.0,11.575712453068991,0.8142076502732241,0.0
46067,13,heldout_cohort,DEV_Med,2014,7.0,2015,0.4190233151107485,0.8669866088439611,0.1266666666666666,0.6178356081929336,12.892585366653948,0.8592436974789915,1.0
46067,20,heldout_cohort,DEV_Med,2014,19.0,2015,0.1430448780302194,0.5199065083557681,0.0233333333333333,0.0,11.75433320589002,0.8592436974789915,1.0
46067,24,heldout_cohort,DEV_Med,2014,6.0,2015,0.2764936642372434,0.6093573920911397,0.0166666666666666,1.011613291875562,10.47036264215314,0.8592436974789915,1.0
46067,33,heldout_cohort,DEV_Med,2014,5.0,2015,0.0281553368995909,0.130389795590317,0.0033333333333333,0.0,15.14241976318739,0.8592436974789915,1.0
46174,11,heldout_cohort,Social,2014,3.0,2014,0.284099881223133,0.6765171582584101,0.1633333333333333,0.0,13.094437041963488,0.54,1.0
46174,14,heldout_cohort,Social,2014,2.0,2016,0.0771156548797982,0.4276835185413574,0.0,0.0542821830537903,12.042771056893448,0.54,1.0
46174,20,heldout_cohort,Social,2014,8.0,2001,0.1430448780302194,0.5199065083557681,0.0233333333333333,0.0754621315346449,11.75433320589002,0.54,1.0
46185,20,heldout_cohort,OtherHealth,2013,5.0,2010,0.1430448780302194,0.5199065083557681,0.0233333333333333,0.2731819003760189,11.692041890815236,0.6133333333333333,1.0
46185,27,heldout_cohort,OtherHealth,2013,5.0,2011,0.2997225030505457,0.811891838394721,0.0633333333333333,0.3235434077967242,14.625370868702468,0.6133333333333333,1.0
46185,32,heldout_cohort,OtherHealth,2013,10.0,2000,0.0701142639339837,0.4272871063158311,0.0333333333333333,0.8426621224598406,11.907349847961411,0.6133333333333333,1.0
46185,33,heldout_cohort,OtherHealth,2013,9.0,2001,0.0281553368995909,0.130389795590317,0.0033333333333333,0.0,15.105906166104626,0.6133333333333333,1.0
46199,13,heldout_cohort,DEV_Eng,2014,12.0,2014,0.4190233151107485,0.8669866088439611,0.1266666666666666,0.0,12.892585366653948,0.8833087149187593,1.0
46199,16,heldout_cohort,DEV_Eng,2014,53.0,2014,1.0,1.0,0.2066666666666667,0.0,12.539017238756038,0.8833087149187593,1.0
46199,21,heldout_cohort,DEV_Eng,2014,16.0,2015,0.6216695741835017,0.6994573690000285,0.1133333333333333,0.2821142991842985,8.094683648698815,0.8833087149187593,1.0
46199,25,heldout_cohort,DEV_Eng,2014,129.0,2013,0.9592210826637104,0.9720631816283668,0.1466666666666666,0.5217987992617263,12.292314559892684,0.8833087149187593,1.0
46199,31,heldout_cohort,DEV_Eng,2014,17.0,2015,0.4858337648309395,0.6107235613440025,0.1866666666666666,0.1678122609793912,12.740906745479558,0.8833087149187593,1.0
46199,33,heldout_cohort,DEV_Eng,2014,6.0,2015,0.0281553368995909,0.130389795590317,0.0033333333333333,0.485633402675643,15.14241976318739,0.8833087149187593,1.0
46286,13,heldout_cohort,DEV_Med,2011,7.0,2011,0.4190233151107485,0.8669866088439611,0.1266666666666666,0.6178356081929336,12.804123123497911,0.7865853658536586,1.0
46291,13,dev,DEV_Med,2007,12.0,2007,0.4190233151107485,0.8669866088439611,0.1266666666666666,0.6178356081929336,12.624891527128527,0.9128205128205128,1.0
46291,33,dev,DEV_Med,2007,4.0,2008,0.0281553368995909,0.130389795590317,0.0033333333333333,0.0,14.747540378013614,0.9128205128205128,1.0
46304,17,dev,DEV_Eng,2005,3.0,2004,0.0972089563793993,0.4363827113448261,0.0,0.0154378588776776,11.91333782944174,0.9101123595505618,1.0
46391,20,dev,DEV_Med,2004,13.0,2000,0.1430448780302194,0.5199065083557681,0.0233333333333333,0.0,11.181932191381277,0.8914473684210527,1.0
46391,24,dev,DEV_Med,2004,2.0,2006,0.2764936642372434,0.6093573920911397,0.0166666666666666,1.011613291875562,10.10659164851261,0.8914473684210527,1.0
46462,11,heldout_cohort,DEV_CS,2011,2.0,2012,0.284099881223133,0.6765171582584101,0.1633333333333333,0.0,12.980198249691082,0.867816091954023,1.0
46462,13,heldout_cohort,DEV_CS,2011,2.0,2009,0.4190233151107485,0.8669866088439611,0.1266666666666666,0.0,12.804123123497911,0.867816091954023,1.0
46462,22,heldout_cohort,DEV_CS,2011,82.0,2007,0.2427178906876991,0.2868271671031237,0.06,0.0154378588776776,14.068122810373664,0.867816091954023,1.0
46462,26,heldout_cohort,DEV_CS,2011,2.0,2013,0.1700134038327895,0.5985764093369916,0.1366666666666667,1.4630050170651157,11.679769527580309,0.867816091954023,1.0
46462,27,heldout_cohort,DEV_CS,2011,3.0,2009,0.2997225030505457,0.811891838394721,0.0633333333333333,0.0,14.575169000029328,0.867816091954023,1.0
46462,28,heldout_cohort,DEV_CS,2011,2.0,2012,0.1756430657565985,0.5521514721963489,0.0633333333333333,0.0,11.674261695355048,0.867816091954023,1.0
46462,31,heldout_cohort,DEV_CS,2011,5.0,2011,0.4858337648309395,0.6107235613440025,0.1866666666666666,0.0,12.699725660467449,0.867816091954023,1.0
46462,33,heldout_cohort,DEV_CS,2011,2.0,2012,0.0281553368995909,0.130389795590317,0.0033333333333333,0.0,15.005092407444348,0.867816091954023,1.0
46473,13,dev,DEV_Med,2003,18.0,2002,0.4190233151107485,0.8669866088439611,0.1266666666666666,0.6178356081929336,12.439051669616466,0.8259109311740891,1.0
46473,33,dev,DEV_Med,2003,8.0,2002,0.0281553368995909,0.130389795590317,0.0033333333333333,0.0,14.439861633391784,0.8259109311740891,1.0
46541,13,heldout_cohort,DEV_Med,2014,6.0,2014,0.4190233151107485,0.8669866088439611,0.1266666666666666,0.6178356081929336,12.892585366653948,0.8777292576419214,1.0
46541,20,heldout_cohort,DEV_Med,2014,10.0,2016,0.1430448780302194,0.5199065083557681,0.0233333333333333,0.0,11.75433320589002,0.8777292576419214,1.0
46560,13,heldout_cohort,DEV_Med,2012,3.0,2014,0.4190233151107485,0.8669866088439611,0.1266666666666666,0.6178356081929336,12.833995736670976,0.8814432989690721,0.0
46666,33,dev,DEV_Med,2007,4.0,2008,0.0281553368995909,0.130389795590317,0.0033333333333333,0.0,14.747540378013614,0.8823529411764706,0.0
46760,24,heldout_cohort,DEV_Med,2011,7.0,2011,0.2764936642372434,0.6093573920911397,0.0166666666666666,1.011613291875562,10.4369353543384,0.8426395939086294,1.0
46760,33,heldout_cohort,DEV_Med,2011,3.0,2011,0.0281553368995909,0.130389795590317,0.0033333333333333,0.0,15.005092407444348,0.8426395939086294,1.0
46767,13,dev,DEV_Med,2008,10.0,2008,0.4190233151107485,0.8669866088439611,0.1266666666666666,0.6178356081929336,12.652900401978972,0.9605263157894736,1.0
46982,16,dev,DEV_Med,2009,3.0,2007,1.0,1.0,0.2066666666666667,0.0,12.39853428415034,0.8269230769230769,1.0
46982,20,dev,DEV_Med,2009,3.0,2010,0.1430448780302194,0.5199065083557681,0.0233333333333333,0.0,11.456069358372018,0.8269230769230769,1.0
47011,20,heldout_cohort,DEV_Med,2013,12.0,2015,0.1430448780302194,0.5199065083557681,0.0233333333333333,0.0,11.692041890815236,0.825136612021858,0.0
47055,11,dev,DEV_BGM,2006,4.0,2003,0.284099881223133,0.6765171582584101,0.1633333333333333,0.8187026537960718,12.480156428912768,0.4436619718309859,1.0
47055,16,dev,DEV_BGM,2006,6.0,2007,1.0,1.0,0.2066666666666667,0.5590303710714284,12.33804344606407,0.4436619718309859,1.0
47055,22,dev,DEV_BGM,2006,24.0,2004,0.2427178906876991,0.2868271671031237,0.06,0.0,13.635691068387873,0.4436619718309859,1.0
47055,23,dev,DEV_BGM,2006,5.0,2008,0.2945059638214947,0.6059324491300307,0.1666666666666666,0.0,12.157837827127732,0.4436619718309859,1.0
47055,33,dev,DEV_BGM,2006,4.0,2006,0.0281553368995909,0.130389795590317,0.0033333333333333,0.0,14.676509697109008,0.4436619718309859,1.0
47161,13,heldout_cohort,Physical,2014,13.0,2015,0.4190233151107485,0.8669866088439611,0.1266666666666666,0.0,12.892585366653948,0.9128440366972476,1.0
47161,22,heldout_cohort,Physical,2014,5.0,2016,0.2427178906876991,0.2868271671031237,0.06,0.1678122609793912,14.236799801419323,0.9128440366972476,1.0
47161,25,heldout_cohort,Physical,2014,5.0,2016,0.9592210826637104,0.9720631816283668,0.1466666666666666,1.1900663955881765,12.292314559892684,0.9128440366972476,1.0
47161,33,heldout_cohort,Physical,2014,3.0,2015,0.0281553368995909,0.130389795590317,0.0033333333333333,0.0,15.14241976318739,0.9128440366972476,1.0
47181,13,dev,DEV_Med,2007,16.0,2007,0.4190233151107485,0.8669866088439611,0.1266666666666666,0.6178356081929336,12.624891527128527,0.9090909090909092,1.0
47227,16,dev,DEV_Med,2008,3.0,2008,1.0,1.0,0.2066666666666667,0.0,12.383909159539456,0.8848484848484849,1.0
47227,20,dev,DEV_Med,2008,4.0,2010,0.1430448780302194,0.5199065083557681,0.0233333333333333,0.0,11.394006784713552,0.8848484848484849,0.0
47359,13,heldout_cohort,DEV_Eng,2011,4.0,2012,0.4190233151107485,0.8669866088439611,0.1266666666666666,0.0,12.804123123497911,0.6160714285714286,1.0
47359,16,heldout_cohort,DEV_Eng,2011,27.0,2004,1.0,1.0,0.2066666666666667,0.0,12.442535105090382,0.6160714285714286,1.0
47359,25,heldout_cohort,DEV_Eng,2011,16.0,2009,0.9592210826637104,0.9720631816283668,0.1466666666666666,0.5217987992617263,12.10157287043999,0.6160714285714286,1.0
47493,13,heldout_cohort,LifeEnv,2012,2.0,2014,0.4190233151107485,0.8669866088439611,0.1266666666666666,0.0,12.833995736670976,0.6274509803921569,1.0
47493,16,heldout_cohort,LifeEnv,2012,2.0,2014,1.0,1.0,0.2066666666666667,0.0,12.48678297173805,0.6274509803921569,1.0
47493,19,heldout_cohort,LifeEnv,2012,3.0,2014,0.2047677761595473,0.3978920311208057,0.0633333333333333,1.5316073236036325,11.904433626449189,0.6274509803921569,1.0
47493,33,heldout_cohort,LifeEnv,2012,3.0,2014,0.0281553368995909,0.130389795590317,0.0033333333333333,0.0,15.060979561483409,0.6274509803921569,1.0
47506,13,dev,DEV_Med,2008,7.0,2008,0.4190233151107485,0.8669866088439611,0.1266666666666666,0.6178356081929336,12.652900401978972,0.8594249201277955,1.0
47506,16,dev,DEV_Med,2008,5.0,2008,1.0,1.0,0.2066666666666667,0.0,12.383909159539456,0.8594249201277955,1.0
47506,20,dev,DEV_Med,2008,2.0,2008,0.1430448780302194,0.5199065083557681,0.0233333333333333,0.0,11.394006784713552,0.8594249201277955,1.0
47506,24,dev,DEV_Med,2008,3.0,2010,0.2764936642372434,0.6093573920911397,0.0166666666666666,1.011613291875562,10.306382694441655,0.8594249201277955,0.0
47506,33,dev,DEV_Med,2008,2.0,2009,0.0281553368995909,0.130389795590317,0.0033333333333333,0.0,14.81428556829688,0.8594249201277955,0.0
47529,17,heldout_field,Social,2003,10.0,2004,0.0972089563793993,0.4363827113448261,0.0,0.0,11.606789144551904,0.5878378378378378,1.0
47529,22,heldout_field,Social,2003,20.0,2003,0.2427178906876991,0.2868271671031237,0.06,0.485633402675643,13.304683267530228,0.5878378378378378,1.0
47590,13,dev,DEV_Med,2008,16.0,2007,0.4190233151107485,0.8669866088439611,0.1266666666666666,0.6178356081929336,12.652900401978972,0.8055555555555556,1.0
47755,13,dev,DEV_Med,2006,8.0,2007,0.4190233151107485,0.8669866088439611,0.1266666666666666,0.6178356081929336,12.568494544045372,0.9162112932604736,1.0
47755,24,dev,DEV_Med,2006,2.0,2008,0.2764936642372434,0.6093573920911397,0.0166666666666666,1.011613291875562,10.204295601206814,0.9162112932604736,1.0
47755,33,dev,DEV_Med,2006,4.0,2008,0.0281553368995909,0.130389795590317,0.0033333333333333,0.0,14.676509697109008,0.9162112932604736,1.0
47774,33,dev,DEV_Med,2003,4.0,2003,0.0281553368995909,0.130389795590317,0.0033333333333333,0.0,14.439861633391784,0.8631578947368421,1.0
47871,17,heldout_cohort,Social,2010,7.0,2009,0.0972089563793993,0.4363827113448261,0.0,0.0,12.50288664472689,0.5853658536585366,0.0
47871,22,heldout_cohort,Social,2010,4.0,2000,0.2427178906876991,0.2868271671031237,0.06,0.485633402675643,14.008620378276127,0.5853658536585366,0.0
47871,27,heldout_cohort,Social,2010,15.0,2004,0.2997225030505457,0.811891838394721,0.0633333333333333,0.0,14.51376069626012,0.5853658536585366,1.0
47997,20,dev,DEV_Med,2005,6.0,2005,0.1430448780302194,0.5199065083557681,0.0233333333333333,0.0,11.236855707846614,0.8703703703703703,1.0
48004,20,dev,DEV_Med,2005,4.0,2007,0.1430448780302194,0.5199065083557681,0.0233333333333333,0.0,11.236855707846614,0.9375,1.0
48007,12,heldout_cohort,DEV_CS,2011,3.0,2013,0.0253491030341127,0.2254857952433978,0.0166666666666666,0.0,12.794292549903853,0.3771428571428571,1.0
48007,13,heldout_cohort,DEV_CS,2011,2.0,2012,0.4190233151107485,0.8669866088439611,0.1266666666666666,0.0,12.804123123497911,0.3771428571428571,1.0
48007,14,heldout_cohort,DEV_CS,2011,2.0,2013,0.0771156548797982,0.4276835185413574,0.0,0.0456512589476855,11.75008236900279,0.3771428571428571,1.0
48007,19,heldout_cohort,DEV_CS,2011,2.0,2012,0.2047677761595473,0.3978920311208057,0.0633333333333333,0.1147502412044244,11.881276971738291,0.3771428571428571,1.0
48007,22,heldout_cohort,DEV_CS,2011,6.0,2012,0.2427178906876991,0.2868271671031237,0.06,0.0154378588776776,14.068122810373664,0.3771428571428571,1.0
48007,23,heldout_cohort,DEV_CS,2011,2.0,2013,0.2945059638214947,0.6059324491300307,0.1666666666666666,0.0,12.49210085109777,0.3771428571428571,1.0
48007,26,heldout_cohort,DEV_CS,2011,2.0,2013,0.1700134038327895,0.5985764093369916,0.1366666666666667,1.4630050170651157,11.679769527580309,0.3771428571428571,0.0
48007,27,heldout_cohort,DEV_CS,2011,3.0,2013,0.2997225030505457,0.811891838394721,0.0633333333333333,0.0,14.575169000029328,0.3771428571428571,1.0
48007,33,heldout_cohort,DEV_CS,2011,16.0,2011,0.0281553368995909,0.130389795590317,0.0033333333333333,0.0,15.005092407444348,0.3771428571428571,1.0
48007,36,heldout_cohort,DEV_CS,2011,2.0,2013,0.114301361396536,0.6719201570053874,0.1333333333333333,0.0,11.667344680167208,0.3771428571428571,0.0
48043,13,heldout_cohort,DEV_Med,2013,3.0,2014,0.4190233151107485,0.8669866088439611,0.1266666666666666,0.6178356081929336,12.855894701351746,0.7033898305084746,1.0
48043,16,heldout_cohort,DEV_Med,2013,2.0,2015,1.0,1.0,0.2066666666666667,0.0,12.509885169911266,0.7033898305084746,1.0
48043,20,heldout_cohort,DEV_Med,2013,4.0,2014,0.1430448780302194,0.5199065083557681,0.0233333333333333,0.0,11.692041890815236,0.7033898305084746,0.0
48043,36,heldout_cohort,DEV_Med,2013,2.0,2013,0.114301361396536,0.6719201570053874,0.1333333333333333,0.3235434077967242,11.822907044916777,0.7033898305084746,1.0
48171,16,dev,DEV_Med,2003,4.0,2002,1.0,1.0,0.2066666666666667,0.0,12.23500503802586,0.8837209302325582,1.0
48171,20,dev,DEV_Med,2003,3.0,2005,0.1430448780302194,0.5199065083557681,0.0233333333333333,0.0,11.117806648916208,0.8837209302325582,0.0
48171,28,dev,DEV_Med,2003,2.0,2005,0.1756430657565985,0.5521514721963489,0.0633333333333333,0.6722590635576315,11.24297852454132,0.8837209302325582,0.0
48195,13,dev,DEV_Med,2003,54.0,2003,0.4190233151107485,0.8669866088439611,0.1266666666666666,0.6178356081929336,12.439051669616466,0.8351822503961965,1.0
48195,20,dev,DEV_Med,2003,7.0,2003,0.1430448780302194,0.5199065083557681,0.0233333333333333,0.0,11.117806648916208,0.8351822503961965,1.0
48195,33,dev,DEV_Med,2003,65.0,2003,0.0281553368995909,0.130389795590317,0.0033333333333333,0.0,14.439861633391784,0.8351822503961965,1.0
48218,13,heldout_cohort,DEV_Med,2012,12.0,2013,0.4190233151107485,0.8669866088439611,0.1266666666666666,0.6178356081929336,12.833995736670976,0.8333333333333334,1.0
48218,20,heldout_cohort,DEV_Med,2012,4.0,2014,0.1430448780302194,0.5199065083557681,0.0233333333333333,0.0,11.644041442827763,0.8333333333333334,1.0
48262,22,heldout_field,Physical,2009,4.0,2010,0.2427178906876991,0.2868271671031237,0.06,0.0,13.940574578358742,0.8363636363636363,1.0
48262,25,heldout_field,Physical,2009,28.0,2006,0.9592210826637104,0.9720631816283668,0.1466666666666666,1.4182304837330029,12.005882390193737,0.8363636363636363,1.0
48262,31,heldout_field,Physical,2009,2.0,2007,0.4858337648309395,0.6107235613440025,0.1866666666666666,0.680365444901508,12.661967842237615,0.8363636363636363,1.0
48331,13,heldout_cohort,LifeEnv,2012,3.0,2006,0.4190233151107485,0.8669866088439611,0.1266666666666666,0.8187026537960718,12.833995736670976,0.8333333333333334,1.0
48331,23,heldout_cohort,LifeEnv,2012,3.0,2013,0.2945059638214947,0.6059324491300307,0.1666666666666666,0.9651779401213606,12.54566856978392,0.8333333333333334,1.0
48363,13,dev,DEV_Med,2009,10.0,2009,0.4190233151107485,0.8669866088439611,0.1266666666666666,0.6178356081929336,12.709269242131674,0.9203539823008848,1.0
48363,28,dev,DEV_Med,2009,5.0,2010,0.1756430657565985,0.5521514721963489,0.0633333333333333,0.6722590635576315,11.455179819920248,0.9203539823008848,1.0
48434,16,heldout_cohort,DEV_Med,2010,3.0,2012,1.0,1.0,0.2066666666666667,0.0,12.417507921712224,0.7712765957446809,1.0
48434,20,heldout_cohort,DEV_Med,2010,2.0,2012,0.1430448780302194,0.5199065083557681,0.0233333333333333,0.0,11.52046695630357,0.7712765957446809,1.0
48434,36,heldout_cohort,DEV_Med,2010,4.0,2012,0.114301361396536,0.6719201570053874,0.1333333333333333,0.3235434077967242,11.593112777572584,0.7712765957446809,1.0
48608,20,dev,DEV_Med,2004,6.0,2005,0.1430448780302194,0.5199065083557681,0.0233333333333333,0.0,11.181932191381277,0.881578947368421,1.0
48608,33,dev,DEV_Med,2004,2.0,2006,0.0281553368995909,0.130389795590317,0.0033333333333333,0.0,14.524249059725388,0.881578947368421,1.0
48811,33,heldout_field,Social,2006,26.0,2006,0.0281553368995909,0.130389795590317,0.0033333333333333,0.0344014276474956,14.676509697109008,0.7304347826086957,1.0
48827,20,heldout_cohort,DEV_Med,2013,3.0,2015,0.1430448780302194,0.5199065083557681,0.0233333333333333,0.0,11.692041890815236,0.7745098039215687,0.0
48876,14,heldout_cohort,Social,2010,7.0,2009,0.0771156548797982,0.4276835185413574,0.0,0.7053008237857123,11.695721908987394,0.5017543859649123,1.0
48876,22,heldout_cohort,Social,2010,3.0,2011,0.2427178906876991,0.2868271671031237,0.06,0.2428167013378215,14.008620378276127,0.5017543859649123,0.0
48892,19,heldout_field,Social,2008,4.0,2008,0.2047677761595473,0.3978920311208057,0.0633333333333333,0.0,11.670168501387646,0.4141414141414141,1.0
48892,20,heldout_field,Social,2008,3.0,2010,0.1430448780302194,0.5199065083557681,0.0233333333333333,0.0754621315346449,11.394006784713552,0.4141414141414141,1.0
48892,22,heldout_field,Social,2008,2.0,2010,0.2427178906876991,0.2868271671031237,0.06,0.485633402675643,13.849049777338868,0.4141414141414141,1.0
48892,23,heldout_field,Social,2008,4.0,2009,0.2945059638214947,0.6059324491300307,0.1666666666666666,0.0,12.326713815050091,0.4141414141414141,1.0
48957,16,dev,DEV_Med,2003,7.0,2000,1.0,1.0,0.2066666666666667,0.0,12.23500503802586,0.7987804878048781,1.0
48957,20,dev,DEV_Med,2003,7.0,2003,0.1430448780302194,0.5199065083557681,0.0233333333333333,0.0,11.117806648916208,0.7987804878048781,1.0
48957,28,dev,DEV_Med,2003,5.0,1995,0.1756430657565985,0.5521514721963489,0.0633333333333333,0.6722590635576315,11.24297852454132,0.7987804878048781,1.0
48957,32,dev,DEV_Med,2003,14.0,2002,0.0701142639339837,0.4272871063158311,0.0333333333333333,0.0,11.430445623229936,0.7987804878048781,1.0
49024,33,heldout_cohort,DEV_Med,2013,3.0,1998,0.0281553368995909,0.130389795590317,0.0033333333333333,0.0,15.105906166104626,0.9195402298850576,0.0
49067,33,heldout_cohort,DEV_Med,2011,2.0,2013,0.0281553368995909,0.130389795590317,0.0033333333333333,0.0,15.005092407444348,0.8860759493670886,1.0
49131,11,dev,DEV_Med,2006,2.0,2006,0.284099881223133,0.6765171582584101,0.1633333333333333,0.4093513268980359,12.480156428912768,0.8705882352941177,1.0
49161,16,dev,DEV_Med,2003,6.0,2004,1.0,1.0,0.2066666666666667,0.0,12.23500503802586,0.88125,1.0
49161,20,dev,DEV_Med,2003,4.0,2004,0.1430448780302194,0.5199065083557681,0.0233333333333333,0.0,11.117806648916208,0.88125,1.0
49196,33,dev,DEV_Med,2006,8.0,2006,0.0281553368995909,0.130389795590317,0.0033333333333333,0.0,14.676509697109008,0.8880597014925373,1.0
49241,20,heldout_cohort,DEV_Med,2012,3.0,2013,0.1430448780302194,0.5199065083557681,0.0233333333333333,0.0,11.644041442827763,0.8198198198198198,0.0
49266,11,dev,DEV_BGM,2003,6.0,1998,0.284099881223133,0.6765171582584101,0.1633333333333333,0.8187026537960718,12.361493946348004,0.7065217391304348,1.0
49266,16,dev,DEV_BGM,2003,2.0,1997,1.0,1.0,0.2066666666666667,0.5590303710714284,12.23500503802586,0.7065217391304348,1.0
49266,27,dev,DEV_BGM,2003,21.0,2000,0.2997225030505457,0.811891838394721,0.0633333333333333,0.6178356081929336,13.91359960042358,0.7065217391304348,1.0
49307,13,heldout_field,LifeEnv,2006,6.0,1996,0.4190233151107485,0.8669866088439611,0.1266666666666666,0.8187026537960718,12.568494544045372,0.5824175824175825,1.0
49307,22,heldout_field,LifeEnv,2006,19.0,1995,0.2427178906876991,0.2868271671031237,0.06,0.0,13.635691068387873,0.5824175824175825,1.0
49307,23,heldout_field,LifeEnv,2006,3.0,2003,0.2945059638214947,0.6059324491300307,0.1666666666666666,0.9651779401213606,12.157837827127732,0.5824175824175825,1.0
49307,31,heldout_field,LifeEnv,2006,6.0,2007,0.4858337648309395,0.6107235613440025,0.1866666666666666,0.0,12.546789432716553,0.5824175824175825,1.0
49307,33,heldout_field,LifeEnv,2006,4.0,2001,0.0281553368995909,0.130389795590317,0.0033333333333333,0.0,14.676509697109008,0.5824175824175825,0.0
49317,13,heldout_cohort,DEV_Med,2013,23.0,2013,0.4190233151107485,0.8669866088439611,0.1266666666666666,0.6178356081929336,12.855894701351746,0.8356164383561644,1.0
49317,24,heldout_cohort,DEV_Med,2013,18.0,2014,0.2764936642372434,0.6093573920911397,0.0166666666666666,1.011613291875562,10.407771828258696,0.8356164383561644,1.0
49317,33,heldout_cohort,DEV_Med,2013,2.0,2013,0.0281553368995909,0.130389795590317,0.0033333333333333,0.0,15.105906166104626,0.8356164383561644,1.0
49359,33,dev,DEV_Med,2007,3.0,2004,0.0281553368995909,0.130389795590317,0.0033333333333333,0.0,14.747540378013614,0.8653846153846154,1.0
49483,20,heldout_cohort,DEV_Med,2010,12.0,2011,0.1430448780302194,0.5199065083557681,0.0233333333333333,0.0,11.52046695630357,0.8590308370044053,1.0
49529,20,heldout_cohort,DEV_Med,2014,2.0,2016,0.1430448780302194,0.5199065083557681,0.0233333333333333,0.0,11.75433320589002,0.8660714285714286,1.0
49680,11,heldout_field,LifeEnv,2007,5.0,2009,0.284099881223133,0.6765171582584101,0.1633333333333333,0.9651779401213606,12.570090563724165,0.482233502538071,1.0
49680,14,heldout_field,LifeEnv,2007,3.0,2008,0.0771156548797982,0.4276835185413574,0.0,0.0,11.45263391267998,0.482233502538071,1.0
49680,17,heldout_field,LifeEnv,2007,4.0,2009,0.0972089563793993,0.4363827113448261,0.0,0.0,12.205492477265109,0.482233502538071,1.0
49680,20,heldout_field,LifeEnv,2007,2.0,2009,0.1430448780302194,0.5199065083557681,0.0233333333333333,0.0,11.332194642287623,0.482233502538071,1.0
49680,22,heldout_field,LifeEnv,2007,17.0,2007,0.2427178906876991,0.2868271671031237,0.06,0.0,13.745975039270956,0.482233502538071,1.0
49680,27,heldout_field,LifeEnv,2007,6.0,2007,0.2997225030505457,0.811891838394721,0.0633333333333333,0.0,14.270774210544406,0.482233502538071,1.0
49680,33,heldout_field,LifeEnv,2007,14.0,2008,0.0281553368995909,0.130389795590317,0.0033333333333333,0.0,14.747540378013614,0.482233502538071,1.0
49680,36,heldout_field,LifeEnv,2007,4.0,2008,0.114301361396536,0.6719201570053874,0.1333333333333333,0.0,11.43460710309093,0.482233502538071,1.0
49816,20,dev,DEV_Med,2003,3.0,2004,0.1430448780302194,0.5199065083557681,0.0233333333333333,0.0,11.117806648916208,0.8571428571428571,0.0
49870,16,dev,DEV_Eng,2003,7.0,2002,1.0,1.0,0.2066666666666667,0.0,12.23500503802586,0.7714285714285715,1.0
49870,30,dev,DEV_Eng,2003,2.0,2003,0.5287866107767778,0.6043376156657957,0.0666666666666666,0.0,7.01571242048723,0.7714285714285715,0.0
49870,31,dev,DEV_Eng,2003,7.0,2004,0.4858337648309395,0.6107235613440025,0.1866666666666666,0.1678122609793912,12.40688060429856,0.7714285714285715,1.0
50044,33,dev,DEV_Med,2007,5.0,2007,0.0281553368995909,0.130389795590317,0.0033333333333333,0.0,14.747540378013614,0.912121212121212,0.0
50162,13,heldout_cohort,DEV_Med,2013,35.0,2008,0.4190233151107485,0.8669866088439611,0.1266666666666666,0.6178356081929336,12.855894701351746,0.8178294573643411,1.0
50162,24,heldout_cohort,DEV_Med,2013,16.0,2003,0.2764936642372434,0.6093573920911397,0.0166666666666666,1.011613291875562,10.407771828258696,0.8178294573643411,1.0
50162,33,heldout_cohort,DEV_Med,2013,3.0,2007,0.0281553368995909,0.130389795590317,0.0033333333333333,0.0,15.105906166104626,0.8178294573643411,1.0
50165,20,dev,DEV_Med,2005,3.0,2006,0.1430448780302194,0.5199065083557681,0.0233333333333333,0.0,11.236855707846614,0.8380952380952381,1.0
50352,27,dev,DEV_BGM,2005,18.0,2000,0.2997225030505457,0.811891838394721,0.0633333333333333,0.6178356081929336,14.068090962336957,0.7361111111111112,1.0
50361,13,heldout_cohort,DEV_Eng,2014,4.0,2015,0.4190233151107485,0.8669866088439611,0.1266666666666666,0.0,12.892585366653948,0.8571428571428571,0.0
50361,16,heldout_cohort,DEV_Eng,2014,11.0,1999,1.0,1.0,0.2066666666666667,0.0,12.539017238756038,0.8571428571428571,1.0
50361,25,heldout_cohort,DEV_Eng,2014,36.0,2009,0.9592210826637104,0.9720631816283668,0.1466666666666666,0.5217987992617263,12.292314559892684,0.8571428571428571,1.0
50377,13,dev,DEV_Med,2006,2.0,2008,0.4190233151107485,0.8669866088439611,0.1266666666666666,0.6178356081929336,12.568494544045372,0.9111842105263158,1.0
50377,20,dev,DEV_Med,2006,4.0,2008,0.1430448780302194,0.5199065083557681,0.0233333333333333,0.0,11.284970356658796,0.9111842105263158,1.0
50377,33,dev,DEV_Med,2006,2.0,2007,0.0281553368995909,0.130389795590317,0.0033333333333333,0.0,14.676509697109008,0.9111842105263158,1.0
50498,27,heldout_cohort,DEV_BGM,2013,37.0,2011,0.2997225030505457,0.811891838394721,0.0633333333333333,0.6178356081929336,14.625370868702468,0.6051282051282051,1.0
50576,11,dev,DEV_Med,2006,4.0,2007,0.284099881223133,0.6765171582584101,0.1633333333333333,0.0,12.480156428912768,0.7751937984496124,0.0
50576,13,dev,DEV_Med,2006,17.0,2006,0.4190233151107485,0.8669866088439611,0.1266666666666666,0.6178356081929336,12.568494544045372,0.7751937984496124,1.0
50576,28,dev,DEV_Med,2006,7.0,2007,0.1756430657565985,0.5521514721963489,0.0633333333333333,0.6722590635576315,11.338845849870273,0.7751937984496124,1.0
50576,33,dev,DEV_Med,2006,2.0,2008,0.0281553368995909,0.130389795590317,0.0033333333333333,0.0,14.676509697109008,0.7751937984496124,1.0
50629,27,heldout_field,Social,2008,5.0,2008,0.2997225030505457,0.811891838394721,0.0633333333333333,0.0,14.342163860552343,0.5454545454545454,1.0
50629,32,heldout_field,Social,2008,13.0,2005,0.0701142639339837,0.4272871063158311,0.0333333333333333,0.0,11.604200240745817,0.5454545454545454,1.0
50629,33,heldout_field,Social,2008,16.0,2006,0.0281553368995909,0.130389795590317,0.0033333333333333,0.0542821830537903,14.81428556829688,0.5454545454545454,1.0
50629,35,heldout_field,Social,2008,2.0,2008,0.1143327370569605,0.4022995149817261,0.04,0.0,10.497559976154832,0.5454545454545454,1.0
50629,36,heldout_field,Social,2008,10.0,2006,0.114301361396536,0.6719201570053874,0.1333333333333333,0.0,11.47053974847379,0.5454545454545454,1.0
50938,13,heldout_cohort,DEV_Med,2011,3.0,2011,0.4190233151107485,0.8669866088439611,0.1266666666666666,0.6178356081929336,12.804123123497911,0.8969465648854962,1.0
50938,24,heldout_cohort,DEV_Med,2011,4.0,2012,0.2764936642372434,0.6093573920911397,0.0166666666666666,1.011613291875562,10.4369353543384,0.8969465648854962,1.0
50938,33,heldout_cohort,DEV_Med,2011,6.0,2013,0.0281553368995909,0.130389795590317,0.0033333333333333,0.0,15.005092407444348,0.8969465648854962,1.0
51061,17,heldout_cohort,DEV_Eng,2010,17.0,2003,0.0972089563793993,0.4363827113448261,0.0,0.0154378588776776,12.50288664472689,0.8571428571428571,1.0
51061,33,heldout_cohort,DEV_Eng,2010,7.0,2008,0.0281553368995909,0.130389795590317,0.0033333333333333,0.485633402675643,14.94472382406726,0.8571428571428571,1.0
51105,11,dev,DEV_Med,2006,5.0,2007,0.284099881223133,0.6765171582584101,0.1633333333333333,0.0,12.480156428912768,0.6990049751243781,1.0
51105,13,dev,DEV_Med,2006,7.0,2008,0.4190233151107485,0.8669866088439611,0.1266666666666666,0.6178356081929336,12.568494544045372,0.6990049751243781,1.0
51105,33,dev,DEV_Med,2006,11.0,1997,0.0281553368995909,0.130389795590317,0.0033333333333333,0.0,14.676509697109008,0.6990049751243781,1.0
51105,36,dev,DEV_Med,2006,34.0,2006,0.114301361396536,0.6719201570053874,0.1333333333333333,0.3235434077967242,11.317141697887028,0.6990049751243781,1.0
51155,13,heldout_cohort,Social,2011,2.0,2013,0.4190233151107485,0.8669866088439611,0.1266666666666666,0.4513041508476372,12.804123123497911,0.7303370786516854,1.0
51155,27,heldout_cohort,Social,2011,4.0,2011,0.2997225030505457,0.811891838394721,0.0633333333333333,0.3361295317788157,14.575169000029328,0.7303370786516854,1.0
51248,17,dev,DEV_Eng,2003,12.0,2000,0.0972089563793993,0.4363827113448261,0.0,0.0154378588776776,11.606789144551904,0.8888888888888888,1.0
51248,33,dev,DEV_Eng,2003,3.0,2003,0.0281553368995909,0.130389795590317,0.0033333333333333,0.485633402675643,14.439861633391784,0.8888888888888888,1.0
51266,20,dev,DEV_Med,2008,3.0,2010,0.1430448780302194,0.5199065083557681,0.0233333333333333,0.0,11.394006784713552,0.8186274509803921,1.0
51266,33,dev,DEV_Med,2008,2.0,2009,0.0281553368995909,0.130389795590317,0.0033333333333333,0.0,14.81428556829688,0.8186274509803921,0.0
51266,36,dev,DEV_Med,2008,3.0,2010,0.114301361396536,0.6719201570053874,0.1333333333333333,0.3235434077967242,11.47053974847379,0.8186274509803921,1.0
51271,22,dev,DEV_BGM,2004,2.0,2005,0.2427178906876991,0.2868271671031237,0.06,0.0,13.417321415701789,0.8666666666666667,0.0
51271,24,dev,DEV_BGM,2004,10.0,2004,0.2764936642372434,0.6093573920911397,0.0166666666666666,0.9968099910970172,10.10659164851261,0.8666666666666667,1.0
51271,27,dev,DEV_BGM,2004,33.0,2003,0.2997225030505457,0.811891838394721,0.0633333333333333,0.6178356081929336,13.979124887292532,0.8666666666666667,1.0
51331,22,dev,DEV_Med,2009,32.0,1999,0.2427178906876991,0.2868271671031237,0.06,0.0,13.940574578358742,0.8669724770642202,1.0
51331,31,dev,DEV_Med,2009,3.0,2005,0.4858337648309395,0.6107235613440025,0.1866666666666666,0.0,12.661967842237615,0.8669724770642202,1.0
51331,33,dev,DEV_Med,2009,8.0,2009,0.0281553368995909,0.130389795590317,0.0033333333333333,0.0,14.879776023424252,0.8669724770642202,1.0
51612,33,dev,DEV_Med,2006,6.0,2003,0.0281553368995909,0.130389795590317,0.0033333333333333,0.0,14.676509697109008,0.9414414414414416,1.0
51615,13,heldout_cohort,DEV_Med,2010,6.0,2011,0.4190233151107485,0.8669866088439611,0.1266666666666666,0.6178356081929336,12.757647621178007,0.9411764705882352,1.0
51615,24,heldout_cohort,DEV_Med,2010,3.0,2012,0.2764936642372434,0.6093573920911397,0.0166666666666666,1.011613291875562,10.417328625262575,0.9411764705882352,1.0
51615,33,heldout_cohort,DEV_Med,2010,2.0,2012,0.0281553368995909,0.130389795590317,0.0033333333333333,0.0,14.94472382406726,0.9411764705882352,0.0
51645,27,heldout_cohort,Social,2010,36.0,2010,0.2997225030505457,0.811891838394721,0.0633333333333333,0.0,14.51376069626012,0.6775510204081633,1.0
51645,33,heldout_cohort,Social,2010,6.0,2010,0.0281553368995909,0.130389795590317,0.0033333333333333,0.0344014276474956,14.94472382406726,0.6775510204081633,1.0
51730,13,heldout_cohort,DEV_Med,2012,2.0,2014,0.4190233151107485,0.8669866088439611,0.1266666666666666,0.6178356081929336,12.833995736670976,0.7746478873239436,1.0
51730,20,heldout_cohort,DEV_Med,2012,6.0,2014,0.1430448780302194,0.5199065083557681,0.0233333333333333,0.0,11.644041442827763,0.7746478873239436,1.0
51762,13,dev,DEV_Med,2009,3.0,2007,0.4190233151107485,0.8669866088439611,0.1266666666666666,0.6178356081929336,12.709269242131674,0.8157894736842105,1.0
51762,24,dev,DEV_Med,2009,12.0,2008,0.2764936642372434,0.6093573920911397,0.0166666666666666,1.011613291875562,10.353575423086568,0.8157894736842105,1.0
51780,13,heldout_cohort,LifeEnv,2010,6.0,2007,0.4190233151107485,0.8669866088439611,0.1266666666666666,0.8073227996449754,12.757647621178007,0.819672131147541,1.0
51908,20,dev,DEV_Med,2005,3.0,2005,0.1430448780302194,0.5199065083557681,0.0233333333333333,0.0,11.236855707846614,0.9157303370786516,1.0
51908,22,dev,DEV_Med,2005,3.0,2006,0.2427178906876991,0.2868271671031237,0.06,0.0,13.529160930746272,0.9157303370786516,1.0
51908,33,dev,DEV_Med,2005,4.0,2005,0.0281553368995909,0.130389795590317,0.0033333333333333,0.0,14.600690736046182,0.9157303370786516,1.0
52108,16,heldout_cohort,DEV_BGM,2012,2.0,2014,1.0,1.0,0.2066666666666667,0.5590303710714284,12.48678297173805,0.803921568627451,1.0
52108,24,heldout_cohort,DEV_BGM,2012,9.0,2012,0.2764936642372434,0.6093573920911397,0.0166666666666666,0.9968099910970172,10.431701125903343,0.803921568627451,1.0
52108,27,heldout_cohort,DEV_BGM,2012,34.0,2012,0.2997225030505457,0.811891838394721,0.0633333333333333,0.6178356081929336,14.60535422968203,0.803921568627451,1.0
52108,28,heldout_cohort,DEV_BGM,2012,2.0,2014,0.1756430657565985,0.5521514721963489,0.0633333333333333,0.9026083016952744,11.71015205448437,0.803921568627451,1.0
52262,33,dev,DEV_Med,2003,3.0,2003,0.0281553368995909,0.130389795590317,0.0033333333333333,0.0,14.439861633391784,0.7733333333333333,1.0
52471,11,dev,DEV_Med,2007,8.0,2004,0.284099881223133,0.6765171582584101,0.1633333333333333,0.0,12.570090563724165,0.5866666666666667,1.0
52471,13,dev,DEV_Med,2007,5.0,2005,0.4190233151107485,0.8669866088439611,0.1266666666666666,0.6178356081929336,12.624891527128527,0.5866666666666667,1.0
52471,16,dev,DEV_Med,2007,4.0,2004,1.0,1.0,0.2066666666666667,0.0,12.3676301129714,0.5866666666666667,1.0
52471,33,dev,DEV_Med,2007,5.0,2007,0.0281553368995909,0.130389795590317,0.0033333333333333,0.0,14.747540378013614,0.5866666666666667,1.0
52513,20,dev,DEV_Med,2006,5.0,2006,0.1430448780302194,0.5199065083557681,0.0233333333333333,0.0,11.284970356658796,0.6782608695652174,1.0
52513,36,dev,DEV_Med,2006,8.0,2007,0.114301361396536,0.6719201570053874,0.1333333333333333,0.3235434077967242,11.317141697887028,0.6782608695652174,1.0
52580,33,heldout_cohort,DEV_Med,2011,3.0,2012,0.0281553368995909,0.130389795590317,0.0033333333333333,0.0,15.005092407444348,0.7831325301204819,1.0
52630,13,dev,DEV_Med,2004,4.0,1999,0.4190233151107485,0.8669866088439611,0.1266666666666666,0.6178356081929336,12.466380951809448,0.8769230769230769,1.0
52630,33,dev,DEV_Med,2004,6.0,2002,0.0281553368995909,0.130389795590317,0.0033333333333333,0.0,14.524249059725388,0.8769230769230769,1.0
53126,11,heldout_cohort,DEV_Med,2012,2.0,2012,0.284099881223133,0.6765171582584101,0.1633333333333333,0.0,13.051408582603838,0.686046511627907,0.0
53234,11,heldout_cohort,Social,2011,2.0,2013,0.284099881223133,0.6765171582584101,0.1633333333333333,0.0,12.980198249691082,0.4525139664804469,1.0
53234,13,heldout_cohort,Social,2011,10.0,2011,0.4190233151107485,0.8669866088439611,0.1266666666666666,0.0,12.804123123497911,0.4525139664804469,1.0
53234,19,heldout_cohort,Social,2011,8.0,2013,0.2047677761595473,0.3978920311208057,0.0633333333333333,0.0,11.881276971738291,0.4525139664804469,1.0
53234,22,heldout_cohort,Social,2011,11.0,2011,0.2427178906876991,0.2868271671031237,0.06,0.485633402675643,14.068122810373664,0.4525139664804469,0.0
53234,23,heldout_cohort,Social,2011,14.0,2011,0.2945059638214947,0.6059324491300307,0.1666666666666666,0.0,12.49210085109777,0.4525139664804469,1.0
53234,27,heldout_cohort,Social,2011,4.0,2012,0.2997225030505457,0.811891838394721,0.0633333333333333,0.0,14.575169000029328,0.4525139664804469,1.0
53495,36,heldout_cohort,DEV_Med,2011,2.0,2013,0.114301361396536,0.6719201570053874,0.1333333333333333,0.3235434077967242,11.667344680167208,0.912621359223301,0.0
53572,20,heldout_cohort,DEV_Med,2010,8.0,1999,0.1430448780302194,0.5199065083557681,0.0233333333333333,0.0,11.52046695630357,0.296,0.0
53572,33,heldout_cohort,DEV_Med,2010,4.0,2012,0.0281553368995909,0.130389795590317,0.0033333333333333,0.0,14.94472382406726,0.296,0.0
53943,11,heldout_field,Physical,2009,9.0,1998,0.284099881223133,0.6765171582584101,0.1633333333333333,0.0,12.728446332995158,0.5855855855855856,1.0
53943,13,heldout_field,Physical,2009,4.0,2006,0.4190233151107485,0.8669866088439611,0.1266666666666666,0.5590303710714284,12.709269242131674,0.5855855855855856,1.0
53943,22,heldout_field,Physical,2009,25.0,2007,0.2427178906876991,0.2868271671031237,0.06,0.0,13.940574578358742,0.5855855855855856,1.0
53943,25,heldout_field,Physical,2009,3.0,2011,0.9592210826637104,0.9720631816283668,0.1466666666666666,1.4182304837330029,12.005882390193737,0.5855855855855856,1.0
53943,27,heldout_field,Physical,2009,2.0,2010,0.2997225030505457,0.811891838394721,0.0633333333333333,0.0,14.435647701880198,0.5855855855855856,1.0
54459,13,dev,DEV_Med,2009,3.0,2009,0.4190233151107485,0.8669866088439611,0.1266666666666666,0.6178356081929336,12.709269242131674,0.75,1.0
54459,24,dev,DEV_Med,2009,3.0,2011,0.2764936642372434,0.6093573920911397,0.0166666666666666,1.011613291875562,10.353575423086568,0.75,1.0
54459,33,dev,DEV_Med,2009,7.0,2009,0.0281553368995909,0.130389795590317,0.0033333333333333,0.0,14.879776023424252,0.75,0.0
54459,36,dev,DEV_Med,2009,19.0,2009,0.114301361396536,0.6719201570053874,0.1333333333333333,0.3235434077967242,11.549151313374272,0.75,1.0
54654,13,heldout_cohort,Physical,2014,17.0,2014,0.4190233151107485,0.8669866088439611,0.1266666666666666,0.0,12.892585366653948,0.84,1.0
54654,16,heldout_cohort,Physical,2014,35.0,2007,1.0,1.0,0.2066666666666667,0.680365444901508,12.539017238756038,0.84,1.0
54654,22,heldout_cohort,Physical,2014,144.0,2010,0.2427178906876991,0.2868271671031237,0.06,0.1678122609793912,14.236799801419323,0.84,1.0
54654,25,heldout_cohort,Physical,2014,74.0,2009,0.9592210826637104,0.9720631816283668,0.1466666666666666,1.1900663955881765,12.292314559892684,0.84,1.0
54654,33,heldout_cohort,Physical,2014,5.0,2015,0.0281553368995909,0.130389795590317,0.0033333333333333,0.0,15.14241976318739,0.84,1.0
54834,13,heldout_cohort,DEV_Med,2014,2.0,2014,0.4190233151107485,0.8669866088439611,0.1266666666666666,0.6178356081929336,12.892585366653948,0.7692307692307693,1.0
54834,20,heldout_cohort,DEV_Med,2014,4.0,2016,0.1430448780302194,0.5199065083557681,0.0233333333333333,0.0,11.75433320589002,0.7692307692307693,0.0
54834,36,heldout_cohort,DEV_Med,2014,7.0,2014,0.114301361396536,0.6719201570053874,0.1333333333333333,0.3235434077967242,11.924611184891448,0.7692307692307693,1.0
54911,33,dev,DEV_Med,2003,6.0,2003,0.0281553368995909,0.130389795590317,0.0033333333333333,0.0,14.439861633391784,0.8203883495145631,1.0
54946,17,heldout_cohort,DEV_Eng,2011,33.0,2009,0.0972089563793993,0.4363827113448261,0.0,0.0154378588776776,12.569040745955352,0.7448979591836735,1.0
55019,12,heldout_field,Social,2005,4.0,2005,0.0253491030341127,0.2254857952433978,0.0166666666666666,0.22890238745797,12.522309375462154,0.4964028776978417,1.0
55019,17,heldout_field,Social,2005,27.0,2002,0.0972089563793993,0.4363827113448261,0.0,0.0,11.91333782944174,0.4964028776978417,1.0
55019,22,heldout_field,Social,2005,9.0,2005,0.2427178906876991,0.2868271671031237,0.06,0.485633402675643,13.529160930746272,0.4964028776978417,1.0
55032,26,dev,DEV_CS,2004,4.0,2005,0.1700134038327895,0.5985764093369916,0.1366666666666667,0.7315025085325578,11.358444730680988,0.7542372881355932,1.0
55032,33,dev,DEV_CS,2004,4.0,2005,0.0281553368995909,0.130389795590317,0.0033333333333333,0.2428167013378215,14.524249059725388,0.7542372881355932,1.0
55224,17,heldout_cohort,DEV_Eng,2013,3.0,2015,0.0972089563793993,0.4363827113448261,0.0,0.0154378588776776,12.680482179507376,0.5974842767295597,1.0
55224,23,heldout_cohort,DEV_Eng,2013,2.0,2015,0.2945059638214947,0.6059324491300307,0.1666666666666666,0.0,12.597033067435456,0.5974842767295597,1.0
55224,25,heldout_cohort,DEV_Eng,2013,2.0,2015,0.9592210826637104,0.9720631816283668,0.1466666666666666,0.5217987992617263,12.225635047896224,0.5974842767295597,1.0
55224,27,heldout_cohort,DEV_Eng,2013,15.0,2013,0.2997225030505457,0.811891838394721,0.0633333333333333,0.0,14.625370868702468,0.5974842767295597,1.0
55224,31,heldout_cohort,DEV_Eng,2013,2.0,2015,0.4858337648309395,0.6107235613440025,0.1866666666666666,0.1678122609793912,12.731626277760771,0.5974842767295597,0.0
55224,33,heldout_cohort,DEV_Eng,2013,17.0,2013,0.0281553368995909,0.130389795590317,0.0033333333333333,0.485633402675643,15.105906166104626,0.5974842767295597,1.0
55299,11,dev,DEV_CS,2009,2.0,2011,0.284099881223133,0.6765171582584101,0.1633333333333333,0.0,12.728446332995158,0.5149253731343284,1.0
55299,14,dev,DEV_CS,2009,4.0,2010,0.0771156548797982,0.4276835185413574,0.0,0.0456512589476855,11.625521739272616,0.5149253731343284,1.0
55299,22,dev,DEV_CS,2009,31.0,1999,0.2427178906876991,0.2868271671031237,0.06,0.0154378588776776,13.940574578358742,0.5149253731343284,1.0
55299,27,dev,DEV_CS,2009,11.0,2007,0.2997225030505457,0.811891838394721,0.0633333333333333,0.0,14.435647701880198,0.5149253731343284,1.0
55299,33,dev,DEV_CS,2009,26.0,2009,0.0281553368995909,0.130389795590317,0.0033333333333333,0.0,14.879776023424252,0.5149253731343284,1.0
55340,22,heldout_field,Social,2003,4.0,2000,0.2427178906876991,0.2868271671031237,0.06,0.485633402675643,13.304683267530228,0.0200501253132832,0.0
55442,19,heldout_cohort,DEV_Eng,2010,11.0,2008,0.2047677761595473,0.3978920311208057,0.0633333333333333,0.0,11.81719913251493,0.6115107913669064,1.0
55442,23,heldout_cohort,DEV_Eng,2010,2.0,2011,0.2945059638214947,0.6059324491300307,0.1666666666666666,0.0,12.438643618727257,0.6115107913669064,1.0
55442,31,heldout_cohort,DEV_Eng,2010,2.0,2012,0.4858337648309395,0.6107235613440025,0.1866666666666666,0.1678122609793912,12.672046290285778,0.6115107913669064,1.0
55442,33,heldout_cohort,DEV_Eng,2010,2.0,2008,0.0281553368995909,0.130389795590317,0.0033333333333333,0.485633402675643,14.94472382406726,0.6115107913669064,0.0
55472,17,heldout_cohort,Social,2012,37.0,2012,0.0972089563793993,0.4363827113448261,0.0,0.0,12.635833539535932,0.3783783783783784,1.0
55472,22,heldout_cohort,Social,2012,21.0,2012,0.2427178906876991,0.2868271671031237,0.06,0.485633402675643,14.14411621977538,0.3783783783783784,1.0
55472,27,heldout_cohort,Social,2012,3.0,2014,0.2997225030505457,0.811891838394721,0.0633333333333333,0.0,14.60535422968203,0.3783783783783784,1.0
55472,31,heldout_cohort,Social,2012,4.0,2013,0.4858337648309395,0.6107235613440025,0.1866666666666666,0.0,12.711470565928106,0.3783783783783784,1.0
55727,12,heldout_cohort,Social,2014,15.0,2015,0.0253491030341127,0.2254857952433978,0.0166666666666666,0.22890238745797,12.922372228775696,0.5748299319727891,1.0
55727,16,heldout_cohort,Social,2014,2.0,2016,1.0,1.0,0.2066666666666667,0.0,12.539017238756038,0.5748299319727891,0.0
55727,17,heldout_cohort,Social,2014,72.0,2014,0.0972089563793993,0.4363827113448261,0.0,0.0,12.699853834686904,0.5748299319727891,1.0
55727,22,heldout_cohort,Social,2014,3.0,2016,0.2427178906876991,0.2868271671031237,0.06,0.485633402675643,14.236799801419323,0.5748299319727891,1.0
55727,27,heldout_cohort,Social,2014,2.0,2015,0.2997225030505457,0.811891838394721,0.0633333333333333,0.0,14.658531427910654,0.5748299319727891,1.0
55823,17,heldout_field,Social,2004,2.0,2006,0.0972089563793993,0.4363827113448261,0.0,0.0456512589476855,11.75466307041294,0.4698795180722891,1.0
55823,33,heldout_field,Social,2004,15.0,2001,0.0281553368995909,0.130389795590317,0.0033333333333333,0.0542821830537903,14.524249059725388,0.4698795180722891,1.0
55943,12,heldout_cohort,DEV_CS,2011,2.0,2012,0.0253491030341127,0.2254857952433978,0.0166666666666666,0.0,12.794292549903853,0.2604501607717042,1.0
55943,13,heldout_cohort,DEV_CS,2011,3.0,2012,0.4190233151107485,0.8669866088439611,0.1266666666666666,0.0,12.804123123497911,0.2604501607717042,0.0
55943,14,heldout_cohort,DEV_CS,2011,9.0,2012,0.0771156548797982,0.4276835185413574,0.0,0.0456512589476855,11.75008236900279,0.2604501607717042,1.0
55943,22,heldout_cohort,DEV_CS,2011,6.0,2011,0.2427178906876991,0.2868271671031237,0.06,0.0154378588776776,14.068122810373664,0.2604501607717042,1.0
55943,27,heldout_cohort,DEV_CS,2011,8.0,2010,0.2997225030505457,0.811891838394721,0.0633333333333333,0.0,14.575169000029328,0.2604501607717042,1.0
55943,33,heldout_cohort,DEV_CS,2011,10.0,2012,0.0281553368995909,0.130389795590317,0.0033333333333333,0.0,15.005092407444348,0.2604501607717042,1.0
55943,36,heldout_cohort,DEV_CS,2011,8.0,2012,0.114301361396536,0.6719201570053874,0.1333333333333333,0.0,11.667344680167208,0.2604501607717042,1.0
55958,13,dev,DEV_Eng,2004,3.0,2003,0.4190233151107485,0.8669866088439611,0.1266666666666666,0.0,12.466380951809448,0.7,1.0
55958,16,dev,DEV_Eng,2004,18.0,2001,1.0,1.0,0.2066666666666667,0.0,12.266316018209803,0.7,1.0
55958,19,dev,DEV_Eng,2004,3.0,2005,0.2047677761595473,0.3978920311208057,0.0633333333333333,0.0,11.591376136796182,0.7,0.0
55958,27,dev,DEV_Eng,2004,3.0,2006,0.2997225030505457,0.811891838394721,0.0633333333333333,0.0,13.979124887292532,0.7,1.0
55958,31,dev,DEV_Eng,2004,2.0,2006,0.4858337648309395,0.6107235613440025,0.1866666666666666,0.1678122609793912,12.438730789212968,0.7,1.0
55958,33,dev,DEV_Eng,2004,2.0,2006,0.0281553368995909,0.130389795590317,0.0033333333333333,0.485633402675643,14.524249059725388,0.7,1.0
56059,22,dev,DEV_Med,2008,14.0,1996,0.2427178906876991,0.2868271671031237,0.06,0.0,13.849049777338868,0.946969696969697,1.0
56059,31,dev,DEV_Med,2008,2.0,2007,0.4858337648309395,0.6107235613440025,0.1866666666666666,0.0,12.640717843400664,0.946969696969697,0.0
56059,32,dev,DEV_Med,2008,2.0,2009,0.0701142639339837,0.4272871063158311,0.0333333333333333,0.0,11.604200240745817,0.946969696969697,0.0
56086,22,heldout_cohort,DEV_CS,2012,28.0,2011,0.2427178906876991,0.2868271671031237,0.06,0.0154378588776776,14.14411621977538,0.732824427480916,1.0
56086,26,heldout_cohort,DEV_CS,2012,2.0,2013,0.1700134038327895,0.5985764093369916,0.1366666666666667,1.4630050170651157,11.736748785189196,0.732824427480916,0.0
56086,27,heldout_cohort,DEV_CS,2012,4.0,2014,0.2997225030505457,0.811891838394721,0.0633333333333333,0.0,14.60535422968203,0.732824427480916,1.0
56086,33,heldout_cohort,DEV_CS,2012,2.0,2014,0.0281553368995909,0.130389795590317,0.0033333333333333,0.0,15.060979561483409,0.732824427480916,0.0
56100,14,heldout_cohort,Social,2011,7.0,2011,0.0771156548797982,0.4276835185413574,0.0,0.0542821830537903,11.75008236900279,0.4183006535947712,0.0
56100,17,heldout_cohort,Social,2011,12.0,2009,0.0972089563793993,0.4363827113448261,0.0,0.0,12.569040745955352,0.4183006535947712,1.0
56100,22,heldout_cohort,Social,2011,2.0,2013,0.2427178906876991,0.2868271671031237,0.06,0.485633402675643,14.068122810373664,0.4183006535947712,0.0
56328,11,heldout_field,Social,2004,5.0,2005,0.284099881223133,0.6765171582584101,0.1633333333333333,0.0,12.332269077986076,0.5576036866359447,0.0
56328,14,heldout_field,Social,2004,9.0,2004,0.0771156548797982,0.4276835185413574,0.0,0.0542821830537903,11.096834097620764,0.5576036866359447,1.0
56328,17,heldout_field,Social,2004,59.0,2004,0.0972089563793993,0.4363827113448261,0.0,0.0,11.75466307041294,0.5576036866359447,1.0
56328,20,heldout_field,Social,2004,15.0,2004,0.1430448780302194,0.5199065083557681,0.0233333333333333,0.0754621315346449,11.181932191381277,0.5576036866359447,1.0
56328,22,heldout_field,Social,2004,83.0,2004,0.2427178906876991,0.2868271671031237,0.06,0.485633402675643,13.417321415701789,0.5576036866359447,1.0
56328,23,heldout_field,Social,2004,9.0,2004,0.2945059638214947,0.6059324491300307,0.1666666666666666,0.0,12.02763951898302,0.5576036866359447,1.0
56328,27,heldout_field,Social,2004,4.0,2006,0.2997225030505457,0.811891838394721,0.0633333333333333,0.0,13.979124887292532,0.5576036866359447,1.0
56328,36,heldout_field,Social,2004,6.0,2006,0.114301361396536,0.6719201570053874,0.1333333333333333,0.0,11.04809244505471,0.5576036866359447,1.0
56587,14,heldout_cohort,Social,2010,4.0,2011,0.0771156548797982,0.4276835185413574,0.0,0.7053008237857123,11.695721908987394,0.5267857142857143,1.0
56587,22,heldout_cohort,Social,2010,2.0,2011,0.2427178906876991,0.2868271671031237,0.06,0.2428167013378215,14.008620378276127,0.5267857142857143,1.0
56587,27,heldout_cohort,Social,2010,4.0,2011,0.2997225030505457,0.811891838394721,0.0633333333333333,0.0,14.51376069626012,0.5267857142857143,0.0
56628,12,heldout_field,Social,2006,2.0,1996,0.0253491030341127,0.2254857952433978,0.0166666666666666,0.22890238745797,12.552502285115333,0.0769230769230769,1.0
56660,33,dev,DEV_Med,2003,10.0,2003,0.0281553368995909,0.130389795590317,0.0033333333333333,0.0,14.439861633391784,0.8214285714285714,1.0
56801,22,heldout_field,Social,2003,4.0,2004,0.2427178906876991,0.2868271671031237,0.06,0.485633402675643,13.304683267530228,0.5655737704918032,0.0
56870,20,heldout_field,Social,2005,2.0,1996,0.1430448780302194,0.5199065083557681,0.0233333333333333,0.0377310657673224,11.236855707846614,0.29,1.0
57156,13,dev,DEV_Med,2004,6.0,2005,0.4190233151107485,0.8669866088439611,0.1266666666666666,0.6178356081929336,12.466380951809448,0.2868852459016393,0.0
57156,24,dev,DEV_Med,2004,4.0,2006,0.2764936642372434,0.6093573920911397,0.0166666666666666,1.011613291875562,10.10659164851261,0.2868852459016393,0.0
57156,33,dev,DEV_Med,2004,11.0,2005,0.0281553368995909,0.130389795590317,0.0033333333333333,0.0,14.524249059725388,0.2868852459016393,1.0
57156,36,dev,DEV_Med,2004,9.0,2004,0.114301361396536,0.6719201570053874,0.1333333333333333,0.3235434077967242,11.04809244505471,0.2868852459016393,0.0
57370,22,heldout_cohort,DEV_Med,2012,5.0,2013,0.2427178906876991,0.2868271671031237,0.06,0.0,14.14411621977538,0.7788018433179723,1.0
57370,24,heldout_cohort,DEV_Med,2012,13.0,2013,0.2764936642372434,0.6093573920911397,0.0166666666666666,1.0042116414862896,10.431701125903343,0.7788018433179723,1.0
57370,28,heldout_cohort,DEV_Med,2012,4.0,2014,0.1756430657565985,0.5521514721963489,0.0633333333333333,0.787433682626453,11.71015205448437,0.7788018433179723,1.0
57442,19,dev,DEV_Eng,2009,29.0,2002,0.2047677761595473,0.3978920311208057,0.0633333333333333,0.0,11.755620631687613,0.6767241379310345,1.0
57442,21,dev,DEV_Eng,2009,6.0,2010,0.6216695741835017,0.6994573690000285,0.1133333333333333,0.2821142991842985,7.449498005382849,0.6767241379310345,1.0
57442,23,dev,DEV_Eng,2009,6.0,2011,0.2945059638214947,0.6059324491300307,0.1666666666666666,0.0,12.3854983467121,0.6767241379310345,1.0
57442,33,dev,DEV_Eng,2009,12.0,2009,0.0281553368995909,0.130389795590317,0.0033333333333333,0.485633402675643,14.879776023424252,0.6767241379310345,1.0
57570,33,dev,DEV_Med,2004,4.0,2005,0.0281553368995909,0.130389795590317,0.0033333333333333,0.0,14.524249059725388,0.8789808917197452,1.0
57646,12,heldout_field,Physical,2009,2.0,1997,0.0253491030341127,0.2254857952433978,0.0166666666666666,0.0,12.695667482665758,0.3580246913580246,1.0
57646,13,heldout_field,Physical,2009,2.0,2007,0.4190233151107485,0.8669866088439611,0.1266666666666666,0.5590303710714284,12.709269242131674,0.3580246913580246,0.0
57646,27,heldout_field,Physical,2009,6.0,1995,0.2997225030505457,0.811891838394721,0.0633333333333333,0.0,14.435647701880198,0.3580246913580246,1.0
57646,33,heldout_field,Physical,2009,5.0,1996,0.0281553368995909,0.130389795590317,0.0033333333333333,0.0,14.879776023424252,0.3580246913580246,1.0
57721,14,heldout_field,Social,2006,3.0,2006,0.0771156548797982,0.4276835185413574,0.0,0.0542821830537903,11.32804062577311,0.6666666666666666,0.0
57721,17,heldout_field,Social,2006,8.0,2007,0.0972089563793993,0.4363827113448261,0.0,0.0,12.071449228292328,0.6666666666666666,1.0
57721,20,heldout_field,Social,2006,4.0,2000,0.1430448780302194,0.5199065083557681,0.0233333333333333,0.0754621315346449,11.284970356658796,0.6666666666666666,1.0
57721,22,heldout_field,Social,2006,9.0,2003,0.2427178906876991,0.2868271671031237,0.06,0.485633402675643,13.635691068387873,0.6666666666666666,1.0
57721,36,heldout_field,Social,2006,2.0,2008,0.114301361396536,0.6719201570053874,0.1333333333333333,0.0,11.317141697887028,0.6666666666666666,0.0
57728,24,dev,DEV_Med,2009,3.0,2009,0.2764936642372434,0.6093573920911397,0.0166666666666666,1.011613291875562,10.353575423086568,0.8918918918918919,1.0
57728,33,dev,DEV_Med,2009,3.0,1998,0.0281553368995909,0.130389795590317,0.0033333333333333,0.0,14.879776023424252,0.8918918918918919,1.0
57846,13,heldout_cohort,LifeEnv,2010,9.0,2011,0.4190233151107485,0.8669866088439611,0.1266666666666666,0.0,12.757647621178007,0.5049833887043189,1.0
57846,14,heldout_cohort,LifeEnv,2010,3.0,2011,0.0771156548797982,0.4276835185413574,0.0,0.0,11.695721908987394,0.5049833887043189,1.0
57846,22,heldout_cohort,LifeEnv,2010,10.0,2011,0.2427178906876991,0.2868271671031237,0.06,0.0,14.008620378276127,0.5049833887043189,1.0
57846,23,heldout_cohort,LifeEnv,2010,44.0,2010,0.2945059638214947,0.6059324491300307,0.1666666666666666,1.5316073236036325,12.438643618727257,0.5049833887043189,1.0
57846,31,heldout_cohort,LifeEnv,2010,2.0,2011,0.4858337648309395,0.6107235613440025,0.1866666666666666,0.7847226341086162,12.672046290285778,0.5049833887043189,1.0
57846,33,heldout_cohort,LifeEnv,2010,29.0,2010,0.0281553368995909,0.130389795590317,0.0033333333333333,0.0,14.94472382406726,0.5049833887043189,1.0
57846,36,heldout_cohort,LifeEnv,2010,4.0,2012,0.114301361396536,0.6719201570053874,0.1333333333333333,0.0,11.593112777572584,0.5049833887043189,1.0
57905,11,dev,DEV_Med,2003,9.0,1996,0.284099881223133,0.6765171582584101,0.1633333333333333,0.0,12.361493946348004,0.3697478991596639,1.0
57905,13,dev,DEV_Med,2003,11.0,2002,0.4190233151107485,0.8669866088439611,0.1266666666666666,0.6178356081929336,12.439051669616466,0.3697478991596639,1.0
57905,33,dev,DEV_Med,2003,4.0,2005,0.0281553368995909,0.130389795590317,0.0033333333333333,0.0,14.439861633391784,0.3697478991596639,1.0
57908,11,dev,DEV_Eng,2006,4.0,2000,0.284099881223133,0.6765171582584101,0.1633333333333333,0.0,12.480156428912768,0.8343949044585988,1.0
57908,19,dev,DEV_Eng,2006,29.0,1996,0.2047677761595473,0.3978920311208057,0.0633333333333333,0.0,11.650903207912132,0.8343949044585988,1.0
57908,23,dev,DEV_Eng,2006,7.0,2003,0.2945059638214947,0.6059324491300307,0.1666666666666666,0.0,12.157837827127732,0.8343949044585988,1.0
57908,33,dev,DEV_Eng,2006,7.0,2002,0.0281553368995909,0.130389795590317,0.0033333333333333,0.485633402675643,14.676509697109008,0.8343949044585988,1.0
58011,32,dev,DEV_Med,2005,17.0,2003,0.0701142639339837,0.4272871063158311,0.0333333333333333,0.0,11.459872728935746,0.7058823529411765,1.0
58011,33,dev,DEV_Med,2005,15.0,1999,0.0281553368995909,0.130389795590317,0.0033333333333333,0.0,14.600690736046182,0.7058823529411765,1.0
58011,36,dev,DEV_Med,2005,26.0,2004,0.114301361396536,0.6719201570053874,0.1333333333333333,0.3235434077967242,11.208571858230476,0.7058823529411765,1.0
58126,12,heldout_cohort,Social,2011,15.0,2011,0.0253491030341127,0.2254857952433978,0.0166666666666666,0.22890238745797,12.794292549903853,0.5975609756097561,1.0
58126,14,heldout_cohort,Social,2011,4.0,2013,0.0771156548797982,0.4276835185413574,0.0,0.0542821830537903,11.75008236900279,0.5975609756097561,0.0
58126,17,heldout_cohort,Social,2011,6.0,2011,0.0972089563793993,0.4363827113448261,0.0,0.0,12.569040745955352,0.5975609756097561,0.0
58126,26,heldout_cohort,Social,2011,5.0,2011,0.1700134038327895,0.5985764093369916,0.1366666666666667,0.0,11.679769527580309,0.5975609756097561,0.0
58126,32,heldout_cohort,Social,2011,2.0,2002,0.0701142639339837,0.4272871063158311,0.0333333333333333,0.0344014276474956,11.804878404272657,0.5975609756097561,0.0
58249,16,heldout_cohort,DEV_Eng,2013,16.0,1999,1.0,1.0,0.2066666666666667,0.0,12.509885169911266,0.8245614035087719,1.0
58249,25,heldout_cohort,DEV_Eng,2013,25.0,2010,0.9592210826637104,0.9720631816283668,0.1466666666666666,0.5217987992617263,12.225635047896224,0.8245614035087719,1.0
58249,31,heldout_cohort,DEV_Eng,2013,7.0,2011,0.4858337648309395,0.6107235613440025,0.1866666666666666,0.1678122609793912,12.731626277760771,0.8245614035087719,1.0
58249,33,heldout_cohort,DEV_Eng,2013,3.0,2013,0.0281553368995909,0.130389795590317,0.0033333333333333,0.485633402675643,15.105906166104626,0.8245614035087719,0.0
58285,27,heldout_field,Social,2008,37.0,1996,0.2997225030505457,0.811891838394721,0.0633333333333333,0.0,14.342163860552343,0.5800865800865801,1.0
58285,33,heldout_field,Social,2008,4.0,1998,0.0281553368995909,0.130389795590317,0.0033333333333333,0.0754621315346449,14.81428556829688,0.5800865800865801,1.0
58285,36,heldout_field,Social,2008,50.0,1995,0.114301361396536,0.6719201570053874,0.1333333333333333,0.2731819003760189,11.47053974847379,0.5800865800865801,1.0
58393,14,heldout_field,Social,2008,13.0,2008,0.0771156548797982,0.4276835185413574,0.0,1.3563194645176344,11.559035851263932,0.5466666666666666,1.0
58393,17,heldout_field,Social,2008,4.0,2009,0.0972089563793993,0.4363827113448261,0.0,0.1055316538394254,12.332242634385866,0.5466666666666666,0.0
58393,22,heldout_field,Social,2008,5.0,2009,0.2427178906876991,0.2868271671031237,0.06,0.0,13.849049777338868,0.5466666666666666,0.0
58393,33,heldout_field,Social,2008,21.0,2008,0.0281553368995909,0.130389795590317,0.0033333333333333,0.0754621315346449,14.81428556829688,0.5466666666666666,1.0
58467,20,heldout_field,Social,2006,3.0,2006,0.1430448780302194,0.5199065083557681,0.0233333333333333,1.3563194645176344,11.284970356658796,0.6956521739130435,1.0
58467,27,heldout_field,Social,2006,2.0,2008,0.2997225030505457,0.811891838394721,0.0633333333333333,0.0,14.168192841833266,0.6956521739130435,0.0
58467,33,heldout_field,Social,2006,21.0,2003,0.0281553368995909,0.130389795590317,0.0033333333333333,0.0542821830537903,14.676509697109008,0.6956521739130435,1.0
58467,36,heldout_field,Social,2006,8.0,2006,0.114301361396536,0.6719201570053874,0.1333333333333333,0.0,11.317141697887028,0.6956521739130435,1.0
58666,13,heldout_cohort,DEV_Eng,2014,10.0,2014,0.4190233151107485,0.8669866088439611,0.1266666666666666,0.0,12.892585366653948,0.8490566037735849,1.0
58666,16,heldout_cohort,DEV_Eng,2014,6.0,1996,1.0,1.0,0.2066666666666667,0.0,12.539017238756038,0.8490566037735849,1.0
58666,25,heldout_cohort,DEV_Eng,2014,13.0,1998,0.9592210826637104,0.9720631816283668,0.1466666666666666,0.5217987992617263,12.292314559892684,0.8490566037735849,1.0
58666,31,heldout_cohort,DEV_Eng,2014,4.0,2011,0.4858337648309395,0.6107235613440025,0.1866666666666666,0.1678122609793912,12.740906745479558,0.8490566037735849,1.0
58980,17,heldout_cohort,DEV_Med,2014,2.0,2014,0.0972089563793993,0.4363827113448261,0.0,0.0,12.699853834686904,0.578125,1.0
58980,19,heldout_cohort,DEV_Med,2014,3.0,2015,0.2047677761595473,0.3978920311208057,0.0633333333333333,0.0,12.052402683472945,0.578125,0.0
58980,22,heldout_cohort,DEV_Med,2014,4.0,2014,0.2427178906876991,0.2868271671031237,0.06,0.0,14.236799801419323,0.578125,1.0
58980,32,heldout_cohort,DEV_Med,2014,5.0,2014,0.0701142639339837,0.4272871063158311,0.0333333333333333,0.0,11.949133140412908,0.578125,1.0
58980,33,heldout_cohort,DEV_Med,2014,6.0,2014,0.0281553368995909,0.130389795590317,0.0033333333333333,0.0,15.14241976318739,0.578125,1.0
58980,36,heldout_cohort,DEV_Med,2014,6.0,2013,0.114301361396536,0.6719201570053874,0.1333333333333333,0.3235434077967242,11.924611184891448,0.578125,1.0
59133,11,heldout_cohort,DEV_CS,2013,3.0,2015,0.284099881223133,0.6765171582584101,0.1633333333333333,0.0,13.076878444933598,0.6230769230769231,1.0
59133,22,heldout_cohort,DEV_CS,2013,23.0,2013,0.2427178906876991,0.2868271671031237,0.06,0.0154378588776776,14.190687577966592,0.6230769230769231,1.0
59269,33,heldout_cohort,Social,2014,2.0,2006,0.0281553368995909,0.130389795590317,0.0033333333333333,0.22890238745797,15.14241976318739,0.0223048327137546,1.0
59420,22,dev,DEV_Med,2004,2.0,2000,0.2427178906876991,0.2868271671031237,0.06,0.0,13.417321415701789,0.8936170212765957,1.0
59420,33,dev,DEV_Med,2004,2.0,2000,0.0281553368995909,0.130389795590317,0.0033333333333333,0.0,14.524249059725388,0.8936170212765957,1.0
59420,35,dev,DEV_Med,2004,5.0,2005,0.1143327370569605,0.4022995149817261,0.04,0.8766510228771948,10.16542865055825,0.8936170212765957,1.0
59471,11,heldout_cohort,Social,2014,2.0,2015,0.284099881223133,0.6765171582584101,0.1633333333333333,0.0,13.094437041963488,0.5567010309278351,1.0
59471,17,heldout_cohort,Social,2014,26.0,2014,0.0972089563793993,0.4363827113448261,0.0,0.0,12.699853834686904,0.5567010309278351,1.0
59471,27,heldout_cohort,Social,2014,8.0,2014,0.2997225030505457,0.811891838394721,0.0633333333333333,0.0,14.658531427910654,0.5567010309278351,1.0
59471,32,heldout_cohort,Social,2014,16.0,2015,0.0701142639339837,0.4272871063158311,0.0333333333333333,0.0344014276474956,11.949133140412908,0.5567010309278351,1.0
59618,27,heldout_cohort,Social,2013,13.0,2013,0.2997225030505457,0.811891838394721,0.0633333333333333,0.0,14.625370868702468,0.3352601156069364,1.0
59618,32,heldout_cohort,Social,2013,4.0,2015,0.0701142639339837,0.4272871063158311,0.0333333333333333,0.0344014276474956,11.907349847961411,0.3352601156069364,1.0
59618,36,heldout_cohort,Social,2013,7.0,2013,0.114301361396536,0.6719201570053874,0.1333333333333333,0.0,11.822907044916777,0.3352601156069364,1.0
59632,33,dev,DEV_Med,2008,2.0,2010,0.0281553368995909,0.130389795590317,0.0033333333333333,0.0,14.81428556829688,0.7298850574712644,1.0
59632,36,dev,DEV_Med,2008,5.0,2008,0.114301361396536,0.6719201570053874,0.1333333333333333,0.3235434077967242,11.47053974847379,0.7298850574712644,1.0
59747,13,dev,DEV_Med,2009,9.0,2010,0.4190233151107485,0.8669866088439611,0.1266666666666666,0.6178356081929336,12.709269242131674,0.9030303030303032,0.0
59747,33,dev,DEV_Med,2009,8.0,2010,0.0281553368995909,0.130389795590317,0.0033333333333333,0.0,14.879776023424252,0.9030303030303032,1.0
59894,11,heldout_field,Social,2007,9.0,2003,0.284099881223133,0.6765171582584101,0.1633333333333333,0.0,12.570090563724165,0.5,0.0
59894,13,heldout_field,Social,2007,7.0,2008,0.4190233151107485,0.8669866088439611,0.1266666666666666,0.0,12.624891527128527,0.5,0.0
59894,19,heldout_field,Social,2007,8.0,1999,0.2047677761595473,0.3978920311208057,0.0633333333333333,0.0,11.611756711265157,0.5,0.0
59894,23,heldout_field,Social,2007,5.0,1998,0.2945059638214947,0.6059324491300307,0.1666666666666666,0.0,12.249424237918277,0.5,1.0
59894,27,heldout_field,Social,2007,2.0,2000,0.2997225030505457,0.811891838394721,0.0633333333333333,0.0,14.270774210544406,0.5,0.0
59894,33,heldout_field,Social,2007,10.0,1996,0.0281553368995909,0.130389795590317,0.0033333333333333,0.22890238745797,14.747540378013614,0.5,1.0
59928,35,heldout_cohort,DEV_Med,2014,2.0,2016,0.1143327370569605,0.4022995149817261,0.04,0.8766510228771948,11.068542797752952,0.9207317073170732,0.0
59966,12,heldout_cohort,DEV_Eng,2013,2.0,2015,0.0253491030341127,0.2254857952433978,0.0166666666666666,0.0,12.881038034529723,0.6037151702786377,1.0
59966,13,heldout_cohort,DEV_Eng,2013,9.0,2014,0.4190233151107485,0.8669866088439611,0.1266666666666666,0.0,12.855894701351746,0.6037151702786377,1.0
59966,16,heldout_cohort,DEV_Eng,2013,6.0,2014,1.0,1.0,0.2066666666666667,0.0,12.509885169911266,0.6037151702786377,1.0
59966,25,heldout_cohort,DEV_Eng,2013,13.0,2012,0.9592210826637104,0.9720631816283668,0.1466666666666666,0.5217987992617263,12.225635047896224,0.6037151702786377,1.0
59966,27,heldout_cohort,DEV_Eng,2013,55.0,2000,0.2997225030505457,0.811891838394721,0.0633333333333333,0.0,14.625370868702468,0.6037151702786377,1.0
59966,28,heldout_cohort,DEV_Eng,2013,3.0,2015,0.1756430657565985,0.5521514721963489,0.0633333333333333,0.0,11.699388434264732,0.6037151702786377,1.0
59966,31,heldout_cohort,DEV_Eng,2013,10.0,2013,0.4858337648309395,0.6107235613440025,0.1866666666666666,0.1678122609793912,12.731626277760771,0.6037151702786377,1.0
59966,33,heldout_cohort,DEV_Eng,2013,3.0,2015,0.0281553368995909,0.130389795590317,0.0033333333333333,0.485633402675643,15.105906166104626,0.6037151702786377,1.0
59966,35,heldout_cohort,DEV_Eng,2013,2.0,2015,0.1143327370569605,0.4022995149817261,0.04,0.0,10.99319363173324,0.6037151702786377,1.0
60001,33,dev,DEV_Med,2003,2.0,2005,0.0281553368995909,0.130389795590317,0.0033333333333333,0.0,14.439861633391784,0.6219512195121951,0.0
60001,36,dev,DEV_Med,2003,6.0,2003,0.114301361396536,0.6719201570053874,0.1333333333333333,0.3235434077967242,12.28882705782252,0.6219512195121951,1.0
60116,20,dev,DEV_Med,2005,5.0,2005,0.1430448780302194,0.5199065083557681,0.0233333333333333,0.0,11.236855707846614,0.8414634146341463,1.0
60116,33,dev,DEV_Med,2005,11.0,2005,0.0281553368995909,0.130389795590317,0.0033333333333333,0.0,14.600690736046182,0.8414634146341463,0.0
60116,36,dev,DEV_Med,2005,2.0,2007,0.114301361396536,0.6719201570053874,0.1333333333333333,0.3235434077967242,11.208571858230476,0.8414634146341463,1.0
60118,12,heldout_field,Social,2007,3.0,1998,0.0253491030341127,0.2254857952433978,0.0166666666666666,0.22890238745797,12.590263043359483,0.421455938697318,1.0
60118,14,heldout_field,Social,2007,10.0,2001,0.0771156548797982,0.4276835185413574,0.0,0.0542821830537903,11.45263391267998,0.421455938697318,1.0
60118,17,heldout_field,Social,2007,21.0,1997,0.0972089563793993,0.4363827113448261,0.0,0.0,12.205492477265109,0.421455938697318,1.0
60118,22,heldout_field,Social,2007,3.0,2001,0.2427178906876991,0.2868271671031237,0.06,0.485633402675643,13.745975039270956,0.421455938697318,1.0
60118,27,heldout_field,Social,2007,2.0,2009,0.2997225030505457,0.811891838394721,0.0633333333333333,0.0,14.270774210544406,0.421455938697318,0.0
60118,32,heldout_field,Social,2007,3.0,2008,0.0701142639339837,0.4272871063158311,0.0333333333333333,0.0344014276474956,11.536221981520663,0.421455938697318,1.0
60132,12,heldout_cohort,Social,2012,3.0,2014,0.0253491030341127,0.2254857952433978,0.0166666666666666,0.22890238745797,12.834657304664542,0.5555555555555556,1.0
60132,14,heldout_cohort,Social,2012,3.0,2012,0.0771156548797982,0.4276835185413574,0.0,0.0542821830537903,11.856231441170006,0.5555555555555556,0.0
60162,20,heldout_cohort,DEV_Med,2010,9.0,2010,0.1430448780302194,0.5199065083557681,0.0233333333333333,0.0,11.52046695630357,0.4123711340206185,0.0
60162,36,heldout_cohort,DEV_Med,2010,24.0,2009,0.114301361396536,0.6719201570053874,0.1333333333333333,0.3235434077967242,11.593112777572584,0.4123711340206185,1.0
60210,17,heldout_cohort,DEV_Eng,2012,8.0,2012,0.0972089563793993,0.4363827113448261,0.0,0.0154378588776776,12.635833539535932,0.8,1.0
60210,31,heldout_cohort,DEV_Eng,2012,3.0,2006,0.4858337648309395,0.6107235613440025,0.1866666666666666,0.1678122609793912,12.711470565928106,0.8,1.0
60210,33,heldout_cohort,DEV_Eng,2012,4.0,2013,0.0281553368995909,0.130389795590317,0.0033333333333333,0.485633402675643,15.060979561483409,0.8,0.0
60250,11,dev,DEV_Med,2005,13.0,2003,0.284099881223133,0.6765171582584101,0.1633333333333333,0.0,12.400088061852385,0.5416666666666666,1.0
60250,13,dev,DEV_Med,2005,5.0,2005,0.4190233151107485,0.8669866088439611,0.1266666666666666,0.6178356081929336,12.527764763771938,0.5416666666666666,1.0
60250,23,dev,DEV_Med,2005,2.0,2007,0.2945059638214947,0.6059324491300307,0.1666666666666666,0.0,12.086213080377966,0.5416666666666666,1.0
60250,33,dev,DEV_Med,2005,4.0,2006,0.0281553368995909,0.130389795590317,0.0033333333333333,0.0,14.600690736046182,0.5416666666666666,1.0
60293,13,dev,DEV_Med,2009,2.0,2005,0.4190233151107485,0.8669866088439611,0.1266666666666666,0.6178356081929336,12.709269242131674,0.9097744360902256,1.0
60293,35,dev,DEV_Med,2009,2.0,2009,0.1143327370569605,0.4022995149817261,0.04,0.8766510228771948,10.575870643743343,0.9097744360902256,1.0
60293,36,dev,DEV_Med,2009,3.0,2009,0.114301361396536,0.6719201570053874,0.1333333333333333,0.3235434077967242,11.549151313374272,0.9097744360902256,1.0
60310,12,dev,DEV_Med,2004,7.0,2002,0.0253491030341127,0.2254857952433978,0.0166666666666666,0.0,12.483393727819792,0.5985915492957746,0.0
60310,13,dev,DEV_Med,2004,4.0,2005,0.4190233151107485,0.8669866088439611,0.1266666666666666,0.6178356081929336,12.466380951809448,0.5985915492957746,1.0
60310,20,dev,DEV_Med,2004,2.0,2005,0.1430448780302194,0.5199065083557681,0.0233333333333333,0.0,11.181932191381277,0.5985915492957746,0.0
60310,33,dev,DEV_Med,2004,8.0,2003,0.0281553368995909,0.130389795590317,0.0033333333333333,0.0,14.524249059725388,0.5985915492957746,1.0
60310,36,dev,DEV_Med,2004,9.0,2001,0.114301361396536,0.6719201570053874,0.1333333333333333,0.3235434077967242,11.04809244505471,0.5985915492957746,1.0
60345,22,heldout_cohort,DEV_BGM,2011,2.0,2013,0.2427178906876991,0.2868271671031237,0.06,0.0,14.068122810373664,0.7472527472527473,1.0
60345,23,heldout_cohort,DEV_BGM,2011,5.0,2012,0.2945059638214947,0.6059324491300307,0.1666666666666666,0.0,12.49210085109777,0.7472527472527473,1.0
60345,24,heldout_cohort,DEV_BGM,2011,3.0,2013,0.2764936642372434,0.6093573920911397,0.0166666666666666,0.9968099910970172,10.4369353543384,0.7472527472527473,1.0
60345,27,heldout_cohort,DEV_BGM,2011,27.0,2000,0.2997225030505457,0.811891838394721,0.0633333333333333,0.6178356081929336,14.575169000029328,0.7472527472527473,1.0
60400,32,heldout_cohort,DEV_Med,2012,7.0,2012,0.0701142639339837,0.4272871063158311,0.0333333333333333,0.0,11.854982079885342,0.524390243902439,0.0
60400,33,heldout_cohort,DEV_Med,2012,13.0,2012,0.0281553368995909,0.130389795590317,0.0033333333333333,0.0,15.060979561483409,0.524390243902439,0.0
60403,14,heldout_cohort,LifeEnv,2011,4.0,2011,0.0771156548797982,0.4276835185413574,0.0,0.0,11.75008236900279,0.60625,1.0
60403,23,heldout_cohort,LifeEnv,2011,3.0,2013,0.2945059638214947,0.6059324491300307,0.1666666666666666,0.9651779401213606,12.49210085109777,0.60625,1.0
60403,27,heldout_cohort,LifeEnv,2011,15.0,2011,0.2997225030505457,0.811891838394721,0.0633333333333333,0.0,14.575169000029328,0.60625,1.0
60403,33,heldout_cohort,LifeEnv,2011,13.0,2012,0.0281553368995909,0.130389795590317,0.0033333333333333,0.0,15.005092407444348,0.60625,1.0
60405,11,heldout_field,Social,2005,3.0,2006,0.284099881223133,0.6765171582584101,0.1633333333333333,0.0,12.400088061852385,0.5126835781041389,0.0
60405,13,heldout_field,Social,2005,2.0,2007,0.4190233151107485,0.8669866088439611,0.1266666666666666,0.0,12.527764763771938,0.5126835781041389,0.0
60405,14,heldout_field,Social,2005,8.0,2005,0.0771156548797982,0.4276835185413574,0.0,0.0542821830537903,11.198392786467558,0.5126835781041389,1.0
60405,17,heldout_field,Social,2005,4.0,2006,0.0972089563793993,0.4363827113448261,0.0,0.0,11.91333782944174,0.5126835781041389,0.0
60405,19,heldout_field,Social,2005,15.0,2006,0.2047677761595473,0.3978920311208057,0.0633333333333333,0.0,11.62427898663946,0.5126835781041389,1.0
60405,20,heldout_field,Social,2005,11.0,2005,0.1430448780302194,0.5199065083557681,0.0233333333333333,0.0754621315346449,11.236855707846614,0.5126835781041389,1.0
60405,22,heldout_field,Social,2005,19.0,2005,0.2427178906876991,0.2868271671031237,0.06,0.485633402675643,13.529160930746272,0.5126835781041389,1.0
60405,23,heldout_field,Social,2005,24.0,2005,0.2945059638214947,0.6059324491300307,0.1666666666666666,0.0,12.086213080377966,0.5126835781041389,1.0
60405,27,heldout_field,Social,2005,86.0,2005,0.2997225030505457,0.811891838394721,0.0633333333333333,0.0,14.068090962336957,0.5126835781041389,1.0
60405,31,heldout_field,Social,2005,2.0,2006,0.4858337648309395,0.6107235613440025,0.1866666666666666,0.0,12.4902736661453,0.5126835781041389,0.0
60405,32,heldout_field,Social,2005,18.0,2006,0.0701142639339837,0.4272871063158311,0.0333333333333333,0.0344014276474956,11.459872728935746,0.5126835781041389,1.0
60405,35,heldout_field,Social,2005,2.0,2007,0.1143327370569605,0.4022995149817261,0.04,0.0,10.256781788315385,0.5126835781041389,0.0
60405,36,heldout_field,Social,2005,17.0,2005,0.114301361396536,0.6719201570053874,0.1333333333333333,0.0,11.208571858230476,0.5126835781041389,1.0
60448,20,heldout_field,OtherHealth,2003,2.0,2005,0.1430448780302194,0.5199065083557681,0.0233333333333333,0.2731819003760189,11.117806648916208,0.3154362416107382,1.0
60448,27,heldout_field,OtherHealth,2003,19.0,2002,0.2997225030505457,0.811891838394721,0.0633333333333333,0.3235434077967242,13.91359960042358,0.3154362416107382,1.0
60448,29,heldout_field,OtherHealth,2003,2.0,2003,0.2282011703966172,0.6285132497559468,0.0666666666666666,0.7031567492698448,6.169610732491456,0.3154362416107382,0.0
60448,33,heldout_field,OtherHealth,2003,3.0,2003,0.0281553368995909,0.130389795590317,0.0033333333333333,0.0,14.439861633391784,0.3154362416107382,1.0
60811,33,dev,DEV_Med,2007,2.0,2004,0.0281553368995909,0.130389795590317,0.0033333333333333,0.0,14.747540378013614,0.8761061946902655,1.0
