concept_id,cidx,name,level,t0,newborn,home,home_primary,home_weak,home_thin,intersection_born,group,split,n_early,label_coverage_early,precision_est,p_notag,home_gateway,O1,O3,peak_year,N_outcome,O2r_m30,O2r_m50,O2_raw,O2r_resid
https://openalex.org/C739882,94,Anomaly detection,2,2003,True,17,17,False,False,0,DEV_CS,dev,160.0,0.5875,0.970604733190633,1.0,0.0972089563793993,1.0,0.0,2010.0,343.0,4.18722225912469,5.162557984117685,2.0,0.4886429815110937
https://openalex.org/C1124016,154,Biohydrogen,4,2004,True,22,22,True,False,0,DEV_Eng,dev,102.0,0.5588235294117647,0.9550605294225968,1.0,0.2427178906876991,0.0,0.0,2011.0,125.0,5.002240618280212,5.791064322153572,3.0,1.2865167510807556
https://openalex.org/C1759631,230,Networked control system,3,2004,True,22,22,False,False,0,DEV_Eng,dev,169.0,0.8757396449704142,0.9772781259179796,1.0,0.2427178906876991,0.0,0.0,2008.0,334.0,2.682989928444354,3.091334151777974,2.0,-1.0135053112811954
https://openalex.org/C3231350,423,Polymer nanocomposite,3,2003,True,22,22,False,False,0,DEV_Eng,dev,125.0,0.688,0.9662857810087264,0.9804734939272756,0.2427178906876991,0.0,0.0,2011.0,258.0,3.6235338111226896,3.9675212680475154,3.0,-0.0844464111865908
https://openalex.org/C6202296,804,Pseudocapacitor,5,2012,True,25|22,25,False,False,1,Physical,heldout_cohort,162.0,0.8518518518518519,0.9483458645609012,1.0,0.6009694866757047,0.0,0.0,2016.0,180.0,3.513402380593995,4.0104199493289965,2.0,-0.18470382164643429
https://openalex.org/C6832461,879,Cooperative diversity,4,2006,True,22,22,False,False,0,DEV_Eng,dev,100.0,0.84,0.973216713986098,1.0,0.2427178906876991,0.0,1.0,2010.0,51.0,4.112605041611649,4.960784313725491,2.0,0.3961270492186801
https://openalex.org/C7646194,1002,Attribute-based encryption,4,2012,True,17,17,False,False,0,DEV_CS,heldout_cohort,115.0,0.5826086956521739,0.982266840956218,1.0,0.0972089563793993,0.0,0.0,2018.0,164.0,2.5162305707966497,2.8229836898044907,2.0,-1.1949249964320736
https://openalex.org/C9529602,1242,Photojournalism,3,2013,True,33,33,False,False,0,Social,heldout_cohort,274.0,0.1496350364963503,0.9590997562953651,0.9781379469062728,0.0281553368995909,0.0,0.0,2015.0,33.0,3.818181818181822,,1.0,0.14008895774155983
https://openalex.org/C9760119,1274,Interactome,3,2004,True,13,13,False,False,0,DEV_BGM,dev,80.0,0.8875,0.9540454060386254,1.0,0.4190233151107485,1.0,0.0,2012.0,209.0,4.860636171027753,6.187257335793652,2.0,1.1356604085510966
https://openalex.org/C10558101,1371,Smart grid,2,2009,True,22,22,False,False,0,DEV_Eng,dev,897.0,0.7212931995540691,0.9699687876943222,0.977903494128186,0.2427178906876991,0.0,0.0,2013.0,1690.0,3.455614099277445,4.164570339660875,4.0,-0.1773161680957038
https://openalex.org/C14158195,1847,HOMO/LUMO,3,2011,True,16,16,False,False,0,Physical,heldout_cohort,138.0,0.3333333333333333,0.968317601662802,1.0,1.0,1.0,0.0,2014.0,77.0,5.936454778772567,7.437080316521281,1.0,2.2322423952558994
https://openalex.org/C15083742,1980,Nanomedicine,3,2005,True,22,22,True,False,0,DEV_Eng,dev,171.0,0.2807017543859649,0.9579678147188132,0.9760024096521654,0.2427178906876991,1.0,0.0,2013.0,210.0,7.275705649533568,8.577431630786176,5.0,3.5796584394204607
https://openalex.org/C16246696,2125,Susceptibility weighted imaging,3,2008,True,27,27,False,False,0,DEV_Med,dev,189.0,0.8412698412698413,0.9803501445925064,1.0,0.2997225030505457,0.0,0.0,2010.0,166.0,2.5866731619570857,3.12168423888687,1.0,-1.1055626620998766
https://openalex.org/C16671776,2176,Exome sequencing,4,2010,True,13,13,False,False,0,DEV_BGM,heldout_cohort,451.0,0.8337028824833703,0.9697824621402802,1.0,0.4190233151107485,1.0,0.0,2017.0,1456.0,3.8097189971141634,4.749062233044275,4.0,0.1506039301245683
https://openalex.org/C17480853,2300,Endomicroscopy,3,2007,True,27,27,False,False,0,DEV_Med,dev,135.0,0.8962962962962963,0.9570882484237326,1.0,0.2997225030505457,0.0,0.0,2015.0,277.0,3.049357570416678,3.646159548939313,2.0,-0.6556918155358074
https://openalex.org/C17652562,2324,LTE Advanced,3,2009,True,22,22,False,False,0,DEV_Eng,dev,109.0,0.7522935779816514,0.9740672327198936,1.0,0.2427178906876991,0.0,1.0,2013.0,71.0,2.968604779202168,2.999621111721358,2.0,-0.744591387457163
https://openalex.org/C18150654,2386,Nanocarriers,3,2005,True,25,25,True,False,0,Physical,heldout_field,110.0,0.4818181818181818,0.952009414826774,0.973032025187652,0.9592210826637104,1.0,0.0,2013.0,374.0,6.6276174899801426,7.39690395762492,6.0,2.9147691072704567
https://openalex.org/C19829342,2614,Ocean acidification,3,2007,True,19|23,19,False,False,1,LifeEnv,heldout_field,181.0,0.6132596685082873,0.9727520432016704,0.9859118505875928,0.249636869990521,1.0,0.0,2014.0,474.0,4.659569702749375,5.572295788996748,3.0,0.9656868294443459
https://openalex.org/C20479862,2713,Contourlet,4,2006,True,17,17,False,False,0,DEV_CS,dev,180.0,0.8166666666666667,0.9529527933281836,1.0,0.0972089563793993,0.0,0.0,2012.0,366.0,3.996599069206086,4.792569134711164,3.0,0.3025052143209175
https://openalex.org/C21565614,2880,Metabolomics,2,2003,True,13,13,False,False,0,DEV_BGM,dev,189.0,0.746031746031746,0.953442766532846,0.9761808684468124,0.4190233151107485,1.0,0.0,2011.0,998.0,5.7546424795489655,6.581101026897818,6.0,2.062406655492003
https://openalex.org/C21839126,2935,Green economy,3,2010,True,33,33,False,False,0,Social,heldout_cohort,170.0,0.3764705882352941,0.9738428432776144,0.9845976219459918,0.0281553368995909,0.0,0.0,2015.0,114.0,6.8833061003885065,7.93352119943038,3.0,3.187035534340055
https://openalex.org/C21946209,2949,Nanofluid,3,2004,True,22,22,False,False,0,DEV_Eng,dev,201.0,0.6716417910447762,0.9492910851836246,0.974119628082418,0.2427178906876991,1.0,0.0,2012.0,1453.0,3.776404231937966,4.571361662176394,5.0,0.0865126603519561
https://openalex.org/C22615655,3048,Small interfering RNA,4,2003,True,13,13,False,False,0,DEV_BGM,dev,229.0,0.8209606986899564,0.9794719695554291,1.0,0.4190233151107485,0.0,0.0,2011.0,329.0,4.798743203810099,6.026040514772746,2.0,1.1138181862023382
https://openalex.org/C24066741,3233,Mass spectrometry imaging,3,2010,True,16,16,False,False,0,Physical,heldout_cohort,96.0,0.6875,0.9809779884009372,1.0,1.0,1.0,0.0,2018.0,262.0,5.671419984067066,6.861356604355148,3.0,1.9533874053024656
https://openalex.org/C24432333,3285,Whole genome sequencing,4,2010,True,13,13,False,False,0,DEV_BGM,heldout_cohort,167.0,0.6526946107784432,0.9800646748386408,1.0,0.4190233151107485,1.0,0.0,2016.0,668.0,4.067299832971405,4.827071164895457,3.0,0.3703512298223033
https://openalex.org/C26796778,3583,Selective laser melting,3,2009,True,22,22,False,False,0,DEV_Eng,dev,149.0,0.87248322147651,0.9792976609240878,1.0,0.2427178906876991,1.0,0.0,2017.0,757.0,3.701845772821992,4.5976527215452325,3.0,0.0005540036575468
https://openalex.org/C27983359,3760,Zeolitic imidazolate framework,4,2010,True,16,16,False,False,0,Physical,heldout_cohort,104.0,0.9230769230769232,0.977407409133392,1.0,1.0,1.0,0.0,2018.0,357.0,4.859249752289219,5.655633526660013,3.0,1.1442653661462714
https://openalex.org/C30080830,4036,Graphene,2,2004,True,31,31,False,False,0,Physical,heldout_field,265.0,0.7773584905660378,0.9562351577634308,0.9765890432644648,0.4858337648309395,1.0,0.0,2012.0,13874.0,4.842791630473087,5.405105855586177,10.0,1.1634268941198807
https://openalex.org/C31548570,4235,Wireless mesh network,4,2006,True,22,22,False,False,0,DEV_Eng,dev,442.0,0.7398190045248869,0.9759241647928236,1.0,0.2427178906876991,0.0,0.0,2011.0,651.0,3.344723153207576,3.723469233794399,3.0,-0.3151595516441055
https://openalex.org/C33099171,4446,Harmony search,2,2008,True,22,22,False,False,0,DEV_Eng,dev,140.0,0.7571428571428571,0.967175522584472,1.0,0.2427178906876991,0.0,0.0,2013.0,398.0,3.9781560248394254,4.861001635181719,2.0,0.2744915943419808
https://openalex.org/C33199155,4460,Sharing economy,2,2014,True,33,33,False,False,0,Social,heldout_cohort,302.0,0.4006622516556291,0.9711311248104192,0.9848980185138116,0.0281553368995909,0.0,0.0,2020.0,537.0,5.262189938250409,6.145795972173484,5.0,1.5878024225090615
https://openalex.org/C34947359,4702,Complex network,2,2003,True,31,31,False,False,0,Physical,heldout_field,182.0,0.7912087912087912,0.9624452585281048,1.0,0.4858337648309395,1.0,0.0,2011.0,615.0,5.666288341518754,6.7783816840815145,5.0,1.9726152873550182
https://openalex.org/C39190425,5256,Feshbach resonance,3,2003,True,31,31,False,False,0,Physical,heldout_field,163.0,0.950920245398773,0.9670515460086486,1.0,0.4858337648309395,0.0,0.0,2005.0,122.0,1.678769814388121,2.063541525538425,1.0,-2.01910203586468
https://openalex.org/C39302471,5275,Offshoring,3,2004,True,14,14,True,False,0,Social,heldout_field,196.0,0.4336734693877551,0.9576630643137048,1.0,0.0771156548797982,0.0,0.0,2011.0,204.0,4.088578871731701,4.7380569676605875,3.0,0.3977280031297781
https://openalex.org/C39336286,5284,Conjugated microporous polymer,3,2013,True,25,25,False,False,0,Physical,heldout_cohort,87.0,0.8850574712643678,0.9764423936972864,1.0,0.9592210826637104,1.0,0.0,2021.0,168.0,4.22409911561579,4.569285804341654,3.0,0.5023177343388068
https://openalex.org/C44552347,5992,Metamaterial absorber,4,2010,True,22,22,False,False,0,DEV_Eng,heldout_cohort,97.0,0.8144329896907216,0.9739068041252326,1.0,0.2427178906876991,1.0,0.0,2018.0,335.0,4.0478379472132255,4.393305316032915,4.0,0.3302000049108287
https://openalex.org/C45715564,6133,Connectome,3,2011,True,28,28,False,False,0,LifeEnv,heldout_cohort,168.0,0.7857142857142857,0.955233161107029,1.0,0.1756430657565985,1.0,0.0,2019.0,424.0,4.927340044536178,5.852485152049526,3.0,1.2306187977507883
https://openalex.org/C45849291,6156,Photoredox catalysis,4,2012,True,16,16,False,False,0,Physical,heldout_cohort,175.0,0.8285714285714286,0.9734868643186604,0.9852745045653418,1.0,0.0,0.0,2016.0,238.0,2.286482875877925,2.84611130177682,1.0,-1.4086837845358322
https://openalex.org/C46721173,6266,Endocannabinoid system,3,2004,True,27,27,False,False,0,DEV_Med,dev,102.0,0.6862745098039216,0.9714470657378924,1.0,0.2997225030505457,0.0,0.0,2008.0,145.0,4.459457421084307,5.112810162930012,3.0,0.7437335538848515
https://openalex.org/C47056694,6313,Chronotype,3,2009,True,28,28,False,False,0,LifeEnv,heldout_field,72.0,0.6388888888888888,0.9500924324805704,0.9778834748877157,0.1756430657565985,1.0,0.0,2017.0,176.0,5.5552320727530695,6.274347545504761,3.0,1.826243962921152
https://openalex.org/C47742525,6427,Innate lymphoid cell,4,2011,True,24,24,False,False,0,LifeEnv,heldout_cohort,146.0,0.863013698630137,0.9744809529548906,0.9863544308782564,0.2764936642372434,1.0,0.0,2019.0,530.0,3.5794258369681966,3.968274891050344,3.0,-0.12264050963397422
https://openalex.org/C48548287,6538,Mean-shift,3,2006,True,17,17,False,False,0,DEV_CS,dev,157.0,0.7579617834394905,0.9676074675512696,1.0,0.0972089563793993,1.0,0.0,2009.0,236.0,3.964681795264518,4.6471968083054165,2.0,0.2653816997056948
https://openalex.org/C48620588,6545,Soft matter,3,2005,True,31,31,False,False,0,Physical,heldout_field,272.0,0.2279411764705882,0.9703631995172268,0.9815152406055858,0.4858337648309395,1.0,0.0,2005.0,73.0,6.499686853849036,7.463756269191813,2.0,2.8213150025799574
https://openalex.org/C50738837,6827,Optogenetics,2,2010,True,13,13,False,False,0,DEV_BGM,heldout_cohort,305.0,0.740983606557377,0.9470708167848888,0.9730425585981426,0.4190233151107485,1.0,0.0,2018.0,764.0,5.271582757872463,6.049003271159044,5.0,1.5975716743013306
https://openalex.org/C50907047,6855,Pentaquark,3,2003,True,31,31,False,False,0,Physical,heldout_field,266.0,0.7894736842105263,0.9533670866191646,0.9757256901420672,0.4858337648309395,0.0,0.0,2005.0,8.0,,,0.0,
https://openalex.org/C51620047,6960,Memetics,2,2007,True,17,17,True,False,0,DEV_CS,dev,122.0,0.5573770491803278,0.9442263004366612,1.0,0.0972089563793993,0.0,0.0,2011.0,73.0,4.400066995075409,4.684895030585792,3.0,0.6911616565575285
https://openalex.org/C52421305,7077,Particle filter,3,2003,True,22,22,False,False,0,DEV_Eng,dev,142.0,0.5915492957746479,0.9684906101521196,0.98014415379376,0.2427178906876991,1.0,0.0,2011.0,725.0,4.075712968429073,4.915626417727262,3.0,0.3725887183050811
https://openalex.org/C54290928,7326,Wearable technology,3,2014,True,27,27,True,False,0,DEV_Med,heldout_cohort,186.0,0.4462365591397849,0.9702607825972877,1.0,0.2997225030505457,1.0,0.0,2020.0,194.0,8.015106744750122,9.267054589007705,5.0,4.322261594449037
https://openalex.org/C54776530,7383,Anammox,5,2004,True,23,23,False,False,0,LifeEnv,heldout_field,121.0,0.6446280991735537,0.954752494821408,0.9723271138071352,0.2945059638214947,0.0,0.0,2012.0,250.0,4.953570514162798,5.602885003925549,4.0,1.2443517411363945
https://openalex.org/C55427017,7481,Cancer stem cell,3,2005,True,27|13,27,False,False,1,DEV_Med,dev,243.0,0.8189300411522634,0.9781209764280028,0.9868532972939285,0.3593729090806471,1.0,0.0,2013.0,1409.0,3.2074284889817384,3.863185662208792,4.0,-0.4752367594629469
https://openalex.org/C55721878,7527,Myeloid-derived Suppressor Cell,4,2008,True,24,24,False,False,0,LifeEnv,heldout_field,158.0,0.8354430379746836,0.9827281671191592,1.0,0.2764936642372434,1.0,0.0,2016.0,488.0,3.5147504875843003,3.8184287602915417,3.0,-0.18430781619203795
https://openalex.org/C56085101,7572,Biochar,3,2009,True,23,23,False,False,0,LifeEnv,heldout_field,455.0,0.6,0.952141074038414,0.9756245820395044,0.2945059638214947,1.0,0.0,2017.0,2753.0,5.709530853317975,6.664090283004175,8.0,2.050752054100988
https://openalex.org/C57041688,7714,Service-oriented architecture,3,2004,True,17,17,False,False,0,DEV_CS,dev,137.0,0.5036496350364964,0.9816138230401692,1.0,0.0972089563793993,0.0,0.0,2008.0,164.0,4.836783256427314,5.879843162358997,2.0,1.1322939111239911
https://openalex.org/C57130246,7727,Broadside,2,2007,True,22,22,False,False,0,DEV_Eng,dev,101.0,0.5643564356435643,0.9489849182410112,0.973135585582782,0.2427178906876991,1.0,0.0,2009.0,94.0,5.198715074597895,5.684382182551044,2.0,1.4826160114787004
https://openalex.org/C58801389,7953,Loop quantum gravity,4,2004,True,31,31,False,False,0,Physical,heldout_field,75.0,0.76,0.9818164662802926,0.9898425072371309,0.4858337648309395,0.0,0.0,2006.0,70.0,2.413019248758974,2.714221048257372,1.0,-1.3144142747013108
https://openalex.org/C58916441,7969,Carbon nanotube field-effect transistor,5,2004,True,22,22,False,False,0,DEV_Eng,dev,88.0,0.7272727272727273,0.988702461293399,1.0,0.2427178906876991,0.0,0.0,2010.0,111.0,5.076355661820599,5.901307745791781,3.0,1.3550095090272247
https://openalex.org/C59491497,8035,Biosimilar,2,2007,True,27,27,False,False,0,DEV_Med,dev,133.0,0.6466165413533834,0.9468620284036644,0.9699789458473236,0.2997225030505457,1.0,0.0,2015.0,635.0,4.458268073385581,5.349670897147711,3.0,0.7526502876601966
https://openalex.org/C60515610,8153,Bioelectronics,3,2013,True,22,22,False,False,0,DEV_Eng,heldout_cohort,109.0,0.6146788990825688,0.9502202978680468,1.0,0.2427178906876991,1.0,0.0,2021.0,200.0,4.903745591460612,5.885899769412522,3.0,1.1905494248012816
https://openalex.org/C60679458,8182,Working capital,2,2009,True,14,14,False,False,0,Social,heldout_field,164.0,0.4878048780487805,0.9721154279851052,0.98361117245336,0.0771156548797982,1.0,0.0,2017.0,279.0,4.83539393069927,5.713595146429097,3.0,1.137754999079644
https://openalex.org/C62203573,8383,Long non-coding RNA,4,2012,True,13,13,False,False,0,DEV_BGM,heldout_cohort,219.0,0.7899543378995434,0.9862588457940138,1.0,0.4190233151107485,1.0,0.0,2020.0,1882.0,3.2567142146393326,3.9366686733129344,5.0,-0.4299111781670941
https://openalex.org/C62230096,8384,Crowdsourcing,2,2009,True,14,14,True,False,0,Social,heldout_field,248.0,0.4032258064516129,0.9578809022778838,0.9772643273425824,0.0771156548797982,1.0,0.0,2015.0,889.0,8.501186004067632,10.236607018658633,9.0,4.819296384833863
https://openalex.org/C62973154,8477,Cloaking,3,2007,True,22,22,False,False,0,DEV_Eng,dev,149.0,0.6778523489932886,0.950044327807556,1.0,0.2427178906876991,0.0,0.0,2013.0,156.0,5.995992091612573,6.847950609046941,3.0,2.2947003224481275
https://openalex.org/C65371982,8820,Organic electronics,4,2008,True,22,22,False,False,0,DEV_Eng,dev,106.0,0.839622641509434,0.9732719048738424,0.9849264584899172,0.2427178906876991,0.0,0.0,2014.0,136.0,4.710749606830268,5.555970115689917,3.0,0.9964906155303126
https://openalex.org/C66187686,8942,Polymer solar cell,3,2007,True,22,22,False,False,0,DEV_Eng,dev,140.0,0.6857142857142857,0.9757403113689912,0.985743429036777,0.2427178906876991,1.0,0.0,2014.0,833.0,4.409078097020391,5.244957998889708,4.0,0.7054136665229449
https://openalex.org/C66324658,8951,Resting state fMRI,2,2008,True,28,28,False,False,0,LifeEnv,heldout_field,103.0,0.8543689320388349,0.9809108787995936,1.0,0.1756430657565985,1.0,0.0,2015.0,320.0,4.913347709281354,5.908979198113311,3.0,1.1979953774952836
https://openalex.org/C66402592,8963,Sentiment analysis,2,2009,True,17,17,False,False,0,DEV_CS,dev,109.0,0.4311926605504587,0.9703159118683712,0.9837583095078358,0.0972089563793993,1.0,0.0,2017.0,683.0,4.872558110539481,5.937391791645135,4.0,1.159361943880151
https://openalex.org/C66910140,9023,Biodiesel production,4,2004,True,22,22,False,False,0,DEV_Eng,dev,138.0,0.5289855072463768,0.9720464878556992,0.9854948434492136,0.2427178906876991,1.0,0.0,2012.0,712.0,5.403617014058727,6.314632113708033,6.0,1.6994046305420598
https://openalex.org/C66972969,9035,Organocatalysis,4,2004,True,16,16,False,False,0,Physical,heldout_field,88.0,0.9318181818181818,0.9593311709852002,1.0,1.0,1.0,0.0,2012.0,256.0,2.117874413934379,2.694677722447031,1.0,-1.6034717388589952
https://openalex.org/C67339327,9078,Gene regulatory network,4,2004,True,13,13,False,False,0,DEV_BGM,dev,113.0,0.7610619469026548,0.9767470137206218,1.0,0.4190233151107485,0.0,0.0,2010.0,244.0,6.114892488395524,7.2738804658838525,3.0,2.4030687974015725
https://openalex.org/C68246026,9200,Annexin A1,4,2008,True,27|13,27,False,False,1,DEV_Med,dev,64.0,0.78125,0.970218324290378,1.0,0.3593729090806471,0.0,0.0,2013.0,48.0,3.8171831637372806,,2.0,0.0837096311769358
https://openalex.org/C69610077,9380,Click chemistry,2,2004,True,16,16,False,False,0,Physical,heldout_field,129.0,0.9069767441860463,0.9674873480482862,1.0,1.0,1.0,0.0,2012.0,750.0,4.410063754413427,5.017832814902041,4.0,0.703283066793976
https://openalex.org/C69828861,9400,Austerity,3,2010,True,33,33,False,False,0,Social,heldout_cohort,421.0,0.6009501187648456,0.9540055398172304,0.9751384504039456,0.0281553368995909,0.0,0.0,2016.0,814.0,4.83286072301164,5.975876834081523,5.0,1.171124295015464
https://openalex.org/C70118762,9432,Social engineering,2,2006,True,33,33,False,False,0,Social,heldout_field,59.0,0.6101694915254238,0.9717809203823038,0.983250780546072,0.0281553368995909,1.0,0.0,2008.0,24.0,,,0.0,
https://openalex.org/C70324355,9457,Negative refraction,3,2003,True,31|22,31,False,False,1,Physical,heldout_field,139.0,0.8201438848920863,0.9734361377077398,1.0,0.3642758277593193,0.0,0.0,2007.0,138.0,3.6747593397572698,4.16190631469082,2.0,-0.029178081714272164
https://openalex.org/C70420769,9466,Microplasma,3,2003,True,22,22,False,False,0,DEV_Eng,dev,91.0,0.8351648351648352,0.9531869620751066,1.0,0.2427178906876991,0.0,0.0,2009.0,196.0,4.970110475647993,5.718958844720414,2.0,1.2500409366211964
https://openalex.org/C74366991,9974,Network processor,3,2003,True,17,17,False,False,0,DEV_CS,dev,115.0,0.782608695652174,0.9679367751745926,1.0,0.0972089563793993,0.0,1.0,2006.0,44.0,2.6818181815485067,,1.0,-1.0293373856802166
https://openalex.org/C74750220,10019,Differential evolution,2,2004,True,22,22,False,False,0,DEV_Eng,dev,132.0,0.7575757575757576,0.9719110651966548,1.0,0.2427178906876991,1.0,0.0,2012.0,845.0,3.466560920337136,4.308629690067267,2.0,-0.2393442786604942
https://openalex.org/C75684735,10144,Big data,2,2011,True,33,33,False,False,0,Social,heldout_cohort,1458.0,0.5198902606310014,0.9706466379442494,0.9829823706015436,0.0281553368995909,1.0,0.0,2019.0,6953.0,7.985804265346356,9.705144634916868,16.0,4.3713729404235355
https://openalex.org/C76763059,10277,Machine to machine,3,2011,True,17|22,17,False,False,1,DEV_CS,heldout_cohort,139.0,0.8633093525179856,0.9791054182641684,1.0,0.1699634235335492,0.0,0.0,2013.0,49.0,2.612244897959179,,2.0,-1.091692523512363
https://openalex.org/C77270119,10354,Software-defined networking,2,2013,True,22,22,False,False,0,DEV_Eng,heldout_cohort,211.0,0.8104265402843602,0.9812735682719989,1.0,0.2427178906876991,1.0,0.0,2019.0,277.0,2.860573687350046,3.323339548180683,2.0,-0.8274688765277642
https://openalex.org/C78529466,10512,Red blood cell distribution width,2,2012,True,27,27,False,False,0,DEV_Med,heldout_cohort,162.0,0.8703703703703703,0.9902686568384732,1.0,0.2997225030505457,1.0,0.0,2019.0,243.0,2.6707432268701052,3.186666951217373,2.0,-1.0273629753703242
https://openalex.org/C78641617,10535,Tight oil,3,2013,True,22,22,False,False,0,DEV_Eng,heldout_cohort,115.0,0.8782608695652174,0.9710424229962592,1.0,0.2427178906876991,0.0,0.0,2018.0,155.0,3.3994870073452423,4.202072888312297,2.0,-0.31166855988348097
https://openalex.org/C79955541,10710,Dirac fermion,3,2007,True,31,31,False,False,0,Physical,heldout_field,92.0,0.9239130434782608,0.9652083338912358,0.978196479894362,0.4858337648309395,0.0,0.0,2013.0,199.0,3.970551672469314,4.554188336263611,1.0,0.2508983351569025
https://openalex.org/C79974875,10713,Cloud computing,2,2008,True,17,17,False,False,0,DEV_CS,dev,905.0,0.5580110497237569,0.969127569814044,0.9837061035275876,0.0972089563793993,0.0,0.0,2014.0,4407.0,4.615808897783759,5.508260618909715,11.0,0.9832167642885384
https://openalex.org/C81363708,10882,Convolutional neural network,2,2014,True,17,17,False,False,0,DEV_CS,heldout_cohort,627.0,0.7113237639553429,0.976170750509146,1.0,0.0972089563793993,1.0,0.0,2022.0,12566.0,7.164757665432937,8.82523377209952,16.0,3.5181898510171776
https://openalex.org/C81842627,10945,Forward osmosis,4,2009,True,22,22,False,False,0,DEV_Eng,dev,121.0,0.8181818181818182,0.97084712431867,1.0,0.2427178906876991,1.0,0.0,2017.0,497.0,4.068073191562831,4.740933090843966,3.0,0.3588544185364273
https://openalex.org/C81860439,10948,Internet of Things,2,2010,True,17,17,False,False,0,DEV_CS,heldout_cohort,1127.0,0.7480035492457853,0.9793622054235608,0.9882616983951402,0.0972089563793993,1.0,0.0,2018.0,2551.0,4.676436201088897,5.521842065330839,6.0,1.0521984974610286
https://openalex.org/C82641631,11040,Intravoxel incoherent motion,4,2012,True,27,27,False,False,0,DEV_Med,heldout_cohort,126.0,0.8015873015873016,0.9769595349363808,1.0,0.2997225030505457,0.0,0.0,2017.0,257.0,2.625173692320977,3.3719208450339533,1.0,-1.0825030855317292
https://openalex.org/C83209312,11110,Predictive analytics,2,2013,True,14,14,True,False,0,Social,heldout_cohort,140.0,0.4571428571428571,0.9724743720653956,1.0,0.0771156548797982,1.0,0.0,2019.0,260.0,7.913941211784287,9.26129749568089,5.0,4.210276781286842
https://openalex.org/C83867959,11189,Scopus,3,2006,True,17,17,True,False,0,DEV_CS,dev,94.0,0.6170212765957447,0.958949156191433,0.9773600992829592,0.0972089563793993,0.0,0.0,2014.0,90.0,8.470024039871626,10.232948027101722,1.0,4.751189703539812
https://openalex.org/C84787856,11317,Tractography,4,2004,True,27,27,False,False,0,DEV_Med,dev,150.0,0.7666666666666667,0.9583894958614054,1.0,0.2997225030505457,1.0,0.0,2011.0,359.0,3.738176204556798,4.567636933787105,2.0,0.0371391659595734
https://openalex.org/C88737568,11818,Body area network,3,2009,True,22,22,False,False,0,DEV_Eng,dev,112.0,0.625,0.9769994938196576,1.0,0.2427178906876991,1.0,0.0,2017.0,210.0,3.4578316410439967,4.309883099357532,2.0,-0.2543305595371374
https://openalex.org/C91328119,12129,Homotopy perturbation method,3,2006,True,31,31,False,False,0,Physical,heldout_field,199.0,0.678391959798995,0.9815813027663826,1.0,0.4858337648309395,0.0,0.0,2009.0,158.0,4.689790625844687,5.715465864435508,2.0,0.9995182303070345
https://openalex.org/C91614233,12174,Organic solar cell,3,2004,True,22,22,False,False,0,DEV_Eng,dev,104.0,0.7019230769230769,0.9755901344333044,1.0,0.2427178906876991,1.0,0.0,2012.0,831.0,4.752054931494139,5.439664943204008,4.0,1.0370705453511917
https://openalex.org/C92137452,12237,CYP3A5,4,2003,True,27,27,False,False,0,DEV_Med,dev,88.0,0.7272727272727273,0.9555904397653596,1.0,0.2997225030505457,0.0,0.0,2010.0,90.0,3.687365486764673,4.32488440506854,1.0,-0.0339806660287007
https://openalex.org/C94030615,12489,Necroptosis,4,2011,True,13,13,False,False,0,DEV_BGM,heldout_cohort,142.0,0.7816901408450704,0.956244693980939,1.0,0.4190233151107485,1.0,0.0,2019.0,556.0,4.279423330875692,4.943899990095797,4.0,0.5762990807516997
https://openalex.org/C94263209,12520,Immersion lithography,4,2004,True,22,22,False,False,0,DEV_Eng,dev,80.0,0.9375,0.9714910755115812,0.9841453591123346,0.2427178906876991,0.0,0.0,2004.0,24.0,,,1.0,
https://openalex.org/C97133563,12895,Artificial bee colony algorithm,2,2010,True,22|17,22,False,False,1,DEV_Eng,heldout_cohort,266.0,0.7744360902255639,0.9873672312779498,1.0,0.1699634235335492,0.0,0.0,2014.0,352.0,4.15036261910242,5.222358440855604,2.0,0.47114131824009675
https://openalex.org/C97385483,12932,Deep belief network,3,2014,True,17|22,17,False,False,1,DEV_CS,heldout_cohort,116.0,0.8103448275862069,0.9762231793537544,1.0,0.1699634235335492,1.0,0.0,2020.0,321.0,5.103558757562267,6.621818374393964,2.0,1.3927329073526002
https://openalex.org/C97431609,12940,Unparticle physics,3,2007,True,31,31,False,False,0,Physical,heldout_field,49.0,0.9387755102040816,0.9669867850081568,1.0,0.4858337648309395,0.0,0.0,2007.0,2.0,,,0.0,
https://openalex.org/C98490376,13090,mTORC1,4,2008,True,13,13,False,False,0,DEV_BGM,dev,196.0,0.8724489795918368,0.9560445758370364,1.0,0.4190233151107485,1.0,0.0,2016.0,639.0,3.555775039854845,4.093486277501518,4.0,-0.1350758287470781
https://openalex.org/C98788525,13123,Global recession,3,2009,True,20,20,False,False,0,Social,heldout_field,97.0,0.4845360824742268,0.9734157884845032,0.9844520201366924,0.1430448780302194,0.0,0.0,2009.0,8.0,,,0.0,
https://openalex.org/C100687433,13362,Cocrystal,4,2005,True,16,16,False,False,0,Physical,heldout_field,107.0,0.7663551401869159,0.9489073043381556,1.0,1.0,1.0,0.0,2013.0,214.0,4.856298196665754,5.825300007569943,3.0,1.1423967861884057
https://openalex.org/C101219045,13450,Imperialist competitive algorithm,4,2011,True,22,22,False,False,0,DEV_Eng,heldout_cohort,130.0,0.7307692307692307,0.9801736315057116,1.0,0.2427178906876991,1.0,0.0,2014.0,98.0,5.709282598176779,7.446052830814801,2.0,2.00279598211752
https://openalex.org/C101293273,13460,User-generated content,3,2008,True,33,33,False,False,0,Social,heldout_field,89.0,0.4157303370786517,0.9808820638327592,0.9895734070306276,0.0281553368995909,1.0,0.0,2014.0,73.0,4.47809850879368,5.2735920830256955,2.0,0.7571826665426915
https://openalex.org/C101518730,13491,Energy harvesting,3,2005,True,22,22,False,False,0,DEV_Eng,dev,120.0,0.6833333333333333,0.971581934083902,0.9853052561064152,0.2427178906876991,1.0,0.0,2013.0,782.0,4.309995906652843,5.135248090797758,5.0,0.6004610979719307
https://openalex.org/C101519877,13492,Organic Rankine cycle,4,2009,True,22,22,False,False,0,DEV_Eng,dev,162.0,0.7962962962962963,0.9796892129039148,0.990807453822836,0.2427178906876991,1.0,0.0,2017.0,640.0,2.222079984247824,2.8967047083415385,1.0,-1.4760262179926058
https://openalex.org/C106208931,14109,Genome-wide association study,5,2006,True,13,13,False,False,0,DEV_BGM,dev,258.0,0.8255813953488372,0.984740391071698,1.0,0.4190233151107485,0.0,0.0,2011.0,1144.0,5.388804265423107,6.653028563843841,5.0,1.7084200626667163
https://openalex.org/C106825181,14183,Dielectrophoresis,3,2003,True,22,22,False,False,0,DEV_Eng,dev,147.0,0.6326530612244898,0.9573361568761592,1.0,0.2427178906876991,1.0,0.0,2011.0,269.0,4.895878574115761,5.789343054202763,2.0,1.1940721744465217
https://openalex.org/C107368093,14257,Steganalysis,4,2005,True,17,17,False,False,0,DEV_CS,dev,106.0,0.7547169811320755,0.9592555164660612,1.0,0.0972089563793993,0.0,0.0,2012.0,187.0,3.5786621147219217,4.2321941557103,2.0,-0.1355968765780333
https://openalex.org/C107397762,14261,RNA-Seq,5,2010,True,13,13,False,False,0,DEV_BGM,heldout_cohort,326.0,0.7668711656441718,0.9722653555115855,1.0,0.4190233151107485,1.0,0.0,2017.0,854.0,5.213830667182494,6.39533365282163,5.0,1.5423553017927536
https://openalex.org/C107459253,14269,Induced pluripotent stem cell,4,2008,True,13|27,13,False,False,1,DEV_BGM,dev,566.0,0.8268551236749117,0.9828083314152783,1.0,0.3593729090806471,1.0,0.0,2016.0,1670.0,4.186423970626288,5.11784527942763,5.0,0.5359583617723538
https://openalex.org/C108583219,14423,Deep learning,2,2012,True,17,17,False,False,0,DEV_CS,heldout_cohort,147.0,0.4693877551020408,0.9700094418238548,0.9825671086607812,0.0972089563793993,1.0,0.0,2020.0,9774.0,7.105352644151662,8.722897509852674,18.0,3.4035462444824223
https://openalex.org/C109486029,14548,Electron beam-induced deposition,4,2004,True,22,22,False,False,0,DEV_Eng,dev,79.0,0.7088607594936709,0.9860736365564564,1.0,0.2427178906876991,0.0,0.0,2006.0,40.0,4.4977021555968975,,2.0,0.7722473669574987
https://openalex.org/C109546105,14555,Flux qubit,4,2005,True,31,31,False,False,0,Physical,heldout_field,102.0,0.9411764705882352,0.968026999783944,1.0,0.4858337648309395,0.0,0.0,2007.0,65.0,3.292047604035318,3.758753508522144,1.0,-0.423676263164138
https://openalex.org/C110367647,14668,Metamaterial,2,2003,True,22,22,False,False,0,DEV_Eng,dev,312.0,0.7083333333333334,0.9467559883534185,0.9740495565643555,0.2427178906876991,1.0,0.0,2011.0,1889.0,3.845814311490143,4.514197791945756,4.0,0.1726673640060001
https://openalex.org/C111185680,14775,Sensor node,5,2007,True,22,22,False,False,0,DEV_Eng,dev,108.0,0.7222222222222222,0.968549723442978,1.0,0.2427178906876991,0.0,0.0,2013.0,137.0,2.8514874579836293,3.206467659136441,2.0,-0.8620596980525441
https://openalex.org/C117241572,15539,Cuckoo search,3,2012,True,17,17,False,False,0,DEV_CS,heldout_cohort,274.0,0.8102189781021898,0.970627631064832,1.0,0.0972089563793993,1.0,0.0,2018.0,518.0,3.6039390117585253,4.488216960723642,2.0,-0.0741538486817368
https://openalex.org/C119850591,15889,Aquaponics,4,2013,True,11,11,False,False,0,LifeEnv,heldout_cohort,184.0,0.4565217391304347,0.950069626016797,0.9756164456085902,0.284099881223133,1.0,0.0,2021.0,311.0,6.295033456766013,7.518780428262291,4.0,2.6017766043166617
https://openalex.org/C120821319,16014,Copy-number variation,4,2006,True,13,13,False,False,0,DEV_BGM,dev,185.0,0.8756756756756757,0.978140644977172,0.9883790087447928,0.4190233151107485,1.0,0.0,2014.0,415.0,4.698894032200197,5.851791149421858,3.0,1.0058435871819429
https://openalex.org/C121232785,16076,Foreign-exchange reserves,3,2005,True,20,20,True,False,0,Social,heldout_field,108.0,0.5740740740740741,0.9795605630092636,1.0,0.1430448780302194,1.0,0.0,2007.0,77.0,5.245760743292941,5.636364778038758,1.0,1.5322135872567673
https://openalex.org/C122920182,16284,Four-bar linkage,3,2011,True,22,22,False,False,0,DEV_Eng,heldout_cohort,194.0,0.2268041237113402,0.980732794793197,1.0,0.2427178906876991,1.0,0.0,2013.0,26.0,,,1.0,
https://openalex.org/C123266903,16329,Multiferroics,4,2004,True,31,31,False,False,0,Physical,heldout_field,255.0,0.6823529411764706,0.9431762426830924,0.9684830592550342,0.4858337648309395,1.0,0.0,2012.0,1059.0,4.0795177971301895,4.470134913535092,4.0,0.39868818487748214
https://openalex.org/C124535831,16486,Biomarker discovery,4,2005,True,13,13,False,False,0,DEV_BGM,dev,192.0,0.7708333333333334,0.9708927071322628,0.9838228298748346,0.4190233151107485,0.0,0.0,2012.0,249.0,4.478964365326426,5.346230128546398,3.0,0.7873282714248862
https://openalex.org/C124851039,16520,Compressed sensing,2,2008,True,27,27,False,False,0,DEV_Med,dev,253.0,0.7391304347826086,0.9729189768690828,0.9846184831191824,0.2997225030505457,0.0,0.0,2014.0,987.0,5.706420669143986,6.793029544781918,6.0,2.025291196461606
https://openalex.org/C124932975,16526,Sovereign wealth fund,3,2008,True,33|20,33,False,False,1,Social,heldout_field,213.0,0.6619718309859155,0.9743057816882006,0.9851362696854218,0.0856001074649052,0.0,0.0,2009.0,92.0,3.649865917283265,4.086952326245887,2.0,-0.037817379044982946
https://openalex.org/C127077266,16812,PET-CT,3,2003,True,27,27,False,False,0,DEV_Med,dev,266.0,0.7406015037593985,0.9732986206108318,0.9836222222451438,0.2997225030505457,1.0,0.0,2011.0,861.0,2.149014950538666,2.583412226197792,2.0,-1.5302063503236574
https://openalex.org/C128370203,16967,Anthropocene,2,2011,True,31,31,True,False,0,Physical,heldout_cohort,230.0,0.6652173913043479,0.9567886561435772,0.977537495889412,0.4858337648309395,1.0,0.0,2019.0,1018.0,6.469764067204109,7.844515611507823,6.0,2.7850049848384457
https://openalex.org/C128911142,17027,Topological insulator,2,2009,True,31,31,False,False,0,Physical,heldout_field,655.0,0.8259541984732824,0.9673105727989548,0.9781449599831668,0.4858337648309395,0.0,0.0,2016.0,1480.0,4.521314403957843,4.973766094833403,5.0,0.8764103458245289
https://openalex.org/C130946814,17303,MIMO-OFDM,4,2004,True,22,22,False,False,0,DEV_Eng,dev,302.0,0.7615894039735099,0.9736813401500626,1.0,0.2427178906876991,0.0,0.0,2008.0,422.0,3.1045789388352443,3.40957046845611,3.0,-0.5698085769061034
https://openalex.org/C131720326,17397,Curvelet,4,2006,True,22,22,False,False,0,DEV_Eng,dev,108.0,0.75,0.9528310173707196,1.0,0.2427178906876991,1.0,0.0,2013.0,235.0,5.545930013040193,6.656065026581553,2.0,1.83238285700402
https://openalex.org/C131979681,17431,Point cloud,2,2003,True,22,22,False,False,0,DEV_Eng,dev,112.0,0.5178571428571429,0.9644449781892568,1.0,0.2427178906876991,1.0,0.0,2011.0,305.0,4.315562214268866,5.297192775462843,2.0,0.6034000136877316
https://openalex.org/C132917006,17534,Deep sequencing,4,2009,True,13,13,False,False,0,DEV_BGM,dev,165.0,0.7757575757575758,0.9706598588963636,1.0,0.4190233151107485,1.0,0.0,2015.0,222.0,3.971743680779381,4.631993001175372,2.0,0.2743362518654386
https://openalex.org/C133529210,17605,Scalable Video Coding,3,2006,True,22|17,22,False,False,1,DEV_Eng,dev,103.0,0.8058252427184466,0.9823149266114192,1.0,0.1699634235335492,0.0,0.0,2008.0,59.0,2.7627060322730825,2.9789596727060195,1.0,-0.9526462995129874
https://openalex.org/C134277064,17710,Transactional memory,3,2006,True,17,17,False,False,0,DEV_CS,dev,90.0,0.5666666666666667,0.9711386053727278,1.0,0.0972089563793993,0.0,0.0,2010.0,79.0,2.849002234104919,2.984143695557643,1.0,-0.8714881056433104
https://openalex.org/C136103064,17966,Emotional labor,2,2006,True,33,33,False,False,0,Social,heldout_field,92.0,0.4347826086956521,0.9725552248791468,1.0,0.0281553368995909,1.0,0.0,2014.0,168.0,6.550212694893262,7.681448899773992,3.0,2.8305593575808508
https://openalex.org/C136501162,18029,Arduino,2,2011,True,17,17,False,False,0,DEV_CS,heldout_cohort,289.0,0.3217993079584775,0.9543026116976876,0.9732695413641064,0.0972089563793993,1.0,0.0,2019.0,1159.0,5.4047505091444865,6.520978793855599,5.0,1.7286873694405522
https://openalex.org/C136617856,18049,Mirror neuron,2,2005,True,28,28,False,False,0,LifeEnv,heldout_field,94.0,0.7340425531914894,0.970064950607848,0.9799705725991432,0.1756430657565985,0.0,0.0,2013.0,114.0,6.886204553209,7.724364735339127,2.0,3.1673702168771856
https://openalex.org/C136699151,18064,Web 2.0,3,2007,True,17,17,False,False,0,DEV_CS,dev,331.0,0.5468277945619335,0.981848221725514,0.9884478124777424,0.0972089563793993,0.0,1.0,2011.0,139.0,5.599884787105069,6.524084203357203,3.0,1.92898906879356
https://openalex.org/C139356082,18424,Quantum discord,4,2010,True,31,31,False,False,0,Physical,heldout_cohort,194.0,0.963917525773196,0.9718226473900876,1.0,0.4858337648309395,0.0,0.0,2012.0,72.0,3.615004693236597,3.9483568075097946,2.0,-0.0762367642027395
https://openalex.org/C139713532,18471,Recombinase Polymerase Amplification,4,2014,True,27,27,False,False,0,DEV_Med,heldout_cohort,104.0,0.5384615384615384,0.9783732668632108,1.0,0.2997225030505457,1.0,0.0,2022.0,260.0,5.960129569121795,6.584300557842886,4.0,2.245145182978848
https://openalex.org/C140807948,18612,Graphene nanoribbons,3,2007,True,31,31,False,False,0,Physical,heldout_field,294.0,0.7789115646258503,0.9710121505568444,0.9845363160559472,0.4858337648309395,0.0,0.0,2013.0,732.0,4.943508412937048,5.528758528432438,5.0,1.2680984981308687
https://openalex.org/C141379421,18679,Iterative reconstruction,2,2009,True,27,27,False,False,0,DEV_Med,dev,149.0,0.7919463087248322,0.9725290104786992,1.0,0.2997225030505457,0.0,0.0,2015.0,422.0,3.732703647072397,4.859710314700898,2.0,0.0314118779079519
https://openalex.org/C141404830,18682,AdaBoost,3,2005,True,17,17,False,False,0,DEV_CS,dev,122.0,0.7049180327868853,0.9569173104758664,1.0,0.0972089563793993,0.0,0.0,2013.0,265.0,4.73112185607806,5.889403886331304,2.0,1.022216517560179
https://openalex.org/C141516989,18695,Default mode network,3,2008,True,28,28,False,False,0,LifeEnv,heldout_field,146.0,0.8972602739726028,0.979242584075242,1.0,0.1756430657565985,1.0,0.0,2016.0,413.0,4.560360635686054,5.137191429408808,4.0,0.8582942890838834
https://openalex.org/C141732470,18727,DNA barcoding,2,2005,True,13,13,False,False,0,DEV_BGM,dev,97.0,0.5360824742268041,0.9709782284957134,0.9837831767423384,0.4190233151107485,1.0,0.0,2013.0,366.0,5.048809650005529,5.77672711061697,4.0,1.331171707703132
https://openalex.org/C143121216,18898,Microbiome,2,2008,True,27|13,27,False,False,1,DEV_Med,dev,165.0,0.6606060606060606,0.9555590480373124,0.977188743818614,0.3593729090806471,1.0,0.0,2016.0,2494.0,5.951670250306433,7.245295586206243,8.0,2.254262821392492
https://openalex.org/C143275388,18917,Microblogging,3,2010,True,33,33,False,False,0,Social,heldout_cohort,177.0,0.5423728813559322,0.9575427625535718,1.0,0.0281553368995909,0.0,0.0,2013.0,117.0,6.38040604868532,7.6914092627644886,2.0,2.6856721438126843
https://openalex.org/C143401881,18929,Bilayer graphene,3,2007,True,31,31,False,False,0,Physical,heldout_field,185.0,0.8324324324324325,0.973172299797532,0.9845668977009432,0.4858337648309395,0.0,0.0,2014.0,541.0,4.02973875296859,4.466703733089743,4.0,0.3366883079503351
https://openalex.org/C144097018,19016,Service discovery,3,2004,True,17,17,False,False,0,DEV_CS,dev,165.0,0.5515151515151515,0.9723440533492562,1.0,0.0972089563793993,0.0,0.0,2008.0,155.0,3.2155421310649297,3.879707768787649,2.0,-0.4818652978490121
https://openalex.org/C144501496,19068,Genome editing,4,2012,True,13,13,False,False,0,DEV_BGM,heldout_cohort,265.0,0.8339622641509434,0.9724329538395746,0.9850534293111352,0.4190233151107485,0.0,0.0,2017.0,1228.0,5.285672545884014,6.4150124529420545,6.0,1.6063078095308079
https://openalex.org/C144587487,19080,Systemic risk,3,2009,True,20,20,False,False,0,Social,heldout_field,235.0,0.5361702127659574,0.9696577771317376,0.985467729653219,0.1430448780302194,0.0,0.0,2014.0,293.0,5.566473173265009,6.598247045995202,4.0,1.8825330918799432
https://openalex.org/C145059251,19126,microRNA,3,2003,True,13,13,False,False,0,DEV_BGM,dev,421.0,0.8218527315914489,0.9520454810969732,0.9724252477134454,0.4190233151107485,1.0,0.0,2011.0,5659.0,4.70203608322888,5.792480983889059,8.0,1.0402996552327042
https://openalex.org/C147224247,19397,Bloom filter,2,2006,True,17,17,False,False,0,DEV_CS,dev,68.0,0.6176470588235294,0.9635654035899924,1.0,0.0972089563793993,1.0,0.0,2014.0,126.0,4.0768632579325095,4.8310925703309735,2.0,0.3456984369373095
https://openalex.org/C148408913,19555,Group signature,4,2003,True,17,17,False,False,0,DEV_CS,dev,100.0,0.69,0.9700638549269428,1.0,0.0972089563793993,0.0,0.0,2007.0,95.0,2.849943913469071,3.304591265397484,2.0,-0.8665340789238973
https://openalex.org/C148415826,19557,Open innovation,2,2007,True,14,14,False,False,0,Social,heldout_field,150.0,0.5333333333333333,0.9742300961928504,0.9852423395143776,0.0771156548797982,1.0,0.0,2015.0,324.0,4.8836844694183075,5.87095313337155,4.0,1.182647430821083
https://openalex.org/C148901597,19613,Subprime mortgage crisis,3,2008,True,33,33,True,False,0,Social,heldout_field,136.0,0.5588235294117647,0.9819507725760686,1.0,0.0281553368995909,0.0,0.0,2009.0,13.0,,,0.0,
https://openalex.org/C149946192,19739,Cognitive radio,3,2006,True,22,22,False,False,0,DEV_Eng,dev,534.0,0.7752808988764045,0.9715305133677652,0.9820147303754306,0.2427178906876991,1.0,0.0,2014.0,2561.0,3.0775017811089413,3.509436750205755,4.0,-0.5751801376201819
https://openalex.org/C150072547,19754,Memristor,2,2009,True,22,22,False,False,0,DEV_Eng,dev,194.0,0.711340206185567,0.95473948904419,1.0,0.2427178906876991,1.0,0.0,2017.0,695.0,6.122934246800002,7.041729465147182,6.0,2.431692789360665
https://openalex.org/C151662813,19975,Slow light,3,2005,True,22|31,22,False,False,1,DEV_Eng,dev,127.0,0.905511811023622,0.9700022612614768,1.0,0.3642758277593193,0.0,0.0,2010.0,200.0,3.549934525467901,4.173277991445069,2.0,-0.1574412067237225
https://openalex.org/C152504517,20084,Femtocell,3,2009,True,22,22,False,False,0,DEV_Eng,dev,214.0,0.6728971962616822,0.9530288210011124,1.0,0.2427178906876991,0.0,0.0,2012.0,304.0,2.753413474068412,3.129934827047957,2.0,-0.9340914515458764
https://openalex.org/C152662350,20103,Systems biology,2,2003,True,13,13,False,False,0,DEV_BGM,dev,196.0,0.7704081632653061,0.9714245782840514,0.98394399494108,0.4190233151107485,1.0,0.0,2011.0,402.0,5.215689678379533,6.593408875975864,3.0,1.5248388097776102
https://openalex.org/C154611951,20369,Urban agglomeration,2,2004,True,33,33,False,False,0,Social,heldout_field,91.0,0.5604395604395604,0.9646458120834204,0.9835723884859868,0.0281553368995909,0.0,0.0,2012.0,201.0,6.692807865300264,7.492183123688174,4.0,2.972738326273467
https://openalex.org/C154982244,20411,Firefly algorithm,3,2012,True,22,22,False,False,0,DEV_Eng,heldout_cohort,282.0,0.7340425531914894,0.9715736208584528,0.9856324792675344,0.2427178906876991,0.0,0.0,2018.0,444.0,3.925755133290434,4.832352127635642,2.0,0.24875823561742427
https://openalex.org/C155194400,20441,Spin Hall effect,4,2005,True,31,31,False,False,0,Physical,heldout_field,136.0,0.8235294117647058,0.9802216298812836,0.989044581738076,0.4858337648309395,1.0,0.0,2013.0,133.0,3.584716011141386,4.225107020870962,2.0,-0.12005232499075369
https://openalex.org/C156365220,20598,Infographic,2,2012,True,33,33,False,False,0,Social,heldout_cohort,238.0,0.2521008403361344,0.9503854628613922,0.9747653555369068,0.0281553368995909,0.0,0.0,2020.0,339.0,5.974548616458211,7.346604222628806,4.0,2.2910916123052827
https://openalex.org/C158338273,20834,Homomorphic encryption,3,2011,True,17,17,False,False,0,DEV_CS,heldout_cohort,116.0,0.5172413793103449,0.9717423163404352,0.9830664957930804,0.0972089563793993,1.0,0.0,2019.0,232.0,3.4738975405745443,4.257253872671235,2.0,-0.23692830963512224
https://openalex.org/C158471640,20857,Odorant-binding protein,3,2009,True,13,13,False,False,0,DEV_BGM,dev,55.0,0.7090909090909091,0.9792930916614188,1.0,0.4190233151107485,1.0,0.0,2016.0,45.0,5.958768136410953,,1.0,2.2195232688382065
https://openalex.org/C158592959,20886,Blended learning,3,2003,True,33,33,False,False,0,Social,heldout_field,145.0,0.4689655172413793,0.9737512229156224,0.9848718016012072,0.0281553368995909,1.0,0.0,2011.0,332.0,6.069488470655495,7.193813722939254,4.0,2.3671603905295164
https://openalex.org/C160487672,21126,Visible light communication,3,2010,True,22,22,False,False,0,DEV_Eng,heldout_cohort,141.0,0.8439716312056738,0.979071000649317,1.0,0.2427178906876991,1.0,0.0,2018.0,700.0,3.0120534509024486,3.5939896593086402,2.0,-0.6913399316336215
https://openalex.org/C160562895,21135,Precoding,4,2005,True,22,22,False,False,0,DEV_Eng,dev,159.0,0.8113207547169812,0.9517873972319992,1.0,0.2427178906876991,1.0,0.0,2012.0,412.0,3.00987097920862,3.1126249535219603,3.0,-0.6889470582955917
https://openalex.org/C161911898,21297,Rankine cycle,3,2009,True,22,22,False,False,0,DEV_Eng,dev,150.0,0.8266666666666667,0.9725280306792476,0.985018745845061,0.2427178906876991,1.0,0.0,2016.0,448.0,2.509251627148537,3.2926812309212496,1.0,-1.191785411448687
https://openalex.org/C163283067,21493,Cellulosic ethanol,3,2007,True,13,13,True,False,0,DEV_BGM,dev,105.0,0.4285714285714285,0.9725504598393752,1.0,0.4190233151107485,1.0,0.0,2015.0,91.0,6.227921884094928,7.206328735507484,2.0,2.513301922530166
https://openalex.org/C163479331,21518,Exoplanet,3,2003,True,31,31,False,False,0,Physical,heldout_field,162.0,0.7222222222222222,0.9489084324770096,0.9715451503201906,0.4858337648309395,1.0,0.0,2010.0,637.0,1.860062852378215,2.3111875190546782,1.0,-1.8380433498622144
https://openalex.org/C163763905,21555,Precision medicine,2,2012,True,27,27,False,False,0,DEV_Med,heldout_cohort,125.0,0.76,0.9709410337587308,0.984172396811681,0.2997225030505457,0.0,0.0,2017.0,1359.0,4.983059692416415,6.517177571345955,7.0,1.2750794701071344
https://openalex.org/C165337572,21771,Microbial fuel cell,4,2004,True,23,23,False,False,0,LifeEnv,heldout_field,115.0,0.6347826086956522,0.9791380865615956,0.9881255193478404,0.2945059638214947,1.0,0.0,2012.0,585.0,6.087458147093465,7.3455447093029616,6.0,2.376302579864742
https://openalex.org/C169721403,22352,Freezing rain,3,2008,True,23,23,False,False,0,LifeEnv,heldout_field,42.0,0.6428571428571429,0.970836816932636,1.0,0.2945059638214947,0.0,1.0,2011.0,14.0,,,0.0,
https://openalex.org/C170541034,22458,Van Allen Probes,5,2013,True,19,19,False,False,0,LifeEnv,heldout_cohort,115.0,0.9043478260869564,0.9791718286357142,1.0,0.2047677761595473,0.0,0.0,2015.0,75.0,1.9999996539953488,2.0,2.0,-1.7111559132333745
https://openalex.org/C173201364,22815,Brain–computer interface,3,2003,True,28,28,False,False,0,LifeEnv,heldout_field,127.0,0.6771653543307087,0.9793222811768804,0.9878497132965502,0.1756430657565985,1.0,0.0,2011.0,389.0,5.148903468105104,5.494383539396571,5.0,1.4415277359134802
https://openalex.org/C173636693,22864,Homotopy analysis method,3,2007,True,31,31,False,False,0,Physical,heldout_field,173.0,0.5838150289017341,0.9797533474397704,1.0,0.4858337648309395,0.0,0.0,2013.0,157.0,5.01712408577691,5.814834798213071,2.0,1.3215196955114972
https://openalex.org/C175470498,23100,Value system,2,2007,True,33,33,False,False,0,Social,heldout_field,310.0,0.567741935483871,0.9713182527605132,0.983965191481636,0.0281553368995909,0.0,1.0,2011.0,48.0,4.488928073109726,,1.0,0.8155362239596449
https://openalex.org/C175616097,23117,Nanogenerator,3,2011,True,22,22,False,False,0,DEV_Eng,heldout_cohort,143.0,0.902097902097902,0.9523120829894244,1.0,0.2427178906876991,1.0,0.0,2018.0,934.0,3.0172530978093253,3.5776148641665393,2.0,-0.6856039085666512
https://openalex.org/C178601582,23535,Soft power,3,2005,True,33,33,False,False,0,Social,heldout_field,139.0,0.5971223021582733,0.9686297081384748,0.9828168888972232,0.0281553368995909,0.0,0.0,2012.0,361.0,5.088456221568093,6.043881711753997,4.0,1.3845188000965507
https://openalex.org/C179366358,23640,Metal-organic framework,3,2004,True,16,16,False,False,0,Physical,heldout_field,248.0,0.8508064516129032,0.978572409612011,1.0,1.0,1.0,0.0,2012.0,1481.0,3.910243508102351,4.426072196715234,4.0,0.2283538888685821
https://openalex.org/C179768478,23701,Cyber-physical system,2,2010,True,17|22,17,False,False,1,DEV_CS,heldout_cohort,201.0,0.6616915422885572,0.9732809254196793,0.985460385734279,0.1699634235335492,1.0,0.0,2018.0,752.0,3.5319942434366753,4.296572722765788,3.0,-0.15789732814933455
https://openalex.org/C180706569,23818,Cryptocurrency,2,2014,True,33,33,True,False,0,Social,heldout_cohort,119.0,0.3529411764705882,0.949393737837231,0.970549850325803,0.0281553368995909,1.0,0.0,2022.0,2153.0,6.252114711745108,7.089694786419951,7.0,2.542261222729119
https://openalex.org/C180879305,23839,Credit crunch,2,2008,True,20,20,False,False,0,Social,heldout_field,214.0,0.5841121495327103,0.9719651521170236,1.0,0.1430448780302194,0.0,0.0,2009.0,38.0,6.2878141299194095,,1.0,2.600309204305122
https://openalex.org/C182019814,23966,Resistive random-access memory,3,2011,True,22,22,False,False,0,DEV_Eng,heldout_cohort,134.0,0.7238805970149254,0.9859280528865322,1.0,0.2427178906876991,0.0,0.0,2016.0,137.0,3.7168986564937643,4.462918169685057,2.0,0.011566131112010325
https://openalex.org/C182606246,24051,Photothermal therapy,2,2010,True,22,22,True,False,0,DEV_Eng,heldout_cohort,125.0,0.664,0.970045525485718,1.0,0.2427178906876991,1.0,0.0,2018.0,656.0,5.48243588779876,6.038311033747412,5.0,1.7744556654894792
https://openalex.org/C185298936,24373,IEEE 802.11,4,2003,True,22|17,22,False,False,1,DEV_Eng,dev,197.0,0.7766497461928934,0.9810769595082712,0.9890455181895682,0.1699634235335492,0.0,0.0,2008.0,223.0,2.718722182485423,3.0104967218819074,2.0,-0.9719348837755422
https://openalex.org/C187869287,24714,Endophenotype,3,2005,True,28,28,False,False,0,LifeEnv,heldout_field,178.0,0.7415730337078652,0.9489181889310018,0.9706654476764628,0.1756430657565985,0.0,0.0,2008.0,183.0,5.218718038864887,5.586342226151744,3.0,1.5241986814769595
https://openalex.org/C189201455,24896,Rogue wave,3,2009,True,31,31,False,False,0,Physical,heldout_field,98.0,0.8877551020408163,0.9637744901304026,1.0,0.4858337648309395,1.0,0.0,2017.0,295.0,4.885572921859074,5.542374330635851,3.0,1.1683255683940907
https://openalex.org/C190684412,25092,Filaggrin,3,2006,True,27,27,False,False,0,DEV_Med,dev,106.0,0.8773584905660378,0.9543730235540512,1.0,0.2997225030505457,0.0,0.0,2011.0,158.0,3.730640962681509,5.090448216986286,1.0,0.0163819713815538
https://openalex.org/C191908910,25258,Synthetic biology,2,2007,True,13,13,False,False,0,DEV_BGM,dev,176.0,0.6193181818181818,0.973915070600746,0.9851369401287982,0.4190233151107485,1.0,0.0,2013.0,348.0,6.736835400157884,8.205903435191711,5.0,3.0418857322275703
https://openalex.org/C192448918,25333,Vehicular ad hoc network,4,2007,True,22|17,22,False,False,1,DEV_Eng,dev,129.0,0.751937984496124,0.983784994684663,1.0,0.1699634235335492,1.0,0.0,2015.0,412.0,2.8206704770253275,3.200913388809468,2.0,-0.8861102105941234
https://openalex.org/C192697461,25363,OpenFlow,3,2010,True,22,22,True,False,0,DEV_Eng,heldout_cohort,122.0,0.7786885245901639,0.9568510360845136,0.9766702726572551,0.2427178906876991,0.0,1.0,2013.0,166.0,2.9166298557420403,2.9886940388582683,2.0,-0.7922754827758407
https://openalex.org/C194832188,25655,Adipokine,4,2005,True,27,27,False,False,0,DEV_Med,dev,253.0,0.8142292490118577,0.9449200042193672,1.0,0.2997225030505457,1.0,0.0,2013.0,600.0,3.695356648380305,4.685845823771014,2.0,0.014227175697925
https://openalex.org/C196126337,25826,Mashup,4,2007,True,33,33,False,False,0,Social,heldout_field,171.0,0.47953216374269,0.9467059009362404,0.974295070821988,0.0281553368995909,0.0,0.0,2010.0,130.0,5.621443719647403,6.5877767148574495,2.0,1.9253965095342962
https://openalex.org/C197352329,25992,Citizen science,2,2010,True,19,19,True,False,0,LifeEnv,heldout_cohort,201.0,0.6218905472636815,0.9712947450115772,0.9843977700165144,0.2047677761595473,1.0,0.0,2018.0,549.0,7.083653264570967,8.410045264405593,6.0,3.393761692984957
https://openalex.org/C197417287,26002,Optical burst switching,5,2003,True,22,22,False,False,0,DEV_Eng,dev,137.0,0.7956204379562044,0.9818313486870428,1.0,0.2427178906876991,0.0,1.0,2006.0,78.0,2.7634519574302567,2.9568999249229138,1.0,-0.9410373878730658
https://openalex.org/C199901988,26313,Chemerin,5,2009,True,27,27,False,False,0,DEV_Med,dev,131.0,0.8396946564885496,0.9521620624306252,1.0,0.2997225030505457,1.0,0.0,2015.0,192.0,4.62749255557475,5.763219566374268,2.0,0.9212977576316268
https://openalex.org/C201762086,26544,CAN bus,2,2003,True,22,22,False,False,0,DEV_Eng,dev,214.0,0.8457943925233645,0.973320206213102,1.0,0.2427178906876991,0.0,0.0,2008.0,433.0,2.5037131999393085,2.9565722143749085,2.0,-1.183791725674979
https://openalex.org/C202438428,26648,Somatic cell nuclear transfer,5,2003,True,27,27,False,False,0,DEV_Med,dev,111.0,0.7657657657657657,0.9859655703499216,1.0,0.2997225030505457,0.0,0.0,2008.0,146.0,4.055909179396168,4.450687666333183,3.0,0.3434054332269087
https://openalex.org/C202645933,26679,eHealth,3,2004,True,36,36,False,False,0,OtherHealth,heldout_field,119.0,0.4033613445378151,0.9553145537630768,0.9767089456689428,0.114301361396536,1.0,0.0,2012.0,149.0,5.480773118848082,6.474122170562932,2.0,1.7709196298320928
https://openalex.org/C204222849,26872,Radio-frequency identification,2,2004,True,22,22,True,False,0,DEV_Eng,dev,189.0,0.5502645502645502,0.9796116319564888,1.0,0.2427178906876991,0.0,0.0,2011.0,225.0,6.877500954013476,8.33649944838454,3.0,3.1852651299565133
https://openalex.org/C206497026,27155,SNOMED CT,3,2006,True,36,36,False,False,0,OtherHealth,heldout_field,88.0,0.2272727272727272,0.9698068354302728,1.0,0.114301361396536,0.0,0.0,2008.0,30.0,6.0,,1.0,2.278653847206626
https://openalex.org/C513535597,27541,Low-carbon economy,3,2009,True,22,22,False,False,0,DEV_Eng,dev,743.0,0.5612382234185733,0.9811111999096184,1.0,0.2427178906876991,0.0,0.0,2011.0,56.0,7.012681198322866,7.872655091855979,1.0,3.3725777977296776
https://openalex.org/C513985346,27551,Virtualization,3,2005,True,17,17,False,False,0,DEV_CS,dev,160.0,0.54375,0.9573595297080442,0.9742818771323676,0.0972089563793993,1.0,0.0,2012.0,621.0,4.157361738290687,4.87187356894358,3.0,0.4587824606770909
https://openalex.org/C522090004,27661,IEEE 802,3,2003,True,17,17,False,False,0,DEV_CS,dev,150.0,0.7666666666666667,0.9721834865749834,0.984228288016478,0.0972089563793993,0.0,0.0,2009.0,407.0,2.915376282802999,2.9854842197408,3.0,-0.7856607557942255
https://openalex.org/C522977591,27682,Spitzer Space Telescope,3,2004,True,31,31,False,False,0,Physical,heldout_field,112.0,0.7142857142857143,0.9808474420552836,1.0,0.4858337648309395,0.0,0.0,2004.0,22.0,,,1.0,
https://openalex.org/C524769229,27705,3D printing,2,2012,True,22,22,False,False,0,DEV_Eng,heldout_cohort,424.0,0.6297169811320755,0.9728585075771108,0.9849437862527144,0.2427178906876991,1.0,0.0,2020.0,2313.0,7.469106363381222,9.486068484403146,13.0,3.807640341807388
https://openalex.org/C527868296,27738,Windows Vista,4,2006,True,17,17,False,False,0,DEV_CS,dev,110.0,0.4181818181818181,0.9709477316005468,1.0,0.0972089563793993,0.0,0.0,2007.0,1.0,,,0.0,
https://openalex.org/C537773303,27840,Geoengineering,3,2008,True,19,19,True,False,0,LifeEnv,heldout_field,130.0,0.4307692307692308,0.9593685668707196,0.9775025094924308,0.2047677761595473,0.0,0.0,2013.0,118.0,6.836126738599649,7.821130838240797,3.0,3.12964012254039
https://openalex.org/C551386961,28012,File sharing,3,2003,True,33,33,True,False,0,Social,heldout_field,116.0,0.4655172413793103,0.9721781482849086,0.9826824969173756,0.0281553368995909,0.0,0.0,2008.0,111.0,4.147210465788113,4.738541485779708,2.0,0.43638461557844677
https://openalex.org/C2775881188,28318,Pencil-beam scanning,4,2013,True,27,27,False,False,0,DEV_Med,heldout_cohort,84.0,0.9761904761904762,0.9793381847576418,1.0,0.2997225030505457,1.0,0.0,2016.0,154.0,2.313578062803906,2.935207894960276,1.0,-1.4095396688445443
https://openalex.org/C2775887513,28347,Empagliflozin,4,2013,True,27,27,False,False,0,DEV_Med,heldout_cohort,190.0,0.7947368421052632,0.955449557507307,1.0,0.2997225030505457,1.0,0.0,2021.0,824.0,3.45101811916356,4.2500916692401125,4.0,-0.2410167435942867
https://openalex.org/C2775926907,28496,Quechers,4,2009,True,11,11,False,False,0,LifeEnv,heldout_field,155.0,0.7225806451612903,0.9442639289491156,1.0,0.284099881223133,1.0,0.0,2015.0,330.0,5.033275182463084,5.640115630635202,4.0,1.333486848449943
https://openalex.org/C2775927303,28498,Insulin degludec,5,2012,True,27,27,False,False,0,DEV_Med,heldout_cohort,175.0,0.9085714285714286,0.9700680120019752,1.0,0.2997225030505457,1.0,0.0,2018.0,201.0,2.7971279445903066,3.60866914200297,1.0,-0.8980387158234509
https://openalex.org/C2775999097,28818,Ledipasvir,5,2014,True,27,27,False,False,0,DEV_Med,heldout_cohort,307.0,0.8859934853420195,0.9581413752576398,1.0,0.2997225030505457,0.0,0.0,2016.0,104.0,2.509412204015345,3.306099811096915,1.0,-1.1643499762003788
https://openalex.org/C2776008845,28859,Cardiac magnetic resonance imaging,3,2004,True,27,27,False,False,0,DEV_Med,dev,110.0,0.8727272727272727,0.9870042620883052,1.0,0.2997225030505457,1.0,0.0,2011.0,358.0,1.2315104687280214,1.3640700520992135,1.0,-2.4813379139816645
https://openalex.org/C2776036978,28984,Fingolimod,3,2008,True,27,27,False,False,0,DEV_Med,dev,80.0,0.6375,0.954888464773938,1.0,0.2997225030505457,1.0,0.0,2015.0,693.0,3.720581698989533,4.604626340874654,4.0,-0.0043940634871235
https://openalex.org/C2776063141,29098,Lenalidomide,3,2005,True,27,27,False,False,0,DEV_Med,dev,275.0,0.9381818181818182,0.9559075614191048,1.0,0.2997225030505457,1.0,0.0,2013.0,942.0,2.034760267105302,2.609315308464554,1.0,-1.6431938606576355
https://openalex.org/C2776104626,29245,Double-balloon enteroscopy,3,2005,True,27,27,False,False,0,DEV_Med,dev,253.0,0.9288537549407114,0.9818054052823806,1.0,0.2997225030505457,0.0,0.0,2007.0,175.0,2.074970463897041,2.2706730488149183,1.0,-1.606159008785339
https://openalex.org/C2776112149,29285,Ruxolitinib,4,2011,True,27,27,False,False,0,DEV_Med,heldout_cohort,200.0,0.87,0.9554955273182262,0.977591688658619,0.2997225030505457,1.0,0.0,2019.0,467.0,2.544346468130148,3.164656428200195,2.0,-1.14573503939976
https://openalex.org/C2776131300,29366,Vemurafenib,4,2011,True,27,27,False,False,0,DEV_Med,heldout_cohort,324.0,0.8672839506172839,0.9558563367937992,1.0,0.2997225030505457,0.0,0.0,2015.0,415.0,2.597682780736335,3.0125211593963184,2.0,-1.074026936641034
https://openalex.org/C2776175608,29563,Entecavir,5,2005,True,27,27,False,False,0,DEV_Med,dev,166.0,0.8433734939759037,0.9506183991454218,1.0,0.2997225030505457,1.0,0.0,2013.0,467.0,2.831784631235116,3.622016753279543,2.0,-0.8653926937895684
https://openalex.org/C2776187983,29623,Merkel cell polyomavirus,4,2009,True,27,27,False,False,0,DEV_Med,dev,122.0,0.8442622950819673,0.9806782141952112,1.0,0.2997225030505457,0.0,0.0,2011.0,89.0,2.642759590667313,3.122724376021858,1.0,-1.0661457478505678
https://openalex.org/C2776204158,29684,Pay for performance,3,2005,True,27,27,False,False,0,DEV_Med,dev,192.0,0.59375,0.9805211087362724,1.0,0.2997225030505457,0.0,0.0,2007.0,92.0,5.069434750598325,5.500339587369227,3.0,1.3777986566967848
https://openalex.org/C2776207728,29698,Vedolizumab,4,2014,True,27,27,False,False,0,DEV_Med,heldout_cohort,237.0,0.9367088607594936,0.9560475324188852,1.0,0.2997225030505457,0.0,0.0,2018.0,555.0,2.166343288944812,2.7730540313237153,1.0,-1.5172740610357822
https://openalex.org/C2776209781,29705,Ecological civilization,3,2008,True,33,33,False,False,0,Social,heldout_field,430.0,0.4511627906976744,0.9731184354229164,1.0,0.0281553368995909,0.0,1.0,2014.0,167.0,5.778750786402064,6.721418206837959,3.0,2.1178198847966785
https://openalex.org/C2776213234,29726,Axial spondyloarthritis,4,2012,True,27,27,False,False,0,DEV_Med,heldout_cohort,199.0,0.7386934673366834,0.9746677539058216,0.9852814339041834,0.2997225030505457,1.0,0.0,2019.0,482.0,1.9175503348301584,2.447383261970281,1.0,-1.7727220607074938
https://openalex.org/C2776246342,29867,Neglected tropical diseases,3,2007,True,27,27,False,False,0,DEV_Med,dev,110.0,0.7363636363636363,0.9811326042035649,0.9897068841649512,0.2997225030505457,0.0,0.0,2015.0,139.0,4.434173489650632,5.510635264639758,1.0,0.7213251069409456
https://openalex.org/C2776248978,29879,Regorafenib,4,2012,True,27,27,False,False,0,DEV_Med,heldout_cohort,173.0,0.8323699421965318,0.9546645790498932,1.0,0.2997225030505457,1.0,0.0,2019.0,457.0,3.0622695981963095,3.6610498812374805,2.0,-0.6333347920691033
https://openalex.org/C2776251621,29889,Acetonide,3,2003,True,27,27,False,False,0,DEV_Med,dev,322.0,0.922360248447205,0.9521748264180784,1.0,0.2997225030505457,0.0,0.0,2006.0,294.0,3.124347712787857,3.898838406052669,2.0,-0.5475978076822834
https://openalex.org/C2776262904,29937,Vorinostat,5,2006,True,27,27,False,False,0,DEV_Med,dev,116.0,0.9051724137931034,0.9533510942873624,0.9753917736189712,0.2997225030505457,0.0,0.0,2010.0,155.0,4.034560978282526,5.114038847716632,2.0,0.3237351280728595
https://openalex.org/C2776264508,29941,Lenvatinib,4,2014,True,27,27,False,False,0,DEV_Med,heldout_cohort,137.0,0.8467153284671532,0.9540734904864208,0.9790178820105968,0.2997225030505457,1.0,0.0,2022.0,974.0,2.7843051553575124,3.4636854310016765,2.0,-0.9201841899458101
https://openalex.org/C2776286101,30015,Denosumab,3,2006,True,27,27,False,False,0,DEV_Med,dev,70.0,0.9,0.9559551763836972,1.0,0.2997225030505457,0.0,0.0,2012.0,453.0,3.235484864411692,3.994659863134566,2.0,-0.4945760509488144
https://openalex.org/C2776291444,30038,Medicare Part D,4,2005,True,27,27,False,False,0,DEV_Med,dev,132.0,0.5075757575757576,0.9800680861817492,0.9892665891054192,0.2997225030505457,1.0,0.0,2006.0,93.0,4.085367884952527,4.577838172093077,3.0,0.379462685954897
https://openalex.org/C2776296500,30062,Targeted temperature management,5,2014,True,27,27,False,False,0,DEV_Med,heldout_cohort,156.0,0.8717948717948718,0.9791793598779004,1.0,0.2997225030505457,1.0,0.0,2021.0,215.0,1.3643635339531495,1.549926378527616,1.0,-2.3351798983940535
https://openalex.org/C2776301907,30085,Sodium-ion battery,5,2013,True,22,22,False,False,0,DEV_Eng,heldout_cohort,155.0,0.8838709677419355,0.9779517147164868,1.0,0.2427178906876991,0.0,0.0,2020.0,457.0,3.232099904591442,3.6642499479638984,3.0,-0.4676884294216994
https://openalex.org/C2776304953,30099,Riociguat,4,2013,True,27,27,False,False,0,DEV_Med,heldout_cohort,114.0,0.7456140350877193,0.9511775500413124,1.0,0.2997225030505457,0.0,0.0,2016.0,107.0,2.80920472579798,3.839005466408157,1.0,-0.9022834381108709
https://openalex.org/C2776343214,30284,Trabecular bone score,5,2013,True,27,27,False,False,0,DEV_Med,heldout_cohort,86.0,0.8953488372093024,0.9804554732748124,1.0,0.2997225030505457,0.0,0.0,2020.0,150.0,2.2516597134047807,2.9304069169843023,1.0,-1.4705619280104143
https://openalex.org/C2776370125,30406,Anaplasma phagocytophilum,4,2003,True,27,27,False,False,0,DEV_Med,dev,104.0,0.4615384615384615,0.9703876757213298,1.0,0.2997225030505457,0.0,0.0,2011.0,101.0,5.317986300910258,6.420789743516389,2.0,1.603001914767311
https://openalex.org/C2776376731,30428,Tea party,3,2010,True,33,33,False,False,0,Social,heldout_cohort,174.0,0.5,0.9711507021107376,0.9833155949006296,0.0281553368995909,0.0,0.0,2011.0,39.0,2.72064777327935,,1.0,-0.9747371231345725
https://openalex.org/C2776421732,30614,Abiraterone,5,2011,True,27,27,False,False,0,DEV_Med,heldout_cohort,129.0,0.8217054263565892,0.958465199621064,1.0,0.2997225030505457,1.0,0.0,2019.0,258.0,3.1929128733253203,4.1624063654455306,1.0,-0.5138678142941306
https://openalex.org/C2776433454,30664,Rimonabant,5,2005,True,27,27,False,False,0,DEV_Med,dev,228.0,0.6842105263157895,0.9530621196001524,1.0,0.2997225030505457,0.0,1.0,2008.0,61.0,5.084248501055418,5.784955221311559,2.0,1.3991568220096275
https://openalex.org/C2776435075,30667,Harmonious Society,3,2005,True,33,33,False,False,0,Social,heldout_field,2921.0,0.5539198904484766,0.9716234203931876,0.9851305747837256,0.0281553368995909,0.0,0.0,2007.0,224.0,4.505376598853348,5.131368099120165,3.0,0.9174070013618998
https://openalex.org/C2776442814,30699,Lixisenatide,5,2013,True,27,27,False,False,0,DEV_Med,heldout_cohort,97.0,0.845360824742268,0.9524346851267708,1.0,0.2997225030505457,0.0,0.0,2013.0,65.0,3.35096153846157,4.437499999999988,1.0,-0.366676403840827
https://openalex.org/C2776449402,30731,Tissue Doppler echocardiography,5,2003,True,27,27,False,False,0,DEV_Med,dev,47.0,0.8297872340425532,0.9819960715868292,1.0,0.2997225030505457,0.0,0.0,2005.0,33.0,1.0,,1.0,-2.7452308211948746
https://openalex.org/C2776453732,30756,Vildagliptin,4,2006,True,27,27,False,False,0,DEV_Med,dev,105.0,0.9142857142857144,0.9570241330337,1.0,0.2997225030505457,1.0,0.0,2014.0,210.0,4.5100248036169805,5.6586355092730525,1.0,0.7954048420522182
https://openalex.org/C2776460390,30789,Secondary development,3,2004,True,22,22,False,False,0,DEV_Eng,dev,91.0,0.8901098901098901,0.9676687911258816,1.0,0.2427178906876991,1.0,0.0,2011.0,148.0,2.7363637050525424,3.6135701123893664,1.0,-0.9837058339742542
https://openalex.org/C2776465410,30814,Retinol binding protein 4,5,2007,True,27,27,False,False,0,DEV_Med,dev,182.0,0.9230769230769232,0.9862306392294686,1.0,0.2997225030505457,0.0,0.0,2008.0,100.0,3.849354392581916,4.998810678680417,1.0,0.1556813384181801
https://openalex.org/C2776468701,30823,Pregabalin,2,2003,True,27,27,False,False,0,DEV_Med,dev,143.0,0.8181818181818182,0.9559040197878172,1.0,0.2997225030505457,0.0,0.0,2011.0,439.0,4.541422797908966,5.835864967352988,3.0,0.8385657915329898
https://openalex.org/C2776469228,30826,Intraductal papillary mucinous neoplasm,3,2005,True,27,27,False,False,0,DEV_Med,dev,168.0,0.9166666666666666,0.9846679618368056,1.0,0.2997225030505457,0.0,0.0,2013.0,296.0,2.3795247387845366,2.8152146215332063,2.0,-1.3171965080008534
https://openalex.org/C2776478993,30868,Sex trafficking,3,2010,True,33,33,False,False,0,Social,heldout_cohort,131.0,0.4198473282442748,0.9738975855109996,0.9856795193069402,0.0281553368995909,0.0,0.0,2015.0,111.0,4.329181324549092,4.987560332446922,2.0,0.6229865266059686
https://openalex.org/C2776502428,30938,Ivacaftor,4,2012,True,27,27,False,False,0,DEV_Med,heldout_cohort,125.0,0.84,0.9504540981927792,1.0,0.2997225030505457,1.0,0.0,2020.0,275.0,3.2847331851604444,4.0745736372158525,1.0,-0.42324703714883594
https://openalex.org/C2776508615,30959,Responsibility to protect,3,2007,True,33,33,False,False,0,Social,heldout_field,110.0,0.7363636363636363,0.9802521424641656,0.9886621009753328,0.0281553368995909,0.0,0.0,2015.0,168.0,1.5047048759623811,1.8055317935556672,1.0,-2.2081435067473048
https://openalex.org/C2776525042,31030,Middle East respiratory syndrome,5,2013,True,27,27,False,False,0,DEV_Med,heldout_cohort,451.0,0.7627494456762749,0.9868556810065868,0.9928594333593772,0.2997225030505457,0.0,1.0,2016.0,219.0,4.466868526007007,5.68732419840225,2.0,0.8077534590174116
https://openalex.org/C2776540679,31087,Meticillin,5,2006,True,27,27,False,False,0,DEV_Med,dev,100.0,0.91,0.9589493596595986,1.0,0.2997225030505457,0.0,0.0,2010.0,75.0,2.63046673274698,2.891827783566611,1.0,-1.0860112596459883
https://openalex.org/C2776551883,31134,Enzalutamide,5,2013,True,27,27,False,False,0,DEV_Med,heldout_cohort,272.0,0.8639705882352942,0.9548292947310127,1.0,0.2997225030505457,1.0,0.0,2021.0,545.0,2.5431903490516747,2.874269929419723,2.0,-1.1351815022174043
https://openalex.org/C2776556288,31154,Siddha,2,2012,True,27,27,False,False,0,DEV_Med,heldout_cohort,124.0,0.314516129032258,0.9549604572130912,1.0,0.2997225030505457,0.0,0.0,2020.0,172.0,4.407762518285557,5.435664004291427,2.0,0.6994764141887271
https://openalex.org/C2776559941,31169,Lynch syndrome,5,2005,True,27,27,False,False,0,DEV_Med,dev,134.0,0.7910447761194029,0.971880641854057,0.98582737654387,0.2997225030505457,1.0,0.0,2013.0,358.0,2.933626540616864,3.418308862730812,2.0,-0.7717059847648899
https://openalex.org/C2776615708,31383,Inclusive growth,3,2010,True,33,33,False,False,0,Social,heldout_cohort,133.0,0.4661654135338345,0.9744219304835722,1.0,0.0281553368995909,1.0,0.0,2018.0,109.0,4.302031315208636,5.085456954094337,3.0,0.5964135294832515
https://openalex.org/C2776632958,31451,Montreal Cognitive Assessment,4,2010,True,27,27,False,False,0,DEV_Med,heldout_cohort,151.0,0.8145695364238411,0.9805032430327992,1.0,0.2997225030505457,1.0,0.0,2018.0,174.0,2.913702988233953,3.5543997591026053,1.0,-0.787081012370455
https://openalex.org/C2776643233,31499,Patient Protection and Affordable Care Act,4,2010,True,27,27,True,False,0,DEV_Med,heldout_cohort,179.0,0.4469273743016759,0.9938579270709962,1.0,0.2997225030505457,0.0,1.0,2013.0,46.0,5.185219182934713,,1.0,1.490913171078494
https://openalex.org/C2776692505,31713,Pitavastatin,3,2003,True,27,27,False,False,0,DEV_Med,dev,79.0,0.8481012658227848,0.9567004983491432,1.0,0.2997225030505457,1.0,0.0,2011.0,151.0,4.512110234220394,5.453823850942589,1.0,0.7866554455809953
https://openalex.org/C2776701107,31744,Lurasidone,4,2011,True,27,27,False,False,0,DEV_Med,heldout_cohort,104.0,0.7692307692307693,0.9560563775113392,1.0,0.2997225030505457,1.0,0.0,2017.0,147.0,4.82369038028666,5.985548779432012,2.0,1.1087059941437127
https://openalex.org/C2776713427,31801,Tomotherapy,3,2004,True,27,27,False,False,0,DEV_Med,dev,240.0,0.9541666666666668,0.9551197814138016,1.0,0.2997225030505457,0.0,0.0,2011.0,620.0,1.455213637965115,1.7273524915511296,1.0,-2.227924685852737
https://openalex.org/C2776726243,31858,Corn stover,3,2003,True,13,13,False,False,0,DEV_BGM,dev,84.0,0.6190476190476191,0.9686751474085724,1.0,0.4190233151107485,1.0,0.0,2011.0,174.0,5.567665350083234,6.231844173384591,3.0,1.844547618434784
https://openalex.org/C2776733808,31896,Food sovereignty,4,2009,True,33|11,33,False,False,1,Social,heldout_field,92.0,0.5652173913043478,0.9725856190364046,0.9841626984334834,0.156127609061362,1.0,0.0,2016.0,134.0,3.089672522085614,3.5960047819633294,2.0,-0.6299808152267974
https://openalex.org/C2776737192,31916,Emerald ash borer,3,2005,True,11,11,False,False,0,LifeEnv,heldout_field,101.0,0.2475247524752475,0.9799344487129222,0.990320375606057,0.284099881223133,1.0,0.0,2009.0,91.0,3.8717940146018464,4.997557997558054,2.0,0.15569495148265178
https://openalex.org/C2776768029,32035,Hepcidin,3,2003,True,27,27,False,False,0,DEV_Med,dev,168.0,0.8452380952380952,0.953661699141208,1.0,0.2997225030505457,1.0,0.0,2010.0,526.0,4.143978577173922,5.047256301951284,4.0,0.4472573303885316
https://openalex.org/C2776808119,32193,Kisspeptin,3,2006,True,27,27,False,False,0,DEV_Med,dev,141.0,0.7021276595744681,0.9562940923470846,1.0,0.2997225030505457,1.0,0.0,2014.0,252.0,3.71573197155629,3.924330243878548,3.0,0.0123385890202198
https://openalex.org/C2776841711,32354,Barcode,2,2003,True,27,27,True,False,0,DEV_Med,dev,157.0,0.6178343949044586,0.950437952385079,0.9734726377774732,0.2997225030505457,1.0,0.0,2011.0,334.0,9.653088773460391,11.276314769800155,7.0,5.953788677901568
https://openalex.org/C2776855506,32413,Tetherin,4,2009,True,27,27,False,False,0,DEV_Med,dev,107.0,0.8598130841121495,0.9526081567363568,1.0,0.2997225030505457,0.0,0.0,2011.0,40.0,2.987854251012146,,1.0,-0.7260471594652018
https://openalex.org/C2776915898,32676,Romiplostim,5,2008,True,27,27,False,False,0,DEV_Med,dev,90.0,0.8222222222222222,0.9562614949597356,1.0,0.2997225030505457,1.0,0.0,2012.0,118.0,2.716396460936549,3.2682029880968857,1.0,-1.0040938788116804
https://openalex.org/C2776927880,32724,Embryo rescue,4,2004,True,11,11,False,False,0,LifeEnv,heldout_field,50.0,0.72,0.9702537528137112,1.0,0.284099881223133,1.0,0.0,2004.0,23.0,,,1.0,
https://openalex.org/C2776941537,32782,Banking union,3,2013,True,20,20,False,False,0,Social,heldout_cohort,140.0,0.3928571428571428,0.9727955880217426,1.0,0.1430448780302194,0.0,0.0,2015.0,32.0,3.0,,1.0,-0.703664430497446
https://openalex.org/C2776970978,32910,Electronic cigarette,2,2012,True,27,27,False,False,0,DEV_Med,heldout_cohort,238.0,0.680672268907563,0.9670356445528644,0.9788137133093804,0.2997225030505457,1.0,0.0,2020.0,547.0,5.265870756764723,6.6821221985951125,3.0,1.582413752611795
https://openalex.org/C2776979040,32945,Daclatasvir,5,2013,True,27,27,False,False,0,DEV_Med,heldout_cohort,188.0,0.8404255319148937,0.954855715347555,1.0,0.2997225030505457,0.0,1.0,2016.0,192.0,3.7979048516660843,4.8153816710697654,1.0,0.10546700019733057
https://openalex.org/C2777027569,33152,Tigecycline,3,2005,True,27,27,False,False,0,DEV_Med,dev,263.0,0.935361216730038,0.954544380985838,1.0,0.2997225030505457,0.0,0.0,2008.0,266.0,2.290598443502077,2.8087376461506066,1.0,-1.389054794820407
https://openalex.org/C2777028646,33157,Prasugrel,4,2007,True,27,27,False,False,0,DEV_Med,dev,181.0,0.7900552486187845,0.9565940675644654,1.0,0.2997225030505457,0.0,0.0,2013.0,339.0,2.2055816379123643,2.82249298602475,1.0,-1.4883012353926652
https://openalex.org/C2777053367,33266,Zika virus,3,2014,True,27,27,False,False,0,DEV_Med,heldout_cohort,1876.0,0.714818763326226,0.9713589524737974,0.9850506781817132,0.2997225030505457,0.0,0.0,2016.0,1283.0,5.991552266339667,7.852522775573998,9.0,2.3867205275263057
https://openalex.org/C2777053506,33268,Varenicline,3,2006,True,27,27,False,False,0,DEV_Med,dev,213.0,0.8215962441314554,0.9583372098848664,1.0,0.2997225030505457,0.0,0.0,2011.0,275.0,4.016303636881688,4.913674007630381,2.0,0.3286203405534396
https://openalex.org/C2777059624,33290,Cloud storage,3,2010,True,17,17,False,False,0,DEV_CS,heldout_cohort,213.0,0.6525821596244131,0.9708414530910772,1.0,0.0972089563793993,0.0,0.0,2015.0,563.0,3.3985744472315473,4.148998064407156,2.0,-0.28910884909670065
https://openalex.org/C2777100407,33450,Ombitasvir,5,2014,True,27,27,False,False,0,DEV_Med,heldout_cohort,177.0,0.903954802259887,0.9536753359258028,1.0,0.2997225030505457,0.0,0.0,2016.0,44.0,3.7272727272727026,,1.0,0.032538822400067335
https://openalex.org/C2777103469,33463,Smart city,3,2011,True,22,22,False,False,0,DEV_Eng,heldout_cohort,217.0,0.4930875576036866,0.9684322842148692,0.9812330691105948,0.2427178906876991,1.0,0.0,2019.0,1212.0,5.0772135097614735,5.662749546773055,5.0,1.390238737643855
https://openalex.org/C2777107064,33482,Extensively drug-resistant tuberculosis,4,2007,True,27,27,False,False,0,DEV_Med,dev,104.0,0.6730769230769231,0.9880713143385638,1.0,0.2997225030505457,0.0,0.0,2008.0,49.0,1.0,,1.0,-2.7149843861429472
https://openalex.org/C2777109674,33497,Electron-transfer dissociation,4,2007,True,16|13,16,False,False,1,Physical,heldout_field,72.0,0.9305555555555556,0.9792651607285467,1.0,0.7095116575553743,0.0,0.0,2010.0,48.0,2.6249710095954226,,1.0,-1.104017100236495
https://openalex.org/C2777113924,33513,Radicalization,3,2007,True,33,33,False,False,0,Social,heldout_field,104.0,0.4134615384615384,0.9535937625148986,0.9774796486983798,0.0281553368995909,0.0,0.0,2015.0,121.0,3.336432850209396,4.136910119203684,1.0,-0.3785515359335512
https://openalex.org/C2777137803,33619,Endoscopic submucosal dissection,2,2005,True,27,27,False,False,0,DEV_Med,dev,213.0,0.9389671361502347,0.9811632547388256,1.0,0.2997225030505457,1.0,0.0,2012.0,689.0,2.0050945943406577,2.174928558873868,2.0,-1.6825887019875905
https://openalex.org/C2777148836,33659,Urogynecology,3,2004,True,33,33,False,False,0,Social,heldout_field,60.0,0.85,0.9575954480195236,1.0,0.0281553368995909,1.0,0.0,2012.0,46.0,1.6521739130434616,,1.0,-2.0837573805005114
https://openalex.org/C2777156515,33704,Enceladus,2,2005,True,19|31,19,False,False,1,LifeEnv,heldout_field,174.0,0.603448275862069,0.9547318471662614,0.9759777033345828,0.3453007704952434,0.0,0.0,2007.0,166.0,2.3614456566031796,2.602409638554063,2.0,-1.3339392398107428
https://openalex.org/C2777158596,33711,Hand-foot-and-mouth disease,3,2008,True,27,27,False,False,0,DEV_Med,dev,180.0,0.9055555555555556,0.9912006632040808,1.0,0.2997225030505457,0.0,0.0,2012.0,286.0,4.365049605364517,5.403926286123437,3.0,0.6709557504793482
https://openalex.org/C2777159539,33715,Boceprevir,5,2011,True,27,27,False,False,0,DEV_Med,heldout_cohort,299.0,0.9063545150501672,0.9552777062584108,1.0,0.2997225030505457,0.0,0.0,2013.0,24.0,,,1.0,
https://openalex.org/C2777165150,33733,Dysbiosis,3,2011,True,27,27,False,False,0,DEV_Med,heldout_cohort,119.0,0.6890756302521008,0.9597105044734094,1.0,0.2997225030505457,1.0,0.0,2019.0,845.0,5.30898987410559,6.350939727674808,7.0,1.5991363850896012
https://openalex.org/C2777178219,33785,Tocilizumab,3,2007,True,27,27,False,False,0,DEV_Med,dev,140.0,0.8857142857142857,0.9563360379821118,1.0,0.2997225030505457,1.0,0.0,2013.0,570.0,2.924375450455804,3.653609237906143,2.0,-0.7792889800416418
https://openalex.org/C2777183516,33808,Small incision lenticule extraction,4,2013,True,27,27,False,False,0,DEV_Med,heldout_cohort,120.0,0.8166666666666667,0.98676603070471,1.0,0.2997225030505457,0.0,0.0,2020.0,215.0,1.6714329328911557,1.9701325785217456,1.0,-2.038101875789757
https://openalex.org/C2777208637,33909,Phosphorene,3,2014,True,22,22,True,False,0,DEV_Eng,heldout_cohort,433.0,0.76905311778291,0.9555440118071395,1.0,0.2427178906876991,0.0,0.0,2019.0,536.0,4.601889410369628,5.132346506058117,5.0,0.941223275145759
https://openalex.org/C2777209026,33912,Inflammasome,3,2007,True,24,24,False,False,0,LifeEnv,heldout_field,200.0,0.805,0.955415151082592,0.9766567545791148,0.2764936642372434,1.0,0.0,2015.0,1189.0,4.760627415589931,5.451105334133183,5.0,1.0705459080600228
https://openalex.org/C2777247137,34056,Jatropha curcas,2,2004,True,11,11,False,False,0,LifeEnv,heldout_field,140.0,0.4714285714285714,0.9704493747556644,0.9860066385756316,0.284099881223133,1.0,0.0,2012.0,802.0,5.774290527611871,6.663230098044154,6.0,2.0706260971144252
https://openalex.org/C2777265743,34127,Gardasil,4,2006,True,27,27,False,False,0,DEV_Med,dev,87.0,0.8390804597701149,0.9566039516475696,0.974734376956617,0.2997225030505457,0.0,0.0,2007.0,26.0,,,1.0,
https://openalex.org/C2777294095,34222,TD-SCDMA,3,2005,True,22,22,False,False,0,DEV_Eng,dev,166.0,0.8795180722891566,0.971768137863646,1.0,0.2427178906876991,0.0,0.0,2007.0,125.0,2.9643364975214195,2.998477136391344,2.0,-0.732840827503265
https://openalex.org/C2777317274,34314,Inonotus obliquus,2,2005,True,11,11,True,False,0,LifeEnv,heldout_field,67.0,0.5522388059701493,0.9682208627060558,0.9843015628573832,0.284099881223133,0.0,0.0,2012.0,73.0,5.212971388414278,6.054644057008806,3.0,1.4812423781694637
https://openalex.org/C2777325958,34344,Antibody-drug conjugate,4,2011,True,27,27,False,False,0,DEV_Med,heldout_cohort,143.0,0.7062937062937062,0.9785016888926632,1.0,0.2997225030505457,1.0,0.0,2018.0,353.0,3.9831506281285614,4.584051810020397,3.0,0.2802936217525849
https://openalex.org/C2777329042,34360,Lapatinib,5,2007,True,27,27,False,False,0,DEV_Med,dev,264.0,0.875,0.9533847828263984,1.0,0.2997225030505457,0.0,0.0,2015.0,329.0,3.5782933655172604,4.414279293499821,2.0,-0.101215348617309
https://openalex.org/C2777350926,34466,Soybean aphid,5,2004,True,11,11,False,False,0,LifeEnv,heldout_field,80.0,0.8375,0.971002895890686,1.0,0.284099881223133,1.0,0.0,2010.0,78.0,2.7782217782217384,3.79720279720274,1.0,-0.9467539842549182
https://openalex.org/C2777382958,34596,Reverse logistics,3,2003,True,14,14,False,False,0,Social,heldout_field,160.0,0.6375,0.9724115964689072,1.0,0.0771156548797982,0.0,0.0,2010.0,262.0,4.469338338763307,5.186618867264876,2.0,0.7707590611497106
https://openalex.org/C2777413986,34746,Nilotinib,4,2006,True,27,27,False,False,0,DEV_Med,dev,178.0,0.9382022471910112,0.9560946090029094,1.0,0.2997225030505457,0.0,0.0,2012.0,360.0,3.0531122871907823,3.976941735058616,1.0,-0.6414070701971455
https://openalex.org/C2777422806,34786,Dapagliflozin,4,2011,True,27,27,False,False,0,DEV_Med,heldout_cohort,116.0,0.8448275862068966,0.9565805671381165,1.0,0.2997225030505457,1.0,0.0,2019.0,556.0,2.937373860514163,3.769732319101978,3.0,-0.7734519896955034
https://openalex.org/C2777425297,34799,Sevelamer,4,2003,True,27,27,False,False,0,DEV_Med,dev,98.0,0.8469387755102041,0.9534470649156048,1.0,0.2997225030505457,0.0,0.0,2005.0,71.0,1.6700201207243333,1.915492957746476,1.0,-2.04722723274065
https://openalex.org/C2777432891,34842,Chinese Dream,3,2013,True,33,33,False,False,0,Social,heldout_cohort,187.0,0.5828877005347594,0.9712083047570884,0.9848500915981436,0.0281553368995909,0.0,0.0,2015.0,18.0,,,1.0,
https://openalex.org/C2777448596,34891,Circular economy,2,2003,True,23,23,False,False,0,LifeEnv,heldout_field,176.0,0.6306818181818182,0.9712168117631728,0.9844684108360222,0.2945059638214947,1.0,0.0,2009.0,356.0,6.206653330213387,6.894694863059224,5.0,2.511703662283073
https://openalex.org/C2777449259,34894,Graphyne,3,2012,True,31,31,False,False,0,Physical,heldout_cohort,147.0,0.782312925170068,0.9522395985903443,1.0,0.4858337648309395,1.0,0.0,2019.0,186.0,4.219273268263375,4.456116466123998,3.0,0.5174668685941359
https://openalex.org/C2777451236,34901,Canagliflozin,4,2013,True,27,27,False,False,0,DEV_Med,heldout_cohort,320.0,0.840625,0.9572110520569644,1.0,0.2997225030505457,0.0,0.0,2018.0,328.0,3.3213255204223486,4.166212757540719,2.0,-0.3508572723281871
https://openalex.org/C2777461252,34947,Economic recovery,2,2009,True,33,33,False,False,0,Social,heldout_field,98.0,0.4081632653061224,0.9716264236762194,0.9835018715710884,0.0281553368995909,0.0,0.0,2010.0,15.0,,,0.0,
https://openalex.org/C2777464112,34961,Lithium–sulfur battery,4,2011,True,22,22,False,False,0,DEV_Eng,heldout_cohort,145.0,0.8068965517241379,0.9775710225058772,1.0,0.2427178906876991,1.0,0.0,2019.0,790.0,3.320334118324751,3.7831885736767084,3.0,-0.3819939618012276
https://openalex.org/C2777478702,35010,Bortezomib,3,2003,True,27,27,False,False,0,DEV_Med,dev,345.0,0.8840579710144928,0.9545567215571014,0.9758455822076508,0.2997225030505457,1.0,0.0,2009.0,1250.0,2.875655281030745,3.470348252479487,4.0,-0.7936628475391738
https://openalex.org/C2777488572,35052,Steel bar,2,2003,True,22,22,False,False,0,DEV_Eng,dev,108.0,0.8240740740740741,0.968849289986496,1.0,0.2427178906876991,0.0,0.0,2009.0,150.0,2.5221476510068688,3.447427293065214,1.0,-1.1913995050293047
https://openalex.org/C2777493420,35076,Reclaimed water,3,2005,True,23,23,False,False,0,LifeEnv,heldout_field,189.0,0.7248677248677249,0.9717718072270964,1.0,0.2945059638214947,1.0,0.0,2012.0,263.0,4.503342425268881,5.14126129454865,4.0,0.811106601211919
https://openalex.org/C2777512022,35154,Pegaptanib,5,2005,True,27,27,False,False,0,DEV_Med,dev,136.0,0.8970588235294118,0.9577782657667646,1.0,0.2997225030505457,0.0,0.0,2007.0,49.0,1.8545918367346887,,1.0,-1.8501764993974503
https://openalex.org/C2777546689,35291,Drug-eluting stent,4,2003,True,27,27,False,False,0,DEV_Med,dev,276.0,0.8007246376811594,0.9782008673872026,0.9894087794712922,0.2997225030505457,0.0,0.0,2007.0,828.0,2.398273726546171,2.934831727523929,2.0,-1.279542172107436
https://openalex.org/C2777556957,35340,Osteonecrosis of the jaw,4,2006,True,27,27,False,False,0,DEV_Med,dev,218.0,0.7935779816513762,0.9866206752530684,0.9926711703792438,0.2997225030505457,1.0,0.0,2014.0,284.0,2.8522748409441534,3.243996015739864,2.0,-0.8345248408521164
https://openalex.org/C2777560349,35355,Platelet-rich fibrin,3,2010,True,35,35,False,False,0,OtherHealth,heldout_cohort,151.0,0.8609271523178808,0.9805450045533816,1.0,0.1143327370569605,1.0,0.0,2018.0,500.0,3.230141535585206,3.7901452033672207,3.0,-0.47064246501920204
https://openalex.org/C2777588912,35471,Ciclesonide,4,2004,True,27,27,False,False,0,DEV_Med,dev,128.0,0.953125,0.9545591653682473,1.0,0.2997225030505457,0.0,0.0,2006.0,62.0,2.6732425673798144,2.9642104885765743,1.0,-1.03383448031747
https://openalex.org/C2777605182,35545,Posterior reversible encephalopathy syndrome,3,2007,True,27,27,False,False,0,DEV_Med,dev,175.0,0.8571428571428571,0.987348382202694,0.9938930704629289,0.2997225030505457,1.0,0.0,2015.0,433.0,2.2579483368753257,2.8092130973525875,1.0,-1.4372183235384317
https://openalex.org/C2777607594,35564,Obinutuzumab,4,2013,True,27,27,False,False,0,DEV_Med,heldout_cohort,142.0,0.8732394366197183,0.9560711008927818,1.0,0.2997225030505457,1.0,0.0,2017.0,241.0,2.3482205331795694,2.9138294360565333,1.0,-1.3549037169444227
https://openalex.org/C2777648190,35751,FlexRay,3,2006,True,22,22,False,False,0,DEV_Eng,dev,64.0,0.75,0.9539648569134632,1.0,0.2427178906876991,1.0,0.0,2010.0,75.0,2.8774149746212463,2.989592332058085,2.0,-0.8560585579390985
https://openalex.org/C2777648619,35752,Learning analytics,2,2012,True,33,33,False,False,0,Social,heldout_cohort,168.0,0.5,0.9740966294416972,0.986374296889815,0.0281553368995909,1.0,0.0,2020.0,431.0,4.637092051061846,5.526180983661412,3.0,0.9403708042764563
https://openalex.org/C2777656388,35781,Gender dysphoria,3,2013,True,32,32,False,False,0,Social,heldout_cohort,129.0,0.7209302325581395,0.971475402763984,1.0,0.0701142639339837,1.0,0.0,2021.0,237.0,4.498348503762985,5.187569349110909,3.0,0.7915678161435342
https://openalex.org/C2777691041,35910,Middle East respiratory syndrome coronavirus,5,2013,True,27,27,False,False,0,DEV_Med,heldout_cohort,333.0,0.7867867867867868,0.9913651141037642,1.0,0.2997225030505457,0.0,1.0,2016.0,197.0,4.135557462342904,5.262452897349737,2.0,0.46489115483244925
https://openalex.org/C2777703276,35971,Teriflunomide,4,2013,True,27,27,False,False,0,DEV_Med,heldout_cohort,123.0,0.8130081300813008,0.954553966599135,1.0,0.2997225030505457,0.0,0.0,2019.0,166.0,4.295890347353872,5.7923333391184295,1.0,0.5872958846669292
https://openalex.org/C2777719358,36034,Human bocavirus,4,2006,True,27,27,False,False,0,DEV_Med,dev,127.0,0.889763779527559,0.972185471396274,0.986336790019152,0.2997225030505457,0.0,0.0,2009.0,90.0,2.6149751251428115,3.10861577944828,1.0,-1.092400607048812
https://openalex.org/C2777756922,36188,Imperial examination,2,2003,True,33,33,False,False,0,Social,heldout_field,111.0,0.5135135135135135,0.9694676796308748,1.0,0.0281553368995909,0.0,0.0,2005.0,76.0,2.9433163155946174,2.9988640355985017,1.0,-0.7691874305746418
https://openalex.org/C2777780610,36284,Lithobates,3,2009,True,23,23,False,False,0,LifeEnv,heldout_field,85.0,0.5882352941176471,0.9544662923282308,1.0,0.2945059638214947,1.0,0.0,2013.0,91.0,4.2061975147327075,4.541555622106575,1.0,0.4835304638211957
https://openalex.org/C2777802072,36364,Bevacizumab,3,2004,True,27,27,False,False,0,DEV_Med,dev,427.0,0.911007025761124,0.956963639527489,1.0,0.2997225030505457,1.0,0.0,2012.0,3095.0,2.4091354903556543,3.0197454785356586,4.0,-1.252062031319955
https://openalex.org/C2777803708,36379,Transcranial direct-current stimulation,3,2006,True,27|28,27,False,False,1,DEV_Med,dev,108.0,0.8611111111111112,0.98659200018932,1.0,0.2376827844035721,1.0,0.0,2014.0,579.0,3.845473614597464,4.403534043792484,3.0,0.1319264585612902
https://openalex.org/C2777808570,36409,Massive open online course,2,2013,True,33,33,False,False,0,Social,heldout_cohort,216.0,0.5462962962962963,0.985301578416474,1.0,0.0281553368995909,0.0,0.0,2020.0,192.0,7.173512653922107,8.770159419287301,3.0,3.4863619827489942
https://openalex.org/C2777846614,36545,Synthetic cannabinoids,4,2011,True,27,27,False,False,0,DEV_Med,heldout_cohort,196.0,0.4795918367346938,0.969006361519262,1.0,0.2997225030505457,0.0,0.0,2016.0,194.0,6.682475152660144,7.936730951833304,3.0,2.9916242840582212
https://openalex.org/C2777898937,36777,C9orf72,5,2012,True,27,27,False,False,0,DEV_Med,heldout_cohort,304.0,0.9144736842105264,0.954335003710846,1.0,0.2997225030505457,0.0,0.0,2019.0,295.0,3.7730691936268075,4.270858144810872,3.0,0.09893304564833327
https://openalex.org/C2777921204,36872,Knowledge translation,2,2006,True,27,27,False,False,0,DEV_Med,dev,140.0,0.7357142857142858,0.9721109074455914,0.9833543766273896,0.2997225030505457,1.0,0.0,2014.0,181.0,4.456741532279645,5.502248370339468,2.0,0.7530771017821993
https://openalex.org/C2777965303,37067,Drosophila suzukii,5,2011,True,11,11,False,False,0,LifeEnv,heldout_cohort,118.0,0.5338983050847458,0.970598759228722,1.0,0.284099881223133,1.0,0.0,2017.0,287.0,3.2507392931778,3.9147704470849276,2.0,-0.4594355654905793
https://openalex.org/C2777968448,37079,Nanocellulose,3,2010,True,22,22,False,False,0,DEV_Eng,heldout_cohort,129.0,0.5426356589147286,0.9565148901155432,1.0,0.2427178906876991,1.0,0.0,2018.0,536.0,6.344657734123905,7.678110021597101,6.0,2.6378770465044545
https://openalex.org/C2778011067,37268,Monkeypox,5,2003,True,27,27,False,False,0,DEV_Med,dev,81.0,0.691358024691358,0.9581443449087012,0.971690980667813,0.2997225030505457,0.0,0.0,2004.0,37.0,1.9954954954954955,,1.0,-1.7290071916079943
https://openalex.org/C2778015335,37289,Mass cytometry,4,2014,True,13,13,False,False,0,DEV_BGM,heldout_cohort,102.0,0.9215686274509804,0.9710346963253006,1.0,0.4190233151107485,1.0,0.0,2022.0,223.0,5.031566929624144,5.523519885237561,3.0,1.3158430624246877
https://openalex.org/C2778017510,37294,Land grabbing,3,2011,True,33,33,False,False,0,Social,heldout_cohort,112.0,0.4464285714285714,0.9718837163185718,1.0,0.0281553368995909,1.0,0.0,2013.0,101.0,4.34938957637347,4.928863202782486,2.0,0.6372273757923361
https://openalex.org/C2778020697,37306,Blinatumomab,4,2014,True,27,27,False,False,0,DEV_Med,heldout_cohort,115.0,0.8869565217391304,0.9555300063188354,1.0,0.2997225030505457,1.0,0.0,2022.0,239.0,1.9181634643090024,2.34408234110519,1.0,-1.7929921029197209
https://openalex.org/C2778022620,37315,Equine influenza,3,2009,True,11|27,11,False,False,1,LifeEnv,heldout_field,131.0,0.6793893129770993,0.974269684026566,1.0,0.2919111921368394,0.0,0.0,2011.0,38.0,3.992413466097677,,1.0,0.28621866815455377
https://openalex.org/C2778034309,37352,Vortioxetine,4,2013,True,27,27,False,False,0,DEV_Med,heldout_cohort,158.0,0.5886075949367089,0.95662368140345,1.0,0.2997225030505457,1.0,0.0,2015.0,166.0,5.738145903175733,6.78895213384078,3.0,2.0390875993993944
https://openalex.org/C2778037500,37363,Enfuvirtide,5,2003,True,27,27,False,False,0,DEV_Med,dev,140.0,0.8,0.9535213849929262,1.0,0.2997225030505457,0.0,1.0,2006.0,71.0,2.6585600559881613,3.385180649112076,1.0,-1.0451043745092847
https://openalex.org/C2778070265,37523,Thymic stromal lymphopoietin,3,2007,True,27|24,27,False,False,1,DEV_Med,dev,105.0,0.8476190476190476,0.9788487852550706,1.0,0.2881080836438946,0.0,0.0,2010.0,141.0,4.524542150734787,5.46199866209395,2.0,0.8099221891700243
https://openalex.org/C2778071103,37525,Precarity,2,2012,True,33,33,False,False,0,Social,heldout_cohort,132.0,0.6893939393939394,0.9543786437196278,0.9752615306885816,0.0281553368995909,1.0,0.0,2020.0,476.0,3.8050332571325676,4.730273494096364,2.0,0.09912805813493764
https://openalex.org/C2778087573,37601,Erlotinib,4,2003,True,27,27,False,False,0,DEV_Med,dev,133.0,0.8270676691729323,0.955554218401627,1.0,0.2997225030505457,1.0,0.0,2011.0,711.0,3.056129650899249,3.7343414213202175,2.0,-0.6494881348261345
https://openalex.org/C2778101114,37656,Disbursement,2,2010,True,14,14,True,False,0,Social,heldout_cohort,730.0,0.0068493150684931,0.9540875578985668,1.0,0.0771156548797982,0.0,1.0,2014.0,28.0,,,0.0,
https://openalex.org/C2778111679,37695,Comparative effectiveness research,3,2009,True,27|20,27,False,False,1,DEV_Med,dev,239.0,0.7447698744769874,0.9820876834367894,1.0,0.2213836905403826,0.0,1.0,2012.0,76.0,4.15972743248462,4.973383321682936,2.0,0.4764301018478329
https://openalex.org/C2778114629,37708,Evolocumab,5,2014,True,27,27,False,False,0,DEV_Med,heldout_cohort,129.0,0.7984496124031008,0.955293556316082,1.0,0.2997225030505457,0.0,0.0,2017.0,182.0,2.0333871607986356,2.4535722002001785,1.0,-1.6733935268208153
https://openalex.org/C2778153387,37865,Camellia oleifera,2,2007,True,11,11,False,False,0,LifeEnv,heldout_field,120.0,0.35,0.9708170064186362,1.0,0.284099881223133,0.0,0.0,2011.0,144.0,5.565203880938721,6.365554271622228,1.0,1.8556690722578089
https://openalex.org/C2778156053,37875,Flipped classroom,2,2012,True,33,33,False,False,0,Social,heldout_cohort,280.0,0.4142857142857143,0.9741140990781298,0.9853729749256628,0.0281553368995909,1.0,0.0,2019.0,915.0,6.350320134540906,7.480488748052856,6.0,2.6730521889065213
https://openalex.org/C2778159067,37885,Telaprevir,5,2009,True,27,27,False,False,0,DEV_Med,dev,185.0,0.8648648648648649,0.9546483971750296,1.0,0.2997225030505457,0.0,1.0,2013.0,209.0,3.3492440388719764,4.422401779206912,1.0,-0.3438064061462782
https://openalex.org/C2778164427,37916,Mirabegron,4,2012,True,27,27,False,False,0,DEV_Med,heldout_cohort,139.0,0.8489208633093526,0.9549992265342032,1.0,0.2997225030505457,1.0,0.0,2019.0,220.0,2.976056062305073,3.8166668672284363,1.0,-0.727881359166469
https://openalex.org/C2778171954,37939,Gamma secretase,2,2004,True,27,27,False,False,0,DEV_Med,dev,55.0,0.7636363636363637,0.972378615232806,1.0,0.2997225030505457,1.0,0.0,2008.0,54.0,4.016071411631899,4.851690587539643,1.0,0.2768265440591531
https://openalex.org/C2778191690,38029,Brentuximab vedotin,4,2012,True,27,27,False,False,0,DEV_Med,heldout_cohort,233.0,0.9098712446351932,0.9706692874242248,1.0,0.2997225030505457,0.0,0.0,2019.0,367.0,1.6096058683770642,1.967037295168784,1.0,-2.074659702833987
https://openalex.org/C2778234585,38231,Lignocellulosic biomass,3,2008,True,22,22,False,False,0,DEV_Eng,dev,182.0,0.6318681318681318,0.9739543064196768,1.0,0.2427178906876991,1.0,0.0,2016.0,393.0,5.912706497042223,6.829852698709542,6.0,2.219033442878488
https://openalex.org/C2778240358,38254,Content determination,3,2005,True,27,27,False,False,0,DEV_Med,dev,145.0,0.4068965517241379,0.968615124956724,1.0,0.2997225030505457,0.0,0.0,2011.0,150.0,3.7946538745104417,4.841931110111856,1.0,0.0923257943844633
https://openalex.org/C2778260052,38336,FOLFOX,5,2005,True,27,27,False,False,0,DEV_Med,dev,105.0,0.780952380952381,0.956736867991039,0.9759431835379412,0.2997225030505457,0.0,0.0,2010.0,193.0,3.326775617322401,3.90448100767403,1.0,-0.3878443442423611
https://openalex.org/C2778282719,38429,Bring your own device,3,2013,True,33,33,True,False,0,Social,heldout_cohort,66.0,0.3484848484848485,0.9863311369208938,1.0,0.0281553368995909,0.0,1.0,2018.0,22.0,,,0.0,
https://openalex.org/C2778296632,38478,Regulatory T cell,5,2003,True,24,24,False,False,0,LifeEnv,heldout_field,218.0,0.8944954128440367,0.9761191821981796,0.9862835265663434,0.2764936642372434,0.0,0.0,2011.0,745.0,3.504326213635375,3.881313370126497,3.0,-0.18247346816089483
https://openalex.org/C2778323463,38589,Graphene quantum dot,3,2014,True,25,25,True,False,0,Physical,heldout_cohort,81.0,0.691358024691358,0.98195826811662,1.0,0.9592210826637104,1.0,0.0,2016.0,79.0,6.065445393307977,7.227046770684303,2.0,2.340942706204487
https://openalex.org/C2778390639,38878,Sofosbuvir,5,2013,True,27,27,False,False,0,DEV_Med,heldout_cohort,565.0,0.8407079646017699,0.954845623250064,1.0,0.2997225030505457,0.0,1.0,2016.0,691.0,2.898621314040807,3.7922489963891914,2.0,-0.7519116371433356
https://openalex.org/C2778407487,38959,Altmetrics,2,2013,True,17,17,False,False,0,DEV_CS,heldout_cohort,233.0,0.3047210300429184,0.9553850193931251,0.9752095986544485,0.0972089563793993,0.0,0.0,2016.0,173.0,6.567692748819965,7.871240645077486,4.0,2.883427177608914
https://openalex.org/C2778414717,38988,Atazanavir,5,2003,True,27,27,False,False,0,DEV_Med,dev,118.0,0.7711864406779662,0.9565635833858248,1.0,0.2997225030505457,0.0,0.0,2008.0,197.0,2.509555269111569,3.2273195532138668,1.0,-1.20061958955681
https://openalex.org/C2778437647,39087,Carbon quantum dots,3,2013,True,25,25,False,False,0,Physical,heldout_cohort,143.0,0.7902097902097902,0.9808782488006532,1.0,0.9592210826637104,1.0,0.0,2019.0,285.0,6.108120930234734,7.155153120063637,4.0,2.4052639238587576
https://openalex.org/C2778439243,39090,Pazopanib,4,2010,True,27,27,False,False,0,DEV_Med,heldout_cohort,196.0,0.8520408163265306,0.9556246764682188,1.0,0.2997225030505457,1.0,0.0,2016.0,469.0,2.80628730960576,3.454108084835086,2.0,-0.8845635589961631
https://openalex.org/C2778470625,39221,Ammonia borane,4,2007,True,16,16,False,False,0,Physical,heldout_field,138.0,0.7608695652173914,0.9688608715447108,1.0,1.0,1.0,0.0,2014.0,193.0,4.910786654720591,5.789260384142139,3.0,1.206574271203924
https://openalex.org/C2778472372,39228,Trametinib,4,2014,True,27,27,False,False,0,DEV_Med,heldout_cohort,204.0,0.9264705882352942,0.952951953441638,1.0,0.2997225030505457,1.0,0.0,2022.0,410.0,2.3543190235794045,2.849475412632925,2.0,-1.335008358756991
https://openalex.org/C2778476455,39244,Dynamical decoupling,4,2010,True,31,31,False,False,0,Physical,heldout_cohort,97.0,0.9278350515463918,0.9702721142012034,1.0,0.4858337648309395,0.0,0.0,2012.0,51.0,3.707563025210093,4.0,1.0,-0.010074917092303792
https://openalex.org/C2778510232,39390,High resolution manometry,4,2009,True,27,27,False,False,0,DEV_Med,dev,114.0,0.9035087719298246,0.9784294610315198,1.0,0.2997225030505457,1.0,0.0,2017.0,190.0,2.354195592519805,3.032036767561202,1.0,-1.3572925713890456
https://openalex.org/C2778556080,39602,Green growth,3,2010,True,33,33,False,False,0,Social,heldout_cohort,134.0,0.417910447761194,0.9740238576923972,0.9854275842679374,0.0281553368995909,0.0,0.0,2012.0,39.0,7.298475032920246,,0.0,3.593142507538492
https://openalex.org/C2778569047,39682,Contrast-induced nephropathy,4,2003,True,27,27,False,False,0,DEV_Med,dev,96.0,0.7604166666666666,0.9813909978630418,1.0,0.2997225030505457,1.0,0.0,2011.0,296.0,1.9259807312846784,2.377758013168477,1.0,-1.792051847479922
https://openalex.org/C2778586554,39766,Sleeve gastrectomy,5,2007,True,27,27,False,False,0,DEV_Med,dev,187.0,0.9358288770053476,0.9730569710149762,0.9856119435017114,0.2997225030505457,1.0,0.0,2015.0,1006.0,1.635617007896644,1.9171029570056763,2.0,-2.057023948468525
https://openalex.org/C2778602974,39834,Silicene,3,2011,True,31,31,False,False,0,Physical,heldout_cohort,253.0,0.7549407114624506,0.9537449185320084,0.9767762661342944,0.4858337648309395,0.0,0.0,2014.0,456.0,4.174412653188495,4.723044471253763,3.0,0.4932831805061144
https://openalex.org/C2778609962,39866,Apigenin,4,2004,True,13,13,False,False,0,DEV_BGM,dev,138.0,0.6739130434782609,0.9543108297732426,1.0,0.4190233151107485,1.0,0.0,2012.0,154.0,7.1254560899793375,8.750014191810438,3.0,3.42124370646267
https://openalex.org/C2778651397,40031,Daptomycin,5,2003,True,27,27,False,False,0,DEV_Med,dev,154.0,0.935064935064935,0.955229464440795,1.0,0.2997225030505457,0.0,0.0,2008.0,385.0,2.418077044702194,2.985852753798492,2.0,-1.2819577761119687
https://openalex.org/C2778658864,40068,Next Generation Science Standards,3,2013,True,33,33,False,False,0,Social,heldout_cohort,98.0,0.6224489795918368,0.9868514244594144,1.0,0.0281553368995909,0.0,0.0,2015.0,28.0,,,1.0,
https://openalex.org/C2778659479,40070,Gadoxetic acid,4,2010,True,27,27,False,False,0,DEV_Med,heldout_cohort,124.0,0.9032258064516128,0.9661730332810248,1.0,0.2997225030505457,0.0,0.0,2017.0,179.0,1.7603925402878318,2.1868183660682012,1.0,-1.9478935638089978
https://openalex.org/C2778661090,40084,Rivaroxaban,4,2007,True,27,27,False,False,0,DEV_Med,dev,165.0,0.7696969696969697,0.9576711767110128,1.0,0.2997225030505457,1.0,0.0,2015.0,870.0,2.959524478454133,3.714293673457113,2.0,-0.7378829504598086
https://openalex.org/C2778695046,40220,Sorafenib,3,2006,True,27,27,False,False,0,DEV_Med,dev,449.0,0.8797327394209354,0.9547014501913172,1.0,0.2997225030505457,1.0,0.0,2014.0,1507.0,3.0472498000038044,3.6149573721515926,3.0,-0.6120345209435487
https://openalex.org/C2778733479,40398,Jatropha,4,2005,True,11,11,False,False,0,LifeEnv,heldout_field,184.0,0.5163043478260869,0.956016368822446,0.9758689158136586,0.284099881223133,1.0,0.0,2013.0,743.0,5.762447265532168,6.853686410077276,5.0,2.0691904130828167
https://openalex.org/C2778749236,40463,Aflibercept,4,2011,True,27,27,False,False,0,DEV_Med,heldout_cohort,193.0,0.8963730569948186,0.9558204430540816,1.0,0.2997225030505457,1.0,0.0,2019.0,823.0,2.125675439117528,2.625483688517868,2.0,-1.565762825363496
https://openalex.org/C2778750513,40470,Norovirus,3,2003,True,27,27,False,False,0,DEV_Med,dev,289.0,0.7681660899653979,0.9576845204435818,0.9786574643261342,0.2997225030505457,1.0,0.0,2011.0,697.0,4.856169382957397,5.676867582906485,5.0,1.1801062432534626
https://openalex.org/C2778759051,40513,Health information exchange,4,2007,True,36,36,True,False,0,OtherHealth,heldout_field,72.0,0.2222222222222222,0.9804532175996964,1.0,0.114301361396536,1.0,0.0,2015.0,104.0,4.127020582863658,4.596416689945276,2.0,0.39803247303174016
https://openalex.org/C2778785139,40614,Dasabuvir,5,2014,True,27,27,False,False,0,DEV_Med,heldout_cohort,152.0,0.8947368421052632,0.9531527378014746,1.0,0.2997225030505457,0.0,0.0,2016.0,29.0,,,1.0,
https://openalex.org/C2778804116,40685,Medical home,3,2007,True,27,27,False,False,0,DEV_Med,dev,192.0,0.640625,0.9705026410257694,0.9855734836294818,0.2997225030505457,1.0,0.0,2014.0,383.0,3.646617130118632,4.261261499715847,3.0,-0.0450189637829079
https://openalex.org/C2778810321,40718,Dabigatran,4,2007,True,27,27,False,False,0,DEV_Med,dev,93.0,0.8387096774193549,0.9568888749371242,0.9769177282464844,0.2997225030505457,1.0,0.0,2015.0,1120.0,2.8670728593422217,3.653351783844839,3.0,-0.8521687758219243
https://openalex.org/C2778815515,40749,Intrinsically disordered proteins,2,2009,True,13,13,False,False,0,DEV_BGM,dev,126.0,0.8333333333333334,0.980655802748907,1.0,0.4190233151107485,1.0,0.0,2016.0,180.0,4.893104971129413,5.9275699341724,2.0,1.185428193276706
https://openalex.org/C2778819808,40773,Cloud manufacturing,3,2011,True,22,22,False,False,0,DEV_Eng,heldout_cohort,141.0,0.8368794326241135,0.9725133579612604,1.0,0.2427178906876991,1.0,0.0,2018.0,141.0,3.2402455544514424,3.66632099772382,2.0,-0.46314782808462773
https://openalex.org/C2778828106,40813,Plerixafor,5,2009,True,27,27,False,False,0,DEV_Med,dev,230.0,0.9043478260869564,0.9507215510788845,1.0,0.2997225030505457,0.0,0.0,2011.0,147.0,2.070170533966858,2.6219846464801875,1.0,-1.614588548398805
https://openalex.org/C2778830669,40823,Dabrafenib,5,2012,True,27,27,False,False,0,DEV_Med,heldout_cohort,131.0,0.816793893129771,0.9560999169541156,1.0,0.2997225030505457,1.0,0.0,2018.0,327.0,2.3860443524290815,2.9560929730347327,1.0,-1.3201504455140416
https://openalex.org/C2778835725,40842,Graphitic carbon nitride,4,2012,True,22,22,True,False,0,DEV_Eng,heldout_cohort,209.0,0.6746411483253588,0.980252531543772,1.0,0.2427178906876991,1.0,0.0,2020.0,914.0,4.812028021620273,5.324553643419032,5.0,1.1236227685457094
https://openalex.org/C2778851808,40902,Climate change adaptation,3,2008,True,33,33,False,False,0,Social,heldout_field,213.0,0.2253521126760563,0.9822054637006388,0.9893984463919449,0.0281553368995909,0.0,0.0,2013.0,270.0,6.932344135840425,8.455749031430468,4.0,3.2446608395121768
https://openalex.org/C2778859668,40927,Severe acute respiratory syndrome,5,2003,True,27,27,False,False,0,DEV_Med,dev,388.0,0.6185567010309279,0.9875177360440824,0.9926205171531388,0.2997225030505457,0.0,0.0,2003.0,15.0,,,0.0,
https://openalex.org/C2778881409,41020,Incretin,4,2004,True,27,27,False,False,0,DEV_Med,dev,101.0,0.7227722772277227,0.9573606372340148,0.9796938601585192,0.2997225030505457,1.0,0.0,2011.0,292.0,2.966969518451492,3.7482238231290017,1.0,-0.7491295446677033
https://openalex.org/C2778886723,41043,Tofacitinib,3,2012,True,27,27,False,False,0,DEV_Med,heldout_cohort,165.0,0.7636363636363637,0.9540249291386568,0.9770530449095628,0.2997225030505457,1.0,0.0,2020.0,720.0,2.567273855264356,3.3635671497848665,1.0,-1.1301335736495859
https://openalex.org/C2778889925,41060,Rifaximin,3,2004,True,27,27,False,False,0,DEV_Med,dev,117.0,0.7692307692307693,0.9559600869910836,1.0,0.2997225030505457,1.0,0.0,2011.0,182.0,2.782554791013072,3.775842016559334,1.0,-0.927944172401448
https://openalex.org/C2778896901,41090,Distillers grains,2,2006,True,11,11,False,False,0,LifeEnv,heldout_field,172.0,0.3720930232558139,0.9705597328153271,1.0,0.284099881223133,1.0,0.0,2014.0,256.0,3.375776224943407,4.218224596959009,1.0,-0.32004893160872694
https://openalex.org/C2778901553,41113,5-Hydroxymethylcytosine,5,2011,True,13,13,False,False,0,DEV_BGM,heldout_cohort,134.0,0.8283582089552238,0.9705479731902422,1.0,0.4190233151107485,0.0,0.0,2016.0,106.0,4.538838622607125,5.389925812368747,3.0,0.8335060972253712
https://openalex.org/C2778907243,41141,IEC 61850,3,2005,True,22,22,False,False,0,DEV_Eng,dev,92.0,0.6956521739130435,0.9714794998019832,1.0,0.2427178906876991,0.0,0.0,2012.0,166.0,2.452204232631648,2.661448407159124,2.0,-1.267449104680764
https://openalex.org/C2778926930,41226,Digestate,4,2010,True,22,22,True,False,0,DEV_Eng,heldout_cohort,111.0,0.5765765765765766,0.9534584645612846,1.0,0.2427178906876991,1.0,0.0,2018.0,255.0,5.075465641169278,6.016654031600033,3.0,1.3629618950000189
https://openalex.org/C2778933410,41252,Ebola vaccine,4,2014,True,27,27,False,False,0,DEV_Med,heldout_cohort,120.0,0.4333333333333333,0.9737172206453998,1.0,0.2997225030505457,0.0,0.0,2015.0,31.0,3.903225806451613,,1.0,0.19369099777070042
https://openalex.org/C2778963024,41385,Neutrophil to lymphocyte ratio,3,2011,True,27,27,False,False,0,DEV_Med,heldout_cohort,171.0,0.8538011695906432,0.986788891027649,1.0,0.2997225030505457,1.0,0.0,2019.0,1139.0,2.703421038324519,3.2387221824525585,2.0,-0.9926261717885878
https://openalex.org/C2778971682,41425,Cabazitaxel,5,2010,True,27,27,False,False,0,DEV_Med,heldout_cohort,110.0,0.8818181818181818,0.952915434448434,1.0,0.2997225030505457,1.0,0.0,2017.0,166.0,3.774531177539267,4.551338844938856,2.0,0.061682794829581056
https://openalex.org/C2778975655,41448,Ustekinumab,4,2008,True,27,27,False,False,0,DEV_Med,dev,124.0,0.8629032258064516,0.9563134853043216,1.0,0.2997225030505457,1.0,0.0,2015.0,334.0,2.1258730753356603,2.4139451448597127,2.0,-1.5824130287611693
https://openalex.org/C2778986448,41505,Simeprevir,5,2014,True,27,27,False,False,0,DEV_Med,heldout_cohort,338.0,0.8816568047337278,0.9540642516079948,1.0,0.2997225030505457,0.0,0.0,2016.0,22.0,,,0.0,
https://openalex.org/C2778987444,41507,Aggregation-induced emission,3,2009,True,16|25,16,False,False,1,Physical,heldout_field,101.0,0.7920792079207921,0.9794954633370048,1.0,0.9796105413318552,1.0,0.0,2016.0,376.0,4.138139779228685,4.602472031891303,3.0,0.42204071610949034
https://openalex.org/C2779097318,41952,Connectomics,4,2012,True,28,28,False,False,0,LifeEnv,heldout_cohort,92.0,0.6630434782608695,0.9521699296672056,0.9740915616044536,0.1756430657565985,0.0,0.0,2016.0,86.0,4.425533433482971,5.093022419319439,2.0,0.7058800961705596
https://openalex.org/C2779134362,42109,MALAT1,5,2014,True,13,13,False,False,0,DEV_BGM,heldout_cohort,175.0,0.6228571428571429,0.9542700724730956,1.0,0.4190233151107485,0.0,0.0,2020.0,401.0,3.9742824417157556,4.905155175516796,2.0,0.2791157813019982
https://openalex.org/C2779148672,42175,Reference genes,4,2006,True,13,13,False,False,0,DEV_BGM,dev,92.0,0.7934782608695652,0.9666776492038766,1.0,0.4190233151107485,1.0,0.0,2014.0,309.0,5.34718770082677,6.418015498793802,3.0,1.6275343635143584
https://openalex.org/C2779177932,42309,Ranolazine,2,2004,True,27,27,False,False,0,DEV_Med,dev,88.0,0.7272727272727273,0.9563149660768404,1.0,0.2997225030505457,1.0,0.0,2012.0,143.0,4.328514573362499,5.310333175884934,1.0,0.607168420569125
https://openalex.org/C2779182219,42328,Darunavir,5,2007,True,27,27,False,False,0,DEV_Med,dev,185.0,0.827027027027027,0.9541683518837684,1.0,0.2997225030505457,1.0,0.0,2014.0,212.0,4.0196117421444,4.89343079232168,1.0,0.3265612971261458
https://openalex.org/C2779191767,42376,Mobile cloud computing,3,2012,True,17,17,False,False,0,DEV_CS,heldout_cohort,217.0,0.6451612903225806,0.9815573039103412,0.9905917486352888,0.0972089563793993,0.0,0.0,2015.0,206.0,2.8530950413728435,3.3982949918272722,2.0,-0.833879730744775
https://openalex.org/C2779199153,42409,Quadcopter,2,2013,True,22,22,False,False,0,DEV_Eng,heldout_cohort,142.0,0.4154929577464789,0.9551607977431884,1.0,0.2427178906876991,1.0,0.0,2020.0,293.0,2.87918221186073,3.425982513335141,2.0,-0.8239420382632621
https://openalex.org/C2779212583,42470,Graphite oxide,3,2007,True,25,25,False,False,0,Physical,heldout_field,117.0,0.8034188034188035,0.9726919888130838,1.0,0.9592210826637104,0.0,0.0,2013.0,294.0,4.368199656990849,4.904261382533762,4.0,0.6577006935763294
https://openalex.org/C2779232120,42553,Negative-pressure wound therapy,3,2004,True,27,27,False,False,0,DEV_Med,dev,63.0,0.4603174603174603,0.9871009698490936,1.0,0.2997225030505457,1.0,0.0,2012.0,208.0,2.5110676446104008,3.203580774413613,1.0,-1.223005618105366
https://openalex.org/C2779254018,42629,Pteris vittata,5,2003,True,11|23,11,False,False,1,LifeEnv,heldout_field,62.0,0.8064516129032258,0.9675925101339056,1.0,0.2893029225223139,0.0,0.0,2010.0,50.0,7.424471810034719,9.0,1.0,3.689789221074829
https://openalex.org/C2779260929,42658,Idelalisib,5,2014,True,27,27,False,False,0,DEV_Med,heldout_cohort,199.0,0.8693467336683417,0.953488617907452,1.0,0.2997225030505457,0.0,0.0,2015.0,79.0,3.624054825920193,4.439121393818236,1.0,-0.0662175696174594
https://openalex.org/C2779277721,42720,Sclerostin,4,2009,True,27,27,False,False,0,DEV_Med,dev,160.0,0.875,0.954110820367036,0.9755906876395822,0.2997225030505457,1.0,0.0,2016.0,320.0,3.199439338394667,3.830931710130549,2.0,-0.4991399392189293
https://openalex.org/C2779284873,42761,Sitagliptin,4,2006,True,27,27,False,False,0,DEV_Med,dev,136.0,0.8308823529411765,0.9558994853829906,0.9756880096298696,0.2997225030505457,1.0,0.0,2013.0,498.0,4.432393245783667,5.5135556978022,3.0,0.727624909651527
https://openalex.org/C2779311642,42890,Copeptin,3,2009,True,27,27,False,False,0,DEV_Med,dev,125.0,0.888,0.9545117703454268,0.9770541166139584,0.2997225030505457,1.0,0.0,2015.0,253.0,3.3788669265119644,4.258058609102819,2.0,-0.3291132957973159
https://openalex.org/C2779324830,42951,Mitophagy,4,2009,True,13|27,13,False,False,1,DEV_BGM,dev,107.0,0.8504672897196262,0.9546203928965736,0.9761887881430784,0.3593729090806471,1.0,0.0,2017.0,514.0,3.92779518509688,4.573756689303389,3.0,0.2138937746195317
https://openalex.org/C2779341050,43007,Small RNA,4,2007,True,13,13,False,False,0,DEV_BGM,dev,96.0,0.8333333333333334,0.9721826150812142,1.0,0.4190233151107485,1.0,0.0,2015.0,184.0,4.254401526682602,5.021427655318483,3.0,0.5363689479180014
https://openalex.org/C2779362956,43091,Eminent domain,2,2005,True,33,33,False,False,0,Social,heldout_field,98.0,0.3061224489795918,0.9728980565906576,1.0,0.0281553368995909,0.0,0.0,2006.0,35.0,2.0,,1.0,-1.7172473534649835
https://openalex.org/C2779363104,43093,mHealth,3,2011,True,27,27,False,False,0,DEV_Med,heldout_cohort,242.0,0.4586776859504132,0.9579358656984004,0.9761686598773932,0.2997225030505457,1.0,0.0,2019.0,613.0,5.701062214402822,6.833640543730699,5.0,2.0182399262394792
https://openalex.org/C2779389132,43198,Stem-cell therapy,3,2003,True,27,27,False,False,0,DEV_Med,dev,103.0,0.7184466019417476,0.9812380476301854,0.9892316934231024,0.2997225030505457,1.0,0.0,2011.0,267.0,3.3580085974300684,4.02534162580727,2.0,-0.3573437343560015
https://openalex.org/C2779422266,43339,Crizotinib,4,2011,True,27,27,False,False,0,DEV_Med,heldout_cohort,243.0,0.8518518518518519,0.9558008816148168,1.0,0.2997225030505457,1.0,0.0,2017.0,769.0,2.6249159183811352,3.057614505381859,2.0,-1.05774933006355
https://openalex.org/C2779423816,43349,Wireless power transfer,3,2010,True,22,22,False,False,0,DEV_Eng,heldout_cohort,155.0,0.7806451612903226,0.9802063572754828,0.9889143398079752,0.2427178906876991,1.0,0.0,2018.0,967.0,3.338915558504066,4.238120692700886,4.0,-0.36087277550907526
https://openalex.org/C2779460620,43513,Intangible cultural heritage,3,2007,True,33,33,False,False,0,Social,heldout_field,261.0,0.5134099616858238,0.97982868592419,0.9894544003938532,0.0281553368995909,0.0,0.0,2011.0,248.0,6.188049510645016,7.3533576679986385,4.0,2.508105568026838
https://openalex.org/C2779490328,43629,Sunitinib,3,2006,True,27,27,False,False,0,DEV_Med,dev,416.0,0.8725961538461539,0.9559086650928464,0.9795832201498972,0.2997225030505457,0.0,0.0,2011.0,882.0,3.312893048983853,4.114985427227036,4.0,-0.3492983674329735
https://openalex.org/C2779502394,43679,Solifenacin,4,2004,True,27,27,False,False,0,DEV_Med,dev,77.0,0.8441558441558441,0.9544718912713904,1.0,0.2997225030505457,1.0,0.0,2012.0,114.0,3.084744208818579,3.753862615329201,1.0,-0.6416870968586448
https://openalex.org/C2779502633,43680,Dolutegravir,5,2013,True,27,27,False,False,0,DEV_Med,heldout_cohort,195.0,0.8102564102564103,0.9570340403174832,1.0,0.2997225030505457,0.0,0.0,2019.0,501.0,3.333377759138652,4.338483114148104,2.0,-0.3576679031248631
https://openalex.org/C2779503283,43685,Millennium Development Goals,3,2003,True,33,33,False,False,0,Social,heldout_field,194.0,0.3247422680412371,0.9783244262360548,1.0,0.0281553368995909,1.0,0.0,2010.0,185.0,6.761015564045125,8.66334781929684,2.0,3.0697741066057884
https://openalex.org/C2779517570,43738,Patient-reported outcome,3,2009,True,27,27,False,False,0,DEV_Med,dev,116.0,0.75,0.9802444905581892,1.0,0.2997225030505457,1.0,0.0,2017.0,463.0,3.5305634958155787,4.209089968775097,3.0,-0.1802623543940877
https://openalex.org/C2779518148,43741,Dronedarone,4,2009,True,27,27,False,False,0,DEV_Med,dev,176.0,0.7840909090909091,0.9586421231972618,1.0,0.2997225030505457,0.0,1.0,2012.0,70.0,3.773500881681096,4.426994809214115,1.0,0.0785512137507828
https://openalex.org/C2779528694,43795,Ciclosporin,3,2004,True,27,27,False,False,0,DEV_Med,dev,256.0,0.87109375,0.9603996976777436,1.0,0.2997225030505457,0.0,1.0,2008.0,277.0,1.843666614345886,2.379950818814515,1.0,-1.8370139484883377
https://openalex.org/C2779529041,43798,Liquid biopsy,3,2014,True,27,27,False,False,0,DEV_Med,heldout_cohort,258.0,0.8062015503875969,0.967555293306268,0.9836618579866953,0.2997225030505457,1.0,0.0,2022.0,1216.0,3.761526991742147,4.613663996021449,3.0,0.08114278898575655
https://openalex.org/C2779536868,43828,Dasatinib,4,2005,True,27,27,False,False,0,DEV_Med,dev,228.0,0.956140350877193,0.9553194489539042,0.975423437321108,0.2997225030505457,0.0,0.0,2013.0,488.0,3.346395026144923,4.113219747463399,2.0,-0.3386966529008677
https://openalex.org/C2779542340,43852,Learning object,2,2003,True,17,17,False,False,0,DEV_CS,dev,143.0,0.4195804195804196,0.9710329683059686,1.0,0.0972089563793993,0.0,1.0,2006.0,54.0,4.360703081837992,4.921733053808525,1.0,0.6578460754620159
https://openalex.org/C2779551604,43893,Ramucirumab,3,2014,True,27,27,False,False,0,DEV_Med,heldout_cohort,205.0,0.8585365853658536,0.9555909103176145,1.0,0.2997225030505457,0.0,0.0,2019.0,281.0,2.326535326586006,2.8686291108714452,1.0,-1.3626058349499321
https://openalex.org/C2779554857,43912,Edaravone,2,2003,True,27,27,False,False,0,DEV_Med,dev,145.0,0.7448275862068966,0.955446036256908,1.0,0.2997225030505457,1.0,0.0,2011.0,418.0,3.7687319017347423,4.37292530467726,4.0,0.0664038216087639
https://openalex.org/C2779585989,44030,Contrast-enhanced ultrasound,3,2004,True,27,27,False,False,0,DEV_Med,dev,129.0,0.875968992248062,0.9810343009686304,1.0,0.2997225030505457,1.0,0.0,2011.0,634.0,1.835842621090582,2.2820964334790563,1.0,-1.8709380665288688
https://openalex.org/C2779605438,44096,Abatacept,4,2006,True,27,27,False,False,0,DEV_Med,dev,161.0,0.84472049689441,0.9547315454398202,1.0,0.2997225030505457,1.0,0.0,2013.0,209.0,2.3430930980120137,2.755604411558757,1.0,-1.355248907321187
https://openalex.org/C2779611803,44130,Hydrothermal carbonization,4,2011,True,22,22,False,False,0,DEV_Eng,heldout_cohort,119.0,0.680672268907563,0.970813906423518,1.0,0.2427178906876991,1.0,0.0,2019.0,295.0,4.945668217658962,5.7107220828612135,3.0,1.2358147286429735
https://openalex.org/C2779630707,44211,Ximelagatran,5,2003,True,27,27,False,False,0,DEV_Med,dev,197.0,0.7868020304568528,0.9574010276014852,1.0,0.2997225030505457,0.0,0.0,2004.0,7.0,,,0.0,
https://openalex.org/C2779651770,44295,Translanguaging,2,2014,True,33|12,33,False,False,1,Social,heldout_cohort,162.0,0.5802469135802469,0.9541388998171167,0.9780652056802016,0.0267522199668518,1.0,0.0,2022.0,549.0,2.80420992247259,3.2691418054853068,2.0,-0.8938962797678394
https://openalex.org/C2779661781,44333,Blogosphere,3,2006,True,33,33,False,False,0,Social,heldout_field,211.0,0.2938388625592417,0.9567012960121236,1.0,0.0281553368995909,0.0,0.0,2008.0,92.0,5.624422080570998,7.203512373259415,2.0,1.9363795166931879
https://openalex.org/C2779701055,44519,Rare disease,3,2010,True,27,27,False,False,0,DEV_Med,heldout_cohort,148.0,0.6756756756756757,0.9705233603592393,0.9813299700383548,0.2997225030505457,1.0,0.0,2016.0,250.0,4.962183485158192,5.85689847164644,3.0,1.2606352700562495
https://openalex.org/C2779744173,44711,Palbociclib,5,2014,True,27,27,False,False,0,DEV_Med,heldout_cohort,142.0,0.7816901408450704,0.956241164313567,1.0,0.2997225030505457,0.0,0.0,2019.0,499.0,2.95812981119477,3.6140672921870127,2.0,-0.744994438929222
https://openalex.org/C2779750558,44745,Ceritinib,5,2014,True,27,27,False,False,0,DEV_Med,heldout_cohort,131.0,0.8320610687022901,0.9552498426403696,1.0,0.2997225030505457,0.0,1.0,2017.0,80.0,3.9685821939949006,4.857610695636608,1.0,0.2623873960517775
https://openalex.org/C2779786565,44926,Cronobacter,5,2009,True,11,11,False,False,0,LifeEnv,heldout_field,148.0,0.7567567567567568,0.957957599101442,1.0,0.284099881223133,1.0,0.0,2012.0,127.0,4.020544304957667,4.346869718929341,2.0,0.3189960898557245
https://openalex.org/C2779786854,44931,Secukinumab,4,2014,True,27,27,False,False,0,DEV_Med,heldout_cohort,229.0,0.8209606986899564,0.9572686729387356,1.0,0.2997225030505457,0.0,0.0,2020.0,744.0,1.7420473664273448,2.171578403366965,1.0,-1.9428776511804156
https://openalex.org/C2779813781,45040,Cone beam computed tomography,3,2004,True,27,27,False,False,0,DEV_Med,dev,107.0,0.897196261682243,0.9864025008085922,1.0,0.2997225030505457,1.0,0.0,2012.0,732.0,3.208310607477548,3.833619904449808,2.0,-0.5055908029998002
https://openalex.org/C2779829264,45108,Dulaglutide,5,2014,True,27,27,False,False,0,DEV_Med,heldout_cohort,122.0,0.8442622950819673,0.9563743299701924,1.0,0.2997225030505457,0.0,0.0,2019.0,192.0,2.2901197065011343,2.901355018217515,1.0,-1.4187856320167467
https://openalex.org/C2779838083,45143,Aliskiren,4,2006,True,27,27,False,False,0,DEV_Med,dev,188.0,0.851063829787234,0.956721819935793,1.0,0.2997225030505457,0.0,0.0,2011.0,259.0,3.672012777903993,4.706133357472182,2.0,-0.0204250735647608
https://openalex.org/C2779851693,45189,Graphics processing unit,2,2008,True,22,22,False,False,0,DEV_Eng,dev,130.0,0.7307692307692307,0.9770261995786912,1.0,0.2427178906876991,0.0,0.0,2012.0,157.0,6.273817177669225,7.756337043756818,2.0,2.567330561609966
https://openalex.org/C2779872152,45274,Dezocine,3,2011,True,27,27,False,False,0,DEV_Med,heldout_cohort,246.0,0.8658536585365854,0.9560419255043728,1.0,0.2997225030505457,1.0,0.0,2013.0,52.0,3.5732464462371065,3.9615384615384612,1.0,-0.10895153158677573
https://openalex.org/C2779878957,45304,Ibrutinib,4,2012,True,27,27,False,False,0,DEV_Med,heldout_cohort,239.0,0.8368200836820083,0.9546540747017468,0.9757860137585692,0.2997225030505457,0.0,0.0,2019.0,1008.0,2.468827290628734,3.057614195712363,2.0,-1.2144700400080528
https://openalex.org/C2779910751,45431,Bologna Process,3,2005,True,33,33,False,False,0,Social,heldout_field,149.0,0.5033557046979866,0.9721320551830116,0.9823063440039008,0.0281553368995909,0.0,0.0,2010.0,111.0,4.545574665062232,5.978341708494567,1.0,0.8442828958977868
https://openalex.org/C2779957034,45625,Food prices,4,2008,True,11,11,False,False,0,LifeEnv,heldout_field,188.0,0.3989361702127659,0.9684318897469604,0.984566115868791,0.284099881223133,1.0,0.0,2014.0,116.0,5.647744311051385,6.439096065836715,3.0,1.9553064595826313
https://openalex.org/C2779969263,45680,Environmental DNA,3,2013,True,23,23,False,False,0,LifeEnv,heldout_cohort,127.0,0.7401574803149606,0.9711295660693536,1.0,0.2945059638214947,1.0,0.0,2020.0,489.0,3.918279800410611,4.736333982559858,3.0,0.21090406821898755
https://openalex.org/C2779972045,45696,Mephedrone,3,2010,True,27,27,False,False,0,DEV_Med,heldout_cohort,117.0,0.5299145299145299,0.9571368644110207,1.0,0.2997225030505457,1.0,0.0,2011.0,54.0,6.28204369172077,6.92172672971785,2.0,2.5715447283062507
https://openalex.org/C2779983491,45740,Bare-metal stent,5,2005,True,27,27,False,False,0,DEV_Med,dev,124.0,0.7983870967741935,0.9798882931329244,1.0,0.2997225030505457,0.0,0.0,2011.0,171.0,1.8472652218778096,2.377708978327988,1.0,-1.86102088221902
https://openalex.org/C2779995187,45802,Posttraumatic growth,2,2004,True,32,32,False,False,0,Social,heldout_field,76.0,0.6842105263157895,0.9720908719453248,0.9846650906550548,0.0701142639339837,1.0,0.0,2012.0,154.0,3.7364078306679587,4.194641714413624,3.0,0.009478712963363556
https://openalex.org/C2779998722,45815,Cetuximab,4,2004,True,27,27,False,False,0,DEV_Med,dev,262.0,0.851145038167939,0.95571300450769,1.0,0.2997225030505457,0.0,0.0,2011.0,897.0,2.8998735880214066,3.438263512287462,3.0,-0.7799247250586561
https://openalex.org/C2780009117,45854,HPV vaccines,5,2006,True,27,27,False,False,0,DEV_Med,dev,118.0,0.6949152542372882,0.9710051514029676,1.0,0.2997225030505457,0.0,0.0,2009.0,70.0,4.291630993734041,5.773183770587983,1.0,0.581456135065662
https://openalex.org/C2780030458,45953,Nivolumab,4,2014,True,27,27,False,False,0,DEV_Med,heldout_cohort,700.0,0.8328571428571429,0.9576574604598987,1.0,0.2997225030505457,0.0,0.0,2019.0,3610.0,2.162112113457737,2.7348059458033576,4.0,-1.4802615772298995
https://openalex.org/C2780031085,45958,Linagliptin,4,2011,True,27,27,False,False,0,DEV_Med,heldout_cohort,183.0,0.8142076502732241,0.9545553263071715,1.0,0.2997225030505457,1.0,0.0,2019.0,192.0,4.48550860920026,5.663865485794888,2.0,0.7920442244781234
https://openalex.org/C2780057760,46067,Pembrolizumab,4,2014,True,27,27,False,False,0,DEV_Med,heldout_cohort,476.0,0.8592436974789915,0.9571819367813252,0.9770066974271904,0.2997225030505457,1.0,0.0,2021.0,3473.0,2.2543742701041123,2.821808910168484,4.0,-1.4026862491857557
https://openalex.org/C2780081628,46174,Economic union,2,2014,True,33,33,False,False,0,Social,heldout_cohort,200.0,0.54,0.9710697718190344,0.983996038831544,0.0281553368995909,0.0,0.0,2019.0,269.0,4.536864914058317,5.68130597690982,2.0,0.8467834065284086
https://openalex.org/C2780084376,46185,Supportive housing,2,2013,True,36,36,True,False,0,OtherHealth,heldout_cohort,75.0,0.6133333333333333,0.9730335542535165,1.0,0.114301361396536,0.0,0.0,2019.0,55.0,6.6859058722655025,7.804713804713807,1.0,2.9584723488052176
https://openalex.org/C2780089039,46199,Perovskite solar cell,3,2014,True,22,22,False,False,0,DEV_Eng,heldout_cohort,677.0,0.8833087149187593,0.9777011368985477,1.0,0.2427178906876991,0.0,0.0,2020.0,1424.0,4.724602435382369,5.649657357096268,6.0,1.0809564581911348
https://openalex.org/C2780108899,46286,Carfilzomib,4,2011,True,27,27,False,False,0,DEV_Med,heldout_cohort,164.0,0.7865853658536586,0.9532559207397596,1.0,0.2997225030505457,1.0,0.0,2019.0,345.0,2.5542229351265218,3.0646163026005144,2.0,-1.1434159964931045
https://openalex.org/C2780110267,46291,Triple-negative breast cancer,4,2007,True,27,27,False,False,0,DEV_Med,dev,195.0,0.9128205128205128,0.9860064841888908,0.9927584016015728,0.2997225030505457,1.0,0.0,2015.0,1173.0,3.44413419371459,4.286424147124378,2.0,-0.2469114685489248
https://openalex.org/C2780113332,46304,Radio over fiber,3,2005,True,22,22,False,False,0,DEV_Eng,dev,89.0,0.9101123595505618,0.981179230552428,1.0,0.2427178906876991,1.0,0.0,2009.0,202.0,3.221387275752825,3.751264800091256,2.0,-0.4995285664981632
https://openalex.org/C2780132546,46391,Adalimumab,3,2004,True,27,27,False,False,0,DEV_Med,dev,304.0,0.8914473684210527,0.9574320344532262,1.0,0.2997225030505457,1.0,0.0,2012.0,1070.0,1.7277352591110415,2.128150889712082,1.0,-1.946400888867433
https://openalex.org/C2780150128,46462,Extreme learning machine,3,2011,True,17,17,False,False,0,DEV_CS,heldout_cohort,348.0,0.867816091954023,0.9809088602268912,0.9863165964220052,0.0972089563793993,1.0,0.0,2019.0,978.0,5.046574832733286,6.360218375911106,3.0,1.3775864211824245
https://openalex.org/C2780152582,46473,Endothelial progenitor cell,4,2003,True,27,27,False,False,0,DEV_Med,dev,247.0,0.8259109311740891,0.976224233743218,1.0,0.2997225030505457,0.0,0.0,2010.0,624.0,3.2773119623858467,4.005319527956786,2.0,-0.40473152403829
https://openalex.org/C2780171596,46541,Nintedanib,4,2014,True,27,27,False,False,0,DEV_Med,heldout_cohort,229.0,0.8777292576419214,0.9553335145246094,1.0,0.2997225030505457,1.0,0.0,2017.0,339.0,3.48683491099188,4.343041324128827,2.0,-0.19809010661588022
https://openalex.org/C2780177628,46560,Renal sympathetic denervation,4,2012,True,27,27,False,False,0,DEV_Med,heldout_cohort,194.0,0.8814432989690721,0.9827031497159556,1.0,0.2997225030505457,0.0,0.0,2014.0,38.0,1.7894736842105319,,1.0,-1.9017677732288045
https://openalex.org/C2780201146,46666,Natural orifice transluminal endoscopic surgery,3,2007,True,27,27,False,False,0,DEV_Med,dev,119.0,0.8823529411764706,0.991425017662998,1.0,0.2997225030505457,0.0,1.0,2010.0,60.0,2.0000000000000444,2.666666666666683,1.0,-1.7098534890159445
https://openalex.org/C2780224187,46760,IgG4-related disease,3,2011,True,27,27,False,False,0,DEV_Med,heldout_cohort,197.0,0.8426395939086294,0.9815919646431585,0.9900073738118856,0.2997225030505457,0.0,0.0,2018.0,306.0,2.6469192594466584,3.3052613397227724,1.0,-1.0437378068143066
https://openalex.org/C2780225316,46767,Panobinostat,5,2008,True,27,27,False,False,0,DEV_Med,dev,76.0,0.9605263157894736,0.9534313674327016,1.0,0.2997225030505457,1.0,0.0,2016.0,174.0,2.7706340161360794,3.2717600595141207,2.0,-0.9562951015685156
https://openalex.org/C2780271382,46946,Truebeam,4,2011,True,27,27,False,False,0,DEV_Med,heldout_cohort,82.0,0.9634146341463414,0.9472698767385868,1.0,0.2997225030505457,0.0,1.0,2016.0,44.0,2.3636363636363513,,1.0,-1.3603990528463354
https://openalex.org/C2780282729,46982,Saxagliptin,5,2009,True,27,27,False,False,0,DEV_Med,dev,104.0,0.8269230769230769,0.955524995468744,1.0,0.2997225030505457,0.0,0.0,2014.0,132.0,4.263459160017278,5.2525663605341695,1.0,0.5484747738743305
https://openalex.org/C2780290652,47011,Edoxaban,5,2013,True,27,27,False,False,0,DEV_Med,heldout_cohort,183.0,0.825136612021858,0.953872928864641,0.9752696873923236,0.2997225030505457,1.0,0.0,2020.0,269.0,2.484667469654677,3.2896140838038095,1.0,-1.20879691506746
https://openalex.org/C2780301381,47055,Biorefinery,3,2006,True,13,13,True,False,0,DEV_BGM,dev,142.0,0.4436619718309859,0.95541699028231,0.9685854864867436,0.4190233151107485,1.0,0.0,2014.0,321.0,5.631263551225962,6.704915458990088,4.0,1.9281393011019703
https://openalex.org/C2780328682,47161,Weyl semimetal,4,2014,True,31,31,False,False,0,Physical,heldout_cohort,218.0,0.9128440366972476,0.9671053758881516,1.0,0.4858337648309395,0.0,0.0,2020.0,475.0,4.15923641908863,4.722658366739082,4.0,0.4724367372923606
https://openalex.org/C2780333294,47181,Vandetanib,4,2007,True,27,27,False,False,0,DEV_Med,dev,66.0,0.9090909090909092,0.9555085154587484,1.0,0.2997225030505457,0.0,0.0,2012.0,89.0,3.643942072161049,4.386977752193177,1.0,-0.0883596116996412
https://openalex.org/C2780345285,47227,Etravirine,5,2008,True,27,27,False,False,0,DEV_Med,dev,165.0,0.8848484848484849,0.9553990050054448,1.0,0.2997225030505457,0.0,0.0,2010.0,50.0,2.444897959183676,3.0,1.0,-1.2525094697302657
https://openalex.org/C2780371645,47359,Deep eutectic solvent,4,2011,True,22,22,True,False,0,DEV_Eng,heldout_cohort,112.0,0.6160714285714286,0.9773591915754016,1.0,0.2427178906876991,1.0,0.0,2019.0,639.0,5.640189428958016,6.473341449142779,5.0,1.928027228376882
https://openalex.org/C2780401329,47493,Microplastics,2,2012,True,23,23,False,False,0,LifeEnv,heldout_cohort,102.0,0.6274509803921569,0.9543651827909768,1.0,0.2945059638214947,1.0,0.0,2020.0,2475.0,4.680910791571808,6.086737667739844,8.0,0.9651869243723521
https://openalex.org/C2780404665,47506,Raltegravir,5,2008,True,27,27,False,False,0,DEV_Med,dev,313.0,0.8594249201277955,0.9557786986580616,1.0,0.2997225030505457,0.0,0.0,2010.0,229.0,3.002559326827966,3.66646553860861,1.0,-0.670465757903199
https://openalex.org/C2780410052,47529,National Spirit,2,2003,True,33,33,False,False,0,Social,heldout_field,148.0,0.5878378378378378,0.9714724715504872,1.0,0.0281553368995909,0.0,0.0,2004.0,51.0,2.999901534500599,3.0,1.0,-0.7016466806013439
https://openalex.org/C2780428817,47590,FTO gene,5,2008,True,27,27,False,False,0,DEV_Med,dev,72.0,0.8055555555555556,0.970034602816098,1.0,0.2997225030505457,1.0,0.0,2008.0,42.0,4.5609756069527245,,1.0,0.831987497120807
https://openalex.org/C2780472472,47755,Acute kidney injury,2,2006,True,27,27,False,False,0,DEV_Med,dev,549.0,0.9162112932604736,0.9803607683425224,0.9894840856333984,0.2997225030505457,1.0,0.0,2014.0,2769.0,2.4627060151675884,3.1101102268749985,4.0,-1.188920930895744
https://openalex.org/C2780475896,47774,Human metapneumovirus,4,2003,True,27,27,False,False,0,DEV_Med,dev,190.0,0.8631578947368421,0.9716376837310292,1.0,0.2997225030505457,0.0,0.0,2008.0,147.0,2.5523356291457127,3.161167105157894,1.0,-1.139699233612134
https://openalex.org/C2780499528,47871,Professional degree,2,2010,True,33,33,False,False,0,Social,heldout_cohort,82.0,0.5853658536585366,0.9715113206930808,1.0,0.0281553368995909,0.0,1.0,2013.0,13.0,,,0.0,
https://openalex.org/C2780533449,47997,Exenatide,4,2005,True,27,27,False,False,0,DEV_Med,dev,162.0,0.8703703703703703,0.9566956375611488,1.0,0.2997225030505457,0.0,0.0,2012.0,310.0,3.48544053463467,4.464230477845103,1.0,-0.2126656676057594
https://openalex.org/C2780534505,48004,Cinacalcet,5,2005,True,27,27,False,False,0,DEV_Med,dev,128.0,0.9375,0.95299797370539,1.0,0.2997225030505457,1.0,0.0,2008.0,196.0,2.966681965774989,3.611482301005236,1.0,-0.7403950819222951
https://openalex.org/C2780535194,48007,Open data,2,2011,True,17,17,True,False,0,DEV_CS,heldout_cohort,175.0,0.3771428571428571,0.972389980010111,0.9835943685369009,0.0972089563793993,1.0,0.0,2017.0,232.0,8.870622750650945,10.919551966215135,3.0,5.175456090237187
https://openalex.org/C2780544761,48043,Bedaquiline,4,2013,True,27,27,False,False,0,DEV_Med,heldout_cohort,118.0,0.7033898305084746,0.956767554855819,1.0,0.2997225030505457,1.0,0.0,2019.0,246.0,3.701681624756728,4.632704284345526,2.0,-0.008493233911651465
https://openalex.org/C2780574406,48171,Aprepitant,4,2003,True,27,27,False,False,0,DEV_Med,dev,86.0,0.8837209302325582,0.9480940883332604,1.0,0.2997225030505457,1.0,0.0,2010.0,83.0,3.2129711256950664,4.08605696498725,1.0,-0.5092505157201286
https://openalex.org/C2780580887,48195,Gefitinib,4,2003,True,27,27,False,False,0,DEV_Med,dev,631.0,0.8351822503961965,0.956009288900213,0.9751715926019132,0.2997225030505457,1.0,0.0,2007.0,626.0,3.017501248778472,3.4760103386713483,3.0,-0.6288243894455645
https://openalex.org/C2780586478,48218,Afatinib,5,2012,True,27,27,False,False,0,DEV_Med,heldout_cohort,192.0,0.8333333333333334,0.9552670571385372,1.0,0.2997225030505457,0.0,0.0,2019.0,519.0,2.8774119850914057,3.4587349046292966,2.0,-0.8142241088101345
https://openalex.org/C2780596747,48262,Imidazolate,2,2009,True,16,16,False,False,0,Physical,heldout_field,110.0,0.8363636363636363,0.9551999326329488,1.0,1.0,1.0,0.0,2017.0,312.0,4.343971725903869,4.9777208122214,3.0,0.6311233431941834
https://openalex.org/C2780614885,48331,Asparagaceae,2,2012,True,11,11,False,False,0,LifeEnv,heldout_cohort,126.0,0.8333333333333334,0.9579727327998092,1.0,0.284099881223133,0.0,0.0,2019.0,167.0,2.6947972875885933,3.0597958620870886,2.0,-1.0128794902641132
https://openalex.org/C2780623815,48363,Dravet syndrome,3,2009,True,27,27,False,False,0,DEV_Med,dev,113.0,0.9203539823008848,0.971000645218776,1.0,0.2997225030505457,1.0,0.0,2017.0,164.0,4.114559163283122,4.836491944275107,1.0,0.4027354722891703
https://openalex.org/C2780638905,48434,Apixaban,5,2010,True,27,27,False,False,0,DEV_Med,heldout_cohort,188.0,0.7712765957446809,0.957292892847075,1.0,0.2997225030505457,1.0,0.0,2017.0,560.0,2.7985560136215164,3.4960246646541466,2.0,-0.8938818378472373
https://openalex.org/C2780677441,48608,Insulin detemir,5,2004,True,27,27,False,False,0,DEV_Med,dev,76.0,0.881578947368421,0.97118043443179,1.0,0.2997225030505457,1.0,0.0,2012.0,127.0,2.832043967744277,3.3879605983259165,1.0,-0.8948851499603179
https://openalex.org/C2780732545,48811,Response to intervention,3,2006,True,32,32,False,False,0,Social,heldout_field,115.0,0.7304347826086957,0.9808184297281044,1.0,0.0701142639339837,0.0,0.0,2012.0,107.0,2.764415347707927,3.1858578733909755,2.0,-0.9467402195207963
https://openalex.org/C2780737065,48827,Radium-223,5,2013,True,27,27,False,False,0,DEV_Med,heldout_cohort,102.0,0.7745098039215687,0.970711697446792,1.0,0.2997225030505457,1.0,0.0,2019.0,128.0,1.7433125899584974,1.92020494665989,1.0,-1.9724112772409585
https://openalex.org/C2780737243,48828,Isogeometric analysis,3,2010,True,22,22,False,False,0,DEV_Eng,heldout_cohort,115.0,0.6869565217391305,0.9702763057215597,1.0,0.2427178906876991,1.0,0.0,2018.0,282.0,2.9392461201874123,3.8277471495842534,1.0,-0.771909447041311
https://openalex.org/C2780747039,48876,Debt crisis,3,2010,True,33|20,33,False,False,1,Social,heldout_cohort,285.0,0.5017543859649123,0.9715185283695102,0.9828127916008372,0.0856001074649052,0.0,0.0,2012.0,99.0,4.250193620480232,4.892110233226603,2.0,0.5735997115181295
https://openalex.org/C2780750338,48892,Disaster risk reduction,2,2008,True,33,33,False,False,0,Social,heldout_field,99.0,0.4141414141414141,0.98134869920747,1.0,0.0281553368995909,1.0,0.0,2015.0,160.0,6.446047169827402,7.592763789991791,3.0,2.7291864397624552
https://openalex.org/C2780764818,48957,Duloxetine,3,2003,True,27,27,False,False,0,DEV_Med,dev,164.0,0.7987804878048781,0.9558927780025736,1.0,0.2997225030505457,0.0,0.0,2011.0,422.0,4.4219451525316185,5.346281914309655,4.0,0.7243062209119921
https://openalex.org/C2780783596,49024,Self-expandable metallic stent,3,2013,True,27,27,False,False,0,DEV_Med,heldout_cohort,87.0,0.9195402298850576,0.9863561924133408,1.0,0.2997225030505457,0.0,0.0,2015.0,48.0,3.202821461609604,,1.0,-0.5189599196673789
https://openalex.org/C2780793704,49067,MitraClip,3,2011,True,27,27,False,False,0,DEV_Med,heldout_cohort,158.0,0.8860759493670886,0.9532507445750518,1.0,0.2997225030505457,1.0,0.0,2019.0,458.0,1.6650643694909502,2.0499285395481817,1.0,-2.0339939342853883
https://openalex.org/C2780799905,49100,Ministry of Foreign Affairs,2,2013,True,33,33,False,False,0,Social,heldout_cohort,126.0,0.1746031746031746,0.9852750377212388,1.0,0.0281553368995909,1.0,0.0,2015.0,39.0,3.538435792305756,,1.0,-0.16924098554695055
https://openalex.org/C2780808130,49131,Aurora kinase,4,2006,True,27|13,27,False,False,1,DEV_Med,dev,85.0,0.8705882352941177,0.9722084132534254,0.9851451142739164,0.3593729090806471,0.0,0.0,2008.0,65.0,3.427884615314209,3.89903846153846,2.0,-0.2947824355973023
https://openalex.org/C2780816001,49161,Tadalafil,3,2003,True,27,27,False,False,0,DEV_Med,dev,160.0,0.88125,0.9555954542233082,0.9794630872261058,0.2997225030505457,1.0,0.0,2010.0,214.0,4.055652742526923,5.246668655768199,2.0,0.3570734649133267
https://openalex.org/C2780826214,49196,Transient elastography,4,2006,True,27,27,False,False,0,DEV_Med,dev,134.0,0.8880597014925373,0.9685483025041765,1.0,0.2997225030505457,0.0,0.0,2013.0,277.0,1.918799106965397,2.3106312961547384,1.0,-1.7865334184163573
https://openalex.org/C2780836401,49241,Perampanel,3,2012,True,27,27,False,False,0,DEV_Med,heldout_cohort,111.0,0.8198198198198198,0.9561100574058676,1.0,0.2997225030505457,1.0,0.0,2019.0,329.0,3.2624137032588987,4.1358894120948175,2.0,-0.4500900429103605
https://openalex.org/C2780841255,49266,Sulforaphane,2,2003,True,13,13,False,False,0,DEV_BGM,dev,92.0,0.7065217391304348,0.9570738426184258,1.0,0.4190233151107485,1.0,0.0,2011.0,167.0,6.025889554515993,7.3142970741985796,3.0,2.306236217203582
https://openalex.org/C2780848231,49307,Sweet sorghum,3,2006,True,11,11,False,False,0,LifeEnv,heldout_field,182.0,0.5824175824175825,0.9738493286680237,1.0,0.284099881223133,1.0,0.0,2012.0,301.0,4.476115407045091,5.174009425672856,4.0,0.7824423528813549
https://openalex.org/C2780851360,49317,Immune checkpoint,4,2013,True,27,27,False,False,0,DEV_Med,heldout_cohort,219.0,0.8356164383561644,0.9728134960588952,0.9833984105264392,0.2997225030505457,1.0,0.0,2021.0,2551.0,3.7227665373819363,4.228173816667613,4.0,0.03614114457550954
https://openalex.org/C2780861865,49359,Acute exacerbation of chronic obstructive pulmonary disease,3,2007,True,27,27,False,False,0,DEV_Med,dev,104.0,0.8653846153846154,0.99608271788466,1.0,0.2997225030505457,1.0,0.0,2013.0,172.0,2.900943256324608,3.432459697215137,2.0,-0.8140411298183396
https://openalex.org/C2780890252,49483,Ticagrelor,4,2010,True,27,27,False,False,0,DEV_Med,heldout_cohort,227.0,0.8590308370044053,0.9576187632603868,0.9780182893661372,0.2997225030505457,1.0,0.0,2017.0,751.0,2.6736744713778693,3.52355386391736,1.0,-1.0115846016860548
https://openalex.org/C2780902209,49529,Alirocumab,5,2014,True,27,27,False,False,0,DEV_Med,heldout_cohort,112.0,0.8660714285714286,0.956927834952021,1.0,0.2997225030505457,0.0,0.0,2017.0,130.0,1.9576811270125727,2.3934853905784,1.0,-1.7544810735685614
https://openalex.org/C2780936489,49680,Carbon footprint,3,2007,True,23,23,True,False,0,LifeEnv,heldout_field,197.0,0.482233502538071,0.9682531649313242,0.9842927157867798,0.2945059638214947,0.0,0.0,2014.0,460.0,7.382120560599785,8.797158710502174,5.0,3.69146349433882
https://openalex.org/C2780969348,49816,Efalizumab,4,2003,True,27,27,False,False,0,DEV_Med,dev,105.0,0.8571428571428571,0.957473765712121,1.0,0.2997225030505457,0.0,1.0,2008.0,144.0,1.7488344988346136,2.150932400932496,1.0,-1.9657854627301488
https://openalex.org/C2780982322,49870,Micromixer,3,2003,True,22,22,False,False,0,DEV_Eng,dev,105.0,0.7714285714285715,0.9503065891298108,1.0,0.2427178906876991,0.0,0.0,2008.0,98.0,3.525721981684653,4.288753917193574,1.0,-0.1888979798801093
https://openalex.org/C2781004633,49954,Natalizumab,3,2003,True,27,27,False,False,0,DEV_Med,dev,92.0,0.8043478260869565,0.9578790902460174,0.9776881310685114,0.2997225030505457,1.0,0.0,2011.0,363.0,2.417300240258954,3.091987000572328,1.0,-1.3023530970534574
https://openalex.org/C2781027423,50044,Nephrogenic systemic fibrosis,3,2007,True,27,27,False,False,0,DEV_Med,dev,330.0,0.912121212121212,0.9813102696705516,1.0,0.2997225030505457,0.0,0.0,2008.0,42.0,2.637630662020904,,1.0,-1.0333802820299771
https://openalex.org/C2781053074,50162,PD-L1,4,2013,True,27,27,False,False,0,DEV_Med,heldout_cohort,258.0,0.8178294573643411,0.9703722292092952,1.0,0.2997225030505457,1.0,0.0,2021.0,1408.0,3.7751804043370774,4.389245532388831,3.0,0.09479620158068691
https://openalex.org/C2781053155,50165,Deferasirox,3,2005,True,27,27,False,False,0,DEV_Med,dev,105.0,0.8380952380952381,0.9556260863450616,1.0,0.2997225030505457,0.0,0.0,2011.0,239.0,3.379194267343186,4.508916240363405,1.0,-0.3354256942215765
https://openalex.org/C2781095467,50352,CHARGE syndrome,2,2005,True,13,13,False,False,0,DEV_BGM,dev,72.0,0.7361111111111112,0.9705299267425916,1.0,0.4190233151107485,0.0,0.0,2005.0,54.0,3.666666666662775,4.777777777777777,2.0,-0.0623214431691425
https://openalex.org/C2781097860,50361,Cobalt sulfide,4,2014,True,22,22,True,False,0,DEV_Eng,heldout_cohort,126.0,0.8571428571428571,0.9686989096896876,1.0,0.2427178906876991,0.0,0.0,2018.0,157.0,3.4886905097519287,3.962088484187844,2.0,-0.2189862681007777
https://openalex.org/C2781100027,50377,Ranibizumab,4,2006,True,27,27,False,False,0,DEV_Med,dev,304.0,0.9111842105263158,0.9544999695232578,1.0,0.2997225030505457,1.0,0.0,2014.0,974.0,2.070876237647412,2.5490860567718974,2.0,-1.603259910331062
https://openalex.org/C2781128886,50498,HOTAIR,5,2013,True,13,13,False,False,0,DEV_BGM,heldout_cohort,195.0,0.6051282051282051,0.952657434358185,1.0,0.4190233151107485,0.0,0.0,2020.0,285.0,3.650183494004118,4.528555858814895,2.0,-0.04086216825939726
https://openalex.org/C2781146222,50576,Obestatin,4,2006,True,27,27,False,False,0,DEV_Med,dev,129.0,0.7751937984496124,0.9548117066946518,1.0,0.2997225030505457,0.0,0.0,2008.0,81.0,4.317271602013259,5.56479120304722,1.0,0.6104909143938078
https://openalex.org/C2781160688,50629,Work engagement,3,2008,True,14,14,True,False,0,Social,heldout_field,110.0,0.5454545454545454,0.972095081606598,0.9827264764651084,0.0771156548797982,1.0,0.0,2016.0,331.0,6.110461310242042,7.066990056314207,5.0,2.397612927532356
https://openalex.org/C2781229154,50938,Granulomatosis with polyangiitis,4,2011,True,27,27,False,False,0,DEV_Med,heldout_cohort,262.0,0.8969465648854962,0.9808610372920236,0.9898999823387864,0.2997225030505457,1.0,0.0,2019.0,698.0,2.1973098054193354,2.8584606272919806,1.0,-1.4824885076607273
https://openalex.org/C2781260460,51061,Energy management system,4,2010,True,22,22,False,False,0,DEV_Eng,heldout_cohort,112.0,0.8571428571428571,0.9806690883925084,0.986224889579596,0.2427178906876991,0.0,0.0,2018.0,155.0,3.857018896522114,4.592310422412185,1.0,0.14485669594097983
https://openalex.org/C2781273456,51105,Chikungunya,3,2006,True,27,27,False,False,0,DEV_Med,dev,402.0,0.6990049751243781,0.9592637874444911,0.9769769104388932,0.2997225030505457,1.0,0.0,2014.0,473.0,5.12502717992615,6.589198080981318,3.0,1.4615320932032003
https://openalex.org/C2781283594,51155,Mind-wandering,3,2011,True,32|28,32,False,False,1,Social,heldout_cohort,89.0,0.7303370786516854,0.9721624661353208,1.0,0.1228786648452911,1.0,0.0,2018.0,173.0,6.2147490982631055,7.3140144643792695,2.0,2.493833256012117
https://openalex.org/C2781305180,51248,Optical wireless,3,2003,True,22,22,False,False,0,DEV_Eng,dev,72.0,0.8888888888888888,0.973000982267938,0.984091015043399,0.2427178906876991,1.0,0.0,2011.0,101.0,2.769288388627849,3.241117434341521,1.0,-0.959699721204068
https://openalex.org/C2781308992,51266,Liraglutide,4,2008,True,27,27,False,False,0,DEV_Med,dev,204.0,0.8186274509803921,0.9558195123910076,1.0,0.2997225030505457,1.0,0.0,2016.0,566.0,3.6979464651551406,4.489861016175507,3.0,0.0086190828187451
https://openalex.org/C2781309322,51269,Cardiorenal syndrome,3,2009,True,27,27,False,False,0,DEV_Med,dev,139.0,0.841726618705036,0.9729467849527652,1.0,0.2997225030505457,0.0,0.0,2013.0,134.0,1.934493628916368,2.3657787616940134,1.0,-1.7694437925551745
https://openalex.org/C2781310106,51271,APOBEC3G,4,2004,True,13,13,False,False,0,DEV_BGM,dev,105.0,0.8666666666666667,0.9560418058582426,1.0,0.4190233151107485,0.0,0.0,2008.0,85.0,4.057677683373708,4.764705271763587,2.0,0.3430577218089454
https://openalex.org/C2781325599,51331,Acoustic radiation force,3,2009,True,27,27,False,False,0,DEV_Med,dev,218.0,0.8669724770642202,0.9807725124998434,1.0,0.2997225030505457,0.0,0.0,2013.0,242.0,4.084463813671881,5.082301358525355,2.0,0.3976641318756115
https://openalex.org/C2781399487,51612,Narrow-band imaging,3,2006,True,27,27,False,False,0,DEV_Med,dev,222.0,0.9414414414414416,0.9781554845849494,1.0,0.2997225030505457,0.0,0.0,2011.0,265.0,2.515150061393334,3.110451208177337,1.0,-1.170957199912864
https://openalex.org/C2781399841,51615,Interleukin 28B,5,2010,True,27,27,False,False,0,DEV_Med,heldout_cohort,102.0,0.9411764705882352,0.9698440538480202,1.0,0.2997225030505457,0.0,0.0,2011.0,28.0,,,1.0,
https://openalex.org/C2781406353,51645,DSM-5,2,2010,True,32,32,False,False,0,Social,heldout_cohort,245.0,0.6775510204081633,0.9732448978802896,0.9826740023017816,0.0701142639339837,0.0,1.0,2013.0,268.0,3.4055788728083325,3.8655911628201127,3.0,-0.2767742257099024
https://openalex.org/C2781427535,51730,Apremilast,4,2012,True,27,27,False,False,0,DEV_Med,heldout_cohort,71.0,0.7746478873239436,0.9541089874191028,0.9786993614411368,0.2997225030505457,1.0,0.0,2020.0,388.0,3.1063349816214227,4.172327195321046,1.0,-0.6231857533656298
https://openalex.org/C2781433595,51762,Ipilimumab,4,2009,True,27,27,False,False,0,DEV_Med,dev,152.0,0.8157894736842105,0.9567544951720836,1.0,0.2997225030505457,1.0,0.0,2017.0,905.0,3.133575435311401,3.7520060770229486,4.0,-0.5669571975301335
https://openalex.org/C2781438807,51780,Regulatory B cells,4,2010,True,24|27,24,False,False,1,LifeEnv,heldout_cohort,61.0,0.819672131147541,0.9793349997052916,1.0,0.2881080836438946,0.0,0.0,2014.0,112.0,3.6916202878743993,3.909213196631897,2.0,-0.04368153550654208
https://openalex.org/C2781467495,51908,Hip resurfacing,3,2005,True,27,27,False,False,0,DEV_Med,dev,178.0,0.9157303370786516,0.9720491059752828,1.0,0.2997225030505457,0.0,0.0,2010.0,345.0,2.2449986912968685,2.921686800418956,1.0,-1.4495206660910591
https://openalex.org/C2908689518,52108,Extracellular vesicle,5,2012,True,13,13,False,False,0,DEV_BGM,heldout_cohort,153.0,0.803921568627451,0.964814120987155,0.9788825680171912,0.4190233151107485,1.0,0.0,2020.0,1275.0,5.138467549132895,6.28316773256105,6.0,1.4381846357291832
https://openalex.org/C2908824208,52262,Umbilical Cord Blood Transplantation,4,2003,True,27,27,False,False,0,DEV_Med,dev,75.0,0.7733333333333333,0.9871292682739794,1.0,0.2997225030505457,1.0,0.0,2010.0,112.0,2.3893505250575844,2.867161474520373,1.0,-1.3380829984027005
https://openalex.org/C2909010401,52471,Prunella vulgaris,4,2007,True,27,27,False,False,0,DEV_Med,dev,75.0,0.5866666666666667,0.9715303756066132,1.0,0.2997225030505457,0.0,0.0,2011.0,44.0,7.252676923862647,,0.0,3.525243400402362
https://openalex.org/C2909042557,52513,Human papillomavirus vaccine,5,2006,True,27,27,False,False,0,DEV_Med,dev,115.0,0.6782608695652174,0.9809774718838477,1.0,0.2997225030505457,1.0,0.0,2014.0,114.0,3.7282663037006873,4.350870098496669,1.0,0.0171107364719631
https://openalex.org/C2909095640,52580,Ultrasound elastography,4,2011,True,27,27,False,False,0,DEV_Med,heldout_cohort,166.0,0.7831325301204819,0.9747500296142064,1.0,0.2997225030505457,1.0,0.0,2013.0,134.0,4.4660821439858776,5.182325104038473,1.0,0.7689048189611931
https://openalex.org/C2909146873,52630,Angiopoietin 2,4,2004,True,27,27,False,False,0,DEV_Med,dev,65.0,0.8769230769230769,0.9702531434152676,1.0,0.2997225030505457,0.0,0.0,2009.0,80.0,4.220001351080791,5.14919249637779,1.0,0.4871182501584714
https://openalex.org/C2909598931,53126,Severe Acute Malnutrition,3,2012,True,27,27,False,False,0,DEV_Med,heldout_cohort,86.0,0.686046511627907,0.9814688686841102,1.0,0.2997225030505457,1.0,0.0,2020.0,221.0,2.053936401369742,2.5851328513133764,1.0,-1.6682852400454529
https://openalex.org/C2909705833,53234,Fukushima Nuclear Accident,3,2011,True,33,33,True,False,0,Social,heldout_cohort,179.0,0.4525139664804469,0.9810221726852032,1.0,0.0281553368995909,0.0,0.0,2013.0,46.0,9.351318727142823,,0.0,5.657012715286605
https://openalex.org/C2909878339,53428,N-terminal pro-Brain Natriuretic Peptide,4,2003,True,27,27,False,False,0,DEV_Med,dev,85.0,0.8941176470588236,0.994392904027722,1.0,0.2997225030505457,0.0,0.0,2006.0,91.0,2.212454212454335,2.8986568986569767,1.0,-1.510212838457177
https://openalex.org/C2909931192,53495,Bladder Pain Syndrome,4,2011,True,27,27,False,False,0,DEV_Med,heldout_cohort,103.0,0.912621359223301,0.981347778964173,1.0,0.2997225030505457,0.0,0.0,2018.0,146.0,1.7808219178081024,2.254133207368778,1.0,-1.9345304139779675
https://openalex.org/C2909998350,53572,Essential drugs,4,2010,True,27,27,False,False,0,DEV_Med,heldout_cohort,125.0,0.296,0.9706157639583048,0.9851837600507364,0.2997225030505457,0.0,0.0,2011.0,3.0,,,0.0,
https://openalex.org/C2910317400,53943,5-hydroxymethylfurfural,3,2009,True,16,16,False,False,0,Physical,heldout_field,111.0,0.5855855855855856,0.9728158809306884,1.0,1.0,1.0,0.0,2016.0,166.0,5.377737571373212,6.249501243955407,3.0,1.6652338252039525
https://openalex.org/C2910792892,54458,Takotsubo syndrome,4,2013,True,27,27,False,False,0,DEV_Med,heldout_cohort,195.0,0.9743589743589745,0.97307365185118,1.0,0.2997225030505457,0.0,0.0,2018.0,400.0,1.7821011560068398,2.1910714049088598,1.0,-1.9089445062566752
https://openalex.org/C2910793863,54459,H1N1 influenza,5,2009,True,27,27,False,False,0,DEV_Med,dev,404.0,0.75,0.9738179710109732,0.9837692744718434,0.2997225030505457,0.0,0.0,2010.0,34.0,4.860294117647056,,1.0,1.1969880242539823
https://openalex.org/C2910973916,54654,Black phosphorus,2,2014,True,31,31,False,False,0,Physical,heldout_cohort,450.0,0.84,0.9713603451457348,1.0,0.4858337648309395,0.0,0.0,2018.0,517.0,5.265986634488962,5.9467089174421295,4.0,1.6067870345505417
https://openalex.org/C2911146124,54834,Antibiotic Stewardship,4,2014,True,27,27,False,False,0,DEV_Med,heldout_cohort,208.0,0.7692307692307693,0.972859669030265,1.0,0.2997225030505457,0.0,0.0,2020.0,283.0,3.300928169988687,4.1388538392394425,2.0,-0.3876597312911998
https://openalex.org/C2911218186,54911,Metapneumovirus,5,2003,True,27,27,False,False,0,DEV_Med,dev,206.0,0.8203883495145631,0.9609517207271094,0.9767376627615492,0.2997225030505457,0.0,0.0,2008.0,153.0,3.3252908408130493,4.161098323018475,1.0,-0.3636650061099602
https://openalex.org/C2982854036,54946,Interference alignment,4,2011,True,22,22,False,False,0,DEV_Eng,heldout_cohort,98.0,0.7448979591836735,0.9730556284973186,1.0,0.2427178906876991,0.0,1.0,2014.0,63.0,2.4761900755442805,2.7936507936507944,2.0,-1.241057277920703
https://openalex.org/C2983271839,55019,Autonomous learning,2,2005,True,33,33,False,False,0,Social,heldout_field,139.0,0.4964028776978417,0.9667000854459784,1.0,0.0281553368995909,0.0,0.0,2011.0,145.0,4.767274094816997,4.961227193708384,3.0,1.0633366733454555
https://openalex.org/C2983327147,55032,Image denoising,3,2004,True,17|22,17,False,False,1,DEV_CS,dev,118.0,0.7542372881355932,0.9745623190225297,0.9847195113953984,0.1699634235335492,1.0,0.0,2012.0,320.0,4.014668449242155,4.520767939097566,4.0,0.3044935905737755
https://openalex.org/C2984309518,55208,Human trafficking,2,2004,True,33,33,False,False,0,Social,heldout_field,121.0,0.4876033057851239,0.972816041574072,0.9853078762316344,0.0281553368995909,1.0,0.0,2012.0,183.0,3.876284105556189,5.149718526799235,1.0,0.16706533252978595
https://openalex.org/C2984377249,55224,3d printer,2,2013,True,22,22,False,False,0,DEV_Eng,heldout_cohort,159.0,0.5974842767295597,0.9708082588793252,0.979533110911323,0.2427178906876991,1.0,0.0,2021.0,235.0,7.194770813192186,8.949043986695077,3.0,3.4959527756879742
https://openalex.org/C2984771860,55299,Smart phone,2,2009,True,17,17,False,False,0,DEV_CS,dev,268.0,0.5149253731343284,0.9664575664301106,1.0,0.0972089563793993,1.0,0.0,2015.0,366.0,6.732571180928912,8.016602887732137,5.0,3.0536351404102184
https://openalex.org/C2984969020,55340,Virginia tech,2,2003,True,33,33,False,False,0,Social,heldout_field,399.0,0.0200501253132832,0.972243405925168,0.9843953562604696,0.0281553368995909,1.0,0.0,2010.0,24.0,,,0.0,
https://openalex.org/C2985586866,55442,Wave energy converter,3,2010,True,22,22,False,False,0,DEV_Eng,heldout_cohort,139.0,0.6115107913669064,0.977721147292722,1.0,0.2427178906876991,1.0,0.0,2017.0,243.0,2.7723365405324722,3.475450973027429,1.0,-0.9316008809390697
https://openalex.org/C2985745059,55472,Raspberry pi,3,2012,True,33,33,True,False,0,Social,heldout_cohort,222.0,0.3783783783783784,0.9669999660004954,0.9803172999289184,0.0281553368995909,1.0,0.0,2018.0,611.0,4.423602949529785,5.496325585508835,3.0,0.7374956882235866
https://openalex.org/C2987056902,55727,Flipped learning,2,2014,True,33,33,False,False,0,Social,heldout_cohort,294.0,0.5748299319727891,0.9739426175538078,0.9849345186596424,0.0281553368995909,0.0,0.0,2018.0,365.0,4.886403263823481,5.798631452430052,3.0,1.210993349017302
https://openalex.org/C2987145844,55739,Cardiac magnetic resonance,3,2004,True,27,27,False,False,0,DEV_Med,dev,128.0,0.890625,0.9804655810156944,1.0,0.2997225030505457,1.0,0.0,2011.0,490.0,1.302491548766735,1.4999791327560852,1.0,-2.4045854989305493
https://openalex.org/C2987553829,55823,Entrepreneurship education,3,2004,True,14,14,False,False,0,Social,heldout_field,83.0,0.4698795180722891,0.9757025940529678,1.0,0.0771156548797982,1.0,0.0,2012.0,277.0,4.538390029097713,4.755246997007573,4.0,0.8148162192099684
https://openalex.org/C2988145974,55943,Mobile apps,2,2011,True,17,17,False,False,0,DEV_CS,heldout_cohort,311.0,0.2604501607717042,0.9644701014785156,0.9806154446140928,0.0972089563793993,1.0,0.0,2019.0,527.0,8.046530484225324,9.17569152088835,7.0,4.373261282774842
https://openalex.org/C2988198817,55958,Microfluidic chip,3,2004,True,22,22,False,False,0,DEV_Eng,dev,100.0,0.7,0.9713130778233878,0.9772307108205296,0.2427178906876991,1.0,0.0,2012.0,159.0,6.271143878048123,7.671965189719433,2.0,2.554665885655154
https://openalex.org/C2988738274,56059,Velocity vector,2,2008,True,27,27,False,False,0,DEV_Med,dev,132.0,0.946969696969697,0.9681945553679429,1.0,0.2997225030505457,0.0,0.0,2010.0,38.0,4.572197584581496,,1.0,0.8662923855838662
https://openalex.org/C2988886741,56086,Dictionary learning,3,2012,True,17,17,False,False,0,DEV_CS,heldout_cohort,131.0,0.732824427480916,0.9736894337948746,0.9851883677736272,0.0972089563793993,0.0,0.0,2016.0,162.0,4.571442860383674,5.51115782432139,2.0,0.8652480624405507
https://openalex.org/C2988957881,56100,Social network service,3,2011,True,33,33,False,False,0,Social,heldout_cohort,153.0,0.4183006535947712,0.9793668325728347,0.9850297644068292,0.0281553368995909,0.0,0.0,2013.0,23.0,,,0.0,
https://openalex.org/C2991786224,56328,Scientific development,3,2004,True,33,33,False,False,0,Social,heldout_field,651.0,0.5576036866359447,0.9722898556050572,1.0,0.0281553368995909,0.0,1.0,2009.0,239.0,5.773819449497897,6.751230862696472,3.0,2.128682116039083
https://openalex.org/C2992071073,56587,Great recession,2,2010,True,20|33,20,False,False,1,Social,heldout_cohort,336.0,0.5267857142857143,0.9734019171624196,1.0,0.0856001074649052,0.0,0.0,2017.0,356.0,3.9950702816259795,4.959088808159362,2.0,0.32474551970364995
https://openalex.org/C2992108582,56628,Theological seminary,2,2006,True,33,33,False,False,0,Social,heldout_field,182.0,0.0769230769230769,0.9722673019620602,1.0,0.0281553368995909,0.0,1.0,2011.0,19.0,,,0.0,
https://openalex.org/C2992140384,56660,Multislice computed tomography,3,2003,True,27,27,False,False,0,DEV_Med,dev,168.0,0.8214285714285714,0.9790888010395522,1.0,0.2997225030505457,0.0,0.0,2006.0,132.0,2.627769177387984,3.5158810654998938,1.0,-1.068952069397406
https://openalex.org/C2992289466,56801,Iraq war,2,2003,True,33,33,False,False,0,Social,heldout_field,122.0,0.5655737704918032,0.9717160824524836,0.9830766476618478,0.0281553368995909,0.0,0.0,2007.0,49.0,4.4081443863391705,,1.0,0.6992390478212895
https://openalex.org/C2992385100,56870,Film festival,2,2005,True,33|12,33,False,False,1,Social,heldout_field,100.0,0.29,0.9734667408032036,0.984267825486391,0.0267522199668518,1.0,0.0,2012.0,53.0,4.478653624930818,4.94335353880304,1.0,0.7621756325378493
https://openalex.org/C2992444039,56933,Genomic selection,5,2009,True,13|11,13,False,False,1,DEV_BGM,dev,114.0,0.8157894736842105,0.9722616399179048,1.0,0.3515615981669407,1.0,0.0,2017.0,125.0,2.239999969198441,2.3999999999999244,2.0,-1.47148819471041
https://openalex.org/C2992687605,57156,Bird flu,4,2004,True,27,27,False,False,0,DEV_Med,dev,244.0,0.2868852459016393,0.9723140659050544,0.9841949543238524,0.2997225030505457,0.0,0.0,2006.0,11.0,,,0.0,
https://openalex.org/C2992929900,57370,Extracellular vesicles,2,2012,True,27|13,27,False,False,1,DEV_Med,heldout_cohort,217.0,0.7788018433179723,0.9730424898745232,0.9852400452618658,0.3593729090806471,1.0,0.0,2020.0,2013.0,5.51659398501825,6.721891953688216,7.0,1.829619212900632
https://openalex.org/C2993020645,57442,Shale gas,3,2009,True,22,22,False,False,0,DEV_Eng,dev,232.0,0.6767241379310345,0.97171354748993,0.9844014559613036,0.2427178906876991,0.0,0.0,2015.0,676.0,5.8384758691455385,6.951133423263511,5.0,2.1540465037989325
https://openalex.org/C2993154269,57570,Multidetector computed tomography,3,2004,True,27,27,False,False,0,DEV_Med,dev,157.0,0.8789808917197452,0.9798702771561004,1.0,0.2997225030505457,1.0,0.0,2010.0,333.0,1.6254741087910367,1.946237424143103,1.0,-2.0738259867677864
https://openalex.org/C2993243194,57646,Marie curie,3,2009,True,16,16,True,False,0,Physical,heldout_field,81.0,0.3580246913580246,0.97085932268218,0.9836563250416878,1.0,1.0,0.0,2011.0,44.0,6.866997605638379,,1.0,3.142494918534889
https://openalex.org/C2993321602,57721,Labor contract,3,2006,True,33,33,False,False,0,Social,heldout_field,120.0,0.6666666666666666,0.9726564121264416,1.0,0.0281553368995909,0.0,0.0,2008.0,25.0,,,0.0,
https://openalex.org/C2993327898,57728,Immune thrombocytopenia,3,2009,True,27,27,False,False,0,DEV_Med,dev,222.0,0.8918918918918919,0.9737464502104805,1.0,0.2997225030505457,1.0,0.0,2016.0,471.0,2.9380915818885143,3.7545219535041054,2.0,-0.7480156794176844
https://openalex.org/C2993438527,57821,Dense matter,3,2008,True,31,31,False,False,0,Physical,heldout_field,118.0,0.9830508474576272,0.9690958465755712,0.9834249500255916,0.4858337648309395,0.0,0.0,2010.0,12.0,,,0.0,
https://openalex.org/C2993476949,57846,Deepwater horizon,3,2010,True,19,19,False,False,0,LifeEnv,heldout_cohort,301.0,0.5049833887043189,0.9688265467428998,0.9852659601405198,0.2047677761595473,1.0,0.0,2016.0,215.0,6.805684655709547,8.40315107545644,3.0,3.131170831136624
https://openalex.org/C2993559633,57905,Avian influenza virus,4,2003,True,27,27,False,False,0,DEV_Med,dev,119.0,0.3697478991596639,0.9810911380668632,0.9861171860839574,0.2997225030505457,1.0,0.0,2010.0,219.0,5.015882688635176,6.0541753929430815,3.0,1.306029199619187
https://openalex.org/C2993562611,57908,Sichuan basin,2,2006,True,22,22,False,False,0,DEV_Eng,dev,157.0,0.8343949044585988,0.9731603470233008,1.0,0.2427178906876991,0.0,0.0,2013.0,193.0,4.252921353707971,4.763641187023052,3.0,0.553621258149148
https://openalex.org/C2993710039,58011,Mental capacity,2,2005,True,27,27,False,False,0,DEV_Med,dev,119.0,0.7058823529411765,0.972100364240912,0.983748945571484,0.2997225030505457,0.0,1.0,2009.0,62.0,4.482234407573005,4.806451602035008,2.0,0.7723809185570158
https://openalex.org/C2993829489,58126,Common core,3,2011,True,33,33,False,False,0,Social,heldout_cohort,328.0,0.5975609756097561,0.972942498311276,0.9840785869484084,0.0281553368995909,0.0,1.0,2014.0,70.0,4.088489858806799,5.570147568200699,1.0,0.4172474120502332
https://openalex.org/C2993969710,58249,Electrochemical energy storage,5,2013,True,22,22,False,False,0,DEV_Eng,heldout_cohort,114.0,0.8245614035087719,0.9809974763202212,1.0,0.2427178906876991,1.0,0.0,2020.0,221.0,3.601669411314149,3.9896616485502836,3.0,-0.10981875259470186
https://openalex.org/C2994015643,58285,Health reform,4,2008,True,20,20,True,False,0,Social,heldout_field,231.0,0.5800865800865801,0.9738706747842272,0.985366246981577,0.1430448780302194,0.0,0.0,2010.0,36.0,4.830532212885156,,0.0,1.1459383458667372
https://openalex.org/C2994123097,58393,Subprime crisis,3,2008,True,20,20,False,False,0,Social,heldout_field,150.0,0.5466666666666666,0.9711019703029502,1.0,0.1430448780302194,0.0,0.0,2009.0,56.0,3.8889841495530457,3.9992769285222116,2.0,0.18794711095582128
https://openalex.org/C2994204036,58467,Social enterprise,2,2006,True,14,14,False,False,0,Social,heldout_field,115.0,0.6956521739130435,0.9731559526225028,0.9828279804860104,0.0771156548797982,1.0,0.0,2013.0,172.0,4.201190745594543,4.9921005614923155,2.0,0.49003517836581967
https://openalex.org/C2994426979,58666,Lithium metal,4,2014,True,22,22,False,False,0,DEV_Eng,heldout_cohort,106.0,0.8490566037735849,0.969469783152888,1.0,0.2427178906876991,1.0,0.0,2022.0,1063.0,3.8406772913608735,4.398172912722591,4.0,0.12641830006091848
https://openalex.org/C3017619522,58980,Smartphone app,2,2014,True,27,27,False,False,0,DEV_Med,heldout_cohort,128.0,0.578125,0.9710140217186544,1.0,0.2997225030505457,1.0,0.0,2020.0,121.0,8.184756805826833,9.911694425726967,2.0,4.477679758129549
https://openalex.org/C3017838165,59109,Atlas detector,3,2008,True,31,31,False,False,0,Physical,heldout_field,145.0,0.2068965517241379,0.972586456933808,0.9855203832112728,0.4858337648309395,1.0,0.0,2016.0,159.0,1.1886792452830095,1.3144654088049816,1.0,-2.513648834842969
https://openalex.org/C3017891749,59133,Android application,3,2013,True,17,17,False,False,0,DEV_CS,heldout_cohort,130.0,0.6230769230769231,0.9689760402976316,1.0,0.0972089563793993,0.0,1.0,2018.0,125.0,4.687544421304107,5.779276075404592,2.0,0.981057805244848
https://openalex.org/C3018127295,59269,Research article,2,2014,True,12,12,False,True,0,Social,heldout_cohort,269.0,0.0223048327137546,0.9692283278400105,0.9825672159503784,0.0253491030341127,0.0,0.0,2016.0,13.0,,,0.0,
https://openalex.org/C3018399558,59420,Cone beam ct,3,2004,True,27,27,False,False,0,DEV_Med,dev,141.0,0.8936170212765957,0.9813253050673334,0.988811494020294,0.2997225030505457,1.0,0.0,2012.0,392.0,3.70848822679744,4.444198363639729,2.0,0.0050948442613694
https://openalex.org/C3018459673,59471,Smartphone addiction,3,2014,True,33,33,False,False,0,Social,heldout_cohort,194.0,0.5567010309278351,0.9732580899938312,1.0,0.0281553368995909,1.0,0.0,2022.0,368.0,5.9273271016255045,7.2069403055871515,3.0,2.236085644186168
https://openalex.org/C3018710434,59611,Oral immunotherapy,4,2010,True,27,27,False,False,0,DEV_Med,heldout_cohort,98.0,0.8775510204081632,0.9719806976973792,1.0,0.2997225030505457,0.0,0.0,2015.0,150.0,2.575719727397619,3.2198440050790005,1.0,-1.1415276260673646
https://openalex.org/C3018716944,59618,Syrian refugees,3,2013,True,33,33,False,False,0,Social,heldout_cohort,173.0,0.3352601156069364,0.9702528058882344,1.0,0.0281553368995909,0.0,0.0,2018.0,429.0,5.649706498064066,6.8855244183767805,5.0,1.954102107798653
https://openalex.org/C3018751465,59632,Seasonal influenza,5,2008,True,27,27,False,False,0,DEV_Med,dev,174.0,0.7298850574712644,0.9728430984797282,1.0,0.2997225030505457,0.0,0.0,2011.0,186.0,3.6047010349286737,4.49648114878324,1.0,-0.0906838614852487
https://openalex.org/C3018944673,59747,Hand foot mouth disease,3,2009,True,27,27,False,False,0,DEV_Med,dev,330.0,0.9030303030303032,0.9882940853467328,1.0,0.2997225030505457,0.0,0.0,2011.0,35.0,2.855614973262032,,1.0,-0.8153959707888494
https://openalex.org/C3019183317,59894,Charles darwin,3,2007,True,12,12,False,False,0,Social,heldout_field,140.0,0.5,0.9753060531813976,0.9855742432290476,0.0253491030341127,0.0,0.0,2009.0,23.0,,,0.0,
https://openalex.org/C3019225854,59928,Bioresorbable scaffold,4,2014,True,27,27,False,False,0,DEV_Med,heldout_cohort,164.0,0.9207317073170732,0.965370725978008,1.0,0.2997225030505457,0.0,0.0,2016.0,71.0,1.8450704225352748,2.4084507042253644,1.0,-1.8525685090843516
https://openalex.org/C3019308078,59966,3d printed,2,2013,True,22,22,False,False,0,DEV_Eng,heldout_cohort,323.0,0.6037151702786377,0.9709470442970624,0.9827677450480852,0.2427178906876991,1.0,0.0,2021.0,1848.0,6.451228834030429,7.869418448205748,9.0,2.7794013976171
https://openalex.org/C3019369543,60001,Secondhand smoke,2,2003,True,27,27,False,False,0,DEV_Med,dev,82.0,0.6219512195121951,0.9717228923198716,0.9849582664796614,0.2997225030505457,1.0,0.0,2011.0,161.0,4.456264587915906,5.435200849542129,2.0,0.7322291714332194
https://openalex.org/C3019562390,60116,Bare metal,4,2005,True,27,27,False,False,0,DEV_Med,dev,164.0,0.8414634146341463,0.9648568976550947,1.0,0.2997225030505457,1.0,0.0,2007.0,186.0,2.3705038586518974,3.0680630950102685,1.0,-1.327135072967729
https://openalex.org/C3019564036,60117,Point of care ultrasound,3,2013,True,27,27,False,False,0,DEV_Med,heldout_cohort,136.0,0.8897058823529411,0.9873296872492516,1.0,0.2997225030505457,1.0,0.0,2020.0,739.0,1.7562527580333347,2.0174512017773076,2.0,-1.9485155780988048
https://openalex.org/C3019565508,60118,Virtual world,2,2007,True,33,33,False,False,0,Social,heldout_field,261.0,0.421455938697318,0.9695005088405876,0.9807347072214616,0.0281553368995909,0.0,0.0,2009.0,85.0,6.242637169372595,7.097525233155247,1.0,2.562693226754417
https://openalex.org/C3019602066,60132,Boko haram,4,2012,True,33,33,False,False,0,Social,heldout_cohort,207.0,0.5555555555555556,0.972097297877131,0.9830237473143274,0.0281553368995909,1.0,0.0,2015.0,233.0,3.1464957690252855,4.201851176175934,1.0,-0.5422756606956383
https://openalex.org/C3019659195,60162,Meaningful use,3,2010,True,27,27,False,False,0,DEV_Med,heldout_cohort,194.0,0.4123711340206185,0.9676644502211458,1.0,0.2997225030505457,0.0,0.0,2011.0,38.0,3.5789473684210638,,1.0,-0.11229408901827265
https://openalex.org/C3019745063,60210,Spatial modulation,4,2012,True,22,22,False,False,0,DEV_Eng,heldout_cohort,75.0,0.8,0.972502290118548,1.0,0.2427178906876991,0.0,0.0,2018.0,126.0,2.6588887150574143,3.0349205745620913,2.0,-1.0685448084028706
https://openalex.org/C3019819676,60250,Highly pathogenic,4,2005,True,27,27,False,False,0,DEV_Med,dev,168.0,0.5416666666666666,0.972480334134881,1.0,0.2997225030505457,0.0,0.0,2010.0,175.0,5.08404095012378,6.38592863840899,2.0,1.3873197033383895
https://openalex.org/C3019900241,60293,Infantile hemangioma,3,2009,True,27,27,False,False,0,DEV_Med,dev,133.0,0.9097744360902256,0.9731748987905242,0.9847308036609644,0.2997225030505457,0.0,0.0,2014.0,206.0,3.3543957542701075,4.343040934642514,1.0,-0.3512220314552765
https://openalex.org/C3019926118,60310,Influenza pandemic,5,2004,True,27,27,False,False,0,DEV_Med,dev,142.0,0.5985915492957746,0.971574953202798,0.9856214053307428,0.2997225030505457,0.0,1.0,2009.0,122.0,5.148448593670193,6.675098208048516,1.0,1.445324343546201
https://openalex.org/C3019978661,60345,Gut microbiome,3,2011,True,13,13,False,False,0,DEV_BGM,heldout_cohort,91.0,0.7472527472527473,0.9734375990636582,0.9859577469432386,0.4190233151107485,1.0,0.0,2019.0,800.0,5.214250532923716,6.51707839097895,5.0,1.494180993896919
https://openalex.org/C3020068454,60400,Editorial board,2,2012,True,27,27,False,False,0,DEV_Med,heldout_cohort,82.0,0.524390243902439,0.9746030205648338,1.0,0.2997225030505457,0.0,0.0,2013.0,1.0,,,0.0,
https://openalex.org/C3020075751,60403,Khyber pakhtunkhwa,2,2011,True,11,11,False,False,0,LifeEnv,heldout_cohort,160.0,0.60625,0.9668732555520292,1.0,0.284099881223133,1.0,0.0,2019.0,483.0,5.933981395131555,7.1757467030772855,4.0,2.235402117517959
https://openalex.org/C3020077191,60405,Hurricane katrina,3,2005,True,33,33,False,False,0,Social,heldout_field,749.0,0.5126835781041389,0.9700417155295362,1.0,0.0281553368995909,0.0,0.0,2007.0,154.0,7.985435598765204,9.614638460705315,3.0,4.345638489993188
https://openalex.org/C3020144179,60448,Electronic health record,3,2003,True,36,36,False,False,0,OtherHealth,heldout_field,149.0,0.3154362416107382,0.9783279349103796,0.9897427802760868,0.114301361396536,1.0,0.0,2011.0,284.0,5.187602833040781,6.3784018978232435,2.0,1.486311063876336
https://openalex.org/C3020762335,60811,Endobronchial ultrasound,3,2007,True,27,27,False,False,0,DEV_Med,dev,113.0,0.8761061946902655,0.971021281435942,1.0,0.2997225030505457,1.0,0.0,2013.0,319.0,1.895077718124735,2.3585109790765006,1.0,-1.8167459728692168
