concept_idx,name,reason
7,Fuzzy logic,early_>=200_hits_1998_2002
27,Insulator,early_>=200_hits_1998_2002
59,Enantiomer,early_>=200_hits_1998_2002
86,Vocational education,early_>=200_hits_1998_2002
95,Photodiode,early_>=200_hits_1998_2002
115,Colony-stimulating factor,early_>=200_hits_1998_2002
133,El Niño,early_>=200_hits_1998_2002
148,Propulsion,early_>=200_hits_1998_2002
153,Histamine,early_>=200_hits_1998_2002
171,Transactivation,early_>=200_hits_1998_2002
180,Facilitation,early_>=200_hits_1998_2002
182,Laser-induced fluorescence,early_>=200_hits_1998_2002
211,Whole blood,early_>=200_hits_1998_2002
244,Inversion,early_>=200_hits_1998_2002
266,Fluidized bed,early_>=200_hits_1998_2002
268,Mediator,early_>=200_hits_1998_2002
271,Globalization,early_>=200_hits_1998_2002
339,Job satisfaction,early_>=200_hits_1998_2002
350,DNA polymerase,early_>=200_hits_1998_2002
355,ST segment,early_>=200_hits_1998_2002
361,Sediment,early_>=200_hits_1998_2002
381,Capillary electrophoresis,early_>=200_hits_1998_2002
433,Enthalpy,early_>=200_hits_1998_2002
453,Side effect,early_>=200_hits_1998_2002
461,Dormancy,early_>=200_hits_1998_2002
475,Middle East,early_>=200_hits_1998_2002
498,Smoothing,early_>=200_hits_1998_2002
500,Molecular beam epitaxy,early_>=200_hits_1998_2002
520,Livelihood,early_>=200_hits_1998_2002
532,Depolarization,early_>=200_hits_1998_2002
563,Power station,early_>=200_hits_1998_2002
570,Technetium-99m,early_>=200_hits_1998_2002
609,Lipid metabolism,early_>=200_hits_1998_2002
615,Land use,early_>=200_hits_1998_2002
623,Poliomyelitis,early_>=200_hits_1998_2002
635,Antimicrobial,early_>=200_hits_1998_2002
690,Carbide,early_>=200_hits_1998_2002
764,Gene family,early_>=200_hits_1998_2002
768,Machine tool,early_>=200_hits_1998_2002
809,Wavelength,early_>=200_hits_1998_2002
832,Panel data,early_>=200_hits_1998_2002
863,Porosity,early_>=200_hits_1998_2002
878,Linear system,early_>=200_hits_1998_2002
883,Protein expression,early_>=200_hits_1998_2002
904,Myosin,early_>=200_hits_1998_2002
916,Monolayer,early_>=200_hits_1998_2002
1028,Hypoxia,early_>=200_hits_1998_2002
1041,Gamma ray,early_>=200_hits_1998_2002
1078,Steady state,early_>=200_hits_1998_2002
1114,Anastomosis,early_>=200_hits_1998_2002
1137,Surface water,early_>=200_hits_1998_2002
1147,Microfluidics,early_>=200_hits_1998_2002
1167,Genetic algorithm,early_>=200_hits_1998_2002
1169,Immune system,early_>=200_hits_1998_2002
1170,Surface tension,early_>=200_hits_1998_2002
1174,Titanium alloy,early_>=200_hits_1998_2002
1214,Coulomb,early_>=200_hits_1998_2002
1226,Image processing,early_>=200_hits_1998_2002
1243,Callus,early_>=200_hits_1998_2002
1290,Reproducibility,early_>=200_hits_1998_2002
1294,Saturation,early_>=200_hits_1998_2002
1322,Excretion,early_>=200_hits_1998_2002
1327,Pathophysiology,early_>=200_hits_1998_2002
1348,Serotype,early_>=200_hits_1998_2002
1349,Spline,early_>=200_hits_1998_2002
1414,Factor analysis,early_>=200_hits_1998_2002
1418,Convection,early_>=200_hits_1998_2002
1454,Inverter,early_>=200_hits_1998_2002
1463,Micelle,early_>=200_hits_1998_2002
1513,Pragmatics,early_>=200_hits_1998_2002
1559,Phosphorylation,early_>=200_hits_1998_2002
1561,Interleukin 6,early_>=200_hits_1998_2002
1582,Risk assessment,early_>=200_hits_1998_2002
1593,Luminosity,early_>=200_hits_1998_2002
1595,Fission,early_>=200_hits_1998_2002
1596,Cretaceous,early_>=200_hits_1998_2002
1618,Transposition,early_>=200_hits_1998_2002
1628,Caspase 3,early_>=200_hits_1998_2002
1644,Replication,early_>=200_hits_1998_2002
1653,Microcirculation,early_>=200_hits_1998_2002
1657,Neurosurgery,early_>=200_hits_1998_2002
1664,Chemokine receptor,early_>=200_hits_1998_2002
1678,Phospholipase,early_>=200_hits_1998_2002
1688,Anomaly,early_>=200_hits_1998_2002
1731,Liquid crystal,early_>=200_hits_1998_2002
1739,Chemokine,early_>=200_hits_1998_2002
1742,Aerodynamics,early_>=200_hits_1998_2002
1753,Invertebrate,early_>=200_hits_1998_2002
1766,Cropping,early_>=200_hits_1998_2002
1877,Refinement,early_>=200_hits_1998_2002
1983,Learning disability,early_>=200_hits_1998_2002
1992,Transduction,early_>=200_hits_1998_2002
2062,Progenitor,early_>=200_hits_1998_2002
2080,Copolymer,early_>=200_hits_1998_2002
2084,Project management,early_>=200_hits_1998_2002
2114,Singularity,early_>=200_hits_1998_2002
2122,Cell adhesion molecule,early_>=200_hits_1998_2002
2137,Mutagenesis,early_>=200_hits_1998_2002
2141,Synchrotron radiation,early_>=200_hits_1998_2002
2146,Tillage,early_>=200_hits_1998_2002
2160,Neurology,early_>=200_hits_1998_2002
2215,Social work,early_>=200_hits_1998_2002
2217,Leachate,early_>=200_hits_1998_2002
2221,Stromal cell,early_>=200_hits_1998_2002
2233,Environmental change,early_>=200_hits_1998_2002
2280,Medulla,early_>=200_hits_1998_2002
2303,Control system,early_>=200_hits_1998_2002
2306,Electrode,early_>=200_hits_1998_2002
2313,Gamma-ray burst,early_>=200_hits_1998_2002
2330,Exciton,early_>=200_hits_1998_2002
2357,Pellet,early_>=200_hits_1998_2002
2365,Tumor necrosis factor alpha,early_>=200_hits_1998_2002
2395,Ionizing radiation,early_>=200_hits_1998_2002
2399,Ellipsometry,early_>=200_hits_1998_2002
2426,Anchoring,early_>=200_hits_1998_2002
2483,Cytology,early_>=200_hits_1998_2002
2507,Polyunsaturated fatty acid,early_>=200_hits_1998_2002
2510,Thin film,early_>=200_hits_1998_2002
2516,Frequency domain,early_>=200_hits_1998_2002
2520,Physical property,early_>=200_hits_1998_2002
2522,Social policy,early_>=200_hits_1998_2002
2536,Financial market,early_>=200_hits_1998_2002
2547,T-cell receptor,early_>=200_hits_1998_2002
2592,Evidence-based medicine,early_>=200_hits_1998_2002
2598,Hadron,early_>=200_hits_1998_2002
2628,Molecular cloning,early_>=200_hits_1998_2002
2633,Mobile robot,early_>=200_hits_1998_2002
2702,Microtubule,early_>=200_hits_1998_2002
2745,Corrosion,early_>=200_hits_1998_2002
2760,Metallothionein,early_>=200_hits_1998_2002
2772,Photonics,early_>=200_hits_1998_2002
2823,Shear stress,early_>=200_hits_1998_2002
2844,Permutation,early_>=200_hits_1998_2002
2850,Synchrotron,early_>=200_hits_1998_2002
2886,Countermeasure,early_>=200_hits_1998_2002
2928,Deep sea,early_>=200_hits_1998_2002
2954,Working memory,early_>=200_hits_1998_2002
2973,Gastro-,early_>=200_hits_1998_2002
3015,Sputtering,early_>=200_hits_1998_2002
3073,Plasmid,early_>=200_hits_1998_2002
3083,Transferrin,early_>=200_hits_1998_2002
3095,Cholinergic,early_>=200_hits_1998_2002
3113,Genetic analysis,early_>=200_hits_1998_2002
3117,Photodetector,early_>=200_hits_1998_2002
3119,Observational study,early_>=200_hits_1998_2002
3136,ATPase,early_>=200_hits_1998_2002
3177,Hormone receptor,early_>=200_hits_1998_2002
3197,Suction,early_>=200_hits_1998_2002
3238,Nucleic acid,early_>=200_hits_1998_2002
3247,Phonon,early_>=200_hits_1998_2002
3257,Particulates,early_>=200_hits_1998_2002
3263,Zinc finger,early_>=200_hits_1998_2002
3316,Mitochondrial DNA,early_>=200_hits_1998_2002
3364,Water content,early_>=200_hits_1998_2002
3376,Socialization,early_>=200_hits_1998_2002
3387,Binding domain,early_>=200_hits_1998_2002
3442,Ubiquitin,early_>=200_hits_1998_2002
3448,Incubation,early_>=200_hits_1998_2002
3462,Ontology,early_>=200_hits_1998_2002
3520,Ex vivo,early_>=200_hits_1998_2002
3534,Growth factor receptor,early_>=200_hits_1998_2002
3537,Cosmology,early_>=200_hits_1998_2002
3543,Crystal growth,early_>=200_hits_1998_2002
3597,Self-assembly,early_>=200_hits_1998_2002
3622,Integral equation,early_>=200_hits_1998_2002
3623,Angiotensin-converting enzyme,early_>=200_hits_1998_2002
3631,Placebo,early_>=200_hits_1998_2002
3640,Transcriptional regulation,early_>=200_hits_1998_2002
3659,Quadrangle,early_>=200_hits_1998_2002
3680,Rootstock,early_>=200_hits_1998_2002
3694,Intermetallic,early_>=200_hits_1998_2002
3727,Proteasome,early_>=200_hits_1998_2002
3749,Biotransformation,early_>=200_hits_1998_2002
3761,Endocytosis,early_>=200_hits_1998_2002
3799,Stem cell,early_>=200_hits_1998_2002
3809,Extracellular,early_>=200_hits_1998_2002
3813,Image analysis,early_>=200_hits_1998_2002
3835,Forest management,early_>=200_hits_1998_2002
3857,Carotenoid,early_>=200_hits_1998_2002
3864,Electromagnetic field,early_>=200_hits_1998_2002
3867,Quantization,early_>=200_hits_1998_2002
3868,Special education,early_>=200_hits_1998_2002
3898,Quantum well,early_>=200_hits_1998_2002
3921,Cytochrome c,early_>=200_hits_1998_2002
3957,Cell cycle,early_>=200_hits_1998_2002
3966,Historiography,early_>=200_hits_1998_2002
3975,Calmodulin,early_>=200_hits_1998_2002
3999,Management information systems,early_>=200_hits_1998_2002
4010,Sedimentation,early_>=200_hits_1998_2002
4020,Natural resource,early_>=200_hits_1998_2002
4033,Capacitance,early_>=200_hits_1998_2002
4049,Catenin,early_>=200_hits_1998_2002
4060,Subgroup,early_>=200_hits_1998_2002
4103,Chromosome,early_>=200_hits_1998_2002
4125,Second-harmonic generation,early_>=200_hits_1998_2002
4186,Perioperative,early_>=200_hits_1998_2002
4198,Linkage,early_>=200_hits_1998_2002
4222,Genotyping,early_>=200_hits_1998_2002
4227,Field effect,early_>=200_hits_1998_2002
4228,Bone morphogenetic protein,early_>=200_hits_1998_2002
4232,Magnetohydrodynamics,early_>=200_hits_1998_2002
4244,Electroluminescence,early_>=200_hits_1998_2002
4268,Tandem mass spectrometry,early_>=200_hits_1998_2002
4275,Excavation,early_>=200_hits_1998_2002
4319,Trough,early_>=200_hits_1998_2002
4332,Multicast,early_>=200_hits_1998_2002
4364,Magnetization,early_>=200_hits_1998_2002
4413,Spectroscopy,early_>=200_hits_1998_2002
4414,Risk management,early_>=200_hits_1998_2002
4435,Redshift,early_>=200_hits_1998_2002
4476,Deciduous,early_>=200_hits_1998_2002
4478,Methylation,early_>=200_hits_1998_2002
4487,Stacking,early_>=200_hits_1998_2002
4495,Spectrometer,early_>=200_hits_1998_2002
4503,Transmission line,early_>=200_hits_1998_2002
4513,Morphometrics,early_>=200_hits_1998_2002
4568,Foreign direct investment,early_>=200_hits_1998_2002
4586,Elongation,early_>=200_hits_1998_2002
4590,Dynamical system,early_>=200_hits_1998_2002
4597,Population dynamics,early_>=200_hits_1998_2002
4609,Cascade,early_>=200_hits_1998_2002
4629,International relations,early_>=200_hits_1998_2002
4645,Volatiles,early_>=200_hits_1998_2002
4669,Trace element,early_>=200_hits_1998_2002
4706,Intellectual property,early_>=200_hits_1998_2002
4715,Charged particle,early_>=200_hits_1998_2002
4775,Statics,early_>=200_hits_1998_2002
4791,Web service,early_>=200_hits_1998_2002
4809,Total synthesis,early_>=200_hits_1998_2002
4815,Ambulatory,early_>=200_hits_1998_2002
4843,Troponin,early_>=200_hits_1998_2002
4863,Seeding,early_>=200_hits_1998_2002
4891,Radiography,early_>=200_hits_1998_2002
4892,Cladding,early_>=200_hits_1998_2002
4895,Visualization,early_>=200_hits_1998_2002
4939,Pyrolysis,early_>=200_hits_1998_2002
4966,Serotonergic,early_>=200_hits_1998_2002
4976,Positron emission,early_>=200_hits_1998_2002
4995,Ferrite,early_>=200_hits_1998_2002
5008,Ontogeny,early_>=200_hits_1998_2002
5009,Residual stress,early_>=200_hits_1998_2002
5051,Bose–Einstein condensate,early_>=200_hits_1998_2002
5112,Pulsed laser deposition,early_>=200_hits_1998_2002
5118,Disposition,early_>=200_hits_1998_2002
5121,Elastomer,early_>=200_hits_1998_2002
5136,Multivariate analysis,early_>=200_hits_1998_2002
5141,Manure,early_>=200_hits_1998_2002
5151,Sol-gel,early_>=200_hits_1998_2002
5208,Soil fertility,early_>=200_hits_1998_2002
5236,Asymmetry,early_>=200_hits_1998_2002
5250,Contractility,early_>=200_hits_1998_2002
5294,Corporate governance,early_>=200_hits_1998_2002
5315,Cyclotron,early_>=200_hits_1998_2002
5345,Signalling,early_>=200_hits_1998_2002
5356,Urbanization,early_>=200_hits_1998_2002
5365,Kinematics,early_>=200_hits_1998_2002
5374,Quadrupole,early_>=200_hits_1998_2002
5380,Raman spectroscopy,early_>=200_hits_1998_2002
5381,Substance abuse,early_>=200_hits_1998_2002
5417,Electrophoresis,early_>=200_hits_1998_2002
5422,Electric power,early_>=200_hits_1998_2002
5453,Adrenergic receptor,early_>=200_hits_1998_2002
5475,Fractal,early_>=200_hits_1998_2002
5479,Hydropower,early_>=200_hits_1998_2002
5483,Electrospray ionization,early_>=200_hits_1998_2002
5485,Morphogenesis,early_>=200_hits_1998_2002
5492,Weathering,early_>=200_hits_1998_2002
5499,Aflatoxin,early_>=200_hits_1998_2002
5512,Reagent,early_>=200_hits_1998_2002
5535,Linear programming,early_>=200_hits_1998_2002
5555,Active site,early_>=200_hits_1998_2002
5606,Embedding,early_>=200_hits_1998_2002
5628,Systematics,early_>=200_hits_1998_2002
5630,Ion implantation,early_>=200_hits_1998_2002
5636,Geographic information system,early_>=200_hits_1998_2002
5669,Refractive index,early_>=200_hits_1998_2002
5702,Tyrosine kinase,early_>=200_hits_1998_2002
5739,Hardness,early_>=200_hits_1998_2002
5744,Digital image,early_>=200_hits_1998_2002
5815,Reflux,early_>=200_hits_1998_2002
5854,Near-infrared spectroscopy,early_>=200_hits_1998_2002
5918,Carbon black,early_>=200_hits_1998_2002
5927,Supply chain management,early_>=200_hits_1998_2002
5944,Polymerization,early_>=200_hits_1998_2002
5947,Hardening,early_>=200_hits_1998_2002
5981,Adult education,early_>=200_hits_1998_2002
5994,Lumbar,early_>=200_hits_1998_2002
6013,Normative,early_>=200_hits_1998_2002
6033,Science education,early_>=200_hits_1998_2002
6036,Wave propagation,early_>=200_hits_1998_2002
6090,Computation,early_>=200_hits_1998_2002
6183,Halogen,early_>=200_hits_1998_2002
6188,Proteomics,early_>=200_hits_1998_2002
6218,Herbivore,early_>=200_hits_1998_2002
6230,Irradiance,early_>=200_hits_1998_2002
6299,Outsourcing,early_>=200_hits_1998_2002
6301,Gestation,early_>=200_hits_1998_2002
6356,Health policy,early_>=200_hits_1998_2002
6370,Wavelet,early_>=200_hits_1998_2002
6378,Thermal expansion,early_>=200_hits_1998_2002
6388,Transition temperature,early_>=200_hits_1998_2002
6449,Grain boundary,early_>=200_hits_1998_2002
6510,Reactive oxygen species,early_>=200_hits_1998_2002
6522,Coupling reaction,early_>=200_hits_1998_2002
6559,Organic matter,early_>=200_hits_1998_2002
6560,Numerical analysis,early_>=200_hits_1998_2002
6598,Secretion,early_>=200_hits_1998_2002
6600,Metabotropic glutamate receptor,early_>=200_hits_1998_2002
6603,Shape-memory alloy,early_>=200_hits_1998_2002
6606,Polymerase chain reaction,early_>=200_hits_1998_2002
6607,Cathode,early_>=200_hits_1998_2002
6620,Structural change,early_>=200_hits_1998_2002
6633,High frequency,early_>=200_hits_1998_2002
6677,Granule,early_>=200_hits_1998_2002
6683,Maximum likelihood,early_>=200_hits_1998_2002
6690,Pluralism,early_>=200_hits_1998_2002
6701,Tissue engineering,early_>=200_hits_1998_2002
6731,Rectifier,early_>=200_hits_1998_2002
6736,Microdialysis,early_>=200_hits_1998_2002
6750,Ion channel,early_>=200_hits_1998_2002
6760,Black hole,early_>=200_hits_1998_2002
6774,Risk factor,early_>=200_hits_1998_2002
6775,Macrophage colony-stimulating factor,early_>=200_hits_1998_2002
6793,Heat transfer,early_>=200_hits_1998_2002
6813,Artificial neural network,early_>=200_hits_1998_2002
6816,Tropics,early_>=200_hits_1998_2002
6818,Permeation,early_>=200_hits_1998_2002
6834,Ion beam,early_>=200_hits_1998_2002
6841,Ultrafiltration,early_>=200_hits_1998_2002
6865,Sodium channel,early_>=200_hits_1998_2002
6870,Abnormality,early_>=200_hits_1998_2002
6877,Mass transfer,early_>=200_hits_1998_2002
6882,Professional development,early_>=200_hits_1998_2002
6904,Coaxial,early_>=200_hits_1998_2002
6953,Lie algebra,early_>=200_hits_1998_2002
6976,Quality control,early_>=200_hits_1998_2002
6985,Effector,early_>=200_hits_1998_2002
7043,Schema,early_>=200_hits_1998_2002
7049,Capacitor,early_>=200_hits_1998_2002
7054,Fermion,early_>=200_hits_1998_2002
7055,Cross section,early_>=200_hits_1998_2002
7132,Electrochemistry,early_>=200_hits_1998_2002
7173,Action research,early_>=200_hits_1998_2002
7178,Karyotype,early_>=200_hits_1998_2002
7206,Lagrangian,early_>=200_hits_1998_2002
7219,Pleistocene,early_>=200_hits_1998_2002
7252,Equation of state,early_>=200_hits_1998_2002
7288,Transfection,early_>=200_hits_1998_2002
7300,Superconductivity,early_>=200_hits_1998_2002
7308,Fibrin,early_>=200_hits_1998_2002
7312,Geriatrics,early_>=200_hits_1998_2002
7331,Action potential,early_>=200_hits_1998_2002
7333,Molecular beam,early_>=200_hits_1998_2002
7345,Proton,early_>=200_hits_1998_2002
7355,Photodissociation,early_>=200_hits_1998_2002
7385,Natural convection,early_>=200_hits_1998_2002
7423,Picosecond,early_>=200_hits_1998_2002
7437,Functional analysis,early_>=200_hits_1998_2002
7484,International law,early_>=200_hits_1998_2002
7516,Dendrimer,early_>=200_hits_1998_2002
7528,Metalloproteinase,early_>=200_hits_1998_2002
7585,Nozzle,early_>=200_hits_1998_2002
7610,Transducer,early_>=200_hits_1998_2002
7669,Scavenger,early_>=200_hits_1998_2002
7677,Acupuncture,early_>=200_hits_1998_2002
7721,Apolipoprotein E,early_>=200_hits_1998_2002
7755,Chemical vapor deposition,early_>=200_hits_1998_2002
7772,Sex ratio,early_>=200_hits_1998_2002
7797,Scalar,early_>=200_hits_1998_2002
7805,Histology,early_>=200_hits_1998_2002
7818,Doping,early_>=200_hits_1998_2002
7834,Potency,early_>=200_hits_1998_2002
7858,Subduction,early_>=200_hits_1998_2002
7865,Biofilm,early_>=200_hits_1998_2002
7875,Motility,early_>=200_hits_1998_2002
7892,Expert system,early_>=200_hits_1998_2002
7898,Deuterium,early_>=200_hits_1998_2002
7908,Sorption,early_>=200_hits_1998_2002
7918,Competitive advantage,early_>=200_hits_1998_2002
7931,Taxonomy,early_>=200_hits_1998_2002
7941,Neuroimaging,early_>=200_hits_1998_2002
7958,Liberalization,early_>=200_hits_1998_2002
7986,Thermal stability,early_>=200_hits_1998_2002
8015,Questionnaire,early_>=200_hits_1998_2002
8027,Natural gas,early_>=200_hits_1998_2002
8044,Molecular dynamics,early_>=200_hits_1998_2002
8054,Wave equation,early_>=200_hits_1998_2002
8067,Colloid,early_>=200_hits_1998_2002
8094,Refining,early_>=200_hits_1998_2002
8116,Heat capacity,early_>=200_hits_1998_2002
8200,Electric field,early_>=200_hits_1998_2002
8223,Virulence,early_>=200_hits_1998_2002
8232,Nucleation,early_>=200_hits_1998_2002
8233,Sequence analysis,early_>=200_hits_1998_2002
8251,Glutamate receptor,early_>=200_hits_1998_2002
8269,Microsatellite,early_>=200_hits_1998_2002
8279,Androgen receptor,early_>=200_hits_1998_2002
8290,Evaporation,early_>=200_hits_1998_2002
8292,Fixed point,early_>=200_hits_1998_2002
8363,Cell growth,early_>=200_hits_1998_2002
8407,Simplex,early_>=200_hits_1998_2002
8414,Signal transduction,early_>=200_hits_1998_2002
8420,Tritium,early_>=200_hits_1998_2002
8462,Phosphodiesterase,early_>=200_hits_1998_2002
8488,Schrödinger equation,early_>=200_hits_1998_2002
8524,Clinical significance,early_>=200_hits_1998_2002
8546,Robustness,early_>=200_hits_1998_2002
8571,Homeostasis,early_>=200_hits_1998_2002
8576,Microchannel,early_>=200_hits_1998_2002
8598,Nuclear receptor,early_>=200_hits_1998_2002
8649,DNA synthesis,early_>=200_hits_1998_2002
8696,Pathogenicity,early_>=200_hits_1998_2002
8703,Pigment,early_>=200_hits_1998_2002
8760,Histone,early_>=200_hits_1998_2002
8775,Reaction mechanism,early_>=200_hits_1998_2002
8920,Fas ligand,early_>=200_hits_1998_2002
8949,Birth weight,early_>=200_hits_1998_2002
8950,Transformer,early_>=200_hits_1998_2002
8999,ENCODE,early_>=200_hits_1998_2002
9012,Homogeneous,early_>=200_hits_1998_2002
9041,NMDA receptor,early_>=200_hits_1998_2002
9059,Reinforcement,early_>=200_hits_1998_2002
9080,Event-related potential,early_>=200_hits_1998_2002
9111,Molding,early_>=200_hits_1998_2002
9134,Wetland,early_>=200_hits_1998_2002
9180,Hydrogen storage,early_>=200_hits_1998_2002
9182,Subtraction,early_>=200_hits_1998_2002
9183,Social capital,early_>=200_hits_1998_2002
9190,Informed consent,early_>=200_hits_1998_2002
9205,Photometry,early_>=200_hits_1998_2002
9214,Interleukin 8,early_>=200_hits_1998_2002
9264,Cultural studies,early_>=200_hits_1998_2002
9297,Electrolyte,early_>=200_hits_1998_2002
9311,Genetic variation,early_>=200_hits_1998_2002
9312,Mangrove,early_>=200_hits_1998_2002
9315,Adhesive,early_>=200_hits_1998_2002
9324,Directed mutagenesis,early_>=200_hits_1998_2002
9354,Chloroplast,early_>=200_hits_1998_2002
9358,Diffusion,early_>=200_hits_1998_2002
9369,Ground state,early_>=200_hits_1998_2002
9378,Far infrared,early_>=200_hits_1998_2002
9404,Refrigeration,early_>=200_hits_1998_2002
9416,Candidate gene,early_>=200_hits_1998_2002
9455,Oxygenation,early_>=200_hits_1998_2002
9477,Shock wave,early_>=200_hits_1998_2002
9523,The arts,early_>=200_hits_1998_2002
9537,Polyphenol,early_>=200_hits_1998_2002
9563,Jurisprudence,early_>=200_hits_1998_2002
9607,Quality management,early_>=200_hits_1998_2002
9608,Physical education,early_>=200_hits_1998_2002
9614,Ballistics,early_>=200_hits_1998_2002
9632,Heart rate variability,early_>=200_hits_1998_2002
9673,Impurity,early_>=200_hits_1998_2002
9716,SPHERES,early_>=200_hits_1998_2002
9732,Cohort,early_>=200_hits_1998_2002
9786,Discretization,early_>=200_hits_1998_2002
9818,Formalism,early_>=200_hits_1998_2002
9855,DNA replication,early_>=200_hits_1998_2002
9858,Neutron diffraction,early_>=200_hits_1998_2002
9862,Denitrification,early_>=200_hits_1998_2002
9877,Cenozoic,early_>=200_hits_1998_2002
9913,Single crystal,early_>=200_hits_1998_2002
9927,Radio frequency,early_>=200_hits_1998_2002
9931,Redistribution,early_>=200_hits_1998_2002
9946,Interleukin,early_>=200_hits_1998_2002
9948,Drug discovery,early_>=200_hits_1998_2002
9952,Nanowire,early_>=200_hits_1998_2002
9977,Fibroblast growth factor,early_>=200_hits_1998_2002
9989,Sea level,early_>=200_hits_1998_2002
10001,Excimer,early_>=200_hits_1998_2002
10004,Fungicide,early_>=200_hits_1998_2002
10030,Staining,early_>=200_hits_1998_2002
10032,Divalent,early_>=200_hits_1998_2002
10067,Dosimetry,early_>=200_hits_1998_2002
10097,Matrix-assisted laser desorption/ionization,early_>=200_hits_1998_2002
10101,Photonic crystal,early_>=200_hits_1998_2002
10137,Pascal,early_>=200_hits_1998_2002
10139,Aquifer,early_>=200_hits_1998_2002
10142,Assimilation,early_>=200_hits_1998_2002
10157,Typology,early_>=200_hits_1998_2002
10174,Carbon film,early_>=200_hits_1998_2002
10203,Groundwater,early_>=200_hits_1998_2002
10214,Gene polymorphism,early_>=200_hits_1998_2002
10228,Ribozyme,early_>=200_hits_1998_2002
10270,Propellant,early_>=200_hits_1998_2002
10280,East Asia,early_>=200_hits_1998_2002
10298,Hydrology,early_>=200_hits_1998_2002
10311,Mathematical model,early_>=200_hits_1998_2002
10329,Giant cell,early_>=200_hits_1998_2002
10385,Torsion,early_>=200_hits_1998_2002
10394,Electron diffraction,early_>=200_hits_1998_2002
10437,Tectonics,early_>=200_hits_1998_2002
10451,Differential equation,early_>=200_hits_1998_2002
10489,Aperture,early_>=200_hits_1998_2002
10500,Discriminant,early_>=200_hits_1998_2002
10523,E-commerce,early_>=200_hits_1998_2002
10527,Cohomology,early_>=200_hits_1998_2002
10540,Parenteral nutrition,early_>=200_hits_1998_2002
10548,Deregulation,early_>=200_hits_1998_2002
10604,Plasticity,early_>=200_hits_1998_2002
10629,Coral reef,early_>=200_hits_1998_2002
10667,Civics,early_>=200_hits_1998_2002
10689,Heterojunction,early_>=200_hits_1998_2002
10698,Intracellular,early_>=200_hits_1998_2002
10735,Acetylcholine receptor,early_>=200_hits_1998_2002
10755,Photosystem II,early_>=200_hits_1998_2002
10796,G protein,early_>=200_hits_1998_2002
10825,Vertex,early_>=200_hits_1998_2002
10833,Induction motor,early_>=200_hits_1998_2002
10855,Encapsulation,early_>=200_hits_1998_2002
10860,Complication,early_>=200_hits_1998_2002
10873,Transfer function,early_>=200_hits_1998_2002
10881,Globulin,early_>=200_hits_1998_2002
10891,Solid phase extraction,early_>=200_hits_1998_2002
10892,In situ hybridization,early_>=200_hits_1998_2002
10894,Priming,early_>=200_hits_1998_2002
10954,Cell culture,early_>=200_hits_1998_2002
10959,Genetic diversity,early_>=200_hits_1998_2002
11001,Real estate,early_>=200_hits_1998_2002
11011,Polymerase,early_>=200_hits_1998_2002
11044,Pollutant,early_>=200_hits_1998_2002
11070,Latency,early_>=200_hits_1998_2002
11087,Spin echo,early_>=200_hits_1998_2002
11125,Permian,early_>=200_hits_1998_2002
11130,Tunnel junction,early_>=200_hits_1998_2002
11133,Encephalitis,early_>=200_hits_1998_2002
11145,Croatian,early_>=200_hits_1998_2002
11147,Excitation,early_>=200_hits_1998_2002
11156,Chromatin,early_>=200_hits_1998_2002
11172,Potassium channel,early_>=200_hits_1998_2002
11188,Developing country,early_>=200_hits_1998_2002
11201,Reflex,early_>=200_hits_1998_2002
11227,Surface wave,early_>=200_hits_1998_2002
11246,Phenomenology,early_>=200_hits_1998_2002
11260,Blood pressure,early_>=200_hits_1998_2002
11265,Adhesion,early_>=200_hits_1998_2002
11267,Tubulin,early_>=200_hits_1998_2002
11284,Potential energy,early_>=200_hits_1998_2002
11290,Estrogen receptor,early_>=200_hits_1998_2002
11292,Heavy chain,early_>=200_hits_1998_2002
11312,Crustacean,early_>=200_hits_1998_2002
11362,Photoluminescence,early_>=200_hits_1998_2002
11405,Buckling,early_>=200_hits_1998_2002
11409,Calcium channel,early_>=200_hits_1998_2002
11436,Anisotropy,early_>=200_hits_1998_2002
11443,Cell adhesion,early_>=200_hits_1998_2002
11461,Phase diagram,early_>=200_hits_1998_2002
11475,Electronic structure,early_>=200_hits_1998_2002
11491,Outflow,early_>=200_hits_1998_2002
11509,Benchmarking,early_>=200_hits_1998_2002
11524,Transcription factor,early_>=200_hits_1998_2002
11539,Fibronectin,early_>=200_hits_1998_2002
11540,Property rights,early_>=200_hits_1998_2002
11560,Rhizosphere,early_>=200_hits_1998_2002
11590,Aquaculture,early_>=200_hits_1998_2002
11604,Power law,early_>=200_hits_1998_2002
11608,Embryogenesis,early_>=200_hits_1998_2002
11636,Fly ash,early_>=200_hits_1998_2002
11671,Ultrastructure,early_>=200_hits_1998_2002
11685,Microsome,early_>=200_hits_1998_2002
11686,Soliton,early_>=200_hits_1998_2002
11714,Information processing,early_>=200_hits_1998_2002
11727,Microstructure,early_>=200_hits_1998_2002
11739,Activator,early_>=200_hits_1998_2002
11746,Estuary,early_>=200_hits_1998_2002
11748,High voltage,early_>=200_hits_1998_2002
11783,Ribosome,early_>=200_hits_1998_2002
11804,Teaching method,early_>=200_hits_1998_2002
11846,Transition state,early_>=200_hits_1998_2002
11862,Statistic,early_>=200_hits_1998_2002
11902,Scaffold,early_>=200_hits_1998_2002
11915,User interface,early_>=200_hits_1998_2002
11924,Platelet,early_>=200_hits_1998_2002
11928,Segmentation,early_>=200_hits_1998_2002
11937,Radioactive waste,early_>=200_hits_1998_2002
11987,Polynomial,early_>=200_hits_1998_2002
11989,Phylogenetics,early_>=200_hits_1998_2002
12011,Fluid dynamics,early_>=200_hits_1998_2002
12061,Tissue culture,early_>=200_hits_1998_2002
12084,Leaching,early_>=200_hits_1998_2002
12101,Information Age,early_>=200_hits_1998_2002
12149,Ordovician,early_>=200_hits_1998_2002
12167,Optimal control,early_>=200_hits_1998_2002
12172,Volatility,early_>=200_hits_1998_2002
12211,Fluorescence,early_>=200_hits_1998_2002
12217,Methyltransferase,early_>=200_hits_1998_2002
12227,Neurotrophin,early_>=200_hits_1998_2002
12229,SUPERFAMILY,early_>=200_hits_1998_2002
12328,Nanocomposite,early_>=200_hits_1998_2002
12406,Foreign policy,early_>=200_hits_1998_2002
12422,Metadata,early_>=200_hits_1998_2002
12454,Partial differential equation,early_>=200_hits_1998_2002
12464,Electron microscope,early_>=200_hits_1998_2002
12495,Wastewater,early_>=200_hits_1998_2002
12504,Categorization,early_>=200_hits_1998_2002
12524,Slurry,early_>=200_hits_1998_2002
12535,Hydrolysis,early_>=200_hits_1998_2002
12558,Telomerase,early_>=200_hits_1998_2002
12570,Antibiotic resistance,early_>=200_hits_1998_2002
12571,Intron,early_>=200_hits_1998_2002
12634,Meta-analysis,early_>=200_hits_1998_2002
12657,DNA microarray,early_>=200_hits_1998_2002
12683,Classifier,early_>=200_hits_1998_2002
12728,Inductively coupled plasma,early_>=200_hits_1998_2002
12733,Quantitative analysis,early_>=200_hits_1998_2002
12748,Unification,early_>=200_hits_1998_2002
12761,Cancer cell,early_>=200_hits_1998_2002
12764,Estimation,early_>=200_hits_1998_2002
12796,Space time,early_>=200_hits_1998_2002
12814,Forging,early_>=200_hits_1998_2002
12831,Dilution,early_>=200_hits_1998_2002
12877,Protein kinase A,early_>=200_hits_1998_2002
12883,Water supply,early_>=200_hits_1998_2002
12894,Resonator,early_>=200_hits_1998_2002
12896,Integer,early_>=200_hits_1998_2002
12918,Drug interaction,early_>=200_hits_1998_2002
12923,Thermal conductivity,early_>=200_hits_1998_2002
12938,Fractionation,early_>=200_hits_1998_2002
12949,Contingency,early_>=200_hits_1998_2002
12952,Energetics,early_>=200_hits_1998_2002
12959,Fracture toughness,early_>=200_hits_1998_2002
13082,Caspase,early_>=200_hits_1998_2002
13119,Markov chain,early_>=200_hits_1998_2002
13145,Time of flight,early_>=200_hits_1998_2002
13225,Toughness,early_>=200_hits_1998_2002
13226,Duplex,early_>=200_hits_1998_2002
13285,Wind tunnel,early_>=200_hits_1998_2002
13331,Etching,early_>=200_hits_1998_2002
13348,Boreal,early_>=200_hits_1998_2002
13349,Fermentation,early_>=200_hits_1998_2002
13366,Germination,early_>=200_hits_1998_2002
13391,Polysaccharide,early_>=200_hits_1998_2002
13530,Dissemination,early_>=200_hits_1998_2002
13576,Occupational therapy,early_>=200_hits_1998_2002
13583,Transgene,early_>=200_hits_1998_2002
13624,Fourier transform,early_>=200_hits_1998_2002
13633,Follicle,early_>=200_hits_1998_2002
13635,Criminal justice,early_>=200_hits_1998_2002
13642,Scintillation,early_>=200_hits_1998_2002
13645,Therapeutic effect,early_>=200_hits_1998_2002
13675,Dissociation,early_>=200_hits_1998_2002
13680,Atomic force microscopy,early_>=200_hits_1998_2002
13794,Air conditioning,early_>=200_hits_1998_2002
13809,Time domain,early_>=200_hits_1998_2002
13827,Neutron scattering,early_>=200_hits_1998_2002
13830,Cohesion,early_>=200_hits_1998_2002
13838,Network model,early_>=200_hits_1998_2002
13858,Signal processing,early_>=200_hits_1998_2002
13863,Durability,early_>=200_hits_1998_2002
13880,Proteome,early_>=200_hits_1998_2002
13889,Bioassay,early_>=200_hits_1998_2002
13939,Low frequency,early_>=200_hits_1998_2002
13986,Comparative genomics,early_>=200_hits_1998_2002
13995,Molecular sieve,early_>=200_hits_1998_2002
14012,Superlattice,early_>=200_hits_1998_2002
14023,Nutrient management,early_>=200_hits_1998_2002
14042,Messenger RNA,early_>=200_hits_1998_2002
14045,Dichroism,early_>=200_hits_1998_2002
14080,Airway,early_>=200_hits_1998_2002
14124,Ion trap,early_>=200_hits_1998_2002
14125,Entropy,early_>=200_hits_1998_2002
14145,Quality assurance,early_>=200_hits_1998_2002
14146,Energy transfer,early_>=200_hits_1998_2002
14173,Transition metal,early_>=200_hits_1998_2002
14204,Self-organization,early_>=200_hits_1998_2002
14228,Epidemiology,early_>=200_hits_1998_2002
14252,Decision support system,early_>=200_hits_1998_2002
14255,Surface roughness,early_>=200_hits_1998_2002
14270,Adaptive control,early_>=200_hits_1998_2002
14295,Human resources,early_>=200_hits_1998_2002
14306,Heat exchanger,early_>=200_hits_1998_2002
14319,Solid-state,early_>=200_hits_1998_2002
14321,Binding site,early_>=200_hits_1998_2002
14324,Devonian,early_>=200_hits_1998_2002
14364,Adduct,early_>=200_hits_1998_2002
14369,Prodrug,early_>=200_hits_1998_2002
14400,Solar wind,early_>=200_hits_1998_2002
14426,Reflectivity,early_>=200_hits_1998_2002
14434,Glycoprotein,early_>=200_hits_1998_2002
14446,Supply chain,early_>=200_hits_1998_2002
14524,Stratigraphy,early_>=200_hits_1998_2002
14529,Cytotoxicity,early_>=200_hits_1998_2002
14553,Matrix metalloproteinase,early_>=200_hits_1998_2002
14590,Millimeter,early_>=200_hits_1998_2002
14594,Germline,early_>=200_hits_1998_2002
14614,Public policy,early_>=200_hits_1998_2002
14637,Self-efficacy,early_>=200_hits_1998_2002
14666,The Holocaust,early_>=200_hits_1998_2002
14667,Pulsar,early_>=200_hits_1998_2002
14673,Inertia,early_>=200_hits_1998_2002
14703,Pendulum,early_>=200_hits_1998_2002
14714,Epitaxy,early_>=200_hits_1998_2002
14726,The Internet,early_>=200_hits_1998_2002
14727,Plasmon,early_>=200_hits_1998_2002
14760,Pharmacodynamics,early_>=200_hits_1998_2002
14793,Cosmic ray,early_>=200_hits_1998_2002
14796,Irradiation,early_>=200_hits_1998_2002
14813,Chemical shift,early_>=200_hits_1998_2002
14835,Boundary layer,early_>=200_hits_1998_2002
14850,Mineralization,early_>=200_hits_1998_2002
14878,Impact assessment,early_>=200_hits_1998_2002
14885,Enhancer,early_>=200_hits_1998_2002
14893,Radical polymerization,early_>=200_hits_1998_2002
14961,Heterosis,early_>=200_hits_1998_2002
14972,Pharmacokinetics,early_>=200_hits_1998_2002
14992,Hydrogen bond,early_>=200_hits_1998_2002
15010,Fluvial,early_>=200_hits_1998_2002
15057,Neurite,early_>=200_hits_1998_2002
15092,Globular cluster,early_>=200_hits_1998_2002
15109,Transmission system,early_>=200_hits_1998_2002
15142,Health education,early_>=200_hits_1998_2002
15160,Foreign language,early_>=200_hits_1998_2002
15184,Carcinogen,early_>=200_hits_1998_2002
15250,Drug resistance,early_>=200_hits_1998_2002
15303,Magnetic field,early_>=200_hits_1998_2002
15340,Surface modification,early_>=200_hits_1998_2002
15341,Biomass,early_>=200_hits_1998_2002
15347,Crystal structure,early_>=200_hits_1998_2002
15365,Fouling,early_>=200_hits_1998_2002
15389,Langmuir,early_>=200_hits_1998_2002
15407,Biological activity,early_>=200_hits_1998_2002
15409,Gel electrophoresis,early_>=200_hits_1998_2002
15416,Whiskers,early_>=200_hits_1998_2002
15447,Ionosphere,early_>=200_hits_1998_2002
15454,Tokamak,early_>=200_hits_1998_2002
15460,Ligand,early_>=200_hits_1998_2002
15476,Supersymmetry,early_>=200_hits_1998_2002
15585,Electrostatics,early_>=200_hits_1998_2002
15604,Ion exchange,early_>=200_hits_1998_2002
15630,Magnetoresistance,early_>=200_hits_1998_2002
15642,Insertion,early_>=200_hits_1998_2002
15649,Transforming growth factor,early_>=200_hits_1998_2002
15668,Neuropeptide,early_>=200_hits_1998_2002
15687,Supercritical fluid,early_>=200_hits_1998_2002
15704,Instrumentation,early_>=200_hits_1998_2002
15737,Tumor necrosis factors,early_>=200_hits_1998_2002
15739,Selectivity,early_>=200_hits_1998_2002
15764,One-pot synthesis,early_>=200_hits_1998_2002
15802,Acetylation,early_>=200_hits_1998_2002
15813,First principle,early_>=200_hits_1998_2002
15830,Polyester,early_>=200_hits_1998_2002
15879,Isozyme,early_>=200_hits_1998_2002
15884,Absorption spectroscopy,early_>=200_hits_1998_2002
15896,Dehydrogenation,early_>=200_hits_1998_2002
15913,Dopamine receptor,early_>=200_hits_1998_2002
15914,Cyclin,early_>=200_hits_1998_2002
15926,Lichen,early_>=200_hits_1998_2002
15968,Light scattering,early_>=200_hits_1998_2002
16026,Permeability,early_>=200_hits_1998_2002
16029,Higher education,early_>=200_hits_1998_2002
16047,Information technology,early_>=200_hits_1998_2002
16051,Cloning,early_>=200_hits_1998_2002
16055,Moduli,early_>=200_hits_1998_2002
16069,Random walk,early_>=200_hits_1998_2002
16103,Circadian rhythm,early_>=200_hits_1998_2002
16144,Quenching,early_>=200_hits_1998_2002
16145,Reproductive health,early_>=200_hits_1998_2002
16157,Elasticity,early_>=200_hits_1998_2002
16167,Conductance,early_>=200_hits_1998_2002
16217,Decision-making,early_>=200_hits_1998_2002
16275,Glass transition,early_>=200_hits_1998_2002
16305,Modulation,early_>=200_hits_1998_2002
16331,Psychopathology,early_>=200_hits_1998_2002
16334,Hysteresis,early_>=200_hits_1998_2002
16357,Gas chromatography,early_>=200_hits_1998_2002
16368,Calcareous,early_>=200_hits_1998_2002
16371,Biogeography,early_>=200_hits_1998_2002
16376,Policy analysis,early_>=200_hits_1998_2002
16385,Microstrip,early_>=200_hits_1998_2002
16386,Electron transfer,early_>=200_hits_1998_2002
16399,Interconnection,early_>=200_hits_1998_2002
16402,Spermatogenesis,early_>=200_hits_1998_2002
16417,Fusion protein,early_>=200_hits_1998_2002
16463,Abstraction,early_>=200_hits_1998_2002
16466,Cyclin-dependent kinase,early_>=200_hits_1998_2002
16472,Phosphor,early_>=200_hits_1998_2002
16491,Multiplier,early_>=200_hits_1998_2002
16500,Quantum dot,early_>=200_hits_1998_2002
16503,Chirality,early_>=200_hits_1998_2002
16505,Decomposition,early_>=200_hits_1998_2002
16582,Cell wall,early_>=200_hits_1998_2002
16597,Stressor,early_>=200_hits_1998_2002
16604,Encoding,early_>=200_hits_1998_2002
16616,Electron density,early_>=200_hits_1998_2002
16659,Star formation,early_>=200_hits_1998_2002
16724,Monetary policy,early_>=200_hits_1998_2002
16742,Imitation,early_>=200_hits_1998_2002
16769,Isomerization,early_>=200_hits_1998_2002
16813,Peroxisome,early_>=200_hits_1998_2002
16824,Viscosity,early_>=200_hits_1998_2002
16846,Synapse,early_>=200_hits_1998_2002
16865,Supernova,early_>=200_hits_1998_2002
16875,Heuristics,early_>=200_hits_1998_2002
16877,Phenotype,early_>=200_hits_1998_2002
16907,Harmonic,early_>=200_hits_1998_2002
16981,Information management,early_>=200_hits_1998_2002
16982,Filtration,early_>=200_hits_1998_2002
16995,Low voltage,early_>=200_hits_1998_2002
17050,Rural area,early_>=200_hits_1998_2002
17083,Oligonucleotide,early_>=200_hits_1998_2002
17089,Prognostics,early_>=200_hits_1998_2002
17097,Thermal analysis,early_>=200_hits_1998_2002
17104,Salinity,early_>=200_hits_1998_2002
17113,Welfare state,early_>=200_hits_1998_2002
17149,Tierra,early_>=200_hits_1998_2002
17199,Spacetime,early_>=200_hits_1998_2002
17205,Biodiversity,early_>=200_hits_1998_2002
17216,Vesicle,early_>=200_hits_1998_2002
17239,Magnetosphere,early_>=200_hits_1998_2002
17263,Meteorite,early_>=200_hits_1998_2002
17280,Hamiltonian,early_>=200_hits_1998_2002
17295,Cuprate,early_>=200_hits_1998_2002
17312,Rangeland,early_>=200_hits_1998_2002
17380,Conductivity,early_>=200_hits_1998_2002
17384,Coupling,early_>=200_hits_1998_2002
17387,Self-assembled monolayer,early_>=200_hits_1998_2002
17438,Methacrylate,early_>=200_hits_1998_2002
17442,Microcomputer,early_>=200_hits_1998_2002
17451,Mitogen-activated protein kinase,early_>=200_hits_1998_2002
17467,Green's function,early_>=200_hits_1998_2002
17474,Response element,early_>=200_hits_1998_2002
17477,Cyclotron resonance,early_>=200_hits_1998_2002
17485,Test method,early_>=200_hits_1998_2002
17499,Climate change,early_>=200_hits_1998_2002
17538,Banach space,early_>=200_hits_1998_2002
17540,Curing,early_>=200_hits_1998_2002
17549,Community structure,early_>=200_hits_1998_2002
17567,Phase change,early_>=200_hits_1998_2002
17584,Dielectric,early_>=200_hits_1998_2002
17591,Data collection,early_>=200_hits_1998_2002
17609,Circular dichroism,early_>=200_hits_1998_2002
17637,Vasoactive,early_>=200_hits_1998_2002
17681,Hall effect,early_>=200_hits_1998_2002
17721,Mental health,early_>=200_hits_1998_2002
17736,Supercritical carbon dioxide,early_>=200_hits_1998_2002
17748,Wetting,early_>=200_hits_1998_2002
17781,Reductase,early_>=200_hits_1998_2002
17785,Intercellular adhesion molecule,early_>=200_hits_1998_2002
17800,Planar,early_>=200_hits_1998_2002
17820,DNA repair,early_>=200_hits_1998_2002
17830,Quasar,early_>=200_hits_1998_2002
17841,Injector,early_>=200_hits_1998_2002
17847,Inverse problem,early_>=200_hits_1998_2002
17849,G protein-coupled receptor,early_>=200_hits_1998_2002
17862,Dissipation,early_>=200_hits_1998_2002
17893,Finite element method,early_>=200_hits_1998_2002
17920,Genotype,early_>=200_hits_1998_2002
17921,Shear flow,early_>=200_hits_1998_2002
17925,Actinide,early_>=200_hits_1998_2002
17949,Triangulation,early_>=200_hits_1998_2002
17950,Gene delivery,early_>=200_hits_1998_2002
17957,Confocal,early_>=200_hits_1998_2002
18036,Fabrication,early_>=200_hits_1998_2002
18059,Surface plasmon,early_>=200_hits_1998_2002
18087,Normalization,early_>=200_hits_1998_2002
18088,Sea ice,early_>=200_hits_1998_2002
18096,Soft tissue,early_>=200_hits_1998_2002
18106,Monsoon,early_>=200_hits_1998_2002
18115,Peripheral blood mononuclear cell,early_>=200_hits_1998_2002
18130,Dopaminergic,early_>=200_hits_1998_2002
18156,World War II,early_>=200_hits_1998_2002
18190,Phonetics,early_>=200_hits_1998_2002
18198,Etiology,early_>=200_hits_1998_2002
18220,Cell migration,early_>=200_hits_1998_2002
18231,Interpolation,early_>=200_hits_1998_2002
18238,Intercalation,early_>=200_hits_1998_2002
18261,Heat shock,early_>=200_hits_1998_2002
18281,Polishing,early_>=200_hits_1998_2002
18308,Peer review,early_>=200_hits_1998_2002
18350,Public health,early_>=200_hits_1998_2002
18353,Data processing,early_>=200_hits_1998_2002
18361,Design methods,early_>=200_hits_1998_2002
18383,Solid solution,early_>=200_hits_1998_2002
18388,Financial services,early_>=200_hits_1998_2002
18426,Molecular orbital,early_>=200_hits_1998_2002
18479,Internalization,early_>=200_hits_1998_2002
18532,Damper,early_>=200_hits_1998_2002
18547,Carbon fibers,early_>=200_hits_1998_2002
18559,Holocene,early_>=200_hits_1998_2002
18583,Review article,early_>=200_hits_1998_2002
18590,Full scale,early_>=200_hits_1998_2002
18611,Service quality,early_>=200_hits_1998_2002
18614,Vortex,early_>=200_hits_1998_2002
18674,Cantilever,early_>=200_hits_1998_2002
18700,Performance measurement,early_>=200_hits_1998_2002
18760,Respiratory distress,early_>=200_hits_1998_2002
18769,Cross-sectional study,early_>=200_hits_1998_2002
18812,Refractory,early_>=200_hits_1998_2002
18832,Reticulum,early_>=200_hits_1998_2002
18839,Green fluorescent protein,early_>=200_hits_1998_2002
18848,Cytoskeleton,early_>=200_hits_1998_2002
18900,Middle Ages,early_>=200_hits_1998_2002
18918,Attribution,early_>=200_hits_1998_2002
18930,Magnetic resonance imaging,early_>=200_hits_1998_2002
18931,DNA damage,early_>=200_hits_1998_2002
18993,Burnout,early_>=200_hits_1998_2002
19040,Two-phase flow,early_>=200_hits_1998_2002
19084,Membrane protein,early_>=200_hits_1998_2002
19103,Velocimetry,early_>=200_hits_1998_2002
19136,Embryonic stem cell,early_>=200_hits_1998_2002
19189,Field-effect transistor,early_>=200_hits_1998_2002
19222,Chemiluminescence,early_>=200_hits_1998_2002
19256,Transmission electron microscopy,early_>=200_hits_1998_2002
19279,Fixation,early_>=200_hits_1998_2002
19283,Case-control study,early_>=200_hits_1998_2002
19312,Resorption,early_>=200_hits_1998_2002
19315,Facies,early_>=200_hits_1998_2002
19325,Enantioselective synthesis,early_>=200_hits_1998_2002
19368,Perfusion,early_>=200_hits_1998_2002
19384,Microscopy,early_>=200_hits_1998_2002
19392,Fine structure,early_>=200_hits_1998_2002
19405,Weed control,early_>=200_hits_1998_2002
19432,Effluent,early_>=200_hits_1998_2002
19434,Antigen,early_>=200_hits_1998_2002
19445,Water vapor,early_>=200_hits_1998_2002
19450,Body weight,early_>=200_hits_1998_2002
19483,Public sector,early_>=200_hits_1998_2002
19488,Topoisomerase,early_>=200_hits_1998_2002
19502,Glycation,early_>=200_hits_1998_2002
19514,Solvation,early_>=200_hits_1998_2002
19558,Authentication,early_>=200_hits_1998_2002
19591,Sterilization,early_>=200_hits_1998_2002
19608,Luminescence,early_>=200_hits_1998_2002
19612,Kinetics,early_>=200_hits_1998_2002
19618,Transporter,early_>=200_hits_1998_2002
19639,Water use,early_>=200_hits_1998_2002
19649,Phase transition,early_>=200_hits_1998_2002
19653,Ambulatory blood pressure,early_>=200_hits_1998_2002
19657,Strain rate,early_>=200_hits_1998_2002
19664,Cadherin,early_>=200_hits_1998_2002
19680,Interleukin 12,early_>=200_hits_1998_2002
19692,Endothelin 1,early_>=200_hits_1998_2002
19708,Polymorphism,early_>=200_hits_1998_2002
19724,Chemical composition,early_>=200_hits_1998_2002
19778,Gene expression,early_>=200_hits_1998_2002
19805,Adsorption,early_>=200_hits_1998_2002
19827,Borehole,early_>=200_hits_1998_2002
19850,Charge density,early_>=200_hits_1998_2002
19851,Social studies,early_>=200_hits_1998_2002
19885,Psychosocial,early_>=200_hits_1998_2002
19899,Quantum wire,early_>=200_hits_1998_2002
19941,Time series,early_>=200_hits_1998_2002
20044,The Republic,early_>=200_hits_1998_2002
20052,Collider,early_>=200_hits_1998_2002
20064,Density functional theory,early_>=200_hits_1998_2002
20093,Neutron,early_>=200_hits_1998_2002
20129,Regression analysis,early_>=200_hits_1998_2002
20158,Eye movement,early_>=200_hits_1998_2002
20173,Pattern recognition,early_>=200_hits_1998_2002
20180,Single-nucleotide polymorphism,early_>=200_hits_1998_2002
20196,Polyelectrolyte,early_>=200_hits_1998_2002
20202,Infiltration,early_>=200_hits_1998_2002
20213,Channel blocker,early_>=200_hits_1998_2002
20236,Infrared spectroscopy,early_>=200_hits_1998_2002
20258,Water resources,early_>=200_hits_1998_2002
20269,Metathesis,early_>=200_hits_1998_2002
20296,Baryon,early_>=200_hits_1998_2002
20397,Ionic liquid,early_>=200_hits_1998_2002
20414,Perovskite,early_>=200_hits_1998_2002
20452,Tensor,early_>=200_hits_1998_2002
20468,Process control,early_>=200_hits_1998_2002
20490,Solubility,early_>=200_hits_1998_2002
20493,Selectin,early_>=200_hits_1998_2002
20503,Nanoparticle,early_>=200_hits_1998_2002
20506,Floodplain,early_>=200_hits_1998_2002
20556,Multiplicity,early_>=200_hits_1998_2002
20580,Plant cell,early_>=200_hits_1998_2002
20594,Enumeration,early_>=200_hits_1998_2002
20638,Recombination,early_>=200_hits_1998_2002
20639,Mobilization,early_>=200_hits_1998_2002
20640,Reverse transcriptase,early_>=200_hits_1998_2002
20685,Biodegradation,early_>=200_hits_1998_2002
20762,Postharvest,early_>=200_hits_1998_2002
20772,Throughput,early_>=200_hits_1998_2002
20773,Cerebral blood flow,early_>=200_hits_1998_2002
20777,Intrathecal,early_>=200_hits_1998_2002
20814,Gap junction,early_>=200_hits_1998_2002
20826,Intrusion,early_>=200_hits_1998_2002
20847,Repressor,early_>=200_hits_1998_2002
20849,Adrenergic,early_>=200_hits_1998_2002
20890,Endoplasmic reticulum,early_>=200_hits_1998_2002
20892,Nonlinear system,early_>=200_hits_1998_2002
20907,Metropolitan area,early_>=200_hits_1998_2002
20909,Photoionization,early_>=200_hits_1998_2002
20919,Zooplankton,early_>=200_hits_1998_2002
20922,Blood flow,early_>=200_hits_1998_2002
20925,Latin Americans,early_>=200_hits_1998_2002
20937,Radionuclide,early_>=200_hits_1998_2002
20954,Bond strength,early_>=200_hits_1998_2002
20957,Resection,early_>=200_hits_1998_2002
20958,Dislocation,early_>=200_hits_1998_2002
20964,Heat flux,early_>=200_hits_1998_2002
20973,Dark matter,early_>=200_hits_1998_2002
20977,Photon,early_>=200_hits_1998_2002
21015,Renal function,early_>=200_hits_1998_2002
21016,Antibody,early_>=200_hits_1998_2002
21034,Soil water,early_>=200_hits_1998_2002
21040,Differentiation,early_>=200_hits_1998_2002
21073,Embryo transfer,early_>=200_hits_1998_2002
21087,Alkaline phosphatase,early_>=200_hits_1998_2002
21105,Rigidity,early_>=200_hits_1998_2002
21115,Thermal decomposition,early_>=200_hits_1998_2002
21120,Phagocytosis,early_>=200_hits_1998_2002
21123,Quaternary,early_>=200_hits_1998_2002
21133,Neurotrophic factors,early_>=200_hits_1998_2002
21145,Health care,early_>=200_hits_1998_2002
21146,Biosensor,early_>=200_hits_1998_2002
21149,Massif,early_>=200_hits_1998_2002
21205,Pesticide,early_>=200_hits_1998_2002
21236,Derecho,early_>=200_hits_1998_2002
21240,Basalt,early_>=200_hits_1998_2002
21256,Small molecule,early_>=200_hits_1998_2002
21279,Catalysis,early_>=200_hits_1998_2002
21290,Heritability,early_>=200_hits_1998_2002
21301,Working group,early_>=200_hits_1998_2002
21310,Peroxidase,early_>=200_hits_1998_2002
21342,X-ray fluorescence,early_>=200_hits_1998_2002
21367,Mass spectrometry,early_>=200_hits_1998_2002
21410,Knowledge economy,early_>=200_hits_1998_2002
21412,Desorption,early_>=200_hits_1998_2002
21437,Fullerene,early_>=200_hits_1998_2002
21476,Electrolysis,early_>=200_hits_1998_2002
21482,Linear model,early_>=200_hits_1998_2002
21492,Natural history,early_>=200_hits_1998_2002
21509,Contraction,early_>=200_hits_1998_2002
21513,Effusion,early_>=200_hits_1998_2002
21514,Primary health care,early_>=200_hits_1998_2002
21534,Controlled release,early_>=200_hits_1998_2002
21549,Gaussian,early_>=200_hits_1998_2002
21550,Tomography,early_>=200_hits_1998_2002
21556,Autoantibody,early_>=200_hits_1998_2002
21570,Monoclonal,early_>=200_hits_1998_2002
21591,Data acquisition,early_>=200_hits_1998_2002
21632,Diaphragm,early_>=200_hits_1998_2002
21633,Isotope,early_>=200_hits_1998_2002
21638,Alkylation,early_>=200_hits_1998_2002
21642,Attractor,early_>=200_hits_1998_2002
21673,Piecewise,early_>=200_hits_1998_2002
21728,Biomimetics,early_>=200_hits_1998_2002
21763,Foraging,early_>=200_hits_1998_2002
21792,Oxygenase,early_>=200_hits_1998_2002
21798,Homology,early_>=200_hits_1998_2002
21807,Serum albumin,early_>=200_hits_1998_2002
21842,Calibration,early_>=200_hits_1998_2002
21872,Empirical evidence,early_>=200_hits_1998_2002
21883,Renormalization,early_>=200_hits_1998_2002
21884,Planck,early_>=200_hits_1998_2002
21947,Interferometry,early_>=200_hits_1998_2002
21948,Flow velocity,early_>=200_hits_1998_2002
21974,Infection control,early_>=200_hits_1998_2002
21980,Monomer,early_>=200_hits_1998_2002
22025,Flue gas,early_>=200_hits_1998_2002
22048,Modeling and simulation,early_>=200_hits_1998_2002
22102,Femtosecond,early_>=200_hits_1998_2002
22117,Cathepsin,early_>=200_hits_1998_2002
22157,Stereotype,early_>=200_hits_1998_2002
22160,Bioreactor,early_>=200_hits_1998_2002
22163,Pollination,early_>=200_hits_1998_2002
22167,GABAA receptor,early_>=200_hits_1998_2002
22207,Randomized controlled trial,early_>=200_hits_1998_2002
22216,Cross-cultural,early_>=200_hits_1998_2002
22226,Sowing,early_>=200_hits_1998_2002
22245,Valence,early_>=200_hits_1998_2002
22251,Chain reaction,early_>=200_hits_1998_2002
22316,Human rights,early_>=200_hits_1998_2002
22336,Raman scattering,early_>=200_hits_1998_2002
22383,Cognition,early_>=200_hits_1998_2002
22389,Hydraulics,early_>=200_hits_1998_2002
22411,Usability,early_>=200_hits_1998_2002
22471,MHC class I,early_>=200_hits_1998_2002
22479,Biomechanics,early_>=200_hits_1998_2002
22494,Amylase,early_>=200_hits_1998_2002
22528,Adipose tissue,early_>=200_hits_1998_2002
22592,Halide,early_>=200_hits_1998_2002
22595,Psychometrics,early_>=200_hits_1998_2002
22597,Cerebral arteries,early_>=200_hits_1998_2002
22602,Magneto,early_>=200_hits_1998_2002
22640,Free surface,early_>=200_hits_1998_2002
22700,Ripening,early_>=200_hits_1998_2002
22703,Transistor,early_>=200_hits_1998_2002
22746,Nucleon,early_>=200_hits_1998_2002
22747,Actuator,early_>=200_hits_1998_2002
22756,Genetic variability,early_>=200_hits_1998_2002
22850,Dipole,early_>=200_hits_1998_2002
22868,Digital divide,early_>=200_hits_1998_2002
22880,Protoplast,early_>=200_hits_1998_2002
22886,Heuristic,early_>=200_hits_1998_2002
22898,Three-phase,early_>=200_hits_1998_2002
22951,Perturbation theory,early_>=200_hits_1998_2002
22966,Bridging,early_>=200_hits_1998_2002
22975,Cytogenetics,early_>=200_hits_1998_2002
22991,Acoustic emission,early_>=200_hits_1998_2002
23011,Penicillin,early_>=200_hits_1998_2002
23038,Interest rate,early_>=200_hits_1998_2002
23052,Cleavage,early_>=200_hits_1998_2002
23053,Prospecting,early_>=200_hits_1998_2002
23083,Presenilin,early_>=200_hits_1998_2002
23115,Microorganism,early_>=200_hits_1998_2002
23150,Data analysis,early_>=200_hits_1998_2002
23157,Nanocrystal,early_>=200_hits_1998_2002
23190,Sensitivity analysis,early_>=200_hits_1998_2002
23253,Light-emitting diode,early_>=200_hits_1998_2002
23293,Point mutation,early_>=200_hits_1998_2002
23317,Generalization,early_>=200_hits_1998_2002
23323,Workflow,early_>=200_hits_1998_2002
23325,Galileo,early_>=200_hits_1998_2002
23347,Telomere,early_>=200_hits_1998_2002
23366,Dispersion,early_>=200_hits_1998_2002
23405,Chemical reaction,early_>=200_hits_1998_2002
23425,Perturbation,early_>=200_hits_1998_2002
23547,Covariance,early_>=200_hits_1998_2002
23550,Phosphatase,early_>=200_hits_1998_2002
23568,Hemodynamics,early_>=200_hits_1998_2002
23574,Nucleophile,early_>=200_hits_1998_2002
23603,Whisker,early_>=200_hits_1998_2002
23620,Suppressor,early_>=200_hits_1998_2002
23654,Ligation,early_>=200_hits_1998_2002
23655,Ethnography,early_>=200_hits_1998_2002
23679,Small cell,early_>=200_hits_1998_2002
23680,Sentinel node,early_>=200_hits_1998_2002
23693,Cryogenics,early_>=200_hits_1998_2002
23717,Cryopreservation,early_>=200_hits_1998_2002
23724,High-performance liquid chromatography,early_>=200_hits_1998_2002
23728,Inoculation,early_>=200_hits_1998_2002
23743,Shrinkage,early_>=200_hits_1998_2002
23749,Information system,early_>=200_hits_1998_2002
23750,Amplitude,early_>=200_hits_1998_2002
23755,Langmuir–Blodgett film,early_>=200_hits_1998_2002
23819,Allele,early_>=200_hits_1998_2002
23843,Diversification,early_>=200_hits_1998_2002
23897,Finite difference,early_>=200_hits_1998_2002
23904,Bioavailability,early_>=200_hits_1998_2002
23912,Excited state,early_>=200_hits_1998_2002
23913,Chronology,early_>=200_hits_1998_2002
23930,Domain wall,early_>=200_hits_1998_2002
23943,Gauge theory,early_>=200_hits_1998_2002
23962,Band gap,early_>=200_hits_1998_2002
23975,Blight,early_>=200_hits_1998_2002
23995,Respiration,early_>=200_hits_1998_2002
23996,Proteases,early_>=200_hits_1998_2002
24003,Binary system,early_>=200_hits_1998_2002
24005,Boundary value problem,early_>=200_hits_1998_2002
24032,Technical report,early_>=200_hits_1998_2002
24066,Metaphysics,early_>=200_hits_1998_2002
24180,Photosynthesis,early_>=200_hits_1998_2002
24193,Factorial,early_>=200_hits_1998_2002
24255,Kinase,early_>=200_hits_1998_2002
24264,Semantics,early_>=200_hits_1998_2002
24265,Best practice,early_>=200_hits_1998_2002
24300,Lubrication,early_>=200_hits_1998_2002
24302,Aqueous solution,early_>=200_hits_1998_2002
24303,Attenuation,early_>=200_hits_1998_2002
24312,Topology,early_>=200_hits_1998_2002
24326,Titration,early_>=200_hits_1998_2002
24341,Separator,early_>=200_hits_1998_2002
24347,Powder diffraction,early_>=200_hits_1998_2002
24358,Liposome,early_>=200_hits_1998_2002
24385,Estimator,early_>=200_hits_1998_2002
24402,Health promotion,early_>=200_hits_1998_2002
24442,ICAM-1,early_>=200_hits_1998_2002
24470,Nanostructure,early_>=200_hits_1998_2002
24483,Landslide,early_>=200_hits_1998_2002
24495,Optimal design,early_>=200_hits_1998_2002
24509,Neutrino,early_>=200_hits_1998_2002
24530,Distribution function,early_>=200_hits_1998_2002
24550,Tissue factor,early_>=200_hits_1998_2002
24562,Orient,early_>=200_hits_1998_2002
24569,Microarray,early_>=200_hits_1998_2002
24624,Profiling,early_>=200_hits_1998_2002
24633,Field theory,early_>=200_hits_1998_2002
24637,Interleukin 10,early_>=200_hits_1998_2002
24641,Peroxisome proliferator-activated receptor,early_>=200_hits_1998_2002
24650,Polymer blend,early_>=200_hits_1998_2002
24671,Particle size,early_>=200_hits_1998_2002
24675,Holography,early_>=200_hits_1998_2002
24712,Factorization,early_>=200_hits_1998_2002
24750,Bioethics,early_>=200_hits_1998_2002
24751,Standardization,early_>=200_hits_1998_2002
24773,Ion source,early_>=200_hits_1998_2002
24799,Predation,early_>=200_hits_1998_2002
24805,Harmonics,early_>=200_hits_1998_2002
24860,Traditional Chinese medicine,early_>=200_hits_1998_2002
24871,Cell type,early_>=200_hits_1998_2002
24889,Extracellular matrix,early_>=200_hits_1998_2002
24897,Genomics,early_>=200_hits_1998_2002
24956,Systematic review,early_>=200_hits_1998_2002
24986,Microsphere,early_>=200_hits_1998_2002
25009,Microemulsion,early_>=200_hits_1998_2002
25028,Qualitative research,early_>=200_hits_1998_2002
25032,Apoptosis,early_>=200_hits_1998_2002
25034,Gravitational wave,early_>=200_hits_1998_2002
25044,Polyamide,early_>=200_hits_1998_2002
25046,Decoction,early_>=200_hits_1998_2002
25054,Invariant,early_>=200_hits_1998_2002
25093,Polygon,early_>=200_hits_1998_2002
25138,Water treatment,early_>=200_hits_1998_2002
25144,Fragmentation,early_>=200_hits_1998_2002
25186,Hebrews,early_>=200_hits_1998_2002
25212,Scattering,early_>=200_hits_1998_2002
25233,Informatics,early_>=200_hits_1998_2002
25246,Interleukin 4,early_>=200_hits_1998_2002
25255,Liquefaction,early_>=200_hits_1998_2002
25260,High tech,early_>=200_hits_1998_2002
25265,Dopant,early_>=200_hits_1998_2002
25268,A-DNA,early_>=200_hits_1998_2002
25293,Bilayer,early_>=200_hits_1998_2002
25297,Grain size,early_>=200_hits_1998_2002
25336,Chromophore,early_>=200_hits_1998_2002
25386,Neutron star,early_>=200_hits_1998_2002
25395,Stratification,early_>=200_hits_1998_2002
25405,Structure–activity relationship,early_>=200_hits_1998_2002
25425,Caco-2,early_>=200_hits_1998_2002
25434,Ingestion,early_>=200_hits_1998_2002
25451,Human body,early_>=200_hits_1998_2002
25489,Acylation,early_>=200_hits_1998_2002
25494,CD-ROM,early_>=200_hits_1998_2002
25533,Modulus,early_>=200_hits_1998_2002
25585,Optical fiber,early_>=200_hits_1998_2002
25588,Amplifier,early_>=200_hits_1998_2002
25608,Electrospray,early_>=200_hits_1998_2002
25622,Gating,early_>=200_hits_1998_2002
25640,Glycoside,early_>=200_hits_1998_2002
25646,Nitride,early_>=200_hits_1998_2002
25673,Virtual reality,early_>=200_hits_1998_2002
25686,Curvature,early_>=200_hits_1998_2002
25702,Gene product,early_>=200_hits_1998_2002
25743,Epitope,early_>=200_hits_1998_2002
25754,Integrin,early_>=200_hits_1998_2002
25758,Recrystallization,early_>=200_hits_1998_2002
25774,Protein kinase C,early_>=200_hits_1998_2002
25820,Variance,early_>=200_hits_1998_2002
25836,Wavelet transform,early_>=200_hits_1998_2002
25852,Girder,early_>=200_hits_1998_2002
25905,Compaction,early_>=200_hits_1998_2002
25926,Embryo,early_>=200_hits_1998_2002
25953,Human genome,early_>=200_hits_1998_2002
25963,Magnetism,early_>=200_hits_1998_2002
25973,Seawater,early_>=200_hits_1998_2002
25985,Cultivar,early_>=200_hits_1998_2002
25990,Conjugate,early_>=200_hits_1998_2002
26004,Waveform,early_>=200_hits_1998_2002
26033,Predictability,early_>=200_hits_1998_2002
26054,Surface layer,early_>=200_hits_1998_2002
26055,Haplotype,early_>=200_hits_1998_2002
26076,Adverse effect,early_>=200_hits_1998_2002
26080,Cofactor,early_>=200_hits_1998_2002
26102,Alkali metal,early_>=200_hits_1998_2002
26122,Ionization,early_>=200_hits_1998_2002
26177,Management system,early_>=200_hits_1998_2002
26210,Immersion,early_>=200_hits_1998_2002
26265,Piston,early_>=200_hits_1998_2002
26282,Perpendicular,early_>=200_hits_1998_2002
26304,Cyclin D1,early_>=200_hits_1998_2002
26329,Efflux,early_>=200_hits_1998_2002
26331,Condensation,early_>=200_hits_1998_2002
26359,Atmospheric pressure,early_>=200_hits_1998_2002
26413,Waveguide,early_>=200_hits_1998_2002
26453,Rheology,early_>=200_hits_1998_2002
26485,Stakeholder,early_>=200_hits_1998_2002
26493,Microcrystalline,early_>=200_hits_1998_2002
26523,In utero,early_>=200_hits_1998_2002
26537,Rationality,early_>=200_hits_1998_2002
26543,Progenitor cell,early_>=200_hits_1998_2002
26546,Lanthanide,early_>=200_hits_1998_2002
26568,Cohort study,early_>=200_hits_1998_2002
26574,Amorphous carbon,early_>=200_hits_1998_2002
26577,Annihilation,early_>=200_hits_1998_2002
26600,Placebo-controlled study,early_>=200_hits_1998_2002
26605,Positron,early_>=200_hits_1998_2002
26629,Complementarity,early_>=200_hits_1998_2002
26630,Calorimetry,early_>=200_hits_1998_2002
26666,Criminal law,early_>=200_hits_1998_2002
26694,In vitro,early_>=200_hits_1998_2002
26716,Subjectivity,early_>=200_hits_1998_2002
26723,Histocompatibility,early_>=200_hits_1998_2002
26735,Crystallization,early_>=200_hits_1998_2002
26738,Operon,early_>=200_hits_1998_2002
26743,Quasicrystal,early_>=200_hits_1998_2002
26784,Detonation,early_>=200_hits_1998_2002
26852,Distillation,early_>=200_hits_1998_2002
26873,Lithography,early_>=200_hits_1998_2002
26874,Immunohistochemistry,early_>=200_hits_1998_2002
26885,Molecular genetics,early_>=200_hits_1998_2002
26892,Deformation,early_>=200_hits_1998_2002
26895,Macromolecule,early_>=200_hits_1998_2002
26942,Acoustic wave,early_>=200_hits_1998_2002
26948,Alternative medicine,early_>=200_hits_1998_2002
26949,Symmetry breaking,early_>=200_hits_1998_2002
26964,Side chain,early_>=200_hits_1998_2002
26970,Polarization,early_>=200_hits_1998_2002
26995,Heat shock protein,early_>=200_hits_1998_2002
27011,Refraction,early_>=200_hits_1998_2002
27015,Self-assessment,early_>=200_hits_1998_2002
27016,Gas chromatography–mass spectrometry,early_>=200_hits_1998_2002
27037,Young adult,early_>=200_hits_1998_2002
27054,Transdermal,early_>=200_hits_1998_2002
27107,Raw material,early_>=200_hits_1998_2002
27112,Branching,early_>=200_hits_1998_2002
27205,Social change,early_>=200_hits_1998_2002
27207,Photosystem,early_>=200_hits_1998_2002
27226,In vivo,early_>=200_hits_1998_2002
27237,Superalloy,early_>=200_hits_1998_2002
27238,Cavitation,early_>=200_hits_1998_2002
27247,Diffraction,early_>=200_hits_1998_2002
27255,Myocyte,early_>=200_hits_1998_2002
27276,GTPase,early_>=200_hits_1998_2002
27280,Derivation,early_>=200_hits_1998_2002
27282,Divergence,early_>=200_hits_1998_2002
27283,Semigroup,early_>=200_hits_1998_2002
27289,Inverse,early_>=200_hits_1998_2002
27306,Wild type,early_>=200_hits_1998_2002
27330,Current density,early_>=200_hits_1998_2002
27351,Pathological,early_>=200_hits_1998_2002
27357,Major histocompatibility complex,early_>=200_hits_1998_2002
27378,Morphology,early_>=200_hits_1998_2002
27382,Computer simulation,early_>=200_hits_1998_2002
27384,Pharmacotherapy,early_>=200_hits_1998_2002
27386,Ageing,early_>=200_hits_1998_2002
27388,Myocardial infarction,early_>=200_hits_1998_2002
27404,Alzheimer's disease,early_>=200_hits_1998_2002
27406,Palladium,early_>=200_hits_1998_2002
27407,Arsenic,early_>=200_hits_1998_2002
27412,Europium,early_>=200_hits_1998_2002
27416,Clinical research,early_>=200_hits_1998_2002
27426,Necrosis,early_>=200_hits_1998_2002
27427,Distance education,early_>=200_hits_1998_2002
27433,Saliva,early_>=200_hits_1998_2002
27437,Vanadium,early_>=200_hits_1998_2002
27446,Rhenium,early_>=200_hits_1998_2002
27447,Chlorine,early_>=200_hits_1998_2002
27456,Dyslexia,early_>=200_hits_1998_2002
27457,Fluorine,early_>=200_hits_1998_2002
27463,Beryllium,early_>=200_hits_1998_2002
27473,Niobium,early_>=200_hits_1998_2002
27495,Radiation therapy,early_>=200_hits_1998_2002
27501,Phosphorus,early_>=200_hits_1998_2002
27515,Chromium,early_>=200_hits_1998_2002
27521,Nucleotide,early_>=200_hits_1998_2002
27530,Carbon monoxide,early_>=200_hits_1998_2002
27536,Fodder,early_>=200_hits_1998_2002
27540,Dopamine,early_>=200_hits_1998_2002
27543,Nuclear power,early_>=200_hits_1998_2002
27544,Carbon nanotube,early_>=200_hits_1998_2002
27546,Digital library,early_>=200_hits_1998_2002
27547,Civil society,early_>=200_hits_1998_2002
27550,Erbium,early_>=200_hits_1998_2002
27559,Tantalum,early_>=200_hits_1998_2002
27563,Nomenclature,early_>=200_hits_1998_2002
27572,Amino acid,early_>=200_hits_1998_2002
27575,Cost-effectiveness analysis,early_>=200_hits_1998_2002
27576,Cobalt,early_>=200_hits_1998_2002
27611,Connective tissue,early_>=200_hits_1998_2002
27613,Sulfur,early_>=200_hits_1998_2002
27614,Strontium,early_>=200_hits_1998_2002
27624,Nitric oxide,early_>=200_hits_1998_2002
27630,Occult,early_>=200_hits_1998_2002
27649,Rhodium,early_>=200_hits_1998_2002
27672,Technetium,early_>=200_hits_1998_2002
27680,Senescence,early_>=200_hits_1998_2002
27687,Machining,early_>=200_hits_1998_2002
27692,Cerium,early_>=200_hits_1998_2002
27698,Infectious disease,early_>=200_hits_1998_2002
27718,Cytochrome P450,early_>=200_hits_1998_2002
27723,Colorectal cancer,early_>=200_hits_1998_2002
27746,Iridium,early_>=200_hits_1998_2002
27750,Manganese,early_>=200_hits_1998_2002
27753,Software development,early_>=200_hits_1998_2002
27754,Central nervous system,early_>=200_hits_1998_2002
27755,Epithelium,early_>=200_hits_1998_2002
27757,Starch,early_>=200_hits_1998_2002
27758,Ultrasonography,early_>=200_hits_1998_2002
27763,Manifold,early_>=200_hits_1998_2002
27769,Carbon dioxide,early_>=200_hits_1998_2002
27770,Breast cancer,early_>=200_hits_1998_2002
27775,Yttrium,early_>=200_hits_1998_2002
27792,Critical thinking,early_>=200_hits_1998_2002
27794,Hydrogen peroxide,early_>=200_hits_1998_2002
27796,Bismuth,early_>=200_hits_1998_2002
27797,Federalism,early_>=200_hits_1998_2002
27810,Zirconium,early_>=200_hits_1998_2002
27813,Clinical trial,early_>=200_hits_1998_2002
27818,Organic synthesis,early_>=200_hits_1998_2002
27819,Masonry,early_>=200_hits_1998_2002
27833,Samarium,early_>=200_hits_1998_2002
27859,Glutathione,early_>=200_hits_1998_2002
27861,Solar System,early_>=200_hits_1998_2002
27867,Iodine,early_>=200_hits_1998_2002
27873,Plutonium,early_>=200_hits_1998_2002
27897,Antimony,early_>=200_hits_1998_2002
27905,Ischemia,early_>=200_hits_1998_2002
27906,Domestic violence,early_>=200_hits_1998_2002
27911,Tungsten,early_>=200_hits_1998_2002
27914,Barium,early_>=200_hits_1998_2002
27915,Photovoltaics,early_>=200_hits_1998_2002
27923,Monoclonal antibody,early_>=200_hits_1998_2002
27925,Fatty acid,early_>=200_hits_1998_2002
27928,Magnesium,early_>=200_hits_1998_2002
27931,Indium,early_>=200_hits_1998_2002
27946,Computed tomography,early_>=200_hits_1998_2002
27947,Cadmium,early_>=200_hits_1998_2002
27951,Weight loss,early_>=200_hits_1998_2002
27952,Histopathology,early_>=200_hits_1998_2002
27962,Nervous system,early_>=200_hits_1998_2002
27966,Helium,early_>=200_hits_1998_2002
27976,Escherichia coli,early_>=200_hits_1998_2002
27987,Molybdenum,early_>=200_hits_1998_2002
27989,Food security,early_>=200_hits_1998_2002
27998,Gallium,early_>=200_hits_1998_2002
28001,Germanium,early_>=200_hits_1998_2002
28014,Intellectual disability,early_>=200_hits_1998_2002
28015,Brainstem,early_>=200_hits_1998_2002
28020,Malnutrition,early_>=200_hits_1998_2002
28030,Sustainable development,early_>=200_hits_1998_2002
28031,Binding protein,early_>=200_hits_1998_2002
28032,Flow cytometry,early_>=200_hits_1998_2002
28039,Biosynthesis,early_>=200_hits_1998_2002
28042,Selenium,early_>=200_hits_1998_2002
28052,Ruthenium,early_>=200_hits_1998_2002
28053,Carcinogenesis,early_>=200_hits_1998_2002
28054,Diabetes mellitus,early_>=200_hits_1998_2002
28064,Lanthanum,early_>=200_hits_1998_2002
28065,Poetics,early_>=200_hits_1998_2002
28082,Gadolinium,early_>=200_hits_1998_2002
28098,Thallium,early_>=200_hits_1998_2002
28099,Air pollution,early_>=200_hits_1998_2002
28124,Grassland,early_>=200_hits_1998_2002
28133,Superoxide dismutase,early_>=200_hits_1998_2002
28141,Middle cerebral artery,early_>=200_hits_1998_2002
28145,Positron emission tomography,early_>=200_hits_1998_2002
28224,Memoria,early_>=200_hits_1998_2002
28226,Anticonvulsant,early_>=200_hits_1998_2002
28247,Dissection,early_>=200_hits_1998_2002
28250,Colitis,early_>=200_hits_1998_2002
28257,Serotonin,early_>=200_hits_1998_2002
28289,Endocarditis,early_>=200_hits_1998_2002
28303,Hepatitis A,early_>=200_hits_1998_2002
28314,Threonine,early_>=200_hits_1998_2002
28348,Mannose,early_>=200_hits_1998_2002
28352,Cataract surgery,early_>=200_hits_1998_2002
28371,Catecholamine,early_>=200_hits_1998_2002
28373,Dysplasia,early_>=200_hits_1998_2002
28385,Hydroxide,early_>=200_hits_1998_2002
28407,Pseudoaneurysm,early_>=200_hits_1998_2002
28445,Acetylcholine,early_>=200_hits_1998_2002
28462,Natriuretic peptide,early_>=200_hits_1998_2002
28463,Lupus erythematosus,early_>=200_hits_1998_2002
28476,Lactic acid,early_>=200_hits_1998_2002
28507,Formaldehyde,early_>=200_hits_1998_2002
28511,Metastatic breast cancer,early_>=200_hits_1998_2002
28526,Biopsy,early_>=200_hits_1998_2002
28542,Grafting,early_>=200_hits_1998_2002
28572,Patient satisfaction,early_>=200_hits_1998_2002
28574,Utopia,early_>=200_hits_1998_2002
28577,Structuring,early_>=200_hits_1998_2002
28578,Hyperparathyroidism,early_>=200_hits_1998_2002
28601,Community health,early_>=200_hits_1998_2002
28615,Retinoid,early_>=200_hits_1998_2002
28648,Growth factor,early_>=200_hits_1998_2002
28660,Chaperone,early_>=200_hits_1998_2002
28681,Pancreatitis,early_>=200_hits_1998_2002
28770,Arabidopsis thaliana,early_>=200_hits_1998_2002
28782,Nerve injury,early_>=200_hits_1998_2002
28807,Sativum,early_>=200_hits_1998_2002
28834,Left ventricular hypertrophy,early_>=200_hits_1998_2002
28849,Obstructive sleep apnea,early_>=200_hits_1998_2002
28871,Respiratory tract infections,early_>=200_hits_1998_2002
28882,Vasculitis,early_>=200_hits_1998_2002
28886,Lysine,early_>=200_hits_1998_2002
28902,New class,early_>=200_hits_1998_2002
28934,Phenylene,early_>=200_hits_1998_2002
28965,Osteoclast,early_>=200_hits_1998_2002
28975,Viewpoints,early_>=200_hits_1998_2002
28976,Embolization,early_>=200_hits_1998_2002
28980,Constraint,early_>=200_hits_1998_2002
29004,Drosophila,early_>=200_hits_1998_2002
29022,Factor V,early_>=200_hits_1998_2002
29030,Locale,early_>=200_hits_1998_2002
29048,Heavy metals,early_>=200_hits_1998_2002
29073,Teratoma,early_>=200_hits_1998_2002
29076,Visual field,early_>=200_hits_1998_2002
29192,T cell,early_>=200_hits_1998_2002
29215,Seedling,early_>=200_hits_1998_2002
29218,Aneurysm,early_>=200_hits_1998_2002
29243,Lipoprotein,early_>=200_hits_1998_2002
29279,Laparoscopic surgery,early_>=200_hits_1998_2002
29317,Mechanism of action,early_>=200_hits_1998_2002
29331,Glucan,early_>=200_hits_1998_2002
29335,Albumin,early_>=200_hits_1998_2002
29337,Economic evaluation,early_>=200_hits_1998_2002
29365,Lactam,early_>=200_hits_1998_2002
29370,Catheter ablation,early_>=200_hits_1998_2002
29380,Fluoxetine,early_>=200_hits_1998_2002
29382,Arthropod,early_>=200_hits_1998_2002
29388,Regularization,early_>=200_hits_1998_2002
29415,Repetition,early_>=200_hits_1998_2002
29424,Casein,early_>=200_hits_1998_2002
29451,Oxidative stress,early_>=200_hits_1998_2002
29472,Vibrio,early_>=200_hits_1998_2002
29477,Arachis,early_>=200_hits_1998_2002
29518,Osteoarthritis,early_>=200_hits_1998_2002
29520,Tyrosine,early_>=200_hits_1998_2002
29528,Aromatase,early_>=200_hits_1998_2002
29540,Fine-needle aspiration,early_>=200_hits_1998_2002
29543,Ionomer,early_>=200_hits_1998_2002
29558,Bipolar disorder,early_>=200_hits_1998_2002
29560,Adipocyte,early_>=200_hits_1998_2002
29562,Diazepam,early_>=200_hits_1998_2002
29566,Oxytocin,early_>=200_hits_1998_2002
29575,Interferon,early_>=200_hits_1998_2002
29583,Nitrite,early_>=200_hits_1998_2002
29645,Uveitis,early_>=200_hits_1998_2002
29647,Glioblastoma,early_>=200_hits_1998_2002
29661,Hepatocyte,early_>=200_hits_1998_2002
29686,Amputation,early_>=200_hits_1998_2002
29694,Humerus,early_>=200_hits_1998_2002
29712,Sesquiterpene,early_>=200_hits_1998_2002
29728,Inference,early_>=200_hits_1998_2002
29746,Sensitization,early_>=200_hits_1998_2002
29754,Neurotransmitter,early_>=200_hits_1998_2002
29773,Schistosomiasis,early_>=200_hits_1998_2002
29788,Trisomy,early_>=200_hits_1998_2002
29800,Spinel,early_>=200_hits_1998_2002
29804,Liver cancer,early_>=200_hits_1998_2002
29849,Modernism,early_>=200_hits_1998_2002
29881,Mollusca,early_>=200_hits_1998_2002
29898,Goiter,early_>=200_hits_1998_2002
29900,Alkene,early_>=200_hits_1998_2002
29904,Yersinia,early_>=200_hits_1998_2002
29909,Lung cancer,early_>=200_hits_1998_2002
29945,Pulmonary embolism,early_>=200_hits_1998_2002
29958,Occlusion,early_>=200_hits_1998_2002
29983,Glass-ceramic,early_>=200_hits_1998_2002
29984,Propofol,early_>=200_hits_1998_2002
29994,Caesarean section,early_>=200_hits_1998_2002
30016,Phaseolus,early_>=200_hits_1998_2002
30065,Somatostatin,early_>=200_hits_1998_2002
30077,Bromide,early_>=200_hits_1998_2002
30083,Sputum,early_>=200_hits_1998_2002
30086,Warfarin,early_>=200_hits_1998_2002
30092,Triazine,early_>=200_hits_1998_2002
30125,Quinoline,early_>=200_hits_1998_2002
30164,Dehydrogenase,early_>=200_hits_1998_2002
30165,Anxiety disorder,early_>=200_hits_1998_2002
30188,Annotation,early_>=200_hits_1998_2002
30225,Simvastatin,early_>=200_hits_1998_2002
30230,Phosphatidylcholine,early_>=200_hits_1998_2002
30233,Ventricular tachycardia,early_>=200_hits_1998_2002
30239,Earthworm,early_>=200_hits_1998_2002
30275,Fistula,early_>=200_hits_1998_2002
30287,Mastitis,early_>=200_hits_1998_2002
30295,Propane,early_>=200_hits_1998_2002
30317,Oxalate,early_>=200_hits_1998_2002
30353,Isoflurane,early_>=200_hits_1998_2002
30360,Monoxide,early_>=200_hits_1998_2002
30371,Epidermal growth factor,early_>=200_hits_1998_2002
30376,Oil field,early_>=200_hits_1998_2002
30377,Multiple myeloma,early_>=200_hits_1998_2002
30379,Polychlorinated biphenyl,early_>=200_hits_1998_2002
30395,Flounder,early_>=200_hits_1998_2002
30407,Vasopressin,early_>=200_hits_1998_2002
30420,Chlorophyll,early_>=200_hits_1998_2002
30426,Transferase,early_>=200_hits_1998_2002
30427,Intensive care unit,early_>=200_hits_1998_2002
30457,Ammonia,early_>=200_hits_1998_2002
30461,Dilated cardiomyopathy,early_>=200_hits_1998_2002
30464,Nitrate,early_>=200_hits_1998_2002
30484,Osteotomy,early_>=200_hits_1998_2002
30487,Amorphous silicon,early_>=200_hits_1998_2002
30492,Aspergillosis,early_>=200_hits_1998_2002
30509,Eating disorders,early_>=200_hits_1998_2002
30515,Cropping system,early_>=200_hits_1998_2002
30531,Accretion,early_>=200_hits_1998_2002
30534,Haemophilus,early_>=200_hits_1998_2002
30539,Macular degeneration,early_>=200_hits_1998_2002
30559,Hepatitis C virus,early_>=200_hits_1998_2002
30564,Helicobacter pylori,early_>=200_hits_1998_2002
30586,Serine,early_>=200_hits_1998_2002
30603,Human liver,early_>=200_hits_1998_2002
30607,Well-being,early_>=200_hits_1998_2002
30640,Schiff base,early_>=200_hits_1998_2002
30675,Microvessel,early_>=200_hits_1998_2002
30679,Measles,early_>=200_hits_1998_2002
30681,Otitis,early_>=200_hits_1998_2002
30689,Bacteriophage,early_>=200_hits_1998_2002
30692,Trifluoromethyl,early_>=200_hits_1998_2002
30705,ESPACE,early_>=200_hits_1998_2002
30732,RNA polymerase,early_>=200_hits_1998_2002
30745,Infestation,early_>=200_hits_1998_2002
30747,Leukotriene,early_>=200_hits_1998_2002
30763,Hepatitis C,early_>=200_hits_1998_2002
30774,Epidermis,early_>=200_hits_1998_2002
30788,Hydrochloride,early_>=200_hits_1998_2002
30790,Allium,early_>=200_hits_1998_2002
30791,Pathogen,early_>=200_hits_1998_2002
30796,Heat pump,early_>=200_hits_1998_2002
30803,Cancer screening,early_>=200_hits_1998_2002
30820,Celecoxib,early_>=200_hits_1998_2002
30830,Solid-phase synthesis,early_>=200_hits_1998_2002
30859,Purine,early_>=200_hits_1998_2002
30895,Simian,early_>=200_hits_1998_2002
30916,Caenorhabditis,early_>=200_hits_1998_2002
30935,Back pain,early_>=200_hits_1998_2002
31041,BALB/c,early_>=200_hits_1998_2002
31046,Head and neck cancer,early_>=200_hits_1998_2002
31057,Substance P,early_>=200_hits_1998_2002
31066,Cyclosporins,early_>=200_hits_1998_2002
31091,Osteoporosis,early_>=200_hits_1998_2002
31098,Nucleoside,early_>=200_hits_1998_2002
31105,Silage,early_>=200_hits_1998_2002
31131,Phospholipase A2,early_>=200_hits_1998_2002
31152,Leishmaniasis,early_>=200_hits_1998_2002
31158,Red blood cell,early_>=200_hits_1998_2002
31194,Moiety,early_>=200_hits_1998_2002
31223,Retinoblastoma,early_>=200_hits_1998_2002
31238,Leucine,early_>=200_hits_1998_2002
31269,Hemochromatosis,early_>=200_hits_1998_2002
31284,Glow discharge,early_>=200_hits_1998_2002
31303,Penaeus,early_>=200_hits_1998_2002
31368,Lactone,early_>=200_hits_1998_2002
31395,Olanzapine,early_>=200_hits_1998_2002
31447,Legume,early_>=200_hits_1998_2002
31458,Renal artery,early_>=200_hits_1998_2002
31474,Liver injury,early_>=200_hits_1998_2002
31492,Cholecystectomy,early_>=200_hits_1998_2002
31561,Lactation,early_>=200_hits_1998_2002
31587,Publics,early_>=200_hits_1998_2002
31622,Acute pancreatitis,early_>=200_hits_1998_2002
31640,Acetic acid,early_>=200_hits_1998_2002
31646,Mental illness,early_>=200_hits_1998_2002
31690,Porous silicon,early_>=200_hits_1998_2002
31693,Sterility,early_>=200_hits_1998_2002
31707,Oocyte,early_>=200_hits_1998_2002
31769,Tryptophan,early_>=200_hits_1998_2002
31785,Toll-like receptor,early_>=200_hits_1998_2002
31796,Helicoverpa armigera,early_>=200_hits_1998_2002
31805,Protease,early_>=200_hits_1998_2002
31812,Neuroblastoma,early_>=200_hits_1998_2002
31868,Contradiction,early_>=200_hits_1998_2002
31882,Nodule,early_>=200_hits_1998_2002
31911,Cast iron,early_>=200_hits_1998_2002
31944,Lactide,early_>=200_hits_1998_2002
31958,Brassica,early_>=200_hits_1998_2002
31961,Status quo,early_>=200_hits_1998_2002
31977,Motor neuron,early_>=200_hits_1998_2002
31988,Cyclophosphamide,early_>=200_hits_1998_2002
32038,Sildenafil,early_>=200_hits_1998_2002
32078,Corona,early_>=200_hits_1998_2002
32150,Ultraviolet,early_>=200_hits_1998_2002
32179,Corticosteroid,early_>=200_hits_1998_2002
32200,Duodenum,early_>=200_hits_1998_2002
32231,Sedation,early_>=200_hits_1998_2002
32239,Lineage,early_>=200_hits_1998_2002
32283,Fibrinolysis,early_>=200_hits_1998_2002
32333,Ventricular hypertrophy,early_>=200_hits_1998_2002
32342,Genetic algorithm,early_>=200_hits_1998_2002
32344,Statin,early_>=200_hits_1998_2002
32356,Production system,early_>=200_hits_1998_2002
32388,Rabies,early_>=200_hits_1998_2002
32436,Acute leukemia,early_>=200_hits_1998_2002
32478,Hydrothermal synthesis,early_>=200_hits_1998_2002
32509,Zebrafish,early_>=200_hits_1998_2002
32530,Cornea,early_>=200_hits_1998_2002
32535,Low molecular weight heparin,early_>=200_hits_1998_2002
32539,Antagonist,early_>=200_hits_1998_2002
32544,Bone mineral,early_>=200_hits_1998_2002
32554,Respiratory failure,early_>=200_hits_1998_2002
32572,Urokinase,early_>=200_hits_1998_2002
32635,Glutathione S-transferase,early_>=200_hits_1998_2002
32644,Sea urchin,early_>=200_hits_1998_2002
32652,Reactivity,early_>=200_hits_1998_2002
32661,Systemic lupus erythematosus,early_>=200_hits_1998_2002
32695,Epoxide,early_>=200_hits_1998_2002
32712,Derivatization,early_>=200_hits_1998_2002
32717,Haemophilus influenzae,early_>=200_hits_1998_2002
32722,Colonization,early_>=200_hits_1998_2002
32736,Appropriation,early_>=200_hits_1998_2002
32738,Intravascular ultrasound,early_>=200_hits_1998_2002
32746,Halothane,early_>=200_hits_1998_2002
32761,Sugar beet,early_>=200_hits_1998_2002
32767,Nesting,early_>=200_hits_1998_2002
32771,Cystic fibrosis,early_>=200_hits_1998_2002
32792,Human capital,early_>=200_hits_1998_2002
32830,Placenta,early_>=200_hits_1998_2002
32844,Inhalation,early_>=200_hits_1998_2002
32845,Umbilical cord,early_>=200_hits_1998_2002
32878,Clarithromycin,early_>=200_hits_1998_2002
32883,Polyethylene glycol,early_>=200_hits_1998_2002
32891,Lysozyme,early_>=200_hits_1998_2002
32908,Fructose,early_>=200_hits_1998_2002
32938,Dairy cattle,early_>=200_hits_1998_2002
32948,Enzyme inhibitor,early_>=200_hits_1998_2002
32961,Syphilis,early_>=200_hits_1998_2002
32971,Plating,early_>=200_hits_1998_2002
32973,Escherichia,early_>=200_hits_1998_2002
32975,Oligodendrocyte,early_>=200_hits_1998_2002
32982,Gastrin,early_>=200_hits_1998_2002
32990,Exchange rate,early_>=200_hits_1998_2002
32992,Homoptera,early_>=200_hits_1998_2002
33007,Adenosine,early_>=200_hits_1998_2002
33011,Endothelium,early_>=200_hits_1998_2002
33028,Hepatocyte growth factor,early_>=200_hits_1998_2002
33034,Carotene,early_>=200_hits_1998_2002
33035,Melanogaster,early_>=200_hits_1998_2002
33037,Combination therapy,early_>=200_hits_1998_2002
33039,Trimethylsilyl,early_>=200_hits_1998_2002
33054,Hypothalamus,early_>=200_hits_1998_2002
33064,Insemination,early_>=200_hits_1998_2002
33076,Stromal tumor,early_>=200_hits_1998_2002
33105,Exacerbation,early_>=200_hits_1998_2002
33108,Spatial distribution,early_>=200_hits_1998_2002
33109,Retinitis,early_>=200_hits_1998_2002
33115,Dystrophy,early_>=200_hits_1998_2002
33134,Uniqueness,early_>=200_hits_1998_2002
33135,Welfare reform,early_>=200_hits_1998_2002
33147,Vascular endothelial growth factor,early_>=200_hits_1998_2002
33158,Endonuclease,early_>=200_hits_1998_2002
33173,Anorexia nervosa,early_>=200_hits_1998_2002
33188,Abscess,early_>=200_hits_1998_2002
33200,Eosinophil,early_>=200_hits_1998_2002
33221,Leakage,early_>=200_hits_1998_2002
33222,Discontinuity,early_>=200_hits_1998_2002
33225,Preparedness,early_>=200_hits_1998_2002
33251,Laser diode,early_>=200_hits_1998_2002
33262,Methicillin-resistant Staphylococcus aureus,early_>=200_hits_1998_2002
33275,Adjunct,early_>=200_hits_1998_2002
33278,Oral administration,early_>=200_hits_1998_2002
33287,Nephritis,early_>=200_hits_1998_2002
33308,Neutropenia,early_>=200_hits_1998_2002
33349,Viral hepatitis,early_>=200_hits_1998_2002
33356,Keratinocyte,early_>=200_hits_1998_2002
33361,Liver disease,early_>=200_hits_1998_2002
33372,Mechanical ventilation,early_>=200_hits_1998_2002
33382,Early childhood,early_>=200_hits_1998_2002
33405,Endometrial cancer,early_>=200_hits_1998_2002
33413,Homocysteine,early_>=200_hits_1998_2002
33426,Retina,early_>=200_hits_1998_2002
33440,Essential hypertension,early_>=200_hits_1998_2002
33480,Neuropathic pain,early_>=200_hits_1998_2002
33491,Thymidine,early_>=200_hits_1998_2002
33502,Social security,early_>=200_hits_1998_2002
33546,Purpura,early_>=200_hits_1998_2002
33552,Praxis,early_>=200_hits_1998_2002
33597,Phosphate,early_>=200_hits_1998_2002
33624,Infliximab,early_>=200_hits_1998_2002
33656,Gallbladder,early_>=200_hits_1998_2002
33673,Parity,early_>=200_hits_1998_2002
33683,Adrenomedullin,early_>=200_hits_1998_2002
33718,Molecular marker,early_>=200_hits_1998_2002
33730,Estrogen,early_>=200_hits_1998_2002
33731,Carbene,early_>=200_hits_1998_2002
33777,Tamoxifen,early_>=200_hits_1998_2002
33797,Type 2 diabetes,early_>=200_hits_1998_2002
33814,Embolism,early_>=200_hits_1998_2002
33845,Amphetamine,early_>=200_hits_1998_2002
33882,Granulosa cell,early_>=200_hits_1998_2002
33903,Hydrocarbon,early_>=200_hits_1998_2002
33908,Red Cell,early_>=200_hits_1998_2002
33934,Cirrhosis,early_>=200_hits_1998_2002
33948,Preeclampsia,early_>=200_hits_1998_2002
34002,Polypyrrole,early_>=200_hits_1998_2002
34014,Copepod,early_>=200_hits_1998_2002
34018,Ferrocene,early_>=200_hits_1998_2002
34085,Crown ether,early_>=200_hits_1998_2002
34096,B-cell lymphoma,early_>=200_hits_1998_2002
34108,Esterase,early_>=200_hits_1998_2002
34148,Bacillus subtilis,early_>=200_hits_1998_2002
34165,Essential oil,early_>=200_hits_1998_2002
34172,Continuing medical education,early_>=200_hits_1998_2002
34191,Grading,early_>=200_hits_1998_2002
34201,Dosing,early_>=200_hits_1998_2002
34212,Thrombin,early_>=200_hits_1998_2002
34217,Paclitaxel,early_>=200_hits_1998_2002
34245,Myopathy,early_>=200_hits_1998_2002
34261,Convergence,early_>=200_hits_1998_2002
34285,Personality disorders,early_>=200_hits_1998_2002
34297,Glycosylation,early_>=200_hits_1998_2002
34334,Aortic aneurysm,early_>=200_hits_1998_2002
34358,Pheromone,early_>=200_hits_1998_2002
34363,Drug user,early_>=200_hits_1998_2002
34371,Ganglioside,early_>=200_hits_1998_2002
34383,Nocturnal,early_>=200_hits_1998_2002
34390,Silicate,early_>=200_hits_1998_2002
34407,Conformational change,early_>=200_hits_1998_2002
34409,Dextran,early_>=200_hits_1998_2002
34484,Fibrillation,early_>=200_hits_1998_2002
34494,Polarity,early_>=200_hits_1998_2002
34545,Interleukin 2,early_>=200_hits_1998_2002
34569,Radiofrequency ablation,early_>=200_hits_1998_2002
34582,Pneumatics,early_>=200_hits_1998_2002
34592,Hepatitis B,early_>=200_hits_1998_2002
34598,Antagonism,early_>=200_hits_1998_2002
34599,Spiritualities,early_>=200_hits_1998_2002
34625,Morphine,early_>=200_hits_1998_2002
34632,Hypothermia,early_>=200_hits_1998_2002
34637,Chlamydia trachomatis,early_>=200_hits_1998_2002
34639,Insulin resistance,early_>=200_hits_1998_2002
34664,Metronidazole,early_>=200_hits_1998_2002
34668,Saline,early_>=200_hits_1998_2002
34690,Ankylosing spondylitis,early_>=200_hits_1998_2002
34715,Mesothelioma,early_>=200_hits_1998_2002
34756,Brachytherapy,early_>=200_hits_1998_2002
34758,Iron deficiency,early_>=200_hits_1998_2002
34818,Inositol,early_>=200_hits_1998_2002
34819,Adenoma,early_>=200_hits_1998_2002
34832,Phenylalanine,early_>=200_hits_1998_2002
34834,Silicon nitride,early_>=200_hits_1998_2002
34920,Methylene,early_>=200_hits_1998_2002
34938,Human skin,early_>=200_hits_1998_2002
34946,Germplasm,early_>=200_hits_1998_2002
34955,Acetonitrile,early_>=200_hits_1998_2002
34969,Vascular disease,early_>=200_hits_1998_2002
34971,Arginine,early_>=200_hits_1998_2002
34988,Renal cell carcinoma,early_>=200_hits_1998_2002
34993,Entamoeba,early_>=200_hits_1998_2002
35004,Metabolite,early_>=200_hits_1998_2002
35005,Granulocyte macrophage colony-stimulating factor,early_>=200_hits_1998_2002
35008,Botulinum toxin,early_>=200_hits_1998_2002
35036,Penicillium,early_>=200_hits_1998_2002
35097,Omeprazole,early_>=200_hits_1998_2002
35099,Glycogen,early_>=200_hits_1998_2002
35112,Stabilizer,early_>=200_hits_1998_2002
35164,Montmorillonite,early_>=200_hits_1998_2002
35169,Ethylene glycol,early_>=200_hits_1998_2002
35175,Acetylene,early_>=200_hits_1998_2002
35212,Panic disorder,early_>=200_hits_1998_2002
35270,Fluorescence in situ hybridization,early_>=200_hits_1998_2002
35272,Astrocyte,early_>=200_hits_1998_2002
35279,Mitral valve,early_>=200_hits_1998_2002
35292,Carcinoma,early_>=200_hits_1998_2002
35315,Vitamin E,early_>=200_hits_1998_2002
35330,Tyrosine phosphorylation,early_>=200_hits_1998_2002
35342,Heparin,early_>=200_hits_1998_2002
35364,Hyperplasia,early_>=200_hits_1998_2002
35377,Styrene,early_>=200_hits_1998_2002
35378,Third order,early_>=200_hits_1998_2002
35395,National Identities,early_>=200_hits_1998_2002
35396,Inflammatory Bowel Diseases,early_>=200_hits_1998_2002
35403,Nitrous oxide,early_>=200_hits_1998_2002
35417,Rheumatoid arthritis,early_>=200_hits_1998_2002
35419,Saccharomyces cerevisiae,early_>=200_hits_1998_2002
35431,Polyaniline,early_>=200_hits_1998_2002
35442,Sintering,early_>=200_hits_1998_2002
35459,Vapours,early_>=200_hits_1998_2002
35463,Basic fibroblast growth factor,early_>=200_hits_1998_2002
35475,T-cell lymphoma,early_>=200_hits_1998_2002
35493,Titanium dioxide,early_>=200_hits_1998_2002
35496,Cholecystokinin,early_>=200_hits_1998_2002
35561,Immunodeficiency,early_>=200_hits_1998_2002
35600,Rare-earth element,early_>=200_hits_1998_2002
35611,Health effect,early_>=200_hits_1998_2002
35623,Nanotube,early_>=200_hits_1998_2002
35640,Nitric oxide synthase,early_>=200_hits_1998_2002
35649,Trypanosoma cruzi,early_>=200_hits_1998_2002
35653,Phosphonate,early_>=200_hits_1998_2002
35669,Aspirin,early_>=200_hits_1998_2002
35692,Amyloid,early_>=200_hits_1998_2002
35714,Pseudomonas aeruginosa,early_>=200_hits_1998_2002
35785,Melanoma,early_>=200_hits_1998_2002
35791,Phenanthroline,early_>=200_hits_1998_2002
35804,Blood vessel,early_>=200_hits_1998_2002
35811,Alkaloid,early_>=200_hits_1998_2002
35826,Human brain,early_>=200_hits_1998_2002
35863,Lycopersicon,early_>=200_hits_1998_2002
35901,Infertility,early_>=200_hits_1998_2002
35911,Benzene,early_>=200_hits_1998_2002
35940,Iron oxide,early_>=200_hits_1998_2002
35942,Acute coronary syndrome,early_>=200_hits_1998_2002
35958,Immunotherapy,early_>=200_hits_1998_2002
35963,Phenol,early_>=200_hits_1998_2002
35969,Ovulation,early_>=200_hits_1998_2002
36021,Phosphine,early_>=200_hits_1998_2002
36039,Aromatic hydrocarbon,early_>=200_hits_1998_2002
36062,Oligosaccharide,early_>=200_hits_1998_2002
36073,Phenols,early_>=200_hits_1998_2002
36079,NF-κB,early_>=200_hits_1998_2002
36081,Activated sludge,early_>=200_hits_1998_2002
36084,Acetal,early_>=200_hits_1998_2002
36089,Affirmative action,early_>=200_hits_1998_2002
36090,Cytomegalovirus,early_>=200_hits_1998_2002
36111,Subarachnoid hemorrhage,early_>=200_hits_1998_2002
36121,Ketone,early_>=200_hits_1998_2002
36132,Cervix,early_>=200_hits_1998_2002
36138,Reciprocal,early_>=200_hits_1998_2002
36147,Apatite,early_>=200_hits_1998_2002
36180,Intervertebral disc,early_>=200_hits_1998_2002
36181,Chinese hamster,early_>=200_hits_1998_2002
36189,Glycine,early_>=200_hits_1998_2002
36201,Osteosarcoma,early_>=200_hits_1998_2002
36206,Lymphocyte,early_>=200_hits_1998_2002
36234,Sizing,early_>=200_hits_1998_2002
36236,Granulocyte colony-stimulating factor,early_>=200_hits_1998_2002
36239,Sinusitis,early_>=200_hits_1998_2002
36245,Making-of,early_>=200_hits_1998_2002
36258,Spodoptera,early_>=200_hits_1998_2002
36297,Sturgeon,early_>=200_hits_1998_2002
36300,Unstable angina,early_>=200_hits_1998_2002
36304,Group B,early_>=200_hits_1998_2002
36337,Leiomyoma,early_>=200_hits_1998_2002
36351,Infarction,early_>=200_hits_1998_2002
36352,Assemblage,early_>=200_hits_1998_2002
36358,Thalassemia,early_>=200_hits_1998_2002
36362,Ethylene oxide,early_>=200_hits_1998_2002
36393,Nd:YAG laser,early_>=200_hits_1998_2002
36399,Scavenging,early_>=200_hits_1998_2002
36432,Grating,early_>=200_hits_1998_2002
36448,Esophagus,early_>=200_hits_1998_2002
36460,In situ,early_>=200_hits_1998_2002
36473,Fingerprint,early_>=200_hits_1998_2002
36479,Paroxetine,early_>=200_hits_1998_2002
36488,Fibromyalgia,early_>=200_hits_1998_2002
36494,Carpal tunnel,early_>=200_hits_1998_2002
36503,Flutter,early_>=200_hits_1998_2002
36531,Smoking cessation,early_>=200_hits_1998_2002
36548,Middle ear,early_>=200_hits_1998_2002
36560,Ceramide,early_>=200_hits_1998_2002
36579,Annealing,early_>=200_hits_1998_2002
36612,Adjuvant,early_>=200_hits_1998_2002
36644,Lamivudine,early_>=200_hits_1998_2002
36692,Small intestine,early_>=200_hits_1998_2002
36752,Longitudinal study,early_>=200_hits_1998_2002
36781,Sorbent,early_>=200_hits_1998_2002
36782,Encephalomyelitis,early_>=200_hits_1998_2002
36798,Grazing,early_>=200_hits_1998_2002
36812,Triazole,early_>=200_hits_1998_2002
36817,By-product,early_>=200_hits_1998_2002
36825,Asymptomatic,early_>=200_hits_1998_2002
36833,Androgen,early_>=200_hits_1998_2002
36880,Polystyrene,early_>=200_hits_1998_2002
36888,Trapping,early_>=200_hits_1998_2002
36891,Metal matrix composite,early_>=200_hits_1998_2002
36924,Methyl methacrylate,early_>=200_hits_1998_2002
36927,Sleep apnea,early_>=200_hits_1998_2002
36939,Chronic lymphocytic leukemia,early_>=200_hits_1998_2002
36989,Mobilities,early_>=200_hits_1998_2002
37004,Heart rate,early_>=200_hits_1998_2002
37009,Neisseria,early_>=200_hits_1998_2002
37018,Prostaglandin E2,early_>=200_hits_1998_2002
37049,Hydride,early_>=200_hits_1998_2002
37106,Polypropylene,early_>=200_hits_1998_2002
37110,Small business,early_>=200_hits_1998_2002
37117,Mycobacterium tuberculosis,early_>=200_hits_1998_2002
37119,Head injury,early_>=200_hits_1998_2002
37138,Bentonite,early_>=200_hits_1998_2002
37156,Granulocyte,early_>=200_hits_1998_2002
37232,Midazolam,early_>=200_hits_1998_2002
37239,Mammary gland,early_>=200_hits_1998_2002
37250,Antioxidant,early_>=200_hits_1998_2002
37274,Varices,early_>=200_hits_1998_2002
37299,Hepatocellular carcinoma,early_>=200_hits_1998_2002
37321,Duality,early_>=200_hits_1998_2002
37325,Silane,early_>=200_hits_1998_2002
37445,Bildung,early_>=200_hits_1998_2002
37450,Pasture,early_>=200_hits_1998_2002
37471,Intranet,early_>=200_hits_1998_2002
37492,Hemodialysis,early_>=200_hits_1998_2002
37508,Transitional cell carcinoma,early_>=200_hits_1998_2002
37539,Carboxylate,early_>=200_hits_1998_2002
37551,Zeolite,early_>=200_hits_1998_2002
37556,Arachidonic acid,early_>=200_hits_1998_2002
37599,Hematopoietic stem cell,early_>=200_hits_1998_2002
37603,Social support,early_>=200_hits_1998_2002
37617,Contact dermatitis,early_>=200_hits_1998_2002
37628,Amiodarone,early_>=200_hits_1998_2002
37664,Natural killer cell,early_>=200_hits_1998_2002
37672,Myasthenia gravis,early_>=200_hits_1998_2002
37676,Cell membrane,early_>=200_hits_1998_2002
37680,Adeno-associated virus,early_>=200_hits_1998_2002
37705,Lambda,early_>=200_hits_1998_2002
37726,Animal model,early_>=200_hits_1998_2002
37730,Etoposide,early_>=200_hits_1998_2002
37741,Connotation,early_>=200_hits_1998_2002
37751,Receptor antagonist,early_>=200_hits_1998_2002
37756,Emulsion,early_>=200_hits_1998_2002
37768,Toxoplasma gondii,early_>=200_hits_1998_2002
37792,Hydrocephalus,early_>=200_hits_1998_2002
37818,methacrylate,early_>=200_hits_1998_2002
37819,Opiate,early_>=200_hits_1998_2002
37826,Toluene,early_>=200_hits_1998_2002
37844,Disequilibrium,early_>=200_hits_1998_2002
37855,Azobenzene,early_>=200_hits_1998_2002
37857,Volatile organic compound,early_>=200_hits_1998_2002
37879,Sorghum,early_>=200_hits_1998_2002
37903,Anesthetic,early_>=200_hits_1998_2002
37921,Resuscitation,early_>=200_hits_1998_2002
37933,Dendritic cell,early_>=200_hits_1998_2002
37947,Benzodiazepine,early_>=200_hits_1998_2002
37967,Blastocyst,early_>=200_hits_1998_2002
37973,Chalcogenide,early_>=200_hits_1998_2002
37995,Thin layers,early_>=200_hits_1998_2002
37996,Melatonin,early_>=200_hits_1998_2002
37998,Nigerians,early_>=200_hits_1998_2002
38002,Silanes,early_>=200_hits_1998_2002
38009,Epilepsy,early_>=200_hits_1998_2002
38024,Catfish,early_>=200_hits_1998_2002
38040,Amniotic fluid,early_>=200_hits_1998_2002
38053,Heart failure,early_>=200_hits_1998_2002
38061,Postprandial,early_>=200_hits_1998_2002
38092,Anticoagulant,early_>=200_hits_1998_2002
38140,Coronary artery disease,early_>=200_hits_1998_2002
38170,Cervical cancer,early_>=200_hits_1998_2002
38172,Substitution,early_>=200_hits_1998_2002
38175,Accession,early_>=200_hits_1998_2002
38186,Filler,early_>=200_hits_1998_2002
38196,Glioma,early_>=200_hits_1998_2002
38225,Mammal,early_>=200_hits_1998_2002
38229,Parasitism,early_>=200_hits_1998_2002
38246,Cyclohexane,early_>=200_hits_1998_2002
38250,Cisplatin,early_>=200_hits_1998_2002
38278,Anemia,early_>=200_hits_1998_2002
38284,Dismutase,early_>=200_hits_1998_2002
38302,Annual report,early_>=200_hits_1998_2002
38316,Sarcoma,early_>=200_hits_1998_2002
38323,Prenatal diagnosis,early_>=200_hits_1998_2002
38339,Parasitoid,early_>=200_hits_1998_2002
38340,Inflammatory bowel disease,early_>=200_hits_1998_2002
38341,Osteoblast,early_>=200_hits_1998_2002
38355,Tumor suppressor gene,early_>=200_hits_1998_2002
38382,Neovascularization,early_>=200_hits_1998_2002
38384,Irritable bowel syndrome,early_>=200_hits_1998_2002
38389,Supreme court,early_>=200_hits_1998_2002
38400,Streptococcus,early_>=200_hits_1998_2002
38435,Restenosis,early_>=200_hits_1998_2002
38493,Financial crisis,early_>=200_hits_1998_2002
38498,Guanine,early_>=200_hits_1998_2002
38545,Growth rate,early_>=200_hits_1998_2002
38552,Retinopathy,early_>=200_hits_1998_2002
38575,Ferritin,early_>=200_hits_1998_2002
38577,Self-esteem,early_>=200_hits_1998_2002
38621,Pneumothorax,early_>=200_hits_1998_2002
38622,Atopic dermatitis,early_>=200_hits_1998_2002
38639,Bombyx,early_>=200_hits_1998_2002
38646,Internal carotid artery,early_>=200_hits_1998_2002
38649,Spinal cord injury,early_>=200_hits_1998_2002
38657,Arthroplasty,early_>=200_hits_1998_2002
38687,Sulfate,early_>=200_hits_1998_2002
38708,Noctuidae,early_>=200_hits_1998_2002
38739,Radiata,early_>=200_hits_1998_2002
38773,Learning environment,early_>=200_hits_1998_2002
38782,Urban area,early_>=200_hits_1998_2002
38797,Plasmodium falciparum,early_>=200_hits_1998_2002
38799,Acrylonitrile,early_>=200_hits_1998_2002
38819,Tolerability,early_>=200_hits_1998_2002
38840,Langerhans cell,early_>=200_hits_1998_2002
38849,Coagulation,early_>=200_hits_1998_2002
38859,Sepsis,early_>=200_hits_1998_2002
38916,Clonidine,early_>=200_hits_1998_2002
38939,Nanoclusters,early_>=200_hits_1998_2002
38940,Blood–brain barrier,early_>=200_hits_1998_2002
38957,National identity,early_>=200_hits_1998_2002
38983,MOSFET,early_>=200_hits_1998_2002
38989,Biomaterial,early_>=200_hits_1998_2002
38996,Reflector,early_>=200_hits_1998_2002
39006,Smallpox,early_>=200_hits_1998_2002
39028,Converters,early_>=200_hits_1998_2002
39030,Nerve growth factor,early_>=200_hits_1998_2002
39036,Angina,early_>=200_hits_1998_2002
39058,Retrovirus,early_>=200_hits_1998_2002
39073,Anterior cruciate ligament,early_>=200_hits_1998_2002
39077,Carnitine,early_>=200_hits_1998_2002
39078,Colonoscopy,early_>=200_hits_1998_2002
39092,Oscillation,early_>=200_hits_1998_2002
39115,Saccharomyces,early_>=200_hits_1998_2002
39116,Sulfoxide,early_>=200_hits_1998_2002
39128,Endoscopy,early_>=200_hits_1998_2002
39138,B cell,early_>=200_hits_1998_2002
39141,Cyanide,early_>=200_hits_1998_2002
39150,Jaundice,early_>=200_hits_1998_2002
39153,Perforation,early_>=200_hits_1998_2002
39178,Histidine,early_>=200_hits_1998_2002
39183,Leukemia,early_>=200_hits_1998_2002
39233,Repertoire,early_>=200_hits_1998_2002
39243,Workload,early_>=200_hits_1998_2002
39246,Non-Hodgkin's lymphoma,early_>=200_hits_1998_2002
39275,Nonsteroidal,early_>=200_hits_1998_2002
39277,Dyeing,early_>=200_hits_1998_2002
39283,Bombyx mori,early_>=200_hits_1998_2002
39311,Schistosoma,early_>=200_hits_1998_2002
39325,Seroprevalence,early_>=200_hits_1998_2002
39399,Ciprofloxacin,early_>=200_hits_1998_2002
39410,Norepinephrine,early_>=200_hits_1998_2002
39413,Trioxide,early_>=200_hits_1998_2002
39457,Aldosterone,early_>=200_hits_1998_2002
39467,Glaucoma,early_>=200_hits_1998_2002
39482,Urinary incontinence,early_>=200_hits_1998_2002
39490,Solid-phase microextraction,early_>=200_hits_1998_2002
39496,Erythropoietin,early_>=200_hits_1998_2002
39542,Migraine,early_>=200_hits_1998_2002
39551,Oryza sativa,early_>=200_hits_1998_2002
39578,Helicoverpa,early_>=200_hits_1998_2002
39591,Acidosis,early_>=200_hits_1998_2002
39619,Dystonia,early_>=200_hits_1998_2002
39628,Carbon steel,early_>=200_hits_1998_2002
39631,Keratitis,early_>=200_hits_1998_2002
39641,Menopause,early_>=200_hits_1998_2002
39644,Synchronization,early_>=200_hits_1998_2002
39648,Glucagon,early_>=200_hits_1998_2002
39652,Saponin,early_>=200_hits_1998_2002
39662,Trace metal,early_>=200_hits_1998_2002
39706,Hamster,early_>=200_hits_1998_2002
39711,Luteinizing hormone,early_>=200_hits_1998_2002
39740,Transcranial magnetic stimulation,early_>=200_hits_1998_2002
39781,Barrett's esophagus,early_>=200_hits_1998_2002
39811,Ethylene,early_>=200_hits_1998_2002
39814,Sucrose,early_>=200_hits_1998_2002
39822,Martian,early_>=200_hits_1998_2002
39860,Myelin,early_>=200_hits_1998_2002
39862,Keratomileusis,early_>=200_hits_1998_2002
39870,Diaspora,early_>=200_hits_1998_2002
39921,Encephalopathy,early_>=200_hits_1998_2002
39947,Soft tissue sarcoma,early_>=200_hits_1998_2002
40045,Kidney disease,early_>=200_hits_1998_2002
40049,Anorexia,early_>=200_hits_1998_2002
40064,Oreochromis,early_>=200_hits_1998_2002
40137,Plasmodium,early_>=200_hits_1998_2002
40144,Gastritis,early_>=200_hits_1998_2002
40172,Listeria,early_>=200_hits_1998_2002
40174,Modernity,early_>=200_hits_1998_2002
40178,Hydroxysteroid,early_>=200_hits_1998_2002
40193,Substituent,early_>=200_hits_1998_2002
40201,Cytokine,early_>=200_hits_1998_2002
40224,Chloride,early_>=200_hits_1998_2002
40233,Thesaurus,early_>=200_hits_1998_2002
40262,Chest pain,early_>=200_hits_1998_2002
40278,P-glycoprotein,early_>=200_hits_1998_2002
40318,Organic acid,early_>=200_hits_1998_2002
40320,Prosthesis,early_>=200_hits_1998_2002
40329,Intubation,early_>=200_hits_1998_2002
40340,Sterol,early_>=200_hits_1998_2002
40343,Local government,early_>=200_hits_1998_2002
40353,Homogenization,early_>=200_hits_1998_2002
40356,Acetaminophen,early_>=200_hits_1998_2002
40363,Lactose,early_>=200_hits_1998_2002
40384,Myeloid leukemia,early_>=200_hits_1998_2002
40441,Coronary arteries,early_>=200_hits_1998_2002
40492,Lipopolysaccharide,early_>=200_hits_1998_2002
40536,Pancreas,early_>=200_hits_1998_2002
40544,Methadone,early_>=200_hits_1998_2002
40553,Dehydration,early_>=200_hits_1998_2002
40555,Solver,early_>=200_hits_1998_2002
40598,Gonadotropin,early_>=200_hits_1998_2002
40609,Peroxynitrite,early_>=200_hits_1998_2002
40628,Cardiac surgery,early_>=200_hits_1998_2002
40647,Neuron,early_>=200_hits_1998_2002
40656,Cardiomyopathy,early_>=200_hits_1998_2002
40703,Sulfone,early_>=200_hits_1998_2002
40705,Dissociative,early_>=200_hits_1998_2002
40709,Portal hypertension,early_>=200_hits_1998_2002
40746,Guinea pig,early_>=200_hits_1998_2002
40761,Acetylcholinesterase,early_>=200_hits_1998_2002
40792,Gelatin,early_>=200_hits_1998_2002
40793,Evoked potential,early_>=200_hits_1998_2002
40810,MCM-41,early_>=200_hits_1998_2002
40824,Nematode,early_>=200_hits_1998_2002
40855,Mycoplasma,early_>=200_hits_1998_2002
40894,Zircon,early_>=200_hits_1998_2002
40897,Heart transplantation,early_>=200_hits_1998_2002
40925,New economy,early_>=200_hits_1998_2002
40937,Polyacrylamide,early_>=200_hits_1998_2002
40941,TRACER,early_>=200_hits_1998_2002
40959,Fusarium,early_>=200_hits_1998_2002
40973,Iodide,early_>=200_hits_1998_2002
41005,Cryptosporidium,early_>=200_hits_1998_2002
41018,Astrocytoma,early_>=200_hits_1998_2002
41019,Cardiopulmonary bypass,early_>=200_hits_1998_2002
41024,Cochlear implant,early_>=200_hits_1998_2002
41037,Hip fracture,early_>=200_hits_1998_2002
41078,Gonadotropin-releasing hormone,early_>=200_hits_1998_2002
41079,Sulfonate,early_>=200_hits_1998_2002
41119,Diatom,early_>=200_hits_1998_2002
41120,Ablation,early_>=200_hits_1998_2002
41143,Orthoptera,early_>=200_hits_1998_2002
41148,Hemiptera,early_>=200_hits_1998_2002
41164,Double layer,early_>=200_hits_1998_2002
41168,Triglyceride,early_>=200_hits_1998_2002
41179,Rodent,early_>=200_hits_1998_2002
41185,Hemoglobin,early_>=200_hits_1998_2002
41195,Phospholipid,early_>=200_hits_1998_2002
41208,Ventricle,early_>=200_hits_1998_2002
41241,Nephrotic syndrome,early_>=200_hits_1998_2002
41271,Salivary gland,early_>=200_hits_1998_2002
41278,Agonist,early_>=200_hits_1998_2002
41303,Caenorhabditis elegans,early_>=200_hits_1998_2002
41327,Macaque,early_>=200_hits_1998_2002
41335,Pyrene,early_>=200_hits_1998_2002
41349,Thymocyte,early_>=200_hits_1998_2002
41364,Extrusion,early_>=200_hits_1998_2002
41378,Vertebrate,early_>=200_hits_1998_2002
41461,Carbohydrate,early_>=200_hits_1998_2002
41473,Pulsed laser,early_>=200_hits_1998_2002
41474,Catalase,early_>=200_hits_1998_2002
41477,Vancomycin,early_>=200_hits_1998_2002
41494,Neurofibromatosis,early_>=200_hits_1998_2002
41508,Facial nerve,early_>=200_hits_1998_2002
41549,Nasopharyngeal carcinoma,early_>=200_hits_1998_2002
41555,Ginkgo biloba,early_>=200_hits_1998_2002
41562,Protein A,early_>=200_hits_1998_2002
41592,Artifact,early_>=200_hits_1998_2002
41602,Alkyne,early_>=200_hits_1998_2002
41608,Metastasis,early_>=200_hits_1998_2002
41652,Platelet-activating factor,early_>=200_hits_1998_2002
41658,Hodgkin's lymphoma,early_>=200_hits_1998_2002
41693,Muscular dystrophy,early_>=200_hits_1998_2002
41697,Curculionidae,early_>=200_hits_1998_2002
41704,Portal vein,early_>=200_hits_1998_2002
41709,Polycyclic aromatic hydrocarbon,early_>=200_hits_1998_2002
41713,Bacillus thuringiensis,early_>=200_hits_1998_2002
41716,Fibrinogen,early_>=200_hits_1998_2002
41766,Flavonoid,early_>=200_hits_1998_2002
41777,Peritoneal dialysis,early_>=200_hits_1998_2002
41788,Menstrual cycle,early_>=200_hits_1998_2002
41804,Arteriovenous fistula,early_>=200_hits_1998_2002
41806,Prolactin,early_>=200_hits_1998_2002
41812,Uterus,early_>=200_hits_1998_2002
41829,Augment,early_>=200_hits_1998_2002
41830,Foot-and-mouth disease,early_>=200_hits_1998_2002
41849,Carboxylic acid,early_>=200_hits_1998_2002
41856,Autoimmune disease,early_>=200_hits_1998_2002
41891,Low birth weight,early_>=200_hits_1998_2002
41908,c-jun,early_>=200_hits_1998_2002
41926,Hyperlipidemia,early_>=200_hits_1998_2002
41947,Hernia,early_>=200_hits_1998_2002
41964,Femoral head,early_>=200_hits_1998_2002
41982,Masculinity,early_>=200_hits_1998_2002
42058,Erythema,early_>=200_hits_1998_2002
42064,Germ cell,early_>=200_hits_1998_2002
42090,Scots pine,early_>=200_hits_1998_2002
42095,Brain tumor,early_>=200_hits_1998_2002
42097,Mesangial cell,early_>=200_hits_1998_2002
42131,Dipeptide,early_>=200_hits_1998_2002
42138,Oncorhynchus,early_>=200_hits_1998_2002
42154,Amygdala,early_>=200_hits_1998_2002
42188,Bacillus,early_>=200_hits_1998_2002
42223,Medicinal plants,early_>=200_hits_1998_2002
42229,Comorbidity,early_>=200_hits_1998_2002
42234,Meningioma,early_>=200_hits_1998_2002
42238,Atrial fibrillation,early_>=200_hits_1998_2002
42295,Aspergillus,early_>=200_hits_1998_2002
42305,Antidepressant,early_>=200_hits_1998_2002
42308,non-small cell lung cancer,early_>=200_hits_1998_2002
42365,Laser ablation,early_>=200_hits_1998_2002
42403,Sunflower,early_>=200_hits_1998_2002
42412,Misoprostol,early_>=200_hits_1998_2002
42427,Cysteine,early_>=200_hits_1998_2002
42501,Heme oxygenase,early_>=200_hits_1998_2002
42554,Ginseng,early_>=200_hits_1998_2002
42564,Kaposi's sarcoma,early_>=200_hits_1998_2002
42567,Environmental factor,early_>=200_hits_1998_2002
42576,Nitrile,early_>=200_hits_1998_2002
42588,Macrophage,early_>=200_hits_1998_2002
42589,Aniline,early_>=200_hits_1998_2002
42620,Cellulose,early_>=200_hits_1998_2002
42634,Naphthalene,early_>=200_hits_1998_2002
42666,Dentin,early_>=200_hits_1998_2002
42667,Afferent,early_>=200_hits_1998_2002
42675,College English,early_>=200_hits_1998_2002
42729,Follicle-stimulating hormone,early_>=200_hits_1998_2002
42737,Streptozotocin,early_>=200_hits_1998_2002
42741,Crohn's disease,early_>=200_hits_1998_2002
42743,Peptide,early_>=200_hits_1998_2002
42750,Myeloid,early_>=200_hits_1998_2002
42770,Tilapia,early_>=200_hits_1998_2002
42777,Staphylococcus,early_>=200_hits_1998_2002
42847,Carbamate,early_>=200_hits_1998_2002
42891,Ischemic preconditioning,early_>=200_hits_1998_2002
42937,Pyrimidine,early_>=200_hits_1998_2002
42961,X-ray,early_>=200_hits_1998_2002
42963,Patient safety,early_>=200_hits_1998_2002
42969,Bone density,early_>=200_hits_1998_2002
42983,Proteoglycan,early_>=200_hits_1998_2002
42988,Powdery mildew,early_>=200_hits_1998_2002
42989,Bipyridine,early_>=200_hits_1998_2002
42999,Lymphoma,early_>=200_hits_1998_2002
43028,Aerosol,early_>=200_hits_1998_2002
43031,Visual cortex,early_>=200_hits_1998_2002
43043,Glutamine,early_>=200_hits_1998_2002
43060,Degeneration,early_>=200_hits_1998_2002
43066,Checklist,early_>=200_hits_1998_2002
43073,Ghrelin,early_>=200_hits_1998_2002
43074,Metaplasia,early_>=200_hits_1998_2002
43114,Forage,early_>=200_hits_1998_2002
43127,Stiffness,early_>=200_hits_1998_2002
43181,Concomitant,early_>=200_hits_1998_2002
43197,Gallstones,early_>=200_hits_1998_2002
43210,Peptic,early_>=200_hits_1998_2002
43229,Vascular smooth muscle,early_>=200_hits_1998_2002
43232,Natural product,early_>=200_hits_1998_2002
43242,Malignancy,early_>=200_hits_1998_2002
43245,Bile acid,early_>=200_hits_1998_2002
43246,Pyrrole,early_>=200_hits_1998_2002
43252,Acrylamide,early_>=200_hits_1998_2002
43286,Japonica,early_>=200_hits_1998_2002
43331,Cerebral palsy,early_>=200_hits_1998_2002
43344,Aphasia,early_>=200_hits_1998_2002
43393,Bypass surgery,early_>=200_hits_1998_2002
43397,Cyclodextrin,early_>=200_hits_1998_2002
43415,Epidermal growth factor receptor,early_>=200_hits_1998_2002
43439,Bacteremia,early_>=200_hits_1998_2002
43448,Year-ending,early_>=200_hits_1998_2002
43466,Cerebral infarction,early_>=200_hits_1998_2002
43498,Pharmacist,early_>=200_hits_1998_2002
43514,Ribose,early_>=200_hits_1998_2002
43527,Revascularization,early_>=200_hits_1998_2002
43541,Prostatectomy,early_>=200_hits_1998_2002
43588,Decompression,early_>=200_hits_1998_2002
43590,Porphyrin,early_>=200_hits_1998_2002
43611,Pyridine,early_>=200_hits_1998_2002
43621,Ecstasy,early_>=200_hits_1998_2002
43624,Staphylococcus aureus,early_>=200_hits_1998_2002
43634,Neurotoxicity,early_>=200_hits_1998_2002
43635,Arabidopsis,early_>=200_hits_1998_2002
43648,Hysterectomy,early_>=200_hits_1998_2002
43652,Delphi,early_>=200_hits_1998_2002
43659,Nebula,early_>=200_hits_1998_2002
43716,Pheochromocytoma,early_>=200_hits_1998_2002
43763,Endometriosis,early_>=200_hits_1998_2002
43806,Silica gel,early_>=200_hits_1998_2002
43826,Xenopus,early_>=200_hits_1998_2002
43835,Heteroptera,early_>=200_hits_1998_2002
43856,Mass index,early_>=200_hits_1998_2002
43884,Antifungal,early_>=200_hits_1998_2002
43889,Trypanosoma,early_>=200_hits_1998_2002
43954,Field trial,early_>=200_hits_1998_2002
43957,Chronic fatigue syndrome,early_>=200_hits_1998_2002
43962,Intraocular lens,early_>=200_hits_1998_2002
43975,Nicotinic acetylcholine receptor,early_>=200_hits_1998_2002
43980,Thyroid hormones,early_>=200_hits_1998_2002
44000,Polyurethane,early_>=200_hits_1998_2002
44011,Organic compound,early_>=200_hits_1998_2002
44012,Thrombolysis,early_>=200_hits_1998_2002
44047,Bradykinin,early_>=200_hits_1998_2002
44090,Voltammetry,early_>=200_hits_1998_2002
44091,Arteriovenous malformation,early_>=200_hits_1998_2002
44102,Salmonella enterica,early_>=200_hits_1998_2002
44105,Methanol,early_>=200_hits_1998_2002
44118,Thalidomide,early_>=200_hits_1998_2002
44119,Liver transplantation,early_>=200_hits_1998_2002
44127,ACE inhibitor,early_>=200_hits_1998_2002
44161,Paralysis,early_>=200_hits_1998_2002
44167,Low-density lipoprotein,early_>=200_hits_1998_2002
44199,Calcitonin,early_>=200_hits_1998_2002
44206,Amphotericin B,early_>=200_hits_1998_2002
44210,Parvovirus,early_>=200_hits_1998_2002
44229,Pleural effusion,early_>=200_hits_1998_2002
44272,Respiratory tract,early_>=200_hits_1998_2002
44282,Activated carbon,early_>=200_hits_1998_2002
44284,Acetyltransferase,early_>=200_hits_1998_2002
44292,Spondylitis,early_>=200_hits_1998_2002
44296,Cerebrospinal fluid,early_>=200_hits_1998_2002
44299,Cerebellum,early_>=200_hits_1998_2002
44314,Agrobacterium,early_>=200_hits_1998_2002
44336,Hematoma,early_>=200_hits_1998_2002
44344,Cycloaddition,early_>=200_hits_1998_2002
44346,Foreign Bodies,early_>=200_hits_1998_2002
44367,Cyanobacteria,early_>=200_hits_1998_2002
44370,Mildew,early_>=200_hits_1998_2002
44419,Plasminogen activator,early_>=200_hits_1998_2002
44446,Bisphenol A,early_>=200_hits_1998_2002
44475,Cyclooxygenase,early_>=200_hits_1998_2002
44483,Prunus,early_>=200_hits_1998_2002
44499,Atmospherics,early_>=200_hits_1998_2002
44503,Lipase,early_>=200_hits_1998_2002
44506,Graphite,early_>=200_hits_1998_2002
44512,Cruciate ligament,early_>=200_hits_1998_2002
44516,Manganite,early_>=200_hits_1998_2002
44529,Pichia,early_>=200_hits_1998_2002
44532,Anti-inflammatory,early_>=200_hits_1998_2002
44544,Isoflavones,early_>=200_hits_1998_2002
44548,Ginkgo,early_>=200_hits_1998_2002
44552,Growth inhibition,early_>=200_hits_1998_2002
44587,Forebrain,early_>=200_hits_1998_2002
44623,Rapeseed,early_>=200_hits_1998_2002
44626,Mast cell,early_>=200_hits_1998_2002
44632,Psychosis,early_>=200_hits_1998_2002
44644,One-Step,early_>=200_hits_1998_2002
44657,Chitosan,early_>=200_hits_1998_2002
44663,Parkinson's disease,early_>=200_hits_1998_2002
44700,Endometrium,early_>=200_hits_1998_2002
44702,Esophageal cancer,early_>=200_hits_1998_2002
44712,Human lung,early_>=200_hits_1998_2002
44715,Endarterectomy,early_>=200_hits_1998_2002
44733,Root canal,early_>=200_hits_1998_2002
44759,Polyethylene,early_>=200_hits_1998_2002
44762,Eucalyptus,early_>=200_hits_1998_2002
44767,Ligament,early_>=200_hits_1998_2002
44791,Eosinophilic,early_>=200_hits_1998_2002
44804,Thyroid cancer,early_>=200_hits_1998_2002
44810,Urinary bladder,early_>=200_hits_1998_2002
44831,Microsatellite instability,early_>=200_hits_1998_2002
44833,Mandible,early_>=200_hits_1998_2002
44847,Silicone,early_>=200_hits_1998_2002
44848,Decapoda,early_>=200_hits_1998_2002
44854,Thrombocytopenic purpura,early_>=200_hits_1998_2002
44880,Bile duct,early_>=200_hits_1998_2002
44890,Desensitization,early_>=200_hits_1998_2002
44898,Conjugated linoleic acid,early_>=200_hits_1998_2002
45042,Laminin,early_>=200_hits_1998_2002
45049,Proline,early_>=200_hits_1998_2002
45073,Drug delivery,early_>=200_hits_1998_2002
45075,Human cytomegalovirus,early_>=200_hits_1998_2002
45077,Aluminium alloy,early_>=200_hits_1998_2002
45093,Aldehyde,early_>=200_hits_1998_2002
45106,Diabetic retinopathy,early_>=200_hits_1998_2002
45151,Tetanus,early_>=200_hits_1998_2002
45168,Endodontics,early_>=200_hits_1998_2002
45174,Bisphenol,early_>=200_hits_1998_2002
45207,Pancreatic islets,early_>=200_hits_1998_2002
45208,Alanine,early_>=200_hits_1998_2002
45265,Ammonium,early_>=200_hits_1998_2002
45303,Asteraceae,early_>=200_hits_1998_2002
45343,Opioid receptor,early_>=200_hits_1998_2002
45362,Telemedicine,early_>=200_hits_1998_2002
45367,Acceptor,early_>=200_hits_1998_2002
45371,Creatine,early_>=200_hits_1998_2002
45393,Scintigraphy,early_>=200_hits_1998_2002
45396,Modalities,early_>=200_hits_1998_2002
45433,Campylobacter,early_>=200_hits_1998_2002
45456,Extracorporeal,early_>=200_hits_1998_2002
45481,Esophagitis,early_>=200_hits_1998_2002
45485,Streptomyces,early_>=200_hits_1998_2002
45494,Diabetic nephropathy,early_>=200_hits_1998_2002
45496,Quinolone,early_>=200_hits_1998_2002
45520,Erectile dysfunction,early_>=200_hits_1998_2002
45562,Diels–Alder reaction,early_>=200_hits_1998_2002
45595,Hyperthermia,early_>=200_hits_1998_2002
45600,Amyloidosis,early_>=200_hits_1998_2002
45603,Quality of life,early_>=200_hits_1998_2002
45611,Thiophene,early_>=200_hits_1998_2002
45615,Down syndrome,early_>=200_hits_1998_2002
45639,Skeletal muscle,early_>=200_hits_1998_2002
45699,Graft-versus-host disease,early_>=200_hits_1998_2002
45705,Clinical Practice,early_>=200_hits_1998_2002
45714,Dialysis,early_>=200_hits_1998_2002
45719,Blood cell,early_>=200_hits_1998_2002
45722,Nuclear power plant,early_>=200_hits_1998_2002
45733,Deformity,early_>=200_hits_1998_2002
45758,Mussel,early_>=200_hits_1998_2002
45762,Plexus,early_>=200_hits_1998_2002
45765,Acrylate,early_>=200_hits_1998_2002
45791,Aortic dissection,early_>=200_hits_1998_2002
45793,Abdominal aortic aneurysm,early_>=200_hits_1998_2002
45795,Bronchitis,early_>=200_hits_1998_2002
45801,Foreign body,early_>=200_hits_1998_2002
45824,Fiscal year,early_>=200_hits_1998_2002
45846,Stenosis,early_>=200_hits_1998_2002
45848,Bone marrow,early_>=200_hits_1998_2002
45861,Venous thrombosis,early_>=200_hits_1998_2002
45871,Aerogel,early_>=200_hits_1998_2002
45879,Blood transfusion,early_>=200_hits_1998_2002
45881,Propionate,early_>=200_hits_1998_2002
45892,Appendicitis,early_>=200_hits_1998_2002
45893,Neuralgia,early_>=200_hits_1998_2002
45923,Vitamin C,early_>=200_hits_1998_2002
45938,Valve replacement,early_>=200_hits_1998_2002
45997,Ribavirin,early_>=200_hits_1998_2002
46020,Laparoscopy,early_>=200_hits_1998_2002
46028,Provenance,early_>=200_hits_1998_2002
46037,Capsaicin,early_>=200_hits_1998_2002
46069,Risperidone,early_>=200_hits_1998_2002
46083,Dentures,early_>=200_hits_1998_2002
46084,Striatum,early_>=200_hits_1998_2002
46095,Sapphire,early_>=200_hits_1998_2002
46112,Equivalence,early_>=200_hits_1998_2002
46113,Cyclase,early_>=200_hits_1998_2002
46130,Lipoprotein,early_>=200_hits_1998_2002
46142,Heart disease,early_>=200_hits_1998_2002
46152,Occlusive,early_>=200_hits_1998_2002
46245,Phytophthora,early_>=200_hits_1998_2002
46266,Drosophila melanogaster,early_>=200_hits_1998_2002
46269,Antibacterial activity,early_>=200_hits_1998_2002
46275,Tendon,early_>=200_hits_1998_2002
46289,Public service,early_>=200_hits_1998_2002
46313,Reperfusion injury,early_>=200_hits_1998_2002
46315,Polyamine,early_>=200_hits_1998_2002
46317,Heterologous,early_>=200_hits_1998_2002
46337,Hydrolase,early_>=200_hits_1998_2002
46345,Chlamydia,early_>=200_hits_1998_2002
46379,Autoimmunity,early_>=200_hits_1998_2002
46412,Dry matter,early_>=200_hits_1998_2002
46423,Granuloma,early_>=200_hits_1998_2002
46461,Lidocaine,early_>=200_hits_1998_2002
46507,Hormone replacement therapy,early_>=200_hits_1998_2002
46517,Ethanol,early_>=200_hits_1998_2002
46528,Energy consumption,early_>=200_hits_1998_2002
46533,Regurgitation,early_>=200_hits_1998_2002
46578,Guideline,early_>=200_hits_1998_2002
46588,Hypertrophic cardiomyopathy,early_>=200_hits_1998_2002
46620,Hemangioma,early_>=200_hits_1998_2002
46629,Prostate cancer,early_>=200_hits_1998_2002
46658,Peritonitis,early_>=200_hits_1998_2002
46672,Wideband,early_>=200_hits_1998_2002
46673,Temporomandibular joint,early_>=200_hits_1998_2002
46679,Dinoflagellate,early_>=200_hits_1998_2002
46688,Lactobacillus,early_>=200_hits_1998_2002
46690,Erythromycin,early_>=200_hits_1998_2002
46703,Pancreatic cancer,early_>=200_hits_1998_2002
46717,Sentinel lymph node,early_>=200_hits_1998_2002
46722,Forearm,early_>=200_hits_1998_2002
46723,Trichoderma,early_>=200_hits_1998_2002
46752,Body mass index,early_>=200_hits_1998_2002
46754,Gerbil,early_>=200_hits_1998_2002
46770,Cataracts,early_>=200_hits_1998_2002
46772,Modality,early_>=200_hits_1998_2002
46776,Nephrectomy,early_>=200_hits_1998_2002
46782,Connexin,early_>=200_hits_1998_2002
46804,Long-term care,early_>=200_hits_1998_2002
46875,Immunosuppression,early_>=200_hits_1998_2002
46876,Gastropoda,early_>=200_hits_1998_2002
46885,Probiotic,early_>=200_hits_1998_2002
46896,Gemcitabine,early_>=200_hits_1998_2002
46898,Irinotecan,early_>=200_hits_1998_2002
46924,Managed care,early_>=200_hits_1998_2002
46941,Wound healing,early_>=200_hits_1998_2002
46942,Ropivacaine,early_>=200_hits_1998_2002
46984,Tachycardia,early_>=200_hits_1998_2002
46986,Affinities,early_>=200_hits_1998_2002
47003,Losartan,early_>=200_hits_1998_2002
47007,Broiler,early_>=200_hits_1998_2002
47042,Stock market,early_>=200_hits_1998_2002
47069,Kidney transplantation,early_>=200_hits_1998_2002
47089,Calcification,early_>=200_hits_1998_2002
47096,Imperfect,early_>=200_hits_1998_2002
47124,Weight gain,early_>=200_hits_1998_2002
47141,c-Fos,early_>=200_hits_1998_2002
47142,Metformin,early_>=200_hits_1998_2002
47151,Cyprinus,early_>=200_hits_1998_2002
47152,Angioplasty,early_>=200_hits_1998_2002
47183,Service-learning,early_>=200_hits_1998_2002
47202,Cytometry,early_>=200_hits_1998_2002
47210,Trypsin,early_>=200_hits_1998_2002
47218,Spectrophotometry,early_>=200_hits_1998_2002
47261,Teleostei,early_>=200_hits_1998_2002
47267,Bladder cancer,early_>=200_hits_1998_2002
47299,Twenty-First Century,early_>=200_hits_1998_2002
47322,MATLAB,early_>=200_hits_1998_2002
47331,Primary biliary cirrhosis,early_>=200_hits_1998_2002
47348,Glomerulonephritis,early_>=200_hits_1998_2002
47369,Mycobacterium,early_>=200_hits_1998_2002
47385,Methamphetamine,early_>=200_hits_1998_2002
47391,Insulin-like growth factor-binding protein,early_>=200_hits_1998_2002
47408,Fibroblast,early_>=200_hits_1998_2002
47420,Periodontitis,early_>=200_hits_1998_2002
47426,Radiosurgery,early_>=200_hits_1998_2002
47433,Exponent,early_>=200_hits_1998_2002
47458,Angiogenesis,early_>=200_hits_1998_2002
47489,Percutaneous coronary intervention,early_>=200_hits_1998_2002
47494,Dexamethasone,early_>=200_hits_1998_2002
47564,Immunoassay,early_>=200_hits_1998_2002
47588,Ovarian cancer,early_>=200_hits_1998_2002
47610,Rhizobium,early_>=200_hits_1998_2002
47615,Benign prostatic hyperplasia,early_>=200_hits_1998_2002
47652,Bifunctional,early_>=200_hits_1998_2002
47665,Metallocene,early_>=200_hits_1998_2002
47695,Fluorouracil,early_>=200_hits_1998_2002
47699,Percolation,early_>=200_hits_1998_2002
47746,Gastrectomy,early_>=200_hits_1998_2002
47748,Solvent,early_>=200_hits_1998_2002
47754,Mammography,early_>=200_hits_1998_2002
47768,Larynx,early_>=200_hits_1998_2002
47780,Excimer laser,early_>=200_hits_1998_2002
47791,Ulcerative colitis,early_>=200_hits_1998_2002
47842,Hearing loss,early_>=200_hits_1998_2002
47843,Antipsychotic,early_>=200_hits_1998_2002
47854,Ascites,early_>=200_hits_1998_2002
47856,Detoxification,early_>=200_hits_1998_2002
47864,Tubule,early_>=200_hits_1998_2002
47884,Acrylic acid,early_>=200_hits_1998_2002
47918,Primate,early_>=200_hits_1998_2002
47920,Allergen,early_>=200_hits_1998_2002
47926,Gastrointestinal tract,early_>=200_hits_1998_2002
47962,Ambiguity,early_>=200_hits_1998_2002
47964,Labelling,early_>=200_hits_1998_2002
48005,Ferric,early_>=200_hits_1998_2002
48029,High-density lipoprotein,early_>=200_hits_1998_2002
48075,Cartilage,early_>=200_hits_1998_2002
48076,Osteomyelitis,early_>=200_hits_1998_2002
48095,Linker,early_>=200_hits_1998_2002
48105,Fibrosis,early_>=200_hits_1998_2002
48109,Fertilizer,early_>=200_hits_1998_2002
48124,Psoriasis,early_>=200_hits_1998_2002
48187,Metabolic syndrome,early_>=200_hits_1998_2002
48196,Panorama,early_>=200_hits_1998_2002
48211,Pellets,early_>=200_hits_1998_2002
48214,Enterococcus,early_>=200_hits_1998_2002
48238,Biphenyl,early_>=200_hits_1998_2002
48250,Hepatitis B virus,early_>=200_hits_1998_2002
48254,Multiplication,early_>=200_hits_1998_2002
48260,Sulfide,early_>=200_hits_1998_2002
48261,Amyotrophic lateral sclerosis,early_>=200_hits_1998_2002
48263,Dysphagia,early_>=200_hits_1998_2002
48306,Resource management,early_>=200_hits_1998_2002
48316,Phosphatidylinositol,early_>=200_hits_1998_2002
48326,Leptin,early_>=200_hits_1998_2002
48349,Pollen,early_>=200_hits_1998_2002
48418,Neoplasm,early_>=200_hits_1998_2002
48444,Multiple sclerosis,early_>=200_hits_1998_2002
48451,Oligomer,early_>=200_hits_1998_2002
48458,Quinone,early_>=200_hits_1998_2002
48461,Angiography,early_>=200_hits_1998_2002
48481,Huntington's disease,early_>=200_hits_1998_2002
48483,Land cover,early_>=200_hits_1998_2002
48500,Rituximab,early_>=200_hits_1998_2002
48503,Hymenoptera,early_>=200_hits_1998_2002
48508,Weaning,early_>=200_hits_1998_2002
48513,Peptic ulcer,early_>=200_hits_1998_2002
48531,Carbonate,early_>=200_hits_1998_2002
48553,Prostaglandin,early_>=200_hits_1998_2002
48559,Vinyl alcohol,early_>=200_hits_1998_2002
48569,Hypoglycemia,early_>=200_hits_1998_2002
48610,Group A,early_>=200_hits_1998_2002
48655,Insulin-like growth factor,early_>=200_hits_1998_2002
48664,Component analysis,early_>=200_hits_1998_2002
48668,Leprosy,early_>=200_hits_1998_2002
48699,Syncope,early_>=200_hits_1998_2002
48720,Perchlorate,early_>=200_hits_1998_2002
48726,Governo,early_>=200_hits_1998_2002
48733,Acacia,early_>=200_hits_1998_2002
48738,Aortic valve,early_>=200_hits_1998_2002
48767,Silicon carbide,early_>=200_hits_1998_2002
48771,Cholera,early_>=200_hits_1998_2002
48778,Emergency department,early_>=200_hits_1998_2002
48792,Computer-aided,early_>=200_hits_1998_2002
48835,Compost,early_>=200_hits_1998_2002
48854,Executive summary,early_>=200_hits_1998_2002
48874,Xanthomonas,early_>=200_hits_1998_2002
48921,Dilation,early_>=200_hits_1998_2002
48922,Lectin,early_>=200_hits_1998_2002
48936,Phthalocyanine,early_>=200_hits_1998_2002
48971,Cytochrome,early_>=200_hits_1998_2002
48992,Spinal cord,early_>=200_hits_1998_2002
49021,Attention deficit hyperactivity disorder,early_>=200_hits_1998_2002
49072,Ketamine,early_>=200_hits_1998_2002
49077,Superoxide,early_>=200_hits_1998_2002
49090,Water quality,early_>=200_hits_1998_2002
49098,Transient,early_>=200_hits_1998_2002
49102,Immunization,early_>=200_hits_1998_2002
49104,Differential diagnosis,early_>=200_hits_1998_2002
49117,Diesel engine,early_>=200_hits_1998_2002
49121,Teacher education,early_>=200_hits_1998_2002
49134,Linoleic acid,early_>=200_hits_1998_2002
49141,Percutaneous,early_>=200_hits_1998_2002
49168,Myelodysplastic syndromes,early_>=200_hits_1998_2002
49173,Weevil,early_>=200_hits_1998_2002
49177,Analgesic,early_>=200_hits_1998_2002
49193,Solar cell,early_>=200_hits_1998_2002
49201,Retinal,early_>=200_hits_1998_2002
49203,Fluoride,early_>=200_hits_1998_2002
49206,Lipid peroxidation,early_>=200_hits_1998_2002
49224,Helicobacter,early_>=200_hits_1998_2002
49247,Optic nerve,early_>=200_hits_1998_2002
49265,Glucocorticoid,early_>=200_hits_1998_2002
49312,Lymph node,early_>=200_hits_1998_2002
49334,Titanate,early_>=200_hits_1998_2002
49336,Lipoxygenase,early_>=200_hits_1998_2002
49343,Sewage sludge,early_>=200_hits_1998_2002
49370,Clozapine,early_>=200_hits_1998_2002
49393,Thrombosis,early_>=200_hits_1998_2002
49395,Immunogenicity,early_>=200_hits_1998_2002
49407,Cannabinoid,early_>=200_hits_1998_2002
49410,Diamine,early_>=200_hits_1998_2002
49422,Lubricant,early_>=200_hits_1998_2002
49423,Imidazole,early_>=200_hits_1998_2002
49427,Myocarditis,early_>=200_hits_1998_2002
49434,Sphincter,early_>=200_hits_1998_2002
49453,Glycerol,early_>=200_hits_1998_2002
49466,Officinalis,early_>=200_hits_1998_2002
49489,Phytoplankton,early_>=200_hits_1998_2002
49524,Silicide,early_>=200_hits_1998_2002
49527,Steroid,early_>=200_hits_1998_2002
49531,Indentation,early_>=200_hits_1998_2002
49546,Ataxia,early_>=200_hits_1998_2002
49555,Low back pain,early_>=200_hits_1998_2002
49564,Problem-based learning,early_>=200_hits_1998_2002
49580,Methionine,early_>=200_hits_1998_2002
49589,Cord blood,early_>=200_hits_1998_2002
49600,Candida albicans,early_>=200_hits_1998_2002
49626,Tetracycline,early_>=200_hits_1998_2002
49629,Tin oxide,early_>=200_hits_1998_2002
49652,Blindness,early_>=200_hits_1998_2002
49657,Pulmonary hypertension,early_>=200_hits_1998_2002
49663,Spleen,early_>=200_hits_1998_2002
49692,Pulmonary artery,early_>=200_hits_1998_2002
49707,Pathogenesis,early_>=200_hits_1998_2002
49730,Haloperidol,early_>=200_hits_1998_2002
49741,Mosaic virus,early_>=200_hits_1998_2002
49752,Scoliosis,early_>=200_hits_1998_2002
49756,Abdominal pain,early_>=200_hits_1998_2002
49765,Abrasive,early_>=200_hits_1998_2002
49796,Humic acid,early_>=200_hits_1998_2002
49801,Polyimide,early_>=200_hits_1998_2002
49825,Endothelial dysfunction,early_>=200_hits_1998_2002
49836,Oral history,early_>=200_hits_1998_2002
49897,splice,early_>=200_hits_1998_2002
49901,Conjecture,early_>=200_hits_1998_2002
49911,National park,early_>=200_hits_1998_2002
49951,Ruminant,early_>=200_hits_1998_2002
50004,Traumatic brain injury,early_>=200_hits_1998_2002
50006,Oncogene,early_>=200_hits_1998_2002
50034,Octreotide,early_>=200_hits_1998_2002
50042,Meningitis,early_>=200_hits_1998_2002
50111,Cerebral cortex,early_>=200_hits_1998_2002
50144,Peroxide,early_>=200_hits_1998_2002
50161,Lignin,early_>=200_hits_1998_2002
50191,Methotrexate,early_>=200_hits_1998_2002
50197,Hydrate,early_>=200_hits_1998_2002
50212,Opioid,early_>=200_hits_1998_2002
50220,Salmonella,early_>=200_hits_1998_2002
50228,Hydroxysteroid dehydrogenase,early_>=200_hits_1998_2002
50237,Carotid endarterectomy,early_>=200_hits_1998_2002
50252,Fentanyl,early_>=200_hits_1998_2002
50262,Rectum,early_>=200_hits_1998_2002
50282,Tricyclic,early_>=200_hits_1998_2002
50292,Solanum,early_>=200_hits_1998_2002
50315,Chitin,early_>=200_hits_1998_2002
50331,Clostridium,early_>=200_hits_1998_2002
50336,Leishmania,early_>=200_hits_1998_2002
50339,Intraocular pressure,early_>=200_hits_1998_2002
50371,Temporal lobe,early_>=200_hits_1998_2002
50394,Phacoemulsification,early_>=200_hits_1998_2002
50407,Fulminant,early_>=200_hits_1998_2002
50412,Hydroxylation,early_>=200_hits_1998_2002
50430,Constipation,early_>=200_hits_1998_2002
50455,Chronic pain,early_>=200_hits_1998_2002
50477,Retinoic acid,early_>=200_hits_1998_2002
50487,Choline,early_>=200_hits_1998_2002
50558,Protease inhibitor,early_>=200_hits_1998_2002
50590,Atresia,early_>=200_hits_1998_2002
50591,Sciatic nerve,early_>=200_hits_1998_2002
50601,Brachial plexus,early_>=200_hits_1998_2002
50619,Lesion,early_>=200_hits_1998_2002
50636,Hippocampus,early_>=200_hits_1998_2002
50681,Atrophy,early_>=200_hits_1998_2002
50707,Family history,early_>=200_hits_1998_2002
50714,Coherence,early_>=200_hits_1998_2002
50716,Adenocarcinoma,early_>=200_hits_1998_2002
50724,Monocyte,early_>=200_hits_1998_2002
50726,Nephropathy,early_>=200_hits_1998_2002
50728,Dobutamine,early_>=200_hits_1998_2002
50754,Multiplex,early_>=200_hits_1998_2002
50763,Docetaxel,early_>=200_hits_1998_2002
50771,White matter,early_>=200_hits_1998_2002
50779,Prefrontal cortex,early_>=200_hits_1998_2002
50780,C-reactive protein,early_>=200_hits_1998_2002
50787,Herpes simplex virus,early_>=200_hits_1998_2002
50791,Biomarker,early_>=200_hits_1998_2002
50824,Lattice,early_>=200_hits_1998_2002
50850,Intercropping,early_>=200_hits_1998_2002
50851,Parathyroid hormone,early_>=200_hits_1998_2002
50871,Acetone,early_>=200_hits_1998_2002
50951,Type 1 diabetes,early_>=200_hits_1998_2002
50982,Cyberspace,early_>=200_hits_1998_2002
50997,Craniofacial,early_>=200_hits_1998_2002
51012,Thermoplastic,early_>=200_hits_1998_2002
51033,Streptococcus pneumoniae,early_>=200_hits_1998_2002
51047,Antecedent,early_>=200_hits_1998_2002
51072,Isomerase,early_>=200_hits_1998_2002
51085,Catheter,early_>=200_hits_1998_2002
51118,Eclampsia,early_>=200_hits_1998_2002
51125,Navier–Stokes equations,early_>=200_hits_1998_2002
51172,Protein C,early_>=200_hits_1998_2002
51232,Sarcoidosis,early_>=200_hits_1998_2002
51235,Eyelid,early_>=200_hits_1998_2002
51242,Doxorubicin,early_>=200_hits_1998_2002
51259,Proteolysis,early_>=200_hits_1998_2002
51311,General practice,early_>=200_hits_1998_2002
51326,Photodynamic therapy,early_>=200_hits_1998_2002
51339,Alkane,early_>=200_hits_1998_2002
51344,Bupivacaine,early_>=200_hits_1998_2002
51364,Ganglion,early_>=200_hits_1998_2002
51376,Coumarin,early_>=200_hits_1998_2002
51395,Arteritis,early_>=200_hits_1998_2002
51407,Manipulator,early_>=200_hits_1998_2002
51415,Bifurcation,early_>=200_hits_1998_2002
51419,Listeria monocytogenes,early_>=200_hits_1998_2002
51431,Thinning,early_>=200_hits_1998_2002
51443,Deflection,early_>=200_hits_1998_2002
51451,Digestion,early_>=200_hits_1998_2002
51467,Thrombus,early_>=200_hits_1998_2002
51481,Rotavirus,early_>=200_hits_1998_2002
51521,Epstein–Barr virus,early_>=200_hits_1998_2002
51525,Anopheles,early_>=200_hits_1998_2002
51626,Chondrocyte,early_>=200_hits_1998_2002
51630,Crayfish,early_>=200_hits_1998_2002
51644,Prostate-specific antigen,early_>=200_hits_1998_2002
51664,Implant,early_>=200_hits_1998_2002
51671,Regimen,early_>=200_hits_1998_2002
51758,Coordination polymer,early_>=200_hits_1998_2002
51797,Ab initio,early_>=200_hits_1998_2002
51806,Gastric mucosa,early_>=200_hits_1998_2002
51822,Schwannoma,early_>=200_hits_1998_2002
51825,Lung transplantation,early_>=200_hits_1998_2002
51829,Tocopherol,early_>=200_hits_1998_2002
51838,Carboplatin,early_>=200_hits_1998_2002
51846,Sevoflurane,early_>=200_hits_1998_2002
51890,Pseudomonas,early_>=200_hits_1998_2002
51899,Amphibian,early_>=200_hits_1998_2002
51954,Fibronectins,early_>=200_hits_1998_2002
52042,Pulmonary tuberculosis,early_>=200_hits_1998_2002
52064,Intrinsics,early_>=200_hits_1998_2002
52065,Ovarian carcinomas,early_>=200_hits_1998_2002
52149,Knee Joint,early_>=200_hits_1998_2002
52298,Hydroxysteroid Dehydrogenases,early_>=200_hits_1998_2002
52313,Helicobacter pylori infection,early_>=200_hits_1998_2002
52376,Angiotensin II,early_>=200_hits_1998_2002
52559,Carcinoma Cell,early_>=200_hits_1998_2002
52591,Soft X-rays,early_>=200_hits_1998_2002
52747,Peripheral Blood Stem Cells,early_>=200_hits_1998_2002
52772,Retinal pigments,early_>=200_hits_1998_2002
53177,Laryngeal Masks,early_>=200_hits_1998_2002
53180,Endothelins,early_>=200_hits_1998_2002
53209,Tacrolimus,early_>=200_hits_1998_2002
53254,Electromagnetics,early_>=200_hits_1998_2002
53297,Sexually transmitted disease,early_>=200_hits_1998_2002
53409,Acetonitriles,early_>=200_hits_1998_2002
53445,Hydroxyapatites,early_>=200_hits_1998_2002
53497,Mycophenolate,early_>=200_hits_1998_2002
53543,Lymphoblastic Leukemia,early_>=200_hits_1998_2002
53579,European union,early_>=200_hits_1998_2002
53668,Type 2 Diabetes Mellitus,early_>=200_hits_1998_2002
53673,Attention deficits,early_>=200_hits_1998_2002
53842,Inner Cities,early_>=200_hits_1998_2002
53889,Peroxisome proliferator,early_>=200_hits_1998_2002
53898,Acetyltransferases,early_>=200_hits_1998_2002
54345,Transitional Cell,early_>=200_hits_1998_2002
54634,Cyclohexanes,early_>=200_hits_1998_2002
54780,Transplantation,early_>=200_hits_1998_2002
54885,Ubiquitins,early_>=200_hits_1998_2002
54916,Propionates,early_>=200_hits_1998_2002
54931,Health information,early_>=200_hits_1998_2002
54940,Medical treatment,early_>=200_hits_1998_2002
54943,Social justice,early_>=200_hits_1998_2002
54947,Light source,early_>=200_hits_1998_2002
54951,Disease management,early_>=200_hits_1998_2002
54967,Plant growth,early_>=200_hits_1998_2002
54986,Pain management,early_>=200_hits_1998_2002
54996,Rare earth,early_>=200_hits_1998_2002
55013,North sea,early_>=200_hits_1998_2002
55033,Cancer therapy,early_>=200_hits_1998_2002
55046,Stationary phase,early_>=200_hits_1998_2002
55061,Secondary education,early_>=200_hits_1998_2002
55079,Third party,early_>=200_hits_1998_2002
55085,Population structure,early_>=200_hits_1998_2002
55091,Health insurance,early_>=200_hits_1998_2002
55099,Spectral analysis,early_>=200_hits_1998_2002
55100,Water stress,early_>=200_hits_1998_2002
55113,Commercial bank,early_>=200_hits_1998_2002
55124,Delivery system,early_>=200_hits_1998_2002
55128,Cost benefit,early_>=200_hits_1998_2002
55141,Lung disease,early_>=200_hits_1998_2002
55151,Laser beams,early_>=200_hits_1998_2002
55194,Structure function,early_>=200_hits_1998_2002
55220,Surface structure,early_>=200_hits_1998_2002
55245,Growth hormone,early_>=200_hits_1998_2002
55249,Web site,early_>=200_hits_1998_2002
55258,Microwave irradiation,early_>=200_hits_1998_2002
55264,E learning,early_>=200_hits_1998_2002
55265,Self consistent,early_>=200_hits_1998_2002
55271,Health risk,early_>=200_hits_1998_2002
55289,High pressure,early_>=200_hits_1998_2002
55296,Primary care,early_>=200_hits_1998_2002
55320,Pacific ocean,early_>=200_hits_1998_2002
55323,Nursing care,early_>=200_hits_1998_2002
55330,Cognitive impairment,early_>=200_hits_1998_2002
55369,Community college,early_>=200_hits_1998_2002
55372,Plant species,early_>=200_hits_1998_2002
55373,Indian ocean,early_>=200_hits_1998_2002
55404,Cervical spine,early_>=200_hits_1998_2002
55460,Economic analysis,early_>=200_hits_1998_2002
55492,Task force,early_>=200_hits_1998_2002
55514,High energy,early_>=200_hits_1998_2002
55571,Rural community,early_>=200_hits_1998_2002
55576,Ascorbic acid,early_>=200_hits_1998_2002
55586,Energy metabolism,early_>=200_hits_1998_2002
55590,Cold war,early_>=200_hits_1998_2002
55598,Polymer electrolytes,early_>=200_hits_1998_2002
55606,Baltic sea,early_>=200_hits_1998_2002
55635,Statistical analysis,early_>=200_hits_1998_2002
55640,Numerical models,early_>=200_hits_1998_2002
55656,Ethical issues,early_>=200_hits_1998_2002
55671,Health services,early_>=200_hits_1998_2002
55686,Contact lens,early_>=200_hits_1998_2002
55694,Black sea,early_>=200_hits_1998_2002
55722,African american,early_>=200_hits_1998_2002
55725,Carotid arteries,early_>=200_hits_1998_2002
55743,Crude oil,early_>=200_hits_1998_2002
55767,Laparoscopic cholecystectomy,early_>=200_hits_1998_2002
55770,Disease control,early_>=200_hits_1998_2002
55794,Intensive care,early_>=200_hits_1998_2002
55808,English language,early_>=200_hits_1998_2002
55822,Chronic disease,early_>=200_hits_1998_2002
55824,Second language,early_>=200_hits_1998_2002
55839,First order,early_>=200_hits_1998_2002
55845,Fuel cells,early_>=200_hits_1998_2002
55850,Gas turbines,early_>=200_hits_1998_2002
55888,Clinical study,early_>=200_hits_1998_2002
55892,Transport system,early_>=200_hits_1998_2002
55897,Human health,early_>=200_hits_1998_2002
55928,Management strategy,early_>=200_hits_1998_2002
55931,Continuing education,early_>=200_hits_1998_2002
55941,Deep water,early_>=200_hits_1998_2002
55944,Energy expenditure,early_>=200_hits_1998_2002
55978,Boundary values,early_>=200_hits_1998_2002
55982,Heavy ion,early_>=200_hits_1998_2002
56018,Model system,early_>=200_hits_1998_2002
56074,Reinforced concrete,early_>=200_hits_1998_2002
56109,Numerical modeling,early_>=200_hits_1998_2002
56139,Low energy,early_>=200_hits_1998_2002
56152,Patient care,early_>=200_hits_1998_2002
56159,Environmental policy,early_>=200_hits_1998_2002
56167,Lower limb,early_>=200_hits_1998_2002
56189,Single phase,early_>=200_hits_1998_2002
56290,Venous thromboembolism,early_>=200_hits_1998_2002
56296,Double blind,early_>=200_hits_1998_2002
56312,Conditioned reflex,early_>=200_hits_1998_2002
56384,Posttraumatic stress,early_>=200_hits_1998_2002
56396,Critically ill,early_>=200_hits_1998_2002
56441,Substance use,early_>=200_hits_1998_2002
56473,Nonlinear optical,early_>=200_hits_1998_2002
56477,Moral education,early_>=200_hits_1998_2002
56486,Quantum chemical,early_>=200_hits_1998_2002
56523,World wide,early_>=200_hits_1998_2002
56544,General hospital,early_>=200_hits_1998_2002
56591,Phylogenetic relationship,early_>=200_hits_1998_2002
56617,Life history,early_>=200_hits_1998_2002
56638,High rise,early_>=200_hits_1998_2002
56645,Child health,early_>=200_hits_1998_2002
56652,Folic acid,early_>=200_hits_1998_2002
56657,Native american,early_>=200_hits_1998_2002
56721,Crohn disease,early_>=200_hits_1998_2002
56733,Grain yield,early_>=200_hits_1998_2002
56840,Sexual abuse,early_>=200_hits_1998_2002
56917,Multicenter study,early_>=200_hits_1998_2002
57036,Health surveillance,early_>=200_hits_1998_2002
57041,Poly ethylene,early_>=200_hits_1998_2002
57094,China sea,early_>=200_hits_1998_2002
57130,Renal transplant,early_>=200_hits_1998_2002
57137,Oral health,early_>=200_hits_1998_2002
57146,Endothelial nitric oxide synthase,early_>=200_hits_1998_2002
57154,Smooth muscle,early_>=200_hits_1998_2002
57168,Family member,early_>=200_hits_1998_2002
57236,Hodgkin lymphoma,early_>=200_hits_1998_2002
57237,Pulmonary disease,early_>=200_hits_1998_2002
57321,Uterine cervix,early_>=200_hits_1998_2002
57324,T lymphocyte,early_>=200_hits_1998_2002
57388,Air water,early_>=200_hits_1998_2002
57426,Receptor expression,early_>=200_hits_1998_2002
57452,Vena cava,early_>=200_hits_1998_2002
57456,Child care,early_>=200_hits_1998_2002
57482,Brain research,early_>=200_hits_1998_2002
57546,Functional theory,early_>=200_hits_1998_2002
57562,Antiretroviral therapy,early_>=200_hits_1998_2002
57593,Cd4 t cell,early_>=200_hits_1998_2002
57609,Cervical carcinoma,early_>=200_hits_1998_2002
57630,Gastric carcinoma,early_>=200_hits_1998_2002
57700,Bone formation,early_>=200_hits_1998_2002
57702,Thyroid carcinoma,early_>=200_hits_1998_2002
57704,Health centre,early_>=200_hits_1998_2002
57710,World trade,early_>=200_hits_1998_2002
57749,Sudden death,early_>=200_hits_1998_2002
57751,Chronic renal failure,early_>=200_hits_1998_2002
57772,Ventricular function,early_>=200_hits_1998_2002
57830,Special section,early_>=200_hits_1998_2002
57855,First line,early_>=200_hits_1998_2002
57891,Zea mays,early_>=200_hits_1998_2002
57962,Solid tumor,early_>=200_hits_1998_2002
57991,Human cell,early_>=200_hits_1998_2002
58013,Hematopoietic cell,early_>=200_hits_1998_2002
58045,Duodenal ulcer,early_>=200_hits_1998_2002
58100,Platelet aggregation,early_>=200_hits_1998_2002
58132,Medical school,early_>=200_hits_1998_2002
58163,Inner city,early_>=200_hits_1998_2002
58164,Indoor air,early_>=200_hits_1998_2002
58226,Child abuse,early_>=200_hits_1998_2002
58231,North east,early_>=200_hits_1998_2002
58402,Blood serum,early_>=200_hits_1998_2002
58413,Insect pest,early_>=200_hits_1998_2002
58433,Rainbow trout,early_>=200_hits_1998_2002
58441,Bone marrow transplantation,early_>=200_hits_1998_2002
58445,Palliative care,early_>=200_hits_1998_2002
58487,Gene mutation,early_>=200_hits_1998_2002
58523,Liquid crystalline,early_>=200_hits_1998_2002
58615,Primary culture,early_>=200_hits_1998_2002
58619,Cancer cell lines,early_>=200_hits_1998_2002
58627,Chemical constituents,early_>=200_hits_1998_2002
58656,Growth regulator,early_>=200_hits_1998_2002
58659,Biliary cirrhosis,early_>=200_hits_1998_2002
58662,Human breast,early_>=200_hits_1998_2002
58772,Human papillomavirus,early_>=200_hits_1998_2002
58834,Cell function,early_>=200_hits_1998_2002
58843,Human immunodeficiency virus,early_>=200_hits_1998_2002
58848,Liquid liquid,early_>=200_hits_1998_2002
58867,Lumbar spine,early_>=200_hits_1998_2002
58881,Myocardial ischemia,early_>=200_hits_1998_2002
58943,Plasma levels,early_>=200_hits_1998_2002
58949,Obsessive compulsive,early_>=200_hits_1998_2002
58955,Dose rate,early_>=200_hits_1998_2002
58959,Insulin sensitivity,early_>=200_hits_1998_2002
58961,University hospital,early_>=200_hits_1998_2002
58996,Sri lanka,early_>=200_hits_1998_2002
59004,Inner mongolia,early_>=200_hits_1998_2002
59017,Attention deficit,early_>=200_hits_1998_2002
59053,New guinea,early_>=200_hits_1998_2002
59070,Malignant lymphoma,early_>=200_hits_1998_2002
59113,North west,early_>=200_hits_1998_2002
59123,Total knee arthroplasty,early_>=200_hits_1998_2002
59155,Peripheral blood,early_>=200_hits_1998_2002
59160,Bypass grafting,early_>=200_hits_1998_2002
59174,Information resource,early_>=200_hits_1998_2002
59205,Yangtze river,early_>=200_hits_1998_2002
59242,Medical services,early_>=200_hits_1998_2002
59286,Health problems,early_>=200_hits_1998_2002
59293,Pain syndrome,early_>=200_hits_1998_2002
59318,Experimental research,early_>=200_hits_1998_2002
59402,The arctic,early_>=200_hits_1998_2002
59412,Evaluation methods,early_>=200_hits_1998_2002
59426,Head and neck,early_>=200_hits_1998_2002
59441,Nerve stimulation,early_>=200_hits_1998_2002
59442,Three gorges,early_>=200_hits_1998_2002
59455,Polycystic ovary,early_>=200_hits_1998_2002
59488,Peripheral nerve,early_>=200_hits_1998_2002
59492,Breast carcinoma,early_>=200_hits_1998_2002
59508,Teaching hospital,early_>=200_hits_1998_2002
59524,Nurse practitioners,early_>=200_hits_1998_2002
59543,Postmenopausal women,early_>=200_hits_1998_2002
59564,Vapor phase,early_>=200_hits_1998_2002
59573,Feedback control,early_>=200_hits_1998_2002
59579,Winter wheat,early_>=200_hits_1998_2002
59595,Food intake,early_>=200_hits_1998_2002
59596,Cardiac myocyte,early_>=200_hits_1998_2002
59606,Elderly people,early_>=200_hits_1998_2002
59610,Population based study,early_>=200_hits_1998_2002
59634,South east,early_>=200_hits_1998_2002
59660,Low income,early_>=200_hits_1998_2002
59675,Insulin dependent diabetes,early_>=200_hits_1998_2002
59676,Medical care,early_>=200_hits_1998_2002
59677,District hospital,early_>=200_hits_1998_2002
59687,Asia pacific,early_>=200_hits_1998_2002
59715,Preliminary report,early_>=200_hits_1998_2002
59719,Coronary heart disease,early_>=200_hits_1998_2002
59720,Third generation,early_>=200_hits_1998_2002
59723,Antibody response,early_>=200_hits_1998_2002
59738,Gene transfer,early_>=200_hits_1998_2002
59765,Human herpesvirus,early_>=200_hits_1998_2002
59783,Health related quality of life,early_>=200_hits_1998_2002
59787,Northern ireland,early_>=200_hits_1998_2002
59795,Total hip arthroplasty,early_>=200_hits_1998_2002
59805,End stage renal disease,early_>=200_hits_1998_2002
59810,Arbuscular mycorrhizal,early_>=200_hits_1998_2002
59818,Ovarian carcinoma,early_>=200_hits_1998_2002
59834,Cost effectiveness,early_>=200_hits_1998_2002
59838,Cigarette smoking,early_>=200_hits_1998_2002
59848,Rat model,early_>=200_hits_1998_2002
59859,Color doppler,early_>=200_hits_1998_2002
59865,Two step,early_>=200_hits_1998_2002
59918,β amyloid,early_>=200_hits_1998_2002
59932,Hormone replacement,early_>=200_hits_1998_2002
59945,Closed loop,early_>=200_hits_1998_2002
59972,New england,early_>=200_hits_1998_2002
59978,Motion picture,early_>=200_hits_1998_2002
59979,Fluorescent protein,early_>=200_hits_1998_2002
59987,Mental health service,early_>=200_hits_1998_2002
60017,Southeast asia,early_>=200_hits_1998_2002
60018,Nursing homes,early_>=200_hits_1998_2002
60048,Complex formation,early_>=200_hits_1998_2002
60069,Optically active,early_>=200_hits_1998_2002
60122,Interferon α,early_>=200_hits_1998_2002
60148,Alcohol consumption,early_>=200_hits_1998_2002
60166,Systemic lupus,early_>=200_hits_1998_2002
60191,Predictive value,early_>=200_hits_1998_2002
60237,Health professionals,early_>=200_hits_1998_2002
60247,Cancer treatment,early_>=200_hits_1998_2002
60267,Depressive symptoms,early_>=200_hits_1998_2002
60285,Older people,early_>=200_hits_1998_2002
60287,Thin layer,early_>=200_hits_1998_2002
60307,Differential effects,early_>=200_hits_1998_2002
60352,Basal cell,early_>=200_hits_1998_2002
60358,Quality assessment,early_>=200_hits_1998_2002
60366,Gas phase,early_>=200_hits_1998_2002
60408,Plasma concentration,early_>=200_hits_1998_2002
60412,Tumor necrosis factor α,early_>=200_hits_1998_2002
60438,Magneto optical,early_>=200_hits_1998_2002
60442,Human plasma,early_>=200_hits_1998_2002
60458,Organic solvent,early_>=200_hits_1998_2002
60481,Inflammatory response,early_>=200_hits_1998_2002
60485,High resolution,early_>=200_hits_1998_2002
60486,Ischemic stroke,early_>=200_hits_1998_2002
60497,South carolina,early_>=200_hits_1998_2002
60504,State owned,early_>=200_hits_1998_2002
60523,Physical activity,early_>=200_hits_1998_2002
60551,Liquid phase,early_>=200_hits_1998_2002
60562,Articular cartilage,early_>=200_hits_1998_2002
60594,Interferon γ,early_>=200_hits_1998_2002
60595,Long chain,early_>=200_hits_1998_2002
60605,Chronic fatigue,early_>=200_hits_1998_2002
60622,School teachers,early_>=200_hits_1998_2002
60649,Gastric emptying,early_>=200_hits_1998_2002
60656,Chronic hepatitis,early_>=200_hits_1998_2002
60683,Milk production,early_>=200_hits_1998_2002
60728,Medical science,early_>=200_hits_1998_2002
60733,Tumor cells,early_>=200_hits_1998_2002
60736,Interleukin 1β,early_>=200_hits_1998_2002
60751,Water soluble,early_>=200_hits_1998_2002
60794,Hip arthroplasty,early_>=200_hits_1998_2002
