ts,path,summary,credits,remaining
2026-09-28T12:22:14,/works,"type:article|review,is_paratext:false",0,0
2026-09-28T12:22:16,/works,"type:article|review,is_paratext:false",0,0
2026-09-28T12:22:21,/works,"type:article|review,is_paratext:false",0,0
2026-09-28T12:22:29,/works,"type:article|review,is_paratext:false",0,0
2026-09-28T12:22:45,/works,"type:article|review,is_paratext:false",1,1764
2026-09-28T12:22:46,/works,"title_and_abstract.search:""compressed sensing"",type:article|review,is_paratext:false",1,1762
2026-09-28T12:22:46,/works,"title_and_abstract.search:""compressive sensing"",type:article|review,is_paratext:false",1,1760
2026-09-28T12:22:47,/works,"title_and_abstract.search:""compressed sensing""|""compressive sensing"",type:article|review,is_paratext:false",1,1758
2026-09-28T12:22:47,/works,"title_and_abstract.search:(""compressed sensing"" OR ""compressive sensing""),type:article|review,is_paratext:false",1,1755
2026-09-28T12:22:48,/works,"title_and_abstract.search.no_stem:""compressed sensing"",type:article|review,is_paratext:false",0,1750
2026-09-28T12:22:48,/works,"title_and_abstract.search:""compressed sensing"",type:article|review,is_paratext:false,publication_year:2006-2007",0,0
2026-09-28T12:22:50,/works,"title_and_abstract.search:""compressed sensing"",type:article|review,is_paratext:false,publication_year:2006-2007",0,0
2026-09-28T12:22:55,/works,"title_and_abstract.search:""compressed sensing"",type:article|review,is_paratext:false,publication_year:2006-2007",1,1724
2026-09-28T12:24:02,/works,yc Web 2.0,0,0
2026-09-28T12:24:02,/works,yc sentiment analysis,0,0
2026-09-28T12:24:02,/works,yc zinc finger nuclease,1,1632
2026-09-28T12:24:03,/works,yc biosimilar,1,1631
2026-09-28T12:24:03,/works,yc smart grid,1,1630
2026-09-28T12:24:04,/works,yc cancer stem cell,1,1629
2026-09-28T12:24:04,/works,yc cardiac resynchronization therapy,0,0
2026-09-28T12:24:04,/works,yc sentiment analysis,1,1628
2026-09-28T12:24:04,/works,yc Web 2.0,1,1627
2026-09-28T12:24:05,/works,yc crowdsourcing,1,1626
2026-09-28T12:24:05,/works,yc mashup,1,1625
2026-09-28T12:24:05,/works,yc dictionary learning,1,1623
2026-09-28T12:24:05,/works,yc drug-eluting stent,1,1622
2026-09-28T12:24:06,/works,yc H5N1,1,1621
2026-09-28T12:24:06,/works,yc microbial fuel cell,1,1620
2026-09-28T12:24:06,/works,yc DNA barcoding,1,1619
2026-09-28T12:24:06,/works,yc cardiac resynchronization therapy,1,1618
2026-09-28T12:24:06,/works,yc demand response,1,1617
2026-09-28T12:24:07,/works,yc pandemic H1N1,1,1616
2026-09-28T12:24:07,/works,yc genome-wide association study,1,1614
2026-09-28T12:24:07,/works,yc WiMAX,1,1613
2026-09-28T12:24:07,/works,yc latent Dirichlet allocation,1,1612
2026-09-28T12:24:07,/works,yc microblog,1,1610
2026-09-28T12:24:08,/works,yc social tagging,1,1609
2026-09-28T12:24:08,/works,yc synthetic biology,1,1607
2026-09-28T12:24:08,/works,yc long noncoding RNA,1,1606
2026-09-28T12:24:08,/works,yc comparative effectiveness research,1,1605
2026-09-28T12:24:08,/works,yc virtual power plant,1,1603
2026-09-28T12:24:08,/works,yc exome sequencing,1,1602
2026-09-28T12:24:09,/works,yc sirtuin,1,1601
2026-09-28T12:24:09,/works,yc next-generation sequencing,1,1599
2026-09-28T12:24:09,/works,yc vehicle-to-grid,1,1598
2026-09-28T12:24:09,/works,yc takotsubo cardiomyopathy,1,1597
2026-09-28T12:24:09,/works,yc energy harvesting,1,1595
2026-09-28T12:24:09,/works,yc ZigBee,1,1594
2026-09-28T12:24:09,/works,yc extreme learning machine,1,1593
2026-09-28T12:24:10,/works,yc learning to rank,1,1589
2026-09-28T12:24:10,/works,yc chronic traumatic encephalopathy,1,1591
2026-09-28T12:24:10,/works,yc wireless body area network,1,1590
2026-09-28T12:24:10,/works,yc service-oriented architecture,1,1586
2026-09-28T12:24:10,/works,yc piRNA,1,1585
2026-09-28T12:24:11,/works,yc lipidomics,1,1584
2026-09-28T12:24:11,/works,yc severe acute respiratory syndrome,0,0
2026-09-28T12:24:11,/works,yc network coding,1,1583
2026-09-28T12:24:11,/works,yc cognitive radio,0,0
2026-09-28T12:24:11,/works,yc structural health monitoring,1,1581
2026-09-28T12:24:12,/works,yc MapReduce,1,1580
2026-09-28T12:24:12,/works,yc differential privacy,1,1579
2026-09-28T12:24:13,/works,yc cyber-physical system,1,1578
2026-09-28T12:24:13,/works,yc ultra-wideband,1,1576
2026-09-28T12:24:13,/works,yc severe acute respiratory syndrome,1,1577
2026-09-28T12:24:14,/works,yc cognitive radio,1,1575
2026-09-28T12:24:14,/works,yc induced pluripotent stem cell,1,1574
2026-09-28T12:24:14,/works,yc carbon capture and storage,1,1573
2026-09-28T12:24:14,/works,yc capsule endoscopy,0,0
2026-09-28T12:24:14,/works,yc vehicular ad hoc network,1,1571
2026-09-28T12:24:14,/works,yc internet of things,1,1569
2026-09-28T12:24:15,/works,yc ribotype 027,1,1568
2026-09-28T12:24:15,/works,yc HPV vaccine,1,1566
2026-09-28T12:24:15,/works,yc folksonomy,0,0
2026-09-28T12:24:15,/works,yc patient-centered medical home,0,0
2026-09-28T12:24:16,/works,yc capsule endoscopy,1,1565
2026-09-28T12:24:17,/works,yc human microbiome,1,1564
2026-09-28T12:24:17,/works,yc natural orifice transluminal endoscopic surgery,0,0
2026-09-28T12:24:17,/works,yc folksonomy,1,1563
2026-09-28T12:24:17,/works,yc patient-centered medical home,1,1562
2026-09-28T12:24:18,/works,yc transcatheter aortic valve implantation,1,1561
2026-09-28T12:24:18,/works,yc RNA-seq,1,1560
2026-09-28T12:24:18,/works,yc memristor,1,1559
2026-09-28T12:24:18,/works,yc optogenetics,1,1558
2026-09-28T12:24:19,/works,yc metagenomics,1,1557
2026-09-28T12:24:19,/works,yc LTE-Advanced,0,0
2026-09-28T12:24:20,/works,yc natural orifice transluminal endoscopic surgery,1,1555
2026-09-28T12:24:21,/works,yc LTE-Advanced,0,0
2026-09-28T12:24:25,/works,yc LTE-Advanced,0,0
2026-09-28T12:24:34,/works,yc LTE-Advanced,1,1541
2026-09-28T12:24:34,/works,fields zinc finger nuclease 2005-2006,0,0
2026-09-28T12:24:34,/works,fields sentiment analysis 2007-2008,0,0
2026-09-28T12:24:35,/works,fields Web 2.0 2006-2007,1,1540
2026-09-28T12:24:35,/works,fields Web 2.0 2006-2010,1,1539
2026-09-28T12:24:35,/works,fields Web 2.0 2009-2010,1,1538
2026-09-28T12:24:36,/works,fields Web 2.0 2012-2014,0,0
2026-09-28T12:24:36,/works,fields zinc finger nuclease 2005-2006,0,0
2026-09-28T12:24:36,/works,fields sentiment analysis 2007-2008,0,0
2026-09-28T12:24:38,/works,fields Web 2.0 2012-2014,1,1515
2026-09-28T12:24:39,/works,fields biosimilar 2006-2007,1,1514
2026-09-28T12:24:39,/works,fields smart grid 2008-2009,0,0
2026-09-28T12:24:41,/works,fields zinc finger nuclease 2005-2006,1,1500
2026-09-28T12:24:41,/works,fields sentiment analysis 2007-2008,1,1501
2026-09-28T12:24:41,/works,fields zinc finger nuclease 2005-2009,1,1498
2026-09-28T12:24:41,/works,fields sentiment analysis 2007-2011,1,1497
2026-09-28T12:24:41,/works,fields smart grid 2008-2009,0,0
2026-09-28T12:24:41,/works,fields zinc finger nuclease 2008-2009,1,1496
2026-09-28T12:24:42,/works,fields zinc finger nuclease 2011-2013,1,1495
2026-09-28T12:24:46,/works,fields smart grid 2008-2009,0,0
2026-09-28T12:24:54,/works,fields smart grid 2008-2009,0,0
2026-09-28T12:25:10,/works,fields smart grid 2008-2009,1,1367
2026-09-28T12:25:11,/works,fields smart grid 2008-2012,0,0
2026-09-28T12:25:13,/works,fields smart grid 2008-2012,0,0
2026-09-28T12:25:17,/works,fields smart grid 2008-2012,0,0
2026-09-28T12:25:26,/works,fields smart grid 2008-2012,1,1320
2026-09-28T12:25:26,/works,fields smart grid 2011-2012,0,0
2026-09-28T12:25:29,/works,fields smart grid 2011-2012,1,1308
2026-09-28T12:25:29,/works,fields smart grid 2014-2016,1,1305
2026-09-28T12:25:49,/works,yc mHealth,0,1305
2026-09-28T12:25:49,/works,yc nanopore sequencing,0,1305
2026-09-28T12:25:49,/works,yc cloud computing,1,1234
2026-09-28T12:25:50,/works,yc single-incision laparoscopic surgery,0,1234
2026-09-28T12:25:52,/works,yc mHealth,1,1209
2026-09-28T12:25:52,/works,yc nanopore sequencing,1,1207
2026-09-28T12:25:52,/works,yc ChIP-seq,1,1206
2026-09-28T12:25:52,/works,yc microgrid,0,1206
2026-09-28T12:25:53,/works,yc single-incision laparoscopic surgery,1,1204
2026-09-28T12:25:53,/works,yc copy number variation,0,1204
2026-09-28T12:25:53,/works,yc interactome,0,1204
2026-09-28T12:25:55,/works,yc copy number variation,1,1190
2026-09-28T12:25:55,/works,yc NoSQL,0,1190
2026-09-28T12:25:55,/works,yc microgrid,0,1190
2026-09-28T12:25:56,/works,yc interactome,0,1190
2026-09-28T12:25:59,/works,yc NoSQL,1,1175
2026-09-28T12:25:59,/works,yc plug-in hybrid electric vehicle,1,1174
2026-09-28T12:26:00,/works,yc deep belief network,0,1174
2026-09-28T12:26:00,/works,yc microgrid,1,1173
2026-09-28T12:26:00,/works,yc piezoelectric nanogenerator,0,1173
2026-09-28T12:26:00,/works,yc interactome,1,1172
2026-09-28T12:26:01,/works,yc pay for performance,1,1171
2026-09-28T12:26:02,/works,yc deep belief network,1,1170
2026-09-28T12:26:03,/works,yc piezoelectric nanogenerator,1,1168
2026-09-28T12:26:03,/works,fields sentiment analysis 2010-2011,0,1168
2026-09-28T12:26:04,/works,fields cancer stem cell 2003-2004,0,1168
2026-09-28T12:26:04,/works,fields crowdsourcing 2008-2009,0,1168
2026-09-28T12:26:06,/works,fields cancer stem cell 2003-2004,0,1168
2026-09-28T12:26:07,/works,fields sentiment analysis 2010-2011,1,1163
2026-09-28T12:26:07,/works,fields crowdsourcing 2008-2009,0,1163
2026-09-28T12:26:07,/works,fields sentiment analysis 2013-2015,0,1163
2026-09-28T12:26:09,/works,fields sentiment analysis 2013-2015,1,1161
2026-09-28T12:26:10,/works,fields mashup 2007-2008,0,1161
2026-09-28T12:26:11,/works,fields cancer stem cell 2003-2004,0,1161
2026-09-28T12:26:12,/works,fields crowdsourcing 2008-2009,0,1161
2026-09-28T12:26:12,/works,fields mashup 2007-2008,1,1156
2026-09-28T12:26:13,/works,fields mashup 2007-2011,1,1154
2026-09-28T12:26:13,/works,fields mashup 2010-2011,1,1153
2026-09-28T12:26:14,/works,fields mashup 2013-2015,1,1152
2026-09-28T12:26:14,/works,fields microbial fuel cell 2003-2004,0,1152
2026-09-28T12:26:17,/works,fields microbial fuel cell 2003-2004,1,1148
2026-09-28T12:26:17,/works,fields DNA barcoding 2005-2006,1,1147
2026-09-28T12:26:18,/works,fields DNA barcoding 2005-2009,1,1144
2026-09-28T12:26:18,/works,fields DNA barcoding 2008-2009,1,1142
2026-09-28T12:26:18,/works,fields DNA barcoding 2011-2013,1,1140
2026-09-28T12:26:19,/works,fields pandemic H1N1 2009-2010,0,1140
2026-09-28T12:26:20,/works,fields cancer stem cell 2003-2004,1,1138
2026-09-28T12:26:21,/works,fields crowdsourcing 2008-2009,1,1136
2026-09-28T12:26:21,/works,fields cancer stem cell 2003-2007,1,1137
2026-09-28T12:26:21,/works,fields crowdsourcing 2008-2012,0,1137
2026-09-28T12:26:21,/works,fields cancer stem cell 2006-2007,1,1135
2026-09-28T12:26:21,/works,fields pandemic H1N1 2009-2010,1,1134
2026-09-28T12:26:22,/works,fields cancer stem cell 2009-2011,1,1133
2026-09-28T12:26:22,/works,fields pandemic H1N1 2009-2013,1,1132
2026-09-28T12:26:22,/works,fields pandemic H1N1 2012-2013,1,1130
2026-09-28T12:26:22,/works,fields WiMAX 2004-2005,1,1131
2026-09-28T12:26:22,/works,fields pandemic H1N1 2015-2017,0,1131
2026-09-28T12:26:23,/works,fields WiMAX 2004-2008,1,1129
2026-09-28T12:26:23,/works,fields crowdsourcing 2008-2012,1,1127
2026-09-28T12:26:23,/works,fields WiMAX 2007-2008,1,1128
2026-09-28T12:26:24,/works,fields crowdsourcing 2011-2012,1,1116
2026-09-28T12:26:24,/works,fields WiMAX 2010-2012,1,1115
2026-09-28T12:26:24,/works,fields crowdsourcing 2014-2016,1,1114
2026-09-28T12:26:24,/works,fields latent Dirichlet allocation 2007-2008,1,1113
2026-09-28T12:26:25,/works,fields latent Dirichlet allocation 2007-2011,0,1113
2026-09-28T12:26:25,/works,fields microblog 2009-2010,1,1111
2026-09-28T12:26:25,/works,fields social tagging 2006-2007,0,1111
2026-09-28T12:26:25,/works,fields pandemic H1N1 2015-2017,0,1111
2026-09-28T12:26:28,/works,fields social tagging 2006-2007,1,1094
2026-09-28T12:26:28,/works,fields latent Dirichlet allocation 2007-2011,1,1093
2026-09-28T12:26:28,/works,fields social tagging 2006-2010,1,1092
2026-09-28T12:26:28,/works,fields latent Dirichlet allocation 2010-2011,1,1091
2026-09-28T12:26:28,/works,fields social tagging 2009-2010,0,1091
2026-09-28T12:26:28,/works,fields latent Dirichlet allocation 2013-2015,0,1091
2026-09-28T12:26:30,/works,fields pandemic H1N1 2015-2017,0,1091
2026-09-28T12:26:31,/works,fields social tagging 2009-2010,0,1091
2026-09-28T12:26:32,/works,fields latent Dirichlet allocation 2013-2015,1,1057
2026-09-28T12:26:32,/works,fields synthetic biology 2005-2006,0,1057
2026-09-28T12:26:35,/works,fields synthetic biology 2005-2006,1,1046
2026-09-28T12:26:36,/works,fields synthetic biology 2005-2009,1,1045
2026-09-28T12:26:36,/works,fields social tagging 2009-2010,0,1045
2026-09-28T12:26:36,/works,fields synthetic biology 2008-2009,1,1033
2026-09-28T12:26:37,/works,fields synthetic biology 2011-2013,1,1030
2026-09-28T12:26:37,/works,fields long noncoding RNA 2008-2009,0,1030
2026-09-28T12:26:39,/works,fields pandemic H1N1 2015-2017,0,1030
2026-09-28T12:26:40,/works,fields long noncoding RNA 2008-2009,1,1024
2026-09-28T12:26:40,/works,fields long noncoding RNA 2008-2012,1,1021
2026-09-28T12:26:40,/works,fields long noncoding RNA 2011-2012,0,1021
2026-09-28T12:26:44,/works,fields long noncoding RNA 2011-2012,1,989
2026-09-28T12:26:45,/works,fields social tagging 2009-2010,1,985
2026-09-28T12:26:56,/works,fields pandemic H1N1 2015-2017,0,985
2026-09-28T12:27:29,/works,fields pandemic H1N1 2015-2017,0,985
2026-09-28T12:40:44,/works/W2093050056,singleton,0,985
2026-09-28T12:40:44,/works/W2425595279,singleton,0,985
2026-09-28T12:40:44,/works/W1993673609,singleton,0,130
2026-09-28T12:40:45,/works/W2085819365,singleton,0,130
2026-09-28T12:40:45,/works/W2037559503,singleton,0,130
2026-09-28T12:40:45,/works/W2116565356,singleton,0,130
2026-09-28T12:40:46,/works/W1967999689,singleton,0,130
2026-09-28T12:40:46,/works/W1991747005,singleton,0,130
2026-09-28T12:40:46,/works/W2425595279,singleton,0,130
2026-09-28T12:40:46,/works/W2093050056,singleton,0,130
2026-09-28T12:40:46,/works/W1972389078,singleton,0,130
2026-09-28T12:40:47,/works/W2121402986,singleton,0,130
2026-09-28T12:40:47,/works/W2170674427,singleton,0,130
2026-09-28T12:40:49,/works/W2121402986,singleton,0,130
2026-09-28T12:40:50,/works/W2019815382,singleton,0,130
2026-09-28T12:40:50,/works/W2170674427,singleton,0,130
2026-09-28T12:40:50,/works/W2133385816,singleton,0,130
2026-09-28T12:40:50,/works/W2110260408,singleton,0,130
2026-09-28T12:40:51,/works/W107938157,singleton,0,130
2026-09-28T12:40:51,/works/W2093050056,singleton,0,130
2026-09-28T12:40:51,/works/W1969182111,singleton,0,130
2026-09-28T12:40:53,/works/W1969182111,singleton,0,130
2026-09-28T12:40:54,/works/W107938157,singleton,0,130
2026-09-28T12:40:54,/works/W2143208261,singleton,0,130
2026-09-28T12:40:54,/works/W2080885049,singleton,0,130
2026-09-28T12:40:55,/works/W2170674427,singleton,0,130
2026-09-28T12:40:57,/works/W2080885049,singleton,0,130
2026-09-28T12:40:57,/works/W2023646504,singleton,0,130
2026-09-28T12:40:58,/works/W1969182111,singleton,0,130
2026-09-28T12:40:59,/works/W2015482757,singleton,0,130
2026-09-28T12:40:59,/works/W2009626008,singleton,0,130
2026-09-28T12:41:00,/works/W1974505857,singleton,0,130
2026-09-28T12:41:00,/works/W2091056202,singleton,0,130
2026-09-28T12:41:00,/works/W2023646504,singleton,0,130
2026-09-28T12:41:00,/works/W1965520671,singleton,0,130
2026-09-28T12:41:00,/works/W2922807385,singleton,0,130
2026-09-28T12:41:03,/works/W1965520671,singleton,0,130
2026-09-28T12:41:04,/works/W2922807385,singleton,0,130
2026-09-28T12:41:04,/works/W2170674427,singleton,0,130
2026-09-28T12:41:04,/works/W2759533940,singleton,0,130
2026-09-28T12:41:04,/works/W2246604163,singleton,0,130
2026-09-28T12:41:07,/works/W2246604163,singleton,0,130
2026-09-28T12:41:08,/works/W2100461238,singleton,0,130
2026-09-28T12:41:08,/works/W2085701177,singleton,0,130
2026-09-28T12:41:08,/works/W1965520671,singleton,0,130
2026-09-28T12:41:08,/works/W2092718348,singleton,0,130
2026-09-28T12:41:09,/works/W1985229832,singleton,0,130
2026-09-28T12:41:09,/works/W1997060995,singleton,0,130
2026-09-28T12:41:09,/works/W45768189,singleton,0,130
2026-09-28T12:41:09,/works/W2101655911,singleton,0,130
2026-09-28T12:41:12,/works/W2101655911,singleton,0,130
2026-09-28T12:41:12,/works/W45768189,singleton,0,130
2026-09-28T12:41:13,/works/W2049582819,singleton,0,130
2026-09-28T12:41:13,/works/W2054400973,singleton,0,130
2026-09-28T12:41:13,/works/W2034551726,singleton,0,130
2026-09-28T12:41:13,/works/W2110943179,singleton,0,130
2026-09-28T12:41:13,/works/W1979069149,singleton,0,130
2026-09-28T12:41:14,/works/W1995184879,singleton,0,130
2026-09-28T12:41:14,/works/W2150798416,singleton,0,130
2026-09-28T12:41:14,/works/W1965018476,singleton,0,130
2026-09-28T12:41:14,/works/W2015911939,singleton,0,130
2026-09-28T12:41:14,/works/W2075666394,singleton,0,130
2026-09-28T12:41:14,/works/W2258195332,singleton,0,130
2026-09-28T12:41:17,/works/W2075666394,singleton,0,130
2026-09-28T12:41:18,/works/W2258195332,singleton,0,130
2026-09-28T12:41:18,/works/W2056204122,singleton,0,130
2026-09-28T12:41:18,/works/W2023003460,singleton,0,130
2026-09-28T12:41:21,/works/W2170674427,singleton,0,130
2026-09-28T12:41:21,/works/W2043474702,singleton,0,130
2026-09-28T12:41:21,/works/W2023003460,singleton,0,130
2026-09-28T12:41:21,/works/W2075666394,singleton,0,130
2026-09-28T12:41:24,/works/W2043474702,singleton,0,130
2026-09-28T12:41:24,/works/W1972209711,singleton,0,130
2026-09-28T12:41:26,/works/W2023003460,singleton,0,130
2026-09-28T12:41:27,/works/W1972209711,singleton,0,130
2026-09-28T12:41:28,/works/W1975384911,singleton,0,130
2026-09-28T12:41:28,/works/W1968140045,singleton,0,130
2026-09-28T12:41:29,/works/W1667650440,singleton,0,130
2026-09-28T12:41:29,/works/W2170034660,singleton,0,130
2026-09-28T12:41:30,/works/W2075666394,singleton,0,130
2026-09-28T12:41:31,/works/W1983510184,singleton,0,130
2026-09-28T12:41:31,/works/W2109842228,singleton,0,130
2026-09-28T12:41:31,/works/W2170034660,singleton,0,130
2026-09-28T12:41:31,/works/W2097685453,singleton,0,130
2026-09-28T12:41:32,/works/W1501126544,singleton,0,130
2026-09-28T12:41:32,/works/W2056059883,singleton,0,130
2026-09-28T12:41:32,/works/W2009088833,singleton,0,130
2026-09-28T12:41:33,/works/W1999295945,singleton,0,130
2026-09-28T12:41:33,/works/W2035401705,singleton,0,130
2026-09-28T12:41:33,/works/W2123502778,singleton,0,130
2026-09-28T12:41:35,/works/W2097685453,singleton,0,130
2026-09-28T12:41:35,/works/W2023003460,singleton,0,130
2026-09-28T12:41:37,/works/W2123502778,singleton,0,130
2026-09-28T12:41:39,/works/W2097685453,singleton,0,130
2026-09-28T12:41:52,/works/W2023003460,singleton,0,130
2026-09-28T12:44:33,/works/W24610882,singleton,0,130
2026-09-28T12:44:33,/works/W1508001288,singleton,0,130
2026-09-28T12:44:33,/works/W2048616366,singleton,0,130
2026-09-28T12:44:34,/works/W2592733804,singleton,0,130
2026-09-28T12:44:34,/works/W1786221333,singleton,0,130
2026-09-28T12:44:34,/works/W2046365616,singleton,0,130
2026-09-28T12:44:36,/works/W24610882,singleton,0,130
2026-09-28T12:44:36,/works/W81723500,singleton,0,130
2026-09-28T12:44:36,/works/W1508001288,singleton,0,130
2026-09-28T12:44:36,/works/W1678311669,singleton,0,130
2026-09-28T12:44:37,/works/W2046365616,singleton,0,130
2026-09-28T12:44:38,/works/W2030936037,singleton,0,130
2026-09-28T12:44:38,/works/W1981900906,singleton,0,130
2026-09-28T12:44:38,/works/W2912018209,singleton,0,130
2026-09-28T12:44:39,/works/W1980993346,singleton,0,130
2026-09-28T12:44:39,/works/W1678311669,singleton,0,130
2026-09-28T12:44:39,/works/W204776251,singleton,0,130
2026-09-28T12:44:40,/works/W2163731957,singleton,0,130
2026-09-28T12:44:40,/works/W1548161382,singleton,0,130
2026-09-28T12:44:40,/works/W2130248330,singleton,0,130
2026-09-28T12:44:40,/works/W138790211,singleton,0,130
2026-09-28T12:44:40,/works/W2171590564,singleton,0,130
2026-09-28T12:44:41,/works/W2310801853,singleton,0,130
2026-09-28T12:44:41,/works/W2587281424,singleton,0,130
2026-09-28T12:44:41,/works/W1726294029,singleton,0,130
2026-09-28T12:44:41,/works/W146676774,singleton,0,130
2026-09-28T12:44:41,/works/W2035381369,singleton,0,130
2026-09-28T12:44:41,/works/W1508001288,singleton,0,130
2026-09-28T12:44:42,/works/W1524973551,singleton,0,130
2026-09-28T12:44:42,/works/W1980703745,singleton,0,130
2026-09-28T12:44:42,/works/W2338551435,singleton,0,130
2026-09-28T12:44:42,/works/W2180724871,singleton,0,130
2026-09-28T12:44:42,/works/W2251793703,singleton,0,130
2026-09-28T12:44:43,/works/W2151739402,singleton,0,130
2026-09-28T12:44:43,/works/W1682127139,singleton,0,130
2026-09-28T12:44:43,/works/W2023111600,singleton,0,130
2026-09-28T12:44:43,/works/W2408443748,singleton,0,130
2026-09-28T12:44:43,/works/W2109782117,singleton,0,130
2026-09-28T12:44:43,/works/W2118115297,singleton,0,130
2026-09-28T12:44:43,/works/W2167481233,singleton,0,130
2026-09-28T12:44:43,/works/W2909498792,singleton,0,130
2026-09-28T12:44:44,/works/W2142806146,singleton,0,130
2026-09-28T12:44:44,/works/W2055052620,singleton,0,130
2026-09-28T12:44:44,/works/W2567606073,singleton,0,130
2026-09-28T12:44:44,/works/W1973899089,singleton,0,130
2026-09-28T12:44:44,/works/W1501036574,singleton,0,130
2026-09-28T12:44:44,/works/W84784804,singleton,0,130
2026-09-28T12:44:44,/works/W2122455551,singleton,0,130
2026-09-28T12:44:45,/works/W2096574891,singleton,0,130
2026-09-28T12:44:45,/works/W1526475344,singleton,0,130
2026-09-28T12:44:45,/works/W2531276643,singleton,0,130
2026-09-28T12:44:45,/works/W2121141851,singleton,0,130
2026-09-28T12:44:45,/works/W2117284490,singleton,0,130
2026-09-28T12:44:45,/works/W121598628,singleton,0,130
2026-09-28T12:44:45,/works/W99313490,singleton,0,130
2026-09-28T12:44:45,/works/W1580530504,singleton,0,130
2026-09-28T12:44:45,/works/W1983758954,singleton,0,130
2026-09-28T12:44:46,/works/W2519789668,singleton,0,130
2026-09-28T12:44:46,/works/W8407316,singleton,0,130
2026-09-28T12:44:46,/works/W2084046180,singleton,0,130
2026-09-28T12:44:46,/works/W1560961221,singleton,0,130
2026-09-28T12:44:46,/works/W1501350904,singleton,0,130
2026-09-28T12:44:46,/works/W2171312168,singleton,0,130
2026-09-28T12:44:46,/works/W2161122607,singleton,0,130
2026-09-28T12:44:47,/works/W2061658700,singleton,0,130
2026-09-28T12:44:47,/works/W1541259215,singleton,0,130
2026-09-28T12:44:47,/works/W2333345132,singleton,0,130
2026-09-28T12:44:47,/works/W2141831267,singleton,0,130
2026-09-28T12:44:47,/works/W1983560087,singleton,0,130
2026-09-28T12:44:47,/works/W2489885085,singleton,0,130
2026-09-28T12:44:47,/works/W2063519202,singleton,0,130
2026-09-28T12:44:47,/works/W2250674799,singleton,0,130
2026-09-28T12:44:48,/works/W1535786335,singleton,0,130
2026-09-28T12:44:48,/works/W2117138901,singleton,0,130
2026-09-28T12:44:48,/works/W762772289,singleton,0,130
2026-09-28T12:44:48,/works/W2172561563,singleton,0,130
2026-09-28T12:44:48,/works/W2098087264,singleton,0,130
2026-09-28T12:44:48,/works/W2890589377,singleton,0,130
2026-09-28T12:44:48,/works/W1544805753,singleton,0,130
2026-09-28T12:44:48,/works/W1556485742,singleton,0,130
2026-09-28T12:44:49,/works/W2002624096,singleton,0,130
2026-09-28T12:44:49,/works/W2113305139,singleton,0,130
2026-09-28T12:44:49,/works/W1743243001,singleton,0,130
2026-09-28T12:44:49,/works/W2158179307,singleton,0,130
2026-09-28T12:44:49,/works/W2251902771,singleton,0,130
2026-09-28T12:44:49,/works/W2097726431,singleton,0,130
2026-09-28T12:44:49,/works/W2041198988,singleton,0,130
2026-09-28T12:44:50,/works/W24684774,singleton,0,130
2026-09-28T12:44:50,/works/W2251892406,singleton,0,130
2026-09-28T12:44:50,/works/W2030866871,singleton,0,130
2026-09-28T12:44:50,/works/W2185547049,singleton,0,130
2026-09-28T12:44:50,/works/W78371467,singleton,0,130
2026-09-28T12:44:50,/works/W1999248253,singleton,0,130
2026-09-28T12:44:50,/works/W2007319652,singleton,0,130
2026-09-28T12:44:50,/works/W1607391027,singleton,0,130
2026-09-28T12:44:51,/works/W2101260662,singleton,0,130
2026-09-28T12:44:51,/works/W1966277025,singleton,0,130
2026-09-28T12:44:51,/works/W1886398958,singleton,0,130
2026-09-28T12:44:51,/works/W1481745448,singleton,0,130
2026-09-28T12:44:51,/works/W2008727123,singleton,0,130
2026-09-28T12:44:51,/works/W1492988303,singleton,0,130
2026-09-28T12:44:51,/works/W2100626496,singleton,0,130
2026-09-28T12:44:52,/works/W1775665607,singleton,0,130
2026-09-28T12:44:52,/works/W50950926,singleton,0,130
2026-09-28T12:44:52,/works/W2336128167,singleton,0,130
2026-09-28T12:44:52,/works/W2100529970,singleton,0,130
2026-09-28T12:44:52,/works/W18005280,singleton,0,130
2026-09-28T12:44:54,/works/W1775665607,singleton,0,130
2026-09-28T12:44:55,/works/W2100529970,singleton,0,130
2026-09-28T12:44:55,/works/W18005280,singleton,0,130
2026-09-28T12:44:55,/works/W2079018725,singleton,0,130
2026-09-28T12:44:56,/works/W2127417323,singleton,0,130
2026-09-28T12:44:56,/works/W1688140048,singleton,0,130
2026-09-28T12:44:59,/works/W1688140048,singleton,0,130
2026-09-28T12:44:59,/works/W2100529970,singleton,0,130
2026-09-28T12:44:59,/works/W2883662087,singleton,0,130
2026-09-28T12:44:59,/works/W1775665607,singleton,0,130
2026-09-28T12:45:00,/works/W2124752409,singleton,0,130
2026-09-28T12:45:00,/works/W319996907,singleton,0,130
2026-09-28T12:45:00,/works/W127417183,singleton,0,130
2026-09-28T12:45:00,/works/W2266261721,singleton,0,130
2026-09-28T12:45:00,/works/W2184308452,singleton,0,130
2026-09-28T12:45:01,/works/W2883662087,singleton,0,130
2026-09-28T12:45:03,/works/W127417183,singleton,0,130
2026-09-28T12:45:06,/works/W2883662087,singleton,0,130
2026-09-28T12:45:09,/works/W1552715082,singleton,0,130
2026-09-28T12:45:09,/works/W2250121660,singleton,0,130
2026-09-28T12:45:09,/works/W1850096408,singleton,0,130
2026-09-28T12:45:09,/works/W2021713061,singleton,0,130
2026-09-28T12:45:12,/works/W1552715082,singleton,0,130
2026-09-28T12:45:12,/works/W1988912997,singleton,0,130
2026-09-28T12:45:12,/works/W2250121660,singleton,0,130
2026-09-28T12:45:13,/works/W2021713061,singleton,0,130
2026-09-28T12:45:15,/works/W1988912997,singleton,0,130
2026-09-28T12:45:17,/works/W2250121660,singleton,0,130
2026-09-28T12:45:17,/works/W64563180,singleton,0,130
2026-09-28T12:45:18,/works/W2021713061,singleton,0,130
2026-09-28T12:45:18,/works/W2121410208,singleton,0,130
2026-09-28T12:45:18,/works/W1969773385,singleton,0,130
2026-09-28T12:45:19,/works/W1988912997,singleton,0,130
2026-09-28T12:45:20,/works/W64563180,singleton,0,130
2026-09-28T12:45:20,/works/W2156039681,singleton,0,130
2026-09-28T12:45:22,/works/W1969773385,singleton,0,130
2026-09-28T12:45:22,/works/W2075286904,singleton,0,130
2026-09-28T12:45:22,/works/W2124694359,singleton,0,130
2026-09-28T12:45:23,/works/W2156039681,singleton,0,130
2026-09-28T12:45:24,/works/W2018675652,singleton,0,130
2026-09-28T12:45:25,/works/W2124694359,singleton,0,130
2026-09-28T12:45:25,/works/W1997666564,singleton,0,130
2026-09-28T12:45:26,/works/W2018675652,singleton,0,130
2026-09-28T12:45:27,/works/W1997666564,singleton,0,130
2026-09-28T12:45:29,/works/W1988912997,singleton,0,130
2026-09-28T12:45:29,/works/W2126941681,singleton,0,130
2026-09-28T12:45:29,/works/W2027178325,singleton,0,130
2026-09-28T12:45:30,/works/W152346317,singleton,0,130
2026-09-28T12:45:30,/works/W2578261713,singleton,0,130
2026-09-28T12:45:31,/works/W2485437012,singleton,0,130
2026-09-28T12:45:31,/works/W1560676237,singleton,0,130
2026-09-28T12:45:31,/works/W2018675652,singleton,0,130
2026-09-28T12:45:31,/works/W2101603923,singleton,0,130
2026-09-28T12:45:32,/works/W1997666564,singleton,0,130
2026-09-28T12:45:33,/works/W1560676237,singleton,0,130
2026-09-28T12:45:35,/works/W2101603923,singleton,0,130
2026-09-28T12:45:39,/works/W1560676237,singleton,0,130
2026-09-28T12:45:39,/works/W2096165607,singleton,0,130
2026-09-28T12:45:39,/works/W2101603923,singleton,0,130
2026-09-28T12:45:39,/works/W108459910,singleton,0,130
2026-09-28T12:45:40,/works/W2231627873,singleton,0,130
2026-09-28T12:45:40,/works/W1570390085,singleton,0,130
2026-09-28T12:45:40,/works/W2107005636,singleton,0,130
2026-09-28T12:45:41,/works/W1997666564,singleton,0,130
2026-09-28T12:45:41,/works/W2402454345,singleton,0,130
2026-09-28T12:45:41,/works/W1918353568,singleton,0,130
2026-09-28T12:45:42,/works/W2499989868,singleton,0,130
2026-09-28T12:45:42,/works/W2253707544,singleton,0,130
2026-09-28T12:45:42,/works/W108459910,singleton,0,130
2026-09-28T12:45:43,/works/W1932052680,singleton,0,130
2026-09-28T12:45:43,/works/W1503942703,singleton,0,130
2026-09-28T12:45:43,/works/W2107005636,singleton,0,130
2026-09-28T12:45:46,/works/W1503942703,singleton,0,130
2026-09-28T12:45:47,/works/W108459910,singleton,0,130
2026-09-28T12:45:47,/works/W1535595295,singleton,0,130
2026-09-28T12:45:49,/works/W2107005636,singleton,0,130
2026-09-28T12:45:50,/works/W1535595295,singleton,0,130
2026-09-28T12:45:50,/works/W1503942703,singleton,0,130
2026-09-28T12:45:55,/works/W1535595295,singleton,0,130
2026-09-28T12:45:55,/works/W1531648728,singleton,0,130
2026-09-28T12:45:56,/works/W2086863423,singleton,0,130
2026-09-28T12:45:57,/works/W2107005636,singleton,0,130
2026-09-28T12:45:58,/works/W2025526302,singleton,0,130
2026-09-28T12:45:58,/works/W1711587386,singleton,0,130
2026-09-28T12:45:58,/works/W1989571524,singleton,0,130
2026-09-28T12:45:59,/works/W2086863423,singleton,0,130
2026-09-28T12:45:59,/works/W1503942703,singleton,0,130
2026-09-28T12:45:59,/works/W2233950837,singleton,0,130
2026-09-28T12:46:00,/works/W1592252349,singleton,0,130
2026-09-28T12:46:00,/works/W1721247430,singleton,0,130
2026-09-28T12:46:00,/works/W1990865491,singleton,0,130
2026-09-28T12:46:01,/works/W2403459619,singleton,0,130
2026-09-28T12:46:01,/works/W1989571524,singleton,0,130
2026-09-28T12:46:01,/works/W2049269310,singleton,0,130
2026-09-28T12:46:01,/works/W1505741013,singleton,0,130
2026-09-28T12:46:02,/works/W2592693223,singleton,0,130
2026-09-28T12:46:02,/works/W2288556348,singleton,0,130
2026-09-28T12:46:02,/works/W1550090447,singleton,0,130
2026-09-28T12:46:03,/works/W1721247430,singleton,0,130
2026-09-28T12:46:03,/works/W155960882,singleton,0,130
2026-09-28T12:46:04,/works/W2111661365,singleton,0,130
2026-09-28T12:46:05,/works/W1505741013,singleton,0,130
2026-09-28T12:46:05,/works/W2185134020,singleton,0,130
2026-09-28T12:46:05,/works/W1550090447,singleton,0,130
2026-09-28T12:46:05,/works/W2525804368,singleton,0,130
2026-09-28T12:46:07,/works/W2111661365,singleton,0,130
2026-09-28T12:46:07,/works/W72025059,singleton,0,130
2026-09-28T12:46:08,/works/W2525804368,singleton,0,130
2026-09-28T12:46:10,/works/W72025059,singleton,0,130
2026-09-28T12:46:10,/works/W1550090447,singleton,0,130
2026-09-28T12:46:11,/works/W2010645553,singleton,0,130
2026-09-28T12:46:11,/works/W1991929878,singleton,0,130
2026-09-28T12:46:11,/works/W2186489476,singleton,0,130
2026-09-28T12:46:14,/works/W2525804368,singleton,0,130
2026-09-28T12:46:14,/works/W2186489476,singleton,0,130
2026-09-28T12:46:14,/works/W2089327604,singleton,0,130
2026-09-28T12:46:14,/works/W1608474288,singleton,0,130
2026-09-28T12:46:14,/works/W1969374607,singleton,0,130
2026-09-28T12:46:14,/works/W2167631269,singleton,0,130
2026-09-28T12:46:15,/works/W72025059,singleton,0,130
2026-09-28T12:46:16,/works/W1484778281,singleton,0,130
2026-09-28T12:46:16,/works/W1554888903,singleton,0,130
2026-09-28T12:46:17,/works/W1969374607,singleton,0,130
2026-09-28T12:46:17,/works/W2167631269,singleton,0,130
2026-09-28T12:46:17,/works/W1964892879,singleton,0,130
2026-09-28T12:46:18,/works/W2568350462,singleton,0,130
2026-09-28T12:46:18,/works/W1554888903,singleton,0,130
2026-09-28T12:46:20,/works/W1964892879,singleton,0,130
2026-09-28T12:46:21,/works/W2568350462,singleton,0,130
2026-09-28T12:46:21,/works/W1969623843,singleton,0,130
2026-09-28T12:46:23,/works/W1554888903,singleton,0,130
2026-09-28T12:46:23,/works/W2125013205,singleton,0,130
2026-09-28T12:46:24,/works/W1513311593,singleton,0,130
2026-09-28T12:46:24,/works/W1969623843,singleton,0,130
2026-09-28T12:46:25,/works/W2187619061,singleton,0,130
2026-09-28T12:46:25,/works/W1964892879,singleton,0,130
2026-09-28T12:46:25,/works/W180958953,singleton,0,130
2026-09-28T12:46:27,/works/W1513311593,singleton,0,130
2026-09-28T12:46:27,/works/W1604009492,singleton,0,130
2026-09-28T12:46:28,/works/W180958953,singleton,0,130
2026-09-28T12:46:30,/works/W1604009492,singleton,0,130
2026-09-28T12:46:30,/works/W204029939,singleton,0,130
2026-09-28T12:46:31,/works/W1534898005,singleton,0,130
2026-09-28T12:46:31,/works/doi:10.1097/01.NNE.0000334824.89296.eb,singleton,0,130
2026-09-28T12:46:32,/works/W2294787588,singleton,0,130
2026-09-28T12:46:32,/works/W2139613679,singleton,0,130
2026-09-28T12:46:32,/works/W2096606735,singleton,0,130
2026-09-28T12:46:33,/works/W2061362237,singleton,0,130
2026-09-28T12:46:33,/works/W180958953,singleton,0,130
2026-09-28T12:46:33,/works/W2492143788,singleton,0,130
2026-09-28T12:46:33,/works/W1964892879,singleton,0,130
2026-09-28T12:46:33,/works/W1867511962,singleton,0,130
2026-09-28T12:46:34,/works/W2115299322,singleton,0,130
2026-09-28T12:46:34,/works/W2496163693,singleton,0,130
2026-09-28T12:46:34,/works/W1535226746,singleton,0,130
2026-09-28T12:46:34,/works/W2346235237,singleton,0,130
2026-09-28T12:46:34,/works/W3027068974,singleton,0,130
2026-09-28T12:46:34,/works/W22862373,singleton,0,130
2026-09-28T12:46:34,/works/W109311093,singleton,0,130
2026-09-28T12:46:35,/works/W2126214578,singleton,0,130
2026-09-28T12:46:35,/works/W2046269074,singleton,0,130
2026-09-28T12:46:35,/works/W2138541403,singleton,0,130
2026-09-28T12:46:35,/works/W2012308318,singleton,0,130
2026-09-28T12:46:37,/works/W109311093,singleton,0,130
2026-09-28T12:46:38,/works/W2126214578,singleton,0,130
2026-09-28T12:46:38,/works/W2012308318,singleton,0,130
2026-09-28T12:46:42,/works/W109311093,singleton,0,130
2026-09-28T12:46:42,/works/W2395454801,singleton,0,130
2026-09-28T12:46:42,/works/W2126214578,singleton,0,130
2026-09-28T12:46:43,/works/W3020834723,singleton,0,130
2026-09-28T12:46:43,/works/W2012308318,singleton,0,130
2026-09-28T12:46:43,/works/W187288464,singleton,0,130
2026-09-28T12:46:43,/works/W1963798059,singleton,0,130
2026-09-28T12:46:43,/works/W153173669,singleton,0,130
2026-09-28T12:46:45,/works/W2395454801,singleton,0,130
2026-09-28T12:46:46,/works/W153173669,singleton,0,130
2026-09-28T12:46:46,/works/W1963798059,singleton,0,130
2026-09-28T12:46:46,/works/W2238251647,singleton,0,130
2026-09-28T12:46:47,/works/W1971033360,singleton,0,130
2026-09-28T12:46:47,/works/W2144862053,singleton,0,130
2026-09-28T12:46:47,/works/W2088762538,singleton,0,130
2026-09-28T12:46:49,/works/W2238251647,singleton,0,130
2026-09-28T12:46:50,/works/W2055172903,singleton,0,130
2026-09-28T12:46:50,/works/W2395454801,singleton,0,130
2026-09-28T12:46:50,/works/W2088762538,singleton,0,130
2026-09-28T12:46:50,/works/W1785917621,singleton,0,130
2026-09-28T12:46:50,/works/W1995050711,singleton,0,130
2026-09-28T12:46:50,/works/W1588468197,singleton,0,130
2026-09-28T12:46:51,/works/W33400613,singleton,0,130
2026-09-28T12:46:51,/works/W592871261,singleton,0,130
2026-09-28T12:46:52,/works/W2055172903,singleton,0,130
2026-09-28T12:46:53,/works/W1588468197,singleton,0,130
2026-09-28T12:46:53,/works/W753190124,singleton,0,130
2026-09-28T12:46:53,/works/W592871261,singleton,0,130
2026-09-28T12:46:54,/works/W2163331022,singleton,0,130
2026-09-28T12:46:56,/works/W2163331022,singleton,0,130
2026-09-28T12:46:57,/works/W2055172903,singleton,0,130
2026-09-28T12:46:59,/works/W592871261,singleton,0,130
2026-09-28T12:46:59,/works/W2168876270,singleton,0,130
2026-09-28T12:47:01,/works/W2163331022,singleton,0,130
2026-09-28T12:47:01,/works/W2090572147,singleton,0,130
2026-09-28T12:47:01,/works/W2185451633,singleton,0,130
2026-09-28T12:47:02,/works/W2168876270,singleton,0,130
2026-09-28T12:47:04,/works/W2185451633,singleton,0,130
2026-09-28T12:47:05,/works/W205770239,singleton,0,130
2026-09-28T12:47:06,/works/W2025203461,singleton,0,130
2026-09-28T12:47:06,/works/W2111035934,singleton,0,130
2026-09-28T12:47:06,/works/W2055172903,singleton,0,130
2026-09-28T12:47:07,/works/W1565629657,singleton,0,130
2026-09-28T12:47:07,/works/W47030310,singleton,0,130
2026-09-28T12:47:07,/works/W2168876270,singleton,0,130
2026-09-28T12:47:08,/works/W2482152880,singleton,0,130
2026-09-28T12:47:08,/works/W2111035934,singleton,0,130
2026-09-28T12:47:09,/works/W47030310,singleton,0,130
2026-09-28T12:47:10,/works/W2482152880,singleton,0,130
2026-09-28T12:47:13,/works/W2111035934,singleton,0,130
2026-09-28T12:47:13,/works/W2154224744,singleton,0,130
2026-09-28T12:47:14,/works/W47030310,singleton,0,130
2026-09-28T12:47:15,/works/W2482152880,singleton,0,130
2026-09-28T12:47:16,/works/W2154224744,singleton,0,130
2026-09-28T12:47:17,/works/W194314114,singleton,0,130
2026-09-28T12:47:17,/works/W2024841619,singleton,0,130
2026-09-28T12:47:17,/works/W1980615985,singleton,0,130
2026-09-28T12:47:18,/works/W567957580,singleton,0,130
2026-09-28T12:47:21,/works/W567957580,singleton,0,130
2026-09-28T12:47:23,/works/W47030310,singleton,0,130
2026-09-28T12:47:24,/works/W2482152880,singleton,0,130
2026-09-28T12:47:25,/works/W567957580,singleton,0,130
2026-09-28T12:47:34,/works/W567957580,singleton,0,130
2026-09-28T12:47:34,/works/W2119252969,singleton,0,130
2026-09-28T12:47:35,/works/W2122768240,singleton,0,130
2026-09-28T12:47:35,/works/W2062122227,singleton,0,130
2026-09-28T12:47:35,/works/W2073048552,singleton,0,130
2026-09-28T12:47:36,/works/W2168654567,singleton,0,130
2026-09-28T12:47:36,/works/W2018000323,singleton,0,130
2026-09-28T12:47:37,/works/W2013896189,singleton,0,130
2026-09-28T12:47:37,/works/W2246190494,singleton,0,130
2026-09-28T12:47:37,/works/W2130060916,singleton,0,130
2026-09-28T12:47:40,/works/W47030310,singleton,0,130
2026-09-28T12:47:40,/works/W2482152880,singleton,0,130
2026-09-28T12:47:41,/works/W2130060916,singleton,0,130
2026-09-28T12:47:41,/works/W2162227891,singleton,0,130
2026-09-28T12:47:44,/works/W2162227891,singleton,0,130
2026-09-28T12:47:44,/works/W2124530366,singleton,0,130
2026-09-28T12:47:47,/works/W2124530366,singleton,0,130
2026-09-28T12:47:52,/works/W2124530366,singleton,0,130
2026-09-28T12:47:53,/works/W208754481,singleton,0,130
2026-09-28T12:47:53,/works/W2167421202,singleton,0,130
2026-09-28T12:47:55,/works/W2167421202,singleton,0,130
2026-09-28T12:48:00,/works/W2167421202,singleton,0,130
2026-09-28T12:48:00,/works/W2133799727,singleton,0,130
2026-09-28T12:48:03,/works/W2133799727,singleton,0,130
2026-09-28T12:48:03,/works/W2003881109,singleton,0,130
2026-09-28T12:48:06,/works/W2003881109,singleton,0,130
2026-09-28T12:48:06,/works/W1982601929,singleton,0,130
2026-09-28T12:48:09,/works/W1982601929,singleton,0,130
2026-09-28T12:48:09,/works/W2004643325,singleton,0,130
2026-09-28T12:48:12,/works/W2004643325,singleton,0,130
2026-09-28T12:48:12,/works/W2777402699,singleton,0,130
2026-09-28T12:48:12,/works/W47030310,singleton,0,130
2026-09-28T12:48:13,/works/W2482152880,singleton,0,130
2026-09-28T12:48:13,/works/W1587727043,singleton,0,130
2026-09-28T12:48:13,/works/W1685317152,singleton,0,130
2026-09-28T12:48:13,/works/W2268997143,singleton,0,130
2026-09-28T12:48:13,/works/W2031073459,singleton,0,130
2026-09-28T12:48:14,/works/W2777402699,singleton,0,130
2026-09-28T12:48:16,/works/W2031073459,singleton,0,130
2026-09-28T12:48:16,/works/W1998506792,singleton,0,130
2026-09-28T12:48:16,/works/W2268997143,singleton,0,130
2026-09-28T12:48:17,/works/W1492598130,singleton,0,130
2026-09-28T12:48:17,/works/W2140274023,singleton,0,130
2026-09-28T12:48:17,/works/W2076500646,singleton,0,130
2026-09-28T12:48:18,/works/W185334701,singleton,0,130
2026-09-28T12:48:18,/works/W1995582586,singleton,0,130
2026-09-28T12:48:18,/works/W1998506792,singleton,0,130
2026-09-28T12:48:19,/works/W2097138198,singleton,0,130
2026-09-28T12:48:19,/works/W2256169392,singleton,0,130
2026-09-28T12:48:19,/works/W2055422125,singleton,0,130
2026-09-28T12:48:19,/works/W2158461908,singleton,0,130
2026-09-28T12:48:19,/works/W2777402699,singleton,0,130
2026-09-28T12:48:19,/works/W1951335046,singleton,0,130
2026-09-28T12:48:20,/works/W2160359356,singleton,0,130
2026-09-28T12:48:20,/works/W53561774,singleton,0,130
2026-09-28T12:48:20,/works/W2062645875,singleton,0,130
2026-09-28T12:48:20,/works/W2736753322,singleton,0,130
2026-09-28T12:48:20,/works/W2725526415,singleton,0,130
2026-09-28T12:48:20,/works/W172582490,singleton,0,130
2026-09-28T12:48:20,/works/W2047707427,singleton,0,130
2026-09-28T12:48:20,/works/W2104671916,singleton,0,130
2026-09-28T12:48:21,/works/W2060837105,singleton,0,130
2026-09-28T12:48:21,/works/W1606197686,singleton,0,130
2026-09-28T12:48:21,/works/W1581020613,singleton,0,130
2026-09-28T12:48:21,/works/W2481809200,singleton,0,130
2026-09-28T12:48:21,/works/W1585532837,singleton,0,130
2026-09-28T12:48:21,/works/W19069630,singleton,0,130
2026-09-28T12:48:21,/works/W2259751113,singleton,0,130
2026-09-28T12:48:21,/works/W53365304,singleton,0,130
2026-09-28T12:48:22,/works/W2252161870,singleton,0,130
2026-09-28T12:48:22,/works/W2116429357,singleton,0,130
2026-09-28T12:48:22,/works/W2066921361,singleton,0,130
2026-09-28T12:48:22,/works/W2132288015,singleton,0,130
2026-09-28T12:48:24,/works/W2259751113,singleton,0,130
2026-09-28T12:48:25,/works/W2066921361,singleton,0,130
2026-09-28T12:48:25,/works/W2132288015,singleton,0,130
2026-09-28T12:48:29,/works/W2259751113,singleton,0,130
2026-09-28T12:48:29,/works/W2066921361,singleton,0,130
2026-09-28T12:48:30,/works/W2132288015,singleton,0,130
2026-09-28T12:48:30,/works/W1998414418,singleton,0,130
2026-09-28T12:48:30,/works/W2110074345,singleton,0,130
2026-09-28T12:48:30,/works/W2086193157,singleton,0,130
2026-09-28T12:48:33,/works/W2110074345,singleton,0,130
2026-09-28T12:48:33,/works/W120112879,singleton,0,130
2026-09-28T12:48:33,/works/W2086193157,singleton,0,130
2026-09-28T12:48:36,/works/W120112879,singleton,0,130
2026-09-28T12:48:36,/works/W25633370,singleton,0,130
2026-09-28T12:48:36,/works/W1559949440,singleton,0,130
2026-09-28T12:48:38,/works/W2259751113,singleton,0,130
2026-09-28T12:48:38,/works/W2086193157,singleton,0,130
2026-09-28T12:48:39,/works/W1559949440,singleton,0,130
2026-09-28T12:48:39,/works/W325527591,singleton,0,130
2026-09-28T12:48:39,/works/W1888680178,singleton,0,130
2026-09-28T12:48:39,/works/W2498263154,singleton,0,130
2026-09-28T12:48:39,/works/W1978781574,singleton,0,130
2026-09-28T12:48:40,/works/W2495220815,singleton,0,130
2026-09-28T12:48:42,/works/W2495220815,singleton,0,130
2026-09-28T12:48:42,/works/W1978781574,singleton,0,130
2026-09-28T12:48:42,/works/W2105539230,singleton,0,130
2026-09-28T12:48:42,/works/W287635403,singleton,0,130
2026-09-28T12:48:43,/works/W91429005,singleton,0,130
2026-09-28T12:48:45,/works/W287635403,singleton,0,130
2026-09-28T12:48:46,/works/W91429005,singleton,0,130
2026-09-28T12:48:46,/works/W38128503,singleton,0,130
2026-09-28T12:48:47,/works/W2132604886,singleton,0,130
2026-09-28T12:48:47,/works/W2163227493,singleton,0,130
2026-09-28T12:48:47,/works/W2185306813,singleton,0,130
2026-09-28T12:48:50,/works/W2185306813,singleton,0,130
2026-09-28T12:48:50,/works/W287635403,singleton,0,130
2026-09-28T12:48:50,/works/W2917912851,singleton,0,130
2026-09-28T12:48:54,/works/W2917912851,singleton,0,130
2026-09-28T12:48:54,/works/W2125888959,singleton,0,130
2026-09-28T12:48:54,/works/W2338714459,singleton,0,130
2026-09-28T12:48:55,/works/W2259751113,singleton,0,130
2026-09-28T12:48:55,/works/W2185306813,singleton,0,130
2026-09-28T12:49:02,/works/W2087472062,singleton,0,130
2026-09-28T12:49:03,/works/W2027447493,singleton,0,130
2026-09-28T12:49:03,/works/W2124170876,singleton,0,130
2026-09-28T12:49:03,/works/W2071504063,singleton,0,130
2026-09-28T12:49:03,/works/W2066858578,singleton,0,130
2026-09-28T12:49:03,/works/W2151549410,singleton,0,130
2026-09-28T12:49:04,/works/W2081258358,singleton,0,130
2026-09-28T12:49:04,/works/W2011016280,singleton,0,130
2026-09-28T12:49:05,/works/W2087472062,singleton,0,130
2026-09-28T12:49:06,/works/W2151549410,singleton,0,130
2026-09-28T12:49:07,/works/W2011016280,singleton,0,130
2026-09-28T12:49:08,/works/W1983876698,singleton,0,130
2026-09-28T12:49:08,/works/W2097083248,singleton,0,130
2026-09-28T12:49:10,/works/W2087472062,singleton,0,130
2026-09-28T12:49:11,/works/W2097083248,singleton,0,130
2026-09-28T12:49:11,/works/W2151549410,singleton,0,130
2026-09-28T12:49:15,/works/W2097083248,singleton,0,130
2026-09-28T12:49:16,/works/W2004741675,singleton,0,130
2026-09-28T12:49:18,/works/W2087472062,singleton,0,130
2026-09-28T12:49:19,/works/W2004741675,singleton,0,130
2026-09-28T12:49:19,/works/W1975881545,singleton,0,130
2026-09-28T12:49:20,/works/W2151549410,singleton,0,130
2026-09-28T12:49:21,/works/W146587884,singleton,0,130
2026-09-28T12:49:21,/works/W1985574460,singleton,0,130
2026-09-28T12:49:22,/works/W1975881545,singleton,0,130
2026-09-28T12:49:23,/works/W1985574460,singleton,0,130
2026-09-28T12:49:27,/works/W1975881545,singleton,0,130
2026-09-28T12:49:27,/works/W2147593703,singleton,0,130
2026-09-28T12:49:27,/works/W2099666824,singleton,0,130
2026-09-28T12:49:29,/works/W1985574460,singleton,0,130
2026-09-28T12:49:29,/works/W2090065510,singleton,0,130
2026-09-28T12:49:29,/works/W2080309338,singleton,0,130
2026-09-28T12:49:30,/works/W2096572705,singleton,0,130
2026-09-28T12:49:30,/works/W2113080127,singleton,0,130
2026-09-28T12:49:30,/works/W2099666824,singleton,0,130
2026-09-28T12:49:31,/works/W2088575158,singleton,0,130
2026-09-28T12:49:31,/works/W2112228213,singleton,0,130
2026-09-28T12:49:31,/works/W2163368401,singleton,0,130
2026-09-28T12:49:32,/works/W2151355585,singleton,0,130
2026-09-28T12:49:32,/works/W2073471219,singleton,0,130
2026-09-28T12:49:33,/works/W2043547199,singleton,0,130
2026-09-28T12:49:33,/works/W2916115513,singleton,0,130
2026-09-28T12:49:33,/works/W1987673721,singleton,0,130
2026-09-28T12:49:34,/works/W2016778389,singleton,0,130
2026-09-28T12:49:34,/works/W2057880610,singleton,0,130
2026-09-28T12:49:35,/works/W2081447858,singleton,0,130
2026-09-28T12:49:35,/works/W2087472062,singleton,0,130
2026-09-28T12:49:35,/works/W2167414381,singleton,0,130
2026-09-28T12:49:35,/works/W2050034880,singleton,0,130
2026-09-28T12:49:36,/works/W2062069198,singleton,0,130
2026-09-28T12:49:36,/works/W2099666824,singleton,0,130
2026-09-28T12:49:36,/works/W2042486830,singleton,0,130
2026-09-28T12:49:36,/works/W2108973415,singleton,0,130
2026-09-28T12:49:36,/works/W2001823769,singleton,0,130
2026-09-28T12:49:36,/works/W2055118383,singleton,0,130
2026-09-28T12:49:37,/works/W2111804172,singleton,0,130
2026-09-28T12:49:37,/works/W2145651434,singleton,0,130
2026-09-28T12:49:38,/works/W2108973415,singleton,0,130
2026-09-28T12:49:40,/works/W2145651434,singleton,0,130
2026-09-28T12:49:41,/works/W2080918030,singleton,0,130
2026-09-28T12:49:41,/works/W1582848077,singleton,0,130
2026-09-28T12:49:43,/works/W2108973415,singleton,0,130
2026-09-28T12:49:44,/works/W1582848077,singleton,0,130
2026-09-28T12:49:44,/works/W1511883602,singleton,0,130
2026-09-28T12:49:44,/works/W2140338369,singleton,0,130
2026-09-28T12:49:45,/works/W2099666824,singleton,0,130
2026-09-28T12:49:48,/works/W2140338369,singleton,0,130
2026-09-28T12:49:48,/works/W2109865330,singleton,0,130
2026-09-28T12:49:48,/works/W2167650288,singleton,0,130
2026-09-28T12:49:49,/works/W2115018422,singleton,0,130
2026-09-28T12:49:51,/works/W2115018422,singleton,0,130
2026-09-28T12:49:52,/works/W2108973415,singleton,0,130
2026-09-28T12:49:53,/works/W1967319615,singleton,0,130
2026-09-28T12:49:53,/works/W2046612510,singleton,0,130
2026-09-28T12:49:54,/works/W2067497387,singleton,0,130
2026-09-28T12:49:54,/works/W1995661435,singleton,0,130
2026-09-28T12:49:54,/works/W1651801830,singleton,0,130
2026-09-28T12:49:56,/works/W2115018422,singleton,0,130
2026-09-28T12:49:57,/works/W2030215875,singleton,0,130
2026-09-28T12:49:57,/works/W1651801830,singleton,0,130
2026-09-28T12:50:00,/works/W2030215875,singleton,0,130
2026-09-28T12:50:00,/works/W2122310551,singleton,0,130
2026-09-28T12:50:00,/works/W2171154252,singleton,0,130
2026-09-28T12:50:02,/works/W2099666824,singleton,0,130
2026-09-28T12:50:02,/works/W2064422408,singleton,0,130
2026-09-28T12:50:03,/works/W1651801830,singleton,0,130
2026-09-28T12:50:03,/works/W2159041854,singleton,0,130
2026-09-28T12:50:03,/works/W2370299811,singleton,0,130
2026-09-28T12:50:03,/works/W1577523925,singleton,0,130
2026-09-28T12:50:03,/works/W2171154252,singleton,0,130
2026-09-28T12:50:03,/works/W2157448453,singleton,0,130
2026-09-28T12:50:04,/works/W2145099626,singleton,0,130
2026-09-28T12:50:04,/works/W1993512309,singleton,0,130
2026-09-28T12:50:04,/works/W2050433177,singleton,0,130
2026-09-28T12:50:04,/works/W1886312553,singleton,0,130
2026-09-28T12:50:05,/works/W2010317454,singleton,0,130
2026-09-28T12:50:05,/works/W2130976070,singleton,0,130
2026-09-28T12:50:05,/works/W2001544973,singleton,0,130
2026-09-28T12:50:06,/works/W2370299811,singleton,0,130
2026-09-28T12:50:06,/works/doi:10.1517/14728222.11.7.915,singleton,0,130
2026-09-28T12:50:06,/works/W2106364098,singleton,0,130
2026-09-28T12:50:06,/works/W2089048280,singleton,0,130
2026-09-28T12:50:06,/works/W2125108253,singleton,0,130
2026-09-28T12:50:07,/works/W2078174944,singleton,0,130
2026-09-28T12:50:07,/works/W2030125924,singleton,0,130
2026-09-28T12:50:07,/works/W2039169692,singleton,0,130
2026-09-28T12:50:07,/works/W52703298,singleton,0,130
2026-09-28T12:50:07,/works/W2050433177,singleton,0,130
2026-09-28T12:50:08,/works/W2063780148,singleton,0,130
2026-09-28T12:50:08,/works/W2441506812,singleton,0,130
2026-09-28T12:50:08,/works/W2791403253,singleton,0,130
2026-09-28T12:50:08,/works/W2105419625,singleton,0,130
2026-09-28T12:50:08,/works/W2087841322,singleton,0,130
2026-09-28T12:50:08,/works/W2110324200,singleton,0,130
2026-09-28T12:50:08,/works/W1984825308,singleton,0,130
2026-09-28T12:50:09,/works/W2164114377,singleton,0,130
2026-09-28T12:50:09,/works/W2067691895,singleton,0,130
2026-09-28T12:50:11,/works/W2105419625,singleton,0,130
2026-09-28T12:50:11,/works/W1971410976,singleton,0,130
2026-09-28T12:50:11,/works/W1660510793,singleton,0,130
2026-09-28T12:50:12,/works/W1984825308,singleton,0,130
2026-09-28T12:50:12,/works/W2182006029,singleton,0,130
2026-09-28T12:50:12,/works/W1973713328,singleton,0,130
2026-09-28T12:50:12,/works/W2067691895,singleton,0,130
2026-09-28T12:50:12,/works/W2152387543,singleton,0,130
2026-09-28T12:50:12,/works/W1579015840,singleton,0,130
2026-09-28T12:50:13,/works/W2082436048,singleton,0,130
2026-09-28T12:50:15,/works/W1579015840,singleton,0,130
2026-09-28T12:50:16,/works/W2052569390,singleton,0,130
2026-09-28T12:50:16,/works/W2082436048,singleton,0,130
2026-09-28T12:50:16,/works/W2100723703,singleton,0,130
2026-09-28T12:50:17,/works/W2067691895,singleton,0,130
2026-09-28T12:50:18,/works/W2170107010,singleton,0,130
2026-09-28T12:50:18,/works/W2167960944,singleton,0,130
2026-09-28T12:50:18,/works/W2100723703,singleton,0,130
2026-09-28T12:50:19,/works/W1764694918,singleton,0,130
2026-09-28T12:50:21,/works/W2082436048,singleton,0,130
2026-09-28T12:50:22,/works/W1764694918,singleton,0,130
2026-09-28T12:50:22,/works/W2111864465,singleton,0,130
2026-09-28T12:50:22,/works/W2170711858,singleton,0,130
2026-09-28T12:50:22,/works/W2080761304,singleton,0,130
2026-09-28T12:50:23,/works/W2100723703,singleton,0,130
2026-09-28T12:50:32,/works/W2100723703,singleton,0,130
2026-09-28T12:50:49,/works/W2100723703,singleton,0,130
2026-09-28T12:51:22,/works/W2100723703,singleton,0,130
2026-09-28T12:51:34,/works/W2182006029,singleton,0,130
2026-09-28T12:51:35,/works/W2100723703,singleton,0,130
2026-09-28T12:51:35,/works/W2791403253,singleton,0,130
2026-09-28T12:51:59,/works/W2791403253,singleton,0,130
2026-09-28T12:51:59,/works/W2182006029,singleton,0,130
2026-09-28T12:52:00,/works/W2791403253,singleton,0,130
2026-09-28T12:52:00,/works/W2182006029,singleton,0,130
2026-09-28T12:52:01,/works/W2791403253,singleton,0,130
2026-09-28T12:52:03,/works/W2039016788,singleton,0,130
2026-09-28T12:52:03,/works/W1442996158,singleton,0,130
2026-09-28T12:52:03,/works/W2184981565,singleton,0,130
2026-09-28T12:52:03,/works/W2102879410,singleton,0,130
2026-09-28T12:52:04,/works/W1493145033,singleton,0,130
2026-09-28T12:52:04,/works/W2039016788,singleton,0,130
2026-09-28T12:52:04,/works/W92457917,singleton,0,130
2026-09-28T12:52:04,/works/W1442996158,singleton,0,130
2026-09-28T12:52:05,/works/W92457917,singleton,0,130
2026-09-28T12:52:05,/works/W2039016788,singleton,0,130
2026-09-28T12:52:05,/works/W125094683,singleton,0,130
2026-09-28T12:52:05,/works/W2396629831,singleton,0,130
2026-09-28T12:52:05,/works/W1442996158,singleton,0,130
2026-09-28T12:52:05,/works/W1019528217,singleton,0,130
2026-09-28T12:52:07,/works/W125094683,singleton,0,130
2026-09-28T12:52:07,/works/W2396629831,singleton,0,130
2026-09-28T12:52:07,/works/W1994748352,singleton,0,130
2026-09-28T12:52:07,/works/W1019528217,singleton,0,130
2026-09-28T12:52:07,/works/W2147832337,singleton,0,130
2026-09-28T12:52:07,/works/W2242545893,singleton,0,130
2026-09-28T12:52:07,/works/W145439269,singleton,0,130
2026-09-28T12:52:07,/works/W349860148,singleton,0,130
2026-09-28T12:52:08,/works/W2139574695,singleton,0,130
2026-09-28T12:52:08,/works/W145439269,singleton,0,130
2026-09-28T12:52:09,/works/W2242545893,singleton,0,130
2026-09-28T12:52:09,/works/W2139574695,singleton,0,130
2026-09-28T12:52:09,/works/W2285021378,singleton,0,130
2026-09-28T12:52:09,/works/W2008498844,singleton,0,130
2026-09-28T12:52:09,/works/W2242545893,singleton,0,130
2026-09-28T12:52:10,/works/W36364317,singleton,0,130
2026-09-28T12:52:10,/works/W2139574695,singleton,0,130
2026-09-28T12:52:10,/works/W2052756509,singleton,0,130
2026-09-28T12:52:10,/works/W2104074266,singleton,0,130
2026-09-28T12:52:10,/works/W2667307441,singleton,0,130
2026-09-28T12:52:10,/works/W2185572096,singleton,0,130
2026-09-28T12:52:10,/works/W2110939246,singleton,0,130
2026-09-28T12:52:11,/works/W2139574695,singleton,0,130
2026-09-28T12:52:11,/works/W2554839354,singleton,0,130
2026-09-28T12:52:11,/works/W2624765770,singleton,0,130
2026-09-28T12:52:12,/works/W2139574695,singleton,0,130
2026-09-28T12:52:12,/works/W2315075980,singleton,0,130
2026-09-28T12:52:12,/works/W2182992846,singleton,0,130
2026-09-28T12:52:12,/works/W2185572096,singleton,0,130
2026-09-28T12:52:12,/works/W2130055192,singleton,0,130
2026-09-28T12:52:12,/works/W2050083545,singleton,0,130
2026-09-28T12:52:13,/works/W2025518782,singleton,0,130
2026-09-28T12:52:13,/works/W2124994029,singleton,0,130
2026-09-28T12:52:13,/works/W2130055192,singleton,0,130
2026-09-28T12:52:13,/works/W2182992846,singleton,0,130
2026-09-28T12:52:13,/works/W1935440682,singleton,0,130
2026-09-28T12:52:13,/works/W1995662824,singleton,0,130
2026-09-28T12:52:13,/works/W415585379,singleton,0,130
2026-09-28T12:52:14,/works/W1995662824,singleton,0,130
2026-09-28T12:52:15,/works/W415585379,singleton,0,130
2026-09-28T12:52:15,/works/W1935440682,singleton,0,130
2026-09-28T12:52:16,/works/W1995662824,singleton,0,130
2026-09-28T12:52:16,/works/W415585379,singleton,0,130
2026-09-28T12:52:16,/works/W1935440682,singleton,0,130
2026-09-28T12:52:16,/works/W2231349049,singleton,0,130
2026-09-28T12:52:17,/works/W2066640191,singleton,0,130
2026-09-28T12:52:17,/works/W2761672522,singleton,0,130
2026-09-28T12:52:17,/works/W415585379,singleton,0,130
2026-09-28T12:52:17,/works/W2074891874,singleton,0,130
2026-09-28T12:52:17,/works/W2523478734,singleton,0,130
2026-09-28T12:52:18,/works/W2066640191,singleton,0,130
2026-09-28T12:52:18,/works/W415585379,singleton,0,130
2026-09-28T12:52:18,/works/W2066640191,singleton,0,130
2026-09-28T12:52:19,/works/W2245021327,singleton,0,130
2026-09-28T12:52:19,/works/W2523478734,singleton,0,130
2026-09-28T12:52:19,/works/W2007349886,singleton,0,130
2026-09-28T12:52:19,/works/W2006672082,singleton,0,130
2026-09-28T12:52:19,/works/W2066640191,singleton,0,130
2026-09-28T12:52:20,/works/W2523478734,singleton,0,130
2026-09-28T12:52:20,/works/W2066640191,singleton,0,130
2026-09-28T12:52:21,/works/W2035078508,singleton,0,130
2026-09-28T12:52:21,/works/W2006672082,singleton,0,130
2026-09-28T12:52:21,/works/W2523478734,singleton,0,130
2026-09-28T12:52:21,/works/W864865728,singleton,0,130
2026-09-28T12:52:21,/works/W2242092003,singleton,0,130
2026-09-28T12:52:22,/works/W1491064235,singleton,0,130
2026-09-28T12:52:22,/works/W2006672082,singleton,0,130
2026-09-28T12:52:23,/works/W1491064235,singleton,0,130
2026-09-28T12:52:23,/works/W864865728,singleton,0,130
2026-09-28T12:52:23,/works/W2162815002,singleton,0,130
2026-09-28T12:52:23,/works/W1491064235,singleton,0,130
2026-09-28T12:52:24,/works/W2006672082,singleton,0,130
2026-09-28T12:52:24,/works/W2162815002,singleton,0,130
2026-09-28T12:52:24,/works/W2087541882,singleton,0,130
2026-09-28T12:52:24,/works/W1491064235,singleton,0,130
2026-09-28T12:52:25,/works/W2080226267,singleton,0,130
2026-09-28T12:52:25,/works/W2122570965,singleton,0,130
2026-09-28T12:52:25,/works/W2087541882,singleton,0,130
2026-09-28T12:52:25,/works/W1491064235,singleton,0,130
2026-09-28T12:52:26,/works/W1491064235,singleton,0,130
2026-09-28T12:52:26,/works/W2087541882,singleton,0,130
2026-09-28T12:52:26,/works/W2122570965,singleton,0,130
2026-09-28T12:52:27,/works/W1916443514,singleton,0,130
2026-09-28T12:52:27,/works/W2171913066,singleton,0,130
2026-09-28T12:52:27,/works/W1491064235,singleton,0,130
2026-09-28T12:52:27,/works/W2118288941,singleton,0,130
2026-09-28T12:52:28,/works/W1541075651,singleton,0,130
2026-09-28T12:52:28,/works/W2292984643,singleton,0,130
2026-09-28T12:52:28,/works/W2122570965,singleton,0,130
2026-09-28T12:52:28,/works/W1491064235,singleton,0,130
2026-09-28T12:52:28,/works/W2145257361,singleton,0,130
2026-09-28T12:52:29,/works/W2739884229,singleton,0,130
2026-09-28T12:52:29,/works/W2129344963,singleton,0,130
2026-09-28T12:52:29,/works/W2292984643,singleton,0,130
2026-09-28T12:52:30,/works/W1826923806,singleton,0,130
2026-09-28T12:52:30,/works/W2145257361,singleton,0,130
2026-09-28T12:52:30,/works/W2129344963,singleton,0,130
2026-09-28T12:52:30,/works/W171041689,singleton,0,130
2026-09-28T12:52:31,/works/W1826923806,singleton,0,130
2026-09-28T12:52:32,/works/W2129344963,singleton,0,130
2026-09-28T12:52:32,/works/W171041689,singleton,0,130
2026-09-28T12:52:32,/works/W2118007730,singleton,0,130
2026-09-28T12:52:32,/works/W2077597454,singleton,0,130
2026-09-28T12:52:32,/works/W1826923806,singleton,0,130
2026-09-28T12:52:33,/works/W2310477472,singleton,0,130
2026-09-28T12:52:33,/works/W132184628,singleton,0,130
2026-09-28T12:52:33,/works/W2159367684,singleton,0,130
2026-09-28T12:52:34,/works/W1826923806,singleton,0,130
2026-09-28T12:52:34,/works/W2310477472,singleton,0,130
2026-09-28T12:52:34,/works/W2159367684,singleton,0,130
2026-09-28T12:52:35,/works/W2058072323,singleton,0,130
2026-09-28T12:52:35,/works/W1826923806,singleton,0,130
2026-09-28T12:52:35,/works/W2050192345,singleton,0,130
2026-09-28T12:52:35,/works/W2310477472,singleton,0,130
2026-09-28T12:52:36,/works/W2039905029,singleton,0,130
2026-09-28T12:52:36,/works/W2151042435,singleton,0,130
2026-09-28T12:52:36,/works/W1826923806,singleton,0,130
2026-09-28T12:52:36,/works/W2082048429,singleton,0,130
2026-09-28T12:52:36,/works/W1771060158,singleton,0,130
2026-09-28T12:52:37,/works/W2310477472,singleton,0,130
2026-09-28T12:52:37,/works/W2082048429,singleton,0,130
2026-09-28T12:52:37,/works/W2134923335,singleton,0,130
2026-09-28T12:52:37,/works/W1771060158,singleton,0,130
2026-09-28T12:52:38,/works/W2079249788,singleton,0,130
2026-09-28T12:52:38,/works/W1497338665,singleton,0,130
2026-09-28T12:52:39,/works/W2169203263,singleton,0,130
2026-09-28T12:52:39,/works/W2082048429,singleton,0,130
2026-09-28T12:52:39,/works/W202473409,singleton,0,130
2026-09-28T12:52:39,/works/W1771060158,singleton,0,130
2026-09-28T12:52:39,/works/W2089050785,singleton,0,130
2026-09-28T12:52:40,/works/W2169203263,singleton,0,130
2026-09-28T12:52:41,/works/W202473409,singleton,0,130
2026-09-28T12:52:41,/works/W1525543717,singleton,0,130
2026-09-28T12:52:41,/works/W2089050785,singleton,0,130
2026-09-28T12:52:41,/works/doi:10.1080/13556509.2012.10799507,singleton,0,130
2026-09-28T12:52:42,/works/W202473409,singleton,0,130
2026-09-28T12:52:42,/works/doi:10.1080/13556509.2012.10799507,singleton,0,130
2026-09-28T12:52:42,/works/W1525543717,singleton,0,130
2026-09-28T12:52:43,/works/W1748390863,singleton,0,130
2026-09-28T12:52:43,/works/W202473409,singleton,0,130
2026-09-28T12:52:43,/works/W2006480939,singleton,0,130
2026-09-28T12:52:43,/works/doi:10.1080/13556509.2012.10799507,singleton,0,130
2026-09-28T12:52:43,/works/W129132019,singleton,0,130
2026-09-28T12:52:44,/works/W2086676398,singleton,0,130
2026-09-28T12:52:44,/works/W202473409,singleton,0,130
2026-09-28T12:52:44,/works/W2100934737,singleton,0,130
2026-09-28T12:52:44,/works/W164823840,singleton,0,130
2026-09-28T12:52:44,/works/W205373223,singleton,0,130
2026-09-28T12:52:45,/works/W129132019,singleton,0,130
2026-09-28T12:52:45,/works/W2501648206,singleton,0,130
2026-09-28T12:52:46,/works/W640704504,singleton,0,130
2026-09-28T12:52:46,/works/W2100934737,singleton,0,130
2026-09-28T12:52:46,/works/W205373223,singleton,0,130
2026-09-28T12:52:46,/works/W2186724332,singleton,0,130
2026-09-28T12:52:47,/works/W640704504,singleton,0,130
2026-09-28T12:52:47,/works/W2100934737,singleton,0,130
2026-09-28T12:52:47,/works/W1957080336,singleton,0,130
2026-09-28T12:52:48,/works/W2186724332,singleton,0,130
2026-09-28T12:52:48,/works/W1957080336,singleton,0,130
2026-09-28T12:52:48,/works/W2100934737,singleton,0,130
2026-09-28T12:52:48,/works/W2026969101,singleton,0,130
2026-09-28T12:52:49,/works/W2186724332,singleton,0,130
2026-09-28T12:52:49,/works/W2292167168,singleton,0,130
2026-09-28T12:52:49,/works/W190067723,singleton,0,130
2026-09-28T12:52:49,/works/W2026969101,singleton,0,130
2026-09-28T12:52:49,/works/W1957080336,singleton,0,130
2026-09-28T12:52:50,/works/W2314790395,singleton,0,130
2026-09-28T12:52:50,/works/W2105268242,singleton,0,130
2026-09-28T12:52:50,/works/W2187652355,singleton,0,130
2026-09-28T12:52:50,/works/W2955342311,singleton,0,130
2026-09-28T12:52:50,/works/W2188732456,singleton,0,130
2026-09-28T12:52:51,/works/W2187652355,singleton,0,130
2026-09-28T12:52:51,/works/W2026969101,singleton,0,130
2026-09-28T12:52:52,/works/W2187652355,singleton,0,130
2026-09-28T12:52:52,/works/W2188732456,singleton,0,130
2026-09-28T12:52:52,/works/W2026969101,singleton,0,130
2026-09-28T12:52:53,/works/W2188732456,singleton,0,130
2026-09-28T12:52:53,/works/W2160585474,singleton,0,130
2026-09-28T12:52:54,/works/W2187652355,singleton,0,130
2026-09-28T12:52:54,/works/W2026969101,singleton,0,130
2026-09-28T12:52:54,/works/W2996477875,singleton,0,130
2026-09-28T12:52:54,/works/W2073789733,singleton,0,130
2026-09-28T12:52:54,/works/W2141350817,singleton,0,130
2026-09-28T12:52:54,/works/W2108272509,singleton,0,130
2026-09-28T12:52:55,/works/W2160585474,singleton,0,130
2026-09-28T12:52:55,/works/W2739071228,singleton,0,130
2026-09-28T12:52:55,/works/W2330857546,singleton,0,130
2026-09-28T12:52:56,/works/W2058492327,singleton,0,130
2026-09-28T12:52:56,/works/W2141350817,singleton,0,130
2026-09-28T12:52:56,/works/W2108272509,singleton,0,130
2026-09-28T12:52:56,/works/W2116540841,singleton,0,130
2026-09-28T12:52:57,/works/W2962857989,singleton,0,130
2026-09-28T12:52:57,/works/W2108272509,singleton,0,130
2026-09-28T12:52:57,/works/W340481882,singleton,0,130
2026-09-28T12:52:57,/works/W2058492327,singleton,0,130
2026-09-28T12:52:57,/works/W2398144667,singleton,0,130
2026-09-28T12:52:58,/works/W2031586023,singleton,0,130
2026-09-28T12:52:58,/works/W2108272509,singleton,0,130
2026-09-28T12:52:58,/works/W340481882,singleton,0,130
2026-09-28T12:52:59,/works/W2171576645,singleton,0,130
2026-09-28T12:52:59,/works/W2069074793,singleton,0,130
2026-09-28T12:52:59,/works/W2031586023,singleton,0,130
2026-09-28T12:52:59,/works/W2121222025,singleton,0,130
2026-09-28T12:52:59,/works/W2122960413,singleton,0,130
2026-09-28T12:53:00,/works/W2069074793,singleton,0,130
2026-09-28T12:53:00,/works/W2031586023,singleton,0,130
2026-09-28T12:53:00,/works/W2144923464,singleton,0,130
2026-09-28T12:53:01,/works/W1576379399,singleton,0,130
2026-09-28T12:53:01,/works/W2049208969,singleton,0,130
2026-09-28T12:53:01,/works/W2122960413,singleton,0,130
2026-09-28T12:53:01,/works/W2917130247,singleton,0,130
2026-09-28T12:53:01,/works/W1576379399,singleton,0,130
2026-09-28T12:53:01,/works/W1991045319,singleton,0,130
2026-09-28T12:53:02,/works/W1779843715,singleton,0,130
2026-09-28T12:53:02,/works/W2005470179,singleton,0,130
2026-09-28T12:53:02,/works/W2122960413,singleton,0,130
2026-09-28T12:53:03,/works/W2753370453,singleton,0,130
2026-09-28T12:53:03,/works/W1576379399,singleton,0,130
2026-09-28T12:53:03,/works/W2124327196,singleton,0,130
2026-09-28T12:53:03,/works/W2122960413,singleton,0,130
2026-09-28T12:53:04,/works/W2753370453,singleton,0,130
2026-09-28T12:53:04,/works/W2283398533,singleton,0,130
2026-09-28T12:53:04,/works/W2124327196,singleton,0,130
2026-09-28T12:53:04,/works/W94739049,singleton,0,130
2026-09-28T12:53:04,/works/W2181999461,singleton,0,130
2026-09-28T12:53:05,/works/W2122960413,singleton,0,130
2026-09-28T12:53:05,/works/W2078272934,singleton,0,130
2026-09-28T12:53:05,/works/W94739049,singleton,0,130
2026-09-28T12:53:06,/works/W2181999461,singleton,0,130
2026-09-28T12:53:06,/works/W2467426667,singleton,0,130
2026-09-28T12:53:06,/works/W2112280868,singleton,0,130
2026-09-28T12:53:07,/works/W2467426667,singleton,0,130
2026-09-28T12:53:07,/works/W2181999461,singleton,0,130
2026-09-28T12:53:07,/works/W2112280868,singleton,0,130
2026-09-28T12:53:08,/works/W2467426667,singleton,0,130
2026-09-28T12:53:08,/works/W1983015288,singleton,0,130
2026-09-28T12:53:08,/works/W2112280868,singleton,0,130
2026-09-28T12:53:09,/works/W2791414165,singleton,0,130
2026-09-28T12:53:09,/works/W2181999461,singleton,0,130
2026-09-28T12:53:09,/works/W2117442907,singleton,0,130
2026-09-28T12:53:09,/works/W941612151,singleton,0,130
2026-09-28T12:53:09,/works/W1983015288,singleton,0,130
2026-09-28T12:53:09,/works/W1605972654,singleton,0,130
2026-09-28T12:53:09,/works/W1750958872,singleton,0,130
2026-09-28T12:53:10,/works/W820404121,singleton,0,130
2026-09-28T12:53:10,/works/W83701456,singleton,0,130
2026-09-28T12:53:10,/works/W2087567507,singleton,0,130
2026-09-28T12:53:10,/works/W44057434,singleton,0,130
2026-09-28T12:53:10,/works/W1506522508,singleton,0,130
2026-09-28T12:53:10,/works/W1991111340,singleton,0,130
2026-09-28T12:53:11,/works/W2041053169,singleton,0,130
2026-09-28T12:53:11,/works/W2101777869,singleton,0,130
2026-09-28T12:53:11,/works/W2103362845,singleton,0,130
2026-09-28T12:53:11,/works/W850137810,singleton,0,130
2026-09-28T12:53:11,/works/W83701456,singleton,0,130
2026-09-28T12:53:11,/works/W1969235627,singleton,0,130
2026-09-28T12:53:12,/works/W2103362845,singleton,0,130
2026-09-28T12:53:13,/works/W850137810,singleton,0,130
2026-09-28T12:53:13,/works/W1986715167,singleton,0,130
2026-09-28T12:53:13,/works/W1969235627,singleton,0,130
2026-09-28T12:53:13,/works/W1791768040,singleton,0,130
2026-09-28T12:53:13,/works/W2098846094,singleton,0,130
2026-09-28T12:53:13,/works/W2100559157,singleton,0,130
2026-09-28T12:53:14,/works/W2098846094,singleton,0,130
2026-09-28T12:53:14,/works/W1969235627,singleton,0,130
2026-09-28T12:53:14,/works/W2100559157,singleton,0,130
2026-09-28T12:53:14,/works/W2168765606,singleton,0,130
2026-09-28T12:53:15,/works/W2126574860,singleton,0,130
2026-09-28T12:53:15,/works/W18542563,singleton,0,130
2026-09-28T12:53:15,/works/W72733388,singleton,0,130
2026-09-28T12:53:15,/works/W1969235627,singleton,0,130
2026-09-28T12:53:16,/works/W2005856863,singleton,0,130
2026-09-28T12:53:16,/works/W72733388,singleton,0,130
2026-09-28T12:53:16,/works/W2126574860,singleton,0,130
2026-09-28T12:53:16,/works/W60178402,singleton,0,130
2026-09-28T12:53:16,/works/W1741682672,singleton,0,130
2026-09-28T12:53:17,/works/W1596500414,singleton,0,130
2026-09-28T12:53:17,/works/W1972295533,singleton,0,130
2026-09-28T12:53:17,/works/W2952770226,singleton,0,130
2026-09-28T12:53:17,/works/W2126574860,singleton,0,130
2026-09-28T12:53:17,/works/W191327111,singleton,0,130
2026-09-28T12:53:18,/works/W2490883681,singleton,0,130
2026-09-28T12:53:18,/works/W1972295533,singleton,0,130
2026-09-28T12:53:19,/works/W191327111,singleton,0,130
2026-09-28T12:53:19,/works/W17910498,singleton,0,130
2026-09-28T12:53:19,/works/W1972295533,singleton,0,130
2026-09-28T12:53:19,/works/W158810658,singleton,0,130
2026-09-28T12:53:20,/works/W2490883681,singleton,0,130
2026-09-28T12:53:20,/works/W2380756684,singleton,0,130
2026-09-28T12:53:20,/works/W158810658,singleton,0,130
2026-09-28T12:53:20,/works/W279631868,singleton,0,130
2026-09-28T12:53:20,/works/W2170597558,singleton,0,130
2026-09-28T12:53:20,/works/W1972295533,singleton,0,130
2026-09-28T12:53:21,/works/W2561009960,singleton,0,130
2026-09-28T12:53:21,/works/W2250204095,singleton,0,130
2026-09-28T12:53:22,/works/W2170597558,singleton,0,130
2026-09-28T12:53:22,/works/W1972295533,singleton,0,130
2026-09-28T12:53:22,/works/W2250204095,singleton,0,130
2026-09-28T12:53:22,/works/W2187323455,singleton,0,130
2026-09-28T12:53:23,/works/W3692153,singleton,0,130
2026-09-28T12:53:23,/works/W3692153,singleton,0,130
2026-09-28T12:53:23,/works/W2170597558,singleton,0,130
2026-09-28T12:53:24,/works/W2250204095,singleton,0,130
2026-09-28T12:53:24,/works/W2043308845,singleton,0,130
2026-09-28T12:53:24,/works/W2460455836,singleton,0,130
2026-09-28T12:53:25,/works/W2170597558,singleton,0,130
2026-09-28T12:53:25,/works/W3692153,singleton,0,130
2026-09-28T12:53:25,/works/W2116915306,singleton,0,130
2026-09-28T12:53:26,/works/W2103001613,singleton,0,130
2026-09-28T12:53:26,/works/W2170597558,singleton,0,130
2026-09-28T12:53:26,/works/W2039017419,singleton,0,130
2026-09-28T12:53:26,/works/W2460455836,singleton,0,130
2026-09-28T12:53:26,/works/W159136832,singleton,0,130
2026-09-28T12:53:27,/works/W166908750,singleton,0,130
2026-09-28T12:54:03,/works/W2138521542,singleton,0,130
2026-09-28T12:54:03,/works/W2123876679,singleton,0,130
2026-09-28T12:54:03,/works/W154153089,singleton,0,130
2026-09-28T12:54:04,/works/W154153089,singleton,0,130
2026-09-28T12:54:05,/works/W93275760,singleton,0,130
2026-09-28T12:54:05,/works/W2138521542,singleton,0,130
2026-09-28T12:54:05,/works/W2123876679,singleton,0,130
2026-09-28T12:54:05,/works/W2115414764,singleton,0,130
2026-09-28T12:54:06,/works/W2138521542,singleton,0,130
2026-09-28T12:54:06,/works/W93275760,singleton,0,130
2026-09-28T12:54:06,/works/W2115414764,singleton,0,130
2026-09-28T12:54:07,/works/W2035457390,singleton,0,130
2026-09-28T12:54:07,/works/W1963522806,singleton,0,130
2026-09-28T12:54:07,/works/W2015883027,singleton,0,130
2026-09-28T12:54:07,/works/W1991498551,singleton,0,130
2026-09-28T12:54:07,/works/W2115414764,singleton,0,130
2026-09-28T12:54:07,/works/W2087005982,singleton,0,130
2026-09-28T12:54:08,/works/W2036977999,singleton,0,130
2026-09-28T12:54:08,/works/W1976104784,singleton,0,130
2026-09-28T12:54:08,/works/W2087005982,singleton,0,130
2026-09-28T12:54:10,/works/W2115414764,singleton,0,130
2026-09-28T12:54:10,/works/W2125176196,singleton,0,130
2026-09-28T12:54:10,/works/W2087005982,singleton,0,130
2026-09-28T12:54:11,/works/W1976104784,singleton,0,130
2026-09-28T12:54:11,/works/W2101988905,singleton,0,130
2026-09-28T12:54:11,/works/W2094580832,singleton,0,130
2026-09-28T12:54:11,/works/W2099459052,singleton,0,130
2026-09-28T12:54:11,/works/W2070166530,singleton,0,130
2026-09-28T12:54:11,/works/W1964301340,singleton,0,130
2026-09-28T12:54:11,/works/W2005536918,singleton,0,130
2026-09-28T12:54:12,/works/W2087005982,singleton,0,130
2026-09-28T12:54:12,/works/W1894460863,singleton,0,130
2026-09-28T12:54:12,/works/W1976104784,singleton,0,130
2026-09-28T12:54:12,/works/W2115414764,singleton,0,130
2026-09-28T12:54:12,/works/W2124447904,singleton,0,130
2026-09-28T12:54:12,/works/W2125176196,singleton,0,130
2026-09-28T12:54:12,/works/W2101988905,singleton,0,130
2026-09-28T12:54:12,/works/W2080265498,singleton,0,130
2026-09-28T12:54:12,/works/W2169887621,singleton,0,130
2026-09-28T12:54:12,/works/W2094580832,singleton,0,130
2026-09-28T12:54:12,/works/W1964301340,singleton,0,130
2026-09-28T12:54:12,/works/W1768577360,singleton,0,130
2026-09-28T12:54:12,/works/W2124447904,singleton,0,130
2026-09-28T12:54:13,/works/W2039942222,singleton,0,130
2026-09-28T12:54:13,/works/W2153695569,singleton,0,130
2026-09-28T12:54:13,/works/W2007225470,singleton,0,130
2026-09-28T12:54:13,/works/W2087005982,singleton,0,130
2026-09-28T12:54:13,/works/W2115414764,singleton,0,130
2026-09-28T12:54:13,/works/W2101988905,singleton,0,130
2026-09-28T12:54:13,/works/W2094580832,singleton,0,130
2026-09-28T12:54:14,/works/W1583929227,singleton,0,130
2026-09-28T12:54:14,/works/W2169887621,singleton,0,130
2026-09-28T12:54:14,/works/W2125183635,singleton,0,130
2026-09-28T12:54:14,/works/W2039942222,singleton,0,130
2026-09-28T12:54:14,/works/W2143318053,singleton,0,130
2026-09-28T12:54:14,/works/W2110813189,singleton,0,130
2026-09-28T12:54:14,/works/W2124447904,singleton,0,130
2026-09-28T12:54:14,/works/W2094580832,singleton,0,130
2026-09-28T12:54:15,/works/W2143318053,singleton,0,130
2026-09-28T12:54:15,/works/W2092999070,singleton,0,130
2026-09-28T12:54:15,/works/W2007225470,singleton,0,130
2026-09-28T12:54:15,/works/W2115414764,singleton,0,130
2026-09-28T12:54:15,/works/W2183639912,singleton,0,130
2026-09-28T12:54:15,/works/W2144612971,singleton,0,130
2026-09-28T12:54:15,/works/W2039942222,singleton,0,130
2026-09-28T12:54:15,/works/W2125183635,singleton,0,130
2026-09-28T12:54:15,/works/W2110813189,singleton,0,130
2026-09-28T12:54:15,/works/W1920665686,singleton,0,130
2026-09-28T12:54:15,/works/W2115667921,singleton,0,130
2026-09-28T12:54:15,/works/W2043803698,singleton,0,130
2026-09-28T12:54:16,/works/W2124447904,singleton,0,130
2026-09-28T12:54:16,/works/W2015854416,singleton,0,130
2026-09-28T12:54:16,/works/W2183639912,singleton,0,130
2026-09-28T12:54:16,/works/W126628782,singleton,0,130
2026-09-28T12:54:16,/works/W2143318053,singleton,0,130
2026-09-28T12:54:16,/works/W230581691,singleton,0,130
2026-09-28T12:54:16,/works/W1920665686,singleton,0,130
2026-09-28T12:54:16,/works/W2115414764,singleton,0,130
2026-09-28T12:54:16,/works/W1720935281,singleton,0,130
2026-09-28T12:54:17,/works/W2125183635,singleton,0,130
2026-09-28T12:54:17,/works/W1522954156,singleton,0,130
2026-09-28T12:54:17,/works/W2021582421,singleton,0,130
2026-09-28T12:54:17,/works/W2043803698,singleton,0,130
2026-09-28T12:54:17,/works/W1998304252,singleton,0,130
2026-09-28T12:54:17,/works/W2183639912,singleton,0,130
2026-09-28T12:54:17,/works/W1992465721,singleton,0,130
2026-09-28T12:54:17,/works/W230581691,singleton,0,130
2026-09-28T12:54:17,/works/W126628782,singleton,0,130
2026-09-28T12:54:17,/works/W1987262828,singleton,0,130
2026-09-28T12:54:17,/works/W2092367454,singleton,0,130
2026-09-28T12:54:18,/works/W2045295541,singleton,0,130
2026-09-28T12:54:18,/works/W1970465366,singleton,0,130
2026-09-28T12:54:18,/works/W1920665686,singleton,0,130
2026-09-28T12:54:18,/works/W2021582421,singleton,0,130
2026-09-28T12:54:18,/works/W2146934147,singleton,0,130
2026-09-28T12:54:18,/works/W2058580592,singleton,0,130
2026-09-28T12:54:18,/works/W1987262828,singleton,0,130
2026-09-28T12:54:18,/works/W1696069809,singleton,0,130
2026-09-28T12:54:18,/works/W2125183635,singleton,0,130
2026-09-28T12:54:18,/works/W2107090302,singleton,0,130
2026-09-28T12:54:18,/works/W2092367454,singleton,0,130
2026-09-28T12:54:18,/works/W1979166532,singleton,0,130
2026-09-28T12:54:19,/works/W2171546795,singleton,0,130
2026-09-28T12:54:19,/works/W2146934147,singleton,0,130
2026-09-28T12:54:19,/works/W2167377166,singleton,0,130
2026-09-28T12:54:19,/works/W2051462701,singleton,0,130
2026-09-28T12:54:19,/works/W230581691,singleton,0,130
2026-09-28T12:54:19,/works/W2032530045,singleton,0,130
2026-09-28T12:54:19,/works/W2081832681,singleton,0,130
2026-09-28T12:54:19,/works/W2119531100,singleton,0,130
2026-09-28T12:54:19,/works/W1877115082,singleton,0,130
2026-09-28T12:54:19,/works/W1986579416,singleton,0,130
2026-09-28T12:54:19,/works/W58799533,singleton,0,130
2026-09-28T12:54:19,/works/W2058580592,singleton,0,130
2026-09-28T12:54:20,/works/W2051462701,singleton,0,130
2026-09-28T12:54:20,/works/W2132282279,singleton,0,130
2026-09-28T12:54:20,/works/W2054090679,singleton,0,130
2026-09-28T12:54:20,/works/W2125183635,singleton,0,130
2026-09-28T12:54:20,/works/W1877115082,singleton,0,130
2026-09-28T12:54:20,/works/W2001265045,singleton,0,130
2026-09-28T12:54:20,/works/W2146934147,singleton,0,130
2026-09-28T12:54:20,/works/W2081832681,singleton,0,130
2026-09-28T12:54:21,/works/W2001265045,singleton,0,130
2026-09-28T12:54:21,/works/W2100784773,singleton,0,130
2026-09-28T12:54:21,/works/W2146934147,singleton,0,130
2026-09-28T12:54:21,/works/W2125183635,singleton,0,130
2026-09-28T12:54:21,/works/W2051462701,singleton,0,130
2026-09-28T12:54:21,/works/W1877115082,singleton,0,130
2026-09-28T12:54:21,/works/W2058580592,singleton,0,130
2026-09-28T12:54:21,/works/W2132282279,singleton,0,130
2026-09-28T12:54:21,/works/W2166008287,singleton,0,130
2026-09-28T12:54:21,/works/W2098244304,singleton,0,130
2026-09-28T12:54:21,/works/W116836673,singleton,0,130
2026-09-28T12:54:22,/works/doi:10.1093/nar/gkl938,singleton,0,130
2026-09-28T12:54:22,/works/W2182997339,singleton,0,130
2026-09-28T12:54:22,/works/W2097605809,singleton,0,130
2026-09-28T12:54:22,/works/W2001265045,singleton,0,130
2026-09-28T12:54:22,/works/W2134444293,singleton,0,130
2026-09-28T12:54:22,/works/W1877115082,singleton,0,130
2026-09-28T12:54:22,/works/W2125183635,singleton,0,130
2026-09-28T12:54:22,/works/doi:10.1093/nar/gkl938,singleton,0,130
2026-09-28T12:54:23,/works/W2100896010,singleton,0,130
2026-09-28T12:54:23,/works/W2146934147,singleton,0,130
2026-09-28T12:54:23,/works/W2182997339,singleton,0,130
2026-09-28T12:54:23,/works/W2035739249,singleton,0,130
2026-09-28T12:54:23,/works/W2125613904,singleton,0,130
2026-09-28T12:54:23,/works/W2197539048,singleton,0,130
2026-09-28T12:54:23,/works/W138287025,singleton,0,130
2026-09-28T12:54:23,/works/W1999392555,singleton,0,130
2026-09-28T12:54:23,/works/W2134444293,singleton,0,130
2026-09-28T12:54:23,/works/W2111456242,singleton,0,130
2026-09-28T12:54:23,/works/W2100896010,singleton,0,130
2026-09-28T12:54:23,/works/W2001265045,singleton,0,130
2026-09-28T12:54:23,/works/W116836673,singleton,0,130
2026-09-28T12:54:24,/works/W1896442473,singleton,0,130
2026-09-28T12:54:24,/works/W2177663752,singleton,0,130
2026-09-28T12:54:24,/works/W138287025,singleton,0,130
2026-09-28T12:54:24,/works/W2134444293,singleton,0,130
2026-09-28T12:54:24,/works/W2100896010,singleton,0,130
2026-09-28T12:54:24,/works/W2161005004,singleton,0,130
2026-09-28T12:54:24,/works/W2111456242,singleton,0,130
2026-09-28T12:54:24,/works/W1999392555,singleton,0,130
2026-09-28T12:54:24,/works/W2115166971,singleton,0,130
2026-09-28T12:54:25,/works/W1896442473,singleton,0,130
2026-09-28T12:54:25,/works/W2197539048,singleton,0,130
2026-09-28T12:54:25,/works/W2020843224,singleton,0,130
2026-09-28T12:54:25,/works/W2100896010,singleton,0,130
2026-09-28T12:54:25,/works/W2134444293,singleton,0,130
2026-09-28T12:54:25,/works/W2147776320,singleton,0,130
2026-09-28T12:54:25,/works/W2161005004,singleton,0,130
2026-09-28T12:54:25,/works/W2165768126,singleton,0,130
2026-09-28T12:54:25,/works/W2135714603,singleton,0,130
2026-09-28T12:54:25,/works/W2115166971,singleton,0,130
2026-09-28T12:54:26,/works/W138287025,singleton,0,130
2026-09-28T12:54:26,/works/W2059934244,singleton,0,130
2026-09-28T12:54:26,/works/W2088351458,singleton,0,130
2026-09-28T12:54:26,/works/W1522413477,singleton,0,130
2026-09-28T12:54:26,/works/W1999392555,singleton,0,130
2026-09-28T12:54:26,/works/W2144623626,singleton,0,130
2026-09-28T12:54:26,/works/W1896442473,singleton,0,130
2026-09-28T12:54:26,/works/W2147153142,singleton,0,130
2026-09-28T12:54:26,/works/W2081772174,singleton,0,130
2026-09-28T12:54:26,/works/W1550924308,singleton,0,130
2026-09-28T12:54:26,/works/W2135714603,singleton,0,130
2026-09-28T12:54:27,/works/W2103762500,singleton,0,130
2026-09-28T12:54:27,/works/W2147776320,singleton,0,130
2026-09-28T12:54:27,/works/W1522413477,singleton,0,130
2026-09-28T12:54:27,/works/W2059934244,singleton,0,130
2026-09-28T12:54:27,/works/W1550924308,singleton,0,130
2026-09-28T12:54:27,/works/W2135714603,singleton,0,130
2026-09-28T12:54:27,/works/W1896442473,singleton,0,130
2026-09-28T12:54:27,/works/W2147153142,singleton,0,130
2026-09-28T12:54:27,/works/W2147776320,singleton,0,130
2026-09-28T12:54:28,/works/W1522413477,singleton,0,130
2026-09-28T12:54:28,/works/W1550924308,singleton,0,130
2026-09-28T12:54:28,/works/W1522413477,singleton,0,130
2026-09-28T12:54:29,/works/W2135714603,singleton,0,130
2026-09-28T12:54:29,/works/W2147776320,singleton,0,130
2026-09-28T12:54:29,/works/W1550924308,singleton,0,130
2026-09-28T12:54:30,/works/W1522413477,singleton,0,130
2026-09-28T12:54:31,/works/W1550924308,singleton,0,130
2026-09-28T12:54:31,/works/W1522413477,singleton,0,130
2026-09-28T12:54:32,/works/W1550924308,singleton,0,130
2026-09-28T12:54:50,/works/W2145747235,singleton,0,130
2026-09-28T12:54:50,/works/W2108916120,singleton,0,130
2026-09-28T12:54:50,/works/W2009761865,singleton,0,130
2026-09-28T12:54:51,/works/W2125798019,singleton,0,130
2026-09-28T12:54:51,/works/W2014908807,singleton,0,130
2026-09-28T12:54:51,/works/W1510348581,singleton,0,130
2026-09-28T12:54:51,/works/W2166738139,singleton,0,130
2026-09-28T12:54:51,/works/W2094951132,singleton,0,130
2026-09-28T12:54:51,/works/W2397596782,singleton,0,130
2026-09-28T12:54:51,/works/W203054622,singleton,0,130
2026-09-28T12:54:51,/works/W2145747235,singleton,0,130
2026-09-28T12:54:51,/works/W1510348581,singleton,0,130
2026-09-28T12:54:51,/works/W2108916120,singleton,0,130
2026-09-28T12:54:51,/works/W2115346359,singleton,0,130
2026-09-28T12:54:52,/works/W2009761865,singleton,0,130
2026-09-28T12:54:52,/works/W2108950259,singleton,0,130
2026-09-28T12:54:52,/works/W2397596782,singleton,0,130
2026-09-28T12:54:52,/works/W2125798019,singleton,0,130
2026-09-28T12:54:52,/works/W2145747235,singleton,0,130
2026-09-28T12:54:52,/works/W2108916120,singleton,0,130
2026-09-28T12:54:52,/works/W2273695848,singleton,0,130
2026-09-28T12:54:52,/works/W2109389234,singleton,0,130
2026-09-28T12:54:52,/works/W2014908807,singleton,0,130
2026-09-28T12:54:52,/works/W1980995378,singleton,0,130
2026-09-28T12:54:52,/works/W1510348581,singleton,0,130
2026-09-28T12:54:53,/works/W2108950259,singleton,0,130
2026-09-28T12:54:53,/works/W2108916120,singleton,0,130
2026-09-28T12:54:53,/works/W2125798019,singleton,0,130
2026-09-28T12:54:53,/works/W2117172769,singleton,0,130
2026-09-28T12:54:53,/works/W1980995378,singleton,0,130
2026-09-28T12:54:53,/works/W2165599843,singleton,0,130
2026-09-28T12:54:54,/works/W1993309640,singleton,0,130
2026-09-28T12:54:54,/works/W2145747235,singleton,0,130
2026-09-28T12:54:54,/works/W1785147045,singleton,0,130
2026-09-28T12:54:54,/works/W2108916120,singleton,0,130
2026-09-28T12:54:54,/works/W2014908807,singleton,0,130
2026-09-28T12:54:54,/works/W1510348581,singleton,0,130
2026-09-28T12:54:54,/works/W2273695848,singleton,0,130
2026-09-28T12:54:54,/works/W2118034653,singleton,0,130
2026-09-28T12:54:54,/works/W2090876554,singleton,0,130
2026-09-28T12:54:54,/works/W2148111240,singleton,0,130
2026-09-28T12:54:54,/works/W138306670,singleton,0,130
2026-09-28T12:54:54,/works/W2145747235,singleton,0,130
2026-09-28T12:54:55,/works/W115967578,singleton,0,130
2026-09-28T12:54:55,/works/W2108916120,singleton,0,130
2026-09-28T12:54:55,/works/W2165599843,singleton,0,130
2026-09-28T12:54:55,/works/W2014908807,singleton,0,130
2026-09-28T12:54:55,/works/W2118034653,singleton,0,130
2026-09-28T12:54:55,/works/W2040925459,singleton,0,130
2026-09-28T12:54:55,/works/W2162418566,singleton,0,130
2026-09-28T12:54:55,/works/W2157733803,singleton,0,130
2026-09-28T12:54:55,/works/W1927727507,singleton,0,130
2026-09-28T12:54:55,/works/W2149035855,singleton,0,130
2026-09-28T12:54:55,/works/W1510348581,singleton,0,130
2026-09-28T12:54:55,/works/W115967578,singleton,0,130
2026-09-28T12:54:55,/works/W2121903040,singleton,0,130
2026-09-28T12:54:55,/works/W2182163183,singleton,0,130
2026-09-28T12:54:56,/works/W2014908807,singleton,0,130
2026-09-28T12:54:56,/works/W2162418566,singleton,0,130
2026-09-28T12:54:56,/works/W2145747235,singleton,0,130
2026-09-28T12:54:56,/works/W1510348581,singleton,0,130
2026-09-28T12:54:56,/works/W1946146804,singleton,0,130
2026-09-28T12:54:56,/works/W2157733803,singleton,0,130
2026-09-28T12:54:56,/works/W1732921787,singleton,0,130
2026-09-28T12:54:57,/works/W2102150019,singleton,0,130
2026-09-28T12:54:57,/works/W2121903040,singleton,0,130
2026-09-28T12:54:57,/works/W2182163183,singleton,0,130
2026-09-28T12:54:57,/works/W115967578,singleton,0,130
2026-09-28T12:54:57,/works/W1496143958,singleton,0,130
2026-09-28T12:54:57,/works/W14390591,singleton,0,130
2026-09-28T12:54:57,/works/W2157733803,singleton,0,130
2026-09-28T12:54:57,/works/W1510348581,singleton,0,130
2026-09-28T12:54:57,/works/W2162418566,singleton,0,130
2026-09-28T12:54:57,/works/W2111832041,singleton,0,130
2026-09-28T12:54:58,/works/W331312376,singleton,0,130
2026-09-28T12:54:58,/works/W2182163183,singleton,0,130
2026-09-28T12:54:58,/works/W2157733803,singleton,0,130
2026-09-28T12:54:58,/works/W1496143958,singleton,0,130
2026-09-28T12:54:58,/works/W2033609509,singleton,0,130
2026-09-28T12:54:58,/works/W2105585127,singleton,0,130
2026-09-28T12:54:58,/works/W2121903040,singleton,0,130
2026-09-28T12:54:58,/works/W2102150019,singleton,0,130
2026-09-28T12:54:58,/works/W2166228778,singleton,0,130
2026-09-28T12:54:59,/works/W1510348581,singleton,0,130
2026-09-28T12:54:59,/works/W2161964022,singleton,0,130
2026-09-28T12:54:59,/works/W2111832041,singleton,0,130
2026-09-28T12:54:59,/works/W2170246630,singleton,0,130
2026-09-28T12:54:59,/works/W2121903040,singleton,0,130
2026-09-28T12:54:59,/works/W1496143958,singleton,0,130
2026-09-28T12:54:59,/works/W7939015,singleton,0,130
2026-09-28T12:54:59,/works/W2146078527,singleton,0,130
2026-09-28T12:54:59,/works/W2157733803,singleton,0,130
2026-09-28T12:54:59,/works/W2166228778,singleton,0,130
2026-09-28T12:54:59,/works/W2105585127,singleton,0,130
2026-09-28T12:55:00,/works/W2181981563,singleton,0,130
2026-09-28T12:55:00,/works/W2025015984,singleton,0,130
2026-09-28T12:55:00,/works/W2044523575,singleton,0,130
2026-09-28T12:55:00,/works/W2121903040,singleton,0,130
2026-09-28T12:55:00,/works/W2170246630,singleton,0,130
2026-09-28T12:55:00,/works/W2157733803,singleton,0,130
2026-09-28T12:55:00,/works/W2166228778,singleton,0,130
2026-09-28T12:55:00,/works/W158497186,singleton,0,130
2026-09-28T12:55:00,/works/W1496143958,singleton,0,130
2026-09-28T12:55:01,/works/W2930544858,singleton,0,130
2026-09-28T12:55:01,/works/W2146078527,singleton,0,130
2026-09-28T12:55:01,/works/W2044523575,singleton,0,130
2026-09-28T12:55:01,/works/W2141210334,singleton,0,130
2026-09-28T12:55:01,/works/W2025015984,singleton,0,130
2026-09-28T12:55:01,/works/W2103918763,singleton,0,130
2026-09-28T12:55:02,/works/W2157733803,singleton,0,130
2026-09-28T12:55:02,/works/W1496143958,singleton,0,130
2026-09-28T12:55:02,/works/W2170246630,singleton,0,130
2026-09-28T12:55:02,/works/W2930544858,singleton,0,130
2026-09-28T12:55:02,/works/W2567809607,singleton,0,130
2026-09-28T12:55:02,/works/W158497186,singleton,0,130
2026-09-28T12:55:02,/works/W2103918763,singleton,0,130
2026-09-28T12:55:02,/works/W2141210334,singleton,0,130
2026-09-28T12:55:03,/works/W2170246630,singleton,0,130
2026-09-28T12:55:03,/works/W1479905102,singleton,0,130
2026-09-28T12:55:03,/works/W2025015984,singleton,0,130
2026-09-28T12:55:03,/works/W2567809607,singleton,0,130
2026-09-28T12:55:03,/works/W2173848596,singleton,0,130
2026-09-28T12:55:03,/works/W1585938933,singleton,0,130
2026-09-28T12:55:03,/works/W2157733803,singleton,0,130
2026-09-28T12:55:03,/works/W158497186,singleton,0,130
2026-09-28T12:55:03,/works/W2103918763,singleton,0,130
2026-09-28T12:55:03,/works/W2930544858,singleton,0,130
2026-09-28T12:55:03,/works/W1545980349,singleton,0,130
2026-09-28T12:55:03,/works/W2138323616,singleton,0,130
2026-09-28T12:55:04,/works/W1999410418,singleton,0,130
2026-09-28T12:55:04,/works/W2124000777,singleton,0,130
2026-09-28T12:55:04,/works/W2170246630,singleton,0,130
2026-09-28T12:55:04,/works/W2110027950,singleton,0,130
2026-09-28T12:55:04,/works/W2135771557,singleton,0,130
2026-09-28T12:55:04,/works/W1585938933,singleton,0,130
2026-09-28T12:55:04,/works/W2567809607,singleton,0,130
2026-09-28T12:55:04,/works/W1561390910,singleton,0,130
2026-09-28T12:55:04,/works/W2103918763,singleton,0,130
2026-09-28T12:55:05,/works/W1597663074,singleton,0,130
2026-09-28T12:55:05,/works/W1991255919,singleton,0,130
2026-09-28T12:55:05,/works/W158497186,singleton,0,130
2026-09-28T12:55:05,/works/W2138323616,singleton,0,130
2026-09-28T12:55:05,/works/W2567809607,singleton,0,130
2026-09-28T12:55:05,/works/W2127177879,singleton,0,130
2026-09-28T12:55:05,/works/W2116506662,singleton,0,130
2026-09-28T12:55:06,/works/W2110027950,singleton,0,130
2026-09-28T12:55:06,/works/W2755098895,singleton,0,130
2026-09-28T12:55:06,/works/W2135771557,singleton,0,130
2026-09-28T12:55:06,/works/W1585938933,singleton,0,130
2026-09-28T12:55:06,/works/W2155188720,singleton,0,130
2026-09-28T12:55:06,/works/W2135541598,singleton,0,130
2026-09-28T12:55:06,/works/W2103918763,singleton,0,130
2026-09-28T12:55:06,/works/W1495402698,singleton,0,130
2026-09-28T12:55:06,/works/W2167213856,singleton,0,130
2026-09-28T12:55:06,/works/W2007172042,singleton,0,130
2026-09-28T12:55:07,/works/W1991255919,singleton,0,130
2026-09-28T12:55:07,/works/W2186302350,singleton,0,130
2026-09-28T12:55:07,/works/W2155188720,singleton,0,130
2026-09-28T12:55:07,/works/W2116506662,singleton,0,130
2026-09-28T12:55:07,/works/W2127177879,singleton,0,130
2026-09-28T12:55:07,/works/W2007172042,singleton,0,130
2026-09-28T12:55:07,/works/W2135771557,singleton,0,130
2026-09-28T12:55:07,/works/W2167213856,singleton,0,130
2026-09-28T12:55:07,/works/W1495402698,singleton,0,130
2026-09-28T12:55:08,/works/W2006031689,singleton,0,130
2026-09-28T12:55:08,/works/W2250248908,singleton,0,130
2026-09-28T12:55:08,/works/W2129004009,singleton,0,130
2026-09-28T12:55:08,/works/W165105631,singleton,0,130
2026-09-28T12:55:08,/works/W1964489121,singleton,0,130
2026-09-28T12:55:08,/works/W172625365,singleton,0,130
2026-09-28T12:55:08,/works/W1495402698,singleton,0,130
2026-09-28T12:55:08,/works/W2186302350,singleton,0,130
2026-09-28T12:55:08,/works/W2155188720,singleton,0,130
2026-09-28T12:55:08,/works/W2116506662,singleton,0,130
2026-09-28T12:55:09,/works/W2074708675,singleton,0,130
2026-09-28T12:55:09,/works/W2110591510,singleton,0,130
2026-09-28T12:55:09,/works/W165105631,singleton,0,130
2026-09-28T12:55:09,/works/W1525870459,singleton,0,130
2026-09-28T12:55:09,/works/W2167213856,singleton,0,130
2026-09-28T12:55:09,/works/W2118553334,singleton,0,130
2026-09-28T12:55:09,/works/W2006031689,singleton,0,130
2026-09-28T12:55:09,/works/W2474958513,singleton,0,130
2026-09-28T12:55:09,/works/W2076882878,singleton,0,130
2026-09-28T12:55:09,/works/W2144799327,singleton,0,130
2026-09-28T12:55:10,/works/W2167213856,singleton,0,130
2026-09-28T12:55:10,/works/W2006031689,singleton,0,130
2026-09-28T12:55:10,/works/W2076882878,singleton,0,130
2026-09-28T12:55:10,/works/W2144799327,singleton,0,130
2026-09-28T12:55:10,/works/W172625365,singleton,0,130
2026-09-28T12:55:10,/works/W2110591510,singleton,0,130
2026-09-28T12:55:10,/works/W2074708675,singleton,0,130
2026-09-28T12:55:10,/works/W147564777,singleton,0,130
2026-09-28T12:55:10,/works/W2075858744,singleton,0,130
2026-09-28T12:55:10,/works/W2162930466,singleton,0,130
2026-09-28T12:55:11,/works/W2474958513,singleton,0,130
2026-09-28T12:55:11,/works/W1550261314,singleton,0,130
2026-09-28T12:55:11,/works/W2167213856,singleton,0,130
2026-09-28T12:55:11,/works/W2076882878,singleton,0,130
2026-09-28T12:55:11,/works/W2006031689,singleton,0,130
2026-09-28T12:55:11,/works/W147564777,singleton,0,130
2026-09-28T12:55:11,/works/W1550261314,singleton,0,130
2026-09-28T12:55:12,/works/W2075858744,singleton,0,130
2026-09-28T12:55:12,/works/W1550261314,singleton,0,130
2026-09-28T12:55:12,/works/W2076882878,singleton,0,130
2026-09-28T12:55:13,/works/W2006031689,singleton,0,130
2026-09-28T12:55:13,/works/W1550261314,singleton,0,130
2026-09-28T12:55:14,/works/W2076882878,singleton,0,130
2026-09-28T12:55:15,/works/W1550261314,singleton,0,130
2026-09-28T12:55:39,/works/W2186107449,singleton,0,130
2026-09-28T12:55:39,/works/W1720444346,singleton,0,130
2026-09-28T12:55:39,/works/W1517552797,singleton,0,130
2026-09-28T12:55:39,/works/W1988740163,singleton,0,130
2026-09-28T12:55:39,/works/W2148282818,singleton,0,130
2026-09-28T12:55:39,/works/W800434850,singleton,0,130
2026-09-28T12:55:39,/works/W1508702863,singleton,0,130
2026-09-28T12:55:39,/works/W2056414968,singleton,0,130
2026-09-28T12:55:39,/works/W1564732819,singleton,0,130
2026-09-28T12:55:40,/works/W1605770880,singleton,0,130
2026-09-28T12:55:40,/works/W1627121531,singleton,0,130
2026-09-28T12:55:40,/works/W2415670863,singleton,0,130
2026-09-28T12:55:40,/works/W17654616,singleton,0,130
2026-09-28T12:55:40,/works/W1517552797,singleton,0,130
2026-09-28T12:55:40,/works/W2135851840,singleton,0,130
2026-09-28T12:55:40,/works/W1666573278,singleton,0,130
2026-09-28T12:55:40,/works/W150242075,singleton,0,130
2026-09-28T12:55:40,/works/W2415670863,singleton,0,130
2026-09-28T12:55:41,/works/W1988740163,singleton,0,130
2026-09-28T12:55:41,/works/W1627121531,singleton,0,130
2026-09-28T12:55:41,/works/W2068439558,singleton,0,130
2026-09-28T12:55:41,/works/W2186107449,singleton,0,130
2026-09-28T12:55:41,/works/W2161317347,singleton,0,130
2026-09-28T12:55:41,/works/W1605770880,singleton,0,130
2026-09-28T12:55:41,/works/W1564732819,singleton,0,130
2026-09-28T12:55:41,/works/W1987483731,singleton,0,130
2026-09-28T12:55:41,/works/W150242075,singleton,0,130
2026-09-28T12:55:42,/works/W2140805774,singleton,0,130
2026-09-28T12:55:42,/works/W1666573278,singleton,0,130
2026-09-28T12:55:42,/works/W1564732819,singleton,0,130
2026-09-28T12:55:42,/works/W2126539034,singleton,0,130
2026-09-28T12:55:42,/works/W2068439558,singleton,0,130
2026-09-28T12:55:42,/works/W2064854618,singleton,0,130
2026-09-28T12:55:42,/works/W1627121531,singleton,0,130
2026-09-28T12:55:42,/works/W2186107449,singleton,0,130
2026-09-28T12:55:42,/works/W200183601,singleton,0,130
2026-09-28T12:55:42,/works/W1605770880,singleton,0,130
2026-09-28T12:55:42,/works/W2014054193,singleton,0,130
2026-09-28T12:55:42,/works/W2121465838,singleton,0,130
2026-09-28T12:55:43,/works/W2986760189,singleton,0,130
2026-09-28T12:55:43,/works/W2140805774,singleton,0,130
2026-09-28T12:55:43,/works/W1981034876,singleton,0,130
2026-09-28T12:55:43,/works/W2068439558,singleton,0,130
2026-09-28T12:55:43,/works/W2161460560,singleton,0,130
2026-09-28T12:55:43,/works/W2911678514,singleton,0,130
2026-09-28T12:55:43,/works/W200183601,singleton,0,130
2026-09-28T12:55:43,/works/W2121465838,singleton,0,130
2026-09-28T12:55:44,/works/W1972222076,singleton,0,130
2026-09-28T12:55:44,/works/W1627121531,singleton,0,130
2026-09-28T12:55:44,/works/W2986760189,singleton,0,130
2026-09-28T12:55:44,/works/W2064854618,singleton,0,130
2026-09-28T12:55:44,/works/W1497376763,singleton,0,130
2026-09-28T12:55:44,/works/W2121025689,singleton,0,130
2026-09-28T12:55:44,/works/W2143135275,singleton,0,130
2026-09-28T12:55:44,/works/W1483650561,singleton,0,130
2026-09-28T12:55:44,/works/W2161460560,singleton,0,130
2026-09-28T12:55:44,/works/W2168036681,singleton,0,130
2026-09-28T12:55:44,/works/W2140805774,singleton,0,130
2026-09-28T12:55:44,/works/W200183601,singleton,0,130
2026-09-28T12:55:44,/works/W2028056543,singleton,0,130
2026-09-28T12:55:45,/works/W2011427107,singleton,0,130
2026-09-28T12:55:45,/works/W1582115593,singleton,0,130
2026-09-28T12:55:45,/works/W2121025689,singleton,0,130
2026-09-28T12:55:45,/works/W1972222076,singleton,0,130
2026-09-28T12:55:45,/works/W144037005,singleton,0,130
2026-09-28T12:55:45,/works/W2064854618,singleton,0,130
2026-09-28T12:55:45,/works/W1483650561,singleton,0,130
2026-09-28T12:55:45,/works/W1971849645,singleton,0,130
2026-09-28T12:55:45,/works/W2160690479,singleton,0,130
2026-09-28T12:55:46,/works/W2011427107,singleton,0,130
2026-09-28T12:55:46,/works/W1582115593,singleton,0,130
2026-09-28T12:55:46,/works/W2168036681,singleton,0,130
2026-09-28T12:55:46,/works/W139988064,singleton,0,130
2026-09-28T12:55:46,/works/W2105639780,singleton,0,130
2026-09-28T12:55:46,/works/W2101109016,singleton,0,130
2026-09-28T12:55:46,/works/W2028056543,singleton,0,130
2026-09-28T12:55:46,/works/W2160690479,singleton,0,130
2026-09-28T12:55:46,/works/W2135573166,singleton,0,130
2026-09-28T12:55:46,/works/W2064854618,singleton,0,130
2026-09-28T12:55:46,/works/W2105639780,singleton,0,130
2026-09-28T12:55:46,/works/W2168036681,singleton,0,130
2026-09-28T12:55:47,/works/W1523824760,singleton,0,130
2026-09-28T12:55:47,/works/W2267307293,singleton,0,130
2026-09-28T12:55:47,/works/W1974698231,singleton,0,130
2026-09-28T12:55:47,/works/W2105639780,singleton,0,130
2026-09-28T12:55:47,/works/W2011427107,singleton,0,130
2026-09-28T12:55:47,/works/W139988064,singleton,0,130
2026-09-28T12:55:47,/works/W1994844311,singleton,0,130
2026-09-28T12:55:47,/works/W2040795776,singleton,0,130
2026-09-28T12:55:47,/works/W2160690479,singleton,0,130
2026-09-28T12:55:48,/works/W2135573166,singleton,0,130
2026-09-28T12:55:48,/works/W2064854618,singleton,0,130
2026-09-28T12:55:48,/works/W1674565011,singleton,0,130
2026-09-28T12:55:48,/works/W2021368313,singleton,0,130
2026-09-28T12:55:48,/works/W1994844311,singleton,0,130
2026-09-28T12:55:48,/works/W1974698231,singleton,0,130
2026-09-28T12:55:48,/works/W2017979743,singleton,0,130
2026-09-28T12:55:48,/works/W2402514416,singleton,0,130
2026-09-28T12:55:48,/works/W2040795776,singleton,0,130
2026-09-28T12:55:48,/works/W2160690479,singleton,0,130
2026-09-28T12:55:49,/works/W2011427107,singleton,0,130
2026-09-28T12:55:49,/works/W2083785453,singleton,0,130
2026-09-28T12:55:49,/works/W2105639780,singleton,0,130
2026-09-28T12:55:49,/works/W1594386995,singleton,0,130
2026-09-28T12:55:49,/works/W2027388681,singleton,0,130
2026-09-28T12:55:49,/works/W2105894416,singleton,0,130
2026-09-28T12:55:49,/works/W2794966037,singleton,0,130
2026-09-28T12:55:49,/works/W1546568510,singleton,0,130
2026-09-28T12:55:49,/works/W2007127902,singleton,0,130
2026-09-28T12:55:50,/works/W1674565011,singleton,0,130
2026-09-28T12:55:50,/works/W2083785453,singleton,0,130
2026-09-28T12:55:50,/works/W2027388681,singleton,0,130
2026-09-28T12:55:50,/works/W2017979743,singleton,0,130
2026-09-28T12:55:50,/works/W2573708161,singleton,0,130
2026-09-28T12:55:50,/works/W2040795776,singleton,0,130
2026-09-28T12:55:50,/works/W2105639780,singleton,0,130
2026-09-28T12:55:50,/works/W1546568510,singleton,0,130
2026-09-28T12:55:50,/works/W2008983749,singleton,0,130
2026-09-28T12:55:50,/works/W2091531656,singleton,0,130
2026-09-28T12:55:50,/works/W2800987750,singleton,0,130
2026-09-28T12:55:50,/works/W2038839784,singleton,0,130
2026-09-28T12:55:50,/works/W2007127902,singleton,0,130
2026-09-28T12:55:51,/works/W1929751825,singleton,0,130
2026-09-28T12:55:51,/works/W2040795776,singleton,0,130
2026-09-28T12:55:51,/works/W2083785453,singleton,0,130
2026-09-28T12:55:51,/works/W1546568510,singleton,0,130
2026-09-28T12:55:51,/works/W1982802095,singleton,0,130
2026-09-28T12:55:51,/works/W2091531656,singleton,0,130
2026-09-28T12:55:51,/works/W2016604944,singleton,0,130
2026-09-28T12:55:51,/works/W2573708161,singleton,0,130
2026-09-28T12:55:51,/works/W2166565821,singleton,0,130
2026-09-28T12:55:52,/works/W2975299834,singleton,0,130
2026-09-28T12:55:52,/works/W2038839784,singleton,0,130
2026-09-28T12:55:52,/works/W2800987750,singleton,0,130
2026-09-28T12:55:52,/works/W2004716965,singleton,0,130
2026-09-28T12:55:52,/works/W2083785453,singleton,0,130
2026-09-28T12:55:52,/works/W2025513534,singleton,0,130
2026-09-28T12:55:52,/works/W2573708161,singleton,0,130
2026-09-28T12:55:52,/works/W2016604944,singleton,0,130
2026-09-28T12:55:52,/works/W1980062262,singleton,0,130
2026-09-28T12:55:52,/works/W2166565821,singleton,0,130
2026-09-28T12:55:52,/works/W2004697884,singleton,0,130
2026-09-28T12:55:53,/works/W1939390787,singleton,0,130
2026-09-28T12:55:53,/works/W30404959,singleton,0,130
2026-09-28T12:55:53,/works/W2112714140,singleton,0,130
2026-09-28T12:55:53,/works/W2100530827,singleton,0,130
2026-09-28T12:55:53,/works/W1546568510,singleton,0,130
2026-09-28T12:55:53,/works/W2975299834,singleton,0,130
2026-09-28T12:55:53,/works/W2155445637,singleton,0,130
2026-09-28T12:55:53,/works/W108089891,singleton,0,130
2026-09-28T12:55:53,/works/W2340075392,singleton,0,130
2026-09-28T12:55:54,/works/W30404959,singleton,0,130
2026-09-28T12:55:54,/works/W2025513534,singleton,0,130
2026-09-28T12:55:54,/works/W1980062262,singleton,0,130
2026-09-28T12:55:54,/works/W2004697884,singleton,0,130
2026-09-28T12:55:54,/works/W2975299834,singleton,0,130
2026-09-28T12:55:54,/works/W1497599423,singleton,0,130
2026-09-28T12:55:54,/works/W1978639784,singleton,0,130
2026-09-28T12:55:54,/works/W168728532,singleton,0,130
2026-09-28T12:55:54,/works/W161674224,singleton,0,130
2026-09-28T12:55:54,/works/W2515491077,singleton,0,130
2026-09-28T12:55:54,/works/W2158344616,singleton,0,130
2026-09-28T12:55:54,/works/W1656603043,singleton,0,130
2026-09-28T12:55:54,/works/W2100530827,singleton,0,130
2026-09-28T12:55:54,/works/W2075656298,singleton,0,130
2026-09-28T12:55:54,/works/W2914329555,singleton,0,130
2026-09-28T12:55:55,/works/W108089891,singleton,0,130
2026-09-28T12:55:55,/works/W2025513534,singleton,0,130
2026-09-28T12:55:55,/works/W121939292,singleton,0,130
2026-09-28T12:55:55,/works/W604476966,singleton,0,130
2026-09-28T12:55:55,/works/W2253071160,singleton,0,130
2026-09-28T12:55:55,/works/W2166298708,singleton,0,130
2026-09-28T12:55:55,/works/W168728532,singleton,0,130
2026-09-28T12:55:56,/works/W121939292,singleton,0,130
2026-09-28T12:55:56,/works/W2166298708,singleton,0,130
2026-09-28T12:55:56,/works/W2100530827,singleton,0,130
2026-09-28T12:55:56,/works/W2253071160,singleton,0,130
2026-09-28T12:55:56,/works/W2914329555,singleton,0,130
2026-09-28T12:55:56,/works/W2025513534,singleton,0,130
2026-09-28T12:55:56,/works/W2075656298,singleton,0,130
2026-09-28T12:55:57,/works/W2166298708,singleton,0,130
2026-09-28T12:55:57,/works/W121939292,singleton,0,130
2026-09-28T12:55:57,/works/W2100237791,singleton,0,130
2026-09-28T12:55:57,/works/W168728532,singleton,0,130
2026-09-28T12:55:57,/works/W2100530827,singleton,0,130
2026-09-28T12:55:57,/works/W2152691058,singleton,0,130
2026-09-28T12:55:57,/works/W1675699278,singleton,0,130
2026-09-28T12:55:57,/works/W2075656298,singleton,0,130
2026-09-28T12:55:57,/works/W2253071160,singleton,0,130
2026-09-28T12:55:58,/works/W2914329555,singleton,0,130
2026-09-28T12:55:58,/works/W2025513534,singleton,0,130
2026-09-28T12:55:58,/works/W1492164307,singleton,0,130
2026-09-28T12:55:58,/works/W180328815,singleton,0,130
2026-09-28T12:55:58,/works/W168728532,singleton,0,130
2026-09-28T12:55:58,/works/W2101063365,singleton,0,130
2026-09-28T12:55:58,/works/W2145139051,singleton,0,130
2026-09-28T12:55:58,/works/W1941734910,singleton,0,130
2026-09-28T12:55:58,/works/W2152691058,singleton,0,130
2026-09-28T12:55:58,/works/W78164435,singleton,0,130
2026-09-28T12:55:59,/works/W2101063365,singleton,0,130
2026-09-28T12:55:59,/works/W1675699278,singleton,0,130
2026-09-28T12:55:59,/works/W150630894,singleton,0,130
2026-09-28T12:55:59,/works/W2025513534,singleton,0,130
2026-09-28T12:55:59,/works/W2253071160,singleton,0,130
2026-09-28T12:55:59,/works/W2124065735,singleton,0,130
2026-09-28T12:55:59,/works/W168728532,singleton,0,130
2026-09-28T12:55:59,/works/W323294010,singleton,0,130
2026-09-28T12:55:59,/works/W1675699278,singleton,0,130
2026-09-28T12:56:00,/works/W2101063365,singleton,0,130
2026-09-28T12:56:00,/works/W150630894,singleton,0,130
2026-09-28T12:56:00,/works/W78164435,singleton,0,130
2026-09-28T12:56:00,/works/W2145139051,singleton,0,130
2026-09-28T12:56:00,/works/W2980565684,singleton,0,130
2026-09-28T12:56:01,/works/W168728532,singleton,0,130
2026-09-28T12:56:01,/works/W1675699278,singleton,0,130
2026-09-28T12:56:01,/works/W2124065735,singleton,0,130
2026-09-28T12:56:01,/works/W2101063365,singleton,0,130
2026-09-28T12:56:01,/works/W2137056997,singleton,0,130
2026-09-28T12:56:01,/works/W323294010,singleton,0,130
2026-09-28T12:56:01,/works/W78164435,singleton,0,130
2026-09-28T12:56:01,/works/W150630894,singleton,0,130
2026-09-28T12:56:01,/works/W1663523092,singleton,0,130
2026-09-28T12:56:01,/works/W2338714807,singleton,0,130
2026-09-28T12:56:02,/works/W2980565684,singleton,0,130
2026-09-28T12:56:02,/works/W2101063365,singleton,0,130
2026-09-28T12:56:02,/works/W1675699278,singleton,0,130
2026-09-28T12:56:02,/works/W1663523092,singleton,0,130
2026-09-28T12:56:02,/works/W1485776230,singleton,0,130
2026-09-28T12:56:02,/works/W2338714807,singleton,0,130
2026-09-28T12:56:03,/works/W78164435,singleton,0,130
2026-09-28T12:56:03,/works/W2124065735,singleton,0,130
2026-09-28T12:56:03,/works/W1675699278,singleton,0,130
2026-09-28T12:56:03,/works/W150630894,singleton,0,130
2026-09-28T12:56:03,/works/W1963568531,singleton,0,130
2026-09-28T12:56:03,/works/W2101063365,singleton,0,130
2026-09-28T12:56:03,/works/W2140715612,singleton,0,130
2026-09-28T12:56:03,/works/W2579175100,singleton,0,130
2026-09-28T12:56:03,/works/W1485776230,singleton,0,130
2026-09-28T12:56:03,/works/W2980565684,singleton,0,130
2026-09-28T12:56:03,/works/W2078315069,singleton,0,130
2026-09-28T12:56:04,/works/W2046171175,singleton,0,130
2026-09-28T12:56:04,/works/W1963568531,singleton,0,130
2026-09-28T12:56:04,/works/W1552387833,singleton,0,130
2026-09-28T12:56:04,/works/W2338714807,singleton,0,130
2026-09-28T12:56:04,/works/W2612626712,singleton,0,130
2026-09-28T12:56:04,/works/W78164435,singleton,0,130
2026-09-28T12:56:04,/works/W2115678358,singleton,0,130
2026-09-28T12:56:04,/works/W43809819,singleton,0,130
2026-09-28T12:56:04,/works/W2002690451,singleton,0,130
2026-09-28T12:56:04,/works/W137469530,singleton,0,130
2026-09-28T12:56:04,/works/W2140715612,singleton,0,130
2026-09-28T12:56:05,/works/W1958659856,singleton,0,130
2026-09-28T12:56:05,/works/W1485776230,singleton,0,130
2026-09-28T12:56:05,/works/W2091047714,singleton,0,130
2026-09-28T12:56:05,/works/W2101495954,singleton,0,130
2026-09-28T12:56:05,/works/W2165838942,singleton,0,130
2026-09-28T12:56:05,/works/W1963568531,singleton,0,130
2026-09-28T12:56:05,/works/W2947422930,singleton,0,130
2026-09-28T12:56:05,/works/W2980565684,singleton,0,130
2026-09-28T12:56:05,/works/W1971515491,singleton,0,130
2026-09-28T12:56:05,/works/W2134192777,singleton,0,130
2026-09-28T12:56:05,/works/W2125942035,singleton,0,130
2026-09-28T12:56:05,/works/W2115678358,singleton,0,130
2026-09-28T12:56:06,/works/W2138552494,singleton,0,130
2026-09-28T12:56:06,/works/W2182011905,singleton,0,130
2026-09-28T12:56:06,/works/W2165838942,singleton,0,130
2026-09-28T12:56:06,/works/W1963568531,singleton,0,130
2026-09-28T12:56:06,/works/W2115678358,singleton,0,130
2026-09-28T12:56:06,/works/W1485776230,singleton,0,130
2026-09-28T12:56:06,/works/W2091047714,singleton,0,130
2026-09-28T12:56:07,/works/W2165838942,singleton,0,130
2026-09-28T12:56:07,/works/W2134192777,singleton,0,130
2026-09-28T12:56:07,/works/W1485776230,singleton,0,130
2026-09-28T12:56:08,/works/W2165838942,singleton,0,130
2026-09-28T12:56:08,/works/W1485776230,singleton,0,130
2026-09-28T12:56:09,/works/W2165838942,singleton,0,130
2026-09-28T12:56:10,/works/W1485776230,singleton,0,130
2026-09-28T12:56:11,/works/W1485776230,singleton,0,130
2026-09-28T12:56:12,/works/W1485776230,singleton,0,130
2026-09-28T12:56:13,/works/W1485776230,singleton,0,130
2026-09-28T12:56:15,/works/W1485776230,singleton,0,130
2026-09-28T12:56:20,/works/W2087565568,singleton,0,130
2026-09-28T12:56:20,/works/W2021978069,singleton,0,130
2026-09-28T12:56:20,/works/W2121388214,singleton,0,130
2026-09-28T12:56:20,/works/W36887771,singleton,0,130
2026-09-28T12:56:20,/works/W2098132813,singleton,0,130
2026-09-28T12:56:20,/works/W2086952063,singleton,0,130
2026-09-28T12:56:20,/works/W1602641799,singleton,0,130
2026-09-28T12:56:20,/works/W2015133726,singleton,0,130
2026-09-28T12:56:20,/works/W2102881830,singleton,0,130
2026-09-28T12:56:20,/works/W2021481766,singleton,0,130
2026-09-28T12:56:21,/works/W2121388214,singleton,0,130
2026-09-28T12:56:21,/works/W2087565568,singleton,0,130
2026-09-28T12:56:21,/works/W2162487525,singleton,0,130
2026-09-28T12:56:21,/works/W2064815475,singleton,0,130
2026-09-28T12:56:21,/works/W2086952063,singleton,0,130
2026-09-28T12:56:21,/works/W36887771,singleton,0,130
2026-09-28T12:56:21,/works/W2028445837,singleton,0,130
2026-09-28T12:56:21,/works/W1861370004,singleton,0,130
2026-09-28T12:56:21,/works/W2098132813,singleton,0,130
2026-09-28T12:56:21,/works/W2021978069,singleton,0,130
2026-09-28T12:56:21,/works/W2076253715,singleton,0,130
2026-09-28T12:56:21,/works/W2121388214,singleton,0,130
2026-09-28T12:56:22,/works/W2065435655,singleton,0,130
2026-09-28T12:56:22,/works/W2003355207,singleton,0,130
2026-09-28T12:56:22,/works/W2028445837,singleton,0,130
2026-09-28T12:56:22,/works/W1861370004,singleton,0,130
2026-09-28T12:56:22,/works/W2087565568,singleton,0,130
2026-09-28T12:56:22,/works/W2086952063,singleton,0,130
2026-09-28T12:56:22,/works/W2162487525,singleton,0,130
2026-09-28T12:56:22,/works/W2076253715,singleton,0,130
2026-09-28T12:56:22,/works/W2769527831,singleton,0,130
2026-09-28T12:56:22,/works/W2013876235,singleton,0,130
2026-09-28T12:56:22,/works/W2484637811,singleton,0,130
2026-09-28T12:56:22,/works/W2056886602,singleton,0,130
2026-09-28T12:56:23,/works/W1966893611,singleton,0,130
2026-09-28T12:56:23,/works/W1953220865,singleton,0,130
2026-09-28T12:56:23,/works/W2121388214,singleton,0,130
2026-09-28T12:56:23,/works/W2056886602,singleton,0,130
2026-09-28T12:56:23,/works/W2769527831,singleton,0,130
2026-09-28T12:56:23,/works/W2086952063,singleton,0,130
2026-09-28T12:56:24,/works/W2003355207,singleton,0,130
2026-09-28T12:56:24,/works/W2025568079,singleton,0,130
2026-09-28T12:56:24,/works/W2781905707,singleton,0,130
2026-09-28T12:56:24,/works/W2076253715,singleton,0,130
2026-09-28T12:56:24,/works/W2183563413,singleton,0,130
2026-09-28T12:56:24,/works/W1999406353,singleton,0,130
2026-09-28T12:56:24,/works/W2013876235,singleton,0,130
2026-09-28T12:56:24,/works/W1953220865,singleton,0,130
2026-09-28T12:56:24,/works/W2769527831,singleton,0,130
2026-09-28T12:56:24,/works/W2781905707,singleton,0,130
2026-09-28T12:56:24,/works/W1969720300,singleton,0,130
2026-09-28T12:56:25,/works/W1999406353,singleton,0,130
2026-09-28T12:56:25,/works/W23400222,singleton,0,130
2026-09-28T12:56:25,/works/W1980648127,singleton,0,130
2026-09-28T12:56:25,/works/W2183563413,singleton,0,130
2026-09-28T12:56:25,/works/W2000519927,singleton,0,130
2026-09-28T12:56:25,/works/W2025568079,singleton,0,130
2026-09-28T12:56:25,/works/W2076253715,singleton,0,130
2026-09-28T12:56:26,/works/W1994724976,singleton,0,130
2026-09-28T12:56:26,/works/W2769527831,singleton,0,130
2026-09-28T12:56:26,/works/W2000519927,singleton,0,130
2026-09-28T12:56:26,/works/W2183563413,singleton,0,130
2026-09-28T12:56:26,/works/W1953220865,singleton,0,130
2026-09-28T12:56:26,/works/W2056086400,singleton,0,130
2026-09-28T12:56:26,/works/W2029436281,singleton,0,130
2026-09-28T12:56:26,/works/W2025568079,singleton,0,130
2026-09-28T12:56:26,/works/W1999406353,singleton,0,130
2026-09-28T12:56:26,/works/W1996001152,singleton,0,130
2026-09-28T12:56:26,/works/W23400222,singleton,0,130
2026-09-28T12:56:26,/works/W1953339838,singleton,0,130
2026-09-28T12:56:26,/works/W1998032364,singleton,0,130
2026-09-28T12:56:27,/works/W2334589305,singleton,0,130
2026-09-28T12:56:27,/works/W1953220865,singleton,0,130
2026-09-28T12:56:27,/works/W2769527831,singleton,0,130
2026-09-28T12:56:27,/works/W2042449172,singleton,0,130
2026-09-28T12:56:27,/works/W1998032364,singleton,0,130
2026-09-28T12:56:27,/works/W1953339838,singleton,0,130
2026-09-28T12:56:27,/works/W2154523264,singleton,0,130
2026-09-28T12:56:27,/works/W2000519927,singleton,0,130
2026-09-28T12:56:27,/works/W1996001152,singleton,0,130
2026-09-28T12:56:27,/works/W1999406353,singleton,0,130
2026-09-28T12:56:27,/works/W2045497180,singleton,0,130
2026-09-28T12:56:28,/works/W1969738972,singleton,0,130
2026-09-28T12:56:28,/works/W1986885929,singleton,0,130
2026-09-28T12:56:28,/works/W2054269291,singleton,0,130
2026-09-28T12:56:28,/works/W1953220865,singleton,0,130
2026-09-28T12:56:28,/works/W2047505752,singleton,0,130
2026-09-28T12:56:28,/works/W1544855540,singleton,0,130
2026-09-28T12:56:28,/works/W2123843306,singleton,0,130
2026-09-28T12:56:28,/works/W2031778215,singleton,0,130
2026-09-28T12:56:28,/works/W2096085713,singleton,0,130
2026-09-28T12:56:28,/works/W2018428924,singleton,0,130
2026-09-28T12:56:28,/works/W2014903742,singleton,0,130
2026-09-28T12:56:29,/works/W1986885929,singleton,0,130
2026-09-28T12:56:29,/works/W2333240889,singleton,0,130
2026-09-28T12:56:29,/works/W1998032364,singleton,0,130
2026-09-28T12:56:29,/works/W2000519927,singleton,0,130
2026-09-28T12:56:29,/works/W2023436582,singleton,0,130
2026-09-28T12:56:29,/works/W2154523264,singleton,0,130
2026-09-28T12:56:29,/works/W1988457962,singleton,0,130
2026-09-28T12:56:29,/works/W2103806708,singleton,0,130
2026-09-28T12:56:29,/works/W1574282634,singleton,0,130
2026-09-28T12:56:29,/works/W2123843306,singleton,0,130
2026-09-28T12:56:29,/works/W1975257452,singleton,0,130
2026-09-28T12:56:29,/works/W2147194983,singleton,0,130
2026-09-28T12:56:29,/works/W2333240889,singleton,0,130
2026-09-28T12:56:30,/works/W2081035233,singleton,0,130
2026-09-28T12:56:30,/works/W1544855540,singleton,0,130
2026-09-28T12:56:30,/works/W2101043191,singleton,0,130
2026-09-28T12:56:30,/works/W2098651979,singleton,0,130
2026-09-28T12:56:30,/works/W2023436582,singleton,0,130
2026-09-28T12:56:30,/works/W2971871088,singleton,0,130
2026-09-28T12:56:30,/works/W2103806708,singleton,0,130
2026-09-28T12:56:30,/works/W2029572852,singleton,0,130
2026-09-28T12:56:30,/works/W2154523264,singleton,0,130
2026-09-28T12:56:30,/works/W2147194983,singleton,0,130
2026-09-28T12:56:30,/works/W1987862468,singleton,0,130
2026-09-28T12:56:31,/works/W3006316907,singleton,0,130
2026-09-28T12:56:31,/works/W2023436582,singleton,0,130
2026-09-28T12:56:31,/works/W2098651979,singleton,0,130
2026-09-28T12:56:31,/works/W1544855540,singleton,0,130
2026-09-28T12:56:31,/works/W2029572852,singleton,0,130
2026-09-28T12:56:31,/works/W1924973504,singleton,0,130
2026-09-28T12:56:32,/works/W2023436582,singleton,0,130
2026-09-28T12:56:32,/works/W2113661288,singleton,0,130
2026-09-28T12:56:32,/works/W2147194983,singleton,0,130
2026-09-28T12:56:32,/works/W2103806708,singleton,0,130
2026-09-28T12:56:32,/works/W2113051827,singleton,0,130
2026-09-28T12:56:32,/works/W2154523264,singleton,0,130
2026-09-28T12:56:32,/works/W3006316907,singleton,0,130
2026-09-28T12:56:32,/works/W2036081096,singleton,0,130
2026-09-28T12:56:32,/works/W2067451653,singleton,0,130
2026-09-28T12:56:32,/works/W2047408434,singleton,0,130
2026-09-28T12:56:32,/works/W2034086263,singleton,0,130
2026-09-28T12:56:32,/works/W2056200372,singleton,0,130
2026-09-28T12:56:33,/works/W2058963806,singleton,0,130
2026-09-28T12:56:33,/works/W2113661288,singleton,0,130
2026-09-28T12:56:33,/works/W2029572852,singleton,0,130
2026-09-28T12:56:33,/works/W2113051827,singleton,0,130
2026-09-28T12:56:33,/works/W2000281978,singleton,0,130
2026-09-28T12:56:33,/works/W2161462734,singleton,0,130
2026-09-28T12:56:33,/works/W2153690093,singleton,0,130
2026-09-28T12:56:33,/works/W333956912,singleton,0,130
2026-09-28T12:56:33,/works/W2031200605,singleton,0,130
2026-09-28T12:56:33,/works/W2023436582,singleton,0,130
2026-09-28T12:56:33,/works/W2065913517,singleton,0,130
2026-09-28T12:56:34,/works/W2047408434,singleton,0,130
2026-09-28T12:56:34,/works/W2113051827,singleton,0,130
2026-09-28T12:56:34,/works/W2029572852,singleton,0,130
2026-09-28T12:56:34,/works/W1968440999,singleton,0,130
2026-09-28T12:56:34,/works/W2529434737,singleton,0,130
2026-09-28T12:56:34,/works/W2023436582,singleton,0,130
2026-09-28T12:56:34,/works/W2150794219,singleton,0,130
2026-09-28T12:56:34,/works/W2161462734,singleton,0,130
2026-09-28T12:56:34,/works/W2000281978,singleton,0,130
2026-09-28T12:56:34,/works/W2031200605,singleton,0,130
2026-09-28T12:56:34,/works/W1992814364,singleton,0,130
2026-09-28T12:56:35,/works/W2113051827,singleton,0,130
2026-09-28T12:56:35,/works/W2133187327,singleton,0,130
2026-09-28T12:56:35,/works/W2047408434,singleton,0,130
2026-09-28T12:56:35,/works/W2529434737,singleton,0,130
2026-09-28T12:56:35,/works/W1529713701,singleton,0,130
2026-09-28T12:56:35,/works/W2065948650,singleton,0,130
2026-09-28T12:56:35,/works/W2120667656,singleton,0,130
2026-09-28T12:56:35,/works/W2112170460,singleton,0,130
2026-09-28T12:56:35,/works/W2083411201,singleton,0,130
2026-09-28T12:56:35,/works/W2161462734,singleton,0,130
2026-09-28T12:56:35,/works/W2023436582,singleton,0,130
2026-09-28T12:56:35,/works/W2140277167,singleton,0,130
2026-09-28T12:56:36,/works/W2126525158,singleton,0,130
2026-09-28T12:56:36,/works/W2326735354,singleton,0,130
2026-09-28T12:56:36,/works/W1507358976,singleton,0,130
2026-09-28T12:56:36,/works/W2047408434,singleton,0,130
2026-09-28T12:56:36,/works/W2031200605,singleton,0,130
2026-09-28T12:56:36,/works/W2065948650,singleton,0,130
2026-09-28T12:56:36,/works/W2091649526,singleton,0,130
2026-09-28T12:56:36,/works/W2030334296,singleton,0,130
2026-09-28T12:56:36,/works/W2112170460,singleton,0,130
2026-09-28T12:56:36,/works/W2161462734,singleton,0,130
2026-09-28T12:56:36,/works/W2326735354,singleton,0,130
2026-09-28T12:56:37,/works/W2132668842,singleton,0,130
2026-09-28T12:56:37,/works/W2186963704,singleton,0,130
2026-09-28T12:56:37,/works/W2122857797,singleton,0,130
2026-09-28T12:56:37,/works/W1507358976,singleton,0,130
2026-09-28T12:56:37,/works/W2126525158,singleton,0,130
2026-09-28T12:56:37,/works/W2035832520,singleton,0,130
2026-09-28T12:56:37,/works/W1499856847,singleton,0,130
2026-09-28T12:56:37,/works/W2030334296,singleton,0,130
2026-09-28T12:56:37,/works/W2183208532,singleton,0,130
2026-09-28T12:56:37,/works/W2161462734,singleton,0,130
2026-09-28T12:56:37,/works/W2121207040,singleton,0,130
2026-09-28T12:56:38,/works/W2326735354,singleton,0,130
2026-09-28T12:56:38,/works/W2186963704,singleton,0,130
2026-09-28T12:56:38,/works/W2035832520,singleton,0,130
2026-09-28T12:56:38,/works/W2020626641,singleton,0,130
2026-09-28T12:56:38,/works/W1531392509,singleton,0,130
2026-09-28T12:56:38,/works/W2046950022,singleton,0,130
2026-09-28T12:56:38,/works/W2122857797,singleton,0,130
2026-09-28T12:56:38,/works/W2092052588,singleton,0,130
2026-09-28T12:56:38,/works/W2143169970,singleton,0,130
2026-09-28T12:56:38,/works/W2126525158,singleton,0,130
2026-09-28T12:56:39,/works/W2059489538,singleton,0,130
2026-09-28T12:56:39,/works/W1966914690,singleton,0,130
2026-09-28T12:56:39,/works/W2326735354,singleton,0,130
2026-09-28T12:56:39,/works/W2183208532,singleton,0,130
2026-09-28T12:56:39,/works/W2121207040,singleton,0,130
2026-09-28T12:56:39,/works/W2122857797,singleton,0,130
2026-09-28T12:56:39,/works/W2014267198,singleton,0,130
2026-09-28T12:56:39,/works/W2059489538,singleton,0,130
2026-09-28T12:56:40,/works/W1966914690,singleton,0,130
2026-09-28T12:56:40,/works/W2046950022,singleton,0,130
2026-09-28T12:56:40,/works/W2154906757,singleton,0,130
2026-09-28T12:56:40,/works/W2143169970,singleton,0,130
2026-09-28T12:56:40,/works/W2121207040,singleton,0,130
2026-09-28T12:56:40,/works/W1987004766,singleton,0,130
2026-09-28T12:56:40,/works/W2007476893,singleton,0,130
2026-09-28T12:56:40,/works/W2060730305,singleton,0,130
2026-09-28T12:56:40,/works/W2326735354,singleton,0,130
2026-09-28T12:56:40,/works/W2122857797,singleton,0,130
2026-09-28T12:56:41,/works/W1981449605,singleton,0,130
2026-09-28T12:56:41,/works/W2014267198,singleton,0,130
2026-09-28T12:56:41,/works/W2075406137,singleton,0,130
2026-09-28T12:56:41,/works/W2079891294,singleton,0,130
2026-09-28T12:56:41,/works/W1994408979,singleton,0,130
2026-09-28T12:56:41,/works/W2059489538,singleton,0,130
2026-09-28T12:56:41,/works/W2162601390,singleton,0,130
2026-09-28T12:56:41,/works/W2074858857,singleton,0,130
2026-09-28T12:56:41,/works/W2154906757,singleton,0,130
2026-09-28T12:56:41,/works/W2041125118,singleton,0,130
2026-09-28T12:56:41,/works/W2039967026,singleton,0,130
2026-09-28T12:56:42,/works/W2121207040,singleton,0,130
2026-09-28T12:56:42,/works/W1975891997,singleton,0,130
2026-09-28T12:56:42,/works/W2079891294,singleton,0,130
2026-09-28T12:56:42,/works/W2326735354,singleton,0,130
2026-09-28T12:56:42,/works/W1981449605,singleton,0,130
2026-09-28T12:56:42,/works/W2162601390,singleton,0,130
2026-09-28T12:56:42,/works/W2039967026,singleton,0,130
2026-09-28T12:56:42,/works/W2041125118,singleton,0,130
2026-09-28T12:56:42,/works/W89025846,singleton,0,130
2026-09-28T12:56:43,/works/W2064869960,singleton,0,130
2026-09-28T12:56:43,/works/W2154906757,singleton,0,130
2026-09-28T12:56:43,/works/W2041125118,singleton,0,130
2026-09-28T12:56:43,/works/W2079891294,singleton,0,130
2026-09-28T12:56:43,/works/W1975891997,singleton,0,130
2026-09-28T12:56:43,/works/W2039967026,singleton,0,130
2026-09-28T12:56:43,/works/W2528381109,singleton,0,130
2026-09-28T12:56:43,/works/W2001880249,singleton,0,130
2026-09-28T12:56:44,/works/W2097714391,singleton,0,130
2026-09-28T12:56:44,/works/W1981449605,singleton,0,130
2026-09-28T12:56:44,/works/W2157264633,singleton,0,130
2026-09-28T12:56:44,/works/W2162601390,singleton,0,130
2026-09-28T12:56:44,/works/W2064869960,singleton,0,130
2026-09-28T12:56:44,/works/W2130323377,singleton,0,130
2026-09-28T12:56:44,/works/W2041125118,singleton,0,130
2026-09-28T12:56:44,/works/W2154423341,singleton,0,130
2026-09-28T12:56:44,/works/W2116099098,singleton,0,130
2026-09-28T12:56:44,/works/W2163986498,singleton,0,130
2026-09-28T12:56:44,/works/W2266882177,singleton,0,130
2026-09-28T12:56:44,/works/W2001880249,singleton,0,130
2026-09-28T12:56:45,/works/W1975891997,singleton,0,130
2026-09-28T12:56:45,/works/W2097714391,singleton,0,130
2026-09-28T12:56:45,/works/W2007032789,singleton,0,130
2026-09-28T12:56:45,/works/W2157264633,singleton,0,130
2026-09-28T12:56:45,/works/W2130323377,singleton,0,130
2026-09-28T12:56:45,/works/W2076356635,singleton,0,130
2026-09-28T12:56:45,/works/W1519363370,singleton,0,130
2026-09-28T12:56:45,/works/W2163986498,singleton,0,130
2026-09-28T12:56:45,/works/W2107446261,singleton,0,130
2026-09-28T12:56:45,/works/W2041125118,singleton,0,130
2026-09-28T12:56:45,/works/W2266882177,singleton,0,130
2026-09-28T12:56:46,/works/W1975891997,singleton,0,130
2026-09-28T12:56:46,/works/W2132317125,singleton,0,130
2026-09-28T12:56:46,/works/W2007032789,singleton,0,130
2026-09-28T12:56:46,/works/W2077354631,singleton,0,130
2026-09-28T12:56:46,/works/W1519363370,singleton,0,130
2026-09-28T12:56:47,/works/W2163986498,singleton,0,130
2026-09-28T12:56:47,/works/W2107446261,singleton,0,130
2026-09-28T12:56:47,/works/W2266882177,singleton,0,130
2026-09-28T12:56:47,/works/W2007032789,singleton,0,130
2026-09-28T12:56:47,/works/W2077354631,singleton,0,130
2026-09-28T12:56:47,/works/W2041125118,singleton,0,130
2026-09-28T12:56:47,/works/W1975891997,singleton,0,130
2026-09-28T12:56:48,/works/W2107446261,singleton,0,130
2026-09-28T12:56:48,/works/W2163986498,singleton,0,130
2026-09-28T12:56:48,/works/W1519363370,singleton,0,130
2026-09-28T12:56:48,/works/W2266882177,singleton,0,130
2026-09-28T12:56:49,/works/W1975891997,singleton,0,130
2026-09-28T12:56:49,/works/W2163986498,singleton,0,130
2026-09-28T12:57:00,/works/W2086818388,singleton,0,130
2026-09-28T12:57:00,/works/W2066604972,singleton,0,130
2026-09-28T12:57:00,/works/W1985541062,singleton,0,130
2026-09-28T12:57:00,/works/W2036032776,singleton,0,130
2026-09-28T12:57:00,/works/W2143665444,singleton,0,130
2026-09-28T12:57:00,/works/W2158762984,singleton,0,130
2026-09-28T12:57:00,/works/W1998281852,singleton,0,130
2026-09-28T12:57:00,/works/W2012582817,singleton,0,130
2026-09-28T12:57:00,/works/W2145118949,singleton,0,130
2026-09-28T12:57:01,/works/W2066604972,singleton,0,130
2026-09-28T12:57:01,/works/W2143665444,singleton,0,130
2026-09-28T12:57:01,/works/W2036032776,singleton,0,130
2026-09-28T12:57:01,/works/W1566058605,singleton,0,130
2026-09-28T12:57:01,/works/W2086818388,singleton,0,130
2026-09-28T12:57:01,/works/W2232659098,singleton,0,130
2026-09-28T12:57:01,/works/W1998281852,singleton,0,130
2026-09-28T12:57:01,/works/W2066604972,singleton,0,130
2026-09-28T12:57:02,/works/W1985541062,singleton,0,130
2026-09-28T12:57:02,/works/W2158762984,singleton,0,130
2026-09-28T12:57:02,/works/W2036032776,singleton,0,130
2026-09-28T12:57:02,/works/W2143665444,singleton,0,130
2026-09-28T12:57:02,/works/W401545645,singleton,0,130
2026-09-28T12:57:02,/works/W2224592335,singleton,0,130
2026-09-28T12:57:02,/works/W2232659098,singleton,0,130
2026-09-28T12:57:02,/works/W2597796890,singleton,0,130
2026-09-28T12:57:02,/works/W2604377024,singleton,0,130
2026-09-28T12:57:02,/works/W2086818388,singleton,0,130
2026-09-28T12:57:02,/works/W2111118152,singleton,0,130
2026-09-28T12:57:03,/works/W2100297797,singleton,0,130
2026-09-28T12:57:03,/works/W2053468794,singleton,0,130
2026-09-28T12:57:03,/works/W1998281852,singleton,0,130
2026-09-28T12:57:03,/works/W401545645,singleton,0,130
2026-09-28T12:57:03,/works/W2036032776,singleton,0,130
2026-09-28T12:57:03,/works/W2066604972,singleton,0,130
2026-09-28T12:57:03,/works/W2099835876,singleton,0,130
2026-09-28T12:57:03,/works/W2121501863,singleton,0,130
2026-09-28T12:57:03,/works/W2232659098,singleton,0,130
2026-09-28T12:57:04,/works/W1974230590,singleton,0,130
2026-09-28T12:57:04,/works/W2111118152,singleton,0,130
2026-09-28T12:57:04,/works/W1938053229,singleton,0,130
2026-09-28T12:57:04,/works/W2020462940,singleton,0,130
2026-09-28T12:57:04,/works/W401545645,singleton,0,130
2026-09-28T12:57:04,/works/W2121501863,singleton,0,130
2026-09-28T12:57:04,/works/W2099835876,singleton,0,130
2026-09-28T12:57:05,/works/W1998281852,singleton,0,130
2026-09-28T12:57:05,/works/W2036032776,singleton,0,130
2026-09-28T12:57:05,/works/W2183312319,singleton,0,130
2026-09-28T12:57:05,/works/W2020462940,singleton,0,130
2026-09-28T12:57:05,/works/W1996209394,singleton,0,130
2026-09-28T12:57:05,/works/W2232659098,singleton,0,130
2026-09-28T12:57:05,/works/W2154616839,singleton,0,130
2026-09-28T12:57:05,/works/W1938053229,singleton,0,130
2026-09-28T12:57:05,/works/W2121501863,singleton,0,130
2026-09-28T12:57:06,/works/W2126696889,singleton,0,130
2026-09-28T12:57:06,/works/W2036032776,singleton,0,130
2026-09-28T12:57:06,/works/W2052776843,singleton,0,130
2026-09-28T12:57:06,/works/W2099835876,singleton,0,130
2026-09-28T12:57:06,/works/W2154616839,singleton,0,130
2026-09-28T12:57:06,/works/W2005500437,singleton,0,130
2026-09-28T12:57:06,/works/W2086504023,singleton,0,130
2026-09-28T12:57:06,/works/W2232659098,singleton,0,130
2026-09-28T12:57:06,/works/W2146678238,singleton,0,130
2026-09-28T12:57:06,/works/W1996209394,singleton,0,130
2026-09-28T12:57:07,/works/W68860118,singleton,0,130
2026-09-28T12:57:07,/works/W2121501863,singleton,0,130
2026-09-28T12:57:07,/works/W2183312319,singleton,0,130
2026-09-28T12:57:07,/works/W2098286241,singleton,0,130
2026-09-28T12:57:07,/works/W2154616839,singleton,0,130
2026-09-28T12:57:07,/works/W2050710105,singleton,0,130
2026-09-28T12:57:07,/works/W101855358,singleton,0,130
2026-09-28T12:57:07,/works/W2090557727,singleton,0,130
2026-09-28T12:57:07,/works/W1996209394,singleton,0,130
2026-09-28T12:57:08,/works/W2154616839,singleton,0,130
2026-09-28T12:57:08,/works/W2146678238,singleton,0,130
2026-09-28T12:57:08,/works/W2115348001,singleton,0,130
2026-09-28T12:57:08,/works/W2086504023,singleton,0,130
2026-09-28T12:57:08,/works/W2121501863,singleton,0,130
2026-09-28T12:57:08,/works/W2139331021,singleton,0,130
2026-09-28T12:57:08,/works/W2068457663,singleton,0,130
2026-09-28T12:57:08,/works/W68860118,singleton,0,130
2026-09-28T12:57:08,/works/W1996209394,singleton,0,130
2026-09-28T12:57:09,/works/W2041352457,singleton,0,130
2026-09-28T12:57:09,/works/W2060505721,singleton,0,130
2026-09-28T12:57:09,/works/W2055152010,singleton,0,130
2026-09-28T12:57:09,/works/W2050710105,singleton,0,130
2026-09-28T12:57:09,/works/W862979558,singleton,0,130
2026-09-28T12:57:09,/works/W2291828461,singleton,0,130
2026-09-28T12:57:09,/works/W2154616839,singleton,0,130
2026-09-28T12:57:09,/works/W1978185077,singleton,0,130
2026-09-28T12:57:09,/works/W2146678238,singleton,0,130
2026-09-28T12:57:09,/works/W2081522015,singleton,0,130
2026-09-28T12:57:09,/works/W2142152194,singleton,0,130
2026-09-28T12:57:09,/works/W2121501863,singleton,0,130
2026-09-28T12:57:10,/works/W862979558,singleton,0,130
2026-09-28T12:57:10,/works/W1996930394,singleton,0,130
2026-09-28T12:57:10,/works/W2060505721,singleton,0,130
2026-09-28T12:57:10,/works/W2065082342,singleton,0,130
2026-09-28T12:57:10,/works/W2099721840,singleton,0,130
2026-09-28T12:57:10,/works/W2081522015,singleton,0,130
2026-09-28T12:57:10,/works/W2009705361,singleton,0,130
2026-09-28T12:57:10,/works/W1996209394,singleton,0,130
2026-09-28T12:57:10,/works/W2186555304,singleton,0,130
2026-09-28T12:57:10,/works/W2100798853,singleton,0,130
2026-09-28T12:57:10,/works/W2953501284,singleton,0,130
2026-09-28T12:57:11,/works/W2291828461,singleton,0,130
2026-09-28T12:57:11,/works/W2142152194,singleton,0,130
2026-09-28T12:57:11,/works/W2060505721,singleton,0,130
2026-09-28T12:57:11,/works/W2132644718,singleton,0,130
2026-09-28T12:57:11,/works/W2036581240,singleton,0,130
2026-09-28T12:57:11,/works/W2126547539,singleton,0,130
2026-09-28T12:57:11,/works/W1979233945,singleton,0,130
2026-09-28T12:57:11,/works/W2142152194,singleton,0,130
2026-09-28T12:57:11,/works/W2099721840,singleton,0,130
2026-09-28T12:57:11,/works/W2081522015,singleton,0,130
2026-09-28T12:57:12,/works/W2186555304,singleton,0,130
2026-09-28T12:57:12,/works/W2147936017,singleton,0,130
2026-09-28T12:57:12,/works/W2100798853,singleton,0,130
2026-09-28T12:57:12,/works/W1554899788,singleton,0,130
2026-09-28T12:57:12,/works/W2060505721,singleton,0,130
2026-09-28T12:57:12,/works/W2100029558,singleton,0,130
2026-09-28T12:57:12,/works/W2143845394,singleton,0,130
2026-09-28T12:57:12,/works/W1990556885,singleton,0,130
2026-09-28T12:57:13,/works/W2099721840,singleton,0,130
2026-09-28T12:57:13,/works/W2126547539,singleton,0,130
2026-09-28T12:57:13,/works/W123452057,singleton,0,130
2026-09-28T12:57:13,/works/W2142152194,singleton,0,130
2026-09-28T12:57:13,/works/W2060505721,singleton,0,130
2026-09-28T12:57:13,/works/W2081522015,singleton,0,130
2026-09-28T12:57:13,/works/W2147936017,singleton,0,130
2026-09-28T12:57:13,/works/W2025062195,singleton,0,130
2026-09-28T12:57:13,/works/W2015685012,singleton,0,130
2026-09-28T12:57:13,/works/W2547582282,singleton,0,130
2026-09-28T12:57:13,/works/W2153543868,singleton,0,130
2026-09-28T12:57:13,/works/W1990556885,singleton,0,130
2026-09-28T12:57:13,/works/W2099721840,singleton,0,130
2026-09-28T12:57:14,/works/W2063295797,singleton,0,130
2026-09-28T12:57:14,/works/W2126547539,singleton,0,130
2026-09-28T12:57:14,/works/W2147779517,singleton,0,130
2026-09-28T12:57:14,/works/W2060505721,singleton,0,130
2026-09-28T12:57:14,/works/W2088129130,singleton,0,130
2026-09-28T12:57:14,/works/W1526012252,singleton,0,130
2026-09-28T12:57:14,/works/W2153543868,singleton,0,130
2026-09-28T12:57:14,/works/W2015685012,singleton,0,130
2026-09-28T12:57:14,/works/W1603661186,singleton,0,130
2026-09-28T12:57:15,/works/W1990974967,singleton,0,130
2026-09-28T12:57:15,/works/W2147936017,singleton,0,130
2026-09-28T12:57:15,/works/W2026516035,singleton,0,130
2026-09-28T12:57:15,/works/W1990556885,singleton,0,130
2026-09-28T12:57:15,/works/W2099721840,singleton,0,130
2026-09-28T12:57:15,/works/W1997309435,singleton,0,130
2026-09-28T12:57:15,/works/W2147779517,singleton,0,130
2026-09-28T12:57:15,/works/W2054245045,singleton,0,130
2026-09-28T12:57:15,/works/W2982280988,singleton,0,130
2026-09-28T12:57:15,/works/W1971728028,singleton,0,130
2026-09-28T12:57:16,/works/W1603661186,singleton,0,130
2026-09-28T12:57:16,/works/W2162179731,singleton,0,130
2026-09-28T12:57:16,/works/W2099721840,singleton,0,130
2026-09-28T12:57:16,/works/W1990974967,singleton,0,130
2026-09-28T12:57:16,/works/W1526012252,singleton,0,130
2026-09-28T12:57:16,/works/W1997309435,singleton,0,130
2026-09-28T12:57:16,/works/W2012822767,singleton,0,130
2026-09-28T12:57:16,/works/W2054245045,singleton,0,130
2026-09-28T12:57:16,/works/W1973019910,singleton,0,130
2026-09-28T12:57:16,/works/W2147779517,singleton,0,130
2026-09-28T12:57:17,/works/W2182825323,singleton,0,130
2026-09-28T12:57:17,/works/W2109756563,singleton,0,130
2026-09-28T12:57:17,/works/W1990974967,singleton,0,130
2026-09-28T12:57:17,/works/W2068039512,singleton,0,130
2026-09-28T12:57:17,/works/W2050040434,singleton,0,130
2026-09-28T12:57:17,/works/W2041984403,singleton,0,130
2026-09-28T12:57:17,/works/W1997309435,singleton,0,130
2026-09-28T12:57:17,/works/W257336581,singleton,0,130
2026-09-28T12:57:17,/works/W2075709458,singleton,0,130
2026-09-28T12:57:17,/works/W3021477465,singleton,0,130
2026-09-28T12:57:17,/works/W2537416624,singleton,0,130
2026-09-28T12:57:17,/works/W2099721840,singleton,0,130
2026-09-28T12:57:17,/works/W2056931143,singleton,0,130
2026-09-28T12:57:17,/works/W2030392667,singleton,0,130
2026-09-28T12:57:17,/works/W2060852504,singleton,0,130
2026-09-28T12:57:17,/works/W1603661186,singleton,0,130
2026-09-28T12:57:18,/works/W2114107573,singleton,0,130
2026-09-28T12:57:18,/works/W2098315020,singleton,0,130
2026-09-28T12:57:18,/works/W2044144580,singleton,0,130
2026-09-28T12:57:18,/works/W2088690422,singleton,0,130
2026-09-28T12:57:18,/works/W1997309435,singleton,0,130
2026-09-28T12:57:18,/works/W2030392667,singleton,0,130
2026-09-28T12:57:18,/works/W2075709458,singleton,0,130
2026-09-28T12:57:19,/works/W2041984403,singleton,0,130
2026-09-28T12:57:19,/works/W2099721840,singleton,0,130
2026-09-28T12:57:19,/works/W2060852504,singleton,0,130
2026-09-28T12:57:19,/works/W2014818336,singleton,0,130
2026-09-28T12:57:19,/works/W138431392,singleton,0,130
2026-09-28T12:57:19,/works/W2010859972,singleton,0,130
2026-09-28T12:57:19,/works/W2006323425,singleton,0,130
2026-09-28T12:57:19,/works/W2051677024,singleton,0,130
2026-09-28T12:57:19,/works/W1997309435,singleton,0,130
2026-09-28T12:57:19,/works/W2089853026,singleton,0,130
2026-09-28T12:57:19,/works/W2088690422,singleton,0,130
2026-09-28T12:57:19,/works/W2187890416,singleton,0,130
2026-09-28T12:57:19,/works/W2478441366,singleton,0,130
2026-09-28T12:57:20,/works/W2041984403,singleton,0,130
2026-09-28T12:57:20,/works/W2149597925,singleton,0,130
2026-09-28T12:57:20,/works/W2030392667,singleton,0,130
2026-09-28T12:57:20,/works/W3088677906,singleton,0,130
2026-09-28T12:57:20,/works/W2060852504,singleton,0,130
2026-09-28T12:57:20,/works/W2212789564,singleton,0,130
2026-09-28T12:57:20,/works/W2006323425,singleton,0,130
2026-09-28T12:57:20,/works/W2106467270,singleton,0,130
2026-09-28T12:57:20,/works/W2187890416,singleton,0,130
2026-09-28T12:57:20,/works/W2104742857,singleton,0,130
2026-09-28T12:57:21,/works/W2088690422,singleton,0,130
2026-09-28T12:57:21,/works/W2029227562,singleton,0,130
2026-09-28T12:57:21,/works/W2087544050,singleton,0,130
2026-09-28T12:57:21,/works/W2534719185,singleton,0,130
2026-09-28T12:57:21,/works/W2090689335,singleton,0,130
2026-09-28T12:57:21,/works/W2030392667,singleton,0,130
2026-09-28T12:57:21,/works/W2478441366,singleton,0,130
2026-09-28T12:57:21,/works/W38883615,singleton,0,130
2026-09-28T12:57:21,/works/W2060852504,singleton,0,130
2026-09-28T12:57:21,/works/W2154609523,singleton,0,130
2026-09-28T12:57:22,/works/W2106467270,singleton,0,130
2026-09-28T12:57:22,/works/W38883615,singleton,0,130
2026-09-28T12:57:22,/works/W2090689335,singleton,0,130
2026-09-28T12:57:22,/works/W2087544050,singleton,0,130
2026-09-28T12:57:22,/works/W2183568451,singleton,0,130
2026-09-28T12:57:22,/works/W2029227562,singleton,0,130
2026-09-28T12:57:22,/works/W2154609523,singleton,0,130
2026-09-28T12:57:22,/works/W2060852504,singleton,0,130
2026-09-28T12:57:22,/works/W2091299434,singleton,0,130
2026-09-28T12:57:22,/works/W2030392667,singleton,0,130
2026-09-28T12:57:23,/works/W38883615,singleton,0,130
2026-09-28T12:57:23,/works/W1965543309,singleton,0,130
2026-09-28T12:57:23,/works/W2087544050,singleton,0,130
2026-09-28T12:57:23,/works/W1982944729,singleton,0,130
2026-09-28T12:57:23,/works/W2467228510,singleton,0,130
2026-09-28T12:57:23,/works/W1510389427,singleton,0,130
2026-09-28T12:57:23,/works/W2183568451,singleton,0,130
2026-09-28T12:57:23,/works/doi:10.1109/pesgm.2012.6345457,singleton,0,130
2026-09-28T12:57:24,/works/W1972358122,singleton,0,130
2026-09-28T12:57:24,/works/W2090689335,singleton,0,130
2026-09-28T12:57:24,/works/W2154609523,singleton,0,130
2026-09-28T12:57:24,/works/W1510389427,singleton,0,130
2026-09-28T12:57:24,/works/W2101933854,singleton,0,130
2026-09-28T12:57:24,/works/W2091299434,singleton,0,130
2026-09-28T12:57:24,/works/W2030392667,singleton,0,130
2026-09-28T12:57:24,/works/W1982944729,singleton,0,130
2026-09-28T12:57:24,/works/doi:10.1109/pesgm.2012.6345457,singleton,0,130
2026-09-28T12:57:24,/works/W1966204144,singleton,0,130
2026-09-28T12:57:24,/works/W2149399401,singleton,0,130
2026-09-28T12:57:24,/works/W2156545077,singleton,0,130
2026-09-28T12:57:24,/works/W1510389427,singleton,0,130
2026-09-28T12:57:25,/works/W90785812,singleton,0,130
2026-09-28T12:57:25,/works/W2051017914,singleton,0,130
2026-09-28T12:57:25,/works/W2154609523,singleton,0,130
2026-09-28T12:57:25,/works/W2101933854,singleton,0,130
2026-09-28T12:57:25,/works/W1971222408,singleton,0,130
2026-09-28T12:57:25,/works/W2769132139,singleton,0,130
2026-09-28T12:57:25,/works/W1564934730,singleton,0,130
2026-09-28T12:57:25,/works/W1972358122,singleton,0,130
2026-09-28T12:57:25,/works/W2040030732,singleton,0,130
2026-09-28T12:57:25,/works/W2066400417,singleton,0,130
2026-09-28T12:57:25,/works/W2019353475,singleton,0,130
2026-09-28T12:57:26,/works/W2769132139,singleton,0,130
2026-09-28T12:57:26,/works/W2055693361,singleton,0,130
2026-09-28T12:57:26,/works/W2156545077,singleton,0,130
2026-09-28T12:57:26,/works/W2071133126,singleton,0,130
2026-09-28T12:57:26,/works/W2154609523,singleton,0,130
2026-09-28T12:57:26,/works/W1510389427,singleton,0,130
2026-09-28T12:57:26,/works/W2051017914,singleton,0,130
2026-09-28T12:57:26,/works/W1970075116,singleton,0,130
2026-09-28T12:57:26,/works/W2066400417,singleton,0,130
2026-09-28T12:57:27,/works/W2040030732,singleton,0,130
2026-09-28T12:57:27,/works/W2154609523,singleton,0,130
2026-09-28T12:57:27,/works/W1510389427,singleton,0,130
2026-09-28T12:57:27,/works/W2769132139,singleton,0,130
2026-09-28T12:57:27,/works/W2071133126,singleton,0,130
2026-09-28T12:57:27,/works/W2973638555,singleton,0,130
2026-09-28T12:57:27,/works/W2162188244,singleton,0,130
2026-09-28T12:57:28,/works/W2020598335,singleton,0,130
2026-09-28T12:57:28,/works/W2051017914,singleton,0,130
2026-09-28T12:57:28,/works/W2548734026,singleton,0,130
2026-09-28T12:57:28,/works/W2066400417,singleton,0,130
2026-09-28T12:57:28,/works/W1970075116,singleton,0,130
2026-09-28T12:57:28,/works/W2040030732,singleton,0,130
2026-09-28T12:57:28,/works/W77651892,singleton,0,130
2026-09-28T12:57:28,/works/W18977558,singleton,0,130
2026-09-28T12:57:28,/works/W2973638555,singleton,0,130
2026-09-28T12:57:28,/works/W1510389427,singleton,0,130
2026-09-28T12:57:28,/works/W2048697450,singleton,0,130
2026-09-28T12:57:29,/works/W2039910127,singleton,0,130
2026-09-28T12:57:29,/works/W2548734026,singleton,0,130
2026-09-28T12:57:29,/works/W1970075116,singleton,0,130
2026-09-28T12:57:29,/works/W2040030732,singleton,0,130
2026-09-28T12:57:29,/works/W2109333667,singleton,0,130
2026-09-28T12:57:29,/works/W1941068104,singleton,0,130
2026-09-28T12:57:29,/works/W2162188244,singleton,0,130
2026-09-28T12:57:29,/works/W2548734026,singleton,0,130
2026-09-28T12:57:29,/works/W2973638555,singleton,0,130
2026-09-28T12:57:29,/works/W179817968,singleton,0,130
2026-09-28T12:57:29,/works/W2098169346,singleton,0,130
2026-09-28T12:57:30,/works/W18977558,singleton,0,130
2026-09-28T12:57:30,/works/W2541750726,singleton,0,130
2026-09-28T12:57:30,/works/W2040030732,singleton,0,130
2026-09-28T12:57:30,/works/W2039910127,singleton,0,130
2026-09-28T12:57:30,/works/W2141597668,singleton,0,130
2026-09-28T12:57:30,/works/W2034211107,singleton,0,130
2026-09-28T12:57:30,/works/W2052836921,singleton,0,130
2026-09-28T12:57:30,/works/W2126021804,singleton,0,130
2026-09-28T12:57:30,/works/W2548734026,singleton,0,130
2026-09-28T12:57:30,/works/W2109333667,singleton,0,130
2026-09-28T12:57:31,/works/W1764421266,singleton,0,130
2026-09-28T12:57:31,/works/W2056421550,singleton,0,130
2026-09-28T12:57:31,/works/W179817968,singleton,0,130
2026-09-28T12:57:31,/works/W2973638555,singleton,0,130
2026-09-28T12:57:31,/works/W2541750726,singleton,0,130
2026-09-28T12:57:31,/works/W1976043277,singleton,0,130
2026-09-28T12:57:31,/works/W2091940670,singleton,0,130
2026-09-28T12:57:31,/works/W2109333667,singleton,0,130
2026-09-28T12:57:31,/works/W81368421,singleton,0,130
2026-09-28T12:57:31,/works/W2155648155,singleton,0,130
2026-09-28T12:57:32,/works/W623792899,singleton,0,130
2026-09-28T12:57:32,/works/W2548734026,singleton,0,130
2026-09-28T12:57:32,/works/W2083852337,singleton,0,130
2026-09-28T12:57:32,/works/W1764421266,singleton,0,130
2026-09-28T12:57:32,/works/W2034211107,singleton,0,130
2026-09-28T12:57:32,/works/W2545754429,singleton,0,130
2026-09-28T12:57:32,/works/W2133536208,singleton,0,130
2026-09-28T12:57:32,/works/doi:10.1109/isdea.2012.543,singleton,0,130
2026-09-28T12:57:32,/works/W2091940670,singleton,0,130
2026-09-28T12:57:32,/works/W1545548818,singleton,0,130
2026-09-28T12:57:32,/works/W1969371420,singleton,0,130
2026-09-28T12:57:32,/works/W328613600,singleton,0,130
2026-09-28T12:57:32,/works/W2022185589,singleton,0,130
2026-09-28T12:57:32,/works/W2155648155,singleton,0,130
2026-09-28T12:57:32,/works/W2083852337,singleton,0,130
2026-09-28T12:57:32,/works/W2021105957,singleton,0,130
2026-09-28T12:57:33,/works/W2003662566,singleton,0,130
2026-09-28T12:57:33,/works/W2111333525,singleton,0,130
2026-09-28T12:57:33,/works/W2068186536,singleton,0,130
2026-09-28T12:57:33,/works/W2070385586,singleton,0,130
2026-09-28T12:57:33,/works/W2151455464,singleton,0,130
2026-09-28T12:57:33,/works/W2031684115,singleton,0,130
2026-09-28T12:57:33,/works/W1764421266,singleton,0,130
2026-09-28T12:57:33,/works/W2114993732,singleton,0,130
2026-09-28T12:57:33,/works/W2201880278,singleton,0,130
2026-09-28T12:57:33,/works/W2044937151,singleton,0,130
2026-09-28T12:57:33,/works/W2115275257,singleton,0,130
2026-09-28T12:57:33,/works/W2083852337,singleton,0,130
2026-09-28T12:57:33,/works/W2111333525,singleton,0,130
2026-09-28T12:57:33,/works/W2120362436,singleton,0,130
2026-09-28T12:57:34,/works/W2805759869,singleton,0,130
2026-09-28T12:57:34,/works/W2114667096,singleton,0,130
2026-09-28T12:57:34,/works/W2155648155,singleton,0,130
2026-09-28T12:57:34,/works/W2070385586,singleton,0,130
2026-09-28T12:57:34,/works/W2083852337,singleton,0,130
2026-09-28T12:57:35,/works/W2044937151,singleton,0,130
2026-09-28T12:57:35,/works/W2083852337,singleton,0,130
2026-09-28T12:58:22,/works/W2110151382,singleton,0,130
2026-09-28T12:58:22,/works/W2060598493,singleton,0,130
2026-09-28T12:58:22,/works/W2035800904,singleton,0,130
2026-09-28T12:58:22,/works/W1978479007,singleton,0,130
2026-09-28T12:58:22,/works/W1984375826,singleton,0,130
2026-09-28T12:58:22,/works/W2216325331,singleton,0,130
2026-09-28T12:58:22,/works/W953495602,singleton,0,110
2026-09-28T12:58:22,/works/W1987613110,singleton,0,110
2026-09-28T12:58:23,/works/W2053748577,singleton,0,110
2026-09-28T12:58:23,/works/W2107234975,singleton,0,110
2026-09-28T12:58:23,/works/W2110151382,singleton,0,110
2026-09-28T12:58:23,/works/W2060598493,singleton,0,110
2026-09-28T12:58:23,/works/W2167563914,singleton,0,110
2026-09-28T12:58:23,/works/W2035800904,singleton,0,110
2026-09-28T12:58:23,/works/W1984375826,singleton,0,110
2026-09-28T12:58:24,/works/W2104786226,singleton,0,110
2026-09-28T12:58:24,/works/W1978479007,singleton,0,110
2026-09-28T12:58:24,/works/W2128688604,singleton,0,110
2026-09-28T12:58:24,/works/W2053748577,singleton,0,110
2026-09-28T12:58:24,/works/W2151100231,singleton,0,110
2026-09-28T12:58:24,/works/W2068716315,singleton,0,110
2026-09-28T12:58:24,/works/W2216325331,singleton,0,110
2026-09-28T12:58:24,/works/W2107234975,singleton,0,110
2026-09-28T12:58:24,/works/W2104786226,singleton,0,110
2026-09-28T12:58:24,/works/W2061686321,singleton,0,110
2026-09-28T12:58:24,/works/W2169550147,singleton,0,110
2026-09-28T12:58:25,/works/W2131197884,singleton,0,110
2026-09-28T12:58:25,/works/W2167563914,singleton,0,110
2026-09-28T12:58:25,/works/W2120537572,singleton,0,110
2026-09-28T12:58:25,/works/W2035800904,singleton,0,110
2026-09-28T12:58:25,/works/W2104218802,singleton,0,110
2026-09-28T12:58:25,/works/W2151100231,singleton,0,110
2026-09-28T12:58:25,/works/W2060363221,singleton,0,110
2026-09-28T12:58:25,/works/W2104786226,singleton,0,110
2026-09-28T12:58:25,/works/W2131197884,singleton,0,110
2026-09-28T12:58:25,/works/W2795084735,singleton,0,110
2026-09-28T12:58:25,/works/W2571163991,singleton,0,110
2026-09-28T12:58:25,/works/W2068716315,singleton,0,110
2026-09-28T12:58:26,/works/W2157613170,singleton,0,110
2026-09-28T12:58:26,/works/W2617013346,singleton,0,110
2026-09-28T12:58:26,/works/W2123847103,singleton,0,110
2026-09-28T12:58:26,/works/W2169550147,singleton,0,110
2026-09-28T12:58:26,/works/W2058542788,singleton,0,110
2026-09-28T12:58:26,/works/W2060363221,singleton,0,110
2026-09-28T12:58:26,/works/W1904798212,singleton,0,110
2026-09-28T12:58:26,/works/W2120537572,singleton,0,110
2026-09-28T12:58:26,/works/W2133210841,singleton,0,110
2026-09-28T12:58:26,/works/W2171779564,singleton,0,110
2026-09-28T12:58:26,/works/W2078957945,singleton,0,110
2026-09-28T12:58:26,/works/W1537722663,singleton,0,110
2026-09-28T12:58:27,/works/W2156274112,singleton,0,110
2026-09-28T12:58:27,/works/W2131197884,singleton,0,110
2026-09-28T12:58:27,/works/W2341448827,singleton,0,110
2026-09-28T12:58:27,/works/W2120537572,singleton,0,110
2026-09-28T12:58:27,/works/W2182947755,singleton,0,110
2026-09-28T12:58:27,/works/W2143407189,singleton,0,110
2026-09-28T12:58:27,/works/W2617013346,singleton,0,110
2026-09-28T12:58:27,/works/W2169550147,singleton,0,110
2026-09-28T12:58:27,/works/W2150981436,singleton,0,110
2026-09-28T12:58:28,/works/W2171779564,singleton,0,110
2026-09-28T12:58:28,/works/W2133210841,singleton,0,110
2026-09-28T12:58:28,/works/W2182947755,singleton,0,110
2026-09-28T12:58:28,/works/W2185302665,singleton,0,110
2026-09-28T12:58:28,/works/W2126869857,singleton,0,110
2026-09-28T12:58:28,/works/W2617013346,singleton,0,110
2026-09-28T12:58:28,/works/W2120537572,singleton,0,110
2026-09-28T12:58:28,/works/W2005552746,singleton,0,110
2026-09-28T12:58:28,/works/W2156274112,singleton,0,110
2026-09-28T12:58:28,/works/W2187593240,singleton,0,110
2026-09-28T12:58:28,/works/W2122904300,singleton,0,110
2026-09-28T12:58:28,/works/W2169550147,singleton,0,110
2026-09-28T12:58:29,/works/W2037001149,singleton,0,110
2026-09-28T12:58:29,/works/W2185302665,singleton,0,110
2026-09-28T12:58:29,/works/W2109366873,singleton,0,110
2026-09-28T12:58:29,/works/W2182947755,singleton,0,110
2026-09-28T12:58:29,/works/W2617013346,singleton,0,110
2026-09-28T12:58:29,/works/W2154674313,singleton,0,110
2026-09-28T12:58:29,/works/W2149402509,singleton,0,110
2026-09-28T12:58:29,/works/W188658897,singleton,0,110
2026-09-28T12:58:29,/works/W2059179297,singleton,0,110
2026-09-28T12:58:29,/works/W2099937635,singleton,0,110
2026-09-28T12:58:29,/works/W2033716867,singleton,0,110
2026-09-28T12:58:29,/works/W2109366873,singleton,0,110
2026-09-28T12:58:29,/works/W1529595583,singleton,0,110
2026-09-28T12:58:30,/works/W2120537572,singleton,0,110
2026-09-28T12:58:30,/works/W2122904300,singleton,0,110
2026-09-28T12:58:30,/works/W2171257465,singleton,0,110
2026-09-28T12:58:30,/works/W2154674313,singleton,0,110
2026-09-28T12:58:30,/works/W1977834482,singleton,0,110
2026-09-28T12:58:30,/works/W2109366873,singleton,0,110
2026-09-28T12:58:30,/works/W2182947755,singleton,0,110
2026-09-28T12:58:30,/works/W2059179297,singleton,0,110
2026-09-28T12:58:31,/works/W2147258330,singleton,0,110
2026-09-28T12:58:31,/works/W1529595583,singleton,0,110
2026-09-28T12:58:31,/works/W2120537572,singleton,0,110
2026-09-28T12:58:31,/works/W2039261184,singleton,0,110
2026-09-28T12:58:31,/works/W2102941165,singleton,0,110
2026-09-28T12:58:31,/works/W2129954985,singleton,0,110
2026-09-28T12:58:31,/works/W2154674313,singleton,0,110
2026-09-28T12:58:31,/works/W2122904300,singleton,0,110
2026-09-28T12:58:31,/works/W2120537572,singleton,0,110
2026-09-28T12:58:32,/works/W2147258330,singleton,0,110
2026-09-28T12:58:32,/works/W2007382801,singleton,0,110
2026-09-28T12:58:32,/works/W2109366873,singleton,0,110
2026-09-28T12:58:32,/works/W1977834482,singleton,0,110
2026-09-28T12:58:32,/works/W1801365615,singleton,0,110
2026-09-28T12:58:32,/works/W2102941165,singleton,0,110
2026-09-28T12:58:32,/works/W2159367593,singleton,0,110
2026-09-28T12:58:32,/works/W1979377186,singleton,0,110
2026-09-28T12:58:32,/works/W2069632632,singleton,0,110
2026-09-28T12:58:32,/works/W2166754040,singleton,0,110
2026-09-28T12:58:32,/works/W2133337653,singleton,0,110
2026-09-28T12:58:33,/works/W2119849182,singleton,0,110
2026-09-28T12:58:33,/works/W2479333747,singleton,0,110
2026-09-28T12:58:33,/works/W2147258330,singleton,0,110
2026-09-28T12:58:33,/works/W2109366873,singleton,0,110
2026-09-28T12:58:33,/works/W1970634582,singleton,0,110
2026-09-28T12:58:33,/works/W2154674313,singleton,0,110
2026-09-28T12:58:33,/works/W1979377186,singleton,0,110
2026-09-28T12:58:33,/works/W2063476153,singleton,0,110
2026-09-28T12:58:33,/works/W2741004236,singleton,0,110
2026-09-28T12:58:33,/works/W1991386217,singleton,0,110
2026-09-28T12:58:33,/works/W2159870800,singleton,0,110
2026-09-28T12:58:33,/works/W2132803909,singleton,0,110
2026-09-28T12:58:33,/works/W2007382801,singleton,0,110
2026-09-28T12:58:33,/works/W1971850103,singleton,0,110
2026-09-28T12:58:33,/works/W2113390494,singleton,0,110
2026-09-28T12:58:33,/works/W2163168488,singleton,0,110
2026-09-28T12:58:34,/works/W2132803909,singleton,0,110
2026-09-28T12:58:34,/works/W2224067250,singleton,0,110
2026-09-28T12:58:34,/works/W2741004236,singleton,0,110
2026-09-28T12:58:34,/works/W2137600874,singleton,0,110
2026-09-28T12:58:34,/works/W2336142058,singleton,0,110
2026-09-28T12:58:34,/works/W1991386217,singleton,0,110
2026-09-28T12:58:34,/works/W182448906,singleton,0,110
2026-09-28T12:58:34,/works/W2113390494,singleton,0,110
2026-09-28T12:58:34,/works/W2131611355,singleton,0,110
2026-09-28T12:58:34,/works/W2154674313,singleton,0,110
2026-09-28T12:58:35,/works/W2159870800,singleton,0,110
2026-09-28T12:58:35,/works/W2001417854,singleton,0,110
2026-09-28T12:58:35,/works/W2741004236,singleton,0,110
2026-09-28T12:58:35,/works/W2482584396,singleton,0,110
2026-09-28T12:58:35,/works/W1971850103,singleton,0,110
2026-09-28T12:58:35,/works/W1979244084,singleton,0,110
2026-09-28T12:58:35,/works/W2010038965,singleton,0,110
2026-09-28T12:58:35,/works/W2131611355,singleton,0,110
2026-09-28T12:58:35,/works/W1987282699,singleton,0,110
2026-09-28T12:58:35,/works/W182448906,singleton,0,110
2026-09-28T12:58:35,/works/W2235162168,singleton,0,110
2026-09-28T12:58:36,/works/W2741004236,singleton,0,110
2026-09-28T12:58:36,/works/W1991386217,singleton,0,110
2026-09-28T12:58:36,/works/W2001417854,singleton,0,110
2026-09-28T12:58:36,/works/W2095710652,singleton,0,110
2026-09-28T12:58:36,/works/W2010038965,singleton,0,110
2026-09-28T12:58:36,/works/W182448906,singleton,0,110
2026-09-28T12:58:36,/works/W2052210411,singleton,0,110
2026-09-28T12:58:36,/works/W2122574398,singleton,0,110
2026-09-28T12:58:36,/works/W600994458,singleton,0,110
2026-09-28T12:58:37,/works/W1967736565,singleton,0,110
2026-09-28T12:58:37,/works/W1987282699,singleton,0,110
2026-09-28T12:58:37,/works/W2098097408,singleton,0,110
2026-09-28T12:58:37,/works/W2168191425,singleton,0,110
2026-09-28T12:58:37,/works/W2169263559,singleton,0,110
2026-09-28T12:58:37,/works/W2131611355,singleton,0,110
2026-09-28T12:58:37,/works/W2161250611,singleton,0,110
2026-09-28T12:58:37,/works/W2010038965,singleton,0,110
2026-09-28T12:58:37,/works/W1562651976,singleton,0,110
2026-09-28T12:58:38,/works/W2001417854,singleton,0,109
2026-09-28T12:58:38,/works/W1532131547,singleton,0,109
2026-09-28T12:58:38,/works/W2131611355,singleton,0,109
2026-09-28T12:58:38,/works/W1563192888,singleton,0,109
2026-09-28T12:58:38,/works/W1967736565,singleton,0,109
2026-09-28T12:58:38,/works/W600994458,singleton,0,109
2026-09-28T12:58:38,/works/W2169263559,singleton,0,109
2026-09-28T12:58:38,/works/W2611676693,singleton,0,109
2026-09-28T12:58:38,/works/W172414003,singleton,0,109
2026-09-28T12:58:38,/works/W2161250611,singleton,0,108
2026-09-28T12:58:38,/works/W1987282699,singleton,0,108
2026-09-28T12:58:39,/works/W2131611355,singleton,0,107
2026-09-28T12:58:39,/works/W2128532564,singleton,0,107
2026-09-28T12:58:39,/works/W2038016687,singleton,0,107
2026-09-28T12:58:39,/works/W1532131547,singleton,0,107
2026-09-28T12:58:39,/works/W1563192888,singleton,0,107
2026-09-28T12:58:39,/works/W2103143655,singleton,0,107
2026-09-28T12:58:39,/works/W2800208533,singleton,0,107
2026-09-28T12:58:39,/works/W2150918625,singleton,0,107
2026-09-28T12:58:39,/works/W2099043983,singleton,0,107
2026-09-28T12:58:40,/works/W2169263559,singleton,0,107
2026-09-28T12:58:40,/works/W2611676693,singleton,0,107
2026-09-28T12:58:40,/works/W2154172865,singleton,0,107
2026-09-28T12:58:40,/works/W172414003,singleton,0,107
2026-09-28T12:58:40,/works/W2547692450,singleton,0,107
2026-09-28T12:58:40,/works/W2149064870,singleton,0,107
2026-09-28T12:58:40,/works/W1532131547,singleton,0,106
2026-09-28T12:58:40,/works/W2186975993,singleton,0,106
2026-09-28T12:58:40,/works/W1964123947,singleton,0,106
2026-09-28T12:58:41,/works/W2103143655,singleton,0,105
2026-09-28T12:58:41,/works/W2611676693,singleton,0,105
2026-09-28T12:58:41,/works/W2800208533,singleton,0,105
2026-09-28T12:58:41,/works/W2037874264,singleton,0,105
2026-09-28T12:58:41,/works/W172414003,singleton,0,105
2026-09-28T12:58:41,/works/W2039012165,singleton,0,104
2026-09-28T12:58:41,/works/W2186975993,singleton,0,104
2026-09-28T12:58:41,/works/W2169263559,singleton,0,104
2026-09-28T12:58:41,/works/W1964123947,singleton,0,104
2026-09-28T12:58:41,/works/W1969114586,singleton,0,104
2026-09-28T12:58:41,/works/W2149064870,singleton,0,104
2026-09-28T12:58:41,/works/W2594001265,singleton,0,104
2026-09-28T12:58:42,/works/W2037874264,singleton,0,104
2026-09-28T12:58:42,/works/W1965790216,singleton,0,104
2026-09-28T12:58:42,/works/W172414003,singleton,0,104
2026-09-28T12:58:42,/works/W2164518268,singleton,0,104
2026-09-28T12:58:42,/works/W2800208533,singleton,0,104
2026-09-28T12:58:42,/works/W2099833804,singleton,0,104
2026-09-28T12:58:42,/works/W1969114586,singleton,0,104
2026-09-28T12:58:42,/works/W2186975993,singleton,0,104
2026-09-28T12:58:43,/works/W1964123947,singleton,0,103
2026-09-28T12:58:43,/works/W1965790216,singleton,0,103
2026-09-28T12:58:43,/works/W172414003,singleton,0,103
2026-09-28T12:58:43,/works/W2098685291,singleton,0,102
2026-09-28T12:58:43,/works/W2541627766,singleton,0,102
2026-09-28T12:58:43,/works/W2037874264,singleton,0,102
2026-09-28T12:58:43,/works/W2099833804,singleton,0,102
2026-09-28T12:58:43,/works/W1969114586,singleton,0,102
2026-09-28T12:58:43,/works/W1970683491,singleton,0,102
2026-09-28T12:58:43,/works/W3147036563,singleton,0,102
2026-09-28T12:58:43,/works/W2800208533,singleton,0,102
2026-09-28T12:58:43,/works/W2141002535,singleton,0,102
2026-09-28T12:58:43,/works/W2131690711,singleton,0,102
2026-09-28T12:58:44,/works/W67653528,singleton,0,102
2026-09-28T12:58:44,/works/W1996229352,singleton,0,102
2026-09-28T12:58:44,/works/W2401851849,singleton,0,102
2026-09-28T12:58:44,/works/W1965790216,singleton,0,102
2026-09-28T12:58:44,/works/W1970683491,singleton,0,102
2026-09-28T12:58:44,/works/W2147638058,singleton,0,102
2026-09-28T12:58:44,/works/W2097565997,singleton,0,102
2026-09-28T12:58:44,/works/W2138744734,singleton,0,102
2026-09-28T12:58:44,/works/W2594079865,singleton,0,102
2026-09-28T12:58:44,/works/W2186394810,singleton,0,101
2026-09-28T12:58:44,/works/W2037874264,singleton,0,101
2026-09-28T12:58:44,/works/W1619628499,singleton,0,101
2026-09-28T12:58:45,/works/W2131690711,singleton,0,100
2026-09-28T12:58:45,/works/W2099833804,singleton,0,100
2026-09-28T12:58:45,/works/W67653528,singleton,0,100
2026-09-28T12:58:45,/works/W1501952375,singleton,0,100
2026-09-28T12:58:45,/works/W1996832725,singleton,0,100
2026-09-28T12:58:45,/works/W2555655628,singleton,0,100
2026-09-28T12:58:45,/works/W2143360254,singleton,0,100
2026-09-28T12:58:45,/works/W2163033482,singleton,0,99
2026-09-28T12:58:45,/works/W2097565997,singleton,0,99
2026-09-28T12:58:45,/works/W67653528,singleton,0,99
2026-09-28T12:58:45,/works/W2594079865,singleton,0,99
2026-09-28T12:58:45,/works/W2119717865,singleton,0,99
2026-09-28T12:58:45,/works/W2146558208,singleton,0,99
2026-09-28T12:58:46,/works/W1619628499,singleton,0,99
2026-09-28T12:58:46,/works/W2140429239,singleton,0,99
2026-09-28T12:58:46,/works/W2146413297,singleton,0,99
2026-09-28T12:58:46,/works/W2012646717,singleton,0,99
2026-09-28T12:58:46,/works/W2555655628,singleton,0,99
2026-09-28T12:58:46,/works/W2131512181,singleton,0,99
2026-09-28T12:58:46,/works/W2130289245,singleton,0,99
2026-09-28T12:58:46,/works/W67653528,singleton,0,99
2026-09-28T12:58:46,/works/W1501952375,singleton,0,99
2026-09-28T12:58:47,/works/W2594079865,singleton,0,99
2026-09-28T12:58:47,/works/W2012646717,singleton,0,99
2026-09-28T12:58:47,/works/W2146558208,singleton,0,99
2026-09-28T12:58:48,/works/W2594079865,singleton,0,99
2026-09-28T12:58:49,/works/W2594079865,singleton,0,99
2026-09-28T12:58:49,/works/W2146558208,singleton,0,96
2026-09-28T12:58:49,/works/W2594079865,singleton,0,96
2026-09-28T12:59:07,/works/W2035855350,singleton,0,96
2026-09-28T12:59:07,/works/W2185024022,singleton,0,96
2026-09-28T12:59:07,/works/W2077413655,singleton,0,96
2026-09-28T12:59:07,/works/W68558506,singleton,0,96
2026-09-28T12:59:07,/works/W39599350,singleton,0,96
2026-09-28T12:59:07,/works/W2114777614,singleton,0,96
2026-09-28T12:59:07,/works/W1680261699,singleton,0,96
2026-09-28T12:59:07,/works/W2046087783,singleton,0,80
2026-09-28T12:59:08,/works/W2054987174,singleton,0,80
2026-09-28T12:59:08,/works/W2035855350,singleton,0,80
2026-09-28T12:59:08,/works/W1988262653,singleton,0,80
2026-09-28T12:59:08,/works/W2185024022,singleton,0,79
2026-09-28T12:59:08,/works/W1680261699,singleton,0,79
2026-09-28T12:59:09,/works/W2077413655,singleton,0,79
2026-09-28T12:59:09,/works/W68558506,singleton,0,79
2026-09-28T12:59:09,/works/W2114777614,singleton,0,79
2026-09-28T12:59:09,/works/W39599350,singleton,0,79
2026-09-28T12:59:09,/works/W2107135344,singleton,0,78
2026-09-28T12:59:09,/works/W2047491275,singleton,0,78
2026-09-28T12:59:09,/works/W2054987174,singleton,0,78
2026-09-28T12:59:09,/works/W2557890883,singleton,0,78
2026-09-28T12:59:09,/works/W2021210641,singleton,0,78
2026-09-28T12:59:09,/works/W2094726518,singleton,0,78
2026-09-28T12:59:09,/works/W2314498380,singleton,0,78
2026-09-28T12:59:09,/works/W1680261699,singleton,0,78
2026-09-28T12:59:09,/works/W39599350,singleton,0,78
2026-09-28T12:59:10,/works/W2023649321,singleton,0,78
2026-09-28T12:59:10,/works/W2036645664,singleton,0,78
2026-09-28T12:59:10,/works/W2114777614,singleton,0,78
2026-09-28T12:59:10,/works/W2089188511,singleton,0,78
2026-09-28T12:59:10,/works/W2046865015,singleton,0,77
2026-09-28T12:59:10,/works/W2100435940,singleton,0,77
2026-09-28T12:59:10,/works/W1988262653,singleton,0,77
2026-09-28T12:59:10,/works/W2150637975,singleton,0,77
2026-09-28T12:59:10,/works/W2021210641,singleton,0,77
2026-09-28T12:59:10,/works/W2317185422,singleton,0,77
2026-09-28T12:59:10,/works/W2023649321,singleton,0,77
2026-09-28T12:59:10,/works/W2047491275,singleton,0,77
2026-09-28T12:59:11,/works/W1570010077,singleton,0,77
2026-09-28T12:59:11,/works/W2102501738,singleton,0,77
2026-09-28T12:59:11,/works/W2075174410,singleton,0,77
2026-09-28T12:59:11,/works/W2036645664,singleton,0,77
2026-09-28T12:59:11,/works/W2021210641,singleton,0,77
2026-09-28T12:59:11,/works/W2114777614,singleton,0,77
2026-09-28T12:59:11,/works/W2023649321,singleton,0,77
2026-09-28T12:59:12,/works/W1594377833,singleton,0,77
2026-09-28T12:59:12,/works/W2100435940,singleton,0,77
2026-09-28T12:59:12,/works/W2102501738,singleton,0,77
2026-09-28T12:59:12,/works/W2005255233,singleton,0,77
2026-09-28T12:59:12,/works/W1742137610,singleton,0,77
2026-09-28T12:59:12,/works/W2054618794,singleton,0,77
2026-09-28T12:59:12,/works/W2070282739,singleton,0,77
2026-09-28T12:59:12,/works/W2075174410,singleton,0,77
2026-09-28T12:59:12,/works/W2047491275,singleton,0,77
2026-09-28T12:59:12,/works/W2036645664,singleton,0,77
2026-09-28T12:59:12,/works/W1988590071,singleton,0,77
2026-09-28T12:59:12,/works/W2142856976,singleton,0,77
2026-09-28T12:59:12,/works/W2165961479,singleton,0,77
2026-09-28T12:59:12,/works/W2414664007,singleton,0,77
2026-09-28T12:59:13,/works/W2124389570,singleton,0,77
2026-09-28T12:59:13,/works/W173304044,singleton,0,77
2026-09-28T12:59:13,/works/W2128881077,singleton,0,77
2026-09-28T12:59:13,/works/W2075174410,singleton,0,77
2026-09-28T12:59:13,/works/W1742137610,singleton,0,77
2026-09-28T12:59:13,/works/W2070282739,singleton,0,77
2026-09-28T12:59:13,/works/W2165961479,singleton,0,77
2026-09-28T12:59:13,/works/W2036645664,singleton,0,77
2026-09-28T12:59:13,/works/W1988590071,singleton,0,77
2026-09-28T12:59:14,/works/W2128881077,singleton,0,77
2026-09-28T12:59:14,/works/W173304044,singleton,0,77
2026-09-28T12:59:14,/works/W2075174410,singleton,0,77
2026-09-28T12:59:14,/works/W2036645664,singleton,0,75
2026-09-28T12:59:14,/works/W1988590071,singleton,0,75
2026-09-28T12:59:14,/works/W1580409653,singleton,0,75
2026-09-28T12:59:15,/works/W2070282739,singleton,0,74
2026-09-28T12:59:15,/works/W1742137610,singleton,0,74
2026-09-28T12:59:15,/works/W2075174410,singleton,0,74
2026-09-28T12:59:15,/works/W2165961479,singleton,0,74
2026-09-28T12:59:15,/works/W173304044,singleton,0,74
2026-09-28T12:59:15,/works/W1996470497,singleton,0,74
2026-09-28T12:59:15,/works/W2165205588,singleton,0,74
2026-09-28T12:59:15,/works/W2188072096,singleton,0,74
2026-09-28T12:59:15,/works/W1988590071,singleton,0,74
2026-09-28T12:59:15,/works/W2128881077,singleton,0,74
2026-09-28T12:59:15,/works/W2096187631,singleton,0,74
2026-09-28T12:59:16,/works/W2083810061,singleton,0,74
2026-09-28T12:59:16,/works/W1580409653,singleton,0,74
2026-09-28T12:59:16,/works/W2013127049,singleton,0,74
2026-09-28T12:59:16,/works/W2096129295,singleton,0,74
2026-09-28T12:59:16,/works/W2075174410,singleton,0,74
2026-09-28T12:59:16,/works/W2080244886,singleton,0,74
2026-09-28T12:59:16,/works/W2283841101,singleton,0,74
2026-09-28T12:59:16,/works/W2188072096,singleton,0,74
2026-09-28T12:59:16,/works/W1986385803,singleton,0,74
2026-09-28T12:59:16,/works/W2068342172,singleton,0,74
2026-09-28T12:59:16,/works/W2076767681,singleton,0,74
2026-09-28T12:59:17,/works/W2111255119,singleton,0,74
2026-09-28T12:59:17,/works/W173304044,singleton,0,74
2026-09-28T12:59:17,/works/W2075174410,singleton,0,74
2026-09-28T12:59:17,/works/W2188072096,singleton,0,74
2026-09-28T12:59:17,/works/W2080244886,singleton,0,74
2026-09-28T12:59:17,/works/W2013127049,singleton,0,74
2026-09-28T12:59:17,/works/W1580409653,singleton,0,74
2026-09-28T12:59:17,/works/W2314998369,singleton,0,74
2026-09-28T12:59:17,/works/W1989802471,singleton,0,74
2026-09-28T12:59:17,/works/W1751576414,singleton,0,74
2026-09-28T12:59:18,/works/W2010281491,singleton,0,74
2026-09-28T12:59:18,/works/W2075174410,singleton,0,74
2026-09-28T12:59:18,/works/W1994596034,singleton,0,74
2026-09-28T12:59:18,/works/W2111255119,singleton,0,74
2026-09-28T12:59:18,/works/W2076767681,singleton,0,74
2026-09-28T12:59:18,/works/W2028609515,singleton,0,74
2026-09-28T12:59:18,/works/W1580409653,singleton,0,74
2026-09-28T12:59:18,/works/W1965907118,singleton,0,74
2026-09-28T12:59:18,/works/W2111255119,singleton,0,74
2026-09-28T12:59:18,/works/W1948128474,singleton,0,74
2026-09-28T12:59:18,/works/W2013127049,singleton,0,74
2026-09-28T12:59:19,/works/W2075174410,singleton,0,74
2026-09-28T12:59:19,/works/W1973451465,singleton,0,74
2026-09-28T12:59:19,/works/W2314998369,singleton,0,74
2026-09-28T12:59:19,/works/W2060105212,singleton,0,74
2026-09-28T12:59:19,/works/W2032738210,singleton,0,74
2026-09-28T12:59:19,/works/W2122151642,singleton,0,74
2026-09-28T12:59:19,/works/W2010281491,singleton,0,74
2026-09-28T12:59:19,/works/W2028223895,singleton,0,74
2026-09-28T12:59:19,/works/W2138628984,singleton,0,74
2026-09-28T12:59:19,/works/W2552806095,singleton,0,74
2026-09-28T12:59:20,/works/W2010281491,singleton,0,74
2026-09-28T12:59:20,/works/W2060105212,singleton,0,74
2026-09-28T12:59:20,/works/W2547170770,singleton,0,74
2026-09-28T12:59:20,/works/W1965907118,singleton,0,74
2026-09-28T12:59:20,/works/W2075174410,singleton,0,74
2026-09-28T12:59:20,/works/W2111255119,singleton,0,73
2026-09-28T12:59:20,/works/W2122151642,singleton,0,73
2026-09-28T12:59:20,/works/W2061526115,singleton,0,73
2026-09-28T12:59:20,/works/W2003480873,singleton,0,73
2026-09-28T12:59:20,/works/W2138628984,singleton,0,73
2026-09-28T12:59:20,/works/W81305160,singleton,0,73
2026-09-28T12:59:20,/works/W2024730196,singleton,0,73
2026-09-28T12:59:21,/works/W2163783988,singleton,0,73
2026-09-28T12:59:21,/works/W2060105212,singleton,0,73
2026-09-28T12:59:21,/works/W1996448800,singleton,0,73
2026-09-28T12:59:21,/works/W2109821051,singleton,0,73
2026-09-28T12:59:21,/works/W2168091868,singleton,0,72
2026-09-28T12:59:21,/works/W2010281491,singleton,0,72
2026-09-28T12:59:21,/works/W1971128434,singleton,0,72
2026-09-28T12:59:21,/works/W2024730196,singleton,0,72
2026-09-28T12:59:21,/works/W2124497366,singleton,0,72
2026-09-28T12:59:21,/works/W2075174410,singleton,0,72
2026-09-28T12:59:22,/works/W2157378815,singleton,0,72
2026-09-28T12:59:22,/works/W2158284809,singleton,0,72
2026-09-28T12:59:22,/works/W1996448800,singleton,0,72
2026-09-28T12:59:22,/works/W2087299967,singleton,0,72
2026-09-28T12:59:22,/works/W2138628984,singleton,0,72
2026-09-28T12:59:22,/works/W2282747150,singleton,0,72
2026-09-28T12:59:22,/works/W2067966353,singleton,0,72
2026-09-28T12:59:22,/works/W1971128434,singleton,0,72
2026-09-28T12:59:22,/works/W81305160,singleton,0,72
2026-09-28T12:59:22,/works/W189472803,singleton,0,72
2026-09-28T12:59:22,/works/W2124497366,singleton,0,72
2026-09-28T12:59:22,/works/W2108205795,singleton,0,71
2026-09-28T12:59:23,/works/W2313130203,singleton,0,71
2026-09-28T12:59:23,/works/W1986225565,singleton,0,71
2026-09-28T12:59:23,/works/W2067966353,singleton,0,71
2026-09-28T12:59:23,/works/W1996448800,singleton,0,71
2026-09-28T12:59:23,/works/W2087299967,singleton,0,71
2026-09-28T12:59:23,/works/W2072866273,singleton,0,71
2026-09-28T12:59:24,/works/W2409577453,singleton,0,71
2026-09-28T12:59:24,/works/W1998804916,singleton,0,71
2026-09-28T12:59:24,/works/W1971128434,singleton,0,71
2026-09-28T12:59:24,/works/W81305160,singleton,0,71
2026-09-28T12:59:24,/works/W2124497366,singleton,0,71
2026-09-28T12:59:24,/works/W6083548,singleton,0,71
2026-09-28T12:59:24,/works/W189472803,singleton,0,71
2026-09-28T12:59:24,/works/W2340528116,singleton,0,71
2026-09-28T12:59:24,/works/W2290059433,singleton,0,71
2026-09-28T12:59:24,/works/W1996448800,singleton,0,71
2026-09-28T12:59:24,/works/W3024955425,singleton,0,71
2026-09-28T12:59:24,/works/W1971128434,singleton,0,71
2026-09-28T12:59:24,/works/W2038093291,singleton,0,71
2026-09-28T12:59:24,/works/W1998804916,singleton,0,71
2026-09-28T12:59:24,/works/W2063050964,singleton,0,71
2026-09-28T12:59:25,/works/W2106963009,singleton,0,71
2026-09-28T12:59:25,/works/W2154925725,singleton,0,71
2026-09-28T12:59:25,/works/W81305160,singleton,0,71
2026-09-28T12:59:25,/works/W2033182589,singleton,0,71
2026-09-28T12:59:25,/works/W1778225020,singleton,0,71
2026-09-28T12:59:25,/works/W2014939325,singleton,0,71
2026-09-28T12:59:25,/works/W2124497366,singleton,0,71
2026-09-28T12:59:25,/works/W1998804916,singleton,0,71
2026-09-28T12:59:25,/works/W1971128434,singleton,0,71
2026-09-28T12:59:26,/works/W2154925725,singleton,0,71
2026-09-28T12:59:26,/works/W2290059433,singleton,0,71
2026-09-28T12:59:26,/works/W1991035834,singleton,0,71
2026-09-28T12:59:26,/works/W2063050964,singleton,0,71
2026-09-28T12:59:26,/works/W2129477887,singleton,0,71
2026-09-28T12:59:26,/works/W2033182589,singleton,0,71
2026-09-28T12:59:26,/works/W2124497366,singleton,0,71
2026-09-28T12:59:27,/works/W2014939325,singleton,0,71
2026-09-28T12:59:27,/works/W2290059433,singleton,0,71
2026-09-28T12:59:27,/works/W2154925725,singleton,0,71
2026-09-28T12:59:27,/works/W1998804916,singleton,0,71
2026-09-28T12:59:27,/works/W1991035834,singleton,0,71
2026-09-28T12:59:27,/works/W2046153219,singleton,0,71
2026-09-28T12:59:27,/works/W1976321786,singleton,0,71
2026-09-28T12:59:27,/works/W2005816114,singleton,0,71
2026-09-28T12:59:27,/works/W2106669266,singleton,0,71
2026-09-28T12:59:27,/works/W2049545999,singleton,0,71
2026-09-28T12:59:27,/works/W60060920,singleton,0,71
2026-09-28T12:59:27,/works/W2003098261,singleton,0,71
2026-09-28T12:59:27,/works/W2129477887,singleton,0,71
2026-09-28T12:59:28,/works/W2142654940,singleton,0,71
2026-09-28T12:59:28,/works/W2014898084,singleton,0,71
2026-09-28T12:59:28,/works/W2033182589,singleton,0,71
2026-09-28T12:59:28,/works/W2154925725,singleton,0,71
2026-09-28T12:59:28,/works/W1998804916,singleton,0,71
2026-09-28T12:59:28,/works/W2106669266,singleton,0,71
2026-09-28T12:59:28,/works/W2129477887,singleton,0,71
2026-09-28T12:59:28,/works/W2153467394,singleton,0,71
2026-09-28T12:59:28,/works/W2118095376,singleton,0,71
2026-09-28T12:59:28,/works/W2142654940,singleton,0,71
2026-09-28T12:59:29,/works/W2491920687,singleton,0,71
2026-09-28T12:59:29,/works/W2049545999,singleton,0,71
2026-09-28T12:59:29,/works/W1993985133,singleton,0,71
2026-09-28T12:59:29,/works/W2129477887,singleton,0,71
2026-09-28T12:59:29,/works/W2014898084,singleton,0,71
2026-09-28T12:59:29,/works/W2547279489,singleton,0,71
2026-09-28T12:59:29,/works/W1979390334,singleton,0,71
2026-09-28T12:59:29,/works/W2040557955,singleton,0,71
2026-09-28T12:59:29,/works/W2118095376,singleton,0,71
2026-09-28T12:59:30,/works/W2154925725,singleton,0,71
2026-09-28T12:59:30,/works/W2106669266,singleton,0,71
2026-09-28T12:59:30,/works/W2110084508,singleton,0,71
2026-09-28T12:59:30,/works/W2142654940,singleton,0,71
2026-09-28T12:59:30,/works/W2029690367,singleton,0,71
2026-09-28T12:59:30,/works/W2112662877,singleton,0,71
2026-09-28T12:59:30,/works/W2141860572,singleton,0,71
2026-09-28T12:59:30,/works/W1516842837,singleton,0,71
2026-09-28T12:59:30,/works/W1984598192,singleton,0,71
2026-09-28T12:59:30,/works/W1979390334,singleton,0,71
2026-09-28T12:59:30,/works/W1984254199,singleton,0,71
2026-09-28T12:59:30,/works/W2547279489,singleton,0,71
2026-09-28T12:59:31,/works/W1993985133,singleton,0,71
2026-09-28T12:59:31,/works/W2040557955,singleton,0,71
2026-09-28T12:59:31,/works/W2137405016,singleton,0,71
2026-09-28T12:59:31,/works/W2110084508,singleton,0,71
2026-09-28T12:59:31,/works/W1992465134,singleton,0,71
2026-09-28T12:59:31,/works/W1979390334,singleton,0,71
2026-09-28T12:59:31,/works/W2155419451,singleton,0,71
2026-09-28T12:59:32,/works/W2141860572,singleton,0,71
2026-09-28T12:59:32,/works/W1984254199,singleton,0,70
2026-09-28T12:59:32,/works/W2547279489,singleton,0,70
2026-09-28T12:59:32,/works/W2040557955,singleton,0,70
2026-09-28T12:59:32,/works/W1993985133,singleton,0,70
2026-09-28T12:59:32,/works/W2027267903,singleton,0,70
2026-09-28T12:59:32,/works/W2058073283,singleton,0,69
2026-09-28T12:59:32,/works/W1979390334,singleton,0,69
2026-09-28T12:59:32,/works/W2155419451,singleton,0,69
2026-09-28T12:59:33,/works/W1811686761,singleton,0,69
2026-09-28T12:59:33,/works/W1992465134,singleton,0,69
2026-09-28T12:59:33,/works/W2155419451,singleton,0,69
2026-09-28T12:59:33,/works/W2040557955,singleton,0,68
2026-09-28T12:59:33,/works/W1993985133,singleton,0,68
2026-09-28T12:59:33,/works/W2141860572,singleton,0,68
2026-09-28T12:59:34,/works/W1992465134,singleton,0,68
2026-09-28T12:59:34,/works/W2102227361,singleton,0,68
2026-09-28T12:59:34,/works/W2412819751,singleton,0,68
2026-09-28T12:59:34,/works/W2027267903,singleton,0,68
2026-09-28T12:59:34,/works/W1979390334,singleton,0,68
2026-09-28T12:59:34,/works/W2082692795,singleton,0,68
2026-09-28T12:59:34,/works/W1811686761,singleton,0,68
2026-09-28T12:59:34,/works/W626266605,singleton,0,68
2026-09-28T12:59:34,/works/W2021049636,singleton,0,68
2026-09-28T12:59:34,/works/W2119028504,singleton,0,68
2026-09-28T12:59:34,/works/W2024412799,singleton,0,68
2026-09-28T12:59:34,/works/W2030391811,singleton,0,68
2026-09-28T12:59:34,/works/W1997676498,singleton,0,68
2026-09-28T12:59:35,/works/W2102227361,singleton,0,68
2026-09-28T12:59:35,/works/W2153007670,singleton,0,68
2026-09-28T12:59:35,/works/W2155419451,singleton,0,68
2026-09-28T12:59:35,/works/W1965991969,singleton,0,68
2026-09-28T12:59:35,/works/W2098197617,singleton,0,68
2026-09-28T12:59:35,/works/W2030463798,singleton,0,68
2026-09-28T12:59:35,/works/W2159053049,singleton,0,68
2026-09-28T12:59:35,/works/W2141860572,singleton,0,68
2026-09-28T12:59:35,/works/W2128640899,singleton,0,68
2026-09-28T12:59:35,/works/W2005059662,singleton,0,68
2026-09-28T12:59:35,/works/W2000629254,singleton,0,68
2026-09-28T12:59:35,/works/W1980022472,singleton,0,68
2026-09-28T12:59:35,/works/W2325232278,singleton,0,68
2026-09-28T12:59:35,/works/W2302439254,singleton,0,68
2026-09-28T12:59:35,/works/W2963994971,singleton,0,68
2026-09-28T12:59:35,/works/W2008505131,singleton,0,68
2026-09-28T13:00:24,/works/W1976149758,singleton,0,68
2026-09-28T13:00:24,/works/W2039816251,singleton,0,68
2026-09-28T13:00:24,/works/W2516826773,singleton,0,68
2026-09-28T13:00:24,/works/W2034926804,singleton,0,68
2026-09-28T13:00:24,/works/W1965249710,singleton,0,68
2026-09-28T13:00:24,/works/W2128983843,singleton,0,11
2026-09-28T13:00:24,/works/W2164207455,singleton,0,11
2026-09-28T13:00:24,/works/W2164875406,singleton,0,11
2026-09-28T13:00:24,/works/W2071288910,singleton,0,11
2026-09-28T13:00:24,/works/W2126504590,singleton,0,11
2026-09-28T13:00:24,/works/W2004005417,singleton,0,11
2026-09-28T13:00:25,/works/W2516826773,singleton,0,11
2026-09-28T13:00:25,/works/W2010040849,singleton,0,11
2026-09-28T13:00:25,/works/W2071288910,singleton,0,11
2026-09-28T13:00:25,/works/W2034926804,singleton,0,11
2026-09-28T13:00:25,/works/W1976149758,singleton,0,11
2026-09-28T13:00:25,/works/W2051911149,singleton,0,11
2026-09-28T13:00:25,/works/W2157811434,singleton,0,11
2026-09-28T13:00:25,/works/W2122450025,singleton,0,11
2026-09-28T13:00:25,/works/W2039816251,singleton,0,11
2026-09-28T13:00:26,/works/W2141831115,singleton,0,11
2026-09-28T13:00:26,/works/W1965249710,singleton,0,11
2026-09-28T13:00:26,/works/W2126504590,singleton,0,11
2026-09-28T13:00:26,/works/W2071288910,singleton,0,11
2026-09-28T13:00:26,/works/W2066464349,singleton,0,11
2026-09-28T13:00:26,/works/W2516826773,singleton,0,11
2026-09-28T13:00:26,/works/W2972581214,singleton,0,11
2026-09-28T13:00:26,/works/W2039816251,singleton,0,11
2026-09-28T13:00:26,/works/W2004289411,singleton,0,8
2026-09-28T13:00:26,/works/W2126504590,singleton,0,8
2026-09-28T13:00:26,/works/W2008833309,singleton,0,8
2026-09-28T13:00:27,/works/W2157811434,singleton,0,8
2026-09-28T13:00:27,/works/W1598218754,singleton,0,8
2026-09-28T13:00:27,/works/W2091045467,singleton,0,8
2026-09-28T13:00:27,/works/W2516826773,singleton,0,8
2026-09-28T13:00:27,/works/W2078750917,singleton,0,8
2026-09-28T13:00:27,/works/W2066464349,singleton,0,8
2026-09-28T13:00:27,/works/W2146648170,singleton,0,8
2026-09-28T13:00:27,/works/W2150337216,singleton,0,8
2026-09-28T13:00:27,/works/W2071288910,singleton,0,8
2026-09-28T13:00:27,/works/W2058360143,singleton,0,8
2026-09-28T13:00:27,/works/W2184416402,singleton,0,8
2026-09-28T13:00:28,/works/W2039816251,singleton,0,8
2026-09-28T13:00:28,/works/W2008833309,singleton,0,8
2026-09-28T13:00:28,/works/W1598218754,singleton,0,8
2026-09-28T13:00:28,/works/W2087665763,singleton,0,8
2026-09-28T13:00:28,/works/W2066464349,singleton,0,8
2026-09-28T13:00:28,/works/W23361264,singleton,0,8
2026-09-28T13:00:28,/works/W2150337216,singleton,0,8
2026-09-28T13:00:28,/works/W2071288910,singleton,0,8
2026-09-28T13:00:29,/works/W2146648170,singleton,0,8
2026-09-28T13:00:29,/works/W2164450428,singleton,0,8
2026-09-28T13:00:29,/works/W2039816251,singleton,0,8
2026-09-28T13:00:29,/works/W2184416402,singleton,0,8
2026-09-28T13:00:29,/works/W2150337216,singleton,0,8
2026-09-28T13:00:30,/works/W2033550428,singleton,0,8
2026-09-28T13:00:30,/works/W2087665763,singleton,0,8
2026-09-28T13:00:30,/works/W2071288910,singleton,0,8
2026-09-28T13:00:30,/works/W2066464349,singleton,0,8
2026-09-28T13:00:30,/works/W2146648170,singleton,0,8
2026-09-28T13:00:30,/works/W2117613120,singleton,0,8
2026-09-28T13:00:30,/works/W2067374373,singleton,0,8
2026-09-28T13:00:30,/works/W1988791583,singleton,0,8
2026-09-28T13:00:30,/works/W2164450428,singleton,0,8
2026-09-28T13:00:30,/works/W2039816251,singleton,0,8
2026-09-28T13:00:30,/works/W2096465161,singleton,0,8
2026-09-28T13:00:30,/works/W2087665763,singleton,0,8
2026-09-28T13:00:30,/works/W2394715589,singleton,0,8
2026-09-28T13:00:31,/works/W2121316093,singleton,0,8
2026-09-28T13:00:31,/works/W2184416402,singleton,0,7
2026-09-28T13:00:31,/works/W2045555669,singleton,0,7
2026-09-28T13:00:31,/works/W2107116149,singleton,0,6
2026-09-28T13:00:31,/works/W2071288910,singleton,0,6
2026-09-28T13:00:31,/works/W2069104338,singleton,0,6
2026-09-28T13:00:31,/works/W127939359,singleton,0,6
2026-09-28T13:00:31,/works/W2163584103,singleton,0,6
2026-09-28T13:00:31,/works/W2121316093,singleton,0,6
2026-09-28T13:00:31,/works/W1988791583,singleton,0,6
2026-09-28T13:00:32,/works/W2096465161,singleton,0,6
2026-09-28T13:00:32,/works/W2087665763,singleton,0,6
2026-09-28T13:00:32,/works/W2128371193,singleton,0,6
2026-09-28T13:00:32,/works/W2549169593,singleton,0,6
2026-09-28T13:00:32,/works/W2065337281,singleton,0,6
2026-09-28T13:00:32,/works/W2394715589,singleton,0,6
2026-09-28T13:00:32,/works/W2161611988,singleton,0,6
2026-09-28T13:00:32,/works/W2108012214,singleton,0,6
2026-09-28T13:00:32,/works/W2016430576,singleton,0,6
2026-09-28T13:00:32,/works/W2071288910,singleton,0,6
2026-09-28T13:00:32,/works/W2163584103,singleton,0,6
2026-09-28T13:00:33,/works/W127939359,singleton,0,6
2026-09-28T13:00:33,/works/W192704702,singleton,0,6
2026-09-28T13:00:33,/works/W2067746378,singleton,0,6
2026-09-28T13:00:33,/works/W128679105,singleton,0,6
2026-09-28T13:00:33,/works/W2065337281,singleton,0,6
2026-09-28T13:00:33,/works/W2166881940,singleton,0,6
2026-09-28T13:00:33,/works/W2087616533,singleton,0,6
2026-09-28T13:00:33,/works/W2159438136,singleton,0,6
2026-09-28T13:00:33,/works/W2096465161,singleton,0,6
2026-09-28T13:00:33,/works/W2158403894,singleton,0,6
2026-09-28T13:00:33,/works/W1967738780,singleton,0,6
2026-09-28T13:00:33,/works/W2016430576,singleton,0,6
2026-09-28T13:00:34,/works/W2108264419,singleton,0,6
2026-09-28T13:00:34,/works/W2055431298,singleton,0,6
2026-09-28T13:00:34,/works/W2066727466,singleton,0,6
2026-09-28T13:00:34,/works/W2161611988,singleton,0,6
2026-09-28T13:00:34,/works/W2067746378,singleton,0,6
2026-09-28T13:00:34,/works/W2138093837,singleton,0,6
2026-09-28T13:00:34,/works/W2111989422,singleton,0,6
2026-09-28T13:00:34,/works/W2166881940,singleton,0,6
2026-09-28T13:00:34,/works/W2108264419,singleton,0,6
2026-09-28T13:00:35,/works/W2016430576,singleton,0,6
2026-09-28T13:00:35,/works/W2018898333,singleton,0,6
2026-09-28T13:00:35,/works/W2055431298,singleton,0,6
2026-09-28T13:00:35,/works/W2111989422,singleton,0,6
2026-09-28T13:00:35,/works/W2096858457,singleton,0,6
2026-09-28T13:00:35,/works/W2161611988,singleton,0,6
2026-09-28T13:00:35,/works/W2119196991,singleton,0,6
2026-09-28T13:00:35,/works/W2138093837,singleton,0,6
2026-09-28T13:00:35,/works/W1976364879,singleton,0,6
2026-09-28T13:00:36,/works/W1978027852,singleton,0,6
2026-09-28T13:00:36,/works/W2108264419,singleton,0,6
2026-09-28T13:00:36,/works/W2096858457,singleton,0,6
2026-09-28T13:00:36,/works/W2055431298,singleton,0,6
2026-09-28T13:00:36,/works/W2016430576,singleton,0,6
2026-09-28T13:00:36,/works/W1975701938,singleton,0,6
2026-09-28T13:00:36,/works/W2132244857,singleton,0,6
2026-09-28T13:00:36,/works/W1978027852,singleton,0,6
2026-09-28T13:00:37,/works/W2157399331,singleton,0,6
2026-09-28T13:00:37,/works/W1976364879,singleton,0,6
2026-09-28T13:00:37,/works/W2096858457,singleton,0,6
2026-09-28T13:00:37,/works/W2138093837,singleton,0,6
2026-09-28T13:00:37,/works/W2132244857,singleton,0,6
2026-09-28T13:00:37,/works/W2055431298,singleton,0,6
2026-09-28T13:00:37,/works/W2312893705,singleton,0,6
2026-09-28T13:00:37,/works/W2160858975,singleton,0,6
2026-09-28T13:00:37,/works/W2069139855,singleton,0,6
2026-09-28T13:00:37,/works/W2001725823,singleton,0,6
2026-09-28T13:00:38,/works/W2107454957,singleton,0,6
2026-09-28T13:00:38,/works/W2097702406,singleton,0,6
2026-09-28T13:00:38,/works/W2157399331,singleton,0,6
2026-09-28T13:00:38,/works/W2146573461,singleton,0,6
2026-09-28T13:00:38,/works/W2096858457,singleton,0,6
2026-09-28T13:00:38,/works/W1978027852,singleton,0,6
2026-09-28T13:00:38,/works/W2165721509,singleton,0,6
2026-09-28T13:00:38,/works/W2185221155,singleton,0,6
2026-09-28T13:00:38,/works/W2073470997,singleton,0,6
2026-09-28T13:00:38,/works/W2001725823,singleton,0,6
2026-09-28T13:00:39,/works/W2097702406,singleton,0,5
2026-09-28T13:00:39,/works/W1978027852,singleton,0,5
2026-09-28T13:00:39,/works/W2148677447,singleton,0,5
2026-09-28T13:00:39,/works/W2185221155,singleton,0,5
2026-09-28T13:00:39,/works/W2069139855,singleton,0,5
2026-09-28T13:00:39,/works/W2169541749,singleton,0,5
2026-09-28T13:00:39,/works/W2096858457,singleton,0,5
2026-09-28T13:00:39,/works/W2107454957,singleton,0,5
2026-09-28T13:00:39,/works/W2233319040,singleton,0,5
2026-09-28T13:00:40,/works/W2059878940,singleton,0,5
2026-09-28T13:00:40,/works/W2002383039,singleton,0,5
2026-09-28T13:00:40,/works/W2021168471,singleton,0,5
2026-09-28T13:00:40,/works/W2073470997,singleton,0,5
2026-09-28T13:00:40,/works/W2148677447,singleton,0,5
2026-09-28T13:00:40,/works/W2001725823,singleton,0,5
2026-09-28T13:00:40,/works/W2100779682,singleton,0,5
2026-09-28T13:00:40,/works/W2035111432,singleton,0,5
2026-09-28T13:00:40,/works/W2108727475,singleton,0,5
2026-09-28T13:00:40,/works/W2171975260,singleton,0,5
2026-09-28T13:00:40,/works/W2002383039,singleton,0,5
2026-09-28T13:00:40,/works/W2013427110,singleton,0,5
2026-09-28T13:00:40,/works/W2105349784,singleton,0,5
2026-09-28T13:00:40,/works/W2096858457,singleton,0,5
2026-09-28T13:00:41,/works/W2169541749,singleton,0,5
2026-09-28T13:00:41,/works/W2111444241,singleton,0,5
2026-09-28T13:00:41,/works/W2164598986,singleton,0,5
2026-09-28T13:00:41,/works/W2100779682,singleton,0,5
2026-09-28T13:00:41,/works/W2071271349,singleton,0,5
2026-09-28T13:00:41,/works/W2006556963,singleton,0,5
2026-09-28T13:00:41,/works/W2001725823,singleton,0,5
2026-09-28T13:00:41,/works/W2169541749,singleton,0,5
2026-09-28T13:00:41,/works/W2047143175,singleton,0,5
2026-09-28T13:00:42,/works/W2002383039,singleton,0,5
2026-09-28T13:00:42,/works/W2096858457,singleton,0,5
2026-09-28T13:00:42,/works/W2052308608,singleton,0,5
2026-09-28T13:00:42,/works/W2100779682,singleton,0,5
2026-09-28T13:00:42,/works/W2105349784,singleton,0,5
2026-09-28T13:00:42,/works/W2071271349,singleton,0,5
2026-09-28T13:00:42,/works/W2148750389,singleton,0,5
2026-09-28T13:00:42,/works/W2077583635,singleton,0,5
2026-09-28T13:00:42,/works/W2035365585,singleton,0,5
2026-09-28T13:00:42,/works/W2436819699,singleton,0,5
2026-09-28T13:00:43,/works/W2148870450,singleton,0,5
2026-09-28T13:00:43,/works/W2038720191,singleton,0,5
2026-09-28T13:00:43,/works/W2001725823,singleton,0,5
2026-09-28T13:00:43,/works/W2100779682,singleton,0,5
2026-09-28T13:00:43,/works/W2047143175,singleton,0,5
2026-09-28T13:00:43,/works/W2169541749,singleton,0,5
2026-09-28T13:00:43,/works/W1986922422,singleton,0,5
2026-09-28T13:00:43,/works/W2148750389,singleton,0,5
2026-09-28T13:00:44,/works/W2035365585,singleton,0,5
2026-09-28T13:00:44,/works/W2148870450,singleton,0,5
2026-09-28T13:00:44,/works/W2038720191,singleton,0,5
2026-09-28T13:00:44,/works/W2169541749,singleton,0,5
2026-09-28T13:00:44,/works/W2035365585,singleton,0,5
2026-09-28T13:00:44,/works/W2001725823,singleton,0,5
2026-09-28T13:00:44,/works/W1986922422,singleton,0,5
2026-09-28T13:00:45,/works/W2047143175,singleton,0,5
2026-09-28T13:00:45,/works/W2148750389,singleton,0,5
2026-09-28T13:00:46,/works/W1986922422,singleton,0,5
2026-09-28T13:00:46,/works/W2001725823,singleton,0,5
2026-09-28T13:00:46,/works/W2148750389,singleton,0,5
2026-09-28T13:00:47,/works/W2001725823,singleton,0,5
2026-09-28T13:00:50,/works/W2237039211,singleton,0,5
2026-09-28T13:00:50,/works/W2132682806,singleton,0,5
2026-09-28T13:00:50,/works/W1978002649,singleton,0,5
2026-09-28T13:00:50,/works/W2072526811,singleton,0,5
2026-09-28T13:00:50,/works/W1979035226,singleton,0,5
2026-09-28T13:00:50,/works/W2044008242,singleton,0,5
2026-09-28T13:00:50,/works/W2141446977,singleton,0,5
2026-09-28T13:00:51,/works/W2106920456,singleton,0,0
2026-09-28T13:00:51,/works/W2140513990,singleton,0,0
2026-09-28T13:00:51,/works/W1979035226,singleton,0,0
2026-09-28T13:00:51,/works/W2072526811,singleton,0,0
2026-09-28T13:00:52,/works/W2141446977,singleton,0,0
2026-09-28T13:00:52,/works/W2127483170,singleton,0,0
2026-09-28T13:00:52,/works/W2237039211,singleton,0,0
2026-09-28T13:00:52,/works/W1978002649,singleton,0,0
2026-09-28T13:00:52,/works/W2092160215,singleton,0,0
2026-09-28T13:00:52,/works/W2154587590,singleton,0,0
2026-09-28T13:00:52,/works/W2044008242,singleton,0,0
2026-09-28T13:00:52,/works/W2132682806,singleton,0,0
2026-09-28T13:00:52,/works/W2140513990,singleton,0,0
2026-09-28T13:00:52,/works/W2007326142,singleton,0,0
2026-09-28T13:00:52,/works/W2072526811,singleton,0,0
2026-09-28T13:00:53,/works/W2105031386,singleton,0,0
2026-09-28T13:00:53,/works/W2154587590,singleton,0,0
2026-09-28T13:00:53,/works/W1978002649,singleton,0,0
2026-09-28T13:00:53,/works/W2044008242,singleton,0,0
2026-09-28T13:00:53,/works/W2127483170,singleton,0,0
2026-09-28T13:00:53,/works/W2127652668,singleton,0,0
2026-09-28T13:00:53,/works/W2007065171,singleton,0,0
2026-09-28T13:00:53,/works/W2092160215,singleton,0,0
2026-09-28T13:00:54,/works/W2157108841,singleton,0,0
2026-09-28T13:00:54,/works/W2044008242,singleton,0,0
2026-09-28T13:00:54,/works/W2140513990,singleton,0,0
2026-09-28T13:00:54,/works/W2127652668,singleton,0,0
2026-09-28T13:00:54,/works/W2007326142,singleton,0,0
2026-09-28T13:00:54,/works/W2154587590,singleton,0,0
2026-09-28T13:00:54,/works/W2007065171,singleton,0,0
2026-09-28T13:00:54,/works/W2105031386,singleton,0,0
2026-09-28T13:00:54,/works/W2126609820,singleton,0,0
2026-09-28T13:00:55,/works/W2157108841,singleton,0,0
2026-09-28T13:00:55,/works/W2007326142,singleton,0,0
2026-09-28T13:00:55,/works/W2127652668,singleton,0,0
2026-09-28T13:00:55,/works/W2074916731,singleton,0,0
2026-09-28T13:00:55,/works/W2044008242,singleton,0,0
2026-09-28T13:00:55,/works/W2140513990,singleton,0,0
2026-09-28T13:00:55,/works/W2126609820,singleton,0,0
2026-09-28T13:00:55,/works/W2007065171,singleton,0,0
2026-09-28T13:00:56,/works/W2007842741,singleton,0,0
2026-09-28T13:00:56,/works/W2157108841,singleton,0,0
2026-09-28T13:00:56,/works/W2105031386,singleton,0,0
2026-09-28T13:00:56,/works/W38705648,singleton,0,0
2026-09-28T13:00:56,/works/W32475719,singleton,0,0
2026-09-28T13:00:56,/works/W2127652668,singleton,0,0
2026-09-28T13:00:56,/works/W2036528679,singleton,0,0
2026-09-28T13:00:57,/works/W2007842741,singleton,0,0
2026-09-28T13:00:57,/works/W2007065171,singleton,0,0
2026-09-28T13:00:57,/works/W1984397718,singleton,0,0
2026-09-28T13:00:57,/works/W38705648,singleton,0,0
2026-09-28T13:00:57,/works/W2126609820,singleton,0,0
2026-09-28T13:00:57,/works/W2139449514,singleton,0,0
2026-09-28T13:00:57,/works/W32475719,singleton,0,0
2026-09-28T13:00:57,/works/W2099084108,singleton,0,0
2026-09-28T13:00:57,/works/W205395698,singleton,0,0
2026-09-28T13:00:57,/works/W2105031386,singleton,0,0
2026-09-28T13:00:57,/works/W2157108841,singleton,0,0
2026-09-28T13:00:57,/works/W1993723077,singleton,0,0
2026-09-28T13:00:58,/works/W2138107646,singleton,0,0
2026-09-28T13:00:58,/works/W2007065171,singleton,0,0
2026-09-28T13:00:58,/works/W2139449514,singleton,0,0
2026-09-28T13:00:58,/works/W1980895750,singleton,0,0
2026-09-28T13:00:58,/works/W2099084108,singleton,0,0
2026-09-28T13:00:58,/works/W2102280073,singleton,0,0
2026-09-28T13:00:58,/works/W1984397718,singleton,0,0
2026-09-28T13:00:58,/works/W2057203166,singleton,0,0
2026-09-28T13:00:58,/works/W2026350621,singleton,0,0
2026-09-28T13:00:58,/works/W2072579699,singleton,0,0
2026-09-28T13:00:58,/works/W32475719,singleton,0,0
2026-09-28T13:00:58,/works/W1969823216,singleton,0,0
2026-09-28T13:00:59,/works/W2077864684,singleton,0,0
2026-09-28T13:00:59,/works/W2057203166,singleton,0,0
2026-09-28T13:00:59,/works/W2022767678,singleton,0,0
2026-09-28T13:00:59,/works/W2062573153,singleton,0,0
2026-09-28T13:00:59,/works/W2139449514,singleton,0,0
2026-09-28T13:00:59,/works/W2031330093,singleton,0,0
2026-09-28T13:00:59,/works/W2089977716,singleton,0,0
2026-09-28T13:00:59,/works/W1993723077,singleton,0,0
2026-09-28T13:00:59,/works/W1980895750,singleton,0,0
2026-09-28T13:00:59,/works/W2032983681,singleton,0,0
2026-09-28T13:00:59,/works/W1964550779,singleton,0,0
2026-09-28T13:00:59,/works/W2057203166,singleton,0,0
2026-09-28T13:01:00,/works/W32475719,singleton,0,0
2026-09-28T13:01:00,/works/W2022767678,singleton,0,0
2026-09-28T13:01:00,/works/W2156191126,singleton,0,0
2026-09-28T13:01:00,/works/W2025827248,singleton,0,0
2026-09-28T13:01:00,/works/W2089977716,singleton,0,0
2026-09-28T13:01:01,/works/W1964550779,singleton,0,0
2026-09-28T13:01:01,/works/W2057203166,singleton,0,0
2026-09-28T13:01:01,/works/W1990916340,singleton,0,0
2026-09-28T13:01:01,/works/W2032983681,singleton,0,0
2026-09-28T13:01:01,/works/W1980895750,singleton,0,0
2026-09-28T13:01:01,/works/W1993723077,singleton,0,0
2026-09-28T13:01:01,/works/W2087019732,singleton,0,0
2026-09-28T13:01:01,/works/W1977642285,singleton,0,0
2026-09-28T13:01:01,/works/W2012506738,singleton,0,0
2026-09-28T13:01:01,/works/W2083434423,singleton,0,0
2026-09-28T13:01:01,/works/W2089977716,singleton,0,0
2026-09-28T13:01:01,/works/W2171723578,singleton,0,0
2026-09-28T13:01:01,/works/W2025827248,singleton,0,0
2026-09-28T13:01:02,/works/W2087019732,singleton,0,0
2026-09-28T13:01:02,/works/W2108979163,singleton,0,0
2026-09-28T13:01:02,/works/W2044784487,singleton,0,0
2026-09-28T13:01:02,/works/W1980895750,singleton,0,0
2026-09-28T13:01:02,/works/W2108456985,singleton,0,0
2026-09-28T13:01:02,/works/W2032983681,singleton,0,0
2026-09-28T13:01:02,/works/W2135243105,singleton,0,0
2026-09-28T13:01:02,/works/W2171723578,singleton,0,0
2026-09-28T13:01:02,/works/W1977642285,singleton,0,0
2026-09-28T13:01:02,/works/W1981549228,singleton,0,0
2026-09-28T13:01:02,/works/W1968701665,singleton,0,0
2026-09-28T13:01:03,/works/W2087019732,singleton,0,0
2026-09-28T13:01:03,/works/W2089977716,singleton,0,0
2026-09-28T13:01:03,/works/W2108456985,singleton,0,0
2026-09-28T13:01:03,/works/W2056605533,singleton,0,0
2026-09-28T13:01:03,/works/W2058768220,singleton,0,0
2026-09-28T13:01:03,/works/W1977642285,singleton,0,0
2026-09-28T13:01:03,/works/W2152390180,singleton,0,0
2026-09-28T13:01:03,/works/W2044784487,singleton,0,0
2026-09-28T13:01:03,/works/W2147832872,singleton,0,0
2026-09-28T13:01:03,/works/W1985834536,singleton,0,0
2026-09-28T13:01:03,/works/W2132037233,singleton,0,0
2026-09-28T13:01:03,/works/W2111862114,singleton,0,0
2026-09-28T13:01:03,/works/W1968132748,singleton,0,0
2026-09-28T13:01:04,/works/W1998949081,singleton,0,0
2026-09-28T13:01:04,/works/W2140925956,singleton,0,0
2026-09-28T13:01:04,/works/W2044784487,singleton,0,0
2026-09-28T13:01:04,/works/W2171723578,singleton,0,0
2026-09-28T13:01:04,/works/W1981549228,singleton,0,0
2026-09-28T13:01:04,/works/W1977642285,singleton,0,0
2026-09-28T13:01:04,/works/W1999673859,singleton,0,0
2026-09-28T13:01:04,/works/W2007107430,singleton,0,0
2026-09-28T13:01:05,/works/W1990931780,singleton,0,0
2026-09-28T13:01:05,/works/W1991782854,singleton,0,0
2026-09-28T13:01:05,/works/W2044784487,singleton,0,0
2026-09-28T13:01:05,/works/W2140925956,singleton,0,0
2026-09-28T13:01:05,/works/W2147832872,singleton,0,0
2026-09-28T13:01:05,/works/W2111862114,singleton,0,0
2026-09-28T13:01:05,/works/W1989366576,singleton,0,0
2026-09-28T13:01:05,/works/W1998949081,singleton,0,0
2026-09-28T13:01:05,/works/W2091457094,singleton,0,0
2026-09-28T13:01:05,/works/W2016894072,singleton,0,0
2026-09-28T13:01:05,/works/W2017339350,singleton,0,0
2026-09-28T13:01:05,/works/W2005789183,singleton,0,0
2026-09-28T13:01:05,/works/W1981549228,singleton,0,0
2026-09-28T13:01:05,/works/W1995557989,singleton,0,0
2026-09-28T13:01:06,/works/W2157657345,singleton,0,0
2026-09-28T13:01:06,/works/W2037073367,singleton,0,0
2026-09-28T13:01:06,/works/W2111862114,singleton,0,0
2026-09-28T13:01:06,/works/W131159275,singleton,0,0
2026-09-28T13:01:06,/works/W2044784487,singleton,0,0
2026-09-28T13:01:06,/works/W2956033437,singleton,0,0
2026-09-28T13:01:06,/works/W2167084689,singleton,0,0
2026-09-28T13:01:06,/works/W2005723902,singleton,0,0
2026-09-28T13:01:06,/works/W1998949081,singleton,0,0
2026-09-28T13:01:07,/works/W131159275,singleton,0,0
2026-09-28T13:01:07,/works/W2113032400,singleton,0,0
2026-09-28T13:01:07,/works/W2111862114,singleton,0,0
2026-09-28T13:01:07,/works/W1981549228,singleton,0,0
2026-09-28T13:01:07,/works/W2956033437,singleton,0,0
2026-09-28T13:01:07,/works/W2005789183,singleton,0,0
2026-09-28T13:01:07,/works/W2005154363,singleton,0,0
2026-09-28T13:01:07,/works/W2044784487,singleton,0,0
2026-09-28T13:01:07,/works/W2130585961,singleton,0,0
2026-09-28T13:01:07,/works/W2153704476,singleton,0,0
2026-09-28T13:01:07,/works/W2102646072,singleton,0,0
2026-09-28T13:01:07,/works/W131159275,singleton,0,0
2026-09-28T13:01:07,/works/W2170147877,singleton,0,0
2026-09-28T13:01:08,/works/W1998949081,singleton,0,0
2026-09-28T13:01:08,/works/W2153704476,singleton,0,0
2026-09-28T13:01:08,/works/W2005154363,singleton,0,0
2026-09-28T13:01:08,/works/W2130585961,singleton,0,0
2026-09-28T13:01:09,/works/W2111862114,singleton,0,0
2026-09-28T13:01:09,/works/W131159275,singleton,0,0
2026-09-28T13:01:09,/works/W1998949081,singleton,0,0
2026-09-28T13:01:11,/works/W131159275,singleton,0,0
2026-09-28T13:01:38,/works/W2940371917,singleton,0,0
2026-09-28T13:01:38,/works/W1652307766,singleton,0,0
2026-09-28T13:01:38,/works/W2097877238,singleton,0,0
2026-09-28T13:01:38,/works/W589973803,singleton,0,0
2026-09-28T13:01:38,/works/W2079521993,singleton,0,0
2026-09-28T13:01:38,/works/W2072578821,singleton,0,0
2026-09-28T13:01:38,/works/W184242794,singleton,0,0
2026-09-28T13:01:38,/works/W1523602405,singleton,0,0
2026-09-28T13:01:38,/works/W2016986556,singleton,0,0
2026-09-28T13:01:38,/works/W2031767611,singleton,0,0
2026-09-28T13:01:38,/works/W589973803,singleton,0,0
2026-09-28T13:01:38,/works/W2079521993,singleton,0,0
2026-09-28T13:01:38,/works/W2072578821,singleton,0,0
2026-09-28T13:01:38,/works/W2097877238,singleton,0,0
2026-09-28T13:01:39,/works/W2103673731,singleton,0,0
2026-09-28T13:01:39,/works/W2172297579,singleton,0,0
2026-09-28T13:01:39,/works/W2940371917,singleton,0,0
2026-09-28T13:01:39,/works/doi:10.1002/asi.21027,singleton,0,0
2026-09-28T13:01:39,/works/W2537822588,singleton,0,0
2026-09-28T13:01:39,/works/W1652307766,singleton,0,0
2026-09-28T13:01:39,/works/W2546240130,singleton,0,0
2026-09-28T13:01:39,/works/W1568483663,singleton,0,0
2026-09-28T13:01:39,/works/W2016986556,singleton,0,0
2026-09-28T13:01:39,/works/W2070416686,singleton,0,0
2026-09-28T13:01:39,/works/W2097877238,singleton,0,0
2026-09-28T13:01:40,/works/W1521437912,singleton,0,0
2026-09-28T13:01:40,/works/W2467268905,singleton,0,0
2026-09-28T13:01:40,/works/W2172297579,singleton,0,0
2026-09-28T13:01:40,/works/W2079521993,singleton,0,0
2026-09-28T13:01:40,/works/W1595935965,singleton,0,0
2026-09-28T13:01:40,/works/W1652307766,singleton,0,0
2026-09-28T13:01:40,/works/W2546240130,singleton,0,0
2026-09-28T13:01:40,/works/W2097877238,singleton,0,0
2026-09-28T13:01:40,/works/W2467268905,singleton,0,0
2026-09-28T13:01:41,/works/W1568483663,singleton,0,0
2026-09-28T13:01:41,/works/W2168293469,singleton,0,0
2026-09-28T13:01:41,/works/doi:10.1609/icwsm.v3i1.13956,singleton,0,0
2026-09-28T13:01:41,/works/W1513751675,singleton,0,0
2026-09-28T13:01:41,/works/W2157585953,singleton,0,0
2026-09-28T13:01:41,/works/W1521437912,singleton,0,0
2026-09-28T13:01:41,/works/W1652307766,singleton,0,0
2026-09-28T13:01:41,/works/W2079521993,singleton,0,0
2026-09-28T13:01:41,/works/W2147928061,singleton,0,0
2026-09-28T13:01:41,/works/W2004617640,singleton,0,0
2026-09-28T13:01:41,/works/W2113456235,singleton,0,0
2026-09-28T13:01:41,/works/W2467268905,singleton,0,0
2026-09-28T13:01:41,/works/W2106881987,singleton,0,0
2026-09-28T13:01:41,/works/W2052820291,singleton,0,0
2026-09-28T13:01:41,/works/W2076471352,singleton,0,0
2026-09-28T13:01:42,/works/W2946112361,singleton,0,0
2026-09-28T13:01:42,/works/W1790534405,singleton,0,0
2026-09-28T13:01:42,/works/W2053923813,singleton,0,0
2026-09-28T13:01:42,/works/W1508683831,singleton,0,0
2026-09-28T13:01:42,/works/W2039909568,singleton,0,0
2026-09-28T13:01:42,/works/W1521437912,singleton,0,0
2026-09-28T13:01:42,/works/W2185696517,singleton,0,0
2026-09-28T13:01:42,/works/W1652307766,singleton,0,0
2026-09-28T13:01:42,/works/W2120759258,singleton,0,0
2026-09-28T13:01:42,/works/W1964066675,singleton,0,0
2026-09-28T13:01:43,/works/W2157585953,singleton,0,0
2026-09-28T13:01:43,/works/W163652158,singleton,0,0
2026-09-28T13:01:43,/works/W2053923813,singleton,0,0
2026-09-28T13:01:43,/works/W2467268905,singleton,0,0
2026-09-28T13:01:43,/works/W2077125160,singleton,0,0
2026-09-28T13:01:43,/works/W252744697,singleton,0,0
2026-09-28T13:01:43,/works/W1600365623,singleton,0,0
2026-09-28T13:01:43,/works/W2126863010,singleton,0,0
2026-09-28T13:01:43,/works/W2188677975,singleton,0,0
2026-09-28T13:01:43,/works/W2033617619,singleton,0,0
2026-09-28T13:01:43,/works/W1790534405,singleton,0,0
2026-09-28T13:01:43,/works/W53780991,singleton,0,0
2026-09-28T13:01:43,/works/W1964066675,singleton,0,0
2026-09-28T13:01:43,/works/W2120759258,singleton,0,0
2026-09-28T13:01:43,/works/W2467268905,singleton,0,0
2026-09-28T13:01:44,/works/W2188677975,singleton,0,0
2026-09-28T13:01:44,/works/W2120759258,singleton,0,0
2026-09-28T13:01:45,/works/W1600365623,singleton,0,0
2026-09-28T13:01:45,/works/W1941909288,singleton,0,0
2026-09-28T13:01:45,/works/W1964066675,singleton,0,0
2026-09-28T13:01:45,/works/W53780991,singleton,0,0
2026-09-28T13:01:45,/works/W2033617619,singleton,0,0
2026-09-28T13:01:45,/works/W1790534405,singleton,0,0
2026-09-28T13:01:45,/works/W2028850368,singleton,0,0
2026-09-28T13:01:45,/works/W2467268905,singleton,0,0
2026-09-28T13:01:45,/works/W1969530793,singleton,0,0
2026-09-28T13:01:45,/works/W206130459,singleton,0,0
2026-09-28T13:01:45,/works/W22002791,singleton,0,0
2026-09-28T13:01:45,/works/W2065138396,singleton,0,0
2026-09-28T13:01:45,/works/W2166209253,singleton,0,0
2026-09-28T13:01:45,/works/W53780991,singleton,0,0
2026-09-28T13:01:46,/works/W1941909288,singleton,0,0
2026-09-28T13:01:46,/works/W1964066675,singleton,0,0
2026-09-28T13:01:46,/works/W2102943624,singleton,0,0
2026-09-28T13:01:46,/works/W2495103281,singleton,0,0
2026-09-28T13:01:46,/works/W2467268905,singleton,0,0
2026-09-28T13:01:46,/works/W2033617619,singleton,0,0
2026-09-28T13:01:46,/works/W114551649,singleton,0,0
2026-09-28T13:01:46,/works/W2492524338,singleton,0,0
2026-09-28T13:01:46,/works/W2166209253,singleton,0,0
2026-09-28T13:01:46,/works/W2407596874,singleton,0,0
2026-09-28T13:01:46,/works/W206130459,singleton,0,0
2026-09-28T13:01:47,/works/W2158138919,singleton,0,0
2026-09-28T13:01:47,/works/W1964066675,singleton,0,0
2026-09-28T13:01:47,/works/W53780991,singleton,0,0
2026-09-28T13:01:47,/works/W2495103281,singleton,0,0
2026-09-28T13:01:47,/works/W2183818545,singleton,0,0
2026-09-28T13:01:47,/works/W2033617619,singleton,0,0
2026-09-28T13:01:47,/works/W2152019382,singleton,0,0
2026-09-28T13:01:48,/works/W2166209253,singleton,0,0
2026-09-28T13:01:48,/works/W1576667197,singleton,0,0
2026-09-28T13:01:48,/works/W2049496870,singleton,0,0
2026-09-28T13:01:48,/works/W2492524338,singleton,0,0
2026-09-28T13:01:48,/works/W2158138919,singleton,0,0
2026-09-28T13:01:48,/works/W148281080,singleton,0,0
2026-09-28T13:01:48,/works/W2030341292,singleton,0,0
2026-09-28T13:01:48,/works/W2161258050,singleton,0,0
2026-09-28T13:01:48,/works/W2407596874,singleton,0,0
2026-09-28T13:01:48,/works/W2033617619,singleton,0,0
2026-09-28T13:01:48,/works/W1964066675,singleton,0,0
2026-09-28T13:01:48,/works/W2008977065,singleton,0,0
2026-09-28T13:01:48,/works/W2892578197,singleton,0,0
2026-09-28T13:01:48,/works/W1815188677,singleton,0,0
2026-09-28T13:01:49,/works/W1880487828,singleton,0,0
2026-09-28T13:01:49,/works/W2096076027,singleton,0,0
2026-09-28T13:01:49,/works/W2601297385,singleton,0,0
2026-09-28T13:01:49,/works/W1576667197,singleton,0,0
2026-09-28T13:01:49,/works/W2104005173,singleton,0,0
2026-09-28T13:01:49,/works/W2033617619,singleton,0,0
2026-09-28T13:01:49,/works/W148281080,singleton,0,0
2026-09-28T13:01:49,/works/W1964066675,singleton,0,0
2026-09-28T13:01:50,/works/W2892578197,singleton,0,0
2026-09-28T13:01:50,/works/W2030341292,singleton,0,0
2026-09-28T13:01:50,/works/W1533814746,singleton,0,0
2026-09-28T13:01:50,/works/W2114737886,singleton,0,0
2026-09-28T13:01:50,/works/W2104005173,singleton,0,0
2026-09-28T13:01:50,/works/W148281080,singleton,0,0
2026-09-28T13:01:50,/works/W2601297385,singleton,0,0
2026-09-28T13:01:50,/works/W2096076027,singleton,0,0
2026-09-28T13:01:50,/works/W2033617619,singleton,0,0
2026-09-28T13:01:51,/works/W2892578197,singleton,0,0
2026-09-28T13:01:51,/works/W1533814746,singleton,0,0
2026-09-28T13:01:51,/works/W148281080,singleton,0,0
2026-09-28T13:01:51,/works/W2104005173,singleton,0,0
2026-09-28T13:01:51,/works/W2114737886,singleton,0,0
2026-09-28T13:01:51,/works/W2102482576,singleton,0,0
2026-09-28T13:01:51,/works/W2033617619,singleton,0,0
2026-09-28T13:01:52,/works/W2601297385,singleton,0,0
2026-09-28T13:01:52,/works/W2096076027,singleton,0,0
2026-09-28T13:01:52,/works/W2892578197,singleton,0,0
2026-09-28T13:01:52,/works/W2070614186,singleton,0,0
2026-09-28T13:01:52,/works/W1576127080,singleton,0,0
2026-09-28T13:01:52,/works/W2242889355,singleton,0,0
2026-09-28T13:01:52,/works/W2053662907,singleton,0,0
2026-09-28T13:01:52,/works/W2739585126,singleton,0,0
2026-09-28T13:01:52,/works/W2104005173,singleton,0,0
2026-09-28T13:01:52,/works/W2601297385,singleton,0,0
2026-09-28T13:01:53,/works/W1533814746,singleton,0,0
2026-09-28T13:01:53,/works/W2114737886,singleton,0,0
2026-09-28T13:01:53,/works/W2072854267,singleton,0,0
2026-09-28T13:01:53,/works/W2115989739,singleton,0,0
2026-09-28T13:01:53,/works/W2096076027,singleton,0,0
2026-09-28T13:01:53,/works/W2205135260,singleton,0,0
2026-09-28T13:01:53,/works/W1545910737,singleton,0,0
2026-09-28T13:01:53,/works/W1576127080,singleton,0,0
2026-09-28T13:01:53,/works/W2739585126,singleton,0,0
2026-09-28T13:01:53,/works/W2150826728,singleton,0,0
2026-09-28T13:01:53,/works/W2070523499,singleton,0,0
2026-09-28T13:01:54,/works/doi:10.1002/asi.21271,singleton,0,0
2026-09-28T13:01:54,/works/W2601297385,singleton,0,0
2026-09-28T13:01:54,/works/W2022224113,singleton,0,0
2026-09-28T13:01:54,/works/W2104005173,singleton,0,0
2026-09-28T13:01:54,/works/W1544037588,singleton,0,0
2026-09-28T13:01:54,/works/W2059475787,singleton,0,0
2026-09-28T13:01:54,/works/W2155608449,singleton,0,0
2026-09-28T13:01:54,/works/W2049319105,singleton,0,0
2026-09-28T13:01:54,/works/W2115989739,singleton,0,0
2026-09-28T13:01:54,/works/W2022224113,singleton,0,0
2026-09-28T13:01:54,/works/W1576127080,singleton,0,0
2026-09-28T13:01:54,/works/W2096076027,singleton,0,0
2026-09-28T13:01:55,/works/W2164232018,singleton,0,0
2026-09-28T13:01:55,/works/W1544037588,singleton,0,0
2026-09-28T13:01:55,/works/W2150826728,singleton,0,0
2026-09-28T13:01:55,/works/W2577110279,singleton,0,0
2026-09-28T13:01:55,/works/W2022224113,singleton,0,0
2026-09-28T13:01:55,/works/W2155608449,singleton,0,0
2026-09-28T13:01:55,/works/W2123924945,singleton,0,0
2026-09-28T13:01:55,/works/W2397052775,singleton,0,0
2026-09-28T13:01:56,/works/W1538375368,singleton,0,0
2026-09-28T13:01:56,/works/W2128923332,singleton,0,0
2026-09-28T13:01:56,/works/W1576127080,singleton,0,0
2026-09-28T13:01:56,/works/W2049319105,singleton,0,0
2026-09-28T13:01:56,/works/W2096076027,singleton,0,0
2026-09-28T13:01:56,/works/W1775987594,singleton,0,0
2026-09-28T13:01:56,/works/W1544037588,singleton,0,0
2026-09-28T13:01:57,/works/W2128923332,singleton,0,0
2026-09-28T13:01:57,/works/W2022224113,singleton,0,0
2026-09-28T13:01:57,/works/W95250333,singleton,0,0
2026-09-28T13:01:57,/works/W2155608449,singleton,0,0
2026-09-28T13:01:57,/works/W1538375368,singleton,0,0
2026-09-28T13:01:57,/works/W2096076027,singleton,0,0
2026-09-28T13:01:57,/works/W2049319105,singleton,0,0
2026-09-28T13:01:58,/works/W1775987594,singleton,0,0
2026-09-28T13:01:58,/works/W2128923332,singleton,0,0
2026-09-28T13:01:58,/works/W2049319105,singleton,0,0
2026-09-28T13:01:58,/works/W2022224113,singleton,0,0
2026-09-28T13:01:59,/works/W2096076027,singleton,0,0
2026-09-28T13:01:59,/works/W2049319105,singleton,0,0
2026-09-28T13:02:00,/works/W2096076027,singleton,0,0
2026-09-28T13:02:04,/works/W1555590497,singleton,0,0
2026-09-28T13:02:04,/works/W2969508185,singleton,0,0
2026-09-28T13:02:04,/works/W2034328637,singleton,0,0
2026-09-28T13:02:04,/works/W1953414567,singleton,0,0
2026-09-28T13:02:04,/works/W2128509366,singleton,0,0
2026-09-28T13:02:04,/works/W2027578508,singleton,0,0
2026-09-28T13:02:04,/works/W2740708276,singleton,0,0
2026-09-28T13:02:04,/works/W2027945000,singleton,0,0
2026-09-28T13:02:05,/works/W2034328637,singleton,0,0
2026-09-28T13:02:05,/works/W2027578508,singleton,0,0
2026-09-28T13:02:05,/works/W2969508185,singleton,0,0
2026-09-28T13:02:05,/works/W1555590497,singleton,0,0
2026-09-28T13:02:05,/works/W1953414567,singleton,0,0
2026-09-28T13:02:05,/works/W2154633872,singleton,0,0
2026-09-28T13:02:05,/works/W2027945000,singleton,0,0
2026-09-28T13:02:05,/works/W16753900,singleton,0,0
2026-09-28T13:02:05,/works/W2182535970,singleton,0,0
2026-09-28T13:02:05,/works/W2740708276,singleton,0,0
2026-09-28T13:02:05,/works/W2953255126,singleton,0,0
2026-09-28T13:02:05,/works/W2128509366,singleton,0,0
2026-09-28T13:02:06,/works/W2171122589,singleton,0,0
2026-09-28T13:02:06,/works/W1975216314,singleton,0,0
2026-09-28T13:02:06,/works/W2034328637,singleton,0,0
2026-09-28T13:02:06,/works/W2027945000,singleton,0,0
2026-09-28T13:02:06,/works/W16753900,singleton,0,0
2026-09-28T13:02:06,/works/W2026079830,singleton,0,0
2026-09-28T13:02:06,/works/W2114805142,singleton,0,0
2026-09-28T13:02:06,/works/W2154633872,singleton,0,0
2026-09-28T13:02:07,/works/W2034328637,singleton,0,0
2026-09-28T13:02:07,/works/W2182535970,singleton,0,0
2026-09-28T13:02:07,/works/W2104941420,singleton,0,0
2026-09-28T13:02:07,/works/W888722837,singleton,0,0
2026-09-28T13:02:07,/works/W2171122589,singleton,0,0
2026-09-28T13:02:07,/works/W1975216314,singleton,0,0
2026-09-28T13:02:07,/works/W2027945000,singleton,0,0
2026-09-28T13:02:07,/works/W16753900,singleton,0,0
2026-09-28T13:02:08,/works/W2072361216,singleton,0,0
2026-09-28T13:02:08,/works/W1545071130,singleton,0,0
2026-09-28T13:02:08,/works/W2104941420,singleton,0,0
2026-09-28T13:02:08,/works/W1976441184,singleton,0,0
2026-09-28T13:02:08,/works/W2182535970,singleton,0,0
2026-09-28T13:02:08,/works/W2039880822,singleton,0,0
2026-09-28T13:02:08,/works/W2154633872,singleton,0,0
2026-09-28T13:02:08,/works/W2563030187,singleton,0,0
2026-09-28T13:02:08,/works/W2609247413,singleton,0,0
2026-09-28T13:02:09,/works/W2151460097,singleton,0,0
2026-09-28T13:02:09,/works/W888722837,singleton,0,0
2026-09-28T13:02:09,/works/W1975216314,singleton,0,0
2026-09-28T13:02:09,/works/W16753900,singleton,0,0
2026-09-28T13:02:09,/works/W2887732075,singleton,0,0
2026-09-28T13:02:09,/works/W2037163406,singleton,0,0
2026-09-28T13:02:09,/works/W2104941420,singleton,0,0
2026-09-28T13:02:09,/works/W1976441184,singleton,0,0
2026-09-28T13:02:09,/works/W2005857046,singleton,0,0
2026-09-28T13:02:09,/works/W2158808422,singleton,0,0
2026-09-28T13:02:09,/works/W2154633872,singleton,0,0
2026-09-28T13:02:09,/works/W2018994057,singleton,0,0
2026-09-28T13:02:10,/works/W2069211250,singleton,0,0
2026-09-28T13:02:10,/works/W2089441778,singleton,0,0
2026-09-28T13:02:10,/works/W2151460097,singleton,0,0
2026-09-28T13:02:10,/works/W2609247413,singleton,0,0
2026-09-28T13:02:10,/works/W2130912501,singleton,0,0
2026-09-28T13:02:10,/works/W2189499398,singleton,0,0
2026-09-28T13:02:10,/works/W1896682458,singleton,0,0
2026-09-28T13:02:10,/works/W2037163406,singleton,0,0
2026-09-28T13:02:10,/works/W2887732075,singleton,0,0
2026-09-28T13:02:10,/works/W2012691181,singleton,0,0
2026-09-28T13:02:11,/works/W2146416600,singleton,0,0
2026-09-28T13:02:11,/works/W2159310376,singleton,0,0
2026-09-28T13:02:11,/works/W2069211250,singleton,0,0
2026-09-28T13:02:11,/works/W2018994057,singleton,0,0
2026-09-28T13:02:11,/works/W1541952899,singleton,0,0
2026-09-28T13:02:11,/works/W2158808422,singleton,0,0
2026-09-28T13:02:11,/works/W2036228067,singleton,0,0
2026-09-28T13:02:11,/works/W2003979723,singleton,0,0
2026-09-28T13:02:11,/works/W2189499398,singleton,0,0
2026-09-28T13:02:11,/works/W2159310376,singleton,0,0
2026-09-28T13:02:12,/works/W1996386294,singleton,0,0
2026-09-28T13:02:12,/works/W2146416600,singleton,0,0
2026-09-28T13:02:12,/works/W1990214677,singleton,0,0
2026-09-28T13:02:12,/works/W2012691181,singleton,0,0
2026-09-28T13:02:12,/works/W2018994057,singleton,0,0
2026-09-28T13:02:12,/works/W2128527454,singleton,0,0
2026-09-28T13:02:12,/works/W2003979723,singleton,0,0
2026-09-28T13:02:12,/works/W2036228067,singleton,0,0
2026-09-28T13:02:12,/works/W1541952899,singleton,0,0
2026-09-28T13:02:12,/works/W1996386294,singleton,0,0
2026-09-28T13:02:12,/works/W2099435024,singleton,0,0
2026-09-28T13:02:13,/works/W2159310376,singleton,0,0
2026-09-28T13:02:13,/works/W2038819846,singleton,0,0
2026-09-28T13:02:13,/works/W2083401658,singleton,0,0
2026-09-28T13:02:13,/works/W2036228067,singleton,0,0
2026-09-28T13:02:13,/works/W2128527454,singleton,0,0
2026-09-28T13:02:13,/works/W2099435024,singleton,0,0
2026-09-28T13:02:13,/works/W1990214677,singleton,0,0
2026-09-28T13:02:14,/works/W1541952899,singleton,0,0
2026-09-28T13:02:14,/works/W2003979723,singleton,0,0
2026-09-28T13:02:14,/works/doi:10.1177/117693430700300010,singleton,0,0
2026-09-28T13:02:14,/works/W2083401658,singleton,0,0
2026-09-28T13:02:14,/works/W2036228067,singleton,0,0
2026-09-28T13:02:14,/works/W2038819846,singleton,0,0
2026-09-28T13:02:14,/works/W2121806138,singleton,0,0
2026-09-28T13:02:14,/works/W1541952899,singleton,0,0
2026-09-28T13:02:14,/works/W2132207273,singleton,0,0
2026-09-28T13:02:14,/works/W2003979723,singleton,0,0
2026-09-28T13:02:14,/works/W1990214677,singleton,0,0
2026-09-28T13:02:15,/works/doi:10.1177/117693430700300010,singleton,0,0
2026-09-28T13:02:15,/works/W2099435024,singleton,0,0
2026-09-28T13:02:15,/works/W2083401658,singleton,0,0
2026-09-28T13:02:15,/works/W2089303426,singleton,0,0
2026-09-28T13:02:16,/works/W2046847085,singleton,0,0
2026-09-28T13:02:16,/works/doi:10.1177/117693430700300010,singleton,0,0
2026-09-28T13:02:16,/works/W1541952899,singleton,0,0
2026-09-28T13:02:16,/works/W1990214677,singleton,0,0
2026-09-28T13:02:16,/works/W2121806138,singleton,0,0
2026-09-28T13:02:16,/works/W2003979723,singleton,0,0
2026-09-28T13:02:16,/works/W2083401658,singleton,0,0
2026-09-28T13:02:16,/works/W2022598590,singleton,0,0
2026-09-28T13:02:16,/works/W2099435024,singleton,0,0
2026-09-28T13:02:16,/works/W2107536713,singleton,0,0
2026-09-28T13:02:16,/works/W2114750734,singleton,0,0
2026-09-28T13:02:16,/works/W2104694288,singleton,0,0
2026-09-28T13:02:16,/works/W2021939881,singleton,0,0
2026-09-28T13:02:17,/works/W23352207,singleton,0,0
2026-09-28T13:02:17,/works/W2051266530,singleton,0,0
2026-09-28T13:02:17,/works/W2046847085,singleton,0,0
2026-09-28T13:02:17,/works/W1988487669,singleton,0,0
2026-09-28T13:02:17,/works/W2111497213,singleton,0,0
2026-09-28T13:02:17,/works/W2121893739,singleton,0,0
2026-09-28T13:02:17,/works/W3643977,singleton,0,0
2026-09-28T13:02:17,/works/W2083401658,singleton,0,0
2026-09-28T13:02:17,/works/W2107536713,singleton,0,0
2026-09-28T13:02:17,/works/W179363957,singleton,0,0
2026-09-28T13:02:17,/works/W1979364434,singleton,0,0
2026-09-28T13:02:17,/works/W1541952899,singleton,0,0
2026-09-28T13:02:17,/works/W2111687551,singleton,0,0
2026-09-28T13:02:17,/works/W2051266530,singleton,0,0
2026-09-28T13:02:18,/works/W1945728093,singleton,0,0
2026-09-28T13:02:18,/works/W2108283074,singleton,0,0
2026-09-28T13:02:18,/works/W2107536713,singleton,0,0
2026-09-28T13:02:18,/works/W2067665814,singleton,0,0
2026-09-28T13:02:18,/works/W1988487669,singleton,0,0
2026-09-28T13:02:18,/works/W1979364434,singleton,0,0
2026-09-28T13:02:18,/works/W179363957,singleton,0,0
2026-09-28T13:02:18,/works/W2940869806,singleton,0,0
2026-09-28T13:02:18,/works/W2154967412,singleton,0,0
2026-09-28T13:02:19,/works/W2051266530,singleton,0,0
2026-09-28T13:02:19,/works/W2057993765,singleton,0,0
2026-09-28T13:02:19,/works/W2189130937,singleton,0,0
2026-09-28T13:02:19,/works/W2111687551,singleton,0,0
2026-09-28T13:02:19,/works/W2170771823,singleton,0,0
2026-09-28T13:02:19,/works/W2107536713,singleton,0,0
2026-09-28T13:02:19,/works/W1991208990,singleton,0,0
2026-09-28T13:02:19,/works/W2108283074,singleton,0,0
2026-09-28T13:02:19,/works/W2143258942,singleton,0,0
2026-09-28T13:02:20,/works/W179363957,singleton,0,0
2026-09-28T13:02:20,/works/W1979364434,singleton,0,0
2026-09-28T13:02:20,/works/W2132883218,singleton,0,0
2026-09-28T13:02:20,/works/W2170771823,singleton,0,0
2026-09-28T13:02:20,/works/W2334111811,singleton,0,0
2026-09-28T13:02:20,/works/W2134061908,singleton,0,0
2026-09-28T13:02:20,/works/W2073936141,singleton,0,0
2026-09-28T13:02:20,/works/W2129064518,singleton,0,0
2026-09-28T13:02:20,/works/W2143020120,singleton,0,0
2026-09-28T13:02:20,/works/W2051266530,singleton,0,0
2026-09-28T13:02:20,/works/W2032286288,singleton,0,0
2026-09-28T13:02:20,/works/W2091480277,singleton,0,0
2026-09-28T13:02:21,/works/W2132883218,singleton,0,0
2026-09-28T13:02:21,/works/W2073936141,singleton,0,0
2026-09-28T13:02:21,/works/W2129064518,singleton,0,0
2026-09-28T13:02:21,/works/W2002262192,singleton,0,0
2026-09-28T13:02:21,/works/W1982249722,singleton,0,0
2026-09-28T13:02:21,/works/W2061676216,singleton,0,0
2026-09-28T13:02:21,/works/W179363957,singleton,0,0
2026-09-28T13:02:21,/works/W2170771823,singleton,0,0
2026-09-28T13:02:21,/works/W2032286288,singleton,0,0
2026-09-28T13:02:22,/works/W1989443088,singleton,0,0
2026-09-28T13:02:22,/works/W2051266530,singleton,0,0
2026-09-28T13:02:22,/works/W2054835595,singleton,0,0
2026-09-28T13:02:22,/works/W1606097256,singleton,0,0
2026-09-28T13:02:22,/works/W1982249722,singleton,0,0
2026-09-28T13:02:22,/works/W2132883218,singleton,0,0
2026-09-28T13:02:22,/works/W2017590074,singleton,0,0
2026-09-28T13:02:22,/works/W2073936141,singleton,0,0
2026-09-28T13:02:22,/works/W2054835595,singleton,0,0
2026-09-28T13:02:23,/works/W1989443088,singleton,0,0
2026-09-28T13:02:23,/works/W2163962957,singleton,0,0
2026-09-28T13:02:23,/works/W1623430972,singleton,0,0
2026-09-28T13:02:23,/works/W2154397483,singleton,0,0
2026-09-28T13:02:23,/works/W2061676216,singleton,0,0
2026-09-28T13:02:23,/works/W1983849957,singleton,0,0
2026-09-28T13:02:23,/works/W1995816579,singleton,0,0
2026-09-28T13:02:23,/works/W2051266530,singleton,0,0
2026-09-28T13:02:23,/works/W2054835595,singleton,0,0
2026-09-28T13:02:23,/works/W2022186026,singleton,0,0
2026-09-28T13:02:23,/works/W2008867005,singleton,0,0
2026-09-28T13:02:23,/works/W2017590074,singleton,0,0
2026-09-28T13:02:24,/works/W78954572,singleton,0,0
2026-09-28T13:02:24,/works/W1994177537,singleton,0,0
2026-09-28T13:02:24,/works/W2135698413,singleton,0,0
2026-09-28T13:02:24,/works/W1980635471,singleton,0,0
2026-09-28T13:02:24,/works/W2132883218,singleton,0,0
2026-09-28T13:02:24,/works/W2183460741,singleton,0,0
2026-09-28T13:02:24,/works/W2040773739,singleton,0,0
2026-09-28T13:02:24,/works/W1995816579,singleton,0,0
2026-09-28T13:02:24,/works/W2154397483,singleton,0,0
2026-09-28T13:02:24,/works/W2017590074,singleton,0,0
2026-09-28T13:02:24,/works/W2137510998,singleton,0,0
2026-09-28T13:02:25,/works/W1968515257,singleton,0,0
2026-09-28T13:02:25,/works/W2094639130,singleton,0,0
2026-09-28T13:02:25,/works/W2183951577,singleton,0,0
2026-09-28T13:02:25,/works/W2120184016,singleton,0,0
2026-09-28T13:02:25,/works/W2054835595,singleton,0,0
2026-09-28T13:02:25,/works/W1994177537,singleton,0,0
2026-09-28T13:02:25,/works/W2508959602,singleton,0,0
2026-09-28T13:02:25,/works/W2040773739,singleton,0,0
2026-09-28T13:02:25,/works/W2106146635,singleton,0,0
2026-09-28T13:02:25,/works/W2154662977,singleton,0,0
2026-09-28T13:02:25,/works/W2099102792,singleton,0,0
2026-09-28T13:02:25,/works/W1964146327,singleton,0,0
2026-09-28T13:02:25,/works/W2018339654,singleton,0,0
2026-09-28T13:02:25,/works/W1980635471,singleton,0,0
2026-09-28T13:02:26,/works/W2050481566,singleton,0,0
2026-09-28T13:02:26,/works/W2062269105,singleton,0,0
2026-09-28T13:02:26,/works/W2099511228,singleton,0,0
2026-09-28T13:02:26,/works/W1827922196,singleton,0,0
2026-09-28T13:02:26,/works/W2183951577,singleton,0,0
2026-09-28T13:02:26,/works/W2130425745,singleton,0,0
2026-09-28T13:02:26,/works/W2099314729,singleton,0,0
2026-09-28T13:02:26,/works/W2106146635,singleton,0,0
2026-09-28T13:02:26,/works/W2103053013,singleton,0,0
2026-09-28T13:02:27,/works/W2062269105,singleton,0,0
2026-09-28T13:02:27,/works/W2099102792,singleton,0,0
2026-09-28T13:02:27,/works/W2054835595,singleton,0,0
2026-09-28T13:02:27,/works/W1964146327,singleton,0,0
2026-09-28T13:02:27,/works/doi:10.1007/s11569-009-0079-6,singleton,0,0
2026-09-28T13:02:27,/works/W2166327708,singleton,0,0
2026-09-28T13:02:27,/works/W2054707236,singleton,0,0
2026-09-28T13:02:27,/works/W2130425745,singleton,0,0
2026-09-28T13:02:28,/works/W2182810720,singleton,0,0
2026-09-28T13:02:28,/works/W1994696547,singleton,0,0
2026-09-28T13:02:28,/works/W1964146327,singleton,0,0
2026-09-28T13:02:28,/works/W2099102792,singleton,0,0
2026-09-28T13:02:28,/works/W2054835595,singleton,0,0
2026-09-28T13:02:28,/works/W2084267342,singleton,0,0
2026-09-28T13:02:28,/works/W2099314729,singleton,0,0
2026-09-28T13:02:28,/works/W2122559962,singleton,0,0
2026-09-28T13:02:28,/works/W2122436512,singleton,0,0
2026-09-28T13:02:28,/works/W2084505392,singleton,0,0
2026-09-28T13:02:28,/works/W2198833435,singleton,0,0
2026-09-28T13:02:28,/works/W2062269105,singleton,0,0
2026-09-28T13:02:28,/works/W2168569373,singleton,0,0
2026-09-28T13:02:29,/works/W2105821994,singleton,0,0
2026-09-28T13:02:29,/works/W2161484215,singleton,0,0
2026-09-28T13:02:29,/works/W1994696547,singleton,0,0
2026-09-28T13:02:29,/works/W2099314729,singleton,0,0
2026-09-28T13:02:29,/works/W2009133056,singleton,0,0
2026-09-28T13:02:29,/works/W2084505392,singleton,0,0
2026-09-28T13:02:29,/works/W2168569373,singleton,0,0
2026-09-28T13:02:29,/works/W2099102792,singleton,0,0
2026-09-28T13:02:29,/works/W1552659150,singleton,0,0
2026-09-28T13:02:29,/works/W2122559962,singleton,0,0
2026-09-28T13:02:29,/works/W1971801887,singleton,0,0
2026-09-28T13:02:29,/works/W2433601908,singleton,0,0
2026-09-28T13:02:30,/works/W1994696547,singleton,0,0
2026-09-28T13:02:30,/works/W2084505392,singleton,0,0
2026-09-28T13:02:30,/works/W2009133056,singleton,0,0
2026-09-28T13:02:30,/works/W2168569373,singleton,0,0
2026-09-28T13:02:30,/works/W2099314729,singleton,0,0
2026-09-28T13:02:30,/works/W2122559962,singleton,0,0
2026-09-28T13:02:31,/works/W1971801887,singleton,0,0
2026-09-28T13:02:31,/works/W2084505392,singleton,0,0
2026-09-28T13:02:31,/works/W2433601908,singleton,0,0
2026-09-28T13:02:31,/works/W1994696547,singleton,0,0
2026-09-28T13:02:31,/works/W2168569373,singleton,0,0
2026-09-28T13:02:31,/works/W2009133056,singleton,0,0
2026-09-28T13:02:31,/works/W112892767,singleton,0,0
2026-09-28T13:02:31,/works/W2099314729,singleton,0,0
2026-09-28T13:02:31,/works/W1981444142,singleton,0,0
2026-09-28T13:02:32,/works/W2411444285,singleton,0,0
2026-09-28T13:02:32,/works/W2132086259,singleton,0,0
2026-09-28T13:02:32,/works/W2084505392,singleton,0,0
2026-09-28T13:02:32,/works/W1988898793,singleton,0,0
2026-09-28T13:02:32,/works/W1994696547,singleton,0,0
2026-09-28T13:02:32,/works/W2090249495,singleton,0,0
2026-09-28T13:02:32,/works/W2122559962,singleton,0,0
2026-09-28T13:02:32,/works/W2079903373,singleton,0,0
2026-09-28T13:02:32,/works/W2168569373,singleton,0,0
2026-09-28T13:02:32,/works/W2009133056,singleton,0,0
2026-09-28T13:02:32,/works/W2127507176,singleton,0,0
2026-09-28T13:02:33,/works/W2084505392,singleton,0,0
2026-09-28T13:02:33,/works/W2122559962,singleton,0,0
2026-09-28T13:02:33,/works/W2157296240,singleton,0,0
2026-09-28T13:02:33,/works/W2035018687,singleton,0,0
2026-09-28T13:02:33,/works/W1994696547,singleton,0,0
2026-09-28T13:02:33,/works/W2132086259,singleton,0,0
2026-09-28T13:02:33,/works/W2148471367,singleton,0,0
2026-09-28T13:02:33,/works/W2168569373,singleton,0,0
2026-09-28T13:02:33,/works/W2117847381,singleton,0,0
2026-09-28T13:02:33,/works/W2148693020,singleton,0,0
2026-09-28T13:02:33,/works/W1966757367,singleton,0,0
2026-09-28T13:02:34,/works/W2009133056,singleton,0,0
2026-09-28T13:02:34,/works/W2090249495,singleton,0,0
2026-09-28T13:02:34,/works/W1750470388,singleton,0,0
2026-09-28T13:02:34,/works/W1966958264,singleton,0,0
2026-09-28T13:02:34,/works/W2108407690,singleton,0,0
2026-09-28T13:02:34,/works/W2005020716,singleton,0,0
2026-09-28T13:02:34,/works/W2071935038,singleton,0,0
2026-09-28T13:02:34,/works/W2122559962,singleton,0,0
2026-09-28T13:02:34,/works/W2029109010,singleton,0,0
2026-09-28T13:02:34,/works/W1540157251,singleton,0,0
2026-09-28T13:02:34,/works/W2108407690,singleton,0,0
2026-09-28T13:02:34,/works/W2168569373,singleton,0,0
2026-09-28T13:02:35,/works/W2009133056,singleton,0,0
2026-09-28T13:02:35,/works/W2050458321,singleton,0,0
2026-09-28T13:02:35,/works/W2148693020,singleton,0,0
2026-09-28T13:02:35,/works/W2029109010,singleton,0,0
2026-09-28T13:02:35,/works/W1750470388,singleton,0,0
2026-09-28T13:02:35,/works/W2108407690,singleton,0,0
2026-09-28T13:02:36,/works/W1540157251,singleton,0,0
2026-09-28T13:02:36,/works/W2056435762,singleton,0,0
2026-09-28T13:02:36,/works/W2005020716,singleton,0,0
2026-09-28T13:02:36,/works/W1527417408,singleton,0,0
2026-09-28T13:02:36,/works/W2107023263,singleton,0,0
2026-09-28T13:02:36,/works/W2131897655,singleton,0,0
2026-09-28T13:02:36,/works/W2168569373,singleton,0,0
2026-09-28T13:02:36,/works/W2050458321,singleton,0,0
2026-09-28T13:02:36,/works/W1968429792,singleton,0,0
2026-09-28T13:02:37,/works/W2148693020,singleton,0,0
2026-09-28T13:02:37,/works/W2107023263,singleton,0,0
2026-09-28T13:02:37,/works/W2038421716,singleton,0,0
2026-09-28T13:02:37,/works/W2029109010,singleton,0,0
2026-09-28T13:02:37,/works/W2168569373,singleton,0,0
2026-09-28T13:02:37,/works/W2050458321,singleton,0,0
2026-09-28T13:02:37,/works/W1982414222,singleton,0,0
2026-09-28T13:02:37,/works/W1527417408,singleton,0,0
2026-09-28T13:02:37,/works/W2108407690,singleton,0,0
2026-09-28T13:02:37,/works/W2134204463,singleton,0,0
2026-09-28T13:02:38,/works/W2120332380,singleton,0,0
2026-09-28T13:02:38,/works/W2038421716,singleton,0,0
2026-09-28T13:02:38,/works/W2100925698,singleton,0,0
2026-09-28T13:02:38,/works/W2107023263,singleton,0,0
2026-09-28T13:02:38,/works/W1967210731,singleton,0,0
2026-09-28T13:02:38,/works/W2080613381,singleton,0,0
2026-09-28T13:02:38,/works/W2148693020,singleton,0,0
2026-09-28T13:02:38,/works/W2092471565,singleton,0,0
2026-09-28T13:02:38,/works/W1527417408,singleton,0,0
2026-09-28T13:02:38,/works/W1982414222,singleton,0,0
2026-09-28T13:02:38,/works/W2050458321,singleton,0,0
2026-09-28T13:02:39,/works/W2038421716,singleton,0,0
2026-09-28T13:02:39,/works/W2092471565,singleton,0,0
2026-09-28T13:02:39,/works/W2080613381,singleton,0,0
2026-09-28T13:02:39,/works/W2050458321,singleton,0,0
2026-09-28T13:02:39,/works/W1527417408,singleton,0,0
2026-09-28T13:02:39,/works/W2027219371,singleton,0,0
2026-09-28T13:02:39,/works/W2148693020,singleton,0,0
2026-09-28T13:02:40,/works/W1967210731,singleton,0,0
2026-09-28T13:02:40,/works/W2081161173,singleton,0,0
2026-09-28T13:02:40,/works/W2110286022,singleton,0,0
2026-09-28T13:02:40,/works/W1982414222,singleton,0,0
2026-09-28T13:02:40,/works/W2021277157,singleton,0,0
2026-09-28T13:02:40,/works/W2038421716,singleton,0,0
2026-09-28T13:02:40,/works/W1746053877,singleton,0,0
2026-09-28T13:02:41,/works/W2080613381,singleton,0,0
2026-09-28T13:02:41,/works/W2050458321,singleton,0,0
2026-09-28T13:02:41,/works/W2081161173,singleton,0,0
2026-09-28T13:02:41,/works/W165052789,singleton,0,0
2026-09-28T13:02:41,/works/W2110286022,singleton,0,0
2026-09-28T13:02:41,/works/W389826048,singleton,0,0
2026-09-28T13:02:41,/works/W2148693020,singleton,0,0
2026-09-28T13:02:41,/works/W2150153765,singleton,0,0
2026-09-28T13:02:41,/works/W1982414222,singleton,0,0
2026-09-28T13:02:41,/works/W2038421716,singleton,0,0
2026-09-28T13:02:41,/works/W2050458321,singleton,0,0
2026-09-28T13:02:42,/works/W2180877811,singleton,0,0
2026-09-28T13:02:42,/works/W2041985017,singleton,0,0
2026-09-28T13:02:42,/works/W2080613381,singleton,0,0
2026-09-28T13:02:42,/works/W2148693020,singleton,0,0
2026-09-28T13:02:42,/works/W1998505309,singleton,0,0
2026-09-28T13:02:42,/works/W2135280136,singleton,0,0
2026-09-28T13:02:42,/works/W2117792225,singleton,0,0
2026-09-28T13:02:42,/works/W389826048,singleton,0,0
2026-09-28T13:02:42,/works/W2161466984,singleton,0,0
2026-09-28T13:02:42,/works/W2150153765,singleton,0,0
2026-09-28T13:02:42,/works/W2127467773,singleton,0,0
2026-09-28T13:02:43,/works/W2148693020,singleton,0,0
2026-09-28T13:02:43,/works/W1998505309,singleton,0,0
2026-09-28T13:02:43,/works/W2150153765,singleton,0,0
2026-09-28T13:03:23,/works/W1997136846,singleton,0,0
2026-09-28T13:03:23,/works/W2166306797,singleton,0,0
2026-09-28T13:03:23,/works/W2539911012,singleton,0,0
2026-09-28T13:03:23,/works/W2110818703,singleton,0,0
2026-09-28T13:03:23,/works/W2138911590,singleton,0,0
2026-09-28T13:03:23,/works/W2100798412,singleton,0,0
2026-09-28T13:03:23,/works/W2114004741,singleton,0,0
2026-09-28T13:03:23,/works/W2182147818,singleton,0,0
2026-09-28T13:03:23,/works/W2111189927,singleton,0,0
2026-09-28T13:03:23,/works/W2030766699,singleton,0,0
2026-09-28T13:03:23,/works/W2151631516,singleton,0,0
2026-09-28T13:03:24,/works/W2110818703,singleton,0,0
2026-09-28T13:03:24,/works/W2539911012,singleton,0,0
2026-09-28T13:03:24,/works/W1520181767,singleton,0,0
2026-09-28T13:03:24,/works/W2138911590,singleton,0,0
2026-09-28T13:03:24,/works/W2166306797,singleton,0,0
2026-09-28T13:03:24,/works/W2021385207,singleton,0,0
2026-09-28T13:03:24,/works/W1493715396,singleton,0,0
2026-09-28T13:03:24,/works/W2100798412,singleton,0,0
2026-09-28T13:03:24,/works/W1975660272,singleton,0,0
2026-09-28T13:03:24,/works/W2061778716,singleton,0,0
2026-09-28T13:03:24,/works/W2187466456,singleton,0,0
2026-09-28T13:03:24,/works/W2019722923,singleton,0,0
2026-09-28T13:03:24,/works/W2341338689,singleton,0,0
2026-09-28T13:03:24,/works/W2070969622,singleton,0,0
2026-09-28T13:03:24,/works/W157780126,singleton,0,0
2026-09-28T13:03:24,/works/W1997136846,singleton,0,0
2026-09-28T13:03:25,/works/W2148170174,singleton,0,0
2026-09-28T13:03:25,/works/W2043288719,singleton,0,0
2026-09-28T13:03:25,/works/W2048159471,singleton,0,0
2026-09-28T13:03:25,/works/W1999114167,singleton,0,0
2026-09-28T13:03:25,/works/W199625384,singleton,0,0
2026-09-28T13:03:25,/works/W1493715396,singleton,0,0
2026-09-28T13:03:25,/works/W2102115820,singleton,0,0
2026-09-28T13:03:25,/works/W2185136163,singleton,0,0
2026-09-28T13:03:25,/works/W2019722923,singleton,0,0
2026-09-28T13:03:25,/works/W2059997952,singleton,0,0
2026-09-28T13:03:25,/works/W2290458153,singleton,0,0
2026-09-28T13:03:25,/works/W157780126,singleton,0,0
2026-09-28T13:03:25,/works/W2061778716,singleton,0,0
2026-09-28T13:03:26,/works/W2152589112,singleton,0,0
2026-09-28T13:03:26,/works/W2149428471,singleton,0,0
2026-09-28T13:03:26,/works/W2148170174,singleton,0,0
2026-09-28T13:03:26,/works/W2062837378,singleton,0,0
2026-09-28T13:03:26,/works/W2073037901,singleton,0,0
2026-09-28T13:03:26,/works/W2040069727,singleton,0,0
2026-09-28T13:03:26,/works/W1988405680,singleton,0,0
2026-09-28T13:03:26,/works/W2148170174,singleton,0,0
2026-09-28T13:03:26,/works/W2152589112,singleton,0,0
2026-09-28T13:03:26,/works/W2290458153,singleton,0,0
2026-09-28T13:03:27,/works/W2164633961,singleton,0,0
2026-09-28T13:03:27,/works/W2123778088,singleton,0,0
2026-09-28T13:03:27,/works/W2096807403,singleton,0,0
2026-09-28T13:03:27,/works/W2019722923,singleton,0,0
2026-09-28T13:03:27,/works/W2061778716,singleton,0,0
2026-09-28T13:03:27,/works/W157780126,singleton,0,0
2026-09-28T13:03:27,/works/W2106213575,singleton,0,0
2026-09-28T13:03:27,/works/W2148170174,singleton,0,0
2026-09-28T13:03:28,/works/W2290458153,singleton,0,0
2026-09-28T13:03:28,/works/W2120744641,singleton,0,0
2026-09-28T13:03:28,/works/W2096807403,singleton,0,0
2026-09-28T13:03:28,/works/W1988405680,singleton,0,0
2026-09-28T13:03:28,/works/W2123778088,singleton,0,0
2026-09-28T13:03:28,/works/W157780126,singleton,0,0
2026-09-28T13:03:28,/works/W2155190990,singleton,0,0
2026-09-28T13:03:28,/works/W2061778716,singleton,0,0
2026-09-28T13:03:28,/works/W153025953,singleton,0,0
2026-09-28T13:03:28,/works/W2087144446,singleton,0,0
2026-09-28T13:03:28,/works/W2106213575,singleton,0,0
2026-09-28T13:03:29,/works/W2120744641,singleton,0,0
2026-09-28T13:03:29,/works/W184343923,singleton,0,0
2026-09-28T13:03:29,/works/W1988366346,singleton,0,0
2026-09-28T13:03:29,/works/W1997431411,singleton,0,0
2026-09-28T13:03:29,/works/W2096807403,singleton,0,0
2026-09-28T13:03:29,/works/W2169108267,singleton,0,0
2026-09-28T13:03:29,/works/W2109508813,singleton,0,0
2026-09-28T13:03:29,/works/W1988405680,singleton,0,0
2026-09-28T13:03:30,/works/W2578548032,singleton,0,0
2026-09-28T13:03:30,/works/W157780126,singleton,0,0
2026-09-28T13:03:30,/works/W2061778716,singleton,0,0
2026-09-28T13:03:30,/works/W2187536483,singleton,0,0
2026-09-28T13:03:30,/works/W2120744641,singleton,0,0
2026-09-28T13:03:30,/works/W2114738226,singleton,0,0
2026-09-28T13:03:30,/works/W2135966815,singleton,0,0
2026-09-28T13:03:30,/works/W1591824623,singleton,0,0
2026-09-28T13:03:30,/works/W2129649197,singleton,0,0
2026-09-28T13:03:30,/works/W184343923,singleton,0,0
2026-09-28T13:03:31,/works/W2096807403,singleton,0,0
2026-09-28T13:03:31,/works/W2109508813,singleton,0,0
2026-09-28T13:03:31,/works/W2169108267,singleton,0,0
2026-09-28T13:03:31,/works/W2158688030,singleton,0,0
2026-09-28T13:03:31,/works/W1591824623,singleton,0,0
2026-09-28T13:03:31,/works/W2132423041,singleton,0,0
2026-09-28T13:03:31,/works/W1975838257,singleton,0,0
2026-09-28T13:03:31,/works/W2135966815,singleton,0,0
2026-09-28T13:03:31,/works/W2114738226,singleton,0,0
2026-09-28T13:03:32,/works/W2109508813,singleton,0,0
2026-09-28T13:03:32,/works/W184343923,singleton,0,0
2026-09-28T13:03:32,/works/W2116470864,singleton,0,0
2026-09-28T13:03:32,/works/W2132423041,singleton,0,0
2026-09-28T13:03:32,/works/W1975838257,singleton,0,0
2026-09-28T13:03:32,/works/W2135966815,singleton,0,0
2026-09-28T13:03:32,/works/W2096807403,singleton,0,0
2026-09-28T13:03:32,/works/W1591824623,singleton,0,0
2026-09-28T13:03:33,/works/W3094450547,singleton,0,0
2026-09-28T13:03:33,/works/W2541647107,singleton,0,0
2026-09-28T13:03:33,/works/W2135966815,singleton,0,0
2026-09-28T13:03:33,/works/W2116470864,singleton,0,0
2026-09-28T13:03:33,/works/W2114738226,singleton,0,0
2026-09-28T13:03:33,/works/W1974700485,singleton,0,0
2026-09-28T13:03:33,/works/W2132423041,singleton,0,0
2026-09-28T13:03:33,/works/W184343923,singleton,0,0
2026-09-28T13:03:33,/works/W1975838257,singleton,0,0
2026-09-28T13:03:33,/works/W1970068369,singleton,0,0
2026-09-28T13:03:33,/works/W2340639026,singleton,0,0
2026-09-28T13:03:34,/works/W2135966815,singleton,0,0
2026-09-28T13:03:34,/works/W3094450547,singleton,0,0
2026-09-28T13:03:34,/works/W1986699097,singleton,0,0
2026-09-28T13:03:34,/works/W2132423041,singleton,0,0
2026-09-28T13:03:34,/works/W1970068369,singleton,0,0
2026-09-28T13:03:34,/works/W2119652571,singleton,0,0
2026-09-28T13:03:34,/works/W184343923,singleton,0,0
2026-09-28T13:03:34,/works/W2114738226,singleton,0,0
2026-09-28T13:03:35,/works/W2340639026,singleton,0,0
2026-09-28T13:03:35,/works/W1974700485,singleton,0,0
2026-09-28T13:03:35,/works/W2072398584,singleton,0,0
2026-09-28T13:03:35,/works/W2003739378,singleton,0,0
2026-09-28T13:03:35,/works/W2132423041,singleton,0,0
2026-09-28T13:03:35,/works/W2149228520,singleton,0,0
2026-09-28T13:03:35,/works/W1970068369,singleton,0,0
2026-09-28T13:03:36,/works/W1986699097,singleton,0,0
2026-09-28T13:03:36,/works/W2114738226,singleton,0,0
2026-09-28T13:03:36,/works/W184343923,singleton,0,0
2026-09-28T13:03:36,/works/W1970068369,singleton,0,0
2026-09-28T13:03:36,/works/W2149228520,singleton,0,0
2026-09-28T13:03:36,/works/W2072398584,singleton,0,0
2026-09-28T13:03:36,/works/W2112018891,singleton,0,0
2026-09-28T13:03:36,/works/W2106241150,singleton,0,0
2026-09-28T13:03:36,/works/W2340639026,singleton,0,0
2026-09-28T13:03:37,/works/W2073176207,singleton,0,0
2026-09-28T13:03:37,/works/W2124063084,singleton,0,0
2026-09-28T13:03:37,/works/W2289783021,singleton,0,0
2026-09-28T13:03:37,/works/W2145222889,singleton,0,0
2026-09-28T13:03:37,/works/W1970485611,singleton,0,0
2026-09-28T13:03:37,/works/W2132423041,singleton,0,0
2026-09-28T13:03:37,/works/W2055091816,singleton,0,0
2026-09-28T13:03:37,/works/W1970068369,singleton,0,0
2026-09-28T13:03:37,/works/W2114738226,singleton,0,0
2026-09-28T13:03:37,/works/W2072398584,singleton,0,0
2026-09-28T13:03:37,/works/W2123982142,singleton,0,0
2026-09-28T13:03:37,/works/W2073176207,singleton,0,0
2026-09-28T13:03:38,/works/W1970485611,singleton,0,0
2026-09-28T13:03:38,/works/W2752931945,singleton,0,0
2026-09-28T13:03:38,/works/W2289783021,singleton,0,0
2026-09-28T13:03:38,/works/W1977860920,singleton,0,0
2026-09-28T13:03:38,/works/W2274950727,singleton,0,0
2026-09-28T13:03:38,/works/W2148385232,singleton,0,0
2026-09-28T13:03:38,/works/W2152148156,singleton,0,0
2026-09-28T13:03:38,/works/W2114738226,singleton,0,0
2026-09-28T13:03:38,/works/W2055091816,singleton,0,0
2026-09-28T13:03:39,/works/W1970068369,singleton,0,0
2026-09-28T13:03:39,/works/W1970485611,singleton,0,0
2026-09-28T13:03:39,/works/W1973769882,singleton,0,0
2026-09-28T13:03:39,/works/W2105226742,singleton,0,0
2026-09-28T13:03:39,/works/W2289783021,singleton,0,0
2026-09-28T13:03:39,/works/W133395089,singleton,0,0
2026-09-28T13:03:39,/works/W2752931945,singleton,0,0
2026-09-28T13:03:39,/works/W2003252765,singleton,0,0
2026-09-28T13:03:39,/works/W2060626928,singleton,0,0
2026-09-28T13:03:39,/works/W2549744796,singleton,0,0
2026-09-28T13:03:40,/works/W1995362657,singleton,0,0
2026-09-28T13:03:40,/works/W2185350713,singleton,0,0
2026-09-28T13:03:40,/works/W2152148156,singleton,0,0
2026-09-28T13:03:40,/works/W2289783021,singleton,0,0
2026-09-28T13:03:40,/works/W2148385232,singleton,0,0
2026-09-28T13:03:40,/works/W2123035511,singleton,0,0
2026-09-28T13:03:40,/works/W133395089,singleton,0,0
2026-09-28T13:03:40,/works/W1588593979,singleton,0,0
2026-09-28T13:03:40,/works/W1710501771,singleton,0,0
2026-09-28T13:03:40,/works/W2119163896,singleton,0,0
2026-09-28T13:03:41,/works/W1995362657,singleton,0,0
2026-09-28T13:03:41,/works/W2752931945,singleton,0,0
2026-09-28T13:03:41,/works/W2123035511,singleton,0,0
2026-09-28T13:03:41,/works/W2003252765,singleton,0,0
2026-09-28T13:03:41,/works/W2135548493,singleton,0,0
2026-09-28T13:03:41,/works/W2147077681,singleton,0,0
2026-09-28T13:03:41,/works/W2289783021,singleton,0,0
2026-09-28T13:03:41,/works/W1710501771,singleton,0,0
2026-09-28T13:03:41,/works/W2093710145,singleton,0,0
2026-09-28T13:03:41,/works/W2163885447,singleton,0,0
2026-09-28T13:03:41,/works/W1982716786,singleton,0,0
2026-09-28T13:03:42,/works/W2075546157,singleton,0,0
2026-09-28T13:03:42,/works/W1588593979,singleton,0,0
2026-09-28T13:03:42,/works/W2170680261,singleton,0,0
2026-09-28T13:03:42,/works/W2123035511,singleton,0,0
2026-09-28T13:03:42,/works/W2135548493,singleton,0,0
2026-09-28T13:03:42,/works/W2103064255,singleton,0,0
2026-09-28T13:03:42,/works/W2122137446,singleton,0,0
2026-09-28T13:03:42,/works/W2341946177,singleton,0,0
2026-09-28T13:03:42,/works/W2752931945,singleton,0,0
2026-09-28T13:03:42,/works/W2131370022,singleton,0,0
2026-09-28T13:03:42,/works/W2129656202,singleton,0,0
2026-09-28T13:03:42,/works/W2050943280,singleton,0,0
2026-09-28T13:03:43,/works/W1903791993,singleton,0,0
2026-09-28T13:03:43,/works/W1710501771,singleton,0,0
2026-09-28T13:03:43,/works/W2163885447,singleton,0,0
2026-09-28T13:03:43,/works/W2160259703,singleton,0,0
2026-09-28T13:03:43,/works/W1588593979,singleton,0,0
2026-09-28T13:03:43,/works/W2146436455,singleton,0,0
2026-09-28T13:03:43,/works/W1998590736,singleton,0,0
2026-09-28T13:03:43,/works/W2135548493,singleton,0,0
2026-09-28T13:03:44,/works/W1710501771,singleton,0,0
2026-09-28T13:03:44,/works/W2752931945,singleton,0,0
2026-09-28T13:03:44,/works/W1965576113,singleton,0,0
2026-09-28T13:03:44,/works/W1903791993,singleton,0,0
2026-09-28T13:03:44,/works/W1964602758,singleton,0,0
2026-09-28T13:03:44,/works/W2129656202,singleton,0,0
2026-09-28T13:03:44,/works/W203616403,singleton,0,0
2026-09-28T13:03:44,/works/W2180460518,singleton,0,0
2026-09-28T13:03:44,/works/W1588593979,singleton,0,0
2026-09-28T13:03:44,/works/W2071524096,singleton,0,0
2026-09-28T13:03:44,/works/W195865488,singleton,0,0
2026-09-28T13:03:44,/works/W2141184598,singleton,0,0
2026-09-28T13:03:44,/works/W2146436455,singleton,0,0
2026-09-28T13:03:45,/works/W1998590736,singleton,0,0
2026-09-28T13:03:45,/works/W2129656202,singleton,0,0
2026-09-28T13:03:45,/works/W350160001,singleton,0,0
2026-09-28T13:03:45,/works/W195865488,singleton,0,0
2026-09-28T13:03:46,/works/W203616403,singleton,0,0
2026-09-28T13:03:46,/works/W2141184598,singleton,0,0
2026-09-28T13:03:46,/works/W2029878719,singleton,0,0
2026-09-28T13:03:46,/works/W2129656202,singleton,0,0
2026-09-28T13:03:46,/works/W1964602758,singleton,0,0
2026-09-28T13:03:46,/works/W1588593979,singleton,0,0
2026-09-28T13:03:46,/works/W2132383918,singleton,0,0
2026-09-28T13:03:46,/works/W2146436455,singleton,0,0
2026-09-28T13:03:46,/works/W2146603954,singleton,0,0
2026-09-28T13:03:46,/works/W350160001,singleton,0,0
2026-09-28T13:03:46,/works/W2104580599,singleton,0,0
2026-09-28T13:03:46,/works/W2518299177,singleton,0,0
2026-09-28T13:03:46,/works/W2532321241,singleton,0,0
2026-09-28T13:03:47,/works/W1983794180,singleton,0,0
2026-09-28T13:03:47,/works/W2122021409,singleton,0,0
2026-09-28T13:03:47,/works/W2086379582,singleton,0,0
2026-09-28T13:03:47,/works/W2044119324,singleton,0,0
2026-09-28T13:03:47,/works/W2141184598,singleton,0,0
2026-09-28T13:03:47,/works/W2971989586,singleton,0,0
2026-09-28T13:03:47,/works/W2029878719,singleton,0,0
2026-09-28T13:03:47,/works/W2111769285,singleton,0,0
2026-09-28T13:03:47,/works/W2027260833,singleton,0,0
2026-09-28T13:03:47,/works/W2055636968,singleton,0,0
2026-09-28T13:03:47,/works/W2139722347,singleton,0,0
2026-09-28T13:03:47,/works/W2153292662,singleton,0,0
2026-09-28T13:03:47,/works/W2129656202,singleton,0,0
2026-09-28T13:03:47,/works/W2157080781,singleton,0,0
2026-09-28T13:03:48,/works/W2146603954,singleton,0,0
2026-09-28T13:03:48,/works/W2037097458,singleton,0,0
2026-09-28T13:03:48,/works/W1983794180,singleton,0,0
2026-09-28T13:03:48,/works/W2145630199,singleton,0,0
2026-09-28T13:03:48,/works/W2027260833,singleton,0,0
2026-09-28T13:03:48,/works/W2029878719,singleton,0,0
2026-09-28T13:03:48,/works/W2599069081,singleton,0,0
2026-09-28T13:03:48,/works/W2157080781,singleton,0,0
2026-09-28T13:03:48,/works/W1999451991,singleton,0,0
2026-09-28T13:03:48,/works/W2092471931,singleton,0,0
2026-09-28T13:03:49,/works/W2153292662,singleton,0,0
2026-09-28T13:03:49,/works/W2056081648,singleton,0,0
2026-09-28T13:03:49,/works/W2037097458,singleton,0,0
2026-09-28T13:03:49,/works/W1983794180,singleton,0,0
2026-09-28T13:03:49,/works/W2599069081,singleton,0,0
2026-09-28T13:03:49,/works/W2067525473,singleton,0,0
2026-09-28T13:03:49,/works/W2157080781,singleton,0,0
2026-09-28T13:03:49,/works/W2146603954,singleton,0,0
2026-09-28T13:03:49,/works/W163254601,singleton,0,0
2026-09-28T13:03:49,/works/W2136221591,singleton,0,0
2026-09-28T13:03:50,/works/W2023363802,singleton,0,0
2026-09-28T13:03:50,/works/W2599069081,singleton,0,0
2026-09-28T13:03:50,/works/W1999451991,singleton,0,0
2026-09-28T13:03:50,/works/W2056081648,singleton,0,0
2026-09-28T13:03:50,/works/W2065191210,singleton,0,0
2026-09-28T13:03:50,/works/W1983794180,singleton,0,0
2026-09-28T13:03:50,/works/W2158235958,singleton,0,0
2026-09-28T13:03:50,/works/W2037097458,singleton,0,0
2026-09-28T13:03:50,/works/W2157080781,singleton,0,0
2026-09-28T13:03:51,/works/W2022420019,singleton,0,0
2026-09-28T13:03:51,/works/W1594759240,singleton,0,0
2026-09-28T13:03:51,/works/W2050039758,singleton,0,0
2026-09-28T13:03:51,/works/W2136221591,singleton,0,0
2026-09-28T13:03:51,/works/W2023363802,singleton,0,0
2026-09-28T13:03:51,/works/W2135983941,singleton,0,0
2026-09-28T13:03:51,/works/W2599069081,singleton,0,0
2026-09-28T13:03:51,/works/W2065191210,singleton,0,0
2026-09-28T13:03:51,/works/W2022420019,singleton,0,0
2026-09-28T13:03:51,/works/W2016154232,singleton,0,0
2026-09-28T13:03:51,/works/W2028474071,singleton,0,0
2026-09-28T13:03:52,/works/W2151603769,singleton,0,0
2026-09-28T13:03:52,/works/W2037097458,singleton,0,0
2026-09-28T13:03:52,/works/W1594759240,singleton,0,0
2026-09-28T13:03:52,/works/W2141545804,singleton,0,0
2026-09-28T13:03:52,/works/W2136221591,singleton,0,0
2026-09-28T13:03:52,/works/W2022420019,singleton,0,0
2026-09-28T13:03:52,/works/W2028474071,singleton,0,0
2026-09-28T13:03:52,/works/W1988597515,singleton,0,0
2026-09-28T13:03:53,/works/W2016259682,singleton,0,0
2026-09-28T13:03:53,/works/W2151603769,singleton,0,0
2026-09-28T13:03:53,/works/W2065191210,singleton,0,0
2026-09-28T13:03:53,/works/W2016154232,singleton,0,0
2026-09-28T13:03:53,/works/W2022420019,singleton,0,0
2026-09-28T13:03:53,/works/W2141545804,singleton,0,0
2026-09-28T13:03:54,/works/W2136221591,singleton,0,0
2026-09-28T13:03:54,/works/W2016259682,singleton,0,0
2026-09-28T13:03:54,/works/W2151603769,singleton,0,0
2026-09-28T13:03:55,/works/W2016154232,singleton,0,0
2026-09-28T13:04:19,/works/W2122939588,singleton,0,0
2026-09-28T13:04:19,/works/W10540773,singleton,0,0
2026-09-28T13:04:19,/works/W2102031776,singleton,0,0
2026-09-28T13:04:19,/works/W2141413821,singleton,0,0
2026-09-28T13:04:19,/works/W2082475821,singleton,0,0
2026-09-28T13:04:19,/works/W2255452211,singleton,0,0
2026-09-28T13:04:19,/works/W2066932200,singleton,0,0
2026-09-28T13:04:19,/works/W2011829255,singleton,0,0
2026-09-28T13:04:20,/works/W2040630000,singleton,0,0
2026-09-28T13:04:20,/works/W2082475821,singleton,0,0
2026-09-28T13:04:20,/works/W2004419591,singleton,0,0
2026-09-28T13:04:20,/works/doi:10.1007/s11568-010-9137-y,singleton,0,0
2026-09-28T13:04:20,/works/W2122939588,singleton,0,0
2026-09-28T13:04:20,/works/W2066932200,singleton,0,0
2026-09-28T13:04:21,/works/W2141413821,singleton,0,0
2026-09-28T13:04:21,/works/W2014852291,singleton,0,0
2026-09-28T13:04:21,/works/W2255452211,singleton,0,0
2026-09-28T13:04:21,/works/W2102031776,singleton,0,0
2026-09-28T13:04:21,/works/W10540773,singleton,0,0
2026-09-28T13:04:21,/works/W2583421036,singleton,0,0
2026-09-28T13:04:21,/works/W1519781644,singleton,0,0
2026-09-28T13:04:21,/works/doi:10.1007/s11568-010-9137-y,singleton,0,0
2026-09-28T13:04:21,/works/W2138923209,singleton,0,0
2026-09-28T13:04:21,/works/W2082475821,singleton,0,0
2026-09-28T13:04:22,/works/W2066932200,singleton,0,0
2026-09-28T13:04:22,/works/W2141413821,singleton,0,0
2026-09-28T13:04:22,/works/W2014852291,singleton,0,0
2026-09-28T13:04:22,/works/W2100796087,singleton,0,0
2026-09-28T13:04:22,/works/W1519781644,singleton,0,0
2026-09-28T13:04:22,/works/W1971031277,singleton,0,0
2026-09-28T13:04:23,/works/W2138923209,singleton,0,0
2026-09-28T13:04:23,/works/W2583421036,singleton,0,0
2026-09-28T13:04:23,/works/W2082475821,singleton,0,0
2026-09-28T13:04:23,/works/doi:10.1007/s11568-010-9137-y,singleton,0,0
2026-09-28T13:04:23,/works/W2052404291,singleton,0,0
2026-09-28T13:04:23,/works/W2169002484,singleton,0,0
2026-09-28T13:04:23,/works/W2092862230,singleton,0,0
2026-09-28T13:04:23,/works/W2141413821,singleton,0,0
2026-09-28T13:04:23,/works/W2120788167,singleton,0,0
2026-09-28T13:04:23,/works/W1519781644,singleton,0,0
2026-09-28T13:04:23,/works/W2153220158,singleton,0,0
2026-09-28T13:04:23,/works/W2104029850,singleton,0,0
2026-09-28T13:04:24,/works/W2171661952,singleton,0,0
2026-09-28T13:04:24,/works/W2014852291,singleton,0,0
2026-09-28T13:04:24,/works/W2108053031,singleton,0,0
2026-09-28T13:04:24,/works/W2082475821,singleton,0,0
2026-09-28T13:04:24,/works/W2004062257,singleton,0,0
2026-09-28T13:04:24,/works/W2153527981,singleton,0,0
2026-09-28T13:04:24,/works/W2583421036,singleton,0,0
2026-09-28T13:04:24,/works/W1859027662,singleton,0,0
2026-09-28T13:04:24,/works/W2141413821,singleton,0,0
2026-09-28T13:04:24,/works/W2022921124,singleton,0,0
2026-09-28T13:04:24,/works/W2156065375,singleton,0,0
2026-09-28T13:04:24,/works/W1519781644,singleton,0,0
2026-09-28T13:04:24,/works/W2171111703,singleton,0,0
2026-09-28T13:04:25,/works/W2137839234,singleton,0,0
2026-09-28T13:04:25,/works/W2037953066,singleton,0,0
2026-09-28T13:04:25,/works/W2097329570,singleton,0,0
2026-09-28T13:04:25,/works/W2082475821,singleton,0,0
2026-09-28T13:04:25,/works/W2022348197,singleton,0,0
2026-09-28T13:04:25,/works/W2022921124,singleton,0,0
2026-09-28T13:04:25,/works/W2153527981,singleton,0,0
2026-09-28T13:04:25,/works/W1859027662,singleton,0,0
2026-09-28T13:04:25,/works/W2583421036,singleton,0,0
2026-09-28T13:04:25,/works/W2103189313,singleton,0,0
2026-09-28T13:04:26,/works/W2100317431,singleton,0,0
2026-09-28T13:04:26,/works/W1519781644,singleton,0,0
2026-09-28T13:04:26,/works/W2153527981,singleton,0,0
2026-09-28T13:04:26,/works/W1859027662,singleton,0,0
2026-09-28T13:04:26,/works/W2022348197,singleton,0,0
2026-09-28T13:04:27,/works/W2082475821,singleton,0,0
2026-09-28T13:04:28,/works/W1859027662,singleton,0,0
2026-09-28T13:04:28,/works/W2082475821,singleton,0,0
2026-09-28T13:04:30,/works/W2075627542,singleton,0,0
2026-09-28T13:04:30,/works/W2230990971,singleton,0,0
2026-09-28T13:04:30,/works/W2024960324,singleton,0,0
2026-09-28T13:04:30,/works/W2138170541,singleton,0,0
2026-09-28T13:04:30,/works/W1969552813,singleton,0,0
2026-09-28T13:04:30,/works/W1525878010,singleton,0,0
2026-09-28T13:04:30,/works/W2093033549,singleton,0,0
2026-09-28T13:04:30,/works/W2024824208,singleton,0,0
2026-09-28T13:04:31,/works/W2011134481,singleton,0,0
2026-09-28T13:04:31,/works/W2039282903,singleton,0,0
2026-09-28T13:04:31,/works/doi:10.5580/d0,singleton,0,0
2026-09-28T13:04:31,/works/W2138170541,singleton,0,0
2026-09-28T13:04:32,/works/W1996424585,singleton,0,0
2026-09-28T13:04:32,/works/W2024960324,singleton,0,0
2026-09-28T13:04:32,/works/W2075627542,singleton,0,0
2026-09-28T13:04:32,/works/W1525878010,singleton,0,0
2026-09-28T13:04:32,/works/W1969552813,singleton,0,0
2026-09-28T13:04:32,/works/W2015671428,singleton,0,0
2026-09-28T13:04:32,/works/W2230990971,singleton,0,0
2026-09-28T13:04:32,/works/W2165467269,singleton,0,0
2026-09-28T13:04:32,/works/W2470458574,singleton,0,0
2026-09-28T13:04:32,/works/W2115070464,singleton,0,0
2026-09-28T13:04:32,/works/W2000196435,singleton,0,0
2026-09-28T13:04:32,/works/W2148125078,singleton,0,0
2026-09-28T13:04:32,/works/W2011134481,singleton,0,0
2026-09-28T13:04:32,/works/W150485165,singleton,0,0
2026-09-28T13:04:33,/works/W2138170541,singleton,0,0
2026-09-28T13:04:33,/works/W2031815186,singleton,0,0
2026-09-28T13:04:33,/works/W2090028767,singleton,0,0
2026-09-28T13:04:33,/works/W1504576085,singleton,0,0
2026-09-28T13:04:33,/works/W2015671428,singleton,0,0
2026-09-28T13:04:33,/works/W1965828110,singleton,0,0
2026-09-28T13:04:33,/works/W1505347837,singleton,0,0
2026-09-28T13:04:33,/works/W2138803501,singleton,0,0
2026-09-28T13:04:33,/works/W2148125078,singleton,0,0
2026-09-28T13:04:33,/works/W2114382841,singleton,0,0
2026-09-28T13:04:34,/works/W2066852434,singleton,0,0
2026-09-28T13:04:34,/works/W2470458574,singleton,0,0
2026-09-28T13:04:34,/works/W2115070464,singleton,0,0
2026-09-28T13:04:34,/works/W2008813902,singleton,0,0
2026-09-28T13:04:34,/works/W2031815186,singleton,0,0
2026-09-28T13:04:34,/works/W2148585806,singleton,0,0
2026-09-28T13:04:34,/works/W1505347837,singleton,0,0
2026-09-28T13:04:34,/works/W1965828110,singleton,0,0
2026-09-28T13:04:34,/works/W2148125078,singleton,0,0
2026-09-28T13:04:34,/works/W2069861503,singleton,0,0
2026-09-28T13:04:34,/works/W2029292308,singleton,0,0
2026-09-28T13:04:35,/works/W2067620205,singleton,0,0
2026-09-28T13:04:35,/works/W2138803501,singleton,0,0
2026-09-28T13:04:35,/works/W2096589774,singleton,0,0
2026-09-28T13:04:35,/works/W2008813902,singleton,0,0
2026-09-28T13:04:35,/works/W2159211681,singleton,0,0
2026-09-28T13:04:35,/works/W2470458574,singleton,0,0
2026-09-28T13:04:35,/works/W1971209054,singleton,0,0
2026-09-28T13:04:35,/works/W2005634089,singleton,0,0
2026-09-28T13:04:35,/works/W2148585806,singleton,0,0
2026-09-28T13:04:35,/works/W2029292308,singleton,0,0
2026-09-28T13:04:36,/works/W2054501768,singleton,0,0
2026-09-28T13:04:36,/works/W1972390674,singleton,0,0
2026-09-28T13:04:36,/works/W2046702494,singleton,0,0
2026-09-28T13:04:36,/works/W1965828110,singleton,0,0
2026-09-28T13:04:36,/works/doi:10.1161/CIRCULATIONAHA.108.767012,singleton,0,0
2026-09-28T13:04:36,/works/W2008813902,singleton,0,0
2026-09-28T13:04:36,/works/W1995866608,singleton,0,0
2026-09-28T13:04:36,/works/W2005634089,singleton,0,0
2026-09-28T13:04:36,/works/W2054501768,singleton,0,0
2026-09-28T13:04:36,/works/W2120398062,singleton,0,0
2026-09-28T13:04:37,/works/W2159211681,singleton,0,0
2026-09-28T13:04:37,/works/W2355996365,singleton,0,0
2026-09-28T13:04:37,/works/W1980812560,singleton,0,0
2026-09-28T13:04:37,/works/W2100567260,singleton,0,0
2026-09-28T13:04:37,/works/W1995866608,singleton,0,0
2026-09-28T13:04:37,/works/W2148585806,singleton,0,0
2026-09-28T13:04:37,/works/W1988809720,singleton,0,0
2026-09-28T13:04:37,/works/W2000718806,singleton,0,0
2026-09-28T13:04:37,/works/W2086945105,singleton,0,0
2026-09-28T13:04:37,/works/W2008813902,singleton,0,0
2026-09-28T13:04:37,/works/W2097144716,singleton,0,0
2026-09-28T13:04:37,/works/W2083325351,singleton,0,0
2026-09-28T13:04:38,/works/W2005634089,singleton,0,0
2026-09-28T13:04:38,/works/W2007654832,singleton,0,0
2026-09-28T13:04:38,/works/W2100567260,singleton,0,0
2026-09-28T13:04:38,/works/W2001644717,singleton,0,0
2026-09-28T13:04:38,/works/W1995866608,singleton,0,0
2026-09-28T13:04:38,/works/W2000718806,singleton,0,0
2026-09-28T13:04:38,/works/W1974908218,singleton,0,0
2026-09-28T13:04:38,/works/W2025047108,singleton,0,0
2026-09-28T13:04:38,/works/W1988809720,singleton,0,0
2026-09-28T13:04:39,/works/W2062640673,singleton,0,0
2026-09-28T13:04:39,/works/W248902907,singleton,0,0
2026-09-28T13:04:39,/works/W2100567260,singleton,0,0
2026-09-28T13:04:39,/works/W2005634089,singleton,0,0
2026-09-28T13:04:39,/works/W2063542414,singleton,0,0
2026-09-28T13:04:39,/works/W2097144716,singleton,0,0
2026-09-28T13:04:39,/works/W2007654832,singleton,0,0
2026-09-28T13:04:39,/works/W1988809720,singleton,0,0
2026-09-28T13:04:39,/works/doi:10.1016/j.ancard.2008.08.004,singleton,0,0
2026-09-28T13:04:40,/works/W2000718806,singleton,0,0
2026-09-28T13:04:40,/works/W1976789927,singleton,0,0
2026-09-28T13:04:40,/works/W1963652660,singleton,0,0
2026-09-28T13:04:40,/works/W1971924438,singleton,0,0
2026-09-28T13:04:40,/works/W1975781506,singleton,0,0
2026-09-28T13:04:40,/works/W2062640673,singleton,0,0
2026-09-28T13:04:40,/works/W2469904367,singleton,0,0
2026-09-28T13:04:40,/works/W2063542414,singleton,0,0
2026-09-28T13:04:40,/works/W2100567260,singleton,0,0
2026-09-28T13:04:40,/works/W1559544777,singleton,0,0
2026-09-28T13:04:40,/works/W2005634089,singleton,0,0
2026-09-28T13:04:40,/works/W2084687265,singleton,0,0
2026-09-28T13:04:41,/works/W2169011934,singleton,0,0
2026-09-28T13:04:41,/works/W2091207223,singleton,0,0
2026-09-28T13:04:41,/works/W2042194427,singleton,0,0
2026-09-28T13:04:41,/works/W2007654832,singleton,0,0
2026-09-28T13:04:41,/works/W2011533525,singleton,0,0
2026-09-28T13:04:41,/works/W2005634089,singleton,0,0
2026-09-28T13:04:41,/works/W1967471413,singleton,0,0
2026-09-28T13:04:41,/works/W2084687265,singleton,0,0
2026-09-28T13:04:41,/works/W2047493878,singleton,0,0
2026-09-28T13:04:42,/works/W2100567260,singleton,0,0
2026-09-28T13:04:42,/works/W2016377758,singleton,0,0
2026-09-28T13:04:42,/works/W1559544777,singleton,0,0
2026-09-28T13:04:42,/works/doi:10.1007/s11606-008-0744-4,singleton,0,0
2026-09-28T13:04:42,/works/W1971924438,singleton,0,0
2026-09-28T13:04:42,/works/W64035011,singleton,0,0
2026-09-28T13:04:42,/works/W2042194427,singleton,0,0
2026-09-28T13:04:42,/works/W2151239838,singleton,0,0
2026-09-28T13:04:43,/works/W1967471413,singleton,0,0
2026-09-28T13:04:43,/works/W2005634089,singleton,0,0
2026-09-28T13:04:43,/works/W2061081176,singleton,0,0
2026-09-28T13:04:43,/works/W1559544777,singleton,0,0
2026-09-28T13:04:43,/works/W2084687265,singleton,0,0
2026-09-28T13:04:43,/works/W1560317549,singleton,0,0
2026-09-28T13:04:43,/works/W2015878560,singleton,0,0
2026-09-28T13:04:43,/works/W2768370019,singleton,0,0
2026-09-28T13:04:43,/works/W2016377758,singleton,0,0
2026-09-28T13:04:43,/works/W2122769401,singleton,0,0
2026-09-28T13:04:44,/works/W2163944355,singleton,0,0
2026-09-28T13:04:44,/works/W64035011,singleton,0,0
2026-09-28T13:04:44,/works/W2045395227,singleton,0,0
2026-09-28T13:04:44,/works/W1559544777,singleton,0,0
2026-09-28T13:04:44,/works/W2042194427,singleton,0,0
2026-09-28T13:04:44,/works/W1560317549,singleton,0,0
2026-09-28T13:04:44,/works/W1972801726,singleton,0,0
2026-09-28T13:04:44,/works/W2163944355,singleton,0,0
2026-09-28T13:04:45,/works/W2015878560,singleton,0,0
2026-09-28T13:04:45,/works/W1559544777,singleton,0,0
2026-09-28T13:04:45,/works/W64035011,singleton,0,0
2026-09-28T13:04:45,/works/W2084687265,singleton,0,0
2026-09-28T13:04:45,/works/W2068647365,singleton,0,0
2026-09-28T13:04:45,/works/W2045395227,singleton,0,0
2026-09-28T13:04:45,/works/W2479703882,singleton,0,0
2026-09-28T13:04:45,/works/W2010684532,singleton,0,0
2026-09-28T13:04:45,/works/W2035620702,singleton,0,0
2026-09-28T13:04:45,/works/W2042194427,singleton,0,0
2026-09-28T13:04:46,/works/W2068647365,singleton,0,0
2026-09-28T13:04:46,/works/W1559544777,singleton,0,0
2026-09-28T13:04:46,/works/W2042194427,singleton,0,0
2026-09-28T13:04:46,/works/W1972801726,singleton,0,0
2026-09-28T13:04:46,/works/W64035011,singleton,0,0
2026-09-28T13:04:46,/works/W2336258928,singleton,0,0
2026-09-28T13:04:46,/works/W2010684532,singleton,0,0
2026-09-28T13:04:46,/works/W2479703882,singleton,0,0
2026-09-28T13:04:46,/works/W2035620702,singleton,0,0
2026-09-28T13:04:46,/works/doi:10.1093/eurheartj/ehl274,singleton,0,0
2026-09-28T13:04:47,/works/W2327534734,singleton,0,0
2026-09-28T13:04:47,/works/W2031153844,singleton,0,0
2026-09-28T13:04:47,/works/W2019603527,singleton,0,0
2026-09-28T13:04:47,/works/W2023479537,singleton,0,0
2026-09-28T13:04:47,/works/W2068647365,singleton,0,0
2026-09-28T13:04:47,/works/W2106209087,singleton,0,0
2026-09-28T13:04:47,/works/W2110429249,singleton,0,0
2026-09-28T13:04:47,/works/W2479703882,singleton,0,0
2026-09-28T13:04:47,/works/W1972801726,singleton,0,0
2026-09-28T13:04:47,/works/W64035011,singleton,0,0
2026-09-28T13:04:47,/works/W2075325032,singleton,0,0
2026-09-28T13:04:48,/works/W2938947527,singleton,0,0
2026-09-28T13:04:48,/works/W2010684532,singleton,0,0
2026-09-28T13:04:48,/works/W1486229730,singleton,0,0
2026-09-28T13:04:48,/works/W2048629556,singleton,0,0
2026-09-28T13:04:48,/works/W2031153844,singleton,0,0
2026-09-28T13:04:49,/works/W2110429249,singleton,0,0
2026-09-28T13:04:49,/works/W2106209087,singleton,0,0
2026-09-28T13:04:49,/works/W2108278431,singleton,0,0
2026-09-28T13:04:49,/works/W2938947527,singleton,0,0
2026-09-28T13:04:49,/works/W1972801726,singleton,0,0
2026-09-28T13:04:49,/works/W64035011,singleton,0,0
2026-09-28T13:04:49,/works/W2330100113,singleton,0,0
2026-09-28T13:04:49,/works/W2031153844,singleton,0,0
2026-09-28T13:04:49,/works/W2010684532,singleton,0,0
2026-09-28T13:04:50,/works/W2110429249,singleton,0,0
2026-09-28T13:04:50,/works/W2108278431,singleton,0,0
2026-09-28T13:04:50,/works/W2106209087,singleton,0,0
2026-09-28T13:04:51,/works/W2031153844,singleton,0,0
2026-09-28T13:04:56,/works/W2537615320,singleton,0,0
2026-09-28T13:04:56,/works/W2150653125,singleton,0,0
2026-09-28T13:04:56,/works/W433493640,singleton,0,0
2026-09-28T13:04:56,/works/W2107565471,singleton,0,0
2026-09-28T13:04:56,/works/doi:10.1109/socc.2007.4545433,singleton,0,0
2026-09-28T13:04:56,/works/W2154070901,singleton,0,0
2026-09-28T13:04:56,/works/W2083799151,singleton,0,0
2026-09-28T13:04:56,/works/W88422668,singleton,0,0
2026-09-28T13:04:56,/works/W2173788200,singleton,0,0
2026-09-28T13:04:57,/works/W2150653125,singleton,0,0
2026-09-28T13:04:57,/works/W433493640,singleton,0,0
2026-09-28T13:04:57,/works/W2107565471,singleton,0,0
2026-09-28T13:04:57,/works/doi:10.1109/socc.2007.4545433,singleton,0,0
2026-09-28T13:04:57,/works/W2537615320,singleton,0,0
2026-09-28T13:04:57,/works/W968285185,singleton,0,0
2026-09-28T13:04:57,/works/W2083799151,singleton,0,0
2026-09-28T13:04:57,/works/W2106324648,singleton,0,0
2026-09-28T13:04:57,/works/W2154070901,singleton,0,0
2026-09-28T13:04:58,/works/W2173788200,singleton,0,0
2026-09-28T13:04:58,/works/W2137754275,singleton,0,0
2026-09-28T13:04:58,/works/W2167546330,singleton,0,0
2026-09-28T13:04:58,/works/doi:10.1109/socc.2007.4545433,singleton,0,0
2026-09-28T13:04:58,/works/W2146583150,singleton,0,0
2026-09-28T13:04:58,/works/W433493640,singleton,0,0
2026-09-28T13:04:58,/works/W2083799151,singleton,0,0
2026-09-28T13:04:58,/works/W2137622216,singleton,0,0
2026-09-28T13:04:58,/works/W968285185,singleton,0,0
2026-09-28T13:04:58,/works/W2150653125,singleton,0,0
2026-09-28T13:04:58,/works/W1986743079,singleton,0,0
2026-09-28T13:04:58,/works/W2153476212,singleton,0,0
2026-09-28T13:04:59,/works/W2103209617,singleton,0,0
2026-09-28T13:04:59,/works/W2359400761,singleton,0,0
2026-09-28T13:04:59,/works/W1580164580,singleton,0,0
2026-09-28T13:04:59,/works/W2137754275,singleton,0,0
2026-09-28T13:04:59,/works/W968285185,singleton,0,0
2026-09-28T13:04:59,/works/W2137622216,singleton,0,0
2026-09-28T13:04:59,/works/W2546091480,singleton,0,0
2026-09-28T13:04:59,/works/W2083799151,singleton,0,0
2026-09-28T13:05:00,/works/W2146583150,singleton,0,0
2026-09-28T13:05:00,/works/W2124012069,singleton,0,0
2026-09-28T13:05:00,/works/W2359400761,singleton,0,0
2026-09-28T13:05:00,/works/W2103209617,singleton,0,0
2026-09-28T13:05:00,/works/W1487813689,singleton,0,0
2026-09-28T13:05:00,/works/W1996143424,singleton,0,0
2026-09-28T13:05:00,/works/W2137622216,singleton,0,0
2026-09-28T13:05:00,/works/W2155416924,singleton,0,0
2026-09-28T13:05:00,/works/W2137754275,singleton,0,0
2026-09-28T13:05:01,/works/W2124007710,singleton,0,0
2026-09-28T13:05:01,/works/W602725466,singleton,0,0
2026-09-28T13:05:01,/works/W968285185,singleton,0,0
2026-09-28T13:05:01,/works/W2155416924,singleton,0,0
2026-09-28T13:05:01,/works/W2136242442,singleton,0,0
2026-09-28T13:05:01,/works/W2083799151,singleton,0,0
2026-09-28T13:05:01,/works/W2124012069,singleton,0,0
2026-09-28T13:05:01,/works/W2103209617,singleton,0,0
2026-09-28T13:05:01,/works/W2115857566,singleton,0,0
2026-09-28T13:05:02,/works/W2018059827,singleton,0,0
2026-09-28T13:05:02,/works/W2083799151,singleton,0,0
2026-09-28T13:05:02,/works/W2150461073,singleton,0,0
2026-09-28T13:05:02,/works/W968285185,singleton,0,0
2026-09-28T13:05:02,/works/W2124007710,singleton,0,0
2026-09-28T13:05:02,/works/W2155416924,singleton,0,0
2026-09-28T13:05:02,/works/W1996143424,singleton,0,0
2026-09-28T13:05:02,/works/W2143846197,singleton,0,0
2026-09-28T13:05:02,/works/W1513347034,singleton,0,0
2026-09-28T13:05:02,/works/W2124012069,singleton,0,0
2026-09-28T13:05:03,/works/W2124007710,singleton,0,0
2026-09-28T13:05:03,/works/W2115857566,singleton,0,0
2026-09-28T13:05:03,/works/W2083799151,singleton,0,0
2026-09-28T13:05:03,/works/W2158315004,singleton,0,0
2026-09-28T13:05:03,/works/W2150461073,singleton,0,0
2026-09-28T13:05:03,/works/W2133715995,singleton,0,0
2026-09-28T13:05:03,/works/W968285185,singleton,0,0
2026-09-28T13:05:04,/works/W57617896,singleton,0,0
2026-09-28T13:05:04,/works/W2130012952,singleton,0,0
2026-09-28T13:05:04,/works/W2083799151,singleton,0,0
2026-09-28T13:05:04,/works/W2143846197,singleton,0,0
2026-09-28T13:05:04,/works/W2127325002,singleton,0,0
2026-09-28T13:05:04,/works/W1513347034,singleton,0,0
2026-09-28T13:05:04,/works/W2099540870,singleton,0,0
2026-09-28T13:05:04,/works/W2158315004,singleton,0,0
2026-09-28T13:05:04,/works/W2613375753,singleton,0,0
2026-09-28T13:05:04,/works/W2090074388,singleton,0,0
2026-09-28T13:05:04,/works/W2124007710,singleton,0,0
2026-09-28T13:05:04,/works/W2083799151,singleton,0,0
2026-09-28T13:05:04,/works/W2144714690,singleton,0,0
2026-09-28T13:05:05,/works/W263555096,singleton,0,0
2026-09-28T13:05:05,/works/W2543092991,singleton,0,0
2026-09-28T13:05:05,/works/W968285185,singleton,0,0
2026-09-28T13:05:05,/works/W154113144,singleton,0,0
2026-09-28T13:05:05,/works/W2184984071,singleton,0,0
2026-09-28T13:05:05,/works/W2127325002,singleton,0,0
2026-09-28T13:05:05,/works/W1513347034,singleton,0,0
2026-09-28T13:05:05,/works/W2105297944,singleton,0,0
2026-09-28T13:05:05,/works/W2142886568,singleton,0,0
2026-09-28T13:05:06,/works/W2090074388,singleton,0,0
2026-09-28T13:05:06,/works/W2083799151,singleton,0,0
2026-09-28T13:05:06,/works/W2187637398,singleton,0,0
2026-09-28T13:05:06,/works/W2144714690,singleton,0,0
2026-09-28T13:05:06,/works/W2543092991,singleton,0,0
2026-09-28T13:05:06,/works/W79272257,singleton,0,0
2026-09-28T13:05:07,/works/W2127325002,singleton,0,0
2026-09-28T13:05:07,/works/W2105297944,singleton,0,0
2026-09-28T13:05:07,/works/W1513347034,singleton,0,0
2026-09-28T13:05:07,/works/W2142886568,singleton,0,0
2026-09-28T13:05:07,/works/W2137148395,singleton,0,0
2026-09-28T13:05:07,/works/W2543092991,singleton,0,0
2026-09-28T13:05:07,/works/W2187637398,singleton,0,0
2026-09-28T13:05:07,/works/W2137703589,singleton,0,0
2026-09-28T13:05:08,/works/W2542353220,singleton,0,0
2026-09-28T13:05:08,/works/W2020750738,singleton,0,0
2026-09-28T13:05:08,/works/W2083799151,singleton,0,0
2026-09-28T13:05:08,/works/W2091549976,singleton,0,0
2026-09-28T13:05:08,/works/W1970300375,singleton,0,0
2026-09-28T13:05:08,/works/W2105297944,singleton,0,0
2026-09-28T13:05:08,/works/W79272257,singleton,0,0
2026-09-28T13:05:08,/works/W2127325002,singleton,0,0
2026-09-28T13:05:08,/works/W1968442035,singleton,0,0
2026-09-28T13:05:08,/works/W2532801379,singleton,0,0
2026-09-28T13:05:08,/works/W2083799151,singleton,0,0
2026-09-28T13:05:08,/works/W2091549976,singleton,0,0
2026-09-28T13:05:09,/works/W2144269851,singleton,0,0
2026-09-28T13:05:09,/works/W69668993,singleton,0,0
2026-09-28T13:05:09,/works/W79272257,singleton,0,0
2026-09-28T13:05:09,/works/W1970300375,singleton,0,0
2026-09-28T13:05:09,/works/W2542353220,singleton,0,0
2026-09-28T13:05:09,/works/W2020750738,singleton,0,0
2026-09-28T13:05:09,/works/W1027148968,singleton,0,0
2026-09-28T13:05:09,/works/W1576728822,singleton,0,0
2026-09-28T13:05:09,/works/W1985326028,singleton,0,0
2026-09-28T13:05:09,/works/W2125093651,singleton,0,0
2026-09-28T13:05:09,/works/W2148961428,singleton,0,0
2026-09-28T13:05:09,/works/W2091549976,singleton,0,0
2026-09-28T13:05:10,/works/W2144269851,singleton,0,0
2026-09-28T13:05:10,/works/W2164231840,singleton,0,0
2026-09-28T13:05:10,/works/W2083799151,singleton,0,0
2026-09-28T13:05:10,/works/W2127961310,singleton,0,0
2026-09-28T13:05:10,/works/W120038527,singleton,0,0
2026-09-28T13:05:10,/works/W2542353220,singleton,0,0
2026-09-28T13:05:10,/works/W2091549976,singleton,0,0
2026-09-28T13:05:11,/works/W2023057204,singleton,0,0
2026-09-28T13:05:11,/works/W2171738606,singleton,0,0
2026-09-28T13:05:11,/works/W1027148968,singleton,0,0
2026-09-28T13:05:11,/works/W2148961428,singleton,0,0
2026-09-28T13:05:11,/works/W2010247116,singleton,0,0
2026-09-28T13:05:11,/works/W1985326028,singleton,0,0
2026-09-28T13:05:11,/works/W2083799151,singleton,0,0
2026-09-28T13:05:11,/works/W2141763930,singleton,0,0
2026-09-28T13:05:11,/works/W2127961310,singleton,0,0
2026-09-28T13:05:12,/works/W2005638607,singleton,0,0
2026-09-28T13:05:12,/works/W1996784703,singleton,0,0
2026-09-28T13:05:12,/works/W2091549976,singleton,0,0
2026-09-28T13:05:12,/works/W2171624770,singleton,0,0
2026-09-28T13:05:12,/works/W2171720623,singleton,0,0
2026-09-28T13:05:12,/works/W2171738606,singleton,0,0
2026-09-28T13:05:12,/works/W2023057204,singleton,0,0
2026-09-28T13:05:12,/works/W2010247116,singleton,0,0
2026-09-28T13:05:12,/works/W191860886,singleton,0,0
2026-09-28T13:05:12,/works/W2091549976,singleton,0,0
2026-09-28T13:05:12,/works/W2083799151,singleton,0,0
2026-09-28T13:05:13,/works/W2169190612,singleton,0,0
2026-09-28T13:05:13,/works/W2112295811,singleton,0,0
2026-09-28T13:05:13,/works/W1996784703,singleton,0,0
2026-09-28T13:05:13,/works/W2167643611,singleton,0,0
2026-09-28T13:05:13,/works/W161105646,singleton,0,0
2026-09-28T13:05:13,/works/W2023057204,singleton,0,0
2026-09-28T13:05:13,/works/W2171624770,singleton,0,0
2026-09-28T13:05:13,/works/W2171738606,singleton,0,0
2026-09-28T13:05:13,/works/W2083799151,singleton,0,0
2026-09-28T13:05:13,/works/W2091549976,singleton,0,0
2026-09-28T13:05:14,/works/W1867393312,singleton,0,0
2026-09-28T13:05:14,/works/W597043238,singleton,0,0
2026-09-28T13:05:14,/works/W2127475611,singleton,0,0
2026-09-28T13:05:14,/works/W2023057204,singleton,0,0
2026-09-28T13:05:14,/works/W2545885563,singleton,0,0
2026-09-28T13:05:14,/works/W1996784703,singleton,0,0
2026-09-28T13:05:14,/works/W2083799151,singleton,0,0
2026-09-28T13:05:15,/works/W2167643611,singleton,0,0
2026-09-28T13:05:15,/works/W161105646,singleton,0,0
2026-09-28T13:05:15,/works/W2110617171,singleton,0,0
2026-09-28T13:05:15,/works/W1867393312,singleton,0,0
2026-09-28T13:05:15,/works/W2143846708,singleton,0,0
2026-09-28T13:05:15,/works/W2545885563,singleton,0,0
2026-09-28T13:05:15,/works/W2150609951,singleton,0,0
2026-09-28T13:05:15,/works/W597043238,singleton,0,0
2026-09-28T13:05:15,/works/W1972088191,singleton,0,0
2026-09-28T13:05:15,/works/W1503105426,singleton,0,0
2026-09-28T13:05:15,/works/W2100368876,singleton,0,0
2026-09-28T13:05:15,/works/W2167643611,singleton,0,0
2026-09-28T13:05:15,/works/W2083799151,singleton,0,0
2026-09-28T13:05:16,/works/W2023057204,singleton,0,0
2026-09-28T13:05:16,/works/W2102148388,singleton,0,0
2026-09-28T13:05:16,/works/W2130600085,singleton,0,0
2026-09-28T13:05:16,/works/W1972088191,singleton,0,0
2026-09-28T13:05:16,/works/W767156886,singleton,0,0
2026-09-28T13:05:16,/works/W2143846708,singleton,0,0
2026-09-28T13:05:16,/works/W2150609951,singleton,0,0
2026-09-28T13:05:16,/works/W1503105426,singleton,0,0
2026-09-28T13:05:16,/works/W2023057204,singleton,0,0
2026-09-28T13:05:16,/works/W2102148388,singleton,0,0
2026-09-28T13:05:17,/works/W153099608,singleton,0,0
2026-09-28T13:05:17,/works/W2159068956,singleton,0,0
2026-09-28T13:05:17,/works/W2110626967,singleton,0,0
2026-09-28T13:05:17,/works/W2100368876,singleton,0,0
2026-09-28T13:05:17,/works/W2150609951,singleton,0,0
2026-09-28T13:05:18,/works/W2159068956,singleton,0,0
2026-09-28T13:05:18,/works/W2102148388,singleton,0,0
2026-09-28T13:05:18,/works/W2143846708,singleton,0,0
2026-09-28T13:05:19,/works/W2100368876,singleton,0,0
2026-09-28T13:05:21,/works/W2148551279,singleton,0,0
2026-09-28T13:05:21,/works/W2106427050,singleton,0,0
2026-09-28T13:05:21,/works/W1981263152,singleton,0,0
2026-09-28T13:05:21,/works/W2046170024,singleton,0,0
2026-09-28T13:05:21,/works/W2076687837,singleton,0,0
2026-09-28T13:05:21,/works/W2121715484,singleton,0,0
2026-09-28T13:05:21,/works/W2329884787,singleton,0,0
2026-09-28T13:05:21,/works/W1971343076,singleton,0,0
2026-09-28T13:05:21,/works/W156238709,singleton,0,0
2026-09-28T13:05:21,/works/W1966227095,singleton,0,0
2026-09-28T13:05:21,/works/W2058128874,singleton,0,0
2026-09-28T13:05:21,/works/W2165967751,singleton,0,0
2026-09-28T13:05:21,/works/W2011032464,singleton,0,0
2026-09-28T13:05:22,/works/W1999582833,singleton,0,0
2026-09-28T13:05:22,/works/W2323585481,singleton,0,0
2026-09-28T13:05:22,/works/W2069480115,singleton,0,0
2026-09-28T13:05:22,/works/W2000727844,singleton,0,0
2026-09-28T13:05:22,/works/W2045361370,singleton,0,0
2026-09-28T13:05:22,/works/W2095268412,singleton,0,0
2026-09-28T13:05:22,/works/W2059706505,singleton,0,0
2026-09-28T13:05:22,/works/W2534204673,singleton,0,0
2026-09-28T13:05:22,/works/W2160836946,singleton,0,0
2026-09-28T13:05:22,/works/W2082957355,singleton,0,0
2026-09-28T13:05:22,/works/W2126677788,singleton,0,0
2026-09-28T13:05:22,/works/W2160867523,singleton,0,0
2026-09-28T13:05:22,/works/W2048308819,singleton,0,0
2026-09-28T13:05:22,/works/W1970269515,singleton,0,0
2026-09-28T13:05:22,/works/W2061684001,singleton,0,0
2026-09-28T13:05:22,/works/W2028759731,singleton,0,0
2026-09-28T13:05:22,/works/W655069029,singleton,0,0
2026-09-28T13:05:22,/works/W1883192700,singleton,0,0
2026-09-28T13:05:22,/works/W2903612267,singleton,0,0
2026-09-28T13:05:23,/works/W2398777658,singleton,0,0
2026-09-28T13:05:23,/works/W2102960075,singleton,0,0
2026-09-28T13:05:23,/works/W2062223829,singleton,0,0
2026-09-28T13:05:23,/works/W2034223886,singleton,0,0
2026-09-28T13:05:23,/works/W1977353118,singleton,0,0
2026-09-28T13:05:23,/works/W2143885548,singleton,0,0
2026-09-28T13:05:23,/works/W2030275442,singleton,0,0
2026-09-28T13:05:23,/works/W2138260443,singleton,0,0
2026-09-28T13:05:23,/works/W2025736231,singleton,0,0
2026-09-28T13:05:23,/works/W2103986269,singleton,0,0
2026-09-28T13:05:23,/works/W2294274448,singleton,0,0
2026-09-28T13:05:23,/works/W179187328,singleton,0,0
2026-09-28T13:05:23,/works/W2146748799,singleton,0,0
2026-09-28T13:05:23,/works/W2025917402,singleton,0,0
2026-09-28T13:05:23,/works/W2031041969,singleton,0,0
2026-09-28T13:05:23,/works/W1592741422,singleton,0,0
2026-09-28T13:05:23,/works/W2289962055,singleton,0,0
2026-09-28T13:05:24,/works/W292668259,singleton,0,0
2026-09-28T13:05:24,/works/W2159378532,singleton,0,0
2026-09-28T13:05:24,/works/W2035026907,singleton,0,0
2026-09-28T13:05:24,/works/W2128787017,singleton,0,0
2026-09-28T13:05:24,/works/W93632061,singleton,0,0
2026-09-28T13:05:24,/works/W1993717606,singleton,0,0
2026-09-28T13:05:24,/works/W2080460674,singleton,0,0
2026-09-28T13:05:24,/works/W2115077553,singleton,0,0
2026-09-28T13:05:24,/works/W1989773258,singleton,0,0
2026-09-28T13:05:24,/works/W2162112159,singleton,0,0
2026-09-28T13:05:24,/works/W2113062149,singleton,0,0
2026-09-28T13:05:24,/works/W2147010197,singleton,0,0
2026-09-28T13:05:24,/works/W2112888758,singleton,0,0
2026-09-28T13:05:24,/works/W2124885947,singleton,0,0
2026-09-28T13:05:24,/works/W1600216716,singleton,0,0
2026-09-28T13:05:24,/works/W2016386623,singleton,0,0
2026-09-28T13:05:24,/works/W2137571291,singleton,0,0
2026-09-28T13:05:24,/works/W2072117517,singleton,0,0
2026-09-28T13:05:24,/works/W1967636686,singleton,0,0
2026-09-28T13:05:24,/works/W2979505793,singleton,0,0
2026-09-28T13:05:25,/works/W2053327077,singleton,0,0
2026-09-28T13:05:25,/works/W1968981675,singleton,0,0
2026-09-28T13:05:25,/works/W2105843807,singleton,0,0
2026-09-28T13:05:25,/works/W2230274267,singleton,0,0
2026-09-28T13:05:25,/works/W2747823963,singleton,0,0
2026-09-28T13:05:25,/works/W2097269738,singleton,0,0
2026-09-28T13:05:25,/works/W2158805401,singleton,0,0
2026-09-28T13:05:25,/works/W2129600986,singleton,0,0
2026-09-28T13:05:25,/works/W2057250631,singleton,0,0
2026-09-28T13:05:25,/works/W2148446997,singleton,0,0
2026-09-28T13:05:25,/works/W2030787083,singleton,0,0
2026-09-28T13:05:25,/works/W1857091818,singleton,0,0
2026-09-28T13:05:25,/works/W1964230922,singleton,0,0
2026-09-28T13:05:25,/works/W1994962538,singleton,0,0
2026-09-28T13:05:25,/works/W2134761066,singleton,0,0
2026-09-28T13:05:25,/works/W2044821377,singleton,0,0
2026-09-28T13:05:26,/works/W2089434914,singleton,0,0
2026-09-28T13:05:26,/works/W1985748408,singleton,0,0
2026-09-28T13:05:26,/works/W2088900648,singleton,0,0
2026-09-28T13:05:26,/works/W2025224198,singleton,0,0
2026-09-28T13:05:26,/works/W2013849292,singleton,0,0
2026-09-28T13:05:26,/works/W2401516820,singleton,0,0
2026-09-28T13:05:26,/works/W2137939562,singleton,0,0
2026-09-28T13:05:26,/works/W2567172255,singleton,0,0
2026-09-28T13:05:26,/works/W1972986413,singleton,0,0
2026-09-28T13:05:26,/works/W2278731850,singleton,0,0
2026-09-28T13:05:26,/works/W1888229052,singleton,0,0
2026-09-28T13:05:26,/works/W2057250631,singleton,0,0
2026-09-28T13:05:27,/works/W2030787083,singleton,0,0
2026-09-28T13:05:27,/works/W2133530574,singleton,0,0
2026-09-28T13:05:27,/works/W1985748408,singleton,0,0
2026-09-28T13:05:27,/works/W1976814595,singleton,0,0
2026-09-28T13:05:27,/works/W2069661376,singleton,0,0
2026-09-28T13:05:27,/works/W1968475341,singleton,0,0
2026-09-28T13:05:27,/works/W2119600483,singleton,0,0
2026-09-28T13:05:27,/works/W1973433968,singleton,0,0
2026-09-28T13:05:27,/works/W1980220862,singleton,0,0
2026-09-28T13:05:27,/works/W2065398998,singleton,0,0
2026-09-28T13:05:27,/works/W2154852616,singleton,0,0
2026-09-28T13:05:27,/works/W2094263537,singleton,0,0
2026-09-28T13:05:27,/works/W1995382322,singleton,0,0
2026-09-28T13:05:27,/works/W2546831299,singleton,0,0
2026-09-28T13:05:27,/works/W108587998,singleton,0,0
2026-09-28T13:05:27,/works/W2099993931,singleton,0,0
2026-09-28T13:05:27,/works/W2149786230,singleton,0,0
2026-09-28T13:05:28,/works/W2106915364,singleton,0,0
2026-09-28T13:05:28,/works/W1540639900,singleton,0,0
2026-09-28T13:05:28,/works/W2164689310,singleton,0,0
2026-09-28T13:05:28,/works/W1963600662,singleton,0,0
2026-09-28T13:05:28,/works/W2069661376,singleton,0,0
2026-09-28T13:05:28,/works/W2977544527,singleton,0,0
2026-09-28T13:05:28,/works/W2061354549,singleton,0,0
2026-09-28T13:05:28,/works/W2001647046,singleton,0,0
2026-09-28T13:05:28,/works/W2093233596,singleton,0,0
2026-09-28T13:05:28,/works/W2065398998,singleton,0,0
2026-09-28T13:06:15,/works/W2098778163,singleton,0,0
2026-09-28T13:06:15,/works/W1991688353,singleton,0,0
2026-09-28T13:06:15,/works/W2012365050,singleton,0,0
2026-09-28T13:06:15,/works/W1488063332,singleton,0,0
2026-09-28T13:06:15,/works/W2398328967,singleton,0,0
2026-09-28T13:06:15,/works/W2083089230,singleton,0,0
2026-09-28T13:06:15,/works/W2090123905,singleton,0,0
2026-09-28T13:06:15,/works/W2067021526,singleton,0,0
2026-09-28T13:06:15,/works/W2140870344,singleton,0,0
2026-09-28T13:06:15,/works/W2020198512,singleton,0,0
2026-09-28T13:06:15,/works/W2146142507,singleton,0,0
2026-09-28T13:06:15,/works/W2108932401,singleton,0,0
2026-09-28T13:06:15,/works/W2539149039,singleton,0,0
2026-09-28T13:06:15,/works/W2117317879,singleton,0,0
2026-09-28T13:06:15,/works/W1987587749,singleton,0,0
2026-09-28T13:06:16,/works/W1557825922,singleton,0,0
2026-09-28T13:06:16,/works/W2118063682,singleton,0,0
2026-09-28T13:06:16,/works/W2093675132,singleton,0,0
2026-09-28T13:06:16,/works/W1987566197,singleton,0,0
2026-09-28T13:06:16,/works/W2338356541,singleton,0,0
2026-09-28T13:06:16,/works/W2147957776,singleton,0,0
2026-09-28T13:06:16,/works/W2146497634,singleton,0,0
2026-09-28T13:06:16,/works/W2561030916,singleton,0,0
2026-09-28T13:06:16,/works/W2134489205,singleton,0,0
2026-09-28T13:06:16,/works/W1995513458,singleton,0,0
2026-09-28T13:06:16,/works/W2165544264,singleton,0,0
2026-09-28T13:06:16,/works/W2165222812,singleton,0,0
2026-09-28T13:06:16,/works/W2106961804,singleton,0,0
2026-09-28T13:06:16,/works/W2131373651,singleton,0,0
2026-09-28T13:06:16,/works/W2033942371,singleton,0,0
2026-09-28T13:06:16,/works/W2542232750,singleton,0,0
2026-09-28T13:06:16,/works/W2490858314,singleton,0,0
2026-09-28T13:06:17,/works/W2032297769,singleton,0,0
2026-09-28T13:06:17,/works/W2031838578,singleton,0,0
2026-09-28T13:06:17,/works/W2077837382,singleton,0,0
2026-09-28T13:06:17,/works/W2160762680,singleton,0,0
2026-09-28T13:06:17,/works/W1964819584,singleton,0,0
2026-09-28T13:06:17,/works/W2103004206,singleton,0,0
2026-09-28T13:06:17,/works/W2045379578,singleton,0,0
2026-09-28T13:06:17,/works/W2135248661,singleton,0,0
2026-09-28T13:06:17,/works/W2019283543,singleton,0,0
2026-09-28T13:06:17,/works/W12892115,singleton,0,0
2026-09-28T13:06:17,/works/W2994922371,singleton,0,0
2026-09-28T13:06:17,/works/W196354601,singleton,0,0
2026-09-28T13:06:17,/works/W2011254489,singleton,0,0
2026-09-28T13:06:17,/works/W2008305887,singleton,0,0
2026-09-28T13:06:17,/works/W2164891257,singleton,0,0
2026-09-28T13:06:17,/works/W2046833234,singleton,0,0
2026-09-28T13:06:17,/works/W2907396596,singleton,0,0
2026-09-28T13:06:17,/works/W1974578174,singleton,0,0
2026-09-28T13:06:18,/works/W1991933460,singleton,0,0
2026-09-28T13:06:18,/works/W2110705266,singleton,0,0
2026-09-28T13:06:18,/works/W1965994537,singleton,0,0
2026-09-28T13:06:18,/works/W2169281307,singleton,0,0
2026-09-28T13:06:18,/works/W2011254489,singleton,0,0
2026-09-28T13:06:18,/works/W2059288335,singleton,0,0
2026-09-28T13:06:18,/works/W2046833234,singleton,0,0
2026-09-28T13:06:18,/works/W2994922371,singleton,0,0
2026-09-28T13:06:19,/works/W2029110944,singleton,0,0
2026-09-28T13:06:19,/works/W196354601,singleton,0,0
2026-09-28T13:06:19,/works/W2117154496,singleton,0,0
2026-09-28T13:06:19,/works/W12892115,singleton,0,0
2026-09-28T13:06:19,/works/W2187636656,singleton,0,0
2026-09-28T13:06:19,/works/W1974578174,singleton,0,0
2026-09-28T13:06:19,/works/W2127189052,singleton,0,0
2026-09-28T13:06:19,/works/W1965994537,singleton,0,0
2026-09-28T13:06:19,/works/W2163776603,singleton,0,0
2026-09-28T13:06:19,/works/W2078994388,singleton,0,0
2026-09-28T13:06:20,/works/W2046833234,singleton,0,0
2026-09-28T13:06:20,/works/W2059288335,singleton,0,0
2026-09-28T13:06:20,/works/W2187636656,singleton,0,0
2026-09-28T13:06:20,/works/W2117154496,singleton,0,0
2026-09-28T13:06:20,/works/W2071063082,singleton,0,0
2026-09-28T13:06:20,/works/W2994922371,singleton,0,0
2026-09-28T13:06:20,/works/W2076702255,singleton,0,0
2026-09-28T13:06:20,/works/W2417964658,singleton,0,0
2026-09-28T13:06:20,/works/W2036782323,singleton,0,0
2026-09-28T13:06:20,/works/W2115200286,singleton,0,0
2026-09-28T13:06:20,/works/W2127189052,singleton,0,0
2026-09-28T13:06:20,/works/W2078994388,singleton,0,0
2026-09-28T13:06:20,/works/W1973839985,singleton,0,0
2026-09-28T13:06:20,/works/W2166098378,singleton,0,0
2026-09-28T13:06:21,/works/W2181734786,singleton,0,0
2026-09-28T13:06:21,/works/W2076702255,singleton,0,0
2026-09-28T13:06:21,/works/W2026154453,singleton,0,0
2026-09-28T13:06:21,/works/W2417964658,singleton,0,0
2026-09-28T13:06:21,/works/W570379686,singleton,0,0
2026-09-28T13:06:21,/works/W2078994388,singleton,0,0
2026-09-28T13:06:21,/works/W2161238038,singleton,0,0
2026-09-28T13:06:21,/works/W2013878379,singleton,0,0
2026-09-28T13:06:21,/works/W2187636656,singleton,0,0
2026-09-28T13:06:22,/works/W2994922371,singleton,0,0
2026-09-28T13:06:22,/works/W2166098378,singleton,0,0
2026-09-28T13:06:22,/works/W2146120545,singleton,0,0
2026-09-28T13:06:22,/works/W2158575894,singleton,0,0
2026-09-28T13:06:22,/works/W570379686,singleton,0,0
2026-09-28T13:06:22,/works/W2161238038,singleton,0,0
2026-09-28T13:06:22,/works/W2315677063,singleton,0,0
2026-09-28T13:06:22,/works/W2144144497,singleton,0,0
2026-09-28T13:06:22,/works/W2078994388,singleton,0,0
2026-09-28T13:06:22,/works/W2071668610,singleton,0,0
2026-09-28T13:06:23,/works/W2417964658,singleton,0,0
2026-09-28T13:06:23,/works/W2108503049,singleton,0,0
2026-09-28T13:06:23,/works/W2013878379,singleton,0,0
2026-09-28T13:06:23,/works/W2061221411,singleton,0,0
2026-09-28T13:06:23,/works/W2148098927,singleton,0,0
2026-09-28T13:06:23,/works/W2035002549,singleton,0,0
2026-09-28T13:06:23,/works/W2166098378,singleton,0,0
2026-09-28T13:06:24,/works/W570379686,singleton,0,0
2026-09-28T13:06:24,/works/W2108503049,singleton,0,0
2026-09-28T13:06:24,/works/W2538751383,singleton,0,0
2026-09-28T13:06:24,/works/W2148098927,singleton,0,0
2026-09-28T13:06:24,/works/W2417964658,singleton,0,0
2026-09-28T13:06:24,/works/W2912596332,singleton,0,0
2026-09-28T13:06:24,/works/W2315677063,singleton,0,0
2026-09-28T13:06:24,/works/W1985491465,singleton,0,0
2026-09-28T13:06:24,/works/W2038638479,singleton,0,0
2026-09-28T13:06:24,/works/W2035002549,singleton,0,0
2026-09-28T13:06:24,/works/W2061221411,singleton,0,0
2026-09-28T13:06:24,/works/W2538751383,singleton,0,0
2026-09-28T13:06:24,/works/W2093955703,singleton,0,0
2026-09-28T13:06:25,/works/W2188004420,singleton,0,0
2026-09-28T13:06:25,/works/W2543735978,singleton,0,0
2026-09-28T13:06:25,/works/W2108503049,singleton,0,0
2026-09-28T13:06:25,/works/W2150006551,singleton,0,0
2026-09-28T13:06:25,/works/W2060336156,singleton,0,0
2026-09-28T13:06:25,/works/W204053170,singleton,0,0
2026-09-28T13:06:25,/works/W2086776323,singleton,0,0
2026-09-28T13:06:25,/works/W2131876137,singleton,0,0
2026-09-28T13:06:25,/works/W2068254226,singleton,0,0
2026-09-28T13:06:26,/works/W1985491465,singleton,0,0
2026-09-28T13:06:26,/works/W2912596332,singleton,0,0
2026-09-28T13:06:26,/works/W2188004420,singleton,0,0
2026-09-28T13:06:26,/works/W2315677063,singleton,0,0
2026-09-28T13:06:26,/works/W2009773791,singleton,0,0
2026-09-28T13:06:26,/works/W2086776323,singleton,0,0
2026-09-28T13:06:26,/works/W53896943,singleton,0,0
2026-09-28T13:06:26,/works/W2153331099,singleton,0,0
2026-09-28T13:06:26,/works/W2150006551,singleton,0,0
2026-09-28T13:06:26,/works/W2111414067,singleton,0,0
2026-09-28T13:06:26,/works/W2188004420,singleton,0,0
2026-09-28T13:06:27,/works/W2014753664,singleton,0,0
2026-09-28T13:06:27,/works/W2755172817,singleton,0,0
2026-09-28T13:06:27,/works/W2131876137,singleton,0,0
2026-09-28T13:06:27,/works/W2912596332,singleton,0,0
2026-09-28T13:06:27,/works/W1985491465,singleton,0,0
2026-09-28T13:06:27,/works/W193107942,singleton,0,0
2026-09-28T13:06:27,/works/W2111414067,singleton,0,0
2026-09-28T13:06:27,/works/W2031340135,singleton,0,0
2026-09-28T13:06:27,/works/W2118350646,singleton,0,0
2026-09-28T13:06:27,/works/W2188004420,singleton,0,0
2026-09-28T13:06:28,/works/W2153331099,singleton,0,0
2026-09-28T13:06:28,/works/W2755172817,singleton,0,0
2026-09-28T13:06:28,/works/W2150006551,singleton,0,0
2026-09-28T13:06:28,/works/W193107942,singleton,0,0
2026-09-28T13:06:28,/works/W2189589891,singleton,0,0
2026-09-28T13:06:28,/works/W2031340135,singleton,0,0
2026-09-28T13:06:28,/works/W2074432300,singleton,0,0
2026-09-28T13:06:28,/works/W2057320284,singleton,0,0
2026-09-28T13:06:29,/works/W2118350646,singleton,0,0
2026-09-28T13:06:29,/works/W2103336270,singleton,0,0
2026-09-28T13:06:29,/works/W2153331099,singleton,0,0
2026-09-28T13:06:29,/works/W2755172817,singleton,0,0
2026-09-28T13:06:29,/works/W1991817916,singleton,0,0
2026-09-28T13:06:29,/works/W2188004420,singleton,0,0
2026-09-28T13:06:29,/works/W2111414067,singleton,0,0
2026-09-28T13:06:29,/works/W2040142284,singleton,0,0
2026-09-28T13:06:29,/works/W2040452784,singleton,0,0
2026-09-28T13:06:29,/works/W2148533471,singleton,0,0
2026-09-28T13:06:30,/works/W2057320284,singleton,0,0
2026-09-28T13:06:30,/works/W2153331099,singleton,0,0
2026-09-28T13:06:30,/works/W2074432300,singleton,0,0
2026-09-28T13:06:30,/works/W1991817916,singleton,0,0
2026-09-28T13:06:30,/works/W2755172817,singleton,0,0
2026-09-28T13:06:30,/works/W2001084019,singleton,0,0
2026-09-28T13:06:30,/works/W39780823,singleton,0,0
2026-09-28T13:06:30,/works/W2101171282,singleton,0,0
2026-09-28T13:06:30,/works/W2037505697,singleton,0,0
2026-09-28T13:06:30,/works/W2069500145,singleton,0,0
2026-09-28T13:06:30,/works/W2123049120,singleton,0,0
2026-09-28T13:06:30,/works/doi:10.1002/dac.1100,singleton,0,0
2026-09-28T13:06:30,/works/W1992189487,singleton,0,0
2026-09-28T13:06:30,/works/W2188004420,singleton,0,0
2026-09-28T13:06:31,/works/W2159456336,singleton,0,0
2026-09-28T13:06:31,/works/W1578944521,singleton,0,0
2026-09-28T13:06:31,/works/W2143217983,singleton,0,0
2026-09-28T13:06:31,/works/W2040452784,singleton,0,0
2026-09-28T13:06:31,/works/W2015884191,singleton,0,0
2026-09-28T13:06:31,/works/W2003847708,singleton,0,0
2026-09-28T13:06:31,/works/W2148533471,singleton,0,0
2026-09-28T13:06:31,/works/W2151862095,singleton,0,0
2026-09-28T13:06:31,/works/W2198268652,singleton,0,0
2026-09-28T13:06:31,/works/W2161396898,singleton,0,0
2026-09-28T13:06:31,/works/W2101171282,singleton,0,0
2026-09-28T13:06:32,/works/W2092857867,singleton,0,0
2026-09-28T13:06:32,/works/W2044243104,singleton,0,0
2026-09-28T13:06:32,/works/W1992189487,singleton,0,0
2026-09-28T13:06:32,/works/W2138700000,singleton,0,0
2026-09-28T13:06:32,/works/W1578944521,singleton,0,0
2026-09-28T13:06:32,/works/W2143217983,singleton,0,0
2026-09-28T13:06:32,/works/W2161396898,singleton,0,0
2026-09-28T13:06:33,/works/W2083113973,singleton,0,0
2026-09-28T13:06:33,/works/W2015884191,singleton,0,0
2026-09-28T13:06:33,/works/W2138700000,singleton,0,0
2026-09-28T13:06:33,/works/W2101171282,singleton,0,0
2026-09-28T13:06:33,/works/W2044243104,singleton,0,0
2026-09-28T13:06:33,/works/W2538915225,singleton,0,0
2026-09-28T13:06:33,/works/W2075197455,singleton,0,0
2026-09-28T13:06:33,/works/W2078010006,singleton,0,0
2026-09-28T13:06:33,/works/W1992189487,singleton,0,0
2026-09-28T13:06:33,/works/W2141981363,singleton,0,0
2026-09-28T13:06:33,/works/W1811634150,singleton,0,0
2026-09-28T13:06:33,/works/W2083113973,singleton,0,0
2026-09-28T13:06:34,/works/W1578944521,singleton,0,0
2026-09-28T13:06:34,/works/W1999036294,singleton,0,0
2026-09-28T13:06:34,/works/W2118791961,singleton,0,0
2026-09-28T13:06:34,/works/W1998712914,singleton,0,0
2026-09-28T13:06:34,/works/W2032658843,singleton,0,0
2026-09-28T13:06:34,/works/W2060816106,singleton,0,0
2026-09-28T13:06:34,/works/W1988192182,singleton,0,0
2026-09-28T13:06:34,/works/W2075197455,singleton,0,0
2026-09-28T13:06:34,/works/W2141981363,singleton,0,0
2026-09-28T13:06:34,/works/W2161396898,singleton,0,0
2026-09-28T13:06:34,/works/W2029819670,singleton,0,0
2026-09-28T13:06:34,/works/W1982519342,singleton,0,0
2026-09-28T13:06:34,/works/W2163331422,singleton,0,0
2026-09-28T13:06:34,/works/W1970582367,singleton,0,0
2026-09-28T13:06:34,/works/W1993905642,singleton,0,0
2026-09-28T13:06:35,/works/W2114244412,singleton,0,0
2026-09-28T13:06:35,/works/W2045503734,singleton,0,0
2026-09-28T13:06:35,/works/W2798283713,singleton,0,0
2026-09-28T13:06:35,/works/W2150300805,singleton,0,0
2026-09-28T13:06:35,/works/W2004082698,singleton,0,0
2026-09-28T13:06:35,/works/W2032658843,singleton,0,0
2026-09-28T13:06:35,/works/W2083113973,singleton,0,0
2026-09-28T13:06:35,/works/W2151515810,singleton,0,0
2026-09-28T13:06:35,/works/W1970582367,singleton,0,0
2026-09-28T13:06:35,/works/W2163331422,singleton,0,0
2026-09-28T13:06:35,/works/W2162769359,singleton,0,0
2026-09-28T13:06:35,/works/W2076264348,singleton,0,0
2026-09-28T13:06:36,/works/W2240013515,singleton,0,0
2026-09-28T13:06:36,/works/W93590595,singleton,0,0
2026-09-28T13:06:36,/works/W1982519342,singleton,0,0
2026-09-28T13:06:36,/works/W2048096742,singleton,0,0
2026-09-28T13:06:36,/works/W2134984987,singleton,0,0
2026-09-28T13:06:36,/works/W2414248987,singleton,0,0
2026-09-28T13:06:36,/works/W2051846896,singleton,0,0
2026-09-28T13:06:36,/works/W2086898016,singleton,0,0
2026-09-28T13:06:36,/works/W2032658843,singleton,0,0
2026-09-28T13:06:36,/works/W1970582367,singleton,0,0
2026-09-28T13:06:36,/works/W2798283713,singleton,0,0
2026-09-28T13:06:37,/works/W2042461983,singleton,0,0
2026-09-28T13:06:37,/works/W1982519342,singleton,0,0
2026-09-28T13:06:37,/works/W93590595,singleton,0,0
2026-09-28T13:06:37,/works/W2414248987,singleton,0,0
2026-09-28T13:06:37,/works/W2325943429,singleton,0,0
2026-09-28T13:06:37,/works/W1970582367,singleton,0,0
2026-09-28T13:06:37,/works/W2051846896,singleton,0,0
2026-09-28T13:06:37,/works/W2798283713,singleton,0,0
2026-09-28T13:06:38,/works/W2156271979,singleton,0,0
2026-09-28T13:06:38,/works/W2086898016,singleton,0,0
2026-09-28T13:06:38,/works/W2414248987,singleton,0,0
2026-09-28T13:06:38,/works/W93590595,singleton,0,0
2026-09-28T13:06:38,/works/W2042461983,singleton,0,0
2026-09-28T13:06:38,/works/W2156271979,singleton,0,0
2026-09-28T13:06:38,/works/W2798283713,singleton,0,0
2026-09-28T13:06:38,/works/W2116977941,singleton,0,0
2026-09-28T13:06:38,/works/W2166098536,singleton,0,0
2026-09-28T13:06:39,/works/W1970582367,singleton,0,0
2026-09-28T13:06:39,/works/W2041445620,singleton,0,0
2026-09-28T13:06:39,/works/W2068347464,singleton,0,0
2026-09-28T13:06:39,/works/W2170728647,singleton,0,0
2026-09-28T13:06:39,/works/W88268029,singleton,0,0
2026-09-28T13:06:39,/works/W2098842027,singleton,0,0
2026-09-28T13:06:39,/works/W2051846896,singleton,0,0
2026-09-28T13:06:39,/works/W2133591934,singleton,0,0
2026-09-28T13:06:39,/works/W93590595,singleton,0,0
2026-09-28T13:06:39,/works/W2020770581,singleton,0,0
2026-09-28T13:06:39,/works/W2093412472,singleton,0,0
2026-09-28T13:06:39,/works/W1973236056,singleton,0,0
2026-09-28T13:06:39,/works/W2140320707,singleton,0,0
2026-09-28T13:06:40,/works/W2028934164,singleton,0,0
2026-09-28T13:06:40,/works/W2127069040,singleton,0,0
2026-09-28T13:06:40,/works/W2170894722,singleton,0,0
2026-09-28T13:06:40,/works/W2116977941,singleton,0,0
2026-09-28T13:06:40,/works/W2152568281,singleton,0,0
2026-09-28T13:06:40,/works/W204155047,singleton,0,0
2026-09-28T13:06:40,/works/W2099290538,singleton,0,0
2026-09-28T13:06:40,/works/W1975344675,singleton,0,0
2026-09-28T13:06:40,/works/W2798283713,singleton,0,0
2026-09-28T13:06:40,/works/W1997220633,singleton,0,0
2026-09-28T13:06:40,/works/W2406554004,singleton,0,0
2026-09-28T13:06:40,/works/W2054654823,singleton,0,0
2026-09-28T13:06:40,/works/W2140320707,singleton,0,0
2026-09-28T13:06:41,/works/W1969769657,singleton,0,0
2026-09-28T13:06:41,/works/W2494524508,singleton,0,0
2026-09-28T13:06:41,/works/W1973236056,singleton,0,0
2026-09-28T13:06:41,/works/W93590595,singleton,0,0
2026-09-28T13:06:42,/works/W1997220633,singleton,0,0
2026-09-28T13:06:42,/works/W1969769657,singleton,0,0
2026-09-28T13:07:34,/works/W2031972533,singleton,0,0
2026-09-28T13:07:34,/works/W2889013862,singleton,0,0
2026-09-28T13:07:34,/works/W2056451973,singleton,0,0
2026-09-28T13:07:34,/works/W2077789969,singleton,0,0
2026-09-28T13:07:34,/works/W2899025540,singleton,0,0
2026-09-28T13:07:34,/works/W2100364402,singleton,0,0
2026-09-28T13:07:34,/works/W2048318462,singleton,0,0
2026-09-28T13:07:34,/works/W1984770088,singleton,0,0
2026-09-28T13:07:34,/works/W2098929588,singleton,0,0
2026-09-28T13:07:35,/works/W2120356744,singleton,0,0
2026-09-28T13:07:35,/works/W2056451973,singleton,0,0
2026-09-28T13:07:35,/works/W2077789969,singleton,0,0
2026-09-28T13:07:35,/works/W2031972533,singleton,0,0
2026-09-28T13:07:35,/works/W2098929588,singleton,0,0
2026-09-28T13:07:35,/works/W2889013862,singleton,0,0
2026-09-28T13:07:35,/works/W2143160289,singleton,0,0
2026-09-28T13:07:35,/works/W2023217766,singleton,0,0
2026-09-28T13:07:35,/works/W2100364402,singleton,0,0
2026-09-28T13:07:36,/works/W2899025540,singleton,0,0
2026-09-28T13:07:36,/works/W2784907449,singleton,0,0
2026-09-28T13:07:36,/works/W2147885545,singleton,0,0
2026-09-28T13:07:36,/works/W1521351470,singleton,0,0
2026-09-28T13:07:36,/works/W2106562192,singleton,0,0
2026-09-28T13:07:36,/works/W2077789969,singleton,0,0
2026-09-28T13:07:36,/works/W2148569613,singleton,0,0
2026-09-28T13:07:36,/works/W2129567281,singleton,0,0
2026-09-28T13:07:36,/works/W2165381624,singleton,0,0
2026-09-28T13:07:36,/works/W2056451973,singleton,0,0
2026-09-28T13:07:36,/works/W2045211274,singleton,0,0
2026-09-28T13:07:36,/works/W2145241906,singleton,0,0
2026-09-28T13:07:36,/works/W2147885545,singleton,0,0
2026-09-28T13:07:36,/works/W2106562192,singleton,0,0
2026-09-28T13:07:36,/works/W2006226534,singleton,0,0
2026-09-28T13:07:37,/works/W324223447,singleton,0,0
2026-09-28T13:07:37,/works/W2022061214,singleton,0,0
2026-09-28T13:07:37,/works/W2023217766,singleton,0,0
2026-09-28T13:07:37,/works/W2097151590,singleton,0,0
2026-09-28T13:07:37,/works/W2129025830,singleton,0,0
2026-09-28T13:07:37,/works/W2784907449,singleton,0,0
2026-09-28T13:07:37,/works/W2045211274,singleton,0,0
2026-09-28T13:07:37,/works/W1821849677,singleton,0,0
2026-09-28T13:07:37,/works/W1976908343,singleton,0,0
2026-09-28T13:07:37,/works/W2106562192,singleton,0,0
2026-09-28T13:07:38,/works/W2023217766,singleton,0,0
2026-09-28T13:07:38,/works/W2122040421,singleton,0,0
2026-09-28T13:07:38,/works/W2145241906,singleton,0,0
2026-09-28T13:07:38,/works/W1759727330,singleton,0,0
2026-09-28T13:07:38,/works/W1863141190,singleton,0,0
2026-09-28T13:07:38,/works/W1801192690,singleton,0,0
2026-09-28T13:07:38,/works/W1976908343,singleton,0,0
2026-09-28T13:07:38,/works/W2022061214,singleton,0,0
2026-09-28T13:07:38,/works/W1821849677,singleton,0,0
2026-09-28T13:07:38,/works/W77590378,singleton,0,0
2026-09-28T13:07:38,/works/W1543503288,singleton,0,0
2026-09-28T13:07:38,/works/W1935917119,singleton,0,0
2026-09-28T13:07:39,/works/W2137744864,singleton,0,0
2026-09-28T13:07:39,/works/W2023217766,singleton,0,0
2026-09-28T13:07:39,/works/W2295200635,singleton,0,0
2026-09-28T13:07:39,/works/W2022061214,singleton,0,0
2026-09-28T13:07:39,/works/W2099204387,singleton,0,0
2026-09-28T13:07:39,/works/W1759727330,singleton,0,0
2026-09-28T13:07:39,/works/W2122040421,singleton,0,0
2026-09-28T13:07:39,/works/W2130618701,singleton,0,0
2026-09-28T13:07:39,/works/W2128281062,singleton,0,0
2026-09-28T13:07:39,/works/W2007815473,singleton,0,0
2026-09-28T13:07:39,/works/W1801192690,singleton,0,0
2026-09-28T13:07:40,/works/W2110093609,singleton,0,0
2026-09-28T13:07:40,/works/W1935917119,singleton,0,0
2026-09-28T13:07:40,/works/W2024224096,singleton,0,0
2026-09-28T13:07:40,/works/W2022061214,singleton,0,0
2026-09-28T13:07:40,/works/W2069875088,singleton,0,0
2026-09-28T13:07:40,/works/W2185531789,singleton,0,0
2026-09-28T13:07:40,/works/W2195033795,singleton,0,0
2026-09-28T13:07:40,/works/W2007815473,singleton,0,0
2026-09-28T13:07:41,/works/W2122040421,singleton,0,0
2026-09-28T13:07:41,/works/W2130618701,singleton,0,0
2026-09-28T13:07:41,/works/W2022061214,singleton,0,0
2026-09-28T13:07:41,/works/W2009248685,singleton,0,0
2026-09-28T13:07:41,/works/W1801192690,singleton,0,0
2026-09-28T13:07:41,/works/W2149767917,singleton,0,0
2026-09-28T13:07:41,/works/W2045106581,singleton,0,0
2026-09-28T13:07:41,/works/W2153170359,singleton,0,0
2026-09-28T13:07:41,/works/W1759727330,singleton,0,0
2026-09-28T13:07:41,/works/W2113812054,singleton,0,0
2026-09-28T13:07:41,/works/W2156541733,singleton,0,0
2026-09-28T13:07:41,/works/W197918473,singleton,0,0
2026-09-28T13:07:42,/works/W2185531789,singleton,0,0
2026-09-28T13:07:42,/works/W2032263080,singleton,0,0
2026-09-28T13:07:42,/works/W1992533505,singleton,0,0
2026-09-28T13:07:42,/works/W2009248685,singleton,0,0
2026-09-28T13:07:42,/works/W2043257601,singleton,0,0
2026-09-28T13:07:42,/works/W94123210,singleton,0,0
2026-09-28T13:07:42,/works/W1482697455,singleton,0,0
2026-09-28T13:07:42,/works/W197918473,singleton,0,0
2026-09-28T13:07:42,/works/W2153170359,singleton,0,0
2026-09-28T13:07:42,/works/W2022061214,singleton,0,0
2026-09-28T13:07:43,/works/W2103063352,singleton,0,0
2026-09-28T13:07:43,/works/W1801192690,singleton,0,0
2026-09-28T13:07:43,/works/W2125170361,singleton,0,0
2026-09-28T13:07:43,/works/W2043257601,singleton,0,0
2026-09-28T13:07:43,/works/W207183093,singleton,0,0
2026-09-28T13:07:43,/works/W2096374501,singleton,0,0
2026-09-28T13:07:43,/works/W2962977416,singleton,0,0
2026-09-28T13:07:43,/works/W1854373118,singleton,0,0
2026-09-28T13:07:43,/works/W1964417694,singleton,0,0
2026-09-28T13:07:43,/works/W2185531789,singleton,0,0
2026-09-28T13:07:43,/works/W197918473,singleton,0,0
2026-09-28T13:07:43,/works/W2089835261,singleton,0,0
2026-09-28T13:07:43,/works/W2952894705,singleton,0,0
2026-09-28T13:07:43,/works/W2160398333,singleton,0,0
2026-09-28T13:07:43,/works/W2296244148,singleton,0,0
2026-09-28T13:07:43,/works/W2981382365,singleton,0,0
2026-09-28T13:07:44,/works/W2173469544,singleton,0,0
2026-09-28T13:07:44,/works/W2130405415,singleton,0,0
2026-09-28T13:07:44,/works/W2532140342,singleton,0,0
2026-09-28T13:07:44,/works/W2096374501,singleton,0,0
2026-09-28T13:07:44,/works/W2099421013,singleton,0,0
2026-09-28T13:07:44,/works/W2089835261,singleton,0,0
2026-09-28T13:07:44,/works/W2100507040,singleton,0,0
2026-09-28T13:07:44,/works/W2952894705,singleton,0,0
2026-09-28T13:07:45,/works/W2962977416,singleton,0,0
2026-09-28T13:07:45,/works/W2173469544,singleton,0,0
2026-09-28T13:07:45,/works/W2130492741,singleton,0,0
2026-09-28T13:07:45,/works/W197918473,singleton,0,0
2026-09-28T13:07:45,/works/W2094145178,singleton,0,0
2026-09-28T13:07:45,/works/W2952894705,singleton,0,0
2026-09-28T13:07:45,/works/W2096374501,singleton,0,0
2026-09-28T13:07:46,/works/W2099421013,singleton,0,0
2026-09-28T13:07:46,/works/W2089835261,singleton,0,0
2026-09-28T13:07:46,/works/W197918473,singleton,0,0
2026-09-28T13:07:46,/works/W2962977416,singleton,0,0
2026-09-28T13:07:46,/works/W2173469544,singleton,0,0
2026-09-28T13:07:46,/works/W2122426352,singleton,0,0
2026-09-28T13:07:46,/works/W2094145178,singleton,0,0
2026-09-28T13:07:46,/works/W2296285930,singleton,0,0
2026-09-28T13:07:46,/works/W2952894705,singleton,0,0
2026-09-28T13:07:46,/works/W2096374501,singleton,0,0
2026-09-28T13:07:46,/works/W1996560844,singleton,0,0
2026-09-28T13:07:46,/works/W2023588156,singleton,0,0
2026-09-28T13:07:47,/works/W2173469544,singleton,0,0
2026-09-28T13:07:47,/works/W2962977416,singleton,0,0
2026-09-28T13:07:47,/works/W2161073979,singleton,0,0
2026-09-28T13:07:47,/works/W197918473,singleton,0,0
2026-09-28T13:07:47,/works/W2122426352,singleton,0,0
2026-09-28T13:07:47,/works/W2096374501,singleton,0,0
2026-09-28T13:07:47,/works/W1574911124,singleton,0,0
2026-09-28T13:07:47,/works/W2029330199,singleton,0,0
2026-09-28T13:07:47,/works/W2141768166,singleton,0,0
2026-09-28T13:07:47,/works/W2134195052,singleton,0,0
2026-09-28T13:07:48,/works/W2296285930,singleton,0,0
2026-09-28T13:07:48,/works/W2132547353,singleton,0,0
2026-09-28T13:07:48,/works/W2023588156,singleton,0,0
2026-09-28T13:07:48,/works/W197918473,singleton,0,0
2026-09-28T13:07:48,/works/W2173469544,singleton,0,0
2026-09-28T13:07:48,/works/W1667312704,singleton,0,0
2026-09-28T13:07:48,/works/W2096374501,singleton,0,0
2026-09-28T13:07:48,/works/W2406799328,singleton,0,0
2026-09-28T13:07:48,/works/W2164049635,singleton,0,0
2026-09-28T13:07:49,/works/W1574911124,singleton,0,0
2026-09-28T13:07:49,/works/W1986307354,singleton,0,0
2026-09-28T13:07:49,/works/W2023588156,singleton,0,0
2026-09-28T13:07:49,/works/W2096374501,singleton,0,0
2026-09-28T13:07:49,/works/W2132547353,singleton,0,0
2026-09-28T13:07:49,/works/W197918473,singleton,0,0
2026-09-28T13:07:49,/works/W2141768166,singleton,0,0
2026-09-28T13:07:50,/works/W2151985454,singleton,0,0
2026-09-28T13:07:50,/works/W1986307354,singleton,0,0
2026-09-28T13:07:50,/works/W1574911124,singleton,0,0
2026-09-28T13:07:50,/works/W2406799328,singleton,0,0
2026-09-28T13:07:50,/works/W2023588156,singleton,0,0
2026-09-28T13:07:50,/works/W1510670220,singleton,0,0
2026-09-28T13:07:50,/works/W197918473,singleton,0,0
2026-09-28T13:07:50,/works/W2160963627,singleton,0,0
2026-09-28T13:07:50,/works/W2096374501,singleton,0,0
2026-09-28T13:07:50,/works/W1988117172,singleton,0,0
2026-09-28T13:07:50,/works/W2125986969,singleton,0,0
2026-09-28T13:07:50,/works/W2122789217,singleton,0,0
2026-09-28T13:07:50,/works/W2784591815,singleton,0,0
2026-09-28T13:07:51,/works/W2132547353,singleton,0,0
2026-09-28T13:07:51,/works/W2294661159,singleton,0,0
2026-09-28T13:07:51,/works/W2096374501,singleton,0,0
2026-09-28T13:07:51,/works/W2125986969,singleton,0,0
2026-09-28T13:07:51,/works/W1988117172,singleton,0,0
2026-09-28T13:07:51,/works/W2122789217,singleton,0,0
2026-09-28T13:07:52,/works/W197918473,singleton,0,0
2026-09-28T13:07:52,/works/W2784591815,singleton,0,0
2026-09-28T13:07:52,/works/W2132547353,singleton,0,0
2026-09-28T13:07:52,/works/W2125986969,singleton,0,0
2026-09-28T13:07:53,/works/W2096374501,singleton,0,0
2026-09-28T13:07:53,/works/W2122789217,singleton,0,0
2026-09-28T13:07:53,/works/W197918473,singleton,0,0
2026-09-28T13:07:53,/works/W2132547353,singleton,0,0
2026-09-28T13:07:55,/works/W197918473,singleton,0,0
2026-09-28T13:10:04,/works/W2132996299,singleton,0,0
2026-09-28T13:10:04,/works/W2136028002,singleton,0,0
2026-09-28T13:10:04,/works/W170916857,singleton,0,0
2026-09-28T13:10:04,/works/W2109719932,singleton,0,0
2026-09-28T13:10:04,/works/W304573740,singleton,0,0
2026-09-28T13:10:04,/works/W2161259368,singleton,0,0
2026-09-28T13:10:04,/works/W2143219300,singleton,0,0
2026-09-28T13:10:04,/works/W2015858831,singleton,0,0
2026-09-28T13:10:04,/works/W1513868935,singleton,0,0
2026-09-28T13:10:04,/works/W2754283085,singleton,0,0
2026-09-28T13:10:05,/works/W334838400,singleton,0,0
2026-09-28T13:10:05,/works/W2132996299,singleton,0,0
2026-09-28T13:10:05,/works/W2109719932,singleton,0,0
2026-09-28T13:10:05,/works/W170916857,singleton,0,0
2026-09-28T13:10:05,/works/W1533438406,singleton,0,0
2026-09-28T13:10:05,/works/W2145413108,singleton,0,0
2026-09-28T13:10:05,/works/W112543571,singleton,0,0
2026-09-28T13:10:05,/works/W2129080152,singleton,0,0
2026-09-28T13:10:05,/works/W1513868935,singleton,0,0
2026-09-28T13:10:05,/works/W2136028002,singleton,0,0
2026-09-28T13:10:05,/works/W2155817858,singleton,0,0
2026-09-28T13:10:05,/works/W1555151067,singleton,0,0
2026-09-28T13:10:06,/works/W2108712048,singleton,0,0
2026-09-28T13:10:06,/works/W304573740,singleton,0,0
2026-09-28T13:10:06,/works/W2754283085,singleton,0,0
2026-09-28T13:10:06,/works/W211110047,singleton,0,0
2026-09-28T13:10:06,/works/W2114302608,singleton,0,0
2026-09-28T13:10:06,/works/W1583471208,singleton,0,0
2026-09-28T13:10:06,/works/W120471740,singleton,0,0
2026-09-28T13:10:06,/works/W2110944280,singleton,0,0
2026-09-28T13:10:06,/works/W2418285082,singleton,0,0
2026-09-28T13:10:06,/works/W112543571,singleton,0,0
2026-09-28T13:10:06,/works/W1513868935,singleton,0,0
2026-09-28T13:10:06,/works/W2159688674,singleton,0,0
2026-09-28T13:10:07,/works/W2108712048,singleton,0,0
2026-09-28T13:10:07,/works/W2155817858,singleton,0,0
2026-09-28T13:10:07,/works/W1513868935,singleton,0,0
2026-09-28T13:10:07,/works/W1978438768,singleton,0,0
2026-09-28T13:10:07,/works/W2110944280,singleton,0,0
2026-09-28T13:10:07,/works/W2159688674,singleton,0,0
2026-09-28T13:10:07,/works/W1583471208,singleton,0,0
2026-09-28T13:10:07,/works/W2418285082,singleton,0,0
2026-09-28T13:10:07,/works/W120471740,singleton,0,0
2026-09-28T13:10:08,/works/W1611065160,singleton,0,0
2026-09-28T13:10:08,/works/W2152022590,singleton,0,0
2026-09-28T13:10:08,/works/W2125511344,singleton,0,0
2026-09-28T13:10:08,/works/W2240269178,singleton,0,0
2026-09-28T13:10:08,/works/W2075859709,singleton,0,0
2026-09-28T13:10:08,/works/W2156002460,singleton,0,0
2026-09-28T13:10:08,/works/W2128635267,singleton,0,0
2026-09-28T13:10:08,/works/W2108712048,singleton,0,0
2026-09-28T13:10:09,/works/W1611065160,singleton,0,0
2026-09-28T13:10:09,/works/W2186782770,singleton,0,0
2026-09-28T13:10:09,/works/W2159688674,singleton,0,0
2026-09-28T13:10:09,/works/W2418285082,singleton,0,0
2026-09-28T13:10:09,/works/W2102339109,singleton,0,0
2026-09-28T13:10:09,/works/W120471740,singleton,0,0
2026-09-28T13:10:09,/works/W2128635267,singleton,0,0
2026-09-28T13:10:09,/works/W2171141238,singleton,0,0
2026-09-28T13:10:09,/works/W2075859709,singleton,0,0
2026-09-28T13:10:09,/works/W2156002460,singleton,0,0
2026-09-28T13:10:09,/works/W2097970721,singleton,0,0
2026-09-28T13:10:10,/works/W2097596100,singleton,0,0
2026-09-28T13:10:10,/works/W1611065160,singleton,0,0
2026-09-28T13:10:10,/works/W2006178006,singleton,0,0
2026-09-28T13:10:10,/works/W1870539354,singleton,0,0
2026-09-28T13:10:10,/works/W1554637297,singleton,0,0
2026-09-28T13:10:10,/works/W2142949842,singleton,0,0
2026-09-28T13:10:10,/works/W2186782770,singleton,0,0
2026-09-28T13:10:10,/works/W29357637,singleton,0,0
2026-09-28T13:10:10,/works/W2171141238,singleton,0,0
2026-09-28T13:10:11,/works/W2128635267,singleton,0,0
2026-09-28T13:10:11,/works/W2142871471,singleton,0,0
2026-09-28T13:10:11,/works/W2097596100,singleton,0,0
2026-09-28T13:10:11,/works/W2147031761,singleton,0,0
2026-09-28T13:10:11,/works/W2075859709,singleton,0,0
2026-09-28T13:10:11,/works/W2101741681,singleton,0,0
2026-09-28T13:10:11,/works/W2128635267,singleton,0,0
2026-09-28T13:10:11,/works/W2142871471,singleton,0,0
2026-09-28T13:10:11,/works/W2188866479,singleton,0,0
2026-09-28T13:10:12,/works/W1554637297,singleton,0,0
2026-09-28T13:10:12,/works/W2171141238,singleton,0,0
2026-09-28T13:10:12,/works/W2111510573,singleton,0,0
2026-09-28T13:10:12,/works/W2142949842,singleton,0,0
2026-09-28T13:10:12,/works/W2098673122,singleton,0,0
2026-09-28T13:10:12,/works/W2097596100,singleton,0,0
2026-09-28T13:10:12,/works/W2066001473,singleton,0,0
2026-09-28T13:10:13,/works/W2163077124,singleton,0,0
2026-09-28T13:10:13,/works/W2128635267,singleton,0,0
2026-09-28T13:10:13,/works/W2098673122,singleton,0,0
2026-09-28T13:10:13,/works/W2101741681,singleton,0,0
2026-09-28T13:10:13,/works/W2142871471,singleton,0,0
2026-09-28T13:10:13,/works/W2097596100,singleton,0,0
2026-09-28T13:10:13,/works/W830316948,singleton,0,0
2026-09-28T13:10:13,/works/W1554637297,singleton,0,0
2026-09-28T13:10:13,/works/W2734320702,singleton,0,0
2026-09-28T13:10:13,/works/W2111510573,singleton,0,0
2026-09-28T13:10:14,/works/W2188410647,singleton,0,0
2026-09-28T13:10:14,/works/W2147561140,singleton,0,0
2026-09-28T13:10:14,/works/W2130194658,singleton,0,0
2026-09-28T13:10:14,/works/W2134959719,singleton,0,0
2026-09-28T13:10:14,/works/W2163077124,singleton,0,0
2026-09-28T13:10:14,/works/W2169633871,singleton,0,0
2026-09-28T13:10:14,/works/W2164979671,singleton,0,0
2026-09-28T13:10:14,/works/W2108889186,singleton,0,0
2026-09-28T13:10:14,/works/W2160700824,singleton,0,0
2026-09-28T13:10:14,/works/W2136221741,singleton,0,0
2026-09-28T13:10:14,/works/W1554637297,singleton,0,0
2026-09-28T13:10:14,/works/W1781312717,singleton,0,0
2026-09-28T13:10:15,/works/W1539526553,singleton,0,0
2026-09-28T13:10:15,/works/W2019010498,singleton,0,0
2026-09-28T13:10:15,/works/W2734320702,singleton,0,0
2026-09-28T13:10:15,/works/W2135808274,singleton,0,0
2026-09-28T13:10:15,/works/W2096666767,singleton,0,0
2026-09-28T13:10:15,/works/W2169633871,singleton,0,0
2026-09-28T13:10:15,/works/W2111510573,singleton,0,0
2026-09-28T13:10:15,/works/W2069528106,singleton,0,0
2026-09-28T13:10:15,/works/W2216029939,singleton,0,0
2026-09-28T13:10:16,/works/W84937519,singleton,0,0
2026-09-28T13:10:16,/works/W2164979671,singleton,0,0
2026-09-28T13:10:16,/works/W2108889186,singleton,0,0
2026-09-28T13:10:16,/works/W2011153605,singleton,0,0
2026-09-28T13:10:16,/works/W2800233598,singleton,0,0
2026-09-28T13:10:16,/works/W2066128072,singleton,0,0
2026-09-28T13:10:16,/works/W1999112981,singleton,0,0
2026-09-28T13:10:16,/works/W1500696759,singleton,0,0
2026-09-28T13:10:16,/works/W2046870826,singleton,0,0
2026-09-28T13:10:16,/works/W1543768056,singleton,0,0
2026-09-28T13:10:16,/works/W1570802937,singleton,0,0
2026-09-28T13:10:16,/works/W2097565277,singleton,0,0
2026-09-28T13:10:16,/works/W45440261,singleton,0,0
2026-09-28T13:10:16,/works/W2121057867,singleton,0,0
2026-09-28T13:10:16,/works/W2113558873,singleton,0,0
2026-09-28T13:10:16,/works/W1613310939,singleton,0,0
2026-09-28T13:10:16,/works/W2588259396,singleton,0,0
2026-09-28T13:10:17,/works/W2167361675,singleton,0,0
2026-09-28T13:10:17,/works/W2140620396,singleton,0,0
2026-09-28T13:10:17,/works/W1819484409,singleton,0,0
2026-09-28T13:10:17,/works/W3035133073,singleton,0,0
2026-09-28T13:10:17,/works/W1856483840,singleton,0,0
2026-09-28T13:10:17,/works/W2020000199,singleton,0,0
2026-09-28T13:10:17,/works/W2116061898,singleton,0,0
2026-09-28T13:10:17,/works/W1543768056,singleton,0,0
2026-09-28T13:10:17,/works/W2563172994,singleton,0,0
2026-09-28T13:10:17,/works/W2056569468,singleton,0,0
2026-09-28T13:10:17,/works/W2098240548,singleton,0,0
2026-09-28T13:10:17,/works/W2077582043,singleton,0,0
2026-09-28T13:10:17,/works/W2003981451,singleton,0,0
2026-09-28T13:10:17,/works/W2122050280,singleton,0,0
2026-09-28T13:10:17,/works/W2117108423,singleton,0,0
2026-09-28T13:10:17,/works/W2146593920,singleton,0,0
2026-09-28T13:10:17,/works/W2169258886,singleton,0,0
2026-09-28T13:10:17,/works/W96589478,singleton,0,0
2026-09-28T13:10:18,/works/W158873384,singleton,0,0
2026-09-28T13:10:18,/works/W1570802937,singleton,0,0
2026-09-28T13:10:18,/works/W2116061898,singleton,0,0
2026-09-28T13:10:18,/works/W2103700478,singleton,0,0
2026-09-28T13:10:18,/works/W2666175124,singleton,0,0
2026-09-28T13:10:18,/works/W2101042506,singleton,0,0
2026-09-28T13:10:18,/works/W2397921942,singleton,0,0
2026-09-28T13:10:18,/works/W2064643942,singleton,0,0
2026-09-28T13:10:18,/works/W2157468622,singleton,0,0
2026-09-28T13:10:18,/works/W1548734161,singleton,0,0
2026-09-28T13:10:18,/works/W2626204152,singleton,0,0
2026-09-28T13:10:18,/works/W72864235,singleton,0,0
2026-09-28T13:10:18,/works/W2119105383,singleton,0,0
2026-09-28T13:10:18,/works/W2025037586,singleton,0,0
2026-09-28T13:10:19,/works/W2122050280,singleton,0,0
2026-09-28T13:10:19,/works/W2568034188,singleton,0,0
2026-09-28T13:10:19,/works/W2158008631,singleton,0,0
2026-09-28T13:10:19,/works/W2103700478,singleton,0,0
2026-09-28T13:10:19,/works/W1568110539,singleton,0,0
2026-09-28T13:10:19,/works/W2947867021,singleton,0,0
2026-09-28T13:10:19,/works/W2666175124,singleton,0,0
2026-09-28T13:10:19,/works/W2021384922,singleton,0,0
2026-09-28T13:10:19,/works/W2133621480,singleton,0,0
2026-09-28T13:10:19,/works/W2154011337,singleton,0,0
2026-09-28T13:10:19,/works/W2256481524,singleton,0,0
2026-09-28T13:10:19,/works/W2296006704,singleton,0,0
2026-09-28T13:10:19,/works/W2094855002,singleton,0,0
2026-09-28T13:10:19,/works/W2168135793,singleton,0,0
2026-09-28T13:10:20,/works/W1815595687,singleton,0,0
2026-09-28T13:10:20,/works/W2360023178,singleton,0,0
2026-09-28T13:10:20,/works/W2141598987,singleton,0,0
2026-09-28T13:10:20,/works/W1793247086,singleton,0,0
2026-09-28T13:10:20,/works/W144819894,singleton,0,0
2026-09-28T13:10:20,/works/W72864235,singleton,0,0
2026-09-28T13:10:20,/works/W2184957387,singleton,0,0
2026-09-28T13:10:20,/works/W2144476631,singleton,0,0
2026-09-28T13:10:20,/works/W2143172066,singleton,0,0
2026-09-28T13:10:20,/works/W2133085977,singleton,0,0
2026-09-28T13:10:20,/works/W2089597254,singleton,0,0
2026-09-28T13:10:20,/works/W104407358,singleton,0,0
2026-09-28T13:10:20,/works/W2097701793,singleton,0,0
2026-09-28T13:10:21,/works/W2133621480,singleton,0,0
2026-09-28T13:10:21,/works/W2134193953,singleton,0,0
2026-09-28T13:10:21,/works/W2104172847,singleton,0,0
2026-09-28T13:10:21,/works/W1568655063,singleton,0,0
2026-09-28T13:10:21,/works/W1569378974,singleton,0,0
2026-09-28T13:10:21,/works/W2166812619,singleton,0,0
2026-09-28T13:10:21,/works/W2101286183,singleton,0,0
2026-09-28T13:10:21,/works/W2128511932,singleton,0,0
2026-09-28T13:10:21,/works/W173989960,singleton,0,0
2026-09-28T13:10:21,/works/W2111097587,singleton,0,0
2026-09-28T13:10:22,/works/W2104172847,singleton,0,0
2026-09-28T13:10:22,/works/W2134193953,singleton,0,0
2026-09-28T13:10:54,/works/W136502594,singleton,0,0
2026-09-28T13:10:54,/works/W2068955013,singleton,0,0
2026-09-28T13:10:54,/works/W2101060014,singleton,0,0
2026-09-28T13:10:54,/works/W2462251878,singleton,0,0
2026-09-28T13:10:54,/works/doi:10.1261/rna.2242610,singleton,0,0
2026-09-28T13:10:54,/works/W2922148912,singleton,0,0
2026-09-28T13:10:54,/works/W1967884424,singleton,0,0
2026-09-28T13:10:54,/works/W1981608797,singleton,0,0
2026-09-28T13:10:55,/works/W1982484424,singleton,0,0
2026-09-28T13:10:55,/works/W2099658075,singleton,0,0
2026-09-28T13:10:55,/works/W2055654853,singleton,0,0
2026-09-28T13:10:55,/works/W2068955013,singleton,0,0
2026-09-28T13:10:55,/works/W2101060014,singleton,0,0
2026-09-28T13:10:55,/works/W136502594,singleton,0,0
2026-09-28T13:10:56,/works/doi:10.1261/rna.2242610,singleton,0,0
2026-09-28T13:10:56,/works/W2462251878,singleton,0,0
2026-09-28T13:10:56,/works/W2069354765,singleton,0,0
2026-09-28T13:10:56,/works/W1982484424,singleton,0,0
2026-09-28T13:10:56,/works/W2031593926,singleton,0,0
2026-09-28T13:10:56,/works/W1804582717,singleton,0,0
2026-09-28T13:10:56,/works/W2922148912,singleton,0,0
2026-09-28T13:10:56,/works/W1996193092,singleton,0,0
2026-09-28T13:10:56,/works/W2123526762,singleton,0,0
2026-09-28T13:10:57,/works/W2068955013,singleton,0,0
2026-09-28T13:10:57,/works/W136502594,singleton,0,0
2026-09-28T13:10:57,/works/W2462251878,singleton,0,0
2026-09-28T13:10:57,/works/W2056938017,singleton,0,0
2026-09-28T13:10:57,/works/W1804582717,singleton,0,0
2026-09-28T13:10:57,/works/W1996193092,singleton,0,0
2026-09-28T13:10:57,/works/W1640708853,singleton,0,0
2026-09-28T13:10:57,/works/W1982484424,singleton,0,0
2026-09-28T13:10:57,/works/W1987908533,singleton,0,0
2026-09-28T13:10:57,/works/W2078628283,singleton,0,0
2026-09-28T13:10:57,/works/doi:10.1261/rna.2242610,singleton,0,0
2026-09-28T13:10:57,/works/W2158310129,singleton,0,0
2026-09-28T13:10:57,/works/W2008951002,singleton,0,0
2026-09-28T13:10:57,/works/W2211331141,singleton,0,0
2026-09-28T13:10:57,/works/W2056938017,singleton,0,0
2026-09-28T13:10:58,/works/W1964416467,singleton,0,0
2026-09-28T13:10:58,/works/W2003663539,singleton,0,0
2026-09-28T13:10:58,/works/W2137032696,singleton,0,0
2026-09-28T13:10:58,/works/W2592541109,singleton,0,0
2026-09-28T13:10:58,/works/W2462251878,singleton,0,0
2026-09-28T13:10:58,/works/W2014392158,singleton,0,0
2026-09-28T13:10:58,/works/W2040092655,singleton,0,0
2026-09-28T13:10:58,/works/W2078628283,singleton,0,0
2026-09-28T13:10:58,/works/W2044545834,singleton,0,0
2026-09-28T13:10:58,/works/W1531135405,singleton,0,0
2026-09-28T13:10:58,/works/W2008951002,singleton,0,0
2026-09-28T13:10:58,/works/W2003663539,singleton,0,0
2026-09-28T13:10:59,/works/W2137445024,singleton,0,0
2026-09-28T13:10:59,/works/W2137032696,singleton,0,0
2026-09-28T13:10:59,/works/W2148604842,singleton,0,0
2026-09-28T13:10:59,/works/W2056938017,singleton,0,0
2026-09-28T13:10:59,/works/W2105202278,singleton,0,0
2026-09-28T13:10:59,/works/W2008951002,singleton,0,0
2026-09-28T13:10:59,/works/W2014392158,singleton,0,0
2026-09-28T13:10:59,/works/W1986981536,singleton,0,0
2026-09-28T13:10:59,/works/W2343668772,singleton,0,0
2026-09-28T13:10:59,/works/W2078628283,singleton,0,0
2026-09-28T13:11:00,/works/W1531135405,singleton,0,0
2026-09-28T13:11:00,/works/W2008951002,singleton,0,0
2026-09-28T13:11:00,/works/W1986981536,singleton,0,0
2026-09-28T13:11:00,/works/W2105202278,singleton,0,0
2026-09-28T13:11:00,/works/W2137032696,singleton,0,0
2026-09-28T13:11:00,/works/W2168922195,singleton,0,0
2026-09-28T13:11:00,/works/W2137445024,singleton,0,0
2026-09-28T13:11:00,/works/W2117418172,singleton,0,0
2026-09-28T13:11:01,/works/W2052813536,singleton,0,0
2026-09-28T13:11:01,/works/W2078628283,singleton,0,0
2026-09-28T13:11:01,/works/W2343668772,singleton,0,0
2026-09-28T13:11:01,/works/W1986981536,singleton,0,0
2026-09-28T13:11:01,/works/W2075121792,singleton,0,0
2026-09-28T13:11:01,/works/W2075805997,singleton,0,0
2026-09-28T13:11:01,/works/W1539197716,singleton,0,0
2026-09-28T13:11:01,/works/W1531135405,singleton,0,0
2026-09-28T13:11:02,/works/W2117418172,singleton,0,0
2026-09-28T13:11:02,/works/W1980462131,singleton,0,0
2026-09-28T13:11:02,/works/W2105202278,singleton,0,0
2026-09-28T13:11:02,/works/W2168922195,singleton,0,0
2026-09-28T13:11:02,/works/W2161759112,singleton,0,0
2026-09-28T13:11:02,/works/W2048553124,singleton,0,0
2026-09-28T13:11:02,/works/W2407615709,singleton,0,0
2026-09-28T13:11:02,/works/W2078628283,singleton,0,0
2026-09-28T13:11:02,/works/W1986981536,singleton,0,0
2026-09-28T13:11:02,/works/W2117418172,singleton,0,0
2026-09-28T13:11:02,/works/W2077050148,singleton,0,0
2026-09-28T13:11:03,/works/W2105202278,singleton,0,0
2026-09-28T13:11:03,/works/W2002658022,singleton,0,0
2026-09-28T13:11:03,/works/W2145625571,singleton,0,0
2026-09-28T13:11:03,/works/W1980462131,singleton,0,0
2026-09-28T13:11:03,/works/W2168922195,singleton,0,0
2026-09-28T13:11:03,/works/W2117418172,singleton,0,0
2026-09-28T13:11:03,/works/W182314314,singleton,0,0
2026-09-28T13:11:03,/works/W2111255623,singleton,0,0
2026-09-28T13:11:03,/works/W2035864975,singleton,0,0
2026-09-28T13:11:03,/works/W2170762281,singleton,0,0
2026-09-28T13:11:04,/works/W2105097906,singleton,0,0
2026-09-28T13:11:04,/works/W1986981536,singleton,0,0
2026-09-28T13:11:04,/works/W2101378674,singleton,0,0
2026-09-28T13:11:04,/works/W2407615709,singleton,0,0
2026-09-28T13:11:04,/works/W2115116283,singleton,0,0
2026-09-28T13:11:04,/works/W1986981536,singleton,0,0
2026-09-28T13:11:05,/works/W182314314,singleton,0,0
2026-09-28T13:11:05,/works/W1970192432,singleton,0,0
2026-09-28T13:11:05,/works/W2117418172,singleton,0,0
2026-09-28T13:11:05,/works/W2066533093,singleton,0,0
2026-09-28T13:11:05,/works/W2168922195,singleton,0,0
2026-09-28T13:11:05,/works/W1984072888,singleton,0,0
2026-09-28T13:11:05,/works/W2081028399,singleton,0,0
2026-09-28T13:11:05,/works/W2111255623,singleton,0,0
2026-09-28T13:11:05,/works/W2407615709,singleton,0,0
2026-09-28T13:11:05,/works/W2105097906,singleton,0,0
2026-09-28T13:11:05,/works/W1983492767,singleton,0,0
2026-09-28T13:11:05,/works/W2039242709,singleton,0,0
2026-09-28T13:11:05,/works/W2026685039,singleton,0,0
2026-09-28T13:11:06,/works/W2096243261,singleton,0,0
2026-09-28T13:11:06,/works/W2159322112,singleton,0,0
2026-09-28T13:11:06,/works/W2081028399,singleton,0,0
2026-09-28T13:11:06,/works/W2046590556,singleton,0,0
2026-09-28T13:11:06,/works/W2168922195,singleton,0,0
2026-09-28T13:11:06,/works/W2066533093,singleton,0,0
2026-09-28T13:11:06,/works/W2165056810,singleton,0,0
2026-09-28T13:11:07,/works/W2020441317,singleton,0,0
2026-09-28T13:11:07,/works/W1998297488,singleton,0,0
2026-09-28T13:11:07,/works/W2096243261,singleton,0,0
2026-09-28T13:11:07,/works/W2081028399,singleton,0,0
2026-09-28T13:11:07,/works/W2125489084,singleton,0,0
2026-09-28T13:11:07,/works/W2039242709,singleton,0,0
2026-09-28T13:11:07,/works/W2159322112,singleton,0,0
2026-09-28T13:11:07,/works/W2161246287,singleton,0,0
2026-09-28T13:11:07,/works/W2168922195,singleton,0,0
2026-09-28T13:11:07,/works/W2053143056,singleton,0,0
2026-09-28T13:11:07,/works/W2111255623,singleton,0,0
2026-09-28T13:11:07,/works/W2142475519,singleton,0,0
2026-09-28T13:11:07,/works/W2121778192,singleton,0,0
2026-09-28T13:11:08,/works/W2099601586,singleton,0,0
2026-09-28T13:11:08,/works/W1998297488,singleton,0,0
2026-09-28T13:11:08,/works/W2111255623,singleton,0,0
2026-09-28T13:11:08,/works/W2121778192,singleton,0,0
2026-09-28T13:11:08,/works/W2125489084,singleton,0,0
2026-09-28T13:11:08,/works/W2159322112,singleton,0,0
2026-09-28T13:11:09,/works/W2112938399,singleton,0,0
2026-09-28T13:11:09,/works/W2031176425,singleton,0,0
2026-09-28T13:11:09,/works/W2161246287,singleton,0,0
2026-09-28T13:11:09,/works/W2053143056,singleton,0,0
2026-09-28T13:11:09,/works/W2170297435,singleton,0,0
2026-09-28T13:11:09,/works/W2111255623,singleton,0,0
2026-09-28T13:11:09,/works/W2121778192,singleton,0,0
2026-09-28T13:11:09,/works/W2141254120,singleton,0,0
2026-09-28T13:11:09,/works/W2099601586,singleton,0,0
2026-09-28T13:11:09,/works/W2125489084,singleton,0,0
2026-09-28T13:11:09,/works/W1987752798,singleton,0,0
2026-09-28T13:11:10,/works/W1982249077,singleton,0,0
2026-09-28T13:11:10,/works/W2161246287,singleton,0,0
2026-09-28T13:11:10,/works/W2031176425,singleton,0,0
2026-09-28T13:11:10,/works/W2076931586,singleton,0,0
2026-09-28T13:11:10,/works/W2121778192,singleton,0,0
2026-09-28T13:11:10,/works/W2021243703,singleton,0,0
2026-09-28T13:11:10,/works/W2047738921,singleton,0,0
2026-09-28T13:11:10,/works/W2141254120,singleton,0,0
2026-09-28T13:11:10,/works/W2170297435,singleton,0,0
2026-09-28T13:11:11,/works/W2099601586,singleton,0,0
2026-09-28T13:11:11,/works/W2115829042,singleton,0,0
2026-09-28T13:11:11,/works/W2047738921,singleton,0,0
2026-09-28T13:11:11,/works/W1982249077,singleton,0,0
2026-09-28T13:11:11,/works/W2022918717,singleton,0,0
2026-09-28T13:11:11,/works/W2141254120,singleton,0,0
2026-09-28T13:11:12,/works/W2161246287,singleton,0,0
2026-09-28T13:11:12,/works/W2099601586,singleton,0,0
2026-09-28T13:11:12,/works/W2121778192,singleton,0,0
2026-09-28T13:11:12,/works/W2006732621,singleton,0,0
2026-09-28T13:11:12,/works/W2021243703,singleton,0,0
2026-09-28T13:11:12,/works/W2041075518,singleton,0,0
2026-09-28T13:11:12,/works/W2022918717,singleton,0,0
2026-09-28T13:11:12,/works/W1972649540,singleton,0,0
2026-09-28T13:11:12,/works/W2115829042,singleton,0,0
2026-09-28T13:11:12,/works/W2121778192,singleton,0,0
2026-09-28T13:11:12,/works/W2047738921,singleton,0,0
2026-09-28T13:11:13,/works/W2141254120,singleton,0,0
2026-09-28T13:11:13,/works/W2072275378,singleton,0,0
2026-09-28T13:11:13,/works/W2017780271,singleton,0,0
2026-09-28T13:11:13,/works/W2110764940,singleton,0,0
2026-09-28T13:11:13,/works/W2022918717,singleton,0,0
2026-09-28T13:11:13,/works/W1972649540,singleton,0,0
2026-09-28T13:11:13,/works/W2121778192,singleton,0,0
2026-09-28T13:11:14,/works/W2006732621,singleton,0,0
2026-09-28T13:11:14,/works/W2041075518,singleton,0,0
2026-09-28T13:11:14,/works/W2141254120,singleton,0,0
2026-09-28T13:11:14,/works/W2046109186,singleton,0,0
2026-09-28T13:11:14,/works/W2022918717,singleton,0,0
2026-09-28T13:11:14,/works/W2128746033,singleton,0,0
2026-09-28T13:11:14,/works/W2072275378,singleton,0,0
2026-09-28T13:11:14,/works/W2340372513,singleton,0,0
2026-09-28T13:11:14,/works/W2110764940,singleton,0,0
2026-09-28T13:11:14,/works/W2121778192,singleton,0,0
2026-09-28T13:11:15,/works/W2169372948,singleton,0,0
2026-09-28T13:11:15,/works/W1972649540,singleton,0,0
2026-09-28T13:11:15,/works/W2006732621,singleton,0,0
2026-09-28T13:11:15,/works/W2072275378,singleton,0,0
2026-09-28T13:11:15,/works/W2117581400,singleton,0,0
2026-09-28T13:11:16,/works/W2121778192,singleton,0,0
2026-09-28T13:11:16,/works/W2022918717,singleton,0,0
2026-09-28T13:11:16,/works/W2110764940,singleton,0,0
2026-09-28T13:11:16,/works/W2072253906,singleton,0,0
2026-09-28T13:11:16,/works/W1972649540,singleton,0,0
2026-09-28T13:11:16,/works/W2128746033,singleton,0,0
2026-09-28T13:11:16,/works/W2136921460,singleton,0,0
2026-09-28T13:11:16,/works/W2144686967,singleton,0,0
2026-09-28T13:11:16,/works/W2113666425,singleton,0,0
2026-09-28T13:11:16,/works/W2117581400,singleton,0,0
2026-09-28T13:11:16,/works/W2169372948,singleton,0,0
2026-09-28T13:11:16,/works/W1976854735,singleton,0,0
2026-09-28T13:11:17,/works/W2126847098,singleton,0,0
2026-09-28T13:11:17,/works/W2121778192,singleton,0,0
2026-09-28T13:11:17,/works/W1997714925,singleton,0,0
2026-09-28T13:11:17,/works/W2136921460,singleton,0,0
2026-09-28T13:11:17,/works/W2144686967,singleton,0,0
2026-09-28T13:11:18,/works/W2117581400,singleton,0,0
2026-09-28T13:11:18,/works/W1997714925,singleton,0,0
2026-09-28T13:11:18,/works/W2126847098,singleton,0,0
2026-09-28T13:11:18,/works/W1972649540,singleton,0,0
2026-09-28T13:11:18,/works/W2144686967,singleton,0,0
2026-09-28T13:11:19,/works/W1997714925,singleton,0,0
2026-09-28T13:11:19,/works/W2136921460,singleton,0,0
2026-09-28T13:12:14,/works/W2087082980,singleton,0,0
2026-09-28T13:12:14,/works/W2042840742,singleton,0,0
2026-09-28T13:12:14,/works/W1596177457,singleton,0,0
2026-09-28T13:12:14,/works/W2134334295,singleton,0,0
2026-09-28T13:12:14,/works/W1595251199,singleton,0,0
2026-09-28T13:12:14,/works/W2044162142,singleton,0,0
2026-09-28T13:12:15,/works/W2024289001,singleton,0,0
2026-09-28T13:12:15,/works/W2169325471,singleton,0,0
2026-09-28T13:12:15,/works/W2159119669,singleton,0,0
2026-09-28T13:12:15,/works/W2105706954,singleton,0,0
2026-09-28T13:12:15,/works/W2024090719,singleton,0,0
2026-09-28T13:12:15,/works/W2027167191,singleton,0,0
2026-09-28T13:12:15,/works/W2042840742,singleton,0,0
2026-09-28T13:12:15,/works/W1990737378,singleton,0,0
2026-09-28T13:12:16,/works/W2060671585,singleton,0,0
2026-09-28T13:12:16,/works/W2105706954,singleton,0,0
2026-09-28T13:12:16,/works/W2134334295,singleton,0,0
2026-09-28T13:12:16,/works/W1596177457,singleton,0,0
2026-09-28T13:12:16,/works/W1595251199,singleton,0,0
2026-09-28T13:12:16,/works/W2140773245,singleton,0,0
2026-09-28T13:12:16,/works/W2087082980,singleton,0,0
2026-09-28T13:12:16,/works/W2027167191,singleton,0,0
2026-09-28T13:12:16,/works/W2110451314,singleton,0,0
2026-09-28T13:12:17,/works/W2042840742,singleton,0,0
2026-09-28T13:12:17,/works/W2105706954,singleton,0,0
2026-09-28T13:12:17,/works/W1987552774,singleton,0,0
2026-09-28T13:12:17,/works/W2141418813,singleton,0,0
2026-09-28T13:12:17,/works/W2134334295,singleton,0,0
2026-09-28T13:12:17,/works/W1595251199,singleton,0,0
2026-09-28T13:12:17,/works/W1596177457,singleton,0,0
2026-09-28T13:12:17,/works/W2140773245,singleton,0,0
2026-09-28T13:12:18,/works/W2042840742,singleton,0,0
2026-09-28T13:12:18,/works/W2105706954,singleton,0,0
2026-09-28T13:12:18,/works/W2110451314,singleton,0,0
2026-09-28T13:12:18,/works/W1483086770,singleton,0,0
2026-09-28T13:12:18,/works/W2029835453,singleton,0,0
2026-09-28T13:12:18,/works/W2111630085,singleton,0,0
2026-09-28T13:12:18,/works/W2001776276,singleton,0,0
2026-09-28T13:12:18,/works/W2134334295,singleton,0,0
2026-09-28T13:12:18,/works/W2023403718,singleton,0,0
2026-09-28T13:12:18,/works/W2170254146,singleton,0,0
2026-09-28T13:12:18,/works/W2141418813,singleton,0,0
2026-09-28T13:12:18,/works/W1596177457,singleton,0,0
2026-09-28T13:12:18,/works/W1988727893,singleton,0,0
2026-09-28T13:12:19,/works/W2080998390,singleton,0,0
2026-09-28T13:12:19,/works/W2105706954,singleton,0,0
2026-09-28T13:12:19,/works/W2029835453,singleton,0,0
2026-09-28T13:12:19,/works/W1483086770,singleton,0,0
2026-09-28T13:12:19,/works/W2001202526,singleton,0,0
2026-09-28T13:12:19,/works/W2141418813,singleton,0,0
2026-09-28T13:12:19,/works/W2133848263,singleton,0,0
2026-09-28T13:12:19,/works/W2009772178,singleton,0,0
2026-09-28T13:12:20,/works/W2008320064,singleton,0,0
2026-09-28T13:12:20,/works/W2170254146,singleton,0,0
2026-09-28T13:12:20,/works/W1596177457,singleton,0,0
2026-09-28T13:12:20,/works/W1988727893,singleton,0,0
2026-09-28T13:12:20,/works/W2076944615,singleton,0,0
2026-09-28T13:12:20,/works/W2080998390,singleton,0,0
2026-09-28T13:12:20,/works/W1968288124,singleton,0,0
2026-09-28T13:12:20,/works/W2017399941,singleton,0,0
2026-09-28T13:12:20,/works/W2107104127,singleton,0,0
2026-09-28T13:12:20,/works/W1585562280,singleton,0,0
2026-09-28T13:12:21,/works/W2023314855,singleton,0,0
2026-09-28T13:12:21,/works/W2141418813,singleton,0,0
2026-09-28T13:12:21,/works/W2083469433,singleton,0,0
2026-09-28T13:12:21,/works/W2039107114,singleton,0,0
2026-09-28T13:12:21,/works/W2008320064,singleton,0,0
2026-09-28T13:12:21,/works/W2009772178,singleton,0,0
2026-09-28T13:12:21,/works/W2050745467,singleton,0,0
2026-09-28T13:12:21,/works/W2147240714,singleton,0,0
2026-09-28T13:12:21,/works/W2105080263,singleton,0,0
2026-09-28T13:12:21,/works/W1968288124,singleton,0,0
2026-09-28T13:12:21,/works/W1976853170,singleton,0,0
2026-09-28T13:12:21,/works/W2106151575,singleton,0,0
2026-09-28T13:12:21,/works/W2071424057,singleton,0,0
2026-09-28T13:12:21,/works/W2017399941,singleton,0,0
2026-09-28T13:12:21,/works/W1984832667,singleton,0,0
2026-09-28T13:12:21,/works/W2073461052,singleton,0,0
2026-09-28T13:12:21,/works/W1528857977,singleton,0,0
2026-09-28T13:12:22,/works/W2110658722,singleton,0,0
2026-09-28T13:12:22,/works/W2044502827,singleton,0,0
2026-09-28T13:12:22,/works/W2007987893,singleton,0,0
2026-09-28T13:12:22,/works/W2117886681,singleton,0,0
2026-09-28T13:12:22,/works/W2127407995,singleton,0,0
2026-09-28T13:12:22,/works/W133946439,singleton,0,0
2026-09-28T13:12:22,/works/W2081808464,singleton,0,0
2026-09-28T13:12:22,/works/W1998700684,singleton,0,0
2026-09-28T13:12:22,/works/W2044236317,singleton,0,0
2026-09-28T13:12:22,/works/W2086496766,singleton,0,0
2026-09-28T13:12:22,/works/W2016509117,singleton,0,0
2026-09-28T13:12:22,/works/W2000237065,singleton,0,0
2026-09-28T13:12:22,/works/W2280687938,singleton,0,0
2026-09-28T13:12:22,/works/doi:10.1097/MOL.0b013e328012d911,singleton,0,0
2026-09-28T13:12:22,/works/W2102452049,singleton,0,0
2026-09-28T13:12:22,/works/W2147240714,singleton,0,0
2026-09-28T13:12:22,/works/W1977563743,singleton,0,0
2026-09-28T13:12:23,/works/W2050745467,singleton,0,0
2026-09-28T13:12:23,/works/W2280687938,singleton,0,0
2026-09-28T13:12:23,/works/W2117886681,singleton,0,0
2026-09-28T13:12:23,/works/doi:10.1097/MOL.0b013e328012d911,singleton,0,0
2026-09-28T13:12:24,/works/W2102452049,singleton,0,0
2026-09-28T13:12:24,/works/W2000237065,singleton,0,0
2026-09-28T13:13:24,/works/W2138632332,singleton,0,0
2026-09-28T13:13:24,/works/W2107603050,singleton,0,0
2026-09-28T13:13:24,/works/W2137690813,singleton,0,0
2026-09-28T13:13:24,/works/W2138122942,singleton,0,0
2026-09-28T13:13:24,/works/W2548599468,singleton,0,0
2026-09-28T13:13:24,/works/W2125135780,singleton,0,0
2026-09-28T13:13:24,/works/W2166566585,singleton,0,0
2026-09-28T13:13:24,/works/W2068208340,singleton,0,0
2026-09-28T13:13:24,/works/W2034227260,singleton,0,0
2026-09-28T13:13:24,/works/W2145229961,singleton,0,0
2026-09-28T13:13:25,/works/W2138122942,singleton,0,0
2026-09-28T13:13:25,/works/W2138632332,singleton,0,0
2026-09-28T13:13:25,/works/W2085770399,singleton,0,0
2026-09-28T13:13:25,/works/W2130207673,singleton,0,0
2026-09-28T13:13:25,/works/W2107603050,singleton,0,0
2026-09-28T13:13:25,/works/doi:10.1109/wiopt.2006.1666511,singleton,0,0
2026-09-28T13:13:25,/works/W2079868901,singleton,0,0
2026-09-28T13:13:25,/works/W2548599468,singleton,0,0
2026-09-28T13:13:25,/works/W2137690813,singleton,0,0
2026-09-28T13:13:25,/works/W2125135780,singleton,0,0
2026-09-28T13:13:26,/works/W1522188269,singleton,0,0
2026-09-28T13:13:26,/works/W2138122942,singleton,0,0
2026-09-28T13:13:26,/works/W2130207673,singleton,0,0
2026-09-28T13:13:26,/works/W2115468265,singleton,0,0
2026-09-28T13:13:26,/works/W2085770399,singleton,0,0
2026-09-28T13:13:26,/works/doi:10.1109/wiopt.2006.1666511,singleton,0,0
2026-09-28T13:13:27,/works/W2115286336,singleton,0,0
2026-09-28T13:13:27,/works/W2137690813,singleton,0,0
2026-09-28T13:13:27,/works/W2548599468,singleton,0,0
2026-09-28T13:13:27,/works/W2158662795,singleton,0,0
2026-09-28T13:13:27,/works/W2125135780,singleton,0,0
2026-09-28T13:13:27,/works/W1939999869,singleton,0,0
2026-09-28T13:13:27,/works/W2115468265,singleton,0,0
2026-09-28T13:13:27,/works/W2130207673,singleton,0,0
2026-09-28T13:13:27,/works/W2138122942,singleton,0,0
2026-09-28T13:13:27,/works/W2183990034,singleton,0,0
2026-09-28T13:13:27,/works/W2109180751,singleton,0,0
2026-09-28T13:13:27,/works/W2016444590,singleton,0,0
2026-09-28T13:13:27,/works/W2085770399,singleton,0,0
2026-09-28T13:13:27,/works/W2140868682,singleton,0,0
2026-09-28T13:13:28,/works/W2155971664,singleton,0,0
2026-09-28T13:13:28,/works/W2166848847,singleton,0,0
2026-09-28T13:13:28,/works/W2084271153,singleton,0,0
2026-09-28T13:13:28,/works/W2133228060,singleton,0,0
2026-09-28T13:13:28,/works/W192061021,singleton,0,0
2026-09-28T13:13:28,/works/W1724670094,singleton,0,0
2026-09-28T13:13:28,/works/W2018531109,singleton,0,0
2026-09-28T13:13:28,/works/W2101674835,singleton,0,0
2026-09-28T13:13:28,/works/W2109180751,singleton,0,0
2026-09-28T13:13:28,/works/W2891951059,singleton,0,0
2026-09-28T13:13:29,/works/W2183990034,singleton,0,0
2026-09-28T13:13:29,/works/W2018531109,singleton,0,0
2026-09-28T13:13:29,/works/W2101674835,singleton,0,0
2026-09-28T13:13:29,/works/W2133228060,singleton,0,0
2026-09-28T13:13:29,/works/W2140868682,singleton,0,0
2026-09-28T13:13:29,/works/W192061021,singleton,0,0
2026-09-28T13:13:29,/works/W2154866899,singleton,0,0
2026-09-28T13:13:29,/works/W1538771458,singleton,0,0
2026-09-28T13:13:29,/works/W1724670094,singleton,0,0
2026-09-28T13:13:29,/works/W1973427399,singleton,0,0
2026-09-28T13:13:29,/works/W69349968,singleton,0,0
2026-09-28T13:13:30,/works/W2125694413,singleton,0,0
2026-09-28T13:13:30,/works/W2152337925,singleton,0,0
2026-09-28T13:13:30,/works/W2891951059,singleton,0,0
2026-09-28T13:13:30,/works/W2135659089,singleton,0,0
2026-09-28T13:13:30,/works/W1672521463,singleton,0,0
2026-09-28T13:13:30,/works/W69349968,singleton,0,0
2026-09-28T13:13:30,/works/W2535719118,singleton,0,0
2026-09-28T13:13:31,/works/W2005301484,singleton,0,0
2026-09-28T13:13:31,/works/W2155113000,singleton,0,0
2026-09-28T13:13:31,/works/W1724670094,singleton,0,0
2026-09-28T13:13:31,/works/W2133228060,singleton,0,0
2026-09-28T13:13:31,/works/W1538771458,singleton,0,0
2026-09-28T13:13:31,/works/W2543050020,singleton,0,0
2026-09-28T13:13:31,/works/W2143306609,singleton,0,0
2026-09-28T13:13:31,/works/W2891951059,singleton,0,0
2026-09-28T13:13:31,/works/W2125694413,singleton,0,0
2026-09-28T13:13:31,/works/W69349968,singleton,0,0
2026-09-28T13:13:31,/works/W2012868594,singleton,0,0
2026-09-28T13:13:31,/works/W2019242316,singleton,0,0
2026-09-28T13:13:32,/works/W1538771458,singleton,0,0
2026-09-28T13:13:32,/works/W2143306609,singleton,0,0
2026-09-28T13:13:32,/works/W2001769497,singleton,0,0
2026-09-28T13:13:32,/works/W2155113000,singleton,0,0
2026-09-28T13:13:32,/works/W2133228060,singleton,0,0
2026-09-28T13:13:32,/works/W2543050020,singleton,0,0
2026-09-28T13:13:33,/works/W2132273212,singleton,0,0
2026-09-28T13:13:33,/works/W69349968,singleton,0,0
2026-09-28T13:13:33,/works/W2140227342,singleton,0,0
2026-09-28T13:13:33,/works/W2019242316,singleton,0,0
2026-09-28T13:13:33,/works/W2012868594,singleton,0,0
2026-09-28T13:13:33,/works/W2949730520,singleton,0,0
2026-09-28T13:13:33,/works/W2098232769,singleton,0,0
2026-09-28T13:13:33,/works/W2119805989,singleton,0,0
2026-09-28T13:13:33,/works/W2143306609,singleton,0,0
2026-09-28T13:13:33,/works/W2001769497,singleton,0,0
2026-09-28T13:13:34,/works/W2132273212,singleton,0,0
2026-09-28T13:13:34,/works/W2123884620,singleton,0,0
2026-09-28T13:13:34,/works/W2098232769,singleton,0,0
2026-09-28T13:13:34,/works/W2012868594,singleton,0,0
2026-09-28T13:13:34,/works/W69349968,singleton,0,0
2026-09-28T13:13:35,/works/W2019242316,singleton,0,0
2026-09-28T13:13:35,/works/W2155150840,singleton,0,0
2026-09-28T13:13:35,/works/W2119805989,singleton,0,0
2026-09-28T13:13:35,/works/W2132273212,singleton,0,0
2026-09-28T13:13:35,/works/W2182143975,singleton,0,0
2026-09-28T13:13:35,/works/W2140785822,singleton,0,0
2026-09-28T13:13:35,/works/W2001769497,singleton,0,0
2026-09-28T13:13:35,/works/W2098232769,singleton,0,0
2026-09-28T13:13:35,/works/W2161319982,singleton,0,0
2026-09-28T13:13:35,/works/W2115165535,singleton,0,0
2026-09-28T13:13:35,/works/W2123884620,singleton,0,0
2026-09-28T13:13:35,/works/W1512002110,singleton,0,0
2026-09-28T13:13:35,/works/W1496361326,singleton,0,0
2026-09-28T13:13:35,/works/W2143185888,singleton,0,0
2026-09-28T13:13:36,/works/W2951786275,singleton,0,0
2026-09-28T13:13:36,/works/W2155150840,singleton,0,0
2026-09-28T13:13:36,/works/W2140785822,singleton,0,0
2026-09-28T13:13:36,/works/W2132273212,singleton,0,0
2026-09-28T13:13:36,/works/W2123884620,singleton,0,0
2026-09-28T13:13:36,/works/W2009314520,singleton,0,0
2026-09-28T13:13:37,/works/W2098232769,singleton,0,0
2026-09-28T13:13:37,/works/W2089527465,singleton,0,0
2026-09-28T13:13:37,/works/W2098190691,singleton,0,0
2026-09-28T13:13:37,/works/W1496361326,singleton,0,0
2026-09-28T13:13:37,/works/W1512002110,singleton,0,0
2026-09-28T13:13:37,/works/W2045539756,singleton,0,0
2026-09-28T13:13:37,/works/W2564802890,singleton,0,0
2026-09-28T13:13:37,/works/W2132273212,singleton,0,0
2026-09-28T13:13:37,/works/W2140785822,singleton,0,0
2026-09-28T13:13:37,/works/W1597537287,singleton,0,0
2026-09-28T13:13:37,/works/W2020500719,singleton,0,0
2026-09-28T13:13:37,/works/W2155150840,singleton,0,0
2026-09-28T13:13:37,/works/W2147399857,singleton,0,0
2026-09-28T13:13:38,/works/W2089527465,singleton,0,0
2026-09-28T13:13:38,/works/W2136350013,singleton,0,0
2026-09-28T13:13:38,/works/W2132273212,singleton,0,0
2026-09-28T13:13:38,/works/W2602475658,singleton,0,0
2026-09-28T13:13:38,/works/W2564802890,singleton,0,0
2026-09-28T13:13:38,/works/W2020500719,singleton,0,0
2026-09-28T13:13:38,/works/W1496361326,singleton,0,0
2026-09-28T13:13:38,/works/W2160799077,singleton,0,0
2026-09-28T13:13:39,/works/W2132273212,singleton,0,0
2026-09-28T13:13:39,/works/W2136350013,singleton,0,0
2026-09-28T13:13:39,/works/W1490360359,singleton,0,0
2026-09-28T13:13:39,/works/W2147399857,singleton,0,0
2026-09-28T13:13:39,/works/W2020500719,singleton,0,0
2026-09-28T13:13:39,/works/W1597537287,singleton,0,0
2026-09-28T13:13:39,/works/W2412891995,singleton,0,0
2026-09-28T13:13:39,/works/W2148965714,singleton,0,0
2026-09-28T13:13:39,/works/W2564802890,singleton,0,0
2026-09-28T13:13:39,/works/W2133732936,singleton,0,0
2026-09-28T13:13:40,/works/W2135116069,singleton,0,0
2026-09-28T13:13:40,/works/W1490360359,singleton,0,0
2026-09-28T13:13:40,/works/W2020500719,singleton,0,0
2026-09-28T13:13:40,/works/W1496361326,singleton,0,0
2026-09-28T13:13:40,/works/W2564802890,singleton,0,0
2026-09-28T13:13:40,/works/W2122653995,singleton,0,0
2026-09-28T13:13:40,/works/W1985280780,singleton,0,0
2026-09-28T13:13:40,/works/W2625524455,singleton,0,0
2026-09-28T13:13:40,/works/W2121824394,singleton,0,0
2026-09-28T13:13:40,/works/W2147399857,singleton,0,0
2026-09-28T13:13:40,/works/W2148965714,singleton,0,0
2026-09-28T13:13:41,/works/W2067298912,singleton,0,0
2026-09-28T13:13:41,/works/W2008115510,singleton,0,0
2026-09-28T13:13:41,/works/W2412891995,singleton,0,0
2026-09-28T13:13:41,/works/W2152664953,singleton,0,0
2026-09-28T13:13:41,/works/W2122653995,singleton,0,0
2026-09-28T13:13:41,/works/W2090122745,singleton,0,0
2026-09-28T13:13:41,/works/W2564802890,singleton,0,0
2026-09-28T13:13:41,/works/W2132123317,singleton,0,0
2026-09-28T13:13:42,/works/W2148965714,singleton,0,0
2026-09-28T13:13:42,/works/W2067298912,singleton,0,0
2026-09-28T13:13:42,/works/W2121824394,singleton,0,0
2026-09-28T13:13:42,/works/W1992840813,singleton,0,0
2026-09-28T13:13:42,/works/W2160349132,singleton,0,0
2026-09-28T13:13:42,/works/W1519110697,singleton,0,0
2026-09-28T13:13:42,/works/W2147399857,singleton,0,0
2026-09-28T13:13:42,/works/W2080898282,singleton,0,0
2026-09-28T13:13:42,/works/W2123399932,singleton,0,0
2026-09-28T13:13:42,/works/W2126337119,singleton,0,0
2026-09-28T13:13:42,/works/W2073659922,singleton,0,0
2026-09-28T13:13:42,/works/W2412891995,singleton,0,0
2026-09-28T13:13:43,/works/W2132123317,singleton,0,0
2026-09-28T13:13:43,/works/W1993189499,singleton,0,0
2026-09-28T13:13:43,/works/W2126084756,singleton,0,0
2026-09-28T13:13:43,/works/W2157053920,singleton,0,0
2026-09-28T13:13:43,/works/W2564802890,singleton,0,0
2026-09-28T13:13:43,/works/W2106463266,singleton,0,0
2026-09-28T13:13:43,/works/W2412891995,singleton,0,0
2026-09-28T13:13:43,/works/W2126337119,singleton,0,0
2026-09-28T13:13:43,/works/W2132123317,singleton,0,0
2026-09-28T13:13:44,/works/W2134925872,singleton,0,0
2026-09-28T13:13:44,/works/W1519110697,singleton,0,0
2026-09-28T13:13:44,/works/W2952524524,singleton,0,0
2026-09-28T13:13:44,/works/W2073659922,singleton,0,0
2026-09-28T13:13:44,/works/W2118014628,singleton,0,0
2026-09-28T13:13:44,/works/W2166499822,singleton,0,0
2026-09-28T13:13:44,/works/W3098008036,singleton,0,0
2026-09-28T13:13:44,/works/W2041834612,singleton,0,0
2026-09-28T13:13:44,/works/W2132123317,singleton,0,0
2026-09-28T13:13:44,/works/W2157053920,singleton,0,0
2026-09-28T13:13:44,/works/W2412891995,singleton,0,0
2026-09-28T13:13:44,/works/W2564802890,singleton,0,0
2026-09-28T13:13:45,/works/W2073659922,singleton,0,0
2026-09-28T13:13:45,/works/W3098008036,singleton,0,0
2026-09-28T13:13:45,/works/W2132123317,singleton,0,0
2026-09-28T13:13:45,/works/W2412891995,singleton,0,0
2026-09-28T13:13:46,/works/W2564802890,singleton,0,0
2026-09-28T13:13:46,/works/W2041834612,singleton,0,0
2026-09-28T13:13:46,/works/W2564802890,singleton,0,0
2026-09-28T13:13:47,/works/W3098008036,singleton,0,0
2026-09-28T13:15:32,/works/W2038918691,singleton,0,0
2026-09-28T13:15:32,/works/W2121494157,singleton,0,0
2026-09-28T13:15:32,/works/W2020067612,singleton,0,0
2026-09-28T13:15:32,/works/W2029536746,singleton,0,0
2026-09-28T13:15:32,/works/W2169650241,singleton,0,0
2026-09-28T13:15:32,/works/W2065075114,singleton,0,0
2026-09-28T13:15:32,/works/W1964736774,singleton,0,0
2026-09-28T13:15:32,/works/W2166926440,singleton,0,0
2026-09-28T13:15:32,/works/W2092115218,singleton,0,0
2026-09-28T13:15:33,/works/W2038918691,singleton,0,0
2026-09-28T13:15:33,/works/W2169650241,singleton,0,0
2026-09-28T13:15:33,/works/W2029536746,singleton,0,0
2026-09-28T13:15:33,/works/W1964736774,singleton,0,0
2026-09-28T13:15:33,/works/W2020067612,singleton,0,0
2026-09-28T13:15:34,/works/W2065075114,singleton,0,0
2026-09-28T13:15:34,/works/W2092115218,singleton,0,0
2026-09-28T13:15:34,/works/W2038918691,singleton,0,0
2026-09-28T13:15:34,/works/W2121494157,singleton,0,0
2026-09-28T13:15:34,/works/W2050386855,singleton,0,0
2026-09-28T13:15:34,/works/W2051288407,singleton,0,0
2026-09-28T13:15:34,/works/W2148757286,singleton,0,0
2026-09-28T13:15:34,/works/W2020067612,singleton,0,0
2026-09-28T13:15:34,/works/W1964736774,singleton,0,0
2026-09-28T13:15:34,/works/W2151847720,singleton,0,0
2026-09-28T13:15:34,/works/W2114980138,singleton,0,0
2026-09-28T13:15:34,/works/W2169650241,singleton,0,0
2026-09-28T13:15:35,/works/W2140338292,singleton,0,0
2026-09-28T13:15:35,/works/W2029536746,singleton,0,0
2026-09-28T13:15:35,/works/W2074634292,singleton,0,0
2026-09-28T13:15:35,/works/W1964736774,singleton,0,0
2026-09-28T13:15:35,/works/W1965607682,singleton,0,0
2026-09-28T13:15:35,/works/W2034740482,singleton,0,0
2026-09-28T13:15:35,/works/W2050386855,singleton,0,0
2026-09-28T13:15:35,/works/W2140338292,singleton,0,0
2026-09-28T13:15:35,/works/W2146209521,singleton,0,0
2026-09-28T13:15:36,/works/W2148757286,singleton,0,0
2026-09-28T13:15:36,/works/W2114980138,singleton,0,0
2026-09-28T13:15:36,/works/W2020067612,singleton,0,0
2026-09-28T13:15:36,/works/W1964736774,singleton,0,0
2026-09-28T13:15:36,/works/W2034740482,singleton,0,0
2026-09-28T13:15:36,/works/W2183574316,singleton,0,0
2026-09-28T13:15:37,/works/W1965607682,singleton,0,0
2026-09-28T13:15:37,/works/W2134650541,singleton,0,0
2026-09-28T13:15:37,/works/W2154278287,singleton,0,0
2026-09-28T13:15:37,/works/W2146209521,singleton,0,0
2026-09-28T13:15:37,/works/W2148757286,singleton,0,0
2026-09-28T13:15:37,/works/W2077049616,singleton,0,0
2026-09-28T13:15:37,/works/W2020067612,singleton,0,0
2026-09-28T13:15:37,/works/W1964736774,singleton,0,0
2026-09-28T13:15:37,/works/W2114980138,singleton,0,0
2026-09-28T13:15:37,/works/W2134650541,singleton,0,0
2026-09-28T13:15:37,/works/W1983869544,singleton,0,0
2026-09-28T13:15:38,/works/W2123518395,singleton,0,0
2026-09-28T13:15:38,/works/W2034740482,singleton,0,0
2026-09-28T13:15:38,/works/W2186895341,singleton,0,0
2026-09-28T13:15:38,/works/W2028471213,singleton,0,0
2026-09-28T13:15:38,/works/W1964736774,singleton,0,0
2026-09-28T13:15:38,/works/W2020067612,singleton,0,0
2026-09-28T13:15:39,/works/W2039541520,singleton,0,0
2026-09-28T13:15:39,/works/W2134650541,singleton,0,0
2026-09-28T13:15:39,/works/W2186895341,singleton,0,0
2026-09-28T13:15:39,/works/W2114980138,singleton,0,0
2026-09-28T13:15:39,/works/W1983869544,singleton,0,0
2026-09-28T13:15:39,/works/W2107198142,singleton,0,0
2026-09-28T13:15:39,/works/W2077049616,singleton,0,0
2026-09-28T13:15:39,/works/W2100491128,singleton,0,0
2026-09-28T13:15:39,/works/W1993821362,singleton,0,0
2026-09-28T13:15:39,/works/W2028471213,singleton,0,0
2026-09-28T13:15:40,/works/W2134650541,singleton,0,0
2026-09-28T13:15:40,/works/W2114980138,singleton,0,0
2026-09-28T13:15:40,/works/W2031239563,singleton,0,0
2026-09-28T13:15:40,/works/W2077049616,singleton,0,0
2026-09-28T13:15:40,/works/W2045689671,singleton,0,0
2026-09-28T13:15:40,/works/W1989561750,singleton,0,0
2026-09-28T13:15:40,/works/W1978253388,singleton,0,0
2026-09-28T13:15:40,/works/W2039541520,singleton,0,0
2026-09-28T13:15:40,/works/W2129100200,singleton,0,0
2026-09-28T13:15:40,/works/W2118361675,singleton,0,0
2026-09-28T13:15:40,/works/W2001205030,singleton,0,0
2026-09-28T13:15:40,/works/W2415541239,singleton,0,0
2026-09-28T13:15:40,/works/W1998417840,singleton,0,0
2026-09-28T13:15:40,/works/W1983869544,singleton,0,0
2026-09-28T13:15:40,/works/W1552860294,singleton,0,0
2026-09-28T13:15:41,/works/W2953024817,singleton,0,0
2026-09-28T13:15:41,/works/W2100491128,singleton,0,0
2026-09-28T13:15:41,/works/W2037987211,singleton,0,0
2026-09-28T13:15:41,/works/W2002481497,singleton,0,0
2026-09-28T13:15:41,/works/W2498543277,singleton,0,0
2026-09-28T13:15:41,/works/W2040462912,singleton,0,0
2026-09-28T13:15:41,/works/W2166127386,singleton,0,0
2026-09-28T13:15:41,/works/W2039541520,singleton,0,0
2026-09-28T13:15:41,/works/W2001205030,singleton,0,0
2026-09-28T13:15:41,/works/W1989561750,singleton,0,0
2026-09-28T13:15:41,/works/W1998417840,singleton,0,0
2026-09-28T13:15:42,/works/W2953024817,singleton,0,0
2026-09-28T13:15:42,/works/W2772251717,singleton,0,0
2026-09-28T13:15:42,/works/W2105526640,singleton,0,0
2026-09-28T13:15:42,/works/W2161524930,singleton,0,0
2026-09-28T13:15:42,/works/W2164661234,singleton,0,0
2026-09-28T13:15:42,/works/W1995670143,singleton,0,0
2026-09-28T13:15:42,/works/W1984514291,singleton,0,0
2026-09-28T13:15:42,/works/W2166127386,singleton,0,0
2026-09-28T13:15:42,/works/W2498543277,singleton,0,0
2026-09-28T13:15:43,/works/W2105526640,singleton,0,0
2026-09-28T13:15:43,/works/W2953024817,singleton,0,0
2026-09-28T13:15:43,/works/W1995670143,singleton,0,0
2026-09-28T13:15:43,/works/W2040462912,singleton,0,0
2026-09-28T13:15:43,/works/W1984514291,singleton,0,0
2026-09-28T13:15:43,/works/W1989207797,singleton,0,0
2026-09-28T13:15:43,/works/W2063352747,singleton,0,0
2026-09-28T13:15:43,/works/W2164661234,singleton,0,0
2026-09-28T13:15:43,/works/W2157607439,singleton,0,0
2026-09-28T13:15:43,/works/W2498543277,singleton,0,0
2026-09-28T13:15:43,/works/W2092074976,singleton,0,0
2026-09-28T13:15:44,/works/W2468169232,singleton,0,0
2026-09-28T13:15:44,/works/W2101661393,singleton,0,0
2026-09-28T13:15:44,/works/W1984514291,singleton,0,0
2026-09-28T13:15:44,/works/W2040462912,singleton,0,0
2026-09-28T13:15:44,/works/W1995670143,singleton,0,0
2026-09-28T13:15:44,/works/W2171716510,singleton,0,0
2026-09-28T13:15:44,/works/W2156411549,singleton,0,0
2026-09-28T13:15:44,/works/W2105526640,singleton,0,0
2026-09-28T13:15:44,/works/W2149696442,singleton,0,0
2026-09-28T13:15:44,/works/W1971653982,singleton,0,0
2026-09-28T13:15:44,/works/W2162585840,singleton,0,0
2026-09-28T13:15:44,/works/W2157607439,singleton,0,0
2026-09-28T13:15:45,/works/W2063352747,singleton,0,0
2026-09-28T13:15:45,/works/W2047992517,singleton,0,0
2026-09-28T13:15:45,/works/W2157607439,singleton,0,0
2026-09-28T13:15:45,/works/W1971653982,singleton,0,0
2026-09-28T13:15:45,/works/W2149696442,singleton,0,0
2026-09-28T13:15:45,/works/W2040462912,singleton,0,0
2026-09-28T13:15:46,/works/W2171716510,singleton,0,0
2026-09-28T13:15:46,/works/W2105526640,singleton,0,0
2026-09-28T13:15:46,/works/W2162585840,singleton,0,0
2026-09-28T13:15:46,/works/W1538710587,singleton,0,0
2026-09-28T13:15:46,/works/W2145526657,singleton,0,0
2026-09-28T13:15:46,/works/W132286244,singleton,0,0
2026-09-28T13:15:46,/works/W2132483044,singleton,0,0
2026-09-28T13:15:46,/works/W2137340514,singleton,0,0
2026-09-28T13:15:46,/works/W2129482492,singleton,0,0
2026-09-28T13:15:46,/works/W1531966263,singleton,0,0
2026-09-28T13:15:46,/works/W33285260,singleton,0,0
2026-09-28T13:15:47,/works/W2000863740,singleton,0,0
2026-09-28T13:15:47,/works/W2171716510,singleton,0,0
2026-09-28T13:15:47,/works/W2162585840,singleton,0,0
2026-09-28T13:15:47,/works/W2035526336,singleton,0,0
2026-09-28T13:15:47,/works/W2047992517,singleton,0,0
2026-09-28T13:15:47,/works/W1996134702,singleton,0,0
2026-09-28T13:15:47,/works/W1971205687,singleton,0,0
2026-09-28T13:15:47,/works/W2084313860,singleton,0,0
2026-09-28T13:15:47,/works/W1971653982,singleton,0,0
2026-09-28T13:15:47,/works/W1033987513,singleton,0,0
2026-09-28T13:15:47,/works/W2100227317,singleton,0,0
2026-09-28T13:15:47,/works/W2005266131,singleton,0,0
2026-09-28T13:15:47,/works/W2129482492,singleton,0,0
2026-09-28T13:15:47,/works/W2140742786,singleton,0,0
2026-09-28T13:15:47,/works/W2087299467,singleton,0,0
2026-09-28T13:15:47,/works/W2119159050,singleton,0,0
2026-09-28T13:15:48,/works/W1969229190,singleton,0,0
2026-09-28T13:15:48,/works/W2035526336,singleton,0,0
2026-09-28T13:15:48,/works/W2150032382,singleton,0,0
2026-09-28T13:15:48,/works/W2068533495,singleton,0,0
2026-09-28T13:15:48,/works/W1972993045,singleton,0,0
2026-09-28T13:15:48,/works/W2021101799,singleton,0,0
2026-09-28T13:15:48,/works/W2398175096,singleton,0,0
2026-09-28T13:15:48,/works/W1963888094,singleton,0,0
2026-09-28T13:15:48,/works/W2142291585,singleton,0,0
2026-09-28T13:15:48,/works/W2035526336,singleton,0,0
2026-09-28T13:15:49,/works/W2084710095,singleton,0,0
2026-09-28T13:15:49,/works/W2140742786,singleton,0,0
2026-09-28T13:15:49,/works/W1033987513,singleton,0,0
2026-09-28T13:15:49,/works/W2005266131,singleton,0,0
2026-09-28T13:15:49,/works/W2150032382,singleton,0,0
2026-09-28T13:15:49,/works/W2102125248,singleton,0,0
2026-09-28T13:15:49,/works/W2053293344,singleton,0,0
2026-09-28T13:15:49,/works/W1531986393,singleton,0,0
2026-09-28T13:15:49,/works/W2005266131,singleton,0,0
2026-09-28T13:15:49,/works/W2130489595,singleton,0,0
2026-09-28T13:15:50,/works/W2084710095,singleton,0,0
2026-09-28T13:15:50,/works/W2140742786,singleton,0,0
2026-09-28T13:15:50,/works/W2023379308,singleton,0,0
2026-09-28T13:15:50,/works/W2142291585,singleton,0,0
2026-09-28T13:15:50,/works/W1963888094,singleton,0,0
2026-09-28T13:15:50,/works/W2068807859,singleton,0,0
2026-09-28T13:15:50,/works/W2023778702,singleton,0,0
2026-09-28T13:15:50,/works/W2063716638,singleton,0,0
2026-09-28T13:15:50,/works/W2171600497,singleton,0,0
2026-09-28T13:15:51,/works/W2140742786,singleton,0,0
2026-09-28T13:15:51,/works/W2149194191,singleton,0,0
2026-09-28T13:15:51,/works/W2130489595,singleton,0,0
2026-09-28T13:15:51,/works/W2023379308,singleton,0,0
2026-09-28T13:15:51,/works/W2068807859,singleton,0,0
2026-09-28T13:15:51,/works/W2005266131,singleton,0,0
2026-09-28T13:15:51,/works/W2041013541,singleton,0,0
2026-09-28T13:15:51,/works/W2110685381,singleton,0,0
2026-09-28T13:15:51,/works/W2140742786,singleton,0,0
2026-09-28T13:15:51,/works/W2063716638,singleton,0,0
2026-09-28T13:15:51,/works/W2023778702,singleton,0,0
2026-09-28T13:15:52,/works/W2062550674,singleton,0,0
2026-09-28T13:15:52,/works/W2005266131,singleton,0,0
2026-09-28T13:15:52,/works/W2149194191,singleton,0,0
2026-09-28T13:15:52,/works/W2130489595,singleton,0,0
2026-09-28T13:15:52,/works/W2168512800,singleton,0,0
2026-09-28T13:15:52,/works/W2041013541,singleton,0,0
2026-09-28T13:15:52,/works/W2024845268,singleton,0,0
2026-09-28T13:15:52,/works/W2129553108,singleton,0,0
2026-09-28T13:15:52,/works/W2063716638,singleton,0,0
2026-09-28T13:15:53,/works/W2097505255,singleton,0,0
2026-09-28T13:15:53,/works/W2023778702,singleton,0,0
2026-09-28T13:15:53,/works/W2071250817,singleton,0,0
2026-09-28T13:15:53,/works/W2005266131,singleton,0,0
2026-09-28T13:15:53,/works/W2101166094,singleton,0,0
2026-09-28T13:15:53,/works/W2140742786,singleton,0,0
2026-09-28T13:15:53,/works/W2150679463,singleton,0,0
2026-09-28T13:15:53,/works/W2086347780,singleton,0,0
2026-09-28T13:15:53,/works/W2024845268,singleton,0,0
2026-09-28T13:15:53,/works/W2180810773,singleton,0,0
2026-09-28T13:15:54,/works/W2149194191,singleton,0,0
2026-09-28T13:15:54,/works/W2097505255,singleton,0,0
2026-09-28T13:15:54,/works/W2005266131,singleton,0,0
2026-09-28T13:15:54,/works/W2041013541,singleton,0,0
2026-09-28T13:15:54,/works/W2022425329,singleton,0,0
2026-09-28T13:15:54,/works/W2086347780,singleton,0,0
2026-09-28T13:15:54,/works/W2101166094,singleton,0,0
2026-09-28T13:15:54,/works/W2129667078,singleton,0,0
2026-09-28T13:15:54,/works/W2180810773,singleton,0,0
2026-09-28T13:15:55,/works/W2146512037,singleton,0,0
2026-09-28T13:15:55,/works/W71632456,singleton,0,0
2026-09-28T13:15:55,/works/W2143047571,singleton,0,0
2026-09-28T13:15:55,/works/W2097505255,singleton,0,0
2026-09-28T13:15:55,/works/W2024845268,singleton,0,0
2026-09-28T13:15:55,/works/W2062192105,singleton,0,0
2026-09-28T13:15:55,/works/W2149194191,singleton,0,0
2026-09-28T13:15:55,/works/W2006231275,singleton,0,0
2026-09-28T13:15:55,/works/W2086347780,singleton,0,0
2026-09-28T13:15:55,/works/W2022425329,singleton,0,0
2026-09-28T13:15:56,/works/W1997020575,singleton,0,0
2026-09-28T13:15:56,/works/W2146512037,singleton,0,0
2026-09-28T13:15:56,/works/W2042412961,singleton,0,0
2026-09-28T13:15:56,/works/W2140763962,singleton,0,0
2026-09-28T13:15:56,/works/W1978675395,singleton,0,0
2026-09-28T13:15:56,/works/W71632456,singleton,0,0
2026-09-28T13:15:56,/works/W2135617989,singleton,0,0
2026-09-28T13:15:56,/works/W2057099518,singleton,0,0
2026-09-28T13:15:56,/works/W2036572208,singleton,0,0
2026-09-28T13:15:56,/works/W2143047571,singleton,0,0
2026-09-28T13:15:56,/works/W2008808963,singleton,0,0
2026-09-28T13:15:56,/works/W2022425329,singleton,0,0
2026-09-28T13:15:57,/works/W2059498989,singleton,0,0
2026-09-28T13:15:57,/works/W2146512037,singleton,0,0
2026-09-28T13:15:57,/works/W274737095,singleton,0,0
2026-09-28T13:15:57,/works/W1978675395,singleton,0,0
2026-09-28T13:15:57,/works/W2020243822,singleton,0,0
2026-09-28T13:15:57,/works/W2023518524,singleton,0,0
2026-09-28T13:15:57,/works/W2026445898,singleton,0,0
2026-09-28T13:15:57,/works/W2008808963,singleton,0,0
2026-09-28T13:15:57,/works/W2086347780,singleton,0,0
2026-09-28T13:15:57,/works/W2134250657,singleton,0,0
2026-09-28T13:15:57,/works/W2147970973,singleton,0,0
2026-09-28T13:15:58,/works/W2162250867,singleton,0,0
2026-09-28T13:15:58,/works/W2125714200,singleton,0,0
2026-09-28T13:15:58,/works/W6475986,singleton,0,0
2026-09-28T13:15:58,/works/W2027741726,singleton,0,0
2026-09-28T13:15:58,/works/W2022425329,singleton,0,0
2026-09-28T13:15:58,/works/W1978675395,singleton,0,0
2026-09-28T13:15:58,/works/W2146512037,singleton,0,0
2026-09-28T13:15:58,/works/W2494946512,singleton,0,0
2026-09-28T13:15:58,/works/W2008808963,singleton,0,0
2026-09-28T13:15:58,/works/W2187933164,singleton,0,0
2026-09-28T13:15:58,/works/W2087800735,singleton,0,0
2026-09-28T13:15:58,/works/W2097311783,singleton,0,0
2026-09-28T13:15:58,/works/W2147970973,singleton,0,0
2026-09-28T13:15:59,/works/W2244327712,singleton,0,0
2026-09-28T13:15:59,/works/W2124198028,singleton,0,0
2026-09-28T13:15:59,/works/W2022425329,singleton,0,0
2026-09-28T13:15:59,/works/W2516291269,singleton,0,0
2026-09-28T13:15:59,/works/W1971597874,singleton,0,0
2026-09-28T13:15:59,/works/W1980544630,singleton,0,0
2026-09-28T13:15:59,/works/W2087800735,singleton,0,0
2026-09-28T13:15:59,/works/W2008808963,singleton,0,0
2026-09-28T13:15:59,/works/W1978675395,singleton,0,0
2026-09-28T13:16:00,/works/W2146512037,singleton,0,0
2026-09-28T13:16:00,/works/W2098102302,singleton,0,0
2026-09-28T13:16:00,/works/W2085410427,singleton,0,0
2026-09-28T13:16:00,/works/W2036966293,singleton,0,0
2026-09-28T13:16:00,/works/W2124198028,singleton,0,0
2026-09-28T13:16:00,/works/W2022425329,singleton,0,0
2026-09-28T13:16:00,/works/W1984058914,singleton,0,0
2026-09-28T13:16:00,/works/W2285898248,singleton,0,0
2026-09-28T13:16:00,/works/W2148979869,singleton,0,0
2026-09-28T13:16:00,/works/W2091126799,singleton,0,0
2026-09-28T13:16:01,/works/W1980544630,singleton,0,0
2026-09-28T13:16:01,/works/W1978675395,singleton,0,0
2026-09-28T13:16:01,/works/W2087800735,singleton,0,0
2026-09-28T13:16:01,/works/W2520142220,singleton,0,0
2026-09-28T13:16:01,/works/W2095759897,singleton,0,0
2026-09-28T13:16:01,/works/W2022425329,singleton,0,0
2026-09-28T13:16:01,/works/W2085410427,singleton,0,0
2026-09-28T13:16:01,/works/W2091126799,singleton,0,0
2026-09-28T13:16:01,/works/W2099851748,singleton,0,0
2026-09-28T13:16:02,/works/W2285898248,singleton,0,0
2026-09-28T13:16:02,/works/W2054065593,singleton,0,0
2026-09-28T13:16:02,/works/W1980544630,singleton,0,0
2026-09-28T13:16:02,/works/W2087800735,singleton,0,0
2026-09-28T13:16:02,/works/W2115735634,singleton,0,0
2026-09-28T13:16:02,/works/W2129203060,singleton,0,0
2026-09-28T13:16:02,/works/W2095759897,singleton,0,0
2026-09-28T13:16:02,/works/W2131988685,singleton,0,0
2026-09-28T13:16:03,/works/W2050908329,singleton,0,0
2026-09-28T13:16:03,/works/W1606409576,singleton,0,0
2026-09-28T13:16:03,/works/W2285898248,singleton,0,0
2026-09-28T13:16:03,/works/W2091126799,singleton,0,0
2026-09-28T13:16:03,/works/W2056296106,singleton,0,0
2026-09-28T13:16:03,/works/W2022425329,singleton,0,0
2026-09-28T13:16:03,/works/W2087800735,singleton,0,0
2026-09-28T13:16:03,/works/W2103498752,singleton,0,0
2026-09-28T13:16:03,/works/W1971926488,singleton,0,0
2026-09-28T13:16:03,/works/W2161315652,singleton,0,0
2026-09-28T13:16:03,/works/W2122994386,singleton,0,0
2026-09-28T13:16:03,/works/W338494758,singleton,0,0
2026-09-28T13:16:03,/works/W2047702557,singleton,0,0
2026-09-28T13:16:03,/works/W2126707939,singleton,0,0
2026-09-28T13:16:03,/works/W2095531860,singleton,0,0
2026-09-28T13:16:04,/works/W1788691624,singleton,0,0
2026-09-28T13:16:04,/works/W1754369210,singleton,0,0
2026-09-28T13:16:04,/works/W80851353,singleton,0,0
2026-09-28T13:16:04,/works/W1988689713,singleton,0,0
2026-09-28T13:16:04,/works/W2975388110,singleton,0,0
2026-09-28T13:16:04,/works/W2125143294,singleton,0,0
2026-09-28T13:16:04,/works/W2110226252,singleton,0,0
2026-09-28T13:16:04,/works/W2019982837,singleton,0,0
2026-09-28T13:16:04,/works/W2135078445,singleton,0,0
2026-09-28T13:16:04,/works/W2054331966,singleton,0,0
2026-09-28T13:16:04,/works/W2054912340,singleton,0,0
2026-09-28T13:16:04,/works/W2070290077,singleton,0,0
2026-09-28T13:16:04,/works/W2074766251,singleton,0,0
2026-09-28T13:16:04,/works/W2103503670,singleton,0,0
2026-09-28T13:16:04,/works/W2000598270,singleton,0,0
2026-09-28T13:16:04,/works/W1963995582,singleton,0,0
2026-09-28T13:16:04,/works/W2093631837,singleton,0,0
2026-09-28T13:16:04,/works/W2059666181,singleton,0,0
2026-09-28T13:16:04,/works/W2123876657,singleton,0,0
2026-09-28T13:16:04,/works/W2104474203,singleton,0,0
2026-09-28T13:16:05,/works/W2100412672,singleton,0,0
2026-09-28T13:16:05,/works/W2070933011,singleton,0,0
2026-09-28T13:16:05,/works/W2000548405,singleton,0,0
2026-09-28T13:20:05,/works/W2122902035,singleton,0,0
2026-09-28T13:20:05,/works/W2075004421,singleton,0,0
2026-09-28T13:20:05,/works/W2145696096,singleton,0,0
2026-09-28T13:20:05,/works/W1481170745,singleton,0,0
2026-09-28T13:20:05,/works/W1976875481,singleton,0,0
2026-09-28T13:20:05,/works/W2168826350,singleton,0,0
2026-09-28T13:20:05,/works/W2172117014,singleton,0,0
2026-09-28T13:20:06,/works/W2129477582,singleton,0,0
2026-09-28T13:20:06,/works/W3147581576,singleton,0,0
2026-09-28T13:20:06,/works/W1964672691,singleton,0,0
2026-09-28T13:20:06,/works/W2145696096,singleton,0,0
2026-09-28T13:20:06,/works/W1976780871,singleton,0,0
2026-09-28T13:20:06,/works/W2122902035,singleton,0,0
2026-09-28T13:20:06,/works/W2084436032,singleton,0,0
2026-09-28T13:20:07,/works/W1976875481,singleton,0,0
2026-09-28T13:20:07,/works/W2075004421,singleton,0,0
2026-09-28T13:20:07,/works/W2107867513,singleton,0,0
2026-09-28T13:20:07,/works/W2099022447,singleton,0,0
2026-09-28T13:20:07,/works/W1481170745,singleton,0,0
2026-09-28T13:20:07,/works/W2145696096,singleton,0,0
2026-09-28T13:20:07,/works/W2097839031,singleton,0,0
2026-09-28T13:20:07,/works/W2131725189,singleton,0,0
2026-09-28T13:20:07,/works/W2129477582,singleton,0,0
2026-09-28T13:20:08,/works/W2610471112,singleton,0,0
2026-09-28T13:20:08,/works/W2134365142,singleton,0,0
2026-09-28T13:20:08,/works/W2101008770,singleton,0,0
2026-09-28T13:20:08,/works/W2163124177,singleton,0,0
2026-09-28T13:20:08,/works/W1976780871,singleton,0,0
2026-09-28T13:20:08,/works/W2099022447,singleton,0,0
2026-09-28T13:20:08,/works/W2122902035,singleton,0,0
2026-09-28T13:20:08,/works/W2129629514,singleton,0,0
2026-09-28T13:20:08,/works/W2150311442,singleton,0,0
2026-09-28T13:20:09,/works/W2181430594,singleton,0,0
2026-09-28T13:20:09,/works/W2131725189,singleton,0,0
2026-09-28T13:20:09,/works/W2129477582,singleton,0,0
2026-09-28T13:20:09,/works/W1991592154,singleton,0,0
2026-09-28T13:20:09,/works/W2101008770,singleton,0,0
2026-09-28T13:20:09,/works/W2110426313,singleton,0,0
2026-09-28T13:20:09,/works/W2134365142,singleton,0,0
2026-09-28T13:20:09,/works/W2188907340,singleton,0,0
2026-09-28T13:20:09,/works/W2163124177,singleton,0,0
2026-09-28T13:20:10,/works/W2143357861,singleton,0,0
2026-09-28T13:20:10,/works/W2150311442,singleton,0,0
2026-09-28T13:20:10,/works/W2126231278,singleton,0,0
2026-09-28T13:20:10,/works/W113077670,singleton,0,0
2026-09-28T13:20:10,/works/W2129477582,singleton,0,0
2026-09-28T13:20:10,/works/W2129629514,singleton,0,0
2026-09-28T13:20:10,/works/W1999643559,singleton,0,0
2026-09-28T13:20:10,/works/W2032820983,singleton,0,0
2026-09-28T13:20:10,/works/W2100186901,singleton,0,0
2026-09-28T13:20:10,/works/W2126442133,singleton,0,0
2026-09-28T13:20:11,/works/W1990628460,singleton,0,0
2026-09-28T13:20:11,/works/W1994706223,singleton,0,0
2026-09-28T13:20:11,/works/W113077670,singleton,0,0
2026-09-28T13:20:11,/works/W2129477582,singleton,0,0
2026-09-28T13:20:11,/works/W2086654287,singleton,0,0
2026-09-28T13:20:11,/works/W2134365142,singleton,0,0
2026-09-28T13:20:11,/works/W2168579354,singleton,0,0
2026-09-28T13:20:11,/works/W2163124177,singleton,0,0
2026-09-28T13:20:11,/works/W2150311442,singleton,0,0
2026-09-28T13:20:11,/works/W2152263916,singleton,0,0
2026-09-28T13:20:12,/works/W1994706223,singleton,0,0
2026-09-28T13:20:12,/works/W1703787498,singleton,0,0
2026-09-28T13:20:12,/works/W2168579354,singleton,0,0
2026-09-28T13:20:12,/works/W2126442133,singleton,0,0
2026-09-28T13:20:12,/works/W113077670,singleton,0,0
2026-09-28T13:20:13,/works/W2134365142,singleton,0,0
2026-09-28T13:20:13,/works/W1994706223,singleton,0,0
2026-09-28T13:20:13,/works/W1983156683,singleton,0,0
2026-09-28T13:20:13,/works/W2113122261,singleton,0,0
2026-09-28T13:20:13,/works/W2150311442,singleton,0,0
2026-09-28T13:20:13,/works/W2163124177,singleton,0,0
2026-09-28T13:20:13,/works/W2127763523,singleton,0,0
2026-09-28T13:20:13,/works/W2170704856,singleton,0,0
2026-09-28T13:20:13,/works/W181229248,singleton,0,0
2026-09-28T13:20:14,/works/W1703787498,singleton,0,0
2026-09-28T13:20:14,/works/W2168579354,singleton,0,0
2026-09-28T13:20:14,/works/W2157544030,singleton,0,0
2026-09-28T13:20:14,/works/W1994706223,singleton,0,0
2026-09-28T13:20:14,/works/W2113122261,singleton,0,0
2026-09-28T13:20:14,/works/W1983156683,singleton,0,0
2026-09-28T13:20:14,/works/W2130152548,singleton,0,0
2026-09-28T13:20:14,/works/W2145159658,singleton,0,0
2026-09-28T13:20:14,/works/W181229248,singleton,0,0
2026-09-28T13:20:15,/works/W2170728775,singleton,0,0
2026-09-28T13:20:15,/works/W2170704856,singleton,0,0
2026-09-28T13:20:15,/works/W2113122261,singleton,0,0
2026-09-28T13:20:15,/works/W20014819,singleton,0,0
2026-09-28T13:20:15,/works/W1983156683,singleton,0,0
2026-09-28T13:20:15,/works/W2168579354,singleton,0,0
2026-09-28T13:20:15,/works/W2145159658,singleton,0,0
2026-09-28T13:20:15,/works/W2157544030,singleton,0,0
2026-09-28T13:20:15,/works/W2167574076,singleton,0,0
2026-09-28T13:20:16,/works/W2137355120,singleton,0,0
2026-09-28T13:20:16,/works/W181229248,singleton,0,0
2026-09-28T13:20:16,/works/W126973375,singleton,0,0
2026-09-28T13:20:16,/works/W2131891252,singleton,0,0
2026-09-28T13:20:16,/works/W2184016548,singleton,0,0
2026-09-28T13:20:16,/works/W2002530433,singleton,0,0
2026-09-28T13:20:16,/works/W2132698937,singleton,0,0
2026-09-28T13:20:16,/works/W2114090432,singleton,0,0
2026-09-28T13:20:17,/works/W2950061964,singleton,0,0
2026-09-28T13:20:17,/works/W2155207829,singleton,0,0
2026-09-28T13:20:17,/works/W2113122261,singleton,0,0
2026-09-28T13:20:17,/works/W2145159658,singleton,0,0
2026-09-28T13:20:17,/works/W2002530433,singleton,0,0
2026-09-28T13:20:17,/works/W2157544030,singleton,0,0
2026-09-28T13:20:17,/works/W2113135035,singleton,0,0
2026-09-28T13:20:17,/works/W2165582756,singleton,0,0
2026-09-28T13:20:18,/works/W2154087755,singleton,0,0
2026-09-28T13:20:18,/works/W126973375,singleton,0,0
2026-09-28T13:20:18,/works/W1600853312,singleton,0,0
2026-09-28T13:20:18,/works/W2114090432,singleton,0,0
2026-09-28T13:20:18,/works/W2077592106,singleton,0,0
2026-09-28T13:20:18,/works/W2155207829,singleton,0,0
2026-09-28T13:20:19,/works/W2002530433,singleton,0,0
2026-09-28T13:20:19,/works/W2939354611,singleton,0,0
2026-09-28T13:20:19,/works/W2431843421,singleton,0,0
2026-09-28T13:20:19,/works/W2154087755,singleton,0,0
2026-09-28T13:20:19,/works/W2146541561,singleton,0,0
2026-09-28T13:20:19,/works/W2157544030,singleton,0,0
2026-09-28T13:20:19,/works/W1965631057,singleton,0,0
2026-09-28T13:20:19,/works/W2899687945,singleton,0,0
2026-09-28T13:20:19,/works/W1600853312,singleton,0,0
2026-09-28T13:20:20,/works/W2002530433,singleton,0,0
2026-09-28T13:20:20,/works/W2123026656,singleton,0,0
2026-09-28T13:20:20,/works/W1642818364,singleton,0,0
2026-09-28T13:20:20,/works/W1965631057,singleton,0,0
2026-09-28T13:20:20,/works/W2092704561,singleton,0,0
2026-09-28T13:20:20,/works/W2431843421,singleton,0,0
2026-09-28T13:20:20,/works/W2157544030,singleton,0,0
2026-09-28T13:20:20,/works/W2118266213,singleton,0,0
2026-09-28T13:20:21,/works/W2146541561,singleton,0,0
2026-09-28T13:20:21,/works/W2145159658,singleton,0,0
2026-09-28T13:20:21,/works/W2157544030,singleton,0,0
2026-09-28T13:20:21,/works/W1965631057,singleton,0,0
2026-09-28T13:20:21,/works/W2040127500,singleton,0,0
2026-09-28T13:20:21,/works/W2146541561,singleton,0,0
2026-09-28T13:20:22,/works/W1642818364,singleton,0,0
2026-09-28T13:20:22,/works/W2612169517,singleton,0,0
2026-09-28T13:20:22,/works/W2163882067,singleton,0,0
2026-09-28T13:20:22,/works/W2118266213,singleton,0,0
2026-09-28T13:20:22,/works/W2092704561,singleton,0,0
2026-09-28T13:20:22,/works/W2431843421,singleton,0,0
2026-09-28T13:20:22,/works/W2140665682,singleton,0,0
2026-09-28T13:20:22,/works/W2127415734,singleton,0,0
2026-09-28T13:20:22,/works/W2127606101,singleton,0,0
2026-09-28T13:20:22,/works/W2103102207,singleton,0,0
2026-09-28T13:20:22,/works/W2187698682,singleton,0,0
2026-09-28T13:20:22,/works/W1521009986,singleton,0,0
2026-09-28T13:20:22,/works/W2103711480,singleton,0,0
2026-09-28T13:20:23,/works/W2935843237,singleton,0,0
2026-09-28T13:20:23,/works/W2142851965,singleton,0,0
2026-09-28T13:20:23,/works/W1642818364,singleton,0,0
2026-09-28T13:20:23,/works/W562372631,singleton,0,0
2026-09-28T13:20:23,/works/W2127606101,singleton,0,0
2026-09-28T13:20:23,/works/W2612169517,singleton,0,0
2026-09-28T13:20:23,/works/W2156578195,singleton,0,0
2026-09-28T13:20:24,/works/W2029455679,singleton,0,0
2026-09-28T13:20:24,/works/W2187698682,singleton,0,0
2026-09-28T13:20:24,/works/W2103102207,singleton,0,0
2026-09-28T13:20:24,/works/W2155777677,singleton,0,0
2026-09-28T13:20:24,/works/W1521009986,singleton,0,0
2026-09-28T13:20:24,/works/W2612169517,singleton,0,0
2026-09-28T13:20:24,/works/W1642818364,singleton,0,0
2026-09-28T13:20:24,/works/W2020782388,singleton,0,0
2026-09-28T13:20:25,/works/W2127606101,singleton,0,0
2026-09-28T13:20:25,/works/W2117368822,singleton,0,0
2026-09-28T13:20:25,/works/W2161664848,singleton,0,0
2026-09-28T13:20:25,/works/W2156578195,singleton,0,0
2026-09-28T13:20:25,/works/W2187698682,singleton,0,0
2026-09-28T13:20:25,/works/W2155777677,singleton,0,0
2026-09-28T13:20:25,/works/W207642533,singleton,0,0
2026-09-28T13:20:26,/works/W2119774408,singleton,0,0
2026-09-28T13:20:26,/works/W2161664848,singleton,0,0
2026-09-28T13:20:26,/works/W2612169517,singleton,0,0
2026-09-28T13:20:26,/works/W2020782388,singleton,0,0
2026-09-28T13:20:26,/works/W2154805471,singleton,0,0
2026-09-28T13:20:26,/works/W2127606101,singleton,0,0
2026-09-28T13:20:26,/works/W2112341685,singleton,0,0
2026-09-28T13:20:26,/works/W2187698682,singleton,0,0
2026-09-28T13:20:27,/works/W2032008427,singleton,0,0
2026-09-28T13:20:27,/works/W207642533,singleton,0,0
2026-09-28T13:20:27,/works/W2156578195,singleton,0,0
2026-09-28T13:20:27,/works/W2154805471,singleton,0,0
2026-09-28T13:20:27,/works/W2161664848,singleton,0,0
2026-09-28T13:20:28,/works/W2612169517,singleton,0,0
2026-09-28T13:20:28,/works/W2032008427,singleton,0,0
2026-09-28T13:20:28,/works/W2187698682,singleton,0,0
2026-09-28T13:20:28,/works/W207642533,singleton,0,0
2026-09-28T13:20:29,/works/W2156578195,singleton,0,0
2026-09-28T13:20:29,/works/W2161664848,singleton,0,0
2026-09-28T13:20:29,/works/W2612169517,singleton,0,0
2026-09-28T13:20:30,/works/W2032008427,singleton,0,0
2026-09-28T13:20:30,/works/W2161664848,singleton,0,0
2026-09-28T13:20:31,/works/W2612169517,singleton,0,0
2026-09-28T13:22:34,/works/W2103296194,singleton,0,0
2026-09-28T13:22:34,/works/W2063512404,singleton,0,0
2026-09-28T13:22:34,/works/W2078744065,singleton,0,0
2026-09-28T13:22:34,/works/W2086747090,singleton,0,0
2026-09-28T13:22:34,/works/W2059100718,singleton,0,0
2026-09-28T13:22:34,/works/W2047673107,singleton,0,0
2026-09-28T13:22:34,/works/W2041512590,singleton,0,0
2026-09-28T13:22:34,/works/W2183636940,singleton,0,0
2026-09-28T13:22:34,/works/W1976860187,singleton,0,0
2026-09-28T13:22:34,/works/W2019751250,singleton,0,0
2026-09-28T13:22:34,/works/W2407109136,singleton,0,0
2026-09-28T13:22:34,/works/W2063512404,singleton,0,0
2026-09-28T13:22:35,/works/W2047673107,singleton,0,0
2026-09-28T13:22:35,/works/W2086747090,singleton,0,0
2026-09-28T13:22:35,/works/W86205084,singleton,0,0
2026-09-28T13:22:35,/works/W2059100718,singleton,0,0
2026-09-28T13:22:35,/works/W2012251953,singleton,0,0
2026-09-28T13:22:35,/works/W2078744065,singleton,0,0
2026-09-28T13:22:35,/works/W2002490856,singleton,0,0
2026-09-28T13:22:35,/works/W2103296194,singleton,0,0
2026-09-28T13:22:35,/works/W2288517281,singleton,0,0
2026-09-28T13:22:36,/works/W2019751250,singleton,0,0
2026-09-28T13:22:36,/works/W2235478132,singleton,0,0
2026-09-28T13:22:36,/works/W2047673107,singleton,0,0
2026-09-28T13:22:36,/works/W2116096153,singleton,0,0
2026-09-28T13:22:36,/works/W2122370965,singleton,0,0
2026-09-28T13:22:36,/works/W194570630,singleton,0,0
2026-09-28T13:22:36,/works/W86205084,singleton,0,0
2026-09-28T13:22:36,/works/W2162739447,singleton,0,0
2026-09-28T13:22:36,/works/W1528982188,singleton,0,0
2026-09-28T13:22:36,/works/W2059100718,singleton,0,0
2026-09-28T13:22:36,/works/W55653991,singleton,0,0
2026-09-28T13:22:36,/works/W2012251953,singleton,0,0
2026-09-28T13:22:37,/works/W2078744065,singleton,0,0
2026-09-28T13:22:37,/works/W2116762767,singleton,0,0
2026-09-28T13:22:37,/works/W1975283025,singleton,0,0
2026-09-28T13:22:37,/works/W2047673107,singleton,0,0
2026-09-28T13:22:37,/works/W2296349066,singleton,0,0
2026-09-28T13:22:37,/works/W1528982188,singleton,0,0
2026-09-28T13:22:37,/works/W2116096153,singleton,0,0
2026-09-28T13:22:37,/works/W2178686517,singleton,0,0
2026-09-28T13:22:38,/works/W613367431,singleton,0,0
2026-09-28T13:22:38,/works/W1986349186,singleton,0,0
2026-09-28T13:22:38,/works/W2162739447,singleton,0,0
2026-09-28T13:22:38,/works/W1629805925,singleton,0,0
2026-09-28T13:22:38,/works/W1975283025,singleton,0,0
2026-09-28T13:22:38,/works/W2059100718,singleton,0,0
2026-09-28T13:22:38,/works/W2116762767,singleton,0,0
2026-09-28T13:22:38,/works/W2243202019,singleton,0,0
2026-09-28T13:22:38,/works/W2260556770,singleton,0,0
2026-09-28T13:22:38,/works/W840174385,singleton,0,0
2026-09-28T13:22:39,/works/W2178686517,singleton,0,0
2026-09-28T13:22:39,/works/W2047673107,singleton,0,0
2026-09-28T13:22:39,/works/W613367431,singleton,0,0
2026-09-28T13:22:39,/works/W2140099174,singleton,0,0
2026-09-28T13:22:39,/works/W1473335044,singleton,0,0
2026-09-28T13:22:39,/works/W1629805925,singleton,0,0
2026-09-28T13:22:39,/works/W1482914100,singleton,0,0
2026-09-28T13:22:39,/works/W840174385,singleton,0,0
2026-09-28T13:22:39,/works/W1975283025,singleton,0,0
2026-09-28T13:22:39,/works/W2048767145,singleton,0,0
2026-09-28T13:22:40,/works/W2243202019,singleton,0,0
2026-09-28T13:22:40,/works/W2151647665,singleton,0,0
2026-09-28T13:22:40,/works/W2260556770,singleton,0,0
2026-09-28T13:22:40,/works/W840174385,singleton,0,0
2026-09-28T13:22:40,/works/W2140099174,singleton,0,0
2026-09-28T13:22:40,/works/W613367431,singleton,0,0
2026-09-28T13:22:41,/works/W1482914100,singleton,0,0
2026-09-28T13:22:41,/works/doi:10.1145/1921632.1921634,singleton,0,0
2026-09-28T13:22:41,/works/W2151647665,singleton,0,0
2026-09-28T13:22:41,/works/W1975283025,singleton,0,0
2026-09-28T13:22:41,/works/W2243202019,singleton,0,0
2026-09-28T13:22:41,/works/W2055659141,singleton,0,0
2026-09-28T13:22:41,/works/W2260556770,singleton,0,0
2026-09-28T13:22:41,/works/W2109351043,singleton,0,0
2026-09-28T13:22:41,/works/W2120458882,singleton,0,0
2026-09-28T13:22:41,/works/W2032976473,singleton,0,0
2026-09-28T13:22:42,/works/W228898923,singleton,0,0
2026-09-28T13:22:42,/works/W1975283025,singleton,0,0
2026-09-28T13:22:42,/works/W1871705262,singleton,0,0
2026-09-28T13:22:42,/works/W2056981018,singleton,0,0
2026-09-28T13:22:42,/works/W840174385,singleton,0,0
2026-09-28T13:22:42,/works/W2140099174,singleton,0,0
2026-09-28T13:22:42,/works/W1889710643,singleton,0,0
2026-09-28T13:22:42,/works/W567065710,singleton,0,0
2026-09-28T13:22:42,/works/W2402984438,singleton,0,0
2026-09-28T13:22:42,/works/W2055659141,singleton,0,0
2026-09-28T13:22:42,/works/W2243202019,singleton,0,0
2026-09-28T13:22:43,/works/W1975283025,singleton,0,0
2026-09-28T13:22:43,/works/W2120458882,singleton,0,0
2026-09-28T13:22:43,/works/W140837259,singleton,0,0
2026-09-28T13:22:43,/works/W1871705262,singleton,0,0
2026-09-28T13:22:43,/works/W1516820013,singleton,0,0
2026-09-28T13:22:43,/works/W2057087550,singleton,0,0
2026-09-28T13:22:43,/works/W567065710,singleton,0,0
2026-09-28T13:22:43,/works/W1889710643,singleton,0,0
2026-09-28T13:22:43,/works/W1871705262,singleton,0,0
2026-09-28T13:22:44,/works/W1975283025,singleton,0,0
2026-09-28T13:22:44,/works/W2061601738,singleton,0,0
2026-09-28T13:22:44,/works/W140837259,singleton,0,0
2026-09-28T13:22:44,/works/W2134007938,singleton,0,0
2026-09-28T13:22:44,/works/W2402984438,singleton,0,0
2026-09-28T13:22:44,/works/W2120458882,singleton,0,0
2026-09-28T13:22:44,/works/W1985555444,singleton,0,0
2026-09-28T13:22:44,/works/W2577770711,singleton,0,0
2026-09-28T13:22:44,/works/W1871705262,singleton,0,0
2026-09-28T13:22:44,/works/W2181952332,singleton,0,0
2026-09-28T13:22:45,/works/W567065710,singleton,0,0
2026-09-28T13:22:45,/works/W1889710643,singleton,0,0
2026-09-28T13:22:45,/works/W2061601738,singleton,0,0
2026-09-28T13:22:45,/works/W1772714754,singleton,0,0
2026-09-28T13:22:45,/works/W2134007938,singleton,0,0
2026-09-28T13:22:45,/works/W2120458882,singleton,0,0
2026-09-28T13:22:46,/works/W1985555444,singleton,0,0
2026-09-28T13:22:46,/works/W1547229954,singleton,0,0
2026-09-28T13:22:46,/works/W1871705262,singleton,0,0
2026-09-28T13:22:46,/works/W2313186824,singleton,0,0
2026-09-28T13:22:46,/works/W567065710,singleton,0,0
2026-09-28T13:22:46,/works/W1889710643,singleton,0,0
2026-09-28T13:22:46,/works/W2181952332,singleton,0,0
2026-09-28T13:22:46,/works/W2113000065,singleton,0,0
2026-09-28T13:22:46,/works/W2040221245,singleton,0,0
2026-09-28T13:22:47,/works/W2157456970,singleton,0,0
2026-09-28T13:22:47,/works/W2120458882,singleton,0,0
2026-09-28T13:22:47,/works/W1871705262,singleton,0,0
2026-09-28T13:22:47,/works/W2293163188,singleton,0,0
2026-09-28T13:22:47,/works/W2134007938,singleton,0,0
2026-09-28T13:22:47,/works/W1973134297,singleton,0,0
2026-09-28T13:22:47,/works/W2313186824,singleton,0,0
2026-09-28T13:22:47,/works/W567065710,singleton,0,0
2026-09-28T13:22:47,/works/W1547229954,singleton,0,0
2026-09-28T13:22:47,/works/W2011078029,singleton,0,0
2026-09-28T13:22:47,/works/W1974135807,singleton,0,0
2026-09-28T13:22:48,/works/W2157456970,singleton,0,0
2026-09-28T13:22:48,/works/W1973134297,singleton,0,0
2026-09-28T13:22:48,/works/W2293163188,singleton,0,0
2026-09-28T13:22:48,/works/W56722170,singleton,0,0
2026-09-28T13:22:48,/works/W2011056378,singleton,0,0
2026-09-28T13:22:48,/works/W2113000065,singleton,0,0
2026-09-28T13:22:48,/works/W2188622706,singleton,0,0
2026-09-28T13:22:48,/works/W1985982729,singleton,0,0
2026-09-28T13:22:48,/works/W1547229954,singleton,0,0
2026-09-28T13:22:48,/works/W2130010548,singleton,0,0
2026-09-28T13:22:48,/works/W2134007938,singleton,0,0
2026-09-28T13:22:48,/works/W2030421664,singleton,0,0
2026-09-28T13:22:48,/works/W2120759075,singleton,0,0
2026-09-28T13:22:49,/works/W136371262,singleton,0,0
2026-09-28T13:22:49,/works/W109909672,singleton,0,0
2026-09-28T13:22:49,/works/W2011078029,singleton,0,0
2026-09-28T13:22:49,/works/W2134007938,singleton,0,0
2026-09-28T13:22:49,/works/W56722170,singleton,0,0
2026-09-28T13:22:49,/works/W2170244509,singleton,0,0
2026-09-28T13:22:49,/works/W2293163188,singleton,0,0
2026-09-28T13:22:50,/works/W136371262,singleton,0,0
2026-09-28T13:22:50,/works/W1501222555,singleton,0,0
2026-09-28T13:22:50,/works/W137603941,singleton,0,0
2026-09-28T13:22:50,/works/W1547229954,singleton,0,0
2026-09-28T13:22:50,/works/W2030421664,singleton,0,0
2026-09-28T13:22:50,/works/W2183157609,singleton,0,0
2026-09-28T13:22:50,/works/W2102524189,singleton,0,0
2026-09-28T13:22:50,/works/W2134007938,singleton,0,0
2026-09-28T13:22:50,/works/W2301000820,singleton,0,0
2026-09-28T13:22:50,/works/W2040597850,singleton,0,0
2026-09-28T13:22:50,/works/W56722170,singleton,0,0
2026-09-28T13:22:50,/works/W2912493427,singleton,0,0
2026-09-28T13:22:51,/works/W2103526999,singleton,0,0
2026-09-28T13:22:51,/works/W132503990,singleton,0,0
2026-09-28T13:22:51,/works/W136371262,singleton,0,0
2026-09-28T13:22:51,/works/W2011078029,singleton,0,0
2026-09-28T13:22:51,/works/W2109701112,singleton,0,0
2026-09-28T13:22:51,/works/W2181818382,singleton,0,0
2026-09-28T13:22:51,/works/W60312689,singleton,0,0
2026-09-28T13:22:51,/works/W2183157609,singleton,0,0
2026-09-28T13:22:52,/works/W2040597850,singleton,0,0
2026-09-28T13:22:52,/works/W2912493427,singleton,0,0
2026-09-28T13:22:52,/works/W2109701112,singleton,0,0
2026-09-28T13:22:52,/works/W2301000820,singleton,0,0
2026-09-28T13:22:52,/works/W60312689,singleton,0,0
2026-09-28T13:22:52,/works/W2181818382,singleton,0,0
2026-09-28T13:22:52,/works/W2955621662,singleton,0,0
2026-09-28T13:22:52,/works/W132503990,singleton,0,0
2026-09-28T13:22:52,/works/W2040597850,singleton,0,0
2026-09-28T13:22:52,/works/W1968160647,singleton,0,0
2026-09-28T13:22:52,/works/W2951147086,singleton,0,0
2026-09-28T13:22:53,/works/W2048192106,singleton,0,0
2026-09-28T13:22:53,/works/W2025450559,singleton,0,0
2026-09-28T13:22:53,/works/W2109701112,singleton,0,0
2026-09-28T13:22:53,/works/W2183157609,singleton,0,0
2026-09-28T13:22:53,/works/W2152143040,singleton,0,0
2026-09-28T13:22:53,/works/W2040597850,singleton,0,0
2026-09-28T13:22:53,/works/W2100416747,singleton,0,0
2026-09-28T13:22:53,/works/W2955621662,singleton,0,0
2026-09-28T13:22:53,/works/W153402555,singleton,0,0
2026-09-28T13:22:53,/works/W2912493427,singleton,0,0
2026-09-28T13:22:54,/works/W2143549364,singleton,0,0
2026-09-28T13:22:54,/works/W2109701112,singleton,0,0
2026-09-28T13:22:54,/works/W1981053739,singleton,0,0
2026-09-28T13:22:54,/works/W2318221659,singleton,0,0
2026-09-28T13:22:54,/works/W2100416747,singleton,0,0
2026-09-28T13:22:54,/works/W2951147086,singleton,0,0
2026-09-28T13:22:54,/works/W2025450559,singleton,0,0
2026-09-28T13:22:54,/works/W2020671853,singleton,0,0
2026-09-28T13:22:54,/works/W2395869636,singleton,0,0
2026-09-28T13:22:54,/works/W2144810099,singleton,0,0
2026-09-28T13:22:54,/works/W2109701112,singleton,0,0
2026-09-28T13:22:55,/works/W1981053739,singleton,0,0
2026-09-28T13:22:55,/works/W153402555,singleton,0,0
2026-09-28T13:22:55,/works/W2912493427,singleton,0,0
2026-09-28T13:22:55,/works/W2103337291,singleton,0,0
2026-09-28T13:22:55,/works/W2020671853,singleton,0,0
2026-09-28T13:22:55,/works/W2152083440,singleton,0,0
2026-09-28T13:22:55,/works/W2395869636,singleton,0,0
2026-09-28T13:22:55,/works/W2058730948,singleton,0,0
2026-09-28T13:22:56,/works/W2125095596,singleton,0,0
2026-09-28T13:22:56,/works/W2100416747,singleton,0,0
2026-09-28T13:22:56,/works/W1981053739,singleton,0,0
2026-09-28T13:22:56,/works/W1663866169,singleton,0,0
2026-09-28T13:22:56,/works/W2144810099,singleton,0,0
2026-09-28T13:22:56,/works/W2185016549,singleton,0,0
2026-09-28T13:22:56,/works/W2125301708,singleton,0,0
2026-09-28T13:22:56,/works/W2109701112,singleton,0,0
2026-09-28T13:22:56,/works/W2233536554,singleton,0,0
2026-09-28T13:22:56,/works/W2244120354,singleton,0,0
2026-09-28T13:22:57,/works/W2098272972,singleton,0,0
2026-09-28T13:22:57,/works/W2058730948,singleton,0,0
2026-09-28T13:22:57,/works/W1663866169,singleton,0,0
2026-09-28T13:22:57,/works/W2395869636,singleton,0,0
2026-09-28T13:22:57,/works/W2103337291,singleton,0,0
2026-09-28T13:22:57,/works/W2109701112,singleton,0,0
2026-09-28T13:22:57,/works/W2295908047,singleton,0,0
2026-09-28T13:22:58,/works/W2098272972,singleton,0,0
2026-09-28T13:22:58,/works/W2233536554,singleton,0,0
2026-09-28T13:22:58,/works/W2144810099,singleton,0,0
2026-09-28T13:22:58,/works/W2103337291,singleton,0,0
2026-09-28T13:22:58,/works/W2295908047,singleton,0,0
2026-09-28T13:22:58,/works/W2087763386,singleton,0,0
2026-09-28T13:22:58,/works/W81583347,singleton,0,0
2026-09-28T13:22:58,/works/W2109701112,singleton,0,0
2026-09-28T13:22:58,/works/W2395869636,singleton,0,0
2026-09-28T13:22:58,/works/W2098272972,singleton,0,0
2026-09-28T13:22:58,/works/W2057346144,singleton,0,0
2026-09-28T13:22:58,/works/W2058730948,singleton,0,0
2026-09-28T13:22:59,/works/W2087763386,singleton,0,0
2026-09-28T13:22:59,/works/W2233536554,singleton,0,0
2026-09-28T13:22:59,/works/W2049854923,singleton,0,0
2026-09-28T13:22:59,/works/W2139102017,singleton,0,0
2026-09-28T13:22:59,/works/W2295908047,singleton,0,0
2026-09-28T13:23:00,/works/W2098272972,singleton,0,0
2026-09-28T13:23:00,/works/W2233536554,singleton,0,0
2026-09-28T13:23:00,/works/W58617512,singleton,0,0
2026-09-28T13:23:00,/works/W10141861,singleton,0,0
2026-09-28T13:23:00,/works/W2087763386,singleton,0,0
2026-09-28T13:23:00,/works/W81583347,singleton,0,0
2026-09-28T13:23:00,/works/W2057346144,singleton,0,0
2026-09-28T13:23:00,/works/W2395869636,singleton,0,0
2026-09-28T13:23:00,/works/W1823044884,singleton,0,0
2026-09-28T13:23:00,/works/W2136579661,singleton,0,0
2026-09-28T13:23:00,/works/W2066317056,singleton,0,0
2026-09-28T13:23:00,/works/W2322332362,singleton,0,0
2026-09-28T13:23:00,/works/W10141861,singleton,0,0
2026-09-28T13:23:00,/works/W2953007714,singleton,0,0
2026-09-28T13:23:00,/works/W1506294582,singleton,0,0
2026-09-28T13:23:01,/works/W2233536554,singleton,0,0
2026-09-28T13:23:01,/works/W2952475098,singleton,0,0
2026-09-28T13:23:01,/works/W58617512,singleton,0,0
2026-09-28T13:23:01,/works/W2322332362,singleton,0,0
2026-09-28T13:23:01,/works/W2057346144,singleton,0,0
2026-09-28T13:23:01,/works/W1506294582,singleton,0,0
2026-09-28T13:23:01,/works/W2952475098,singleton,0,0
2026-09-28T13:23:02,/works/W1823044884,singleton,0,0
2026-09-28T13:23:02,/works/W2322332362,singleton,0,0
2026-09-28T13:23:02,/works/W10141861,singleton,0,0
2026-09-28T13:23:02,/works/W2233536554,singleton,0,0
2026-09-28T13:23:02,/works/W1506294582,singleton,0,0
2026-09-28T13:23:02,/works/W2952475098,singleton,0,0
2026-09-28T13:23:03,/works/W10141861,singleton,0,0
2026-09-28T13:23:03,/works/W2952475098,singleton,0,0
2026-09-28T13:23:03,/works/W2322332362,singleton,0,0
2026-09-28T13:23:04,/works/W2233536554,singleton,0,0
2026-09-28T13:23:04,/works/W2952475098,singleton,0,0
2026-09-28T13:23:05,/works/W10141861,singleton,0,0
2026-09-28T13:23:05,/works/W2322332362,singleton,0,0
2026-09-28T13:23:08,/works/W2127137801,singleton,0,0
2026-09-28T13:23:08,/works/W2038602954,singleton,0,0
2026-09-28T13:23:08,/works/W2056483203,singleton,0,0
2026-09-28T13:23:08,/works/W2002923348,singleton,0,0
2026-09-28T13:23:08,/works/W2117189006,singleton,0,0
2026-09-28T13:23:08,/works/W1987207649,singleton,0,0
2026-09-28T13:23:08,/works/W101824144,singleton,0,0
2026-09-28T13:23:08,/works/W2011035257,singleton,0,0
2026-09-28T13:23:09,/works/W2155912180,singleton,0,0
2026-09-28T13:23:09,/works/W157730506,singleton,0,0
2026-09-28T13:23:09,/works/W2435230132,singleton,0,0
2026-09-28T13:23:09,/works/W2050199819,singleton,0,0
2026-09-28T13:23:09,/works/W125247359,singleton,0,0
2026-09-28T13:23:09,/works/W2136389843,singleton,0,0
2026-09-28T13:23:09,/works/W168273475,singleton,0,0
2026-09-28T13:23:09,/works/W2025661446,singleton,0,0
2026-09-28T13:23:09,/works/W1989901830,singleton,0,0
2026-09-28T13:23:09,/works/W2074074126,singleton,0,0
2026-09-28T13:23:09,/works/W1965522053,singleton,0,0
2026-09-28T13:23:09,/works/W2065717991,singleton,0,0
2026-09-28T13:23:09,/works/W2358211877,singleton,0,0
2026-09-28T13:23:09,/works/W1841282572,singleton,0,0
2026-09-28T13:23:09,/works/W2025724214,singleton,0,0
2026-09-28T13:23:09,/works/W65589168,singleton,0,0
2026-09-28T13:23:10,/works/W2461253099,singleton,0,0
2026-09-28T13:23:10,/works/W2102748941,singleton,0,0
2026-09-28T13:23:10,/works/W2527183363,singleton,0,0
2026-09-28T13:23:10,/works/W2035291794,singleton,0,0
2026-09-28T13:23:10,/works/W86739589,singleton,0,0
2026-09-28T13:23:10,/works/W2052909614,singleton,0,0
2026-09-28T13:23:10,/works/W2608223140,singleton,0,0
2026-09-28T13:23:10,/works/W39291092,singleton,0,0
2026-09-28T13:23:10,/works/W2012532049,singleton,0,0
2026-09-28T13:23:10,/works/W2114619654,singleton,0,0
2026-09-28T13:23:10,/works/W1965522053,singleton,0,0
2026-09-28T13:23:10,/works/W2068403437,singleton,0,0
2026-09-28T13:23:10,/works/W2000574761,singleton,0,0
2026-09-28T13:23:10,/works/W2001069728,singleton,0,0
2026-09-28T13:23:10,/works/W2312817931,singleton,0,0
2026-09-28T13:23:10,/works/W2065717991,singleton,0,0
2026-09-28T13:23:11,/works/W1989901830,singleton,0,0
2026-09-28T13:23:11,/works/W2181670481,singleton,0,0
2026-09-28T13:23:11,/works/W2117692617,singleton,0,0
2026-09-28T13:23:11,/works/W2158110105,singleton,0,0
2026-09-28T13:23:11,/works/W2114619654,singleton,0,0
2026-09-28T13:23:11,/works/W2042330014,singleton,0,0
2026-09-28T13:23:11,/works/W1493249179,singleton,0,0
2026-09-28T13:23:11,/works/W2066869484,singleton,0,0
2026-09-28T13:23:11,/works/W2064644689,singleton,0,0
2026-09-28T13:23:11,/works/W2114171396,singleton,0,0
2026-09-28T13:23:11,/works/W1839546599,singleton,0,0
2026-09-28T13:23:11,/works/W1998692594,singleton,0,0
2026-09-28T13:23:11,/works/W2153949694,singleton,0,0
2026-09-28T13:23:11,/works/W2366309551,singleton,0,0
2026-09-28T13:23:11,/works/W2131501771,singleton,0,0
2026-09-28T13:23:12,/works/W2608223140,singleton,0,0
2026-09-28T13:23:12,/works/W1952402404,singleton,0,0
2026-09-28T13:23:12,/works/W2134955191,singleton,0,0
2026-09-28T13:23:12,/works/W2552112530,singleton,0,0
2026-09-28T13:23:12,/works/W2000574761,singleton,0,0
2026-09-28T13:23:12,/works/W1966878562,singleton,0,0
2026-09-28T13:23:12,/works/W1486640933,singleton,0,0
2026-09-28T13:23:12,/works/W2124231704,singleton,0,0
2026-09-28T13:23:12,/works/W2114171396,singleton,0,0
2026-09-28T13:23:12,/works/W2124368435,singleton,0,0
2026-09-28T13:23:12,/works/W2066869484,singleton,0,0
2026-09-28T13:23:12,/works/W2096260165,singleton,0,0
2026-09-28T13:23:12,/works/W2144630849,singleton,0,0
2026-09-28T13:23:12,/works/W2042495901,singleton,0,0
2026-09-28T13:23:12,/works/W2107017162,singleton,0,0
2026-09-28T13:23:12,/works/W1984759967,singleton,0,0
2026-09-28T13:23:13,/works/W2040387711,singleton,0,0
2026-09-28T13:23:13,/works/W1984710275,singleton,0,0
2026-09-28T13:23:13,/works/W1996164030,singleton,0,0
2026-09-28T13:23:13,/works/W2039932314,singleton,0,0
2026-09-28T13:23:13,/works/W2076101529,singleton,0,0
2026-09-28T13:23:13,/works/W2061070149,singleton,0,0
2026-09-28T13:23:13,/works/W2366309551,singleton,0,0
2026-09-28T13:23:13,/works/W2144630849,singleton,0,0
2026-09-28T13:23:13,/works/W1982273038,singleton,0,0
2026-09-28T13:23:13,/works/W2003416132,singleton,0,0
2026-09-28T13:23:13,/works/W2783208802,singleton,0,0
2026-09-28T13:23:13,/works/W2240623554,singleton,0,0
2026-09-28T13:23:13,/works/W1487572149,singleton,0,0
2026-09-28T13:23:13,/works/W8062728,singleton,0,0
2026-09-28T13:23:14,/works/W2342692335,singleton,0,0
2026-09-28T13:23:14,/works/W2066869484,singleton,0,0
2026-09-28T13:23:14,/works/W2107017162,singleton,0,0
2026-09-28T13:23:14,/works/doi:10.1145/1639950.1639979,singleton,0,0
2026-09-28T13:23:14,/works/W1979884739,singleton,0,0
2026-09-28T13:23:14,/works/W2029313390,singleton,0,0
2026-09-28T13:23:14,/works/W2117618193,singleton,0,0
2026-09-28T13:23:14,/works/W2038206396,singleton,0,0
2026-09-28T13:23:14,/works/W2480741386,singleton,0,0
2026-09-28T13:23:14,/works/W2157832437,singleton,0,0
2026-09-28T13:23:14,/works/W1483636917,singleton,0,0
2026-09-28T13:23:14,/works/W2160084895,singleton,0,0
2026-09-28T13:23:14,/works/W2783208802,singleton,0,0
2026-09-28T13:23:15,/works/W2022995438,singleton,0,0
2026-09-28T13:23:15,/works/W2382432244,singleton,0,0
2026-09-28T13:23:15,/works/W1993073566,singleton,0,0
2026-09-28T13:23:15,/works/W1977290826,singleton,0,0
2026-09-28T13:23:15,/works/W2107017162,singleton,0,0
2026-09-28T13:23:15,/works/W2117618193,singleton,0,0
2026-09-28T13:23:15,/works/W1975623118,singleton,0,0
2026-09-28T13:23:15,/works/W2120865036,singleton,0,0
2026-09-28T13:23:15,/works/W2172241056,singleton,0,0
2026-09-28T13:23:15,/works/W8062728,singleton,0,0
2026-09-28T13:23:16,/works/W1993073566,singleton,0,0
2026-09-28T13:23:16,/works/W2022995438,singleton,0,0
2026-09-28T13:23:16,/works/W2107017162,singleton,0,0
2026-09-28T13:24:23,/works/W2166288696,singleton,0,0
2026-09-28T13:24:23,/works/W2099548919,singleton,0,0
2026-09-28T13:24:23,/works/W1983102173,singleton,0,0
2026-09-28T13:24:23,/works/W2102560467,singleton,0,0
2026-09-28T13:24:23,/works/W2059511229,singleton,0,0
2026-09-28T13:24:23,/works/W2035121417,singleton,0,0
2026-09-28T13:24:23,/works/W2019229253,singleton,0,0
2026-09-28T13:24:23,/works/W2169145911,singleton,0,0
2026-09-28T13:24:23,/works/W2085252210,singleton,0,0
2026-09-28T13:24:24,/works/W2041090784,singleton,0,0
2026-09-28T13:24:24,/works/W1544649715,singleton,0,0
2026-09-28T13:24:24,/works/W2126485871,singleton,0,0
2026-09-28T13:24:24,/works/W2142308374,singleton,0,0
2026-09-28T13:24:24,/works/W2041090784,singleton,0,0
2026-09-28T13:24:25,/works/W2099548919,singleton,0,0
2026-09-28T13:24:25,/works/W2166288696,singleton,0,0
2026-09-28T13:24:25,/works/W2085252210,singleton,0,0
2026-09-28T13:24:25,/works/W1983102173,singleton,0,0
2026-09-28T13:24:25,/works/W2102560467,singleton,0,0
2026-09-28T13:24:25,/works/W1995160905,singleton,0,0
2026-09-28T13:24:25,/works/W2059511229,singleton,0,0
2026-09-28T13:24:25,/works/W2115018609,singleton,0,0
2026-09-28T13:24:25,/works/W2153156044,singleton,0,0
2026-09-28T13:24:25,/works/W2347643124,singleton,0,0
2026-09-28T13:24:25,/works/W2059017712,singleton,0,0
2026-09-28T13:24:26,/works/W2041090784,singleton,0,0
2026-09-28T13:24:26,/works/W2099548919,singleton,0,0
2026-09-28T13:24:26,/works/W2166288696,singleton,0,0
2026-09-28T13:24:26,/works/W181719928,singleton,0,0
2026-09-28T13:24:26,/works/W2102560467,singleton,0,0
2026-09-28T13:24:26,/works/W2153156044,singleton,0,0
2026-09-28T13:24:26,/works/W2115018609,singleton,0,0
2026-09-28T13:24:26,/works/W2347643124,singleton,0,0
2026-09-28T13:24:26,/works/W2018504096,singleton,0,0
2026-09-28T13:24:26,/works/W2143526249,singleton,0,0
2026-09-28T13:24:27,/works/W2073120746,singleton,0,0
2026-09-28T13:24:27,/works/W2059017712,singleton,0,0
2026-09-28T13:24:27,/works/W2093813223,singleton,0,0
2026-09-28T13:24:27,/works/W2133496762,singleton,0,0
2026-09-28T13:24:27,/works/W1662658298,singleton,0,0
2026-09-28T13:24:28,/works/W2153156044,singleton,0,0
2026-09-28T13:24:28,/works/W2347643124,singleton,0,0
2026-09-28T13:24:28,/works/W2018504096,singleton,0,0
2026-09-28T13:24:28,/works/W2058664830,singleton,0,0
2026-09-28T13:24:28,/works/W2171253958,singleton,0,0
2026-09-28T13:24:28,/works/W2073120746,singleton,0,0
2026-09-28T13:24:28,/works/W2012918968,singleton,0,0
2026-09-28T13:24:28,/works/W2102560467,singleton,0,0
2026-09-28T13:24:28,/works/W2050879491,singleton,0,0
2026-09-28T13:24:28,/works/W2115018609,singleton,0,0
2026-09-28T13:24:28,/works/W2000399153,singleton,0,0
2026-09-28T13:24:28,/works/W1993000511,singleton,0,0
2026-09-28T13:24:28,/works/W2168365907,singleton,0,0
2026-09-28T13:24:28,/works/W2003258403,singleton,0,0
2026-09-28T13:24:29,/works/W2124257106,singleton,0,0
2026-09-28T13:24:29,/works/W2124017640,singleton,0,0
2026-09-28T13:24:29,/works/W2012918968,singleton,0,0
2026-09-28T13:24:29,/works/W2171253958,singleton,0,0
2026-09-28T13:24:29,/works/W2183823943,singleton,0,0
2026-09-28T13:24:29,/works/W2073120746,singleton,0,0
2026-09-28T13:24:29,/works/W2003258403,singleton,0,0
2026-09-28T13:24:29,/works/W2168365907,singleton,0,0
2026-09-28T13:24:30,/works/W1993000511,singleton,0,0
2026-09-28T13:24:30,/works/W1511409886,singleton,0,0
2026-09-28T13:24:30,/works/W2124257106,singleton,0,0
2026-09-28T13:24:30,/works/W2059626155,singleton,0,0
2026-09-28T13:24:30,/works/W2183823943,singleton,0,0
2026-09-28T13:24:30,/works/W2108992451,singleton,0,0
2026-09-28T13:24:30,/works/W2127893336,singleton,0,0
2026-09-28T13:24:30,/works/W2155235762,singleton,0,0
2026-09-28T13:24:30,/works/W1974995149,singleton,0,0
2026-09-28T13:24:30,/works/W2012918968,singleton,0,0
2026-09-28T13:24:31,/works/W1511409886,singleton,0,0
2026-09-28T13:24:31,/works/W1976997469,singleton,0,0
2026-09-28T13:24:31,/works/W1986297657,singleton,0,0
2026-09-28T13:24:31,/works/W2171253958,singleton,0,0
2026-09-28T13:24:31,/works/W2032045112,singleton,0,0
2026-09-28T13:24:31,/works/W2183823943,singleton,0,0
2026-09-28T13:24:31,/works/W2159189892,singleton,0,0
2026-09-28T13:24:31,/works/W2134846845,singleton,0,0
2026-09-28T13:24:31,/works/W1993000511,singleton,0,0
2026-09-28T13:24:32,/works/W2523532116,singleton,0,0
2026-09-28T13:24:32,/works/W2019019085,singleton,0,0
2026-09-28T13:24:32,/works/W2183823943,singleton,0,0
2026-09-28T13:24:32,/works/W1991059160,singleton,0,0
2026-09-28T13:24:32,/works/W1511409886,singleton,0,0
2026-09-28T13:24:32,/works/W1976997469,singleton,0,0
2026-09-28T13:24:32,/works/W1986297657,singleton,0,0
2026-09-28T13:24:32,/works/W2127893336,singleton,0,0
2026-09-28T13:24:32,/works/W1993000511,singleton,0,0
2026-09-28T13:24:32,/works/W2151937940,singleton,0,0
2026-09-28T13:24:33,/works/W2048834720,singleton,0,0
2026-09-28T13:24:33,/works/W1586743536,singleton,0,0
2026-09-28T13:24:33,/works/W2274666690,singleton,0,0
2026-09-28T13:24:33,/works/W1976997469,singleton,0,0
2026-09-28T13:24:33,/works/W2057317105,singleton,0,0
2026-09-28T13:24:33,/works/W1986297657,singleton,0,0
2026-09-28T13:24:33,/works/W1991059160,singleton,0,0
2026-09-28T13:24:34,/works/W2183823943,singleton,0,0
2026-09-28T13:24:34,/works/W2153464456,singleton,0,0
2026-09-28T13:24:34,/works/W1511409886,singleton,0,0
2026-09-28T13:24:34,/works/W2098578724,singleton,0,0
2026-09-28T13:24:34,/works/W2118370783,singleton,0,0
2026-09-28T13:24:34,/works/W1976997469,singleton,0,0
2026-09-28T13:24:34,/works/W2090554175,singleton,0,0
2026-09-28T13:24:34,/works/W2048834720,singleton,0,0
2026-09-28T13:24:34,/works/W2116029544,singleton,0,0
2026-09-28T13:24:34,/works/W1586743536,singleton,0,0
2026-09-28T13:24:34,/works/W1966171594,singleton,0,0
2026-09-28T13:24:35,/works/W2409326488,singleton,0,0
2026-09-28T13:24:35,/works/W1986297657,singleton,0,0
2026-09-28T13:24:35,/works/W2153464456,singleton,0,0
2026-09-28T13:24:35,/works/W2090554175,singleton,0,0
2026-09-28T13:24:35,/works/W2048834720,singleton,0,0
2026-09-28T13:24:35,/works/W2118370783,singleton,0,0
2026-09-28T13:24:35,/works/W1966171594,singleton,0,0
2026-09-28T13:24:35,/works/W1586743536,singleton,0,0
2026-09-28T13:24:36,/works/W2010426112,singleton,0,0
2026-09-28T13:24:36,/works/W1986297657,singleton,0,0
2026-09-28T13:24:36,/works/W2029818848,singleton,0,0
2026-09-28T13:24:36,/works/W2065153186,singleton,0,0
2026-09-28T13:24:36,/works/W2048834720,singleton,0,0
2026-09-28T13:24:36,/works/W2409326488,singleton,0,0
2026-09-28T13:24:36,/works/W2153464456,singleton,0,0
2026-09-28T13:24:36,/works/W2134471846,singleton,0,0
2026-09-28T13:24:37,/works/W2098069311,singleton,0,0
2026-09-28T13:24:37,/works/W1586743536,singleton,0,0
2026-09-28T13:24:37,/works/W2118370783,singleton,0,0
2026-09-28T13:24:37,/works/W1981482520,singleton,0,0
2026-09-28T13:24:37,/works/W1966171594,singleton,0,0
2026-09-28T13:24:37,/works/W2131877082,singleton,0,0
2026-09-28T13:24:37,/works/W2029818848,singleton,0,0
2026-09-28T13:24:37,/works/W2134471846,singleton,0,0
2026-09-28T13:24:37,/works/W1988626195,singleton,0,0
2026-09-28T13:24:38,/works/W2409326488,singleton,0,0
2026-09-28T13:24:38,/works/W2098069311,singleton,0,0
2026-09-28T13:24:38,/works/W1969499463,singleton,0,0
2026-09-28T13:24:38,/works/W2083501789,singleton,0,0
2026-09-28T13:24:38,/works/W2099688541,singleton,0,0
2026-09-28T13:24:38,/works/W2258042474,singleton,0,0
2026-09-28T13:24:38,/works/W2118370783,singleton,0,0
2026-09-28T13:24:39,/works/W2131877082,singleton,0,0
2026-09-28T13:24:39,/works/W1586743536,singleton,0,0
2026-09-28T13:24:39,/works/W1966171594,singleton,0,0
2026-09-28T13:24:39,/works/W2026489696,singleton,0,0
2026-09-28T13:24:39,/works/W1991706471,singleton,0,0
2026-09-28T13:24:39,/works/W2409326488,singleton,0,0
2026-09-28T13:24:39,/works/W2085303926,singleton,0,0
2026-09-28T13:24:39,/works/W2258042474,singleton,0,0
2026-09-28T13:24:39,/works/W2118370783,singleton,0,0
2026-09-28T13:24:39,/works/W2061778565,singleton,0,0
2026-09-28T13:24:40,/works/W2099688541,singleton,0,0
2026-09-28T13:24:40,/works/W2098069311,singleton,0,0
2026-09-28T13:24:40,/works/W2156353319,singleton,0,0
2026-09-28T13:24:40,/works/W2485344207,singleton,0,0
2026-09-28T13:24:40,/works/W2033646700,singleton,0,0
2026-09-28T13:24:40,/works/W2484487409,singleton,0,0
2026-09-28T13:24:40,/works/W2409326488,singleton,0,0
2026-09-28T13:24:40,/works/W2061778565,singleton,0,0
2026-09-28T13:24:41,/works/W2258042474,singleton,0,0
2026-09-28T13:24:41,/works/W2099688541,singleton,0,0
2026-09-28T13:24:41,/works/W2111755514,singleton,0,0
2026-09-28T13:24:41,/works/W2026489696,singleton,0,0
2026-09-28T13:24:41,/works/W2156353319,singleton,0,0
2026-09-28T13:24:41,/works/W1987965707,singleton,0,0
2026-09-28T13:24:41,/works/W2033646700,singleton,0,0
2026-09-28T13:24:41,/works/W1993890926,singleton,0,0
2026-09-28T13:24:42,/works/W2258042474,singleton,0,0
2026-09-28T13:24:42,/works/W2409326488,singleton,0,0
2026-09-28T13:24:42,/works/W2099688541,singleton,0,0
2026-09-28T13:24:42,/works/W2111755514,singleton,0,0
2026-09-28T13:24:42,/works/W2145544530,singleton,0,0
2026-09-28T13:24:42,/works/W2061778565,singleton,0,0
2026-09-28T13:24:42,/works/W1987965707,singleton,0,0
2026-09-28T13:24:42,/works/W1993890926,singleton,0,0
2026-09-28T13:24:43,/works/W2033646700,singleton,0,0
2026-09-28T13:24:43,/works/W2154029502,singleton,0,0
2026-09-28T13:24:43,/works/W1972434468,singleton,0,0
2026-09-28T13:24:43,/works/W2148679920,singleton,0,0
2026-09-28T13:24:43,/works/W2409326488,singleton,0,0
2026-09-28T13:24:43,/works/W1586823022,singleton,0,0
2026-09-28T13:24:43,/works/W2099014682,singleton,0,0
2026-09-28T13:24:43,/works/W2111755514,singleton,0,0
2026-09-28T13:24:43,/works/W1973332790,singleton,0,0
2026-09-28T13:24:43,/works/W2148567923,singleton,0,0
2026-09-28T13:24:43,/works/W1987965707,singleton,0,0
2026-09-28T13:24:44,/works/W2160435647,singleton,0,0
2026-09-28T13:24:44,/works/W2063156659,singleton,0,0
2026-09-28T13:24:44,/works/W62510776,singleton,0,0
2026-09-28T13:24:44,/works/W2033646700,singleton,0,0
2026-09-28T13:24:44,/works/W32004879,singleton,0,0
2026-09-28T13:24:44,/works/W2409326488,singleton,0,0
2026-09-28T13:24:44,/works/W2101771613,singleton,0,0
2026-09-28T13:24:44,/works/W1999092909,singleton,0,0
2026-09-28T13:24:44,/works/W1586823022,singleton,0,0
2026-09-28T13:24:44,/works/W2099014682,singleton,0,0
2026-09-28T13:24:45,/works/W1987965707,singleton,0,0
2026-09-28T13:24:45,/works/W2084865454,singleton,0,0
2026-09-28T13:24:45,/works/W2409326488,singleton,0,0
2026-09-28T13:24:45,/works/W32004879,singleton,0,0
2026-09-28T13:24:45,/works/W2033646700,singleton,0,0
2026-09-28T13:24:46,/works/W2099014682,singleton,0,0
2026-09-28T13:24:46,/works/W1999092909,singleton,0,0
2026-09-28T13:24:46,/works/W2084865454,singleton,0,0
2026-09-28T13:24:46,/works/W32004879,singleton,0,0
2026-09-28T13:24:47,/works/W2033646700,singleton,0,0
2026-09-28T13:24:47,/works/W2409326488,singleton,0,0
2026-09-28T13:24:47,/works/W2084865454,singleton,0,0
2026-09-28T13:24:48,/works/W2409326488,singleton,0,0
2026-09-28T13:24:48,/works/W2033646700,singleton,0,0
2026-09-28T13:25:15,/works/W2096117661,singleton,0,0
2026-09-28T13:25:15,/works/W2767398606,singleton,0,0
2026-09-28T13:25:15,/works/W2219982133,singleton,0,0
2026-09-28T13:25:15,/works/W1985011284,singleton,0,0
2026-09-28T13:25:15,/works/W2126362265,singleton,0,0
2026-09-28T13:25:15,/works/W2013801600,singleton,0,0
2026-09-28T13:25:15,/works/W2075823353,singleton,0,0
2026-09-28T13:25:15,/works/W2114695687,singleton,0,0
2026-09-28T13:25:16,/works/W1985762111,singleton,0,0
2026-09-28T13:25:16,/works/W2051238050,singleton,0,0
2026-09-28T13:25:16,/works/W2339057130,singleton,0,0
2026-09-28T13:25:16,/works/W2096117661,singleton,0,0
2026-09-28T13:25:16,/works/W1507252533,singleton,0,0
2026-09-28T13:25:16,/works/W2126362265,singleton,0,0
2026-09-28T13:25:16,/works/W229413946,singleton,0,0
2026-09-28T13:25:16,/works/W2767398606,singleton,0,0
2026-09-28T13:25:16,/works/W2157031721,singleton,0,0
2026-09-28T13:25:17,/works/W1985011284,singleton,0,0
2026-09-28T13:25:17,/works/W2219982133,singleton,0,0
2026-09-28T13:25:17,/works/W2182933672,singleton,0,0
2026-09-28T13:25:17,/works/W2096117661,singleton,0,0
2026-09-28T13:25:17,/works/W2141736497,singleton,0,0
2026-09-28T13:25:17,/works/W229413946,singleton,0,0
2026-09-28T13:25:17,/works/W2155305805,singleton,0,0
2026-09-28T13:25:17,/works/W2126362265,singleton,0,0
2026-09-28T13:25:17,/works/W774727978,singleton,0,0
2026-09-28T13:25:17,/works/W2060541466,singleton,0,0
2026-09-28T13:25:18,/works/W2767398606,singleton,0,0
2026-09-28T13:25:18,/works/W2119542915,singleton,0,0
2026-09-28T13:25:18,/works/W1507252533,singleton,0,0
2026-09-28T13:25:18,/works/W2157645160,singleton,0,0
2026-09-28T13:25:18,/works/W229413946,singleton,0,0
2026-09-28T13:25:18,/works/W2035123331,singleton,0,0
2026-09-28T13:25:19,/works/W2767398606,singleton,0,0
2026-09-28T13:25:19,/works/W2542422230,singleton,0,0
2026-09-28T13:25:19,/works/W2186280953,singleton,0,0
2026-09-28T13:25:19,/works/W2141736497,singleton,0,0
2026-09-28T13:25:19,/works/W2126362265,singleton,0,0
2026-09-28T13:25:19,/works/W2041342193,singleton,0,0
2026-09-28T13:25:19,/works/W2030784137,singleton,0,0
2026-09-28T13:25:19,/works/W774727978,singleton,0,0
2026-09-28T13:25:20,/works/W1507252533,singleton,0,0
2026-09-28T13:25:20,/works/W229413946,singleton,0,0
2026-09-28T13:25:20,/works/W2135176946,singleton,0,0
2026-09-28T13:25:20,/works/W2108072062,singleton,0,0
2026-09-28T13:25:20,/works/W1992428550,singleton,0,0
2026-09-28T13:25:20,/works/W2114958084,singleton,0,0
2026-09-28T13:25:20,/works/W2041342193,singleton,0,0
2026-09-28T13:25:20,/works/W2030784137,singleton,0,0
2026-09-28T13:25:20,/works/W2186280953,singleton,0,0
2026-09-28T13:25:20,/works/W1507252533,singleton,0,0
2026-09-28T13:25:21,/works/W2114958084,singleton,0,0
2026-09-28T13:25:21,/works/W2030784137,singleton,0,0
2026-09-28T13:25:21,/works/W1992428550,singleton,0,0
2026-09-28T13:25:21,/works/W229413946,singleton,0,0
2026-09-28T13:25:21,/works/W1507252533,singleton,0,0
2026-09-28T13:25:22,/works/W110235198,singleton,0,0
2026-09-28T13:25:22,/works/W2041342193,singleton,0,0
2026-09-28T13:25:22,/works/W1976639986,singleton,0,0
2026-09-28T13:25:22,/works/W2186280953,singleton,0,0
2026-09-28T13:25:22,/works/W2377797267,singleton,0,0
2026-09-28T13:25:22,/works/W1507252533,singleton,0,0
2026-09-28T13:25:22,/works/W3124450067,singleton,0,0
2026-09-28T13:25:23,/works/W2114958084,singleton,0,0
2026-09-28T13:25:23,/works/W1976639986,singleton,0,0
2026-09-28T13:25:23,/works/W229413946,singleton,0,0
2026-09-28T13:25:23,/works/W2186280953,singleton,0,0
2026-09-28T13:25:23,/works/W2087720737,singleton,0,0
2026-09-28T13:25:23,/works/W2556146588,singleton,0,0
2026-09-28T13:25:23,/works/W2126643845,singleton,0,0
2026-09-28T13:25:23,/works/W110235198,singleton,0,0
2026-09-28T13:25:23,/works/W2123579924,singleton,0,0
2026-09-28T13:25:24,/works/W3124450067,singleton,0,0
2026-09-28T13:25:24,/works/W2019382966,singleton,0,0
2026-09-28T13:25:24,/works/W2141490312,singleton,0,0
2026-09-28T13:25:24,/works/W2095088064,singleton,0,0
2026-09-28T13:25:24,/works/W1560013897,singleton,0,0
2026-09-28T13:25:24,/works/W1507252533,singleton,0,0
2026-09-28T13:25:24,/works/W2165764533,singleton,0,0
2026-09-28T13:25:24,/works/W2087720737,singleton,0,0
2026-09-28T13:25:25,/works/W2349317616,singleton,0,0
2026-09-28T13:25:25,/works/W1966842010,singleton,0,0
2026-09-28T13:25:25,/works/W2556146588,singleton,0,0
2026-09-28T13:25:25,/works/W1507252533,singleton,0,0
2026-09-28T13:25:25,/works/W2095088064,singleton,0,0
2026-09-28T13:25:25,/works/W2019382966,singleton,0,0
2026-09-28T13:25:25,/works/W3124450067,singleton,0,0
2026-09-28T13:25:25,/works/W2134633170,singleton,0,0
2026-09-28T13:25:25,/works/W1560013897,singleton,0,0
2026-09-28T13:25:25,/works/W1487393415,singleton,0,0
2026-09-28T13:25:25,/works/W2124967344,singleton,0,0
2026-09-28T13:25:25,/works/W2555024254,singleton,0,0
2026-09-28T13:25:25,/works/W1966842010,singleton,0,0
2026-09-28T13:25:26,/works/W2085314103,singleton,0,0
2026-09-28T13:25:26,/works/W1507252533,singleton,0,0
2026-09-28T13:25:26,/works/W1487393415,singleton,0,0
2026-09-28T13:25:26,/works/W1560013897,singleton,0,0
2026-09-28T13:25:26,/works/W2095088064,singleton,0,0
2026-09-28T13:25:26,/works/W2124967344,singleton,0,0
2026-09-28T13:25:26,/works/W2078178888,singleton,0,0
2026-09-28T13:25:26,/works/W2080895368,singleton,0,0
2026-09-28T13:25:27,/works/W2908461197,singleton,0,0
2026-09-28T13:25:27,/works/W3124450067,singleton,0,0
2026-09-28T13:25:27,/works/W2086543813,singleton,0,0
2026-09-28T13:25:27,/works/W2165900139,singleton,0,0
2026-09-28T13:25:27,/works/W2555024254,singleton,0,0
2026-09-28T13:25:27,/works/W2029466857,singleton,0,0
2026-09-28T13:25:27,/works/W2623804966,singleton,0,0
2026-09-28T13:25:27,/works/W2125053394,singleton,0,0
2026-09-28T13:25:27,/works/W2092158395,singleton,0,0
2026-09-28T13:25:27,/works/W3119375581,singleton,0,0
2026-09-28T13:25:27,/works/W2078178888,singleton,0,0
2026-09-28T13:25:27,/works/W2085314103,singleton,0,0
2026-09-28T13:25:28,/works/W1999185137,singleton,0,0
2026-09-28T13:25:28,/works/W3124450067,singleton,0,0
2026-09-28T13:25:28,/works/W2022291341,singleton,0,0
2026-09-28T13:25:28,/works/W2623804966,singleton,0,0
2026-09-28T13:25:28,/works/W318301392,singleton,0,0
2026-09-28T13:25:28,/works/W2046131812,singleton,0,0
2026-09-28T13:25:28,/works/W2078033929,singleton,0,0
2026-09-28T13:25:28,/works/W3119375581,singleton,0,0
2026-09-28T13:25:28,/works/W2065040938,singleton,0,0
2026-09-28T13:25:28,/works/W2086543813,singleton,0,0
2026-09-28T13:25:28,/works/W2078178888,singleton,0,0
2026-09-28T13:25:28,/works/W1490862796,singleton,0,0
2026-09-28T13:25:29,/works/W612917375,singleton,0,0
2026-09-28T13:25:29,/works/W2573437374,singleton,0,0
2026-09-28T13:25:29,/works/W2092158395,singleton,0,0
2026-09-28T13:25:29,/works/W1979542693,singleton,0,0
2026-09-28T13:25:29,/works/W2065040938,singleton,0,0
2026-09-28T13:25:29,/works/W3119375581,singleton,0,0
2026-09-28T13:25:29,/works/W612917375,singleton,0,0
2026-09-28T13:25:29,/works/W2086543813,singleton,0,0
2026-09-28T13:25:29,/works/W2078033929,singleton,0,0
2026-09-28T13:25:30,/works/W2573437374,singleton,0,0
2026-09-28T13:25:30,/works/W1490862796,singleton,0,0
2026-09-28T13:25:30,/works/W2161333170,singleton,0,0
2026-09-28T13:25:30,/works/W1964054445,singleton,0,0
2026-09-28T13:25:30,/works/W2065040938,singleton,0,0
2026-09-28T13:25:30,/works/W1979542693,singleton,0,0
2026-09-28T13:25:30,/works/W2076625589,singleton,0,0
2026-09-28T13:25:30,/works/W2086543813,singleton,0,0
2026-09-28T13:25:30,/works/W1490862796,singleton,0,0
2026-09-28T13:25:31,/works/W2078033929,singleton,0,0
2026-09-28T13:25:31,/works/W2801261657,singleton,0,0
2026-09-28T13:25:31,/works/W3119375581,singleton,0,0
2026-09-28T13:25:31,/works/W1987496248,singleton,0,0
2026-09-28T13:25:31,/works/W2065040938,singleton,0,0
2026-09-28T13:25:31,/works/W1985180351,singleton,0,0
2026-09-28T13:25:31,/works/W1996852349,singleton,0,0
2026-09-28T13:25:31,/works/W2607680159,singleton,0,0
2026-09-28T13:25:31,/works/W2285246581,singleton,0,0
2026-09-28T13:25:31,/works/W2902408157,singleton,0,0
2026-09-28T13:25:32,/works/W2186956089,singleton,0,0
2026-09-28T13:25:32,/works/W2161333170,singleton,0,0
2026-09-28T13:25:32,/works/W2526601878,singleton,0,0
2026-09-28T13:25:32,/works/W2007438218,singleton,0,0
2026-09-28T13:25:32,/works/W2181395724,singleton,0,0
2026-09-28T13:25:32,/works/W2086543813,singleton,0,0
2026-09-28T13:25:32,/works/W2076625589,singleton,0,0
2026-09-28T13:25:32,/works/W2607680159,singleton,0,0
2026-09-28T13:25:32,/works/W2117317030,singleton,0,0
2026-09-28T13:25:32,/works/W3119375581,singleton,0,0
2026-09-28T13:25:32,/works/W2182281352,singleton,0,0
2026-09-28T13:25:32,/works/W2946114243,singleton,0,0
2026-09-28T13:25:32,/works/W1983741778,singleton,0,0
2026-09-28T13:25:33,/works/W1983237339,singleton,0,0
2026-09-28T13:25:33,/works/W2007438218,singleton,0,0
2026-09-28T13:25:33,/works/W2259529240,singleton,0,0
2026-09-28T13:25:33,/works/W2526601878,singleton,0,0
2026-09-28T13:25:33,/works/W1983741778,singleton,0,0
2026-09-28T13:25:33,/works/W2181395724,singleton,0,0
2026-09-28T13:25:33,/works/W2732622519,singleton,0,0
2026-09-28T13:25:34,/works/W2607680159,singleton,0,0
2026-09-28T13:25:34,/works/W27693348,singleton,0,0
2026-09-28T13:25:34,/works/W2007438218,singleton,0,0
2026-09-28T13:25:34,/works/W2077510398,singleton,0,0
2026-09-28T13:25:34,/works/W2182281352,singleton,0,0
2026-09-28T13:25:34,/works/W1983741778,singleton,0,0
2026-09-28T13:25:34,/works/W2164872310,singleton,0,0
2026-09-28T13:25:34,/works/W2163158356,singleton,0,0
2026-09-28T13:25:34,/works/W2946114243,singleton,0,0
2026-09-28T13:25:34,/works/W2057007381,singleton,0,0
2026-09-28T13:25:34,/works/W116547632,singleton,0,0
2026-09-28T13:25:34,/works/W2081858845,singleton,0,0
2026-09-28T13:25:35,/works/W2069051026,singleton,0,0
2026-09-28T13:25:35,/works/W2068917303,singleton,0,0
2026-09-28T13:25:35,/works/W2163158356,singleton,0,0
2026-09-28T13:25:35,/works/W2607680159,singleton,0,0
2026-09-28T13:25:35,/works/W2181395724,singleton,0,0
2026-09-28T13:25:35,/works/W2080256187,singleton,0,0
2026-09-28T13:25:36,/works/W2057007381,singleton,0,0
2026-09-28T13:25:36,/works/W2069051026,singleton,0,0
2026-09-28T13:25:36,/works/W1531921463,singleton,0,0
2026-09-28T13:25:36,/works/W116547632,singleton,0,0
2026-09-28T13:25:36,/works/W2050086140,singleton,0,0
2026-09-28T13:25:36,/works/W1983741778,singleton,0,0
2026-09-28T13:25:36,/works/W2282217088,singleton,0,0
2026-09-28T13:25:36,/works/W2085598193,singleton,0,0
2026-09-28T13:25:36,/works/W2164951079,singleton,0,0
2026-09-28T13:25:36,/works/W2172249501,singleton,0,0
2026-09-28T13:25:37,/works/W2163158356,singleton,0,0
2026-09-28T13:25:37,/works/W2032876097,singleton,0,0
2026-09-28T13:25:37,/works/W2069051026,singleton,0,0
2026-09-28T13:25:37,/works/W1983741778,singleton,0,0
2026-09-28T13:25:37,/works/W1485012790,singleton,0,0
2026-09-28T13:25:37,/works/W116547632,singleton,0,0
2026-09-28T13:25:37,/works/W2080851410,singleton,0,0
2026-09-28T13:25:38,/works/W172298355,singleton,0,0
2026-09-28T13:25:38,/works/W2043858374,singleton,0,0
2026-09-28T13:25:38,/works/W2085598193,singleton,0,0
2026-09-28T13:25:38,/works/W2282217088,singleton,0,0
2026-09-28T13:25:38,/works/W1485012790,singleton,0,0
2026-09-28T13:25:38,/works/W1963840159,singleton,0,0
2026-09-28T13:25:38,/works/W2100783753,singleton,0,0
2026-09-28T13:25:38,/works/W2069051026,singleton,0,0
2026-09-28T13:25:38,/works/W1549026973,singleton,0,0
2026-09-28T13:25:38,/works/W2032876097,singleton,0,0
2026-09-28T13:25:38,/works/W2163158356,singleton,0,0
2026-09-28T13:25:38,/works/W2089932129,singleton,0,0
2026-09-28T13:25:39,/works/W2033253681,singleton,0,0
2026-09-28T13:25:39,/works/W1994985310,singleton,0,0
2026-09-28T13:25:39,/works/W1963840159,singleton,0,0
2026-09-28T13:25:39,/works/W2085598193,singleton,0,0
2026-09-28T13:25:39,/works/W1549026973,singleton,0,0
2026-09-28T13:25:39,/works/W1126675186,singleton,0,0
2026-09-28T13:25:39,/works/W2560176511,singleton,0,0
2026-09-28T13:25:39,/works/W2100783753,singleton,0,0
2026-09-28T13:25:40,/works/W2069051026,singleton,0,0
2026-09-28T13:25:40,/works/W2339087815,singleton,0,0
2026-09-28T13:25:40,/works/W2032876097,singleton,0,0
2026-09-28T13:25:40,/works/W1982641516,singleton,0,0
2026-09-28T13:25:40,/works/W2020054816,singleton,0,0
2026-09-28T13:25:40,/works/W1549026973,singleton,0,0
2026-09-28T13:25:40,/works/W1963840159,singleton,0,0
2026-09-28T13:25:40,/works/W1126675186,singleton,0,0
2026-09-28T13:25:40,/works/W1971831385,singleton,0,0
2026-09-28T13:25:41,/works/W1579275340,singleton,0,0
2026-09-28T13:25:41,/works/W2130400899,singleton,0,0
2026-09-28T13:25:41,/works/W1578703332,singleton,0,0
2026-09-28T13:25:41,/works/W2085598193,singleton,0,0
2026-09-28T13:25:41,/works/W2894694150,singleton,0,0
2026-09-28T13:25:41,/works/W1594167990,singleton,0,0
2026-09-28T13:25:41,/works/W2339087815,singleton,0,0
2026-09-28T13:25:41,/works/W2020054816,singleton,0,0
2026-09-28T13:25:42,/works/W2130400899,singleton,0,0
2026-09-28T13:25:42,/works/W2339087815,singleton,0,0
2026-09-28T13:25:42,/works/W2085598193,singleton,0,0
2026-09-28T13:25:43,/works/W2339087815,singleton,0,0
2026-09-28T13:25:43,/works/W2130400899,singleton,0,0
2026-09-28T13:25:44,/works/W2085598193,singleton,0,0
2026-09-28T13:25:45,/works/W2085598193,singleton,0,0
2026-09-28T13:27:12,/works/W2061684483,singleton,0,0
2026-09-28T13:27:12,/works/W186600423,singleton,0,0
2026-09-28T13:27:12,/works/W1976816717,singleton,0,0
2026-09-28T13:27:12,/works/W1965202221,singleton,0,0
2026-09-28T13:27:12,/works/W2181960670,singleton,0,0
2026-09-28T13:27:12,/works/W2168705495,singleton,0,0
2026-09-28T13:27:12,/works/W2133375473,singleton,0,0
2026-09-28T13:27:12,/works/W2157901037,singleton,0,0
2026-09-28T13:27:12,/works/W1992790745,singleton,0,0
2026-09-28T13:27:13,/works/W2142432248,singleton,0,0
2026-09-28T13:27:13,/works/W1976816717,singleton,0,0
2026-09-28T13:27:13,/works/W2061684483,singleton,0,0
2026-09-28T13:27:13,/works/W186600423,singleton,0,0
2026-09-28T13:27:13,/works/W201277407,singleton,0,0
2026-09-28T13:27:13,/works/W1992790745,singleton,0,0
2026-09-28T13:27:14,/works/W1965202221,singleton,0,0
2026-09-28T13:27:14,/works/W2133375473,singleton,0,0
2026-09-28T13:27:14,/works/W2142432248,singleton,0,0
2026-09-28T13:27:14,/works/W2181960670,singleton,0,0
2026-09-28T13:27:14,/works/W1976816717,singleton,0,0
2026-09-28T13:27:14,/works/W2104934203,singleton,0,0
2026-09-28T13:27:14,/works/W201277407,singleton,0,0
2026-09-28T13:27:14,/works/W2069394026,singleton,0,0
2026-09-28T13:27:14,/works/W2166438545,singleton,0,0
2026-09-28T13:27:14,/works/W1592251226,singleton,0,0
2026-09-28T13:27:15,/works/W2132135454,singleton,0,0
2026-09-28T13:27:15,/works/W1992790745,singleton,0,0
2026-09-28T13:27:15,/works/W1965615317,singleton,0,0
2026-09-28T13:27:15,/works/W2133375473,singleton,0,0
2026-09-28T13:27:15,/works/W2069394026,singleton,0,0
2026-09-28T13:27:15,/works/W186600423,singleton,0,0
2026-09-28T13:27:15,/works/W2019498936,singleton,0,0
2026-09-28T13:27:15,/works/W201277407,singleton,0,0
2026-09-28T13:27:15,/works/W1998340704,singleton,0,0
2026-09-28T13:27:15,/works/W2155474240,singleton,0,0
2026-09-28T13:27:15,/works/W2104934203,singleton,0,0
2026-09-28T13:27:15,/works/W2042011566,singleton,0,0
2026-09-28T13:27:16,/works/W2188842049,singleton,0,0
2026-09-28T13:27:16,/works/W2098657835,singleton,0,0
2026-09-28T13:27:16,/works/W2132135454,singleton,0,0
2026-09-28T13:27:16,/works/W2069394026,singleton,0,0
2026-09-28T13:27:16,/works/W644838065,singleton,0,0
2026-09-28T13:27:16,/works/W2040332877,singleton,0,0
2026-09-28T13:27:16,/works/W2108808434,singleton,0,0
2026-09-28T13:27:16,/works/W584495006,singleton,0,0
2026-09-28T13:27:16,/works/W2019866915,singleton,0,0
2026-09-28T13:27:16,/works/W2133375473,singleton,0,0
2026-09-28T13:27:17,/works/W2053051962,singleton,0,0
2026-09-28T13:27:17,/works/W1998340704,singleton,0,0
2026-09-28T13:27:17,/works/W2034329307,singleton,0,0
2026-09-28T13:27:17,/works/W2069394026,singleton,0,0
2026-09-28T13:27:17,/works/W2542624461,singleton,0,0
2026-09-28T13:27:17,/works/W2132135454,singleton,0,0
2026-09-28T13:27:17,/works/W2885180884,singleton,0,0
2026-09-28T13:27:17,/works/W2104934203,singleton,0,0
2026-09-28T13:27:17,/works/W1970925058,singleton,0,0
2026-09-28T13:27:17,/works/W584495006,singleton,0,0
2026-09-28T13:27:17,/works/W846260362,singleton,0,0
2026-09-28T13:27:17,/works/W2098704323,singleton,0,0
2026-09-28T13:27:18,/works/W2016402594,singleton,0,0
2026-09-28T13:27:18,/works/W2118200228,singleton,0,0
2026-09-28T13:27:18,/works/W2034329307,singleton,0,0
2026-09-28T13:27:18,/works/W1998340704,singleton,0,0
2026-09-28T13:27:18,/works/W846260362,singleton,0,0
2026-09-28T13:27:18,/works/W2104934203,singleton,0,0
2026-09-28T13:27:18,/works/W2606177431,singleton,0,0
2026-09-28T13:27:19,/works/W584495006,singleton,0,0
2026-09-28T13:27:19,/works/W2098704323,singleton,0,0
2026-09-28T13:27:19,/works/W2885180884,singleton,0,0
2026-09-28T13:27:19,/works/W2124254734,singleton,0,0
2026-09-28T13:27:19,/works/W2151111432,singleton,0,0
2026-09-28T13:27:19,/works/W2037150120,singleton,0,0
2026-09-28T13:27:19,/works/W2034329307,singleton,0,0
2026-09-28T13:27:19,/works/W846260362,singleton,0,0
2026-09-28T13:27:19,/works/W2598487990,singleton,0,0
2026-09-28T13:27:19,/works/W1536394681,singleton,0,0
2026-09-28T13:27:19,/works/W1509642990,singleton,0,0
2026-09-28T13:27:19,/works/W2133779692,singleton,0,0
2026-09-28T13:27:19,/works/W584495006,singleton,0,0
2026-09-28T13:27:19,/works/W2143875024,singleton,0,0
2026-09-28T13:27:19,/works/W2118200228,singleton,0,0
2026-09-28T13:27:20,/works/W2127616029,singleton,0,0
2026-09-28T13:27:20,/works/W2128430789,singleton,0,0
2026-09-28T13:27:20,/works/W2145062835,singleton,0,0
2026-09-28T13:27:20,/works/W2039862484,singleton,0,0
2026-09-28T13:27:20,/works/W2042351432,singleton,0,0
2026-09-28T13:27:20,/works/W2161605375,singleton,0,0
2026-09-28T13:27:20,/works/W2133779692,singleton,0,0
2026-09-28T13:27:20,/works/W846260362,singleton,0,0
2026-09-28T13:27:21,/works/W2795838659,singleton,0,0
2026-09-28T13:27:21,/works/W584495006,singleton,0,0
2026-09-28T13:27:21,/works/W2598487990,singleton,0,0
2026-09-28T13:27:21,/works/W2141388737,singleton,0,0
2026-09-28T13:27:21,/works/W2042351432,singleton,0,0
2026-09-28T13:27:21,/works/W2118200228,singleton,0,0
2026-09-28T13:27:21,/works/W2039862484,singleton,0,0
2026-09-28T13:27:21,/works/W2041269601,singleton,0,0
2026-09-28T13:27:21,/works/W1998923675,singleton,0,0
2026-09-28T13:27:21,/works/W2155431676,singleton,0,0
2026-09-28T13:27:21,/works/W2118486895,singleton,0,0
2026-09-28T13:27:21,/works/W2616818942,singleton,0,0
2026-09-28T13:27:22,/works/W2113290405,singleton,0,0
2026-09-28T13:27:22,/works/W2113860890,singleton,0,0
2026-09-28T13:27:22,/works/W2064519571,singleton,0,0
2026-09-28T13:27:22,/works/W2133779692,singleton,0,0
2026-09-28T13:27:22,/works/W2164973860,singleton,0,0
2026-09-28T13:27:22,/works/W2141388737,singleton,0,0
2026-09-28T13:27:22,/works/W2118486895,singleton,0,0
2026-09-28T13:27:22,/works/W2544508392,singleton,0,0
2026-09-28T13:27:23,/works/W2118200228,singleton,0,0
2026-09-28T13:27:23,/works/W2113290405,singleton,0,0
2026-09-28T13:27:23,/works/W1597149849,singleton,0,0
2026-09-28T13:27:23,/works/W2041269601,singleton,0,0
2026-09-28T13:27:23,/works/W2109479952,singleton,0,0
2026-09-28T13:27:23,/works/W2596956801,singleton,0,0
2026-09-28T13:27:23,/works/W2519514459,singleton,0,0
2026-09-28T13:27:23,/works/W2132999258,singleton,0,0
2026-09-28T13:27:23,/works/W2116155182,singleton,0,0
2026-09-28T13:27:23,/works/W2064519571,singleton,0,0
2026-09-28T13:27:23,/works/W2039371737,singleton,0,0
2026-09-28T13:27:23,/works/W2045855824,singleton,0,0
2026-09-28T13:27:23,/works/W2141388737,singleton,0,0
2026-09-28T13:27:23,/works/W2118200228,singleton,0,0
2026-09-28T13:27:24,/works/W2035648101,singleton,0,0
2026-09-28T13:27:24,/works/W2129818181,singleton,0,0
2026-09-28T13:27:24,/works/W2072322443,singleton,0,0
2026-09-28T13:27:24,/works/W2116155182,singleton,0,0
2026-09-28T13:27:24,/works/W1580263697,singleton,0,0
2026-09-28T13:27:24,/works/W2146151151,singleton,0,0
2026-09-28T13:27:24,/works/W2113290405,singleton,0,0
2026-09-28T13:27:25,/works/W2156450131,singleton,0,0
2026-09-28T13:27:25,/works/W2110744607,singleton,0,0
2026-09-28T13:27:25,/works/W2064519571,singleton,0,0
2026-09-28T13:27:25,/works/W2519514459,singleton,0,0
2026-09-28T13:27:25,/works/W2073759455,singleton,0,0
2026-09-28T13:27:25,/works/W2045855824,singleton,0,0
2026-09-28T13:27:25,/works/W2129095404,singleton,0,0
2026-09-28T13:27:25,/works/W2110064827,singleton,0,0
2026-09-28T13:27:25,/works/W2101477133,singleton,0,0
2026-09-28T13:27:25,/works/W2090041635,singleton,0,0
2026-09-28T13:27:25,/works/W2129818181,singleton,0,0
2026-09-28T13:27:25,/works/W2055813944,singleton,0,0
2026-09-28T13:27:25,/works/W1986783878,singleton,0,0
2026-09-28T13:27:26,/works/W1580263697,singleton,0,0
2026-09-28T13:27:26,/works/W2102422401,singleton,0,0
2026-09-28T13:27:26,/works/W1999090248,singleton,0,0
2026-09-28T13:27:26,/works/W2054207271,singleton,0,0
2026-09-28T13:27:26,/works/W2133495182,singleton,0,0
2026-09-28T13:27:26,/works/W2120498409,singleton,0,0
2026-09-28T13:27:26,/works/W2564665189,singleton,0,0
2026-09-28T13:27:26,/works/W2150615300,singleton,0,0
2026-09-28T13:27:26,/works/W2171172739,singleton,0,0
2026-09-28T13:27:26,/works/W2110016890,singleton,0,0
2026-09-28T13:27:26,/works/W2145288198,singleton,0,0
2026-09-28T13:27:26,/works/W2075691953,singleton,0,0
2026-09-28T13:29:13,/works/W2071675632,singleton,0,0
2026-09-28T13:29:13,/works/W1550764810,singleton,0,0
2026-09-28T13:29:13,/works/W2050415823,singleton,0,0
2026-09-28T13:29:13,/works/W2161730114,singleton,0,0
2026-09-28T13:29:13,/works/W1979479847,singleton,0,0
2026-09-28T13:29:13,/works/W2150272087,singleton,0,0
2026-09-28T13:29:13,/works/W2053538672,singleton,0,0
2026-09-28T13:29:13,/works/W1999997491,singleton,0,0
2026-09-28T13:29:13,/works/W1967730196,singleton,0,0
2026-09-28T13:29:14,/works/W2008807821,singleton,0,0
2026-09-28T13:29:14,/works/W2053538672,singleton,0,0
2026-09-28T13:29:14,/works/W2150272087,singleton,0,0
2026-09-28T13:29:14,/works/W2071675632,singleton,0,0
2026-09-28T13:29:14,/works/W2130105465,singleton,0,0
2026-09-28T13:29:14,/works/W1996555580,singleton,0,0
2026-09-28T13:29:14,/works/W1979479847,singleton,0,0
2026-09-28T13:29:14,/works/W2161730114,singleton,0,0
2026-09-28T13:29:14,/works/W1550764810,singleton,0,0
2026-09-28T13:29:14,/works/W2050415823,singleton,0,0
2026-09-28T13:29:15,/works/W2013070363,singleton,0,0
2026-09-28T13:29:15,/works/W2008807821,singleton,0,0
2026-09-28T13:29:15,/works/W2071675632,singleton,0,0
2026-09-28T13:29:15,/works/W1482532994,singleton,0,0
2026-09-28T13:29:15,/works/W2130105465,singleton,0,0
2026-09-28T13:29:16,/works/W1996555580,singleton,0,0
2026-09-28T13:29:16,/works/W2073603932,singleton,0,0
2026-09-28T13:29:16,/works/W1550764810,singleton,0,0
2026-09-28T13:29:16,/works/W2013070363,singleton,0,0
2026-09-28T13:29:16,/works/W1979479847,singleton,0,0
2026-09-28T13:29:17,/works/W2161730114,singleton,0,0
2026-09-28T13:29:17,/works/W2130105465,singleton,0,0
2026-09-28T13:29:17,/works/W2098602977,singleton,0,0
2026-09-28T13:29:17,/works/W1482532994,singleton,0,0
2026-09-28T13:29:17,/works/W1979106209,singleton,0,0
2026-09-28T13:29:17,/works/W2013070363,singleton,0,0
2026-09-28T13:29:18,/works/W1550764810,singleton,0,0
2026-09-28T13:29:18,/works/W1981051810,singleton,0,0
2026-09-28T13:29:18,/works/W2543631487,singleton,0,0
2026-09-28T13:29:18,/works/W2096792477,singleton,0,0
2026-09-28T13:29:18,/works/W2141598304,singleton,0,0
2026-09-28T13:29:18,/works/W2130105465,singleton,0,0
2026-09-28T13:29:18,/works/W1482532994,singleton,0,0
2026-09-28T13:29:18,/works/W2184322798,singleton,0,0
2026-09-28T13:29:18,/works/W2080362891,singleton,0,0
2026-09-28T13:29:18,/works/W2996464665,singleton,0,0
2026-09-28T13:29:19,/works/W1672177196,singleton,0,0
2026-09-28T13:29:19,/works/W2098602977,singleton,0,0
2026-09-28T13:29:19,/works/W2300620135,singleton,0,0
2026-09-28T13:29:19,/works/W2026496967,singleton,0,0
2026-09-28T13:29:19,/works/W2095739321,singleton,0,0
2026-09-28T13:29:19,/works/W2126047405,singleton,0,0
2026-09-28T13:29:19,/works/W2013070363,singleton,0,0
2026-09-28T13:29:19,/works/W2014078471,singleton,0,0
2026-09-28T13:29:20,/works/W1482532994,singleton,0,0
2026-09-28T13:29:20,/works/W2011924312,singleton,0,0
2026-09-28T13:29:20,/works/W2098602977,singleton,0,0
2026-09-28T13:29:20,/works/W2300620135,singleton,0,0
2026-09-28T13:29:20,/works/W97616864,singleton,0,0
2026-09-28T13:29:20,/works/W1672177196,singleton,0,0
2026-09-28T13:29:20,/works/W2026496967,singleton,0,0
2026-09-28T13:29:20,/works/W2127528542,singleton,0,0
2026-09-28T13:29:20,/works/W2481780331,singleton,0,0
2026-09-28T13:29:21,/works/W2095739321,singleton,0,0
2026-09-28T13:29:21,/works/W2011924312,singleton,0,0
2026-09-28T13:29:21,/works/W2029127721,singleton,0,0
2026-09-28T13:29:21,/works/W2098602977,singleton,0,0
2026-09-28T13:29:21,/works/W1672177196,singleton,0,0
2026-09-28T13:29:21,/works/W2951470174,singleton,0,0
2026-09-28T13:29:21,/works/W2096892334,singleton,0,0
2026-09-28T13:29:21,/works/W1482532994,singleton,0,0
2026-09-28T13:29:21,/works/W2300620135,singleton,0,0
2026-09-28T13:29:22,/works/W2013452464,singleton,0,0
2026-09-28T13:29:22,/works/W2127528542,singleton,0,0
2026-09-28T13:29:22,/works/W1979435916,singleton,0,0
2026-09-28T13:29:22,/works/W2098602977,singleton,0,0
2026-09-28T13:29:22,/works/W1672177196,singleton,0,0
2026-09-28T13:29:22,/works/W2100068253,singleton,0,0
2026-09-28T13:29:22,/works/W2136893242,singleton,0,0
2026-09-28T13:29:22,/works/W2011924312,singleton,0,0
2026-09-28T13:29:23,/works/W2951470174,singleton,0,0
2026-09-28T13:29:23,/works/W2096892334,singleton,0,0
2026-09-28T13:29:23,/works/W2013452464,singleton,0,0
2026-09-28T13:29:23,/works/W29228801,singleton,0,0
2026-09-28T13:29:23,/works/W2283778720,singleton,0,0
2026-09-28T13:29:23,/works/W2127528542,singleton,0,0
2026-09-28T13:29:23,/works/W3000082297,singleton,0,0
2026-09-28T13:29:23,/works/W2136893242,singleton,0,0
2026-09-28T13:29:24,/works/W1997679570,singleton,0,0
2026-09-28T13:29:24,/works/W1672177196,singleton,0,0
2026-09-28T13:29:24,/works/W2295255960,singleton,0,0
2026-09-28T13:29:24,/works/W2147682803,singleton,0,0
2026-09-28T13:29:24,/works/W2168428256,singleton,0,0
2026-09-28T13:29:24,/works/W2045173508,singleton,0,0
2026-09-28T13:29:24,/works/W2123519167,singleton,0,0
2026-09-28T13:29:24,/works/W2096394548,singleton,0,0
2026-09-28T13:29:24,/works/W2963449712,singleton,0,0
2026-09-28T13:29:24,/works/W2532788316,singleton,0,0
2026-09-28T13:29:24,/works/W2011924312,singleton,0,0
2026-09-28T13:29:24,/works/W2139368882,singleton,0,0
2026-09-28T13:29:24,/works/W2283778720,singleton,0,0
2026-09-28T13:29:25,/works/W1570999136,singleton,0,0
2026-09-28T13:29:25,/works/W2168428256,singleton,0,0
2026-09-28T13:29:25,/works/W2049958450,singleton,0,0
2026-09-28T13:29:25,/works/W2532788316,singleton,0,0
2026-09-28T13:29:25,/works/W2139368882,singleton,0,0
2026-09-28T13:29:25,/works/W2011924312,singleton,0,0
2026-09-28T13:29:26,/works/W1974931459,singleton,0,0
2026-09-28T13:29:26,/works/W2090983056,singleton,0,0
2026-09-28T13:29:26,/works/W1975468972,singleton,0,0
2026-09-28T13:29:26,/works/W2123519167,singleton,0,0
2026-09-28T13:29:26,/works/W2283778720,singleton,0,0
2026-09-28T13:29:26,/works/W2048313089,singleton,0,0
2026-09-28T13:29:26,/works/W2096394548,singleton,0,0
2026-09-28T13:29:26,/works/W2141755618,singleton,0,0
2026-09-28T13:29:26,/works/W2024517058,singleton,0,0
2026-09-28T13:29:26,/works/W2031748870,singleton,0,0
2026-09-28T13:29:26,/works/W2112015574,singleton,0,0
2026-09-28T13:29:26,/works/W2090983056,singleton,0,0
2026-09-28T13:29:27,/works/W2011924312,singleton,0,0
2026-09-28T13:29:27,/works/W2168699740,singleton,0,0
2026-09-28T13:29:27,/works/W1975468972,singleton,0,0
2026-09-28T13:29:27,/works/W1974931459,singleton,0,0
2026-09-28T13:29:27,/works/W2119588448,singleton,0,0
2026-09-28T13:29:27,/works/W2141755618,singleton,0,0
2026-09-28T13:29:28,/works/W2054184486,singleton,0,0
2026-09-28T13:29:28,/works/W2024517058,singleton,0,0
2026-09-28T13:29:28,/works/W2031748870,singleton,0,0
2026-09-28T13:29:28,/works/W2158224665,singleton,0,0
2026-09-28T13:29:28,/works/W1986471120,singleton,0,0
2026-09-28T13:29:28,/works/W1975468972,singleton,0,0
2026-09-28T13:29:28,/works/W3011087804,singleton,0,0
2026-09-28T13:29:28,/works/W2035458709,singleton,0,0
2026-09-28T13:29:28,/works/W2090983056,singleton,0,0
2026-09-28T13:29:28,/works/W2086888454,singleton,0,0
2026-09-28T13:29:28,/works/W2168699740,singleton,0,0
2026-09-28T13:29:28,/works/W1986920288,singleton,0,0
2026-09-28T13:29:29,/works/W2025972173,singleton,0,0
2026-09-28T13:29:29,/works/W1993741960,singleton,0,0
2026-09-28T13:29:29,/works/W2031748870,singleton,0,0
2026-09-28T13:29:29,/works/W2035458709,singleton,0,0
2026-09-28T13:29:29,/works/W2024517058,singleton,0,0
2026-09-28T13:29:29,/works/W2135495672,singleton,0,0
2026-09-28T13:29:29,/works/W2142472852,singleton,0,0
2026-09-28T13:29:29,/works/W3011087804,singleton,0,0
2026-09-28T13:29:30,/works/W2090983056,singleton,0,0
2026-09-28T13:29:30,/works/W2147746039,singleton,0,0
2026-09-28T13:29:30,/works/W2168699740,singleton,0,0
2026-09-28T13:29:30,/works/doi:10.1007/springerreference_186887,singleton,0,0
2026-09-28T13:29:30,/works/W2031748870,singleton,0,0
2026-09-28T13:29:30,/works/W1928412778,singleton,0,0
2026-09-28T13:29:30,/works/W3098848552,singleton,0,0
2026-09-28T13:29:30,/works/W2141245903,singleton,0,0
2026-09-28T13:29:30,/works/W2024517058,singleton,0,0
2026-09-28T13:29:30,/works/W2035458709,singleton,0,0
2026-09-28T13:29:31,/works/W2142472852,singleton,0,0
2026-09-28T13:29:31,/works/W2031748870,singleton,0,0
2026-09-28T13:29:31,/works/W3098848552,singleton,0,0
2026-09-28T13:29:32,/works/W2168699740,singleton,0,0
2026-09-28T13:29:32,/works/W2141245903,singleton,0,0
2026-09-28T13:29:32,/works/W1928412778,singleton,0,0
2026-09-28T13:29:32,/works/W2035458709,singleton,0,0
2026-09-28T13:29:32,/works/W2987523949,singleton,0,0
2026-09-28T13:29:32,/works/W1960771435,singleton,0,0
2026-09-28T13:29:32,/works/W2024517058,singleton,0,0
2026-09-28T13:29:32,/works/W2142472852,singleton,0,0
2026-09-28T13:29:32,/works/W2097550153,singleton,0,0
2026-09-28T13:29:33,/works/W2113984503,singleton,0,0
2026-09-28T13:29:33,/works/W2031748870,singleton,0,0
2026-09-28T13:29:33,/works/W3098848552,singleton,0,0
2026-09-28T13:29:33,/works/W2136990130,singleton,0,0
2026-09-28T13:29:33,/works/W2168699740,singleton,0,0
2026-09-28T13:29:33,/works/W1771150291,singleton,0,0
2026-09-28T13:29:33,/works/W81725015,singleton,0,0
2026-09-28T13:29:34,/works/W2035458709,singleton,0,0
2026-09-28T13:29:34,/works/W2098798840,singleton,0,0
2026-09-28T13:29:34,/works/W2987523949,singleton,0,0
2026-09-28T13:29:34,/works/W1975505689,singleton,0,0
2026-09-28T13:29:34,/works/W2024517058,singleton,0,0
2026-09-28T13:29:34,/works/W2097550153,singleton,0,0
2026-09-28T13:29:34,/works/W2051213905,singleton,0,0
2026-09-28T13:29:34,/works/W2125206307,singleton,0,0
2026-09-28T13:29:34,/works/W2168699740,singleton,0,0
2026-09-28T13:29:34,/works/W2106461502,singleton,0,0
2026-09-28T13:29:35,/works/W2155039203,singleton,0,0
2026-09-28T13:29:35,/works/W2162417566,singleton,0,0
2026-09-28T13:29:35,/works/W2035458709,singleton,0,0
2026-09-28T13:29:35,/works/W1771150291,singleton,0,0
2026-09-28T13:29:35,/works/W1967667471,singleton,0,0
2026-09-28T13:29:35,/works/W2987523949,singleton,0,0
2026-09-28T13:29:35,/works/W2538773003,singleton,0,0
2026-09-28T13:29:35,/works/W2168699740,singleton,0,0
2026-09-28T13:29:35,/works/W2155039203,singleton,0,0
2026-09-28T13:29:35,/works/W2159691237,singleton,0,0
2026-09-28T13:29:35,/works/W2024517058,singleton,0,0
2026-09-28T13:29:35,/works/W2106461502,singleton,0,0
2026-09-28T13:29:36,/works/W2035458709,singleton,0,0
2026-09-28T13:29:36,/works/W1983847344,singleton,0,0
2026-09-28T13:29:36,/works/W1771150291,singleton,0,0
2026-09-28T13:29:36,/works/W1965612313,singleton,0,0
2026-09-28T13:29:36,/works/W2042285123,singleton,0,0
2026-09-28T13:29:36,/works/W2133758130,singleton,0,0
2026-09-28T13:29:36,/works/W2166583230,singleton,0,0
2026-09-28T13:29:36,/works/W2538773003,singleton,0,0
2026-09-28T13:29:36,/works/W2155039203,singleton,0,0
2026-09-28T13:29:37,/works/W2024517058,singleton,0,0
2026-09-28T13:29:37,/works/W2133758130,singleton,0,0
2026-09-28T13:29:37,/works/W1992704420,singleton,0,0
2026-09-28T13:29:37,/works/W2026008957,singleton,0,0
2026-09-28T13:29:37,/works/W2159691237,singleton,0,0
2026-09-28T13:29:37,/works/W1965612313,singleton,0,0
2026-09-28T13:29:37,/works/W2538773003,singleton,0,0
2026-09-28T13:29:38,/works/W2047961286,singleton,0,0
2026-09-28T13:29:38,/works/W2166583230,singleton,0,0
2026-09-28T13:29:38,/works/W2042285123,singleton,0,0
2026-09-28T13:29:38,/works/W1992704420,singleton,0,0
2026-09-28T13:29:38,/works/W2133758130,singleton,0,0
2026-09-28T13:29:38,/works/W2053028034,singleton,0,0
2026-09-28T13:29:38,/works/W2074489508,singleton,0,0
2026-09-28T13:29:38,/works/W2137215728,singleton,0,0
2026-09-28T13:29:38,/works/W2026008957,singleton,0,0
2026-09-28T13:29:38,/works/W2538773003,singleton,0,0
2026-09-28T13:29:38,/works/W2159268085,singleton,0,0
2026-09-28T13:29:38,/works/W2036321785,singleton,0,0
2026-09-28T13:29:39,/works/W2039982483,singleton,0,0
2026-09-28T13:29:39,/works/W2337459094,singleton,0,0
2026-09-28T13:29:39,/works/W2137215728,singleton,0,0
2026-09-28T13:29:39,/works/W2538773003,singleton,0,0
2026-09-28T13:29:39,/works/W2042285123,singleton,0,0
2026-09-28T13:29:39,/works/W2021220818,singleton,0,0
2026-09-28T13:29:39,/works/W2053028034,singleton,0,0
2026-09-28T13:29:40,/works/W2133758130,singleton,0,0
2026-09-28T13:29:40,/works/W2136299853,singleton,0,0
2026-09-28T13:29:40,/works/W2026008957,singleton,0,0
2026-09-28T13:29:40,/works/W2153968719,singleton,0,0
2026-09-28T13:29:40,/works/W2039982483,singleton,0,0
2026-09-28T13:29:40,/works/W2010509356,singleton,0,0
2026-09-28T13:29:40,/works/W2538773003,singleton,0,0
2026-09-28T13:29:40,/works/W1985025296,singleton,0,0
2026-09-28T13:29:41,/works/W1962558464,singleton,0,0
2026-09-28T13:29:41,/works/W2021220818,singleton,0,0
2026-09-28T13:29:41,/works/W2136299853,singleton,0,0
2026-09-28T13:29:41,/works/W2137215728,singleton,0,0
2026-09-28T13:29:41,/works/W2133758130,singleton,0,0
2026-09-28T13:29:41,/works/W2076411331,singleton,0,0
2026-09-28T13:29:41,/works/W1486315077,singleton,0,0
2026-09-28T13:29:41,/works/W1967298123,singleton,0,0
2026-09-28T13:29:41,/works/W2153968719,singleton,0,0
2026-09-28T13:29:41,/works/W2010509356,singleton,0,0
2026-09-28T13:29:41,/works/W2102129292,singleton,0,0
2026-09-28T13:29:42,/works/W1986954473,singleton,0,0
2026-09-28T13:29:42,/works/W2083547721,singleton,0,0
2026-09-28T13:29:42,/works/W1985025296,singleton,0,0
2026-09-28T13:29:42,/works/W1962558464,singleton,0,0
2026-09-28T13:29:42,/works/W1999843623,singleton,0,0
2026-09-28T13:29:42,/works/W2950236838,singleton,0,0
2026-09-28T13:29:42,/works/W1535425241,singleton,0,0
2026-09-28T13:29:42,/works/W1967298123,singleton,0,0
2026-09-28T13:29:43,/works/W2083547721,singleton,0,0
2026-09-28T13:29:43,/works/W1588776578,singleton,0,0
2026-09-28T13:29:43,/works/W1985025296,singleton,0,0
2026-09-28T13:29:43,/works/W1986954473,singleton,0,0
2026-09-28T13:29:43,/works/W2102129292,singleton,0,0
2026-09-28T13:29:43,/works/W2015064076,singleton,0,0
2026-09-28T13:29:43,/works/W37221705,singleton,0,0
2026-09-28T13:29:43,/works/W2078897936,singleton,0,0
2026-09-28T13:29:44,/works/W1962558464,singleton,0,0
2026-09-28T13:29:44,/works/W2075898061,singleton,0,0
2026-09-28T13:29:44,/works/W2160536217,singleton,0,0
2026-09-28T13:29:44,/works/W1967298123,singleton,0,0
2026-09-28T13:29:44,/works/W1986954473,singleton,0,0
2026-09-28T13:29:44,/works/W1535425241,singleton,0,0
2026-09-28T13:29:44,/works/W2318884151,singleton,0,0
2026-09-28T13:29:44,/works/W2059024629,singleton,0,0
2026-09-28T13:29:44,/works/W1511119052,singleton,0,0
2026-09-28T13:29:44,/works/W2141426461,singleton,0,0
2026-09-28T13:29:44,/works/W2102129292,singleton,0,0
2026-09-28T13:29:44,/works/W2105349845,singleton,0,0
2026-09-28T13:29:45,/works/W1982592368,singleton,0,0
2026-09-28T13:29:45,/works/W2015064076,singleton,0,0
2026-09-28T13:29:45,/works/W2098492623,singleton,0,0
2026-09-28T13:29:45,/works/W2038594997,singleton,0,0
2026-09-28T13:29:45,/works/W2112141746,singleton,0,0
2026-09-28T13:29:45,/works/W2318884151,singleton,0,0
2026-09-28T13:29:45,/works/W1511119052,singleton,0,0
2026-09-28T13:29:45,/works/W2087677578,singleton,0,0
2026-09-28T13:29:45,/works/W2171716588,singleton,0,0
2026-09-28T13:29:46,/works/W2141426461,singleton,0,0
2026-09-28T13:29:46,/works/W2160536217,singleton,0,0
2026-09-28T13:29:46,/works/W2102129292,singleton,0,0
2026-09-28T13:29:46,/works/W2165469535,singleton,0,0
2026-09-28T13:29:46,/works/W2111541920,singleton,0,0
2026-09-28T13:29:46,/works/W2038594997,singleton,0,0
2026-09-28T13:29:46,/works/W1580545778,singleton,0,0
2026-09-28T13:29:46,/works/W1511119052,singleton,0,0
2026-09-28T13:29:46,/works/W2035798230,singleton,0,0
2026-09-28T13:29:46,/works/W2318884151,singleton,0,0
2026-09-28T13:29:46,/works/W2950998125,singleton,0,0
2026-09-28T13:29:47,/works/W2026821744,singleton,0,0
2026-09-28T13:29:47,/works/W2104424128,singleton,0,0
2026-09-28T13:29:47,/works/W1992334477,singleton,0,0
2026-09-28T13:29:47,/works/W2141426461,singleton,0,0
2026-09-28T13:29:47,/works/W1511119052,singleton,0,0
2026-09-28T13:29:47,/works/W2157940407,singleton,0,0
2026-09-28T13:29:47,/works/W2111541920,singleton,0,0
2026-09-28T13:29:47,/works/W2141624179,singleton,0,0
2026-09-28T13:29:47,/works/W2950998125,singleton,0,0
2026-09-28T13:29:47,/works/W2169189762,singleton,0,0
2026-09-28T13:29:47,/works/W2165469535,singleton,0,0
2026-09-28T13:29:48,/works/W2161248741,singleton,0,0
2026-09-28T13:29:48,/works/W2104424128,singleton,0,0
2026-09-28T13:29:48,/works/W2115403873,singleton,0,0
2026-09-28T13:29:48,/works/W2140695867,singleton,0,0
2026-09-28T13:29:48,/works/W2101509311,singleton,0,0
2026-09-28T13:29:48,/works/W2950998125,singleton,0,0
2026-09-28T13:29:49,/works/W2161248741,singleton,0,0
2026-09-28T13:29:49,/works/W1511119052,singleton,0,0
2026-09-28T13:29:49,/works/W2157940407,singleton,0,0
2026-09-28T13:29:49,/works/W2141624179,singleton,0,0
2026-09-28T13:29:49,/works/W2407094086,singleton,0,0
2026-09-28T13:29:49,/works/W2111541920,singleton,0,0
2026-09-28T13:29:49,/works/W2140695867,singleton,0,0
2026-09-28T13:29:49,/works/W2474898302,singleton,0,0
2026-09-28T13:29:50,/works/W2085809045,singleton,0,0
2026-09-28T13:29:50,/works/W2009869539,singleton,0,0
2026-09-28T13:29:50,/works/W2101509311,singleton,0,0
2026-09-28T13:29:50,/works/W2161248741,singleton,0,0
2026-09-28T13:29:50,/works/W1511119052,singleton,0,0
2026-09-28T13:29:50,/works/W2949957560,singleton,0,0
2026-09-28T13:29:50,/works/W2140506330,singleton,0,0
2026-09-28T13:29:50,/works/W2157940407,singleton,0,0
2026-09-28T13:29:50,/works/W1973612721,singleton,0,0
2026-09-28T13:29:50,/works/W2111541920,singleton,0,0
2026-09-28T13:29:51,/works/W2168448884,singleton,0,0
2026-09-28T13:29:51,/works/W2315669992,singleton,0,0
2026-09-28T13:29:51,/works/W1993940124,singleton,0,0
2026-09-28T13:29:51,/works/W2474898302,singleton,0,0
2026-09-28T13:29:51,/works/W2161248741,singleton,0,0
2026-09-28T13:29:51,/works/W2123986852,singleton,0,0
2026-09-28T13:29:51,/works/W1658870220,singleton,0,0
2026-09-28T13:29:51,/works/W2949957560,singleton,0,0
2026-09-28T13:29:51,/works/W44239683,singleton,0,0
2026-09-28T13:29:51,/works/W2140506330,singleton,0,0
2026-09-28T13:29:51,/works/W2111541920,singleton,0,0
2026-09-28T13:29:51,/works/W2161618682,singleton,0,0
2026-09-28T13:29:52,/works/W2315669992,singleton,0,0
2026-09-28T13:29:52,/works/W2102269158,singleton,0,0
2026-09-28T13:29:52,/works/W2539609037,singleton,0,0
2026-09-28T13:29:52,/works/W2157539690,singleton,0,0
2026-09-28T13:29:52,/works/W2137697761,singleton,0,0
2026-09-28T13:29:52,/works/W2163654892,singleton,0,0
2026-09-28T13:29:52,/works/W2906295140,singleton,0,0
2026-09-28T13:29:52,/works/W44239683,singleton,0,0
2026-09-28T13:29:52,/works/W2123986852,singleton,0,0
2026-09-28T13:29:53,/works/W1536064112,singleton,0,0
2026-09-28T13:29:53,/works/W2906295140,singleton,0,0
2026-09-28T13:29:53,/works/W2163654892,singleton,0,0
2026-09-28T13:29:53,/works/W2137697761,singleton,0,0
2026-09-28T13:29:53,/works/W2153266727,singleton,0,0
2026-09-28T13:29:53,/works/W2949957560,singleton,0,0
2026-09-28T13:29:53,/works/W2315669992,singleton,0,0
2026-09-28T13:29:53,/works/W189254822,singleton,0,0
2026-09-28T13:29:54,/works/W2906295140,singleton,0,0
2026-09-28T13:29:54,/works/W2539609037,singleton,0,0
2026-09-28T13:29:54,/works/W2137697761,singleton,0,0
2026-09-28T13:29:54,/works/W2949171284,singleton,0,0
2026-09-28T13:29:54,/works/W1985045203,singleton,0,0
2026-09-28T13:29:54,/works/W2163654892,singleton,0,0
2026-09-28T13:29:54,/works/W2949957560,singleton,0,0
2026-09-28T13:29:54,/works/W1536064112,singleton,0,0
2026-09-28T13:29:54,/works/W2131266756,singleton,0,0
2026-09-28T13:29:55,/works/W2015292809,singleton,0,0
2026-09-28T13:29:55,/works/W2906295140,singleton,0,0
2026-09-28T13:29:55,/works/W2949171284,singleton,0,0
2026-09-28T13:29:55,/works/W2949957560,singleton,0,0
2026-09-28T13:29:55,/works/W162783924,singleton,0,0
2026-09-28T13:29:55,/works/W1536064112,singleton,0,0
2026-09-28T13:29:55,/works/W2539609037,singleton,0,0
2026-09-28T13:29:55,/works/W2137697761,singleton,0,0
2026-09-28T13:29:56,/works/W2131266756,singleton,0,0
2026-09-28T13:29:57,/works/W2949171284,singleton,0,0
2026-09-28T13:29:57,/works/W2131266756,singleton,0,0
2026-09-28T13:30:28,/works/W1756711985,singleton,0,0
2026-09-28T13:30:28,/works/W2100999115,singleton,0,0
2026-09-28T13:30:28,/works/W2088899933,singleton,0,0
2026-09-28T13:30:28,/works/W57065274,singleton,0,0
2026-09-28T13:30:28,/works/W2241710718,singleton,0,0
2026-09-28T13:30:28,/works/W2152445175,singleton,0,0
2026-09-28T13:30:28,/works/doi:10.1007/s12394-009-0009-3,singleton,0,0
2026-09-28T13:30:28,/works/W1435028668,singleton,0,0
2026-09-28T13:30:29,/works/W2476343449,singleton,0,0
2026-09-28T13:30:29,/works/W2114350750,singleton,0,0
2026-09-28T13:30:29,/works/W21135475,singleton,0,0
2026-09-28T13:30:29,/works/W2701819982,singleton,0,0
2026-09-28T13:30:29,/works/W2100999115,singleton,0,0
2026-09-28T13:30:29,/works/W2241710718,singleton,0,0
2026-09-28T13:30:29,/works/W1756711985,singleton,0,0
2026-09-28T13:30:30,/works/W45165262,singleton,0,0
2026-09-28T13:30:30,/works/W2088899933,singleton,0,0
2026-09-28T13:30:30,/works/W1793218032,singleton,0,0
2026-09-28T13:30:30,/works/W2114350750,singleton,0,0
2026-09-28T13:30:30,/works/W57065274,singleton,0,0
2026-09-28T13:30:30,/works/W772847155,singleton,0,0
2026-09-28T13:30:30,/works/W2107323366,singleton,0,0
2026-09-28T13:30:30,/works/W2476343449,singleton,0,0
2026-09-28T13:30:30,/works/W2222896690,singleton,0,0
2026-09-28T13:30:31,/works/W1793218032,singleton,0,0
2026-09-28T13:30:39,/works/W2162653659,singleton,0,0
2026-09-28T13:30:39,/works/W194974730,singleton,0,0
2026-09-28T13:30:39,/works/W2097330653,singleton,0,0
2026-09-28T13:30:39,/works/W1903988796,singleton,0,0
2026-09-28T13:30:39,/works/W2504102051,singleton,0,0
2026-09-28T13:30:39,/works/W2157653259,singleton,0,0
2026-09-28T13:30:39,/works/W2035955155,singleton,0,0
2026-09-28T13:30:39,/works/W2145256150,singleton,0,0
2026-09-28T13:30:39,/works/W2943625145,singleton,0,0
2026-09-28T13:30:39,/works/W2183463144,singleton,0,0
2026-09-28T13:30:39,/works/W2022802442,singleton,0,0
2026-09-28T13:30:40,/works/W194974730,singleton,0,0
2026-09-28T13:30:40,/works/W2010344914,singleton,0,0
2026-09-28T13:30:40,/works/W2162653659,singleton,0,0
2026-09-28T13:30:40,/works/W2326931828,singleton,0,0
2026-09-28T13:30:40,/works/W1903988796,singleton,0,0
2026-09-28T13:30:40,/works/W2943625145,singleton,0,0
2026-09-28T13:30:40,/works/W2504102051,singleton,0,0
2026-09-28T13:30:40,/works/W2158112073,singleton,0,0
2026-09-28T13:30:40,/works/W2097330653,singleton,0,0
2026-09-28T13:30:40,/works/W1964423887,singleton,0,0
2026-09-28T13:30:40,/works/W2136643094,singleton,0,0
2026-09-28T13:30:41,/works/W194974730,singleton,0,0
2026-09-28T13:30:41,/works/W1988297069,singleton,0,0
2026-09-28T13:30:41,/works/W2943625145,singleton,0,0
2026-09-28T13:30:41,/works/W2125087041,singleton,0,0
2026-09-28T13:30:41,/works/W1903988796,singleton,0,0
2026-09-28T13:30:41,/works/W2065532627,singleton,0,0
2026-09-28T13:30:41,/works/W2162653659,singleton,0,0
2026-09-28T13:30:41,/works/W2097330653,singleton,0,0
2026-09-28T13:30:41,/works/W2158112073,singleton,0,0
2026-09-28T13:30:41,/works/W1964423887,singleton,0,0
2026-09-28T13:30:42,/works/W5469012,singleton,0,0
2026-09-28T13:30:42,/works/W632536887,singleton,0,0
2026-09-28T13:30:42,/works/W2059278858,singleton,0,0
2026-09-28T13:30:42,/works/W2142934840,singleton,0,0
2026-09-28T13:30:42,/works/W2127583273,singleton,0,0
2026-09-28T13:30:42,/works/W1903988796,singleton,0,0
2026-09-28T13:30:42,/works/W2141133560,singleton,0,0
2026-09-28T13:30:42,/works/W2034017886,singleton,0,0
2026-09-28T13:30:42,/works/W2125087041,singleton,0,0
2026-09-28T13:30:42,/works/W2166337293,singleton,0,0
2026-09-28T13:30:42,/works/W2791974907,singleton,0,0
2026-09-28T13:30:42,/works/W2097330653,singleton,0,0
2026-09-28T13:30:42,/works/W2059278858,singleton,0,0
2026-09-28T13:30:43,/works/W2013177030,singleton,0,0
2026-09-28T13:30:43,/works/W2943625145,singleton,0,0
2026-09-28T13:30:43,/works/W2084819217,singleton,0,0
2026-09-28T13:30:43,/works/W2148567038,singleton,0,0
2026-09-28T13:30:43,/works/W1903988796,singleton,0,0
2026-09-28T13:30:43,/works/W2125087041,singleton,0,0
2026-09-28T13:30:43,/works/W2024026489,singleton,0,0
2026-09-28T13:30:43,/works/W2013177030,singleton,0,0
2026-09-28T13:30:44,/works/W2141951202,singleton,0,0
2026-09-28T13:30:44,/works/W2034017886,singleton,0,0
2026-09-28T13:30:44,/works/W2120051415,singleton,0,0
2026-09-28T13:30:44,/works/W2059278858,singleton,0,0
2026-09-28T13:30:44,/works/W2151832426,singleton,0,0
2026-09-28T13:30:44,/works/W2097330653,singleton,0,0
2026-09-28T13:30:44,/works/W118469426,singleton,0,0
2026-09-28T13:30:44,/works/W2148567038,singleton,0,0
2026-09-28T13:30:44,/works/W2135745402,singleton,0,0
2026-09-28T13:30:44,/works/W2013177030,singleton,0,0
2026-09-28T13:30:44,/works/W1995663075,singleton,0,0
2026-09-28T13:30:44,/works/W2125087041,singleton,0,0
2026-09-28T13:30:45,/works/W2121149847,singleton,0,0
2026-09-28T13:30:45,/works/W2116954771,singleton,0,0
2026-09-28T13:30:45,/works/W2151832426,singleton,0,0
2026-09-28T13:30:45,/works/W2069812362,singleton,0,0
2026-09-28T13:30:45,/works/W2009016493,singleton,0,0
2026-09-28T13:30:45,/works/W2019902413,singleton,0,0
2026-09-28T13:30:45,/works/W2029150898,singleton,0,0
2026-09-28T13:30:45,/works/W2120051415,singleton,0,0
2026-09-28T13:30:45,/works/W2097330653,singleton,0,0
2026-09-28T13:30:46,/works/W2125087041,singleton,0,0
2026-09-28T13:30:46,/works/W2467636344,singleton,0,0
2026-09-28T13:30:46,/works/W2121149847,singleton,0,0
2026-09-28T13:30:46,/works/W118469426,singleton,0,0
2026-09-28T13:30:46,/works/W2292857696,singleton,0,0
2026-09-28T13:30:46,/works/W2009016493,singleton,0,0
2026-09-28T13:30:46,/works/W2467636344,singleton,0,0
2026-09-28T13:30:46,/works/W2052313066,singleton,0,0
2026-09-28T13:30:46,/works/W2097330653,singleton,0,0
2026-09-28T13:30:47,/works/W2019902413,singleton,0,0
2026-09-28T13:30:47,/works/W2292857696,singleton,0,0
2026-09-28T13:30:47,/works/W1765501750,singleton,0,0
2026-09-28T13:30:47,/works/W2120051415,singleton,0,0
2026-09-28T13:30:47,/works/W2125087041,singleton,0,0
2026-09-28T13:30:47,/works/W2467636344,singleton,0,0
2026-09-28T13:30:47,/works/W2052313066,singleton,0,0
2026-09-28T13:30:47,/works/W2037714831,singleton,0,0
2026-09-28T13:30:47,/works/W2121149847,singleton,0,0
2026-09-28T13:30:48,/works/W2147823629,singleton,0,0
2026-09-28T13:30:48,/works/W2125087041,singleton,0,0
2026-09-28T13:30:48,/works/W1765501750,singleton,0,0
2026-09-28T13:30:48,/works/W2019902413,singleton,0,0
2026-09-28T13:30:48,/works/W2417270315,singleton,0,0
2026-09-28T13:30:48,/works/W2037714831,singleton,0,0
2026-09-28T13:30:48,/works/W1859615369,singleton,0,0
2026-09-28T13:30:48,/works/W2417693312,singleton,0,0
2026-09-28T13:30:48,/works/W2292857696,singleton,0,0
2026-09-28T13:30:48,/works/W2125087041,singleton,0,0
2026-09-28T13:30:48,/works/W2121149847,singleton,0,0
2026-09-28T13:30:49,/works/W2052313066,singleton,0,0
2026-09-28T13:30:49,/works/W2049355215,singleton,0,0
2026-09-28T13:30:49,/works/W2094409819,singleton,0,0
2026-09-28T13:30:49,/works/W2037714831,singleton,0,0
2026-09-28T13:30:49,/works/W2019902413,singleton,0,0
2026-09-28T13:30:49,/works/W2077906402,singleton,0,0
2026-09-28T13:30:49,/works/W1859615369,singleton,0,0
2026-09-28T13:30:50,/works/W2084193745,singleton,0,0
2026-09-28T13:30:50,/works/W2030657517,singleton,0,0
2026-09-28T13:30:50,/works/W2417693312,singleton,0,0
2026-09-28T13:30:50,/works/W2106618932,singleton,0,0
2026-09-28T13:30:50,/works/W2125087041,singleton,0,0
2026-09-28T13:30:50,/works/W2049355215,singleton,0,0
2026-09-28T13:30:50,/works/W2126202142,singleton,0,0
2026-09-28T13:30:50,/works/W2052313066,singleton,0,0
2026-09-28T13:30:50,/works/W2147298941,singleton,0,0
2026-09-28T13:30:50,/works/W2037714831,singleton,0,0
2026-09-28T13:30:50,/works/doi:10.3201/eid/1706.101483,singleton,0,0
2026-09-28T13:30:50,/works/W2074404334,singleton,0,0
2026-09-28T13:30:50,/works/W1834439854,singleton,0,0
2026-09-28T13:30:51,/works/W2573488639,singleton,0,0
2026-09-28T13:30:51,/works/W1894599546,singleton,0,0
2026-09-28T13:30:51,/works/W2084193745,singleton,0,0
2026-09-28T13:30:51,/works/W2026139341,singleton,0,0
2026-09-28T13:30:51,/works/W2030657517,singleton,0,0
2026-09-28T13:30:51,/works/W2147298941,singleton,0,0
2026-09-28T13:30:51,/works/W2126202142,singleton,0,0
2026-09-28T13:30:51,/works/W2074404334,singleton,0,0
2026-09-28T13:30:52,/works/W2002613130,singleton,0,0
2026-09-28T13:30:52,/works/W2077394969,singleton,0,0
2026-09-28T13:30:52,/works/W1894599546,singleton,0,0
2026-09-28T13:30:52,/works/W2573488639,singleton,0,0
2026-09-28T13:30:52,/works/W2084193745,singleton,0,0
2026-09-28T13:30:52,/works/W2740218769,singleton,0,0
2026-09-28T13:30:52,/works/W2026139341,singleton,0,0
2026-09-28T13:30:52,/works/W1993111351,singleton,0,0
2026-09-28T13:30:52,/works/W2077394969,singleton,0,0
2026-09-28T13:30:53,/works/W2147298941,singleton,0,0
2026-09-28T13:30:53,/works/W2030657517,singleton,0,0
2026-09-28T13:30:53,/works/W1865437481,singleton,0,0
2026-09-28T13:30:53,/works/W2133536047,singleton,0,0
2026-09-28T13:30:53,/works/W2084193745,singleton,0,0
2026-09-28T13:30:53,/works/W2041723970,singleton,0,0
2026-09-28T13:30:53,/works/W2002613130,singleton,0,0
2026-09-28T13:30:54,/works/W2092520351,singleton,0,0
2026-09-28T13:30:54,/works/W1949504992,singleton,0,0
2026-09-28T13:30:54,/works/W1865437481,singleton,0,0
2026-09-28T13:30:54,/works/W2077394969,singleton,0,0
2026-09-28T13:30:54,/works/W2030657517,singleton,0,0
2026-09-28T13:30:54,/works/W2026139341,singleton,0,0
2026-09-28T13:30:54,/works/W2002613130,singleton,0,0
2026-09-28T13:30:54,/works/W2131438709,singleton,0,0
2026-09-28T13:30:54,/works/W2147298941,singleton,0,0
2026-09-28T13:30:55,/works/W209826580,singleton,0,0
2026-09-28T13:30:55,/works/W2053996120,singleton,0,0
2026-09-28T13:30:55,/works/W2123366827,singleton,0,0
2026-09-28T13:30:55,/works/W2084193745,singleton,0,0
2026-09-28T13:30:55,/works/W1897855307,singleton,0,0
2026-09-28T13:30:55,/works/W2076746689,singleton,0,0
2026-09-28T13:30:55,/works/W2088166297,singleton,0,0
2026-09-28T13:30:55,/works/W2156109854,singleton,0,0
2026-09-28T13:30:55,/works/W2077394969,singleton,0,0
2026-09-28T13:30:55,/works/W2002613130,singleton,0,0
2026-09-28T13:30:55,/works/W1949504992,singleton,0,0
2026-09-28T13:30:55,/works/W1973425330,singleton,0,0
2026-09-28T13:30:55,/works/W2182239170,singleton,0,0
2026-09-28T13:30:56,/works/W276743362,singleton,0,0
2026-09-28T13:30:56,/works/W2122576306,singleton,0,0
2026-09-28T13:30:56,/works/W2156109854,singleton,0,0
2026-09-28T13:30:56,/works/W2076746689,singleton,0,0
2026-09-28T13:30:56,/works/W2088166297,singleton,0,0
2026-09-28T13:30:56,/works/W2123366827,singleton,0,0
2026-09-28T13:30:56,/works/W3023805272,singleton,0,0
2026-09-28T13:30:56,/works/W2182239170,singleton,0,0
2026-09-28T13:30:56,/works/W2161501189,singleton,0,0
2026-09-28T13:30:57,/works/W2090504335,singleton,0,0
2026-09-28T13:30:57,/works/W276743362,singleton,0,0
2026-09-28T13:30:57,/works/W1949504992,singleton,0,0
2026-09-28T13:30:57,/works/W108833907,singleton,0,0
2026-09-28T13:30:57,/works/W1994495493,singleton,0,0
2026-09-28T13:30:57,/works/W1964740700,singleton,0,0
2026-09-28T13:30:57,/works/W2088166297,singleton,0,0
2026-09-28T13:30:57,/works/W2804914561,singleton,0,0
2026-09-28T13:30:57,/works/W2109885351,singleton,0,0
2026-09-28T13:30:57,/works/W2076746689,singleton,0,0
2026-09-28T13:30:57,/works/W2156109854,singleton,0,0
2026-09-28T13:30:57,/works/W2123265098,singleton,0,0
2026-09-28T13:30:57,/works/W2925323786,singleton,0,0
2026-09-28T13:30:58,/works/W1964740700,singleton,0,0
2026-09-28T13:30:58,/works/W276743362,singleton,0,0
2026-09-28T13:30:58,/works/W2804914561,singleton,0,0
2026-09-28T13:30:58,/works/W1994495493,singleton,0,0
2026-09-28T13:30:58,/works/W2109885351,singleton,0,0
2026-09-28T13:30:58,/works/W2925323786,singleton,0,0
2026-09-28T13:30:59,/works/W276743362,singleton,0,0
2026-09-28T13:30:59,/works/W2109885351,singleton,0,0
2026-09-28T13:30:59,/works/W2804914561,singleton,0,0
2026-09-28T13:30:59,/works/W1964740700,singleton,0,0
2026-09-28T13:31:01,/works/W2804914561,singleton,0,0
2026-09-28T13:31:23,/works/W2078981897,singleton,0,0
2026-09-28T13:31:23,/works/W2039824688,singleton,0,0
2026-09-28T13:31:23,/works/W2053101934,singleton,0,0
2026-09-28T13:31:23,/works/W2107269684,singleton,0,0
2026-09-28T13:31:23,/works/W2188852998,singleton,0,0
2026-09-28T13:31:23,/works/W2120571250,singleton,0,0
2026-09-28T13:31:23,/works/W2248384512,singleton,0,0
2026-09-28T13:31:23,/works/W2083673137,singleton,0,0
2026-09-28T13:31:23,/works/W2104959792,singleton,0,0
2026-09-28T13:31:23,/works/W184572772,singleton,0,0
2026-09-28T13:31:23,/works/W2083233819,singleton,0,0
2026-09-28T13:31:24,/works/W2039824688,singleton,0,0
2026-09-28T13:31:24,/works/W1592454848,singleton,0,0
2026-09-28T13:31:24,/works/W2120571250,singleton,0,0
2026-09-28T13:31:24,/works/W2396532263,singleton,0,0
2026-09-28T13:31:24,/works/W2053101934,singleton,0,0
2026-09-28T13:31:24,/works/W2078981897,singleton,0,0
2026-09-28T13:31:24,/works/W47125481,singleton,0,0
2026-09-28T13:31:24,/works/W2107269684,singleton,0,0
2026-09-28T13:31:24,/works/W2115362146,singleton,0,0
2026-09-28T13:31:24,/works/W2145264407,singleton,0,0
2026-09-28T13:31:24,/works/W764854723,singleton,0,0
2026-09-28T13:31:24,/works/W2039824688,singleton,0,0
2026-09-28T13:31:24,/works/W2188852998,singleton,0,0
2026-09-28T13:31:25,/works/W1969991109,singleton,0,0
2026-09-28T13:31:25,/works/W2295292565,singleton,0,0
2026-09-28T13:31:25,/works/W2099828952,singleton,0,0
2026-09-28T13:31:25,/works/W2120571250,singleton,0,0
2026-09-28T13:31:25,/works/W2085816276,singleton,0,0
2026-09-28T13:31:25,/works/W2115362146,singleton,0,0
2026-09-28T13:31:25,/works/W2107269684,singleton,0,0
2026-09-28T13:31:26,/works/W2099828952,singleton,0,0
2026-09-28T13:31:26,/works/W2078981897,singleton,0,0
2026-09-28T13:31:26,/works/W2168062346,singleton,0,0
2026-09-28T13:31:26,/works/W2295292565,singleton,0,0
2026-09-28T13:31:26,/works/W2145264407,singleton,0,0
2026-09-28T13:31:26,/works/W207580203,singleton,0,0
2026-09-28T13:31:26,/works/W2106448559,singleton,0,0
2026-09-28T13:31:26,/works/W2107269684,singleton,0,0
2026-09-28T13:31:26,/works/W2120721759,singleton,0,0
2026-09-28T13:31:27,/works/W2148388310,singleton,0,0
2026-09-28T13:31:27,/works/W1969991109,singleton,0,0
2026-09-28T13:31:27,/works/W85627550,singleton,0,0
2026-09-28T13:31:27,/works/W2295292565,singleton,0,0
2026-09-28T13:31:27,/works/W2085816276,singleton,0,0
2026-09-28T13:31:27,/works/W1983044994,singleton,0,0
2026-09-28T13:31:27,/works/W2065366278,singleton,0,0
2026-09-28T13:31:27,/works/W2156278525,singleton,0,0
2026-09-28T13:31:27,/works/W2129089881,singleton,0,0
2026-09-28T13:31:27,/works/W2099828952,singleton,0,0
2026-09-28T13:31:27,/works/W2145264407,singleton,0,0
2026-09-28T13:31:27,/works/W170359060,singleton,0,0
2026-09-28T13:31:27,/works/W1579468334,singleton,0,0
2026-09-28T13:31:27,/works/W841790259,singleton,0,0
2026-09-28T13:31:27,/works/W1987579040,singleton,0,0
2026-09-28T13:31:27,/works/W69684474,singleton,0,0
2026-09-28T13:31:28,/works/W2120721759,singleton,0,0
2026-09-28T13:31:28,/works/W2274338929,singleton,0,0
2026-09-28T13:31:28,/works/W170359060,singleton,0,0
2026-09-28T13:31:28,/works/W841790259,singleton,0,0
2026-09-28T13:31:28,/works/W85627550,singleton,0,0
2026-09-28T13:31:28,/works/W1983044994,singleton,0,0
2026-09-28T13:31:28,/works/W1987579040,singleton,0,0
2026-09-28T13:31:29,/works/W1579468334,singleton,0,0
2026-09-28T13:31:29,/works/W1887916647,singleton,0,0
2026-09-28T13:31:29,/works/W170359060,singleton,0,0
2026-09-28T13:31:29,/works/W69684474,singleton,0,0
2026-09-28T13:31:29,/works/W2274338929,singleton,0,0
2026-09-28T13:31:29,/works/W2100763616,singleton,0,0
2026-09-28T13:31:29,/works/W841790259,singleton,0,0
2026-09-28T13:31:30,/works/W1887916647,singleton,0,0
2026-09-28T13:31:30,/works/W85627550,singleton,0,0
2026-09-28T13:31:30,/works/W1581453494,singleton,0,0
2026-09-28T13:31:30,/works/W1983044994,singleton,0,0
2026-09-28T13:31:30,/works/W2101223822,singleton,0,0
2026-09-28T13:31:30,/works/W2274338929,singleton,0,0
2026-09-28T13:31:30,/works/W2100763616,singleton,0,0
2026-09-28T13:31:30,/works/W1991817186,singleton,0,0
2026-09-28T13:31:30,/works/W1579468334,singleton,0,0
2026-09-28T13:31:30,/works/W69684474,singleton,0,0
2026-09-28T13:31:30,/works/W81994546,singleton,0,0
2026-09-28T13:31:31,/works/W2030149678,singleton,0,0
2026-09-28T13:31:31,/works/W1780212216,singleton,0,0
2026-09-28T13:31:31,/works/W2121676393,singleton,0,0
2026-09-28T13:31:31,/works/W2314667303,singleton,0,0
2026-09-28T13:31:31,/works/W2482314912,singleton,0,0
2026-09-28T13:31:31,/works/W2099476469,singleton,0,0
2026-09-28T13:31:31,/works/W2061295583,singleton,0,0
2026-09-28T13:31:31,/works/W1887916647,singleton,0,0
2026-09-28T13:31:31,/works/W1579468334,singleton,0,0
2026-09-28T13:31:31,/works/W2039938638,singleton,0,0
2026-09-28T13:31:31,/works/W2314667303,singleton,0,0
2026-09-28T13:31:31,/works/W2274338929,singleton,0,0
2026-09-28T13:31:31,/works/W1884402041,singleton,0,0
2026-09-28T13:31:32,/works/W2153182965,singleton,0,0
2026-09-28T13:31:32,/works/W2101843930,singleton,0,0
2026-09-28T13:31:32,/works/W2030149678,singleton,0,0
2026-09-28T13:31:32,/works/W2189616763,singleton,0,0
2026-09-28T13:31:32,/works/W2099476469,singleton,0,0
2026-09-28T13:31:32,/works/W2061295583,singleton,0,0
2026-09-28T13:31:32,/works/W2001119874,singleton,0,0
2026-09-28T13:31:32,/works/W2153182965,singleton,0,0
2026-09-28T13:31:33,/works/W2018521540,singleton,0,0
2026-09-28T13:31:33,/works/W1884402041,singleton,0,0
2026-09-28T13:31:33,/works/W1539023733,singleton,0,0
2026-09-28T13:31:33,/works/W2314667303,singleton,0,0
2026-09-28T13:31:33,/works/W2274338929,singleton,0,0
2026-09-28T13:31:33,/works/W2153759253,singleton,0,0
2026-09-28T13:31:34,/works/W2030149678,singleton,0,0
2026-09-28T13:31:34,/works/W2001119874,singleton,0,0
2026-09-28T13:31:34,/works/W1884402041,singleton,0,0
2026-09-28T13:31:34,/works/W2018521540,singleton,0,0
2026-09-28T13:31:34,/works/W1988429173,singleton,0,0
2026-09-28T13:31:34,/works/W206065885,singleton,0,0
2026-09-28T13:31:34,/works/W1539023733,singleton,0,0
2026-09-28T13:31:34,/works/W2061295583,singleton,0,0
2026-09-28T13:31:34,/works/W2155405180,singleton,0,0
2026-09-28T13:31:34,/works/W1531309756,singleton,0,0
2026-09-28T13:31:34,/works/W2066137739,singleton,0,0
2026-09-28T13:31:34,/works/W203857992,singleton,0,0
2026-09-28T13:31:35,/works/W2145641803,singleton,0,0
2026-09-28T13:31:35,/works/W1884402041,singleton,0,0
2026-09-28T13:31:35,/works/W2274338929,singleton,0,0
2026-09-28T13:31:35,/works/W2001119874,singleton,0,0
2026-09-28T13:31:35,/works/W1969667118,singleton,0,0
2026-09-28T13:31:35,/works/W1988429173,singleton,0,0
2026-09-28T13:31:35,/works/W206065885,singleton,0,0
2026-09-28T13:31:36,/works/W1531309756,singleton,0,0
2026-09-28T13:31:36,/works/W203857992,singleton,0,0
2026-09-28T13:31:36,/works/W1884402041,singleton,0,0
2026-09-28T13:31:36,/works/W2145641803,singleton,0,0
2026-09-28T13:31:36,/works/W1988429173,singleton,0,0
2026-09-28T13:31:36,/works/W2001119874,singleton,0,0
2026-09-28T13:31:36,/works/W206065885,singleton,0,0
2026-09-28T13:31:37,/works/W2065391912,singleton,0,0
2026-09-28T13:31:37,/works/W1523684915,singleton,0,0
2026-09-28T13:31:37,/works/W1969667118,singleton,0,0
2026-09-28T13:31:37,/works/W2055597098,singleton,0,0
2026-09-28T13:31:37,/works/W2975592806,singleton,0,0
2026-09-28T13:31:37,/works/W203857992,singleton,0,0
2026-09-28T13:31:37,/works/W2158479114,singleton,0,0
2026-09-28T13:31:37,/works/W1889455872,singleton,0,0
2026-09-28T13:31:37,/works/W2181772240,singleton,0,0
2026-09-28T13:31:37,/works/W1531309756,singleton,0,0
2026-09-28T13:31:37,/works/W1525711226,singleton,0,0
2026-09-28T13:31:37,/works/W616146327,singleton,0,0
2026-09-28T13:31:37,/works/W2126258204,singleton,0,0
2026-09-28T13:31:38,/works/W170769584,singleton,0,0
2026-09-28T13:31:38,/works/W2150986899,singleton,0,0
2026-09-28T13:31:38,/works/W2158479114,singleton,0,0
2026-09-28T13:31:38,/works/W1489114385,singleton,0,0
2026-09-28T13:31:38,/works/W2001119874,singleton,0,0
2026-09-28T13:31:38,/works/W1966871689,singleton,0,0
2026-09-28T13:31:38,/works/W1889455872,singleton,0,0
2026-09-28T13:31:38,/works/W2136079017,singleton,0,0
2026-09-28T13:31:38,/works/W2004946838,singleton,0,0
2026-09-28T13:31:38,/works/W70166553,singleton,0,0
2026-09-28T13:31:38,/works/W2918955128,singleton,0,0
2026-09-28T13:31:38,/works/W203857992,singleton,0,0
2026-09-28T13:31:38,/works/W2055597098,singleton,0,0
2026-09-28T13:31:39,/works/W1966871689,singleton,0,0
2026-09-28T13:31:39,/works/W158397033,singleton,0,0
2026-09-28T13:31:39,/works/W2101759015,singleton,0,0
2026-09-28T13:31:39,/works/W70166553,singleton,0,0
2026-09-28T13:31:39,/works/W2892578197,singleton,0,0
2026-09-28T13:31:39,/works/W2001119874,singleton,0,0
2026-09-28T13:31:39,/works/W2406708515,singleton,0,0
2026-09-28T13:31:40,/works/W2741628717,singleton,0,0
2026-09-28T13:31:40,/works/W2918955128,singleton,0,0
2026-09-28T13:31:40,/works/W82038383,singleton,0,0
2026-09-28T13:31:40,/works/W2004946838,singleton,0,0
2026-09-28T13:31:40,/works/W70166553,singleton,0,0
2026-09-28T13:31:40,/works/W2136079017,singleton,0,0
2026-09-28T13:31:40,/works/W2140969927,singleton,0,0
2026-09-28T13:31:40,/works/W2162541870,singleton,0,0
2026-09-28T13:31:40,/works/W2892578197,singleton,0,0
2026-09-28T13:31:40,/works/W1971022461,singleton,0,0
2026-09-28T13:31:40,/works/W2039775106,singleton,0,0
2026-09-28T13:31:40,/works/W1966871689,singleton,0,0
2026-09-28T13:31:40,/works/W2741628717,singleton,0,0
2026-09-28T13:31:41,/works/W2004946838,singleton,0,0
2026-09-28T13:31:41,/works/W1580277038,singleton,0,0
2026-09-28T13:31:41,/works/W2795530705,singleton,0,0
2026-09-28T13:31:41,/works/W2140969927,singleton,0,0
2026-09-28T13:31:41,/works/W1973737012,singleton,0,0
2026-09-28T13:31:41,/works/W70166553,singleton,0,0
2026-09-28T13:31:41,/works/W2892578197,singleton,0,0
2026-09-28T13:31:41,/works/W2186335449,singleton,0,0
2026-09-28T13:31:42,/works/W2741628717,singleton,0,0
2026-09-28T13:31:42,/works/W2140969927,singleton,0,0
2026-09-28T13:31:42,/works/W2795530705,singleton,0,0
2026-09-28T13:31:42,/works/W1481017509,singleton,0,0
2026-09-28T13:31:42,/works/W2039775106,singleton,0,0
2026-09-28T13:31:42,/works/W2004946838,singleton,0,0
2026-09-28T13:31:42,/works/W1973737012,singleton,0,0
2026-09-28T13:31:42,/works/W21431789,singleton,0,0
2026-09-28T13:31:42,/works/W2186335449,singleton,0,0
2026-09-28T13:31:43,/works/W2892578197,singleton,0,0
2026-09-28T13:31:43,/works/W2162721232,singleton,0,0
2026-09-28T13:31:43,/works/W204057665,singleton,0,0
2026-09-28T13:31:43,/works/W2011439552,singleton,0,0
2026-09-28T13:31:43,/works/W2578465729,singleton,0,0
2026-09-28T13:31:43,/works/W2140969927,singleton,0,0
2026-09-28T13:31:43,/works/W2070714069,singleton,0,0
2026-09-28T13:31:43,/works/W2795530705,singleton,0,0
2026-09-28T13:31:44,/works/W2039775106,singleton,0,0
2026-09-28T13:31:44,/works/W2004946838,singleton,0,0
2026-09-28T13:31:44,/works/W2008091307,singleton,0,0
2026-09-28T13:31:44,/works/W1973737012,singleton,0,0
2026-09-28T13:31:44,/works/W2175681782,singleton,0,0
2026-09-28T13:31:44,/works/W2578465729,singleton,0,0
2026-09-28T13:31:44,/works/W18226717,singleton,0,0
2026-09-28T13:31:44,/works/W2140969927,singleton,0,0
2026-09-28T13:31:44,/works/W2119803453,singleton,0,0
2026-09-28T13:31:44,/works/W2162721232,singleton,0,0
2026-09-28T13:31:44,/works/W2039775106,singleton,0,0
2026-09-28T13:31:44,/works/W2569283962,singleton,0,0
2026-09-28T13:31:45,/works/W2008091307,singleton,0,0
2026-09-28T13:31:45,/works/W1973737012,singleton,0,0
2026-09-28T13:31:45,/works/W2140969927,singleton,0,0
2026-09-28T13:31:45,/works/W2119803453,singleton,0,0
2026-09-28T13:31:46,/works/W2039775106,singleton,0,0
2026-09-28T13:31:46,/works/W18226717,singleton,0,0
2026-09-28T13:31:46,/works/W2119803453,singleton,0,0
2026-09-28T13:31:48,/works/W2119803453,singleton,0,0
2026-09-28T13:32:05,/works/W2036786631,singleton,0,0
2026-09-28T13:32:05,/works/W2123333252,singleton,0,0
2026-09-28T13:32:05,/works/W2065428771,singleton,0,0
2026-09-28T13:32:05,/works/W2113539519,singleton,0,0
2026-09-28T13:32:06,/works/W2073463584,singleton,0,0
2026-09-28T13:32:06,/works/W2010115082,singleton,0,0
2026-09-28T13:32:06,/works/W2317553645,singleton,0,0
2026-09-28T13:32:06,/works/W2159843192,singleton,0,0
2026-09-28T13:32:06,/works/W51106212,singleton,0,0
2026-09-28T13:32:06,/works/W2334892724,singleton,0,0
2026-09-28T13:32:06,/works/W2065428771,singleton,0,0
2026-09-28T13:32:06,/works/W2113539519,singleton,0,0
2026-09-28T13:32:07,/works/W2123333252,singleton,0,0
2026-09-28T13:32:07,/works/W2036786631,singleton,0,0
2026-09-28T13:32:07,/works/W2010115082,singleton,0,0
2026-09-28T13:32:07,/works/W2120113533,singleton,0,0
2026-09-28T13:32:07,/works/W2317553645,singleton,0,0
2026-09-28T13:32:07,/works/W2159843192,singleton,0,0
2026-09-28T13:32:07,/works/W2168494953,singleton,0,0
2026-09-28T13:32:07,/works/W1966087847,singleton,0,0
2026-09-28T13:32:07,/works/W2121386688,singleton,0,0
2026-09-28T13:32:07,/works/W2113539519,singleton,0,0
2026-09-28T13:32:07,/works/W1890719322,singleton,0,0
2026-09-28T13:32:08,/works/W2334892724,singleton,0,0
2026-09-28T13:32:08,/works/W2153399464,singleton,0,0
2026-09-28T13:32:08,/works/W1998420293,singleton,0,0
2026-09-28T13:32:08,/works/W2058093542,singleton,0,0
2026-09-28T13:32:08,/works/W2036786631,singleton,0,0
2026-09-28T13:32:08,/works/W2060104991,singleton,0,0
2026-09-28T13:32:08,/works/W1890719322,singleton,0,0
2026-09-28T13:32:08,/works/W2010115082,singleton,0,0
2026-09-28T13:32:08,/works/W2159843192,singleton,0,0
2026-09-28T13:32:09,/works/W2048998018,singleton,0,0
2026-09-28T13:32:09,/works/W1966087847,singleton,0,0
2026-09-28T13:32:09,/works/W2082554537,singleton,0,0
2026-09-28T13:32:09,/works/W2060104991,singleton,0,0
2026-09-28T13:32:09,/works/W1890719322,singleton,0,0
2026-09-28T13:32:09,/works/W2058093542,singleton,0,0
2026-09-28T13:32:09,/works/W2334892724,singleton,0,0
2026-09-28T13:32:10,/works/W1972718114,singleton,0,0
2026-09-28T13:32:10,/works/W1966087847,singleton,0,0
2026-09-28T13:32:10,/works/W2187161212,singleton,0,0
2026-09-28T13:32:10,/works/W2010115082,singleton,0,0
2026-09-28T13:32:10,/works/W2159843192,singleton,0,0
2026-09-28T13:32:10,/works/W2060104991,singleton,0,0
2026-09-28T13:32:10,/works/W2088541283,singleton,0,0
2026-09-28T13:32:10,/works/W2519451351,singleton,0,0
2026-09-28T13:32:10,/works/W2032993614,singleton,0,0
2026-09-28T13:32:10,/works/W2074106222,singleton,0,0
2026-09-28T13:32:10,/works/W2082554537,singleton,0,0
2026-09-28T13:32:11,/works/W2027215791,singleton,0,0
2026-09-28T13:32:11,/works/W1890719322,singleton,0,0
2026-09-28T13:32:11,/works/W1972718114,singleton,0,0
2026-09-28T13:32:11,/works/W2210337789,singleton,0,0
2026-09-28T13:32:11,/works/W2074106222,singleton,0,0
2026-09-28T13:32:11,/works/W2187161212,singleton,0,0
2026-09-28T13:32:11,/works/W2132167857,singleton,0,0
2026-09-28T13:32:11,/works/W2010115082,singleton,0,0
2026-09-28T13:32:12,/works/W25120155,singleton,0,0
2026-09-28T13:32:12,/works/W2032993614,singleton,0,0
2026-09-28T13:32:12,/works/W2082554537,singleton,0,0
2026-09-28T13:32:12,/works/W2143391299,singleton,0,0
2026-09-28T13:32:12,/works/W2106162438,singleton,0,0
2026-09-28T13:32:12,/works/W2187161212,singleton,0,0
2026-09-28T13:32:12,/works/W1890719322,singleton,0,0
2026-09-28T13:32:12,/works/W2074106222,singleton,0,0
2026-09-28T13:32:12,/works/W2108118343,singleton,0,0
2026-09-28T13:32:12,/works/W2058474922,singleton,0,0
2026-09-28T13:32:13,/works/W2210337789,singleton,0,0
2026-09-28T13:32:13,/works/W2063181870,singleton,0,0
2026-09-28T13:32:13,/works/W2070615679,singleton,0,0
2026-09-28T13:32:13,/works/W2010115082,singleton,0,0
2026-09-28T13:32:13,/works/W2106162438,singleton,0,0
2026-09-28T13:32:13,/works/W2490048322,singleton,0,0
2026-09-28T13:32:13,/works/W1966564948,singleton,0,0
2026-09-28T13:32:13,/works/W2004250681,singleton,0,0
2026-09-28T13:32:13,/works/W1967065609,singleton,0,0
2026-09-28T13:32:13,/works/W2029093817,singleton,0,0
2026-09-28T13:32:13,/works/W2048084263,singleton,0,0
2026-09-28T13:32:13,/works/W2078880305,singleton,0,0
2026-09-28T13:32:13,/works/W2105860279,singleton,0,0
2026-09-28T13:32:14,/works/W2187161212,singleton,0,0
2026-09-28T13:32:14,/works/W2319799311,singleton,0,0
2026-09-28T13:32:14,/works/W2094467342,singleton,0,0
2026-09-28T13:32:14,/works/W1890719322,singleton,0,0
2026-09-28T13:32:14,/works/W2028310254,singleton,0,0
2026-09-28T13:32:14,/works/W2169747821,singleton,0,0
2026-09-28T13:32:14,/works/W2078880305,singleton,0,0
2026-09-28T13:32:14,/works/W2052441426,singleton,0,0
2026-09-28T13:32:15,/works/W2106162438,singleton,0,0
2026-09-28T13:32:15,/works/W1890719322,singleton,0,0
2026-09-28T13:32:15,/works/W2157886839,singleton,0,0
2026-09-28T13:32:15,/works/W2048084263,singleton,0,0
2026-09-28T13:32:15,/works/W2028310254,singleton,0,0
2026-09-28T13:32:15,/works/W2105860279,singleton,0,0
2026-09-28T13:32:15,/works/W2319799311,singleton,0,0
2026-09-28T13:32:15,/works/W2106162438,singleton,0,0
2026-09-28T13:32:15,/works/W1890719322,singleton,0,0
2026-09-28T13:32:15,/works/W2078880305,singleton,0,0
2026-09-28T13:32:16,/works/W2081746836,singleton,0,0
2026-09-28T13:32:16,/works/W2315954549,singleton,0,0
2026-09-28T13:32:16,/works/W1980564752,singleton,0,0
2026-09-28T13:32:16,/works/W2157886839,singleton,0,0
2026-09-28T13:32:16,/works/W2028310254,singleton,0,0
2026-09-28T13:32:17,/works/W2105860279,singleton,0,0
2026-09-28T13:32:17,/works/W1980564752,singleton,0,0
2026-09-28T13:32:17,/works/W2315954549,singleton,0,0
2026-09-28T13:32:17,/works/W633127476,singleton,0,0
2026-09-28T13:32:17,/works/W2039765047,singleton,0,0
2026-09-28T13:32:17,/works/W2106162438,singleton,0,0
2026-09-28T13:32:17,/works/W2014852095,singleton,0,0
2026-09-28T13:32:17,/works/W2078880305,singleton,0,0
2026-09-28T13:32:17,/works/W1890719322,singleton,0,0
2026-09-28T13:32:17,/works/W2157886839,singleton,0,0
2026-09-28T13:32:17,/works/W173599132,singleton,0,0
2026-09-28T13:32:17,/works/W2098335934,singleton,0,0
2026-09-28T13:32:17,/works/W157938230,singleton,0,0
2026-09-28T13:32:17,/works/W2322662741,singleton,0,0
2026-09-28T13:32:18,/works/W2028310254,singleton,0,0
2026-09-28T13:32:18,/works/W2479079720,singleton,0,0
2026-09-28T13:32:18,/works/W173599132,singleton,0,0
2026-09-28T13:32:18,/works/W2043435039,singleton,0,0
2026-09-28T13:32:18,/works/W2039765047,singleton,0,0
2026-09-28T13:32:18,/works/W2014852095,singleton,0,0
2026-09-28T13:32:18,/works/W633127476,singleton,0,0
2026-09-28T13:32:18,/works/W2098335934,singleton,0,0
2026-09-28T13:32:19,/works/W2044464220,singleton,0,0
2026-09-28T13:32:19,/works/W2144631050,singleton,0,0
2026-09-28T13:32:19,/works/W2322662741,singleton,0,0
2026-09-28T13:32:19,/works/W2156173510,singleton,0,0
2026-09-28T13:32:19,/works/W2039765047,singleton,0,0
2026-09-28T13:32:19,/works/W173599132,singleton,0,0
2026-09-28T13:32:19,/works/W2028310254,singleton,0,0
2026-09-28T13:32:19,/works/W2134650838,singleton,0,0
2026-09-28T13:32:20,/works/W2031322195,singleton,0,0
2026-09-28T13:32:20,/works/W2112135091,singleton,0,0
2026-09-28T13:32:20,/works/W2126031808,singleton,0,0
2026-09-28T13:32:20,/works/W633127476,singleton,0,0
2026-09-28T13:32:20,/works/W2043435039,singleton,0,0
2026-09-28T13:32:20,/works/W2144631050,singleton,0,0
2026-09-28T13:32:20,/works/W2322662741,singleton,0,0
2026-09-28T13:32:20,/works/W2401611970,singleton,0,0
2026-09-28T13:32:20,/works/W2167937255,singleton,0,0
2026-09-28T13:32:20,/works/W1976833166,singleton,0,0
2026-09-28T13:32:20,/works/W2118975865,singleton,0,0
2026-09-28T13:32:20,/works/W2042227486,singleton,0,0
2026-09-28T13:32:20,/works/W2112135091,singleton,0,0
2026-09-28T13:32:20,/works/W97599079,singleton,0,0
2026-09-28T13:32:20,/works/W1975686647,singleton,0,0
2026-09-28T13:32:20,/works/W2185853700,singleton,0,0
2026-09-28T13:32:20,/works/W1966151339,singleton,0,0
2026-09-28T13:32:21,/works/W2126031808,singleton,0,0
2026-09-28T13:32:21,/works/W2138790126,singleton,0,0
2026-09-28T13:32:21,/works/W2167937255,singleton,0,0
2026-09-28T13:32:21,/works/W2134650838,singleton,0,0
2026-09-28T13:32:21,/works/W2397437661,singleton,0,0
2026-09-28T13:32:21,/works/W2154540926,singleton,0,0
2026-09-28T13:32:21,/works/W2112135091,singleton,0,0
2026-09-28T13:32:22,/works/W1966151339,singleton,0,0
2026-09-28T13:32:22,/works/W2168044488,singleton,0,0
2026-09-28T13:32:22,/works/W1975686647,singleton,0,0
2026-09-28T13:32:22,/works/W2397437661,singleton,0,0
2026-09-28T13:32:22,/works/W2167937255,singleton,0,0
2026-09-28T13:32:22,/works/W2138790126,singleton,0,0
2026-09-28T13:32:22,/works/W2185853700,singleton,0,0
2026-09-28T13:32:22,/works/W1968001601,singleton,0,0
2026-09-28T13:32:22,/works/W2089567910,singleton,0,0
2026-09-28T13:32:22,/works/W2090633251,singleton,0,0
2026-09-28T13:32:22,/works/W2051593005,singleton,0,0
2026-09-28T13:32:23,/works/W339617186,singleton,0,0
2026-09-28T13:32:23,/works/W2107024614,singleton,0,0
2026-09-28T13:32:23,/works/doi:10.1007/s11606-012-2305-0,singleton,0,0
2026-09-28T13:32:23,/works/W2167937255,singleton,0,0
2026-09-28T13:32:23,/works/W1966151339,singleton,0,0
2026-09-28T13:32:23,/works/W2060181030,singleton,0,0
2026-09-28T13:32:23,/works/W2185853700,singleton,0,0
2026-09-28T13:32:23,/works/W2112135091,singleton,0,0
2026-09-28T13:32:23,/works/W2145828689,singleton,0,0
2026-09-28T13:32:23,/works/W2095453570,singleton,0,0
2026-09-28T13:32:23,/works/W2321547244,singleton,0,0
2026-09-28T13:32:24,/works/W2051593005,singleton,0,0
2026-09-28T13:32:24,/works/W2156019130,singleton,0,0
2026-09-28T13:32:24,/works/W2073554634,singleton,0,0
2026-09-28T13:32:24,/works/W2145170092,singleton,0,0
2026-09-28T13:32:24,/works/W2138790126,singleton,0,0
2026-09-28T13:32:24,/works/W1966151339,singleton,0,0
2026-09-28T13:32:24,/works/doi:10.1007/s11606-012-2305-0,singleton,0,0
2026-09-28T13:32:24,/works/W2080883927,singleton,0,0
2026-09-28T13:32:24,/works/W2155692607,singleton,0,0
2026-09-28T13:32:24,/works/W1978501440,singleton,0,0
2026-09-28T13:32:24,/works/W1978125637,singleton,0,0
2026-09-28T13:32:25,/works/W2155692607,singleton,0,0
2026-09-28T13:32:25,/works/W2145828689,singleton,0,0
2026-09-28T13:32:25,/works/W1966151339,singleton,0,0
2026-09-28T13:32:25,/works/doi:10.1007/s11606-012-2305-0,singleton,0,0
2026-09-28T13:32:25,/works/W2080883927,singleton,0,0
2026-09-28T13:32:25,/works/W2156019130,singleton,0,0
2026-09-28T13:32:25,/works/W2145170092,singleton,0,0
2026-09-28T13:32:25,/works/W2106296414,singleton,0,0
2026-09-28T13:32:25,/works/W2078085730,singleton,0,0
2026-09-28T13:32:25,/works/W2047156273,singleton,0,0
2026-09-28T13:32:25,/works/W2071195470,singleton,0,0
2026-09-28T13:32:25,/works/W162332175,singleton,0,0
2026-09-28T13:32:26,/works/W2589123,singleton,0,0
2026-09-28T13:32:26,/works/W2326758359,singleton,0,0
2026-09-28T13:32:26,/works/W1978125637,singleton,0,0
2026-09-28T13:32:26,/works/W1991441786,singleton,0,0
2026-09-28T13:32:26,/works/W2145170092,singleton,0,0
2026-09-28T13:32:26,/works/W2154814798,singleton,0,0
2026-09-28T13:32:26,/works/W1966151339,singleton,0,0
2026-09-28T13:32:27,/works/W2078085730,singleton,0,0
2026-09-28T13:32:27,/works/W2047156273,singleton,0,0
2026-09-28T13:32:27,/works/W162332175,singleton,0,0
2026-09-28T13:32:27,/works/W1978125637,singleton,0,0
2026-09-28T13:32:27,/works/W1966151339,singleton,0,0
2026-09-28T13:32:28,/works/W162332175,singleton,0,0
2026-09-28T13:32:29,/works/W2047156273,singleton,0,0
2026-09-28T13:32:45,/works/W166940346,singleton,0,0
2026-09-28T13:32:45,/works/W2097118860,singleton,0,0
2026-09-28T13:32:45,/works/W2148387957,singleton,0,0
2026-09-28T13:32:45,/works/W2146102642,singleton,0,0
2026-09-28T13:32:45,/works/W2088209062,singleton,0,0
2026-09-28T13:32:45,/works/W2494000283,singleton,0,0
2026-09-28T13:32:45,/works/W2151334199,singleton,0,0
2026-09-28T13:32:45,/works/W1999971484,singleton,0,0
2026-09-28T13:32:46,/works/W2104422209,singleton,0,0
2026-09-28T13:32:46,/works/W166940346,singleton,0,0
2026-09-28T13:32:46,/works/W2097118860,singleton,0,0
2026-09-28T13:32:46,/works/W2151334199,singleton,0,0
2026-09-28T13:32:46,/works/W2146102642,singleton,0,0
2026-09-28T13:32:46,/works/W2148387957,singleton,0,0
2026-09-28T13:32:46,/works/W2082062744,singleton,0,0
2026-09-28T13:32:46,/works/W2494000283,singleton,0,0
2026-09-28T13:32:46,/works/W2034354646,singleton,0,0
2026-09-28T13:32:46,/works/W2043102924,singleton,0,0
2026-09-28T13:32:46,/works/W2088209062,singleton,0,0
2026-09-28T13:32:46,/works/W2151372451,singleton,0,0
2026-09-28T13:32:47,/works/W2066745538,singleton,0,0
2026-09-28T13:32:47,/works/W2148387957,singleton,0,0
2026-09-28T13:32:47,/works/W2082062744,singleton,0,0
2026-09-28T13:32:47,/works/W2156591001,singleton,0,0
2026-09-28T13:32:47,/works/W2136238415,singleton,0,0
2026-09-28T13:32:47,/works/W2494000283,singleton,0,0
2026-09-28T13:32:47,/works/W2048739506,singleton,0,0
2026-09-28T13:32:47,/works/W2153538492,singleton,0,0
2026-09-28T13:32:47,/works/W2159255279,singleton,0,0
2026-09-28T13:32:47,/works/W2146102642,singleton,0,0
2026-09-28T13:32:47,/works/W2097118860,singleton,0,0
2026-09-28T13:32:47,/works/W2147637673,singleton,0,0
2026-09-28T13:32:47,/works/W2148304448,singleton,0,0
2026-09-28T13:32:47,/works/W2170196186,singleton,0,0
2026-09-28T13:32:48,/works/W2319405466,singleton,0,0
2026-09-28T13:32:48,/works/W2020365701,singleton,0,0
2026-09-28T13:32:48,/works/W2164337734,singleton,0,0
2026-09-28T13:32:48,/works/W2156591001,singleton,0,0
2026-09-28T13:32:48,/works/W2136238415,singleton,0,0
2026-09-28T13:32:48,/works/W2021424753,singleton,0,0
2026-09-28T13:32:48,/works/W2034189943,singleton,0,0
2026-09-28T13:32:48,/works/W1979346590,singleton,0,0
2026-09-28T13:32:48,/works/W2154026962,singleton,0,0
2026-09-28T13:32:48,/works/W10941573,singleton,0,0
2026-09-28T13:32:48,/works/W2494000283,singleton,0,0
2026-09-28T13:32:49,/works/W2153538492,singleton,0,0
2026-09-28T13:32:49,/works/W2328078941,singleton,0,0
2026-09-28T13:32:49,/works/W2058137427,singleton,0,0
2026-09-28T13:32:49,/works/W2102813808,singleton,0,0
2026-09-28T13:32:49,/works/W2156591001,singleton,0,0
2026-09-28T13:32:49,/works/W2170196186,singleton,0,0
2026-09-28T13:32:49,/works/W2034189943,singleton,0,0
2026-09-28T13:32:49,/works/W2126218947,singleton,0,0
2026-09-28T13:32:49,/works/W2021424753,singleton,0,0
2026-09-28T13:32:49,/works/W2159633664,singleton,0,0
2026-09-28T13:32:49,/works/W10941573,singleton,0,0
2026-09-28T13:32:50,/works/W2072721942,singleton,0,0
2026-09-28T13:32:50,/works/W2115699469,singleton,0,0
2026-09-28T13:32:50,/works/W2016271868,singleton,0,0
2026-09-28T13:32:50,/works/W1581999075,singleton,0,0
2026-09-28T13:32:50,/works/W2170196186,singleton,0,0
2026-09-28T13:32:50,/works/W2102813808,singleton,0,0
2026-09-28T13:32:50,/works/W2328078941,singleton,0,0
2026-09-28T13:32:50,/works/W2097988818,singleton,0,0
2026-09-28T13:32:50,/works/W2090110425,singleton,0,0
2026-09-28T13:32:50,/works/W2146725828,singleton,0,0
2026-09-28T13:32:51,/works/W2016271868,singleton,0,0
2026-09-28T13:32:51,/works/W2159633664,singleton,0,0
2026-09-28T13:32:51,/works/W1874706513,singleton,0,0
2026-09-28T13:32:51,/works/W2100318643,singleton,0,0
2026-09-28T13:32:51,/works/W626513392,singleton,0,0
2026-09-28T13:32:51,/works/W1956424001,singleton,0,0
2026-09-28T13:32:51,/works/W2021424753,singleton,0,0
2026-09-28T13:32:51,/works/W1585545599,singleton,0,0
2026-09-28T13:32:51,/works/W2170196186,singleton,0,0
2026-09-28T13:32:51,/works/W1581999075,singleton,0,0
2026-09-28T13:32:51,/works/W1973961687,singleton,0,0
2026-09-28T13:32:51,/works/W2063053479,singleton,0,0
2026-09-28T13:32:51,/works/W2294150040,singleton,0,0
2026-09-28T13:32:52,/works/W2081987342,singleton,0,0
2026-09-28T13:32:52,/works/W2156924827,singleton,0,0
2026-09-28T13:32:52,/works/W626513392,singleton,0,0
2026-09-28T13:32:52,/works/W2150905091,singleton,0,0
2026-09-28T13:32:52,/works/W2100318643,singleton,0,0
2026-09-28T13:32:52,/works/W1956424001,singleton,0,0
2026-09-28T13:32:52,/works/W2273661426,singleton,0,0
2026-09-28T13:32:52,/works/W2146725828,singleton,0,0
2026-09-28T13:32:52,/works/W69199373,singleton,0,0
2026-09-28T13:32:52,/works/W2170196186,singleton,0,0
2026-09-28T13:32:52,/works/W2081987342,singleton,0,0
2026-09-28T13:32:52,/works/W2133546413,singleton,0,0
2026-09-28T13:32:53,/works/W2095109824,singleton,0,0
2026-09-28T13:32:53,/works/W1552780267,singleton,0,0
2026-09-28T13:32:53,/works/W2011312755,singleton,0,0
2026-09-28T13:32:53,/works/W1956424001,singleton,0,0
2026-09-28T13:32:53,/works/W2170196186,singleton,0,0
2026-09-28T13:32:53,/works/W2100318643,singleton,0,0
2026-09-28T13:32:53,/works/W2273661426,singleton,0,0
2026-09-28T13:32:53,/works/W2069077281,singleton,0,0
2026-09-28T13:32:53,/works/W1969882260,singleton,0,0
2026-09-28T13:32:53,/works/W626513392,singleton,0,0
2026-09-28T13:32:54,/works/W2092931380,singleton,0,0
2026-09-28T13:32:54,/works/W1956424001,singleton,0,0
2026-09-28T13:32:54,/works/W1582426372,singleton,0,0
2026-09-28T13:32:54,/works/W2133546413,singleton,0,0
2026-09-28T13:32:54,/works/W1985197139,singleton,0,0
2026-09-28T13:32:54,/works/W2170196186,singleton,0,0
2026-09-28T13:32:54,/works/W2100318643,singleton,0,0
2026-09-28T13:32:54,/works/W2273661426,singleton,0,0
2026-09-28T13:32:55,/works/W3021588947,singleton,0,0
2026-09-28T13:32:55,/works/W2069077281,singleton,0,0
2026-09-28T13:32:55,/works/W2013700627,singleton,0,0
2026-09-28T13:32:55,/works/W1985197139,singleton,0,0
2026-09-28T13:32:55,/works/W2273661426,singleton,0,0
2026-09-28T13:32:55,/works/W2100318643,singleton,0,0
2026-09-28T13:32:55,/works/W2133546413,singleton,0,0
2026-09-28T13:32:55,/works/W1991402127,singleton,0,0
2026-09-28T13:32:55,/works/W1956424001,singleton,0,0
2026-09-28T13:32:55,/works/W2169499889,singleton,0,0
2026-09-28T13:32:55,/works/W1582426372,singleton,0,0
2026-09-28T13:32:55,/works/W2069077281,singleton,0,0
2026-09-28T13:32:56,/works/W2132944857,singleton,0,0
2026-09-28T13:32:56,/works/W2336766392,singleton,0,0
2026-09-28T13:32:56,/works/W2030030445,singleton,0,0
2026-09-28T13:32:56,/works/W2273661426,singleton,0,0
2026-09-28T13:32:56,/works/W1991402127,singleton,0,0
2026-09-28T13:32:56,/works/W2162155295,singleton,0,0
2026-09-28T13:32:56,/works/W2132944857,singleton,0,0
2026-09-28T13:32:56,/works/W2069077281,singleton,0,0
2026-09-28T13:32:56,/works/W2013700627,singleton,0,0
2026-09-28T13:32:56,/works/W2011127935,singleton,0,0
2026-09-28T13:32:56,/works/W2061099728,singleton,0,0
2026-09-28T13:32:57,/works/W2133546413,singleton,0,0
2026-09-28T13:32:57,/works/W2336766392,singleton,0,0
2026-09-28T13:32:57,/works/W2069077281,singleton,0,0
2026-09-28T13:32:57,/works/W2011127935,singleton,0,0
2026-09-28T13:32:57,/works/W2127142292,singleton,0,0
2026-09-28T13:32:58,/works/W2133546413,singleton,0,0
2026-09-28T13:32:58,/works/W2273661426,singleton,0,0
2026-09-28T13:32:58,/works/W2132944857,singleton,0,0
2026-09-28T13:32:58,/works/W2013700627,singleton,0,0
2026-09-28T13:32:58,/works/W2061099728,singleton,0,0
2026-09-28T13:32:58,/works/W2051947381,singleton,0,0
2026-09-28T13:32:58,/works/W2069077281,singleton,0,0
2026-09-28T13:32:58,/works/W2067153677,singleton,0,0
2026-09-28T13:32:58,/works/W2058517273,singleton,0,0
2026-09-28T13:32:58,/works/W2107345185,singleton,0,0
2026-09-28T13:32:58,/works/W2011127935,singleton,0,0
2026-09-28T13:32:59,/works/W2133546413,singleton,0,0
2026-09-28T13:32:59,/works/W2127142292,singleton,0,0
2026-09-28T13:32:59,/works/W2051947381,singleton,0,0
2026-09-28T13:32:59,/works/W2061099728,singleton,0,0
2026-09-28T13:32:59,/works/W2058517273,singleton,0,0
2026-09-28T13:32:59,/works/W2011127935,singleton,0,0
2026-09-28T13:33:00,/works/W2013700627,singleton,0,0
2026-09-28T13:33:00,/works/W2127142292,singleton,0,0
2026-09-28T13:33:00,/works/W2051947381,singleton,0,0
2026-09-28T13:33:00,/works/W2061099728,singleton,0,0
2026-09-28T13:33:00,/works/W2058517273,singleton,0,0
2026-09-28T13:33:00,/works/W2107345185,singleton,0,0
2026-09-28T13:33:01,/works/W2011127935,singleton,0,0
2026-09-28T13:33:01,/works/W2061099728,singleton,0,0
2026-09-28T13:33:02,/works/W2058517273,singleton,0,0
2026-09-28T13:35:52,/works/W1998585600,singleton,0,0
2026-09-28T13:35:52,/works/W2152861015,singleton,0,0
2026-09-28T13:35:52,/works/W2046985828,singleton,0,0
2026-09-28T13:35:52,/works/W2010689964,singleton,0,0
2026-09-28T13:35:52,/works/W2136005864,singleton,0,0
2026-09-28T13:35:52,/works/W1989871816,singleton,0,0
2026-09-28T13:35:52,/works/W2161804549,singleton,0,0
2026-09-28T13:35:53,/works/W2063348360,singleton,0,0
2026-09-28T13:35:53,/works/W1559947899,singleton,0,0
2026-09-28T13:35:53,/works/W1989871816,singleton,0,0
2026-09-28T13:35:53,/works/W2046985828,singleton,0,0
2026-09-28T13:35:54,/works/W2010689964,singleton,0,0
2026-09-28T13:35:54,/works/W2124304306,singleton,0,0
2026-09-28T13:35:54,/works/W1998585600,singleton,0,0
2026-09-28T13:35:54,/works/W2161804549,singleton,0,0
2026-09-28T13:35:54,/works/W2064642184,singleton,0,0
2026-09-28T13:35:54,/works/W1559947899,singleton,0,0
2026-09-28T13:35:54,/works/W2152861015,singleton,0,0
2026-09-28T13:35:54,/works/W2136005864,singleton,0,0
2026-09-28T13:35:54,/works/W2038021204,singleton,0,0
2026-09-28T13:35:54,/works/W1976179852,singleton,0,0
2026-09-28T13:35:55,/works/W2046985828,singleton,0,0
2026-09-28T13:35:55,/works/W1998585600,singleton,0,0
2026-09-28T13:35:55,/works/W1559947899,singleton,0,0
2026-09-28T13:35:55,/works/W2124304306,singleton,0,0
2026-09-28T13:35:55,/works/W2161804549,singleton,0,0
2026-09-28T13:35:55,/works/W2064642184,singleton,0,0
2026-09-28T13:35:55,/works/W2038022401,singleton,0,0
2026-09-28T13:35:56,/works/W1504447425,singleton,0,0
2026-09-28T13:35:56,/works/W2038021204,singleton,0,0
2026-09-28T13:35:56,/works/W2123999299,singleton,0,0
2026-09-28T13:35:56,/works/W2133160323,singleton,0,0
2026-09-28T13:35:56,/works/W1976179852,singleton,0,0
2026-09-28T13:35:56,/works/W2046985828,singleton,0,0
2026-09-28T13:35:56,/works/W2161804549,singleton,0,0
2026-09-28T13:35:56,/works/W2080049491,singleton,0,0
2026-09-28T13:35:57,/works/W2038022401,singleton,0,0
2026-09-28T13:35:57,/works/W2064642184,singleton,0,0
2026-09-28T13:35:57,/works/W1976179852,singleton,0,0
2026-09-28T13:35:57,/works/W1998585600,singleton,0,0
2026-09-28T13:35:57,/works/W1981267357,singleton,0,0
2026-09-28T13:35:57,/works/W2164824722,singleton,0,0
2026-09-28T13:35:57,/works/W2161804549,singleton,0,0
2026-09-28T13:35:57,/works/W1973825628,singleton,0,0
2026-09-28T13:35:57,/works/W2080049491,singleton,0,0
2026-09-28T13:35:57,/works/W2038815161,singleton,0,0
2026-09-28T13:35:58,/works/W2038022401,singleton,0,0
2026-09-28T13:35:58,/works/W2123999299,singleton,0,0
2026-09-28T13:35:58,/works/W2133160323,singleton,0,0
2026-09-28T13:35:58,/works/W2056583425,singleton,0,0
2026-09-28T13:35:58,/works/W1984047596,singleton,0,0
2026-09-28T13:35:58,/works/W2080049491,singleton,0,0
2026-09-28T13:35:58,/works/W2038815161,singleton,0,0
2026-09-28T13:35:58,/works/W2139830685,singleton,0,0
2026-09-28T13:35:58,/works/W2161804549,singleton,0,0
2026-09-28T13:35:58,/works/W1981267357,singleton,0,0
2026-09-28T13:35:58,/works/W2164824722,singleton,0,0
2026-09-28T13:35:59,/works/W2144356243,singleton,0,0
2026-09-28T13:35:59,/works/W25569008,singleton,0,0
2026-09-28T13:35:59,/works/W2055817471,singleton,0,0
2026-09-28T13:35:59,/works/W2148771847,singleton,0,0
2026-09-28T13:35:59,/works/W1984047596,singleton,0,0
2026-09-28T13:35:59,/works/W2065262216,singleton,0,0
2026-09-28T13:35:59,/works/W2056583425,singleton,0,0
2026-09-28T13:35:59,/works/W2161804549,singleton,0,0
2026-09-28T13:35:59,/works/W2001567522,singleton,0,0
2026-09-28T13:35:59,/works/W2123999299,singleton,0,0
2026-09-28T13:35:59,/works/W2005056387,singleton,0,0
2026-09-28T13:35:59,/works/W2081950226,singleton,0,0
2026-09-28T13:36:00,/works/W2339894953,singleton,0,0
2026-09-28T13:36:00,/works/W25569008,singleton,0,0
2026-09-28T13:36:00,/works/W2139830685,singleton,0,0
2026-09-28T13:36:00,/works/W2148771847,singleton,0,0
2026-09-28T13:36:00,/works/doi:10.1055/s-0030-1255756,singleton,0,0
2026-09-28T13:36:00,/works/W2065262216,singleton,0,0
2026-09-28T13:36:00,/works/W2001567522,singleton,0,0
2026-09-28T13:36:00,/works/W2397087735,singleton,0,0
2026-09-28T13:36:00,/works/W2068604823,singleton,0,0
2026-09-28T13:36:00,/works/W2056815832,singleton,0,0
2026-09-28T13:36:01,/works/W2111665314,singleton,0,0
2026-09-28T13:36:01,/works/W2139830685,singleton,0,0
2026-09-28T13:36:01,/works/W2045272315,singleton,0,0
2026-09-28T13:36:01,/works/W2081950226,singleton,0,0
2026-09-28T13:36:01,/works/W2005056387,singleton,0,0
2026-09-28T13:36:01,/works/W2339894953,singleton,0,0
2026-09-28T13:36:02,/works/W2060506909,singleton,0,0
2026-09-28T13:36:02,/works/W2045272315,singleton,0,0
2026-09-28T13:36:02,/works/W2001567522,singleton,0,0
2026-09-28T13:36:02,/works/W2397087735,singleton,0,0
2026-09-28T13:36:02,/works/W1974702911,singleton,0,0
2026-09-28T13:36:02,/works/W2050632938,singleton,0,0
2026-09-28T13:36:02,/works/W2139830685,singleton,0,0
2026-09-28T13:36:02,/works/W2111665314,singleton,0,0
2026-09-28T13:36:02,/works/W2081950226,singleton,0,0
2026-09-28T13:36:03,/works/W2136533272,singleton,0,0
2026-09-28T13:36:03,/works/W2397087735,singleton,0,0
2026-09-28T13:36:03,/works/W1550806537,singleton,0,0
2026-09-28T13:36:03,/works/W2050632938,singleton,0,0
2026-09-28T13:36:03,/works/W1974702911,singleton,0,0
2026-09-28T13:36:03,/works/W2001567522,singleton,0,0
2026-09-28T13:36:03,/works/W1930890962,singleton,0,0
2026-09-28T13:36:03,/works/W2074433061,singleton,0,0
2026-09-28T13:36:03,/works/W218389391,singleton,0,0
2026-09-28T13:36:03,/works/W2031444508,singleton,0,0
2026-09-28T13:36:03,/works/W2081950226,singleton,0,0
2026-09-28T13:36:03,/works/W2047054568,singleton,0,0
2026-09-28T13:36:04,/works/W2312232401,singleton,0,0
2026-09-28T13:36:04,/works/W2339894953,singleton,0,0
2026-09-28T13:36:04,/works/W2397087735,singleton,0,0
2026-09-28T13:36:04,/works/W1989663915,singleton,0,0
2026-09-28T13:36:04,/works/W1550806537,singleton,0,0
2026-09-28T13:36:04,/works/W2050632938,singleton,0,0
2026-09-28T13:36:04,/works/W2168679747,singleton,0,0
2026-09-28T13:36:05,/works/W2113433089,singleton,0,0
2026-09-28T13:36:05,/works/W2047054568,singleton,0,0
2026-09-28T13:36:05,/works/W2312232401,singleton,0,0
2026-09-28T13:36:05,/works/W2074433061,singleton,0,0
2026-09-28T13:36:05,/works/W2131697079,singleton,0,0
2026-09-28T13:36:05,/works/W2081950226,singleton,0,0
2026-09-28T13:36:05,/works/W2314956163,singleton,0,0
2026-09-28T13:36:05,/works/W2041980652,singleton,0,0
2026-09-28T13:36:05,/works/W2030324478,singleton,0,0
2026-09-28T13:36:05,/works/W2050632938,singleton,0,0
2026-09-28T13:36:05,/works/W2146082292,singleton,0,0
2026-09-28T13:36:05,/works/W2150939924,singleton,0,0
2026-09-28T13:36:05,/works/W2076019941,singleton,0,0
2026-09-28T13:36:06,/works/W1998035708,singleton,0,0
2026-09-28T13:36:06,/works/W1994852680,singleton,0,0
2026-09-28T13:36:06,/works/W2320205410,singleton,0,0
2026-09-28T13:36:06,/works/W1979738565,singleton,0,0
2026-09-28T13:36:06,/works/W2168679747,singleton,0,0
2026-09-28T13:36:06,/works/W2314956163,singleton,0,0
2026-09-28T13:36:06,/works/W2013316062,singleton,0,0
2026-09-28T13:36:06,/works/W2312232401,singleton,0,0
2026-09-28T13:36:06,/works/W2069856282,singleton,0,0
2026-09-28T13:36:06,/works/W155100660,singleton,0,0
2026-09-28T13:36:06,/works/W2061145386,singleton,0,0
2026-09-28T13:36:06,/works/W2050632938,singleton,0,0
2026-09-28T13:36:06,/works/W2030324478,singleton,0,0
2026-09-28T13:36:06,/works/doi:10.1055/s-2008-1077409,singleton,0,0
2026-09-28T13:36:06,/works/W1541985736,singleton,0,0
2026-09-28T13:36:06,/works/W2015543609,singleton,0,0
2026-09-28T13:36:07,/works/W2043318271,singleton,0,0
2026-09-28T13:36:07,/works/W2004778321,singleton,0,0
2026-09-28T13:36:07,/works/W2032529262,singleton,0,0
2026-09-28T13:36:07,/works/W2108361713,singleton,0,0
2026-09-28T13:36:07,/works/W2019671142,singleton,0,0
2026-09-28T13:36:07,/works/W2094289206,singleton,0,0
2026-09-28T13:36:07,/works/W2061145386,singleton,0,0
2026-09-28T13:36:07,/works/W2153770757,singleton,0,0
2026-09-28T13:36:07,/works/W155100660,singleton,0,0
2026-09-28T13:36:07,/works/W1996752405,singleton,0,0
2026-09-28T13:36:07,/works/W2328332863,singleton,0,0
2026-09-28T13:36:07,/works/W2421696112,singleton,0,0
2026-09-28T13:36:07,/works/doi:10.1055/s-0029-1215229,singleton,0,0
2026-09-28T13:36:07,/works/W2312232401,singleton,0,0
2026-09-28T13:36:07,/works/W1897975309,singleton,0,0
2026-09-28T13:36:08,/works/W2048165639,singleton,0,0
2026-09-28T13:36:08,/works/W2013844278,singleton,0,0
2026-09-28T13:36:08,/works/W2186459428,singleton,0,0
2026-09-28T13:36:08,/works/W315371289,singleton,0,0
2026-09-28T13:36:08,/works/W2076096959,singleton,0,0
2026-09-28T13:36:08,/works/W2061249990,singleton,0,0
2026-09-28T13:36:08,/works/W2043318271,singleton,0,0
2026-09-28T13:36:08,/works/W1967489858,singleton,0,0
2026-09-28T13:36:08,/works/W1581972708,singleton,0,0
2026-09-28T13:36:08,/works/W2088608473,singleton,0,0
2026-09-28T13:36:08,/works/W2052289306,singleton,0,0
2026-09-28T13:36:08,/works/W2182306309,singleton,0,0
2026-09-28T13:36:09,/works/W2920614402,singleton,0,0
2026-09-28T13:36:09,/works/W1581972708,singleton,0,0
2026-09-28T13:36:09,/works/W2328993535,singleton,0,0
2026-09-28T13:36:09,/works/W2421696112,singleton,0,0
2026-09-28T13:36:09,/works/W315371289,singleton,0,0
2026-09-28T13:36:09,/works/W2076096959,singleton,0,0
2026-09-28T13:36:09,/works/W2066626862,singleton,0,0
2026-09-28T13:36:09,/works/W1996234106,singleton,0,0
2026-09-28T13:36:09,/works/W2167276910,singleton,0,0
2026-09-28T13:36:09,/works/W2070188218,singleton,0,0
2026-09-28T13:36:09,/works/W2061249990,singleton,0,0
2026-09-28T13:36:09,/works/W2121116307,singleton,0,0
2026-09-28T13:36:09,/works/W2400603394,singleton,0,0
2026-09-28T13:36:10,/works/W2007090689,singleton,0,0
2026-09-28T13:36:10,/works/W2088608473,singleton,0,0
2026-09-28T13:36:10,/works/W1581972708,singleton,0,0
2026-09-28T13:36:44,/works/W2156505785,singleton,0,0
2026-09-28T13:36:44,/works/W2039989766,singleton,0,0
2026-09-28T13:36:44,/works/W2072681305,singleton,0,0
2026-09-28T13:36:44,/works/W2131274241,singleton,0,0
2026-09-28T13:36:44,/works/W2059454109,singleton,0,0
2026-09-28T13:36:44,/works/W402217934,singleton,0,0
2026-09-28T13:36:44,/works/W183392456,singleton,0,0
2026-09-28T13:36:44,/works/W2130508139,singleton,0,0
2026-09-28T13:36:44,/works/W2131529073,singleton,0,0
2026-09-28T13:36:45,/works/W2039989766,singleton,0,0
2026-09-28T13:36:45,/works/W2059454109,singleton,0,0
2026-09-28T13:36:45,/works/W2072681305,singleton,0,0
2026-09-28T13:36:45,/works/W2131274241,singleton,0,0
2026-09-28T13:36:45,/works/W1986784048,singleton,0,0
2026-09-28T13:36:45,/works/W402217934,singleton,0,0
2026-09-28T13:36:45,/works/W1598829184,singleton,0,0
2026-09-28T13:36:45,/works/W183392456,singleton,0,0
2026-09-28T13:36:45,/works/W2009002181,singleton,0,0
2026-09-28T13:36:45,/works/W2156505785,singleton,0,0
2026-09-28T13:36:45,/works/W2186489391,singleton,0,0
2026-09-28T13:36:46,/works/W2023617433,singleton,0,0
2026-09-28T13:36:46,/works/W2039989766,singleton,0,0
2026-09-28T13:36:46,/works/W2131529073,singleton,0,0
2026-09-28T13:36:46,/works/W1986784048,singleton,0,0
2026-09-28T13:36:46,/works/W1598829184,singleton,0,0
2026-09-28T13:36:46,/works/W2122699146,singleton,0,0
2026-09-28T13:36:46,/works/W2039989766,singleton,0,0
2026-09-28T13:36:46,/works/W2131529073,singleton,0,0
2026-09-28T13:36:47,/works/W2023617433,singleton,0,0
2026-09-28T13:36:47,/works/W2186489391,singleton,0,0
2026-09-28T13:36:47,/works/W2156505785,singleton,0,0
2026-09-28T13:36:47,/works/W2156232359,singleton,0,0
2026-09-28T13:36:47,/works/W2009002181,singleton,0,0
2026-09-28T13:36:47,/works/W1986784048,singleton,0,0
2026-09-28T13:36:47,/works/W2323471131,singleton,0,0
2026-09-28T13:36:48,/works/W2062245358,singleton,0,0
2026-09-28T13:36:48,/works/W2131529073,singleton,0,0
2026-09-28T13:36:48,/works/W2039989766,singleton,0,0
2026-09-28T13:36:48,/works/W2122699146,singleton,0,0
2026-09-28T13:36:48,/works/W2145070272,singleton,0,0
2026-09-28T13:36:48,/works/W2087554713,singleton,0,0
2026-09-28T13:36:48,/works/W2186489391,singleton,0,0
2026-09-28T13:36:48,/works/W2080926947,singleton,0,0
2026-09-28T13:36:48,/works/W2405262471,singleton,0,0
2026-09-28T13:36:48,/works/W2156232359,singleton,0,0
2026-09-28T13:36:49,/works/W2082671912,singleton,0,0
2026-09-28T13:36:49,/works/W2323471131,singleton,0,0
2026-09-28T13:36:49,/works/W2156505785,singleton,0,0
2026-09-28T13:36:49,/works/W1554552143,singleton,0,0
2026-09-28T13:36:49,/works/W2039989766,singleton,0,0
2026-09-28T13:36:49,/works/W2031562430,singleton,0,0
2026-09-28T13:36:49,/works/W2041197352,singleton,0,0
2026-09-28T13:36:49,/works/W2186489391,singleton,0,0
2026-09-28T13:36:49,/works/W2080926947,singleton,0,0
2026-09-28T13:36:49,/works/W2077030351,singleton,0,0
2026-09-28T13:36:49,/works/W2156232359,singleton,0,0
2026-09-28T13:36:50,/works/W2327115795,singleton,0,0
2026-09-28T13:36:50,/works/W2594955664,singleton,0,0
2026-09-28T13:36:50,/works/W2323471131,singleton,0,0
2026-09-28T13:36:50,/works/W162936895,singleton,0,0
2026-09-28T13:36:50,/works/W2082671912,singleton,0,0
2026-09-28T13:36:50,/works/W2080926947,singleton,0,0
2026-09-28T13:36:50,/works/W2186489391,singleton,0,0
2026-09-28T13:36:51,/works/W2594955664,singleton,0,0
2026-09-28T13:36:51,/works/W2156232359,singleton,0,0
2026-09-28T13:36:51,/works/W1991384164,singleton,0,0
2026-09-28T13:36:51,/works/W162936895,singleton,0,0
2026-09-28T13:36:51,/works/W2164895217,singleton,0,0
2026-09-28T13:36:51,/works/W2496922145,singleton,0,0
2026-09-28T13:36:51,/works/W2323471131,singleton,0,0
2026-09-28T13:36:52,/works/W2594955664,singleton,0,0
2026-09-28T13:36:52,/works/W2082671912,singleton,0,0
2026-09-28T13:36:52,/works/W2080926947,singleton,0,0
2026-09-28T13:36:52,/works/W2025621544,singleton,0,0
2026-09-28T13:36:52,/works/W1997995735,singleton,0,0
2026-09-28T13:36:52,/works/W2323471131,singleton,0,0
2026-09-28T13:36:52,/works/W2164895217,singleton,0,0
2026-09-28T13:36:52,/works/W162936895,singleton,0,0
2026-09-28T13:36:53,/works/W1944079450,singleton,0,0
2026-09-28T13:36:53,/works/W2496922145,singleton,0,0
2026-09-28T13:36:53,/works/W2466050379,singleton,0,0
2026-09-28T13:36:53,/works/W2042977106,singleton,0,0
2026-09-28T13:36:53,/works/W2334126357,singleton,0,0
2026-09-28T13:36:53,/works/W1997995735,singleton,0,0
2026-09-28T13:36:53,/works/W2025621544,singleton,0,0
2026-09-28T13:36:53,/works/W2080926947,singleton,0,0
2026-09-28T13:36:53,/works/W2143682438,singleton,0,0
2026-09-28T13:36:54,/works/W2323471131,singleton,0,0
2026-09-28T13:36:54,/works/W2068894006,singleton,0,0
2026-09-28T13:36:54,/works/W2028599648,singleton,0,0
2026-09-28T13:36:54,/works/W2030827903,singleton,0,0
2026-09-28T13:36:54,/works/W2054001043,singleton,0,0
2026-09-28T13:36:54,/works/W2094402543,singleton,0,0
2026-09-28T13:36:54,/works/W162936895,singleton,0,0
2026-09-28T13:36:54,/works/W2053690190,singleton,0,0
2026-09-28T13:36:54,/works/W2031562430,singleton,0,0
2026-09-28T13:36:55,/works/W2317483043,singleton,0,0
2026-09-28T13:36:55,/works/W2143682438,singleton,0,0
2026-09-28T13:36:55,/works/W2320183408,singleton,0,0
2026-09-28T13:36:55,/works/W2188328501,singleton,0,0
2026-09-28T13:36:55,/works/W2025621544,singleton,0,0
2026-09-28T13:36:55,/works/W2334126357,singleton,0,0
2026-09-28T13:36:55,/works/W1989250664,singleton,0,0
2026-09-28T13:36:55,/works/W2094402543,singleton,0,0
2026-09-28T13:36:55,/works/W2053690190,singleton,0,0
2026-09-28T13:36:56,/works/W2320183408,singleton,0,0
2026-09-28T13:36:56,/works/W2030827903,singleton,0,0
2026-09-28T13:36:56,/works/W2143682438,singleton,0,0
2026-09-28T13:36:56,/works/W2022123127,singleton,0,0
2026-09-28T13:36:56,/works/W1979363142,singleton,0,0
2026-09-28T13:36:56,/works/W2316856128,singleton,0,0
2026-09-28T13:36:56,/works/W2183580308,singleton,0,0
2026-09-28T13:36:56,/works/W2025621544,singleton,0,0
2026-09-28T13:36:56,/works/W2890269455,singleton,0,0
2026-09-28T13:36:56,/works/W2188328501,singleton,0,0
2026-09-28T13:36:57,/works/W2146770382,singleton,0,0
2026-09-28T13:36:57,/works/W2143682438,singleton,0,0
2026-09-28T13:36:57,/works/W1989250664,singleton,0,0
2026-09-28T13:36:57,/works/W2030827903,singleton,0,0
2026-09-28T13:36:57,/works/W2022123127,singleton,0,0
2026-09-28T13:36:57,/works/W2333163865,singleton,0,0
2026-09-28T13:36:57,/works/W2096898081,singleton,0,0
2026-09-28T13:36:57,/works/W2025621544,singleton,0,0
2026-09-28T13:36:57,/works/W2023109677,singleton,0,0
2026-09-28T13:36:58,/works/W2323346589,singleton,0,0
2026-09-28T13:36:58,/works/W2188328501,singleton,0,0
2026-09-28T13:36:58,/works/W2183580308,singleton,0,0
2026-09-28T13:36:58,/works/W2333163865,singleton,0,0
2026-09-28T13:36:58,/works/W2111404035,singleton,0,0
2026-09-28T13:36:58,/works/W2087303729,singleton,0,0
2026-09-28T13:36:58,/works/W2143682438,singleton,0,0
2026-09-28T13:36:58,/works/W2025621544,singleton,0,0
2026-09-28T13:36:58,/works/W2023109677,singleton,0,0
2026-09-28T13:36:58,/works/W1964917709,singleton,0,0
2026-09-28T13:36:59,/works/W2183580308,singleton,0,0
2026-09-28T13:36:59,/works/W2146770382,singleton,0,0
2026-09-28T13:36:59,/works/W1971538312,singleton,0,0
2026-09-28T13:36:59,/works/W2111404035,singleton,0,0
2026-09-28T13:36:59,/works/W2025621544,singleton,0,0
2026-09-28T13:36:59,/works/W1964917709,singleton,0,0
2026-09-28T13:36:59,/works/W2087303729,singleton,0,0
2026-09-28T13:36:59,/works/W2098094997,singleton,0,0
2026-09-28T13:36:59,/works/W2023109677,singleton,0,0
2026-09-28T13:37:00,/works/W2490168081,singleton,0,0
2026-09-28T13:37:00,/works/W2333163865,singleton,0,0
2026-09-28T13:37:00,/works/W2070488878,singleton,0,0
2026-09-28T13:37:00,/works/W2111067371,singleton,0,0
2026-09-28T13:37:00,/works/W2064174311,singleton,0,0
2026-09-28T13:37:00,/works/W1964917709,singleton,0,0
2026-09-28T13:37:00,/works/W2183580308,singleton,0,0
2026-09-28T13:37:00,/works/W2471162452,singleton,0,0
2026-09-28T13:37:00,/works/W1971538312,singleton,0,0
2026-09-28T13:37:00,/works/W2025621544,singleton,0,0
2026-09-28T13:37:00,/works/W2008276251,singleton,0,0
2026-09-28T13:37:01,/works/W2098094997,singleton,0,0
2026-09-28T13:37:01,/works/W1964917709,singleton,0,0
2026-09-28T13:37:01,/works/W2064174311,singleton,0,0
2026-09-28T13:37:01,/works/W1971538312,singleton,0,0
2026-09-28T13:37:01,/works/W2111067371,singleton,0,0
2026-09-28T13:37:01,/works/W2025621544,singleton,0,0
2026-09-28T13:37:01,/works/W2146075325,singleton,0,0
2026-09-28T13:37:01,/works/W2064365284,singleton,0,0
2026-09-28T13:37:01,/works/W2030515588,singleton,0,0
2026-09-28T13:37:02,/works/W2183580308,singleton,0,0
2026-09-28T13:37:02,/works/W1993784714,singleton,0,0
2026-09-28T13:37:02,/works/W2064174311,singleton,0,0
2026-09-28T13:37:02,/works/W1964917709,singleton,0,0
2026-09-28T13:37:02,/works/W2008276251,singleton,0,0
2026-09-28T13:37:02,/works/W1963667853,singleton,0,0
2026-09-28T13:37:02,/works/W2025621544,singleton,0,0
2026-09-28T13:37:02,/works/W2137728226,singleton,0,0
2026-09-28T13:37:02,/works/W2031940547,singleton,0,0
2026-09-28T13:37:02,/works/W2111067371,singleton,0,0
2026-09-28T13:37:02,/works/W2048698285,singleton,0,0
2026-09-28T13:37:02,/works/W2070029306,singleton,0,0
2026-09-28T13:37:02,/works/W2406005428,singleton,0,0
2026-09-28T13:37:03,/works/W2030515588,singleton,0,0
2026-09-28T13:37:03,/works/W2064174311,singleton,0,0
2026-09-28T13:37:03,/works/W2086736223,singleton,0,0
2026-09-28T13:37:03,/works/W2149444498,singleton,0,0
2026-09-28T13:37:03,/works/W2025621544,singleton,0,0
2026-09-28T13:37:03,/works/W2111067371,singleton,0,0
2026-09-28T13:37:03,/works/doi:10.7748/ns.24.12.42.s52,singleton,0,0
2026-09-28T13:37:04,/works/W2008276251,singleton,0,0
2026-09-28T13:37:04,/works/W2048698285,singleton,0,0
2026-09-28T13:37:04,/works/W2070029306,singleton,0,0
2026-09-28T13:37:04,/works/W2340634038,singleton,0,0
2026-09-28T13:37:04,/works/W2406005428,singleton,0,0
2026-09-28T13:37:04,/works/W2086736223,singleton,0,0
2026-09-28T13:37:04,/works/W1976433646,singleton,0,0
2026-09-28T13:37:04,/works/W2149444498,singleton,0,0
2026-09-28T13:37:05,/works/W2038849715,singleton,0,0
2026-09-28T13:37:05,/works/W2111067371,singleton,0,0
2026-09-28T13:37:05,/works/W2048698285,singleton,0,0
2026-09-28T13:37:05,/works/W1555679026,singleton,0,0
2026-09-28T13:37:05,/works/doi:10.7748/ns.24.12.42.s52,singleton,0,0
2026-09-28T13:37:05,/works/W2340634038,singleton,0,0
2026-09-28T13:37:05,/works/W1973925025,singleton,0,0
2026-09-28T13:37:05,/works/W2087649839,singleton,0,0
2026-09-28T13:37:05,/works/W1875589630,singleton,0,0
2026-09-28T13:37:05,/works/W2117441386,singleton,0,0
2026-09-28T13:37:05,/works/W2406005428,singleton,0,0
2026-09-28T13:37:05,/works/W2098670445,singleton,0,0
2026-09-28T13:37:05,/works/W2156703693,singleton,0,0
2026-09-28T13:37:06,/works/W1989757872,singleton,0,0
2026-09-28T13:37:06,/works/W66615465,singleton,0,0
2026-09-28T13:37:06,/works/W2086736223,singleton,0,0
2026-09-28T13:37:06,/works/W2163674015,singleton,0,0
2026-09-28T13:37:06,/works/W1973925025,singleton,0,0
2026-09-28T13:37:06,/works/W2087649839,singleton,0,0
2026-09-28T13:37:06,/works/W1973531661,singleton,0,0
2026-09-28T13:37:06,/works/W66615465,singleton,0,0
2026-09-28T13:37:06,/works/W1989757872,singleton,0,0
2026-09-28T13:37:07,/works/W2340634038,singleton,0,0
2026-09-28T13:37:07,/works/W2098670445,singleton,0,0
2026-09-28T13:37:07,/works/W2086736223,singleton,0,0
2026-09-28T13:37:07,/works/W1989757872,singleton,0,0
2026-09-28T13:37:08,/works/W2087649839,singleton,0,0
2026-09-28T13:37:08,/works/W1973925025,singleton,0,0
2026-09-28T13:37:08,/works/W66615465,singleton,0,0
2026-09-28T13:37:08,/works/W2086736223,singleton,0,0
2026-09-28T13:37:08,/works/W2098670445,singleton,0,0
2026-09-28T13:37:08,/works/W1989757872,singleton,0,0
2026-09-28T13:37:09,/works/W2087649839,singleton,0,0
2026-09-28T13:37:09,/works/W66615465,singleton,0,0
2026-09-28T13:38:12,/works/W2124097252,singleton,0,0
2026-09-28T13:38:12,/works/W3021160691,singleton,0,0
2026-09-28T13:38:12,/works/W2031896736,singleton,0,0
2026-09-28T13:38:12,/works/W2963037296,singleton,0,0
2026-09-28T13:38:12,/works/W2011657487,singleton,0,0
2026-09-28T13:38:12,/works/W3005440303,singleton,0,0
2026-09-28T13:38:12,/works/W2126775089,singleton,0,0
2026-09-28T13:38:12,/works/W1859338663,singleton,0,0
2026-09-28T13:38:12,/works/W2136132915,singleton,0,0
2026-09-28T13:38:12,/works/W1989729446,singleton,0,0
2026-09-28T13:38:13,/works/W2031896736,singleton,0,0
2026-09-28T13:38:13,/works/W2124097252,singleton,0,0
2026-09-28T13:38:13,/works/W1965193772,singleton,0,0
2026-09-28T13:38:13,/works/W2136132915,singleton,0,0
2026-09-28T13:38:13,/works/W1989729446,singleton,0,0
2026-09-28T13:38:13,/works/W2011657487,singleton,0,0
2026-09-28T13:38:13,/works/W3021160691,singleton,0,0
2026-09-28T13:38:13,/works/W2963037296,singleton,0,0
2026-09-28T13:38:13,/works/W3005440303,singleton,0,0
2026-09-28T13:38:13,/works/W2105654853,singleton,0,0
2026-09-28T13:38:13,/works/W2124097252,singleton,0,0
2026-09-28T13:38:14,/works/W2021880506,singleton,0,0
2026-09-28T13:38:14,/works/W1976407945,singleton,0,0
2026-09-28T13:38:14,/works/W2026621669,singleton,0,0
2026-09-28T13:38:14,/works/W2400054539,singleton,0,0
2026-09-28T13:38:14,/works/W2007439698,singleton,0,0
2026-09-28T13:38:14,/works/W1965193772,singleton,0,0
2026-09-28T13:38:14,/works/W2011657487,singleton,0,0
2026-09-28T13:38:15,/works/W3021160691,singleton,0,0
2026-09-28T13:38:15,/works/W1989729446,singleton,0,0
2026-09-28T13:38:15,/works/W2400054539,singleton,0,0
2026-09-28T13:38:15,/works/W2963037296,singleton,0,0
2026-09-28T13:38:15,/works/W2043334235,singleton,0,0
2026-09-28T13:38:15,/works/W2152571160,singleton,0,0
2026-09-28T13:38:15,/works/W2021880506,singleton,0,0
2026-09-28T13:38:15,/works/W2068373367,singleton,0,0
2026-09-28T13:38:15,/works/W1965193772,singleton,0,0
2026-09-28T13:38:15,/works/W1968550393,singleton,0,0
2026-09-28T13:38:16,/works/W2400054539,singleton,0,0
2026-09-28T13:38:16,/works/W15646741,singleton,0,0
2026-09-28T13:38:16,/works/W2007439698,singleton,0,0
2026-09-28T13:38:16,/works/W2011657487,singleton,0,0
2026-09-28T13:38:16,/works/W1968550393,singleton,0,0
2026-09-28T13:38:16,/works/W2152571160,singleton,0,0
2026-09-28T13:38:16,/works/W2151901181,singleton,0,0
2026-09-28T13:38:16,/works/W2081356693,singleton,0,0
2026-09-28T13:38:17,/works/W2400054539,singleton,0,0
2026-09-28T13:38:17,/works/W2011657487,singleton,0,0
2026-09-28T13:38:17,/works/W2021880506,singleton,0,0
2026-09-28T13:38:17,/works/W1965193772,singleton,0,0
2026-09-28T13:38:17,/works/W15646741,singleton,0,0
2026-09-28T13:38:17,/works/W2003792351,singleton,0,0
2026-09-28T13:38:17,/works/W1968550393,singleton,0,0
2026-09-28T13:38:17,/works/W997850813,singleton,0,0
2026-09-28T13:38:17,/works/W2081356693,singleton,0,0
2026-09-28T13:38:17,/works/W2007946753,singleton,0,0
2026-09-28T13:38:18,/works/W2155839154,singleton,0,0
2026-09-28T13:38:18,/works/W2149993795,singleton,0,0
2026-09-28T13:38:18,/works/W2001746653,singleton,0,0
2026-09-28T13:38:18,/works/W1965193772,singleton,0,0
2026-09-28T13:38:18,/works/W2152571160,singleton,0,0
2026-09-28T13:38:18,/works/W2123497973,singleton,0,0
2026-09-28T13:38:18,/works/W2003792351,singleton,0,0
2026-09-28T13:38:18,/works/W2400054539,singleton,0,0
2026-09-28T13:38:18,/works/W2073790818,singleton,0,0
2026-09-28T13:38:18,/works/W2045591588,singleton,0,0
2026-09-28T13:38:18,/works/W1980482597,singleton,0,0
2026-09-28T13:38:18,/works/W2167590798,singleton,0,0
2026-09-28T13:38:19,/works/W2149993795,singleton,0,0
2026-09-28T13:38:19,/works/W2034323007,singleton,0,0
2026-09-28T13:38:19,/works/W1527047884,singleton,0,0
2026-09-28T13:38:19,/works/W2155839154,singleton,0,0
2026-09-28T13:38:19,/works/W1965193772,singleton,0,0
2026-09-28T13:38:19,/works/W2122855404,singleton,0,0
2026-09-28T13:38:19,/works/W2400054539,singleton,0,0
2026-09-28T13:38:19,/works/W2003792351,singleton,0,0
2026-09-28T13:38:20,/works/W1527047884,singleton,0,0
2026-09-28T13:38:20,/works/W2034323007,singleton,0,0
2026-09-28T13:38:20,/works/W2059026427,singleton,0,0
2026-09-28T13:38:20,/works/W1965193772,singleton,0,0
2026-09-28T13:38:20,/works/W2149993795,singleton,0,0
2026-09-28T13:38:20,/works/W2167590798,singleton,0,0
2026-09-28T13:38:20,/works/W2067542637,singleton,0,0
2026-09-28T13:38:20,/works/W2122855404,singleton,0,0
2026-09-28T13:38:20,/works/W1985028690,singleton,0,0
2026-09-28T13:38:20,/works/W2395759256,singleton,0,0
2026-09-28T13:38:20,/works/W2400054539,singleton,0,0
2026-09-28T13:38:21,/works/W2037551349,singleton,0,0
2026-09-28T13:38:21,/works/W2118834857,singleton,0,0
2026-09-28T13:38:21,/works/W2084144217,singleton,0,0
2026-09-28T13:38:21,/works/W2096812624,singleton,0,0
2026-09-28T13:38:21,/works/W2025533878,singleton,0,0
2026-09-28T13:38:21,/works/W2016449828,singleton,0,0
2026-09-28T13:38:21,/works/W2138553482,singleton,0,0
2026-09-28T13:38:21,/works/W2072715465,singleton,0,0
2026-09-28T13:38:21,/works/W2119911722,singleton,0,0
2026-09-28T13:38:21,/works/W2034323007,singleton,0,0
2026-09-28T13:38:21,/works/W2167590798,singleton,0,0
2026-09-28T13:38:21,/works/W1965193772,singleton,0,0
2026-09-28T13:38:21,/works/W2020440419,singleton,0,0
2026-09-28T13:38:22,/works/W2118834857,singleton,0,0
2026-09-28T13:38:22,/works/W1988695364,singleton,0,0
2026-09-28T13:38:22,/works/W2125566918,singleton,0,0
2026-09-28T13:38:22,/works/W2145744208,singleton,0,0
2026-09-28T13:38:22,/works/W2063751684,singleton,0,0
2026-09-28T13:38:22,/works/W1540607002,singleton,0,0
2026-09-28T13:38:22,/works/W2017558877,singleton,0,0
2026-09-28T13:38:22,/works/W2101986518,singleton,0,0
2026-09-28T13:38:22,/works/W2130116522,singleton,0,0
2026-09-28T13:38:22,/works/W2104863145,singleton,0,0
2026-09-28T13:38:22,/works/W1918583492,singleton,0,0
2026-09-28T13:38:22,/works/W1964608340,singleton,0,0
2026-09-28T13:38:22,/works/W2118834857,singleton,0,0
2026-09-28T13:38:22,/works/W2135592053,singleton,0,0
2026-09-28T13:38:23,/works/W2072715465,singleton,0,0
2026-09-28T13:38:23,/works/W2305412982,singleton,0,0
2026-09-28T13:38:23,/works/W2125566918,singleton,0,0
2026-09-28T13:38:23,/works/W2062801722,singleton,0,0
2026-09-28T13:38:23,/works/W2017558877,singleton,0,0
2026-09-28T13:38:23,/works/W2104863145,singleton,0,0
2026-09-28T13:38:23,/works/W2147762371,singleton,0,0
2026-09-28T13:38:23,/works/W2118834857,singleton,0,0
2026-09-28T13:38:23,/works/W1964608340,singleton,0,0
2026-09-28T13:38:23,/works/W2072715465,singleton,0,0
2026-09-28T13:38:24,/works/W2033242365,singleton,0,0
2026-09-28T13:38:24,/works/W2130116522,singleton,0,0
2026-09-28T13:38:24,/works/W2167564939,singleton,0,0
2026-09-28T13:38:24,/works/W2009178715,singleton,0,0
2026-09-28T13:38:24,/works/W1789741648,singleton,0,0
2026-09-28T13:38:24,/works/W2158044977,singleton,0,0
2026-09-28T13:38:24,/works/W1964608340,singleton,0,0
2026-09-28T13:38:24,/works/W2022873228,singleton,0,0
2026-09-28T13:38:25,/works/W2072715465,singleton,0,0
2026-09-28T13:38:25,/works/W2062801722,singleton,0,0
2026-09-28T13:38:25,/works/W2017558877,singleton,0,0
2026-09-28T13:38:25,/works/W2009178715,singleton,0,0
2026-09-28T13:38:25,/works/W2033242365,singleton,0,0
2026-09-28T13:38:25,/works/W2109392555,singleton,0,0
2026-09-28T13:38:25,/works/W2096614996,singleton,0,0
2026-09-28T13:38:25,/works/W2151048940,singleton,0,0
2026-09-28T13:38:25,/works/doi:10.1371/journal.pone.0045466,singleton,0,0
2026-09-28T13:38:25,/works/W2149296309,singleton,0,0
2026-09-28T13:38:25,/works/W2951456746,singleton,0,0
2026-09-28T13:38:25,/works/W2022873228,singleton,0,0
2026-09-28T13:38:26,/works/W2103704836,singleton,0,0
2026-09-28T13:38:26,/works/W2039048637,singleton,0,0
2026-09-28T13:38:26,/works/W2075935345,singleton,0,0
2026-09-28T13:38:26,/works/W1789741648,singleton,0,0
2026-09-28T13:38:26,/works/W1653985144,singleton,0,0
2026-09-28T13:38:26,/works/W2027673257,singleton,0,0
2026-09-28T13:38:26,/works/W2082806151,singleton,0,0
2026-09-28T13:38:26,/works/W1964608340,singleton,0,0
2026-09-28T13:38:26,/works/W2125676688,singleton,0,0
2026-09-28T13:38:26,/works/W2103704836,singleton,0,0
2026-09-28T13:38:27,/works/W1653985144,singleton,0,0
2026-09-28T13:38:27,/works/W2113664875,singleton,0,0
2026-09-28T13:38:27,/works/W2096614996,singleton,0,0
2026-09-28T13:38:27,/works/W2951456746,singleton,0,0
2026-09-28T13:38:27,/works/W2022873228,singleton,0,0
2026-09-28T13:38:27,/works/W2030525077,singleton,0,0
2026-09-28T13:38:27,/works/W2125676688,singleton,0,0
2026-09-28T13:38:27,/works/W2152559563,singleton,0,0
2026-09-28T13:38:27,/works/W2082082992,singleton,0,0
2026-09-28T13:38:27,/works/W1964608340,singleton,0,0
2026-09-28T13:38:27,/works/W2128346055,singleton,0,0
2026-09-28T13:38:27,/works/W2027673257,singleton,0,0
2026-09-28T13:38:28,/works/W1969116788,singleton,0,0
2026-09-28T13:38:28,/works/W1981528949,singleton,0,0
2026-09-28T13:38:28,/works/W1653985144,singleton,0,0
2026-09-28T13:38:28,/works/W2010254114,singleton,0,0
2026-09-28T13:38:28,/works/W2113664875,singleton,0,0
2026-09-28T13:38:28,/works/W2050303594,singleton,0,0
2026-09-28T13:38:28,/works/W2082082992,singleton,0,0
2026-09-28T13:38:28,/works/W2030525077,singleton,0,0
2026-09-28T13:38:28,/works/W2128346055,singleton,0,0
2026-09-28T13:38:29,/works/W2030828197,singleton,0,0
2026-09-28T13:38:29,/works/W2010169321,singleton,0,0
2026-09-28T13:38:29,/works/W1653985144,singleton,0,0
2026-09-28T13:38:29,/works/W1981528949,singleton,0,0
2026-09-28T13:38:29,/works/W2060903119,singleton,0,0
2026-09-28T13:38:29,/works/W1964608340,singleton,0,0
2026-09-28T13:38:29,/works/W2152061056,singleton,0,0
2026-09-28T13:38:29,/works/W2366934649,singleton,0,0
2026-09-28T13:38:29,/works/W2050303594,singleton,0,0
2026-09-28T13:38:29,/works/W2111108278,singleton,0,0
2026-09-28T13:38:30,/works/W2077925613,singleton,0,0
2026-09-28T13:38:30,/works/W2082082992,singleton,0,0
2026-09-28T13:38:30,/works/W2137621703,singleton,0,0
2026-09-28T13:38:30,/works/W2126277473,singleton,0,0
2026-09-28T13:38:30,/works/W1964608340,singleton,0,0
2026-09-28T13:38:30,/works/W1981528949,singleton,0,0
2026-09-28T13:38:30,/works/W2067731359,singleton,0,0
2026-09-28T13:38:30,/works/W2010169321,singleton,0,0
2026-09-28T13:38:30,/works/W2116368371,singleton,0,0
2026-09-28T13:38:30,/works/W1653985144,singleton,0,0
2026-09-28T13:38:31,/works/W2141664663,singleton,0,0
2026-09-28T13:38:31,/works/W2137621703,singleton,0,0
2026-09-28T13:38:31,/works/W2077925613,singleton,0,0
2026-09-28T13:38:31,/works/W2046308180,singleton,0,0
2026-09-28T13:38:31,/works/W2082082992,singleton,0,0
2026-09-28T13:38:31,/works/W2151560512,singleton,0,0
2026-09-28T13:38:31,/works/W2116368371,singleton,0,0
2026-09-28T13:38:31,/works/W2094492214,singleton,0,0
2026-09-28T13:38:31,/works/W2126277473,singleton,0,0
2026-09-28T13:38:32,/works/W625074148,singleton,0,0
2026-09-28T13:38:32,/works/W2067731359,singleton,0,0
2026-09-28T13:38:32,/works/W2137621703,singleton,0,0
2026-09-28T13:38:32,/works/W590691424,singleton,0,0
2026-09-28T13:38:32,/works/W2077925613,singleton,0,0
2026-09-28T13:38:32,/works/W2122274474,singleton,0,0
2026-09-28T13:38:32,/works/W2062847623,singleton,0,0
2026-09-28T13:38:32,/works/W2151560512,singleton,0,0
2026-09-28T13:38:32,/works/W2126277473,singleton,0,0
2026-09-28T13:38:32,/works/W2071433416,singleton,0,0
2026-09-28T13:38:32,/works/W2109013909,singleton,0,0
2026-09-28T13:38:32,/works/W2014716444,singleton,0,0
2026-09-28T13:38:33,/works/W625074148,singleton,0,0
2026-09-28T13:38:33,/works/W2137621703,singleton,0,0
2026-09-28T13:38:33,/works/W2145663969,singleton,0,0
2026-09-28T13:38:33,/works/W2086804751,singleton,0,0
2026-09-28T13:38:33,/works/W2141664663,singleton,0,0
2026-09-28T13:38:33,/works/W2067731359,singleton,0,0
2026-09-28T13:38:33,/works/W2036169183,singleton,0,0
2026-09-28T13:38:33,/works/W2035263684,singleton,0,0
2026-09-28T13:38:33,/works/W2109013909,singleton,0,0
2026-09-28T13:38:33,/works/W2109035557,singleton,0,0
2026-09-28T13:38:34,/works/W1963911529,singleton,0,0
2026-09-28T13:38:34,/works/W1968882081,singleton,0,0
2026-09-28T13:38:34,/works/W2071433416,singleton,0,0
2026-09-28T13:38:34,/works/W2014716444,singleton,0,0
2026-09-28T13:38:34,/works/W2039525134,singleton,0,0
2026-09-28T13:38:34,/works/W2110392562,singleton,0,0
2026-09-28T13:38:34,/works/W2086804751,singleton,0,0
2026-09-28T13:38:34,/works/W2035263684,singleton,0,0
2026-09-28T13:38:34,/works/W2137621703,singleton,0,0
2026-09-28T13:38:34,/works/W2144201956,singleton,0,0
2026-09-28T13:38:35,/works/W2036169183,singleton,0,0
2026-09-28T13:38:35,/works/W2116743967,singleton,0,0
2026-09-28T13:38:35,/works/W1976247738,singleton,0,0
2026-09-28T13:38:35,/works/W1990099787,singleton,0,0
2026-09-28T13:38:35,/works/W2127163664,singleton,0,0
2026-09-28T13:38:35,/works/W1976510917,singleton,0,0
2026-09-28T13:38:35,/works/W2044488014,singleton,0,0
2026-09-28T13:38:35,/works/W1963911529,singleton,0,0
2026-09-28T13:38:35,/works/W2120778579,singleton,0,0
2026-09-28T13:38:35,/works/W2110392562,singleton,0,0
2026-09-28T13:38:35,/works/W2108243132,singleton,0,0
2026-09-28T13:38:35,/works/W2039525134,singleton,0,0
2026-09-28T13:38:35,/works/W1976247738,singleton,0,0
2026-09-28T13:38:36,/works/W2188584813,singleton,0,0
2026-09-28T13:38:36,/works/W2112954412,singleton,0,0
2026-09-28T13:38:36,/works/W311937511,singleton,0,0
2026-09-28T13:38:36,/works/W2036169183,singleton,0,0
2026-09-28T13:38:36,/works/W1976510917,singleton,0,0
2026-09-28T13:38:36,/works/W1963911529,singleton,0,0
2026-09-28T13:38:36,/works/W598491231,singleton,0,0
2026-09-28T13:38:36,/works/W2108243132,singleton,0,0
2026-09-28T13:38:36,/works/W2044488014,singleton,0,0
2026-09-28T13:38:36,/works/W2112954412,singleton,0,0
2026-09-28T13:38:37,/works/W2277032956,singleton,0,0
2026-09-28T13:38:37,/works/W2110260183,singleton,0,0
2026-09-28T13:38:37,/works/W2081361264,singleton,0,0
2026-09-28T13:38:37,/works/W2188584813,singleton,0,0
2026-09-28T13:38:37,/works/W1980861662,singleton,0,0
2026-09-28T13:38:37,/works/W2122690812,singleton,0,0
2026-09-28T13:38:37,/works/W1966902030,singleton,0,0
2026-09-28T13:38:37,/works/W2036169183,singleton,0,0
2026-09-28T13:38:37,/works/W2108243132,singleton,0,0
2026-09-28T13:38:38,/works/W2188584813,singleton,0,0
2026-09-28T13:38:38,/works/W2044488014,singleton,0,0
2026-09-28T13:38:38,/works/W1980861662,singleton,0,0
2026-09-28T13:38:38,/works/W2122690812,singleton,0,0
2026-09-28T13:38:38,/works/W2188584813,singleton,0,0
2026-09-28T13:38:38,/works/W2036169183,singleton,0,0
2026-09-28T13:38:39,/works/W2188584813,singleton,0,0
2026-09-28T13:38:40,/works/W2036169183,singleton,0,0
2026-09-28T13:38:40,/works/W2188584813,singleton,0,0
2026-09-28T13:39:56,/works/W2006607032,singleton,0,0
2026-09-28T13:39:56,/works/W2167796399,singleton,0,0
2026-09-28T13:39:56,/works/W2964043515,singleton,0,0
2026-09-28T13:39:56,/works/W2963594755,singleton,0,0
2026-09-28T13:39:56,/works/W2183824459,singleton,0,0
2026-09-28T13:39:56,/works/W2023455522,singleton,0,0
2026-09-28T13:39:56,/works/W2142786539,singleton,0,0
2026-09-28T13:39:56,/works/W914349,singleton,0,0
2026-09-28T13:39:56,/works/W2059630355,singleton,0,0
2026-09-28T13:39:57,/works/W2142786539,singleton,0,0
2026-09-28T13:39:57,/works/W2006607032,singleton,0,0
2026-09-28T13:39:57,/works/W2963594755,singleton,0,0
2026-09-28T13:39:57,/works/W2023455522,singleton,0,0
2026-09-28T13:39:57,/works/W2050248784,singleton,0,0
2026-09-28T13:39:57,/works/W2167796399,singleton,0,0
2026-09-28T13:39:57,/works/W2076948725,singleton,0,0
2026-09-28T13:39:57,/works/W2064999401,singleton,0,0
2026-09-28T13:39:57,/works/W2120976908,singleton,0,0
2026-09-28T13:39:57,/works/W2183824459,singleton,0,0
2026-09-28T13:39:57,/works/W2964043515,singleton,0,0
2026-09-28T13:39:57,/works/W2006607032,singleton,0,0
2026-09-28T13:39:57,/works/W2003045769,singleton,0,0
2026-09-28T13:39:58,/works/W2182056523,singleton,0,0
2026-09-28T13:39:58,/works/W2167796399,singleton,0,0
2026-09-28T13:39:58,/works/W2076948725,singleton,0,0
2026-09-28T13:39:58,/works/W2234511385,singleton,0,0
2026-09-28T13:39:58,/works/W2112602604,singleton,0,0
2026-09-28T13:39:58,/works/W2043782913,singleton,0,0
2026-09-28T13:39:58,/works/W2131263181,singleton,0,0
2026-09-28T13:39:58,/works/W2145861266,singleton,0,0
2026-09-28T13:39:58,/works/W2064999401,singleton,0,0
2026-09-28T13:39:59,/works/W2076948725,singleton,0,0
2026-09-28T13:39:59,/works/W2113031448,singleton,0,0
2026-09-28T13:39:59,/works/W2183824459,singleton,0,0
2026-09-28T13:39:59,/works/W2003045769,singleton,0,0
2026-09-28T13:39:59,/works/W2043699459,singleton,0,0
2026-09-28T13:39:59,/works/W1982376554,singleton,0,0
2026-09-28T13:39:59,/works/W2167796399,singleton,0,0
2026-09-28T13:39:59,/works/W2234511385,singleton,0,0
2026-09-28T13:39:59,/works/W2131263181,singleton,0,0
2026-09-28T13:39:59,/works/W1991382458,singleton,0,0
2026-09-28T13:39:59,/works/W1968288892,singleton,0,0
2026-09-28T13:40:00,/works/W2131682988,singleton,0,0
2026-09-28T13:40:00,/works/W2076948725,singleton,0,0
2026-09-28T13:40:00,/works/W2043699459,singleton,0,0
2026-09-28T13:40:00,/works/W2113031448,singleton,0,0
2026-09-28T13:40:00,/works/W2183824459,singleton,0,0
2026-09-28T13:40:00,/works/W2234511385,singleton,0,0
2026-09-28T13:40:01,/works/W1485022839,singleton,0,0
2026-09-28T13:40:01,/works/W2099672378,singleton,0,0
2026-09-28T13:40:01,/works/W1968288892,singleton,0,0
2026-09-28T13:40:01,/works/W2131682988,singleton,0,0
2026-09-28T13:40:01,/works/W2076948725,singleton,0,0
2026-09-28T13:40:01,/works/doi:10.1007/s10948-012-2034-y,singleton,0,0
2026-09-28T13:40:01,/works/W1991382458,singleton,0,0
2026-09-28T13:40:01,/works/W2185408609,singleton,0,0
2026-09-28T13:40:01,/works/W2083146404,singleton,0,0
2026-09-28T13:40:01,/works/W2113031448,singleton,0,0
2026-09-28T13:40:02,/works/W2076948725,singleton,0,0
2026-09-28T13:40:02,/works/W1485022839,singleton,0,0
2026-09-28T13:40:02,/works/W1968288892,singleton,0,0
2026-09-28T13:40:02,/works/W1985487993,singleton,0,0
2026-09-28T13:40:02,/works/W2043699459,singleton,0,0
2026-09-28T13:40:02,/works/W2131682988,singleton,0,0
2026-09-28T13:40:02,/works/W2147653392,singleton,0,0
2026-09-28T13:40:02,/works/W1485022839,singleton,0,0
2026-09-28T13:40:02,/works/W2076948725,singleton,0,0
2026-09-28T13:40:03,/works/W2115195820,singleton,0,0
2026-09-28T13:40:03,/works/W2113031448,singleton,0,0
2026-09-28T13:40:03,/works/W1995036046,singleton,0,0
2026-09-28T13:40:03,/works/W2185408609,singleton,0,0
2026-09-28T13:40:03,/works/W1968288892,singleton,0,0
2026-09-28T13:40:03,/works/W2075466416,singleton,0,0
2026-09-28T13:40:03,/works/W1985487993,singleton,0,0
2026-09-28T13:40:03,/works/W1485022839,singleton,0,0
2026-09-28T13:40:03,/works/W2131682988,singleton,0,0
2026-09-28T13:40:03,/works/W2037045244,singleton,0,0
2026-09-28T13:40:04,/works/W2115195820,singleton,0,0
2026-09-28T13:40:04,/works/W1995259878,singleton,0,0
2026-09-28T13:40:04,/works/W2259628723,singleton,0,0
2026-09-28T13:40:04,/works/W2020035992,singleton,0,0
2026-09-28T13:40:04,/works/W2048826509,singleton,0,0
2026-09-28T13:40:04,/works/W2109987134,singleton,0,0
2026-09-28T13:40:04,/works/W2131682988,singleton,0,0
2026-09-28T13:40:04,/works/W2075466416,singleton,0,0
2026-09-28T13:40:04,/works/W87892004,singleton,0,0
2026-09-28T13:40:05,/works/W2113031448,singleton,0,0
2026-09-28T13:40:05,/works/W1968288892,singleton,0,0
2026-09-28T13:40:05,/works/W2852064736,singleton,0,0
2026-09-28T13:40:05,/works/W2492779480,singleton,0,0
2026-09-28T13:40:05,/works/W2020035992,singleton,0,0
2026-09-28T13:40:05,/works/W2554320683,singleton,0,0
2026-09-28T13:40:05,/works/W2157729981,singleton,0,0
2026-09-28T13:40:05,/works/W2037045244,singleton,0,0
2026-09-28T13:40:05,/works/W2088070114,singleton,0,0
2026-09-28T13:40:06,/works/W2131682988,singleton,0,0
2026-09-28T13:40:06,/works/W2492779480,singleton,0,0
2026-09-28T13:40:06,/works/W2048826509,singleton,0,0
2026-09-28T13:40:06,/works/W2075466416,singleton,0,0
2026-09-28T13:40:06,/works/W2115058545,singleton,0,0
2026-09-28T13:40:06,/works/W1729208307,singleton,0,0
2026-09-28T13:40:06,/works/W2160364263,singleton,0,0
2026-09-28T13:40:06,/works/W1970645895,singleton,0,0
2026-09-28T13:40:06,/works/W2492779480,singleton,0,0
2026-09-28T13:40:06,/works/W2554320683,singleton,0,0
2026-09-28T13:40:06,/works/W2157729981,singleton,0,0
2026-09-28T13:40:06,/works/W2020035992,singleton,0,0
2026-09-28T13:40:07,/works/W2059882022,singleton,0,0
2026-09-28T13:40:07,/works/W3037735024,singleton,0,0
2026-09-28T13:40:07,/works/W2088070114,singleton,0,0
2026-09-28T13:40:07,/works/W1970645895,singleton,0,0
2026-09-28T13:40:07,/works/W2063239708,singleton,0,0
2026-09-28T13:40:07,/works/W1997394516,singleton,0,0
2026-09-28T13:40:07,/works/W2075466416,singleton,0,0
2026-09-28T13:40:08,/works/W1544489725,singleton,0,0
2026-09-28T13:40:08,/works/W1545127827,singleton,0,0
2026-09-28T13:40:08,/works/W2492779480,singleton,0,0
2026-09-28T13:40:08,/works/W2554320683,singleton,0,0
2026-09-28T13:40:08,/works/W2160364263,singleton,0,0
2026-09-28T13:40:08,/works/W2059882022,singleton,0,0
2026-09-28T13:40:08,/works/W2142960351,singleton,0,0
2026-09-28T13:40:08,/works/W1970645895,singleton,0,0
2026-09-28T13:40:08,/works/W2020022376,singleton,0,0
2026-09-28T13:40:09,/works/W1544489725,singleton,0,0
2026-09-28T13:40:09,/works/W2075466416,singleton,0,0
2026-09-28T13:40:09,/works/W1832681788,singleton,0,0
2026-09-28T13:40:09,/works/W2492779480,singleton,0,0
2026-09-28T13:40:09,/works/W1545127827,singleton,0,0
2026-09-28T13:40:09,/works/W2036850929,singleton,0,0
2026-09-28T13:40:09,/works/W1991564917,singleton,0,0
2026-09-28T13:40:09,/works/W2020022376,singleton,0,0
2026-09-28T13:40:09,/works/W1997555578,singleton,0,0
2026-09-28T13:40:09,/works/W2554320683,singleton,0,0
2026-09-28T13:40:09,/works/W2002406245,singleton,0,0
2026-09-28T13:40:09,/works/W2093504527,singleton,0,0
2026-09-28T13:40:09,/works/W2142960351,singleton,0,0
2026-09-28T13:40:09,/works/W2145942961,singleton,0,0
2026-09-28T13:40:10,/works/W2023644895,singleton,0,0
2026-09-28T13:40:10,/works/W2154880818,singleton,0,0
2026-09-28T13:40:10,/works/W1975708743,singleton,0,0
2026-09-28T13:40:10,/works/W2075466416,singleton,0,0
2026-09-28T13:40:10,/works/W2058364196,singleton,0,0
2026-09-28T13:40:10,/works/W2020022376,singleton,0,0
2026-09-28T13:40:10,/works/W1986847848,singleton,0,0
2026-09-28T13:40:10,/works/W2002406245,singleton,0,0
2026-09-28T13:40:10,/works/W1991564917,singleton,0,0
2026-09-28T13:40:10,/works/W2028897727,singleton,0,0
2026-09-28T13:40:10,/works/W2099477089,singleton,0,0
2026-09-28T13:40:10,/works/W2145942961,singleton,0,0
2026-09-28T13:40:11,/works/W2154880818,singleton,0,0
2026-09-28T13:40:11,/works/W1973133171,singleton,0,0
2026-09-28T13:40:11,/works/W2153280381,singleton,0,0
2026-09-28T13:40:11,/works/W2102075759,singleton,0,0
2026-09-28T13:40:11,/works/W2034965802,singleton,0,0
2026-09-28T13:40:11,/works/W2082087377,singleton,0,0
2026-09-28T13:40:11,/works/W2031535139,singleton,0,0
2026-09-28T13:40:11,/works/W1993900115,singleton,0,0
2026-09-28T13:40:11,/works/W2070850819,singleton,0,0
2026-09-28T13:40:11,/works/W2031039947,singleton,0,0
2026-09-28T13:40:11,/works/W2035017065,singleton,0,0
2026-09-28T13:40:11,/works/W2075466416,singleton,0,0
2026-09-28T13:40:11,/works/W1968537616,singleton,0,0
2026-09-28T13:40:11,/works/doi:10.1007/s00034-012-9521-z,singleton,0,0
2026-09-28T13:40:11,/works/W2028897727,singleton,0,0
2026-09-28T13:40:11,/works/W2067910583,singleton,0,0
2026-09-28T13:40:11,/works/W2163204723,singleton,0,0
2026-09-28T13:40:12,/works/W2536024906,singleton,0,0
2026-09-28T13:40:12,/works/W2108256115,singleton,0,0
2026-09-28T13:40:12,/works/W2015570990,singleton,0,0
2026-09-28T13:40:12,/works/W2031535139,singleton,0,0
2026-09-28T13:40:12,/works/W2163204723,singleton,0,0
2026-09-28T13:40:12,/works/W1997906413,singleton,0,0
2026-09-28T13:40:12,/works/W1968537616,singleton,0,0
2026-09-28T13:40:12,/works/W2028897727,singleton,0,0
2026-09-28T13:40:13,/works/W2035017065,singleton,0,0
2026-09-28T13:40:13,/works/W2157394752,singleton,0,0
2026-09-28T13:40:13,/works/W1517146163,singleton,0,0
2026-09-28T13:40:13,/works/W2031039947,singleton,0,0
2026-09-28T13:40:13,/works/W2057741994,singleton,0,0
2026-09-28T13:40:13,/works/W2031535139,singleton,0,0
2026-09-28T13:40:13,/works/W2052449879,singleton,0,0
2026-09-28T13:40:13,/works/W2163204723,singleton,0,0
2026-09-28T13:40:13,/works/W2028897727,singleton,0,0
2026-09-28T13:40:13,/works/W2038175889,singleton,0,0
2026-09-28T13:40:14,/works/W2015570990,singleton,0,0
2026-09-28T13:40:14,/works/W2062763712,singleton,0,0
2026-09-28T13:40:14,/works/W2120296062,singleton,0,0
2026-09-28T13:40:14,/works/W2040620419,singleton,0,0
2026-09-28T13:40:14,/works/W2105831835,singleton,0,0
2026-09-28T13:40:14,/works/W2035017065,singleton,0,0
2026-09-28T13:40:14,/works/W2025604455,singleton,0,0
2026-09-28T13:40:14,/works/W2035721408,singleton,0,0
2026-09-28T13:40:14,/works/W2033551622,singleton,0,0
2026-09-28T13:40:14,/works/W2057741994,singleton,0,0
2026-09-28T13:40:14,/works/W2157394752,singleton,0,0
2026-09-28T13:40:14,/works/W2031535139,singleton,0,0
2026-09-28T13:40:15,/works/W1990994751,singleton,0,0
2026-09-28T13:40:15,/works/W2006119291,singleton,0,0
2026-09-28T13:40:15,/works/W2040620419,singleton,0,0
2026-09-28T13:40:15,/works/W2105831835,singleton,0,0
2026-09-28T13:40:15,/works/W1986044258,singleton,0,0
2026-09-28T13:40:15,/works/W2033551622,singleton,0,0
2026-09-28T13:40:15,/works/W2035721408,singleton,0,0
2026-09-28T13:40:16,/works/W2025604455,singleton,0,0
2026-09-28T13:40:16,/works/W1986044258,singleton,0,0
2026-09-28T13:40:16,/works/W2337752984,singleton,0,0
2026-09-28T13:40:16,/works/W2031535139,singleton,0,0
2026-09-28T13:40:16,/works/W1990994751,singleton,0,0
2026-09-28T13:40:16,/works/W2033551622,singleton,0,0
2026-09-28T13:40:16,/works/W2006119291,singleton,0,0
2026-09-28T13:40:16,/works/W2107391203,singleton,0,0
2026-09-28T13:40:17,/works/W2105831835,singleton,0,0
2026-09-28T13:40:17,/works/W2035721408,singleton,0,0
2026-09-28T13:40:17,/works/W1996934407,singleton,0,0
2026-09-28T13:40:17,/works/W2337752984,singleton,0,0
2026-09-28T13:40:17,/works/W1986044258,singleton,0,0
2026-09-28T13:40:17,/works/W2031535139,singleton,0,0
2026-09-28T13:40:17,/works/W1990994751,singleton,0,0
2026-09-28T13:40:17,/works/W2078226838,singleton,0,0
2026-09-28T13:40:17,/works/W2006119291,singleton,0,0
2026-09-28T13:40:17,/works/W94978493,singleton,0,0
2026-09-28T13:40:17,/works/W2141071915,singleton,0,0
2026-09-28T13:40:18,/works/W2067546549,singleton,0,0
2026-09-28T13:40:18,/works/W2107391203,singleton,0,0
2026-09-28T13:40:18,/works/W1980940290,singleton,0,0
2026-09-28T13:40:18,/works/W2031535139,singleton,0,0
2026-09-28T13:40:18,/works/W2078226838,singleton,0,0
2026-09-28T13:40:18,/works/W2141071915,singleton,0,0
2026-09-28T13:40:18,/works/W2035721408,singleton,0,0
2026-09-28T13:40:18,/works/W2337752984,singleton,0,0
2026-09-28T13:40:19,/works/W2052600241,singleton,0,0
2026-09-28T13:40:19,/works/W2006119291,singleton,0,0
2026-09-28T13:40:19,/works/W2151380487,singleton,0,0
2026-09-28T13:40:19,/works/W2117185133,singleton,0,0
2026-09-28T13:40:19,/works/W2078226838,singleton,0,0
2026-09-28T13:40:19,/works/W2031535139,singleton,0,0
2026-09-28T13:40:19,/works/W2107391203,singleton,0,0
2026-09-28T13:40:20,/works/W2141071915,singleton,0,0
2026-09-28T13:40:20,/works/W2076012370,singleton,0,0
2026-09-28T13:40:20,/works/W2337752984,singleton,0,0
2026-09-28T13:40:20,/works/W1706644390,singleton,0,0
2026-09-28T13:40:20,/works/W2081600226,singleton,0,0
2026-09-28T13:40:20,/works/W2035721408,singleton,0,0
2026-09-28T13:40:20,/works/W2006119291,singleton,0,0
2026-09-28T13:40:20,/works/W2156555351,singleton,0,0
2026-09-28T13:40:20,/works/W2163105747,singleton,0,0
2026-09-28T13:40:20,/works/W2078226838,singleton,0,0
2026-09-28T13:40:21,/works/W2031535139,singleton,0,0
2026-09-28T13:40:21,/works/W2107391203,singleton,0,0
2026-09-28T13:40:21,/works/W1983166723,singleton,0,0
2026-09-28T13:40:21,/works/W2141071915,singleton,0,0
2026-09-28T13:40:21,/works/W2080625874,singleton,0,0
2026-09-28T13:40:21,/works/W1993463116,singleton,0,0
2026-09-28T13:40:21,/works/W1706644390,singleton,0,0
2026-09-28T13:40:21,/works/W2081600226,singleton,0,0
2026-09-28T13:40:21,/works/W1634283889,singleton,0,0
2026-09-28T13:40:21,/works/W2156555351,singleton,0,0
2026-09-28T13:40:21,/works/W2316012682,singleton,0,0
2026-09-28T13:40:22,/works/W1967864158,singleton,0,0
2026-09-28T13:40:22,/works/doi:10.1109/TCSI.2012.2221174,singleton,0,0
2026-09-28T13:40:22,/works/W2163105747,singleton,0,0
2026-09-28T13:40:22,/works/W1993463116,singleton,0,0
2026-09-28T13:40:22,/works/W2052027229,singleton,0,0
2026-09-28T13:40:22,/works/W2141071915,singleton,0,0
2026-09-28T13:40:22,/works/W2112351372,singleton,0,0
2026-09-28T13:40:22,/works/W1930710196,singleton,0,0
2026-09-28T13:40:22,/works/W2117343733,singleton,0,0
2026-09-28T13:40:22,/works/W2052379012,singleton,0,0
2026-09-28T13:40:22,/works/W2156555351,singleton,0,0
2026-09-28T13:40:22,/works/W2162648199,singleton,0,0
2026-09-28T13:40:22,/works/W1706644390,singleton,0,0
2026-09-28T13:40:23,/works/W1634283889,singleton,0,0
2026-09-28T13:40:23,/works/W2523781072,singleton,0,0
2026-09-28T13:40:23,/works/W1930710196,singleton,0,0
2026-09-28T13:40:23,/works/W2018844164,singleton,0,0
2026-09-28T13:40:23,/works/doi:10.1109/TCSI.2012.2221174,singleton,0,0
2026-09-28T13:40:23,/works/W1706644390,singleton,0,0
2026-09-28T13:40:23,/works/W2156555351,singleton,0,0
2026-09-28T13:40:23,/works/W1975000097,singleton,0,0
2026-09-28T13:40:23,/works/W2162648199,singleton,0,0
2026-09-28T13:40:24,/works/W2033224937,singleton,0,0
2026-09-28T13:40:24,/works/W2523781072,singleton,0,0
2026-09-28T13:40:24,/works/W2084841854,singleton,0,0
2026-09-28T13:40:24,/works/W2523026136,singleton,0,0
2026-09-28T13:40:24,/works/W168982209,singleton,0,0
2026-09-28T13:40:24,/works/W2052379012,singleton,0,0
2026-09-28T13:40:24,/works/W2133038088,singleton,0,0
2026-09-28T13:40:24,/works/W2156555351,singleton,0,0
2026-09-28T13:40:24,/works/W2089326216,singleton,0,0
2026-09-28T13:40:24,/works/W1706644390,singleton,0,0
2026-09-28T13:40:24,/works/W2084841854,singleton,0,0
2026-09-28T13:40:25,/works/W1930710196,singleton,0,0
2026-09-28T13:40:25,/works/W89773107,singleton,0,0
2026-09-28T13:40:25,/works/W2036462912,singleton,0,0
2026-09-28T13:40:25,/works/W2052379012,singleton,0,0
2026-09-28T13:40:25,/works/W2523026136,singleton,0,0
2026-09-28T13:40:25,/works/W2102794090,singleton,0,0
2026-09-28T13:40:25,/works/W168982209,singleton,0,0
2026-09-28T13:40:25,/works/W2071119949,singleton,0,0
2026-09-28T13:40:25,/works/W2468543895,singleton,0,0
2026-09-28T13:40:25,/works/W2084841854,singleton,0,0
2026-09-28T13:40:26,/works/W2540651304,singleton,0,0
2026-09-28T13:40:26,/works/W2052379012,singleton,0,0
2026-09-28T13:40:26,/works/W2156555351,singleton,0,0
2026-09-28T13:40:26,/works/W2036462912,singleton,0,0
2026-09-28T13:40:26,/works/W1706644390,singleton,0,0
2026-09-28T13:40:26,/works/W2540651304,singleton,0,0
2026-09-28T13:40:26,/works/W2124766223,singleton,0,0
2026-09-28T13:40:27,/works/W2468543895,singleton,0,0
2026-09-28T13:40:27,/works/W2006221630,singleton,0,0
2026-09-28T13:40:27,/works/W2084841854,singleton,0,0
2026-09-28T13:40:27,/works/W2052379012,singleton,0,0
2026-09-28T13:40:27,/works/W2071119949,singleton,0,0
2026-09-28T13:40:27,/works/W195635859,singleton,0,0
2026-09-28T13:40:27,/works/W2076614075,singleton,0,0
2026-09-28T13:40:27,/works/W1985276374,singleton,0,0
2026-09-28T13:40:27,/works/W2124766223,singleton,0,0
2026-09-28T13:40:27,/works/W1966796254,singleton,0,0
2026-09-28T13:40:27,/works/W2156555351,singleton,0,0
2026-09-28T13:40:27,/works/W2030568691,singleton,0,0
2026-09-28T13:40:28,/works/W2078185678,singleton,0,0
2026-09-28T13:40:28,/works/W2059888459,singleton,0,0
2026-09-28T13:40:28,/works/W2036462912,singleton,0,0
2026-09-28T13:40:28,/works/W2096261702,singleton,0,0
2026-09-28T13:40:28,/works/W2052379012,singleton,0,0
2026-09-28T13:40:28,/works/W2010711813,singleton,0,0
2026-09-28T13:40:28,/works/W2076614075,singleton,0,0
2026-09-28T13:40:28,/works/W1993522825,singleton,0,0
2026-09-28T13:40:28,/works/W2012492650,singleton,0,0
2026-09-28T13:40:28,/works/W1985276374,singleton,0,0
2026-09-28T13:40:29,/works/W2136082970,singleton,0,0
2026-09-28T13:40:29,/works/W2059888459,singleton,0,0
2026-09-28T13:40:29,/works/W2078185678,singleton,0,0
2026-09-28T13:40:29,/works/W2089578943,singleton,0,0
2026-09-28T13:40:29,/works/W2111080518,singleton,0,0
2026-09-28T13:40:29,/works/W2036462912,singleton,0,0
2026-09-28T13:40:29,/works/W2012492650,singleton,0,0
2026-09-28T13:40:29,/works/W2156555351,singleton,0,0
2026-09-28T13:40:29,/works/W2127373422,singleton,0,0
2026-09-28T13:40:29,/works/W2001787062,singleton,0,0
2026-09-28T13:40:30,/works/W837230178,singleton,0,0
2026-09-28T13:40:30,/works/W1985276374,singleton,0,0
2026-09-28T13:40:30,/works/W295877876,singleton,0,0
2026-09-28T13:40:30,/works/W2042357356,singleton,0,0
2026-09-28T13:40:30,/works/W2012492650,singleton,0,0
2026-09-28T13:40:30,/works/W980130481,singleton,0,0
2026-09-28T13:40:30,/works/W2059888459,singleton,0,0
2026-09-28T13:40:30,/works/W2136082970,singleton,0,0
2026-09-28T13:40:30,/works/W2111080518,singleton,0,0
2026-09-28T13:40:30,/works/W123005772,singleton,0,0
2026-09-28T13:40:30,/works/W39441417,singleton,0,0
2026-09-28T13:40:30,/works/W2059441802,singleton,0,0
2026-09-28T13:40:30,/works/W2012492650,singleton,0,0
2026-09-28T13:40:31,/works/W2318232419,singleton,0,0
2026-09-28T13:40:31,/works/W1490960623,singleton,0,0
2026-09-28T13:40:31,/works/W1985276374,singleton,0,0
2026-09-28T13:40:31,/works/W2059888459,singleton,0,0
2026-09-28T13:40:31,/works/W2110814829,singleton,0,0
2026-09-28T13:40:31,/works/W2136082970,singleton,0,0
2026-09-28T13:40:31,/works/W2042357356,singleton,0,0
2026-09-28T13:40:31,/works/W2164938353,singleton,0,0
2026-09-28T13:40:31,/works/W2132696896,singleton,0,0
2026-09-28T13:40:31,/works/W2012492650,singleton,0,0
2026-09-28T13:40:31,/works/W2072951044,singleton,0,0
2026-09-28T13:40:32,/works/W2110697514,singleton,0,0
2026-09-28T13:40:32,/works/W2070003277,singleton,0,0
2026-09-28T13:40:32,/works/W2059441802,singleton,0,0
2026-09-28T13:40:32,/works/W2162987095,singleton,0,0
2026-09-28T13:40:32,/works/W2136082970,singleton,0,0
2026-09-28T13:40:32,/works/W2318232419,singleton,0,0
2026-09-28T13:40:32,/works/W2088487791,singleton,0,0
2026-09-28T13:40:32,/works/W2103531629,singleton,0,0
2026-09-28T13:40:32,/works/W2110814829,singleton,0,0
2026-09-28T13:40:32,/works/W2030895400,singleton,0,0
2026-09-28T13:40:32,/works/W2336847884,singleton,0,0
2026-09-28T13:40:32,/works/W2072951044,singleton,0,0
2026-09-28T13:40:33,/works/W41029044,singleton,0,0
2026-09-28T13:40:33,/works/W2164938353,singleton,0,0
2026-09-28T13:40:33,/works/W2088631971,singleton,0,0
2026-09-28T13:40:33,/works/W2162987095,singleton,0,0
2026-09-28T13:40:33,/works/W2136082970,singleton,0,0
2026-09-28T13:40:33,/works/W1967754468,singleton,0,0
2026-09-28T13:40:33,/works/W2131435716,singleton,0,0
2026-09-28T13:40:33,/works/W2318232419,singleton,0,0
2026-09-28T13:40:34,/works/W2110814829,singleton,0,0
2026-09-28T13:40:34,/works/W2090120554,singleton,0,0
2026-09-28T13:40:34,/works/W2030895400,singleton,0,0
2026-09-28T13:40:34,/works/W41029044,singleton,0,0
2026-09-28T13:40:34,/works/W2136082970,singleton,0,0
2026-09-28T13:40:34,/works/W2088631971,singleton,0,0
2026-09-28T13:40:34,/works/W2038166313,singleton,0,0
2026-09-28T13:40:34,/works/W1783145639,singleton,0,0
2026-09-28T13:40:34,/works/W2131435716,singleton,0,0
2026-09-28T13:40:35,/works/W2110814829,singleton,0,0
2026-09-28T13:40:35,/works/W2088631971,singleton,0,0
2026-09-28T13:40:35,/works/W1967754468,singleton,0,0
2026-09-28T13:40:35,/works/W2038166313,singleton,0,0
2026-09-28T13:40:36,/works/W2110814829,singleton,0,0
2026-09-28T13:40:36,/works/W2131435716,singleton,0,0
2026-09-28T13:40:37,/works/W2110814829,singleton,0,0
2026-09-28T13:40:38,/works/W2110814829,singleton,0,0
2026-09-28T13:40:39,/works/W2110814829,singleton,0,0
2026-09-28T13:40:41,/works/W2110814829,singleton,0,0
2026-09-28T13:41:34,/works/W2130015537,singleton,0,0
2026-09-28T13:41:34,/works/W1483648350,singleton,0,0
2026-09-28T13:41:34,/works/W2156197370,singleton,0,0
2026-09-28T13:41:34,/works/W2328503137,singleton,0,0
2026-09-28T13:41:34,/works/W81927579,singleton,0,0
2026-09-28T13:41:34,/works/W2419379638,singleton,0,0
2026-09-28T13:41:34,/works/W2119419920,singleton,0,0
2026-09-28T13:41:34,/works/W2082472384,singleton,0,0
2026-09-28T13:41:35,/works/W2010788510,singleton,0,0
2026-09-28T13:41:35,/works/W2089948716,singleton,0,0
2026-09-28T13:41:35,/works/W81927579,singleton,0,0
2026-09-28T13:41:35,/works/W1483648350,singleton,0,0
2026-09-28T13:41:35,/works/W2419379638,singleton,0,0
2026-09-28T13:41:35,/works/W2048844982,singleton,0,0
2026-09-28T13:41:36,/works/W2156197370,singleton,0,0
2026-09-28T13:41:36,/works/W2010788510,singleton,0,0
2026-09-28T13:41:36,/works/W2098216975,singleton,0,0
2026-09-28T13:41:36,/works/W2130015537,singleton,0,0
2026-09-28T13:41:36,/works/W2328503137,singleton,0,0
2026-09-28T13:41:36,/works/W2169169699,singleton,0,0
2026-09-28T13:41:36,/works/W81927579,singleton,0,0
2026-09-28T13:41:36,/works/W1483648350,singleton,0,0
2026-09-28T13:41:36,/works/W2009125262,singleton,0,0
2026-09-28T13:41:36,/works/W2089948716,singleton,0,0
2026-09-28T13:41:37,/works/W2133224972,singleton,0,0
2026-09-28T13:41:37,/works/W2130015537,singleton,0,0
2026-09-28T13:41:37,/works/W2048844982,singleton,0,0
2026-09-28T13:41:37,/works/W81927579,singleton,0,0
2026-09-28T13:41:37,/works/W2143199291,singleton,0,0
2026-09-28T13:41:37,/works/W2038439610,singleton,0,0
2026-09-28T13:41:37,/works/W2098216975,singleton,0,0
2026-09-28T13:41:37,/works/W2169169699,singleton,0,0
2026-09-28T13:41:38,/works/W2133224972,singleton,0,0
2026-09-28T13:41:38,/works/W1483648350,singleton,0,0
2026-09-28T13:41:38,/works/W2042483260,singleton,0,0
2026-09-28T13:41:38,/works/W2061028800,singleton,0,0
2026-09-28T13:41:38,/works/W2009125262,singleton,0,0
2026-09-28T13:41:38,/works/W2130015537,singleton,0,0
2026-09-28T13:41:38,/works/W2003657026,singleton,0,0
2026-09-28T13:41:38,/works/W1577253998,singleton,0,0
2026-09-28T13:41:38,/works/W2056115299,singleton,0,0
2026-09-28T13:41:38,/works/W2009125262,singleton,0,0
2026-09-28T13:41:39,/works/W2169169699,singleton,0,0
2026-09-28T13:41:39,/works/W2042483260,singleton,0,0
2026-09-28T13:41:39,/works/W1993114694,singleton,0,0
2026-09-28T13:41:39,/works/W2045959090,singleton,0,0
2026-09-28T13:41:39,/works/W2038439610,singleton,0,0
2026-09-28T13:41:39,/works/W2003657026,singleton,0,0
2026-09-28T13:41:39,/works/W1997491682,singleton,0,0
2026-09-28T13:41:39,/works/W2130015537,singleton,0,0
2026-09-28T13:41:39,/works/W2009125262,singleton,0,0
2026-09-28T13:41:39,/works/W2061028800,singleton,0,0
2026-09-28T13:41:40,/works/W2169169699,singleton,0,0
2026-09-28T13:41:40,/works/W1579620866,singleton,0,0
2026-09-28T13:41:40,/works/W2045959090,singleton,0,0
2026-09-28T13:41:40,/works/W1993114694,singleton,0,0
2026-09-28T13:41:40,/works/W2077100763,singleton,0,0
2026-09-28T13:41:40,/works/W2003657026,singleton,0,0
2026-09-28T13:41:40,/works/W2245573664,singleton,0,0
2026-09-28T13:41:40,/works/W2061960110,singleton,0,0
2026-09-28T13:41:41,/works/W1977563651,singleton,0,0
2026-09-28T13:41:41,/works/W2130015537,singleton,0,0
2026-09-28T13:41:41,/works/W2088678741,singleton,0,0
2026-09-28T13:41:41,/works/W2009125262,singleton,0,0
2026-09-28T13:41:41,/works/W2081350509,singleton,0,0
2026-09-28T13:41:41,/works/W2162954233,singleton,0,0
2026-09-28T13:41:41,/works/W2045959090,singleton,0,0
2026-09-28T13:41:41,/works/W1997491682,singleton,0,0
2026-09-28T13:41:41,/works/W2064139020,singleton,0,0
2026-09-28T13:41:41,/works/W2261386087,singleton,0,0
2026-09-28T13:41:41,/works/W1993114694,singleton,0,0
2026-09-28T13:41:41,/works/W1998070516,singleton,0,0
2026-09-28T13:41:41,/works/W2079810269,singleton,0,0
2026-09-28T13:41:42,/works/W2000365980,singleton,0,0
2026-09-28T13:41:42,/works/W2025257349,singleton,0,0
2026-09-28T13:41:42,/works/W1983122642,singleton,0,0
2026-09-28T13:41:42,/works/W1977563651,singleton,0,0
2026-09-28T13:41:42,/works/W2045959090,singleton,0,0
2026-09-28T13:41:42,/works/W2052367003,singleton,0,0
2026-09-28T13:41:42,/works/W2081350509,singleton,0,0
2026-09-28T13:41:42,/works/W2162954233,singleton,0,0
2026-09-28T13:41:42,/works/W2041849062,singleton,0,0
2026-09-28T13:41:42,/works/W1989826307,singleton,0,0
2026-09-28T13:41:43,/works/W2069281265,singleton,0,0
2026-09-28T13:41:43,/works/W1993114694,singleton,0,0
2026-09-28T13:41:43,/works/W2083537735,singleton,0,0
2026-09-28T13:41:43,/works/W2028513173,singleton,0,0
2026-09-28T13:41:43,/works/W2131829303,singleton,0,0
2026-09-28T13:41:43,/works/W2045959090,singleton,0,0
2026-09-28T13:41:43,/works/W1998070516,singleton,0,0
2026-09-28T13:41:43,/works/W2414877367,singleton,0,0
2026-09-28T13:41:43,/works/W2052367003,singleton,0,0
2026-09-28T13:41:43,/works/W2109867632,singleton,0,0
2026-09-28T13:41:44,/works/W2115295370,singleton,0,0
2026-09-28T13:41:44,/works/W2133012555,singleton,0,0
2026-09-28T13:41:44,/works/W2124266675,singleton,0,0
2026-09-28T13:41:44,/works/W1993114694,singleton,0,0
2026-09-28T13:41:44,/works/W2162954233,singleton,0,0
2026-09-28T13:41:44,/works/W2061592635,singleton,0,0
2026-09-28T13:41:44,/works/W2143576160,singleton,0,0
2026-09-28T13:41:44,/works/W2012910100,singleton,0,0
2026-09-28T13:41:44,/works/W166977550,singleton,0,0
2026-09-28T13:41:44,/works/W2745525872,singleton,0,0
2026-09-28T13:41:44,/works/W2069281265,singleton,0,0
2026-09-28T13:41:44,/works/W1981992221,singleton,0,0
2026-09-28T13:41:44,/works/W1967531155,singleton,0,0
2026-09-28T13:41:44,/works/W2129236677,singleton,0,0
2026-09-28T13:41:44,/works/W1969433179,singleton,0,0
2026-09-28T13:41:44,/works/W1993114694,singleton,0,0
2026-09-28T13:41:45,/works/W2057324594,singleton,0,0
2026-09-28T13:41:45,/works/W2036169480,singleton,0,0
2026-09-28T13:41:45,/works/W2027283537,singleton,0,0
2026-09-28T13:41:45,/works/W2085459581,singleton,0,0
2026-09-28T13:41:45,/works/W2143576160,singleton,0,0
2026-09-28T13:41:45,/works/W2025365923,singleton,0,0
2026-09-28T13:41:45,/works/W2092631822,singleton,0,0
2026-09-28T13:41:45,/works/W2150870523,singleton,0,0
2026-09-28T13:41:45,/works/W2124266675,singleton,0,0
2026-09-28T13:41:45,/works/W2037351060,singleton,0,0
2026-09-28T13:41:45,/works/W2008764534,singleton,0,0
2026-09-28T13:41:45,/works/W2070340604,singleton,0,0
2026-09-28T13:41:45,/works/W2036169480,singleton,0,0
2026-09-28T13:41:45,/works/W2753037552,singleton,0,0
2026-09-28T13:41:46,/works/W1987953899,singleton,0,0
2026-09-28T13:41:46,/works/W1969433179,singleton,0,0
2026-09-28T13:41:46,/works/W1985584955,singleton,0,0
2026-09-28T13:41:46,/works/W2070279041,singleton,0,0
2026-09-28T13:41:46,/works/W2054070258,singleton,0,0
2026-09-28T13:41:46,/works/W2099053206,singleton,0,0
2026-09-28T13:41:46,/works/W2111648798,singleton,0,0
2026-09-28T13:41:46,/works/W2150870523,singleton,0,0
2026-09-28T13:41:46,/works/W2088273151,singleton,0,0
2026-09-28T13:41:46,/works/W1993114694,singleton,0,0
2026-09-28T13:41:46,/works/W108616432,singleton,0,0
2026-09-28T13:41:46,/works/W2011436438,singleton,0,0
2026-09-28T13:41:46,/works/W2039268789,singleton,0,0
2026-09-28T13:41:46,/works/W2039746020,singleton,0,0
2026-09-28T13:41:47,/works/W2091289354,singleton,0,0
2026-09-28T13:41:47,/works/W2549270948,singleton,0,0
2026-09-28T13:41:47,/works/W2099002565,singleton,0,0
2026-09-28T13:41:47,/works/W2084079308,singleton,0,0
2026-09-28T13:41:47,/works/W2753037552,singleton,0,0
2026-09-28T13:41:47,/works/W2090071268,singleton,0,0
2026-09-28T13:41:47,/works/W2118659617,singleton,0,0
2026-09-28T13:41:47,/works/W1964422095,singleton,0,0
2026-09-28T13:41:47,/works/W1984587672,singleton,0,0
2026-09-28T13:41:47,/works/W2061025473,singleton,0,0
2026-09-28T13:41:47,/works/W2418350305,singleton,0,0
2026-09-28T13:41:47,/works/W1985584955,singleton,0,0
2026-09-28T13:41:47,/works/W2010417538,singleton,0,0
2026-09-28T13:41:47,/works/W2088273151,singleton,0,0
2026-09-28T13:41:48,/works/doi:10.1152/ajpheart.00432.2012,singleton,0,0
2026-09-28T13:41:48,/works/W1520391040,singleton,0,0
2026-09-28T13:41:48,/works/W2082523159,singleton,0,0
2026-09-28T13:41:48,/works/W2084079308,singleton,0,0
2026-09-28T13:41:48,/works/W2074869013,singleton,0,0
2026-09-28T13:41:48,/works/W2095392194,singleton,0,0
2026-09-28T13:41:48,/works/W2003068184,singleton,0,0
2026-09-28T13:41:48,/works/W2016283224,singleton,0,0
2026-09-28T13:41:48,/works/W2099002565,singleton,0,0
2026-09-28T13:41:48,/works/W1985584955,singleton,0,0
2026-09-28T13:41:48,/works/W2401091949,singleton,0,0
2026-09-28T13:41:48,/works/W2151028899,singleton,0,0
2026-09-28T13:41:48,/works/W2060373908,singleton,0,0
2026-09-28T13:41:49,/works/W1997223771,singleton,0,0
2026-09-28T13:41:49,/works/W2022759417,singleton,0,0
2026-09-28T13:41:49,/works/W2011814333,singleton,0,0
2026-09-28T13:41:49,/works/W2093570306,singleton,0,0
2026-09-28T13:41:49,/works/doi:10.1152/ajpheart.00432.2012,singleton,0,0
2026-09-28T13:41:49,/works/W1536069924,singleton,0,0
2026-09-28T13:41:49,/works/W2071083432,singleton,0,0
2026-09-28T13:41:49,/works/W1639880523,singleton,0,0
2026-09-28T13:41:49,/works/W2003068184,singleton,0,0
2026-09-28T13:41:49,/works/W2060696762,singleton,0,0
2026-09-28T13:41:49,/works/W2070915934,singleton,0,0
2026-09-28T13:41:49,/works/W2115158092,singleton,0,0
2026-09-28T13:41:49,/works/W2077987729,singleton,0,0
2026-09-28T13:41:49,/works/W2029694960,singleton,0,0
2026-09-28T13:41:49,/works/W2148351310,singleton,0,0
2026-09-28T13:41:49,/works/W2401091949,singleton,0,0
2026-09-28T13:41:50,/works/W2067026281,singleton,0,0
2026-09-28T13:41:50,/works/W1639880523,singleton,0,0
2026-09-28T13:41:50,/works/W1988231185,singleton,0,0
2026-09-28T13:41:50,/works/W2138997609,singleton,0,0
2026-09-28T13:41:50,/works/W2154802301,singleton,0,0
2026-09-28T13:41:50,/works/W2757319107,singleton,0,0
2026-09-28T13:41:50,/works/W2085882374,singleton,0,0
2026-09-28T13:41:50,/works/W2006902614,singleton,0,0
2026-09-28T13:41:50,/works/W1574393133,singleton,0,0
2026-09-28T13:41:50,/works/W2184561088,singleton,0,0
2026-09-28T13:41:50,/works/W2072827069,singleton,0,0
2026-09-28T13:41:51,/works/W2066539001,singleton,0,0
2026-09-28T13:41:51,/works/W2029694960,singleton,0,0
2026-09-28T13:41:51,/works/W1971796404,singleton,0,0
2026-09-28T13:41:51,/works/W2149787863,singleton,0,0
2026-09-28T13:41:51,/works/W2071083432,singleton,0,0
2026-09-28T13:41:51,/works/W2017974887,singleton,0,0
2026-09-28T13:41:51,/works/W1995267282,singleton,0,0
2026-09-28T13:41:51,/works/W2125018051,singleton,0,0
2026-09-28T13:41:51,/works/W2085882374,singleton,0,0
2026-09-28T13:41:51,/works/W1639880523,singleton,0,0
2026-09-28T13:41:51,/works/W1969393369,singleton,0,0
2026-09-28T13:41:52,/works/W2066539001,singleton,0,0
2026-09-28T13:41:52,/works/W2017974887,singleton,0,0
2026-09-28T13:41:52,/works/W2125018051,singleton,0,0
2026-09-28T13:41:52,/works/W2006902614,singleton,0,0
2026-09-28T13:41:52,/works/W2061776297,singleton,0,0
2026-09-28T13:41:52,/works/W2029694960,singleton,0,0
2026-09-28T13:41:52,/works/W1968604225,singleton,0,0
2026-09-28T13:41:52,/works/W2408857656,singleton,0,0
2026-09-28T13:41:52,/works/W1995267282,singleton,0,0
2026-09-28T13:41:53,/works/W2017974887,singleton,0,0
2026-09-28T13:41:53,/works/W2066539001,singleton,0,0
2026-09-28T13:41:53,/works/W1639880523,singleton,0,0
2026-09-28T13:41:53,/works/W2009409311,singleton,0,0
2026-09-28T13:41:53,/works/W2125018051,singleton,0,0
2026-09-28T13:41:53,/works/W2473654816,singleton,0,0
2026-09-28T13:41:53,/works/W2136956732,singleton,0,0
2026-09-28T13:41:53,/works/W2079557795,singleton,0,0
2026-09-28T13:41:53,/works/W2006902614,singleton,0,0
2026-09-28T13:41:53,/works/W1581762280,singleton,0,0
2026-09-28T13:41:54,/works/W2125018051,singleton,0,0
2026-09-28T13:41:54,/works/W2315053387,singleton,0,0
2026-09-28T13:41:54,/works/W1968604225,singleton,0,0
2026-09-28T13:41:54,/works/W2136956732,singleton,0,0
2026-09-28T13:41:54,/works/W2066539001,singleton,0,0
2026-09-28T13:41:54,/works/W2473654816,singleton,0,0
2026-09-28T13:41:54,/works/W1639880523,singleton,0,0
2026-09-28T13:41:54,/works/W1432702298,singleton,0,0
2026-09-28T13:41:54,/works/W1968604225,singleton,0,0
2026-09-28T13:41:54,/works/W2136956732,singleton,0,0
2026-09-28T13:41:55,/works/W1581762280,singleton,0,0
2026-09-28T13:41:55,/works/W2125018051,singleton,0,0
2026-09-28T13:41:55,/works/W2098988939,singleton,0,0
2026-09-28T13:41:55,/works/W2315053387,singleton,0,0
2026-09-28T13:41:55,/works/W2079440332,singleton,0,0
2026-09-28T13:41:55,/works/W1639880523,singleton,0,0
2026-09-28T13:41:55,/works/W2473654816,singleton,0,0
2026-09-28T13:41:56,/works/W2125018051,singleton,0,0
2026-09-28T13:41:56,/works/W1432702298,singleton,0,0
2026-09-28T13:41:56,/works/W768348116,singleton,0,0
2026-09-28T13:41:56,/works/W2136956732,singleton,0,0
2026-09-28T13:41:56,/works/W2163440110,singleton,0,0
2026-09-28T13:41:56,/works/W2086192852,singleton,0,0
2026-09-28T13:41:56,/works/W1581762280,singleton,0,0
2026-09-28T13:41:56,/works/W2026793566,singleton,0,0
2026-09-28T13:41:56,/works/W1996606377,singleton,0,0
2026-09-28T13:41:56,/works/W2098988939,singleton,0,0
2026-09-28T13:41:56,/works/W1989674731,singleton,0,0
2026-09-28T13:41:56,/works/W2079440332,singleton,0,0
2026-09-28T13:41:57,/works/W1639880523,singleton,0,0
2026-09-28T13:41:57,/works/W2031443385,singleton,0,0
2026-09-28T13:41:57,/works/W1983938064,singleton,0,0
2026-09-28T13:41:57,/works/W1581762280,singleton,0,0
2026-09-28T13:41:57,/works/W2802504229,singleton,0,0
2026-09-28T13:41:57,/works/W2049345986,singleton,0,0
2026-09-28T13:41:57,/works/W2163440110,singleton,0,0
2026-09-28T13:41:57,/works/W2026793566,singleton,0,0
2026-09-28T13:41:57,/works/W1996606377,singleton,0,0
2026-09-28T13:41:57,/works/W2532155896,singleton,0,0
2026-09-28T13:41:58,/works/W1581762280,singleton,0,0
2026-09-28T13:41:58,/works/W2098988939,singleton,0,0
2026-09-28T13:41:58,/works/W1639880523,singleton,0,0
2026-09-28T13:41:58,/works/W1996606377,singleton,0,0
2026-09-28T13:41:58,/works/W2136897949,singleton,0,0
2026-09-28T13:41:58,/works/W2266119117,singleton,0,0
2026-09-28T13:41:58,/works/W2802504229,singleton,0,0
2026-09-28T13:41:58,/works/W2304392765,singleton,0,0
2026-09-28T13:41:58,/works/W1964617104,singleton,0,0
2026-09-28T13:41:58,/works/W2044704054,singleton,0,0
2026-09-28T13:41:59,/works/W2153853244,singleton,0,0
2026-09-28T13:41:59,/works/W2140332303,singleton,0,0
2026-09-28T13:41:59,/works/W41192589,singleton,0,0
2026-09-28T13:41:59,/works/W2064772346,singleton,0,0
2026-09-28T13:41:59,/works/W2163440110,singleton,0,0
2026-09-28T13:41:59,/works/W590230084,singleton,0,0
2026-09-28T13:41:59,/works/W2026793566,singleton,0,0
2026-09-28T13:41:59,/works/W2532155896,singleton,0,0
2026-09-28T13:41:59,/works/W1964617104,singleton,0,0
2026-09-28T13:41:59,/works/W1998952136,singleton,0,0
2026-09-28T13:41:59,/works/W2304392765,singleton,0,0
2026-09-28T13:41:59,/works/W2049121574,singleton,0,0
2026-09-28T13:41:59,/works/W1980017678,singleton,0,0
2026-09-28T13:41:59,/works/W2188506980,singleton,0,0
2026-09-28T13:42:00,/works/W590230084,singleton,0,0
2026-09-28T13:42:00,/works/W1546174580,singleton,0,0
2026-09-28T13:42:00,/works/W2123103161,singleton,0,0
2026-09-28T13:42:00,/works/W41192589,singleton,0,0
2026-09-28T13:42:00,/works/W1998952136,singleton,0,0
2026-09-28T13:42:00,/works/W2101567225,singleton,0,0
2026-09-28T13:42:00,/works/W2091929565,singleton,0,0
2026-09-28T13:42:00,/works/W1739014975,singleton,0,0
2026-09-28T13:42:00,/works/W1996338696,singleton,0,0
2026-09-28T13:42:01,/works/W2023916971,singleton,0,0
2026-09-28T13:42:01,/works/W1964617104,singleton,0,0
2026-09-28T13:42:01,/works/W2906123156,singleton,0,0
2026-09-28T13:42:01,/works/W2049121574,singleton,0,0
2026-09-28T13:42:01,/works/W1739014975,singleton,0,0
2026-09-28T13:42:01,/works/W2188506980,singleton,0,0
2026-09-28T13:42:01,/works/W590230084,singleton,0,0
2026-09-28T13:42:01,/works/W1998952136,singleton,0,0
2026-09-28T13:42:01,/works/W2035759860,singleton,0,0
2026-09-28T13:42:01,/works/W2093450191,singleton,0,0
2026-09-28T13:42:02,/works/W2185820719,singleton,0,0
2026-09-28T13:42:02,/works/W2408769634,singleton,0,0
2026-09-28T13:42:02,/works/W1560956408,singleton,0,0
2026-09-28T13:42:02,/works/W2189156590,singleton,0,0
2026-09-28T13:42:02,/works/W1976681051,singleton,0,0
2026-09-28T13:42:02,/works/W2041648766,singleton,0,0
2026-09-28T13:42:02,/works/W1996338696,singleton,0,0
2026-09-28T13:42:02,/works/W2020032046,singleton,0,0
2026-09-28T13:42:02,/works/W2906123156,singleton,0,0
2026-09-28T13:42:02,/works/W2002599599,singleton,0,0
2026-09-28T13:42:02,/works/W2139272195,singleton,0,0
2026-09-28T13:42:02,/works/W1964617104,singleton,0,0
2026-09-28T13:42:02,/works/W590230084,singleton,0,0
2026-09-28T13:42:03,/works/W2036077392,singleton,0,0
2026-09-28T13:42:03,/works/W2065355492,singleton,0,0
2026-09-28T13:42:03,/works/W2498145386,singleton,0,0
2026-09-28T13:42:03,/works/W2408769634,singleton,0,0
2026-09-28T13:42:03,/works/W2906123156,singleton,0,0
2026-09-28T13:42:03,/works/W2139272195,singleton,0,0
2026-09-28T13:42:04,/works/W2906123156,singleton,0,0
2026-09-28T13:42:04,/works/W2408769634,singleton,0,0
2026-09-28T13:42:04,/works/W2139272195,singleton,0,0
2026-09-28T13:42:05,/works/W2906123156,singleton,0,0
2026-09-28T13:42:06,/works/W2139272195,singleton,0,0
2026-09-28T13:42:07,/works/W2906123156,singleton,0,0
2026-09-28T13:42:08,/works/W2906123156,singleton,0,0
2026-09-28T13:42:09,/works/W2906123156,singleton,0,0
2026-09-28T13:42:57,/works/W1990364202,singleton,0,0
2026-09-28T13:42:57,/works/W126449392,singleton,0,0
2026-09-28T13:42:57,/works/W1512693699,singleton,0,0
2026-09-28T13:42:57,/works/W2130399089,singleton,0,0
2026-09-28T13:42:57,/works/W1991878300,singleton,0,0
2026-09-28T13:42:57,/works/W2178556824,singleton,0,0
2026-09-28T13:42:57,/works/W2101181144,singleton,0,0
2026-09-28T13:42:57,/works/W1998077837,singleton,0,0
2026-09-28T13:42:57,/works/W1982469681,singleton,0,0
2026-09-28T13:42:57,/works/W2056930789,singleton,0,0
2026-09-28T13:42:57,/works/W1969295076,singleton,0,0
2026-09-28T13:42:58,/works/W2013919406,singleton,0,0
2026-09-28T13:42:58,/works/W1512693699,singleton,0,0
2026-09-28T13:42:58,/works/W1990364202,singleton,0,0
2026-09-28T13:42:58,/works/W1982469681,singleton,0,0
2026-09-28T13:42:58,/works/W126449392,singleton,0,0
2026-09-28T13:42:58,/works/W1991878300,singleton,0,0
2026-09-28T13:42:58,/works/W1969295076,singleton,0,0
2026-09-28T13:42:58,/works/W2001031283,singleton,0,0
2026-09-28T13:42:58,/works/W2013919406,singleton,0,0
2026-09-28T13:42:59,/works/W2027770048,singleton,0,0
2026-09-28T13:42:59,/works/W2130399089,singleton,0,0
2026-09-28T13:42:59,/works/W2737477943,singleton,0,0
2026-09-28T13:42:59,/works/W2065644739,singleton,0,0
2026-09-28T13:42:59,/works/W1990364202,singleton,0,0
2026-09-28T13:42:59,/works/W2098290178,singleton,0,0
2026-09-28T13:42:59,/works/W2072957484,singleton,0,0
2026-09-28T13:42:59,/works/W2291103953,singleton,0,0
2026-09-28T13:42:59,/works/W1994441981,singleton,0,0
2026-09-28T13:42:59,/works/W2080700065,singleton,0,0
2026-09-28T13:42:59,/works/W1512693699,singleton,0,0
2026-09-28T13:42:59,/works/W2495966844,singleton,0,0
2026-09-28T13:42:59,/works/W1969295076,singleton,0,0
2026-09-28T13:43:00,/works/W2146774182,singleton,0,0
2026-09-28T13:43:00,/works/W2150243977,singleton,0,0
2026-09-28T13:43:00,/works/W2072957484,singleton,0,0
2026-09-28T13:43:00,/works/W2737477943,singleton,0,0
2026-09-28T13:43:00,/works/W2080700065,singleton,0,0
2026-09-28T13:43:00,/works/W2001173856,singleton,0,0
2026-09-28T13:43:00,/works/W2055503200,singleton,0,0
2026-09-28T13:43:00,/works/W2098290178,singleton,0,0
2026-09-28T13:43:00,/works/W1505461764,singleton,0,0
2026-09-28T13:43:00,/works/W1969295076,singleton,0,0
2026-09-28T13:43:01,/works/W2102567164,singleton,0,0
2026-09-28T13:43:01,/works/W66110410,singleton,0,0
2026-09-28T13:43:01,/works/W1994441981,singleton,0,0
2026-09-28T13:43:01,/works/W2150243977,singleton,0,0
2026-09-28T13:43:01,/works/W1836839797,singleton,0,0
2026-09-28T13:43:01,/works/W2146774182,singleton,0,0
2026-09-28T13:43:01,/works/W2140604849,singleton,0,0
2026-09-28T13:43:01,/works/W2102567164,singleton,0,0
2026-09-28T13:43:01,/works/W2001173856,singleton,0,0
2026-09-28T13:43:01,/works/W2323742262,singleton,0,0
2026-09-28T13:43:02,/works/W2018102758,singleton,0,0
2026-09-28T13:43:02,/works/W2055503200,singleton,0,0
2026-09-28T13:43:02,/works/W66110410,singleton,0,0
2026-09-28T13:43:02,/works/W1969295076,singleton,0,0
2026-09-28T13:43:02,/works/W2286719686,singleton,0,0
2026-09-28T13:43:02,/works/W2146774182,singleton,0,0
2026-09-28T13:43:02,/works/W1836839797,singleton,0,0
2026-09-28T13:43:02,/works/W2086004267,singleton,0,0
2026-09-28T13:43:02,/works/W2102567164,singleton,0,0
2026-09-28T13:43:03,/works/W1975252442,singleton,0,0
2026-09-28T13:43:03,/works/W2103903744,singleton,0,0
2026-09-28T13:43:03,/works/W2323742262,singleton,0,0
2026-09-28T13:43:03,/works/W2160304232,singleton,0,0
2026-09-28T13:43:03,/works/W2055503200,singleton,0,0
2026-09-28T13:43:03,/works/W66110410,singleton,0,0
2026-09-28T13:43:03,/works/W2146774182,singleton,0,0
2026-09-28T13:43:04,/works/W2323742262,singleton,0,0
2026-09-28T13:43:04,/works/W2092579494,singleton,0,0
2026-09-28T13:43:04,/works/W2086004267,singleton,0,0
2026-09-28T13:43:04,/works/W1168297090,singleton,0,0
2026-09-28T13:43:04,/works/W2160304232,singleton,0,0
2026-09-28T13:43:04,/works/W2102567164,singleton,0,0
2026-09-28T13:43:04,/works/W2103903744,singleton,0,0
2026-09-28T13:43:04,/works/W2146774182,singleton,0,0
2026-09-28T13:43:04,/works/W2055503200,singleton,0,0
2026-09-28T13:43:05,/works/W2035779227,singleton,0,0
2026-09-28T13:43:05,/works/W2323742262,singleton,0,0
2026-09-28T13:43:05,/works/W1168297090,singleton,0,0
2026-09-28T13:43:05,/works/W2160304232,singleton,0,0
2026-09-28T13:43:05,/works/W2092579494,singleton,0,0
2026-09-28T13:43:05,/works/W2102567164,singleton,0,0
2026-09-28T13:43:05,/works/W2160304232,singleton,0,0
2026-09-28T13:43:06,/works/W2323742262,singleton,0,0
2026-09-28T13:43:06,/works/W2035779227,singleton,0,0
2026-09-28T13:43:06,/works/W2146774182,singleton,0,0
2026-09-28T13:43:06,/works/W1977345694,singleton,0,0
2026-09-28T13:43:06,/works/W2055503200,singleton,0,0
2026-09-28T13:43:06,/works/W1168297090,singleton,0,0
2026-09-28T13:43:06,/works/doi:10.1038/s41587-023-02052-8,singleton,0,0
2026-09-28T13:43:06,/works/W1899092355,singleton,0,0
2026-09-28T13:43:06,/works/W2092579494,singleton,0,0
2026-09-28T13:43:06,/works/W2125458111,singleton,0,0
2026-09-28T13:43:06,/works/W2106143581,singleton,0,0
2026-09-28T13:43:07,/works/W2323742262,singleton,0,0
2026-09-28T13:43:07,/works/W2076767914,singleton,0,0
2026-09-28T13:43:07,/works/W1977345694,singleton,0,0
2026-09-28T13:43:07,/works/W2146774182,singleton,0,0
2026-09-28T13:43:07,/works/W2160304232,singleton,0,0
2026-09-28T13:43:07,/works/W2066698530,singleton,0,0
2026-09-28T13:43:07,/works/W2106143581,singleton,0,0
2026-09-28T13:43:07,/works/W2092222120,singleton,0,0
2026-09-28T13:43:07,/works/W2152805980,singleton,0,0
2026-09-28T13:43:07,/works/W2092579494,singleton,0,0
2026-09-28T13:43:08,/works/W1168297090,singleton,0,0
2026-09-28T13:43:08,/works/W1977345694,singleton,0,0
2026-09-28T13:43:08,/works/W2078806843,singleton,0,0
2026-09-28T13:43:08,/works/W2092579494,singleton,0,0
2026-09-28T13:43:08,/works/W2140377922,singleton,0,0
2026-09-28T13:43:08,/works/W1997374285,singleton,0,0
2026-09-28T13:43:08,/works/W2092222120,singleton,0,0
2026-09-28T13:43:08,/works/W2106143581,singleton,0,0
2026-09-28T13:43:08,/works/W2146774182,singleton,0,0
2026-09-28T13:43:09,/works/W2327125637,singleton,0,0
2026-09-28T13:43:09,/works/W2066698530,singleton,0,0
2026-09-28T13:43:09,/works/W2362690294,singleton,0,0
2026-09-28T13:43:09,/works/W2152805980,singleton,0,0
2026-09-28T13:43:09,/works/W2092579494,singleton,0,0
2026-09-28T13:43:09,/works/W1997374285,singleton,0,0
2026-09-28T13:43:09,/works/W2120571246,singleton,0,0
2026-09-28T13:43:09,/works/W2119520197,singleton,0,0
2026-09-28T13:43:09,/works/W1981077843,singleton,0,0
2026-09-28T13:43:09,/works/W2593161585,singleton,0,0
2026-09-28T13:43:10,/works/W2140377922,singleton,0,0
2026-09-28T13:43:10,/works/W2146774182,singleton,0,0
2026-09-28T13:43:10,/works/W2161794223,singleton,0,0
2026-09-28T13:43:10,/works/W2119520197,singleton,0,0
2026-09-28T13:43:10,/works/W2057965171,singleton,0,0
2026-09-28T13:43:10,/works/W2066698530,singleton,0,0
2026-09-28T13:43:10,/works/W2105815973,singleton,0,0
2026-09-28T13:43:10,/works/W1981077843,singleton,0,0
2026-09-28T13:43:10,/works/W2327125637,singleton,0,0
2026-09-28T13:43:10,/works/W2048818637,singleton,0,0
2026-09-28T13:43:11,/works/W2092579494,singleton,0,0
2026-09-28T13:43:11,/works/W2313387020,singleton,0,0
2026-09-28T13:43:11,/works/W1791999417,singleton,0,0
2026-09-28T13:43:11,/works/W76079927,singleton,0,0
2026-09-28T13:43:11,/works/W2105815973,singleton,0,0
2026-09-28T13:43:11,/works/W2140377922,singleton,0,0
2026-09-28T13:43:11,/works/W2098293009,singleton,0,0
2026-09-28T13:43:11,/works/W2119520197,singleton,0,0
2026-09-28T13:43:11,/works/W2094051214,singleton,0,0
2026-09-28T13:43:11,/works/W2048818637,singleton,0,0
2026-09-28T13:43:11,/works/W2066698530,singleton,0,0
2026-09-28T13:43:11,/works/W2000190756,singleton,0,0
2026-09-28T13:43:11,/works/W2029954707,singleton,0,0
2026-09-28T13:43:12,/works/W2105815973,singleton,0,0
2026-09-28T13:43:12,/works/W2092579494,singleton,0,0
2026-09-28T13:43:12,/works/W76079927,singleton,0,0
2026-09-28T13:43:12,/works/W2098293009,singleton,0,0
2026-09-28T13:43:12,/works/W2000190756,singleton,0,0
2026-09-28T13:43:13,/works/W1984857185,singleton,0,0
2026-09-28T13:43:13,/works/W2066698530,singleton,0,0
2026-09-28T13:43:13,/works/W2063710565,singleton,0,0
2026-09-28T13:43:13,/works/W2029954707,singleton,0,0
2026-09-28T13:43:13,/works/W2105815973,singleton,0,0
2026-09-28T13:43:13,/works/W2145336165,singleton,0,0
2026-09-28T13:43:13,/works/W2048818637,singleton,0,0
2026-09-28T13:43:13,/works/W2092579494,singleton,0,0
2026-09-28T13:43:13,/works/W2165003751,singleton,0,0
2026-09-28T13:43:13,/works/W2127415562,singleton,0,0
2026-09-28T13:43:13,/works/W2051258924,singleton,0,0
2026-09-28T13:43:13,/works/W1806648183,singleton,0,0
2026-09-28T13:43:13,/works/W76079927,singleton,0,0
2026-09-28T13:43:13,/works/W2156701707,singleton,0,0
2026-09-28T13:43:14,/works/W1547246861,singleton,0,0
2026-09-28T13:43:14,/works/W1984857185,singleton,0,0
2026-09-28T13:43:14,/works/W1977085329,singleton,0,0
2026-09-28T13:43:14,/works/W2063710565,singleton,0,0
2026-09-28T13:43:14,/works/W2064648361,singleton,0,0
2026-09-28T13:43:14,/works/W2124176417,singleton,0,0
2026-09-28T13:43:14,/works/W2051258924,singleton,0,0
2026-09-28T13:43:14,/works/W1992837433,singleton,0,0
2026-09-28T13:43:14,/works/W1547246861,singleton,0,0
2026-09-28T13:43:15,/works/W2127415562,singleton,0,0
2026-09-28T13:43:15,/works/W1529284031,singleton,0,0
2026-09-28T13:43:15,/works/W1806648183,singleton,0,0
2026-09-28T13:43:15,/works/W2063710565,singleton,0,0
2026-09-28T13:43:15,/works/W2156701707,singleton,0,0
2026-09-28T13:43:15,/works/W2085345238,singleton,0,0
2026-09-28T13:43:15,/works/W2124176417,singleton,0,0
2026-09-28T13:43:15,/works/W1547246861,singleton,0,0
2026-09-28T13:43:15,/works/W2064876101,singleton,0,0
2026-09-28T13:43:16,/works/W2127415562,singleton,0,0
2026-09-28T13:43:16,/works/W1494039212,singleton,0,0
2026-09-28T13:43:16,/works/W2051258924,singleton,0,0
2026-09-28T13:43:16,/works/W2098023550,singleton,0,0
2026-09-28T13:43:16,/works/W1980381654,singleton,0,0
2026-09-28T13:43:16,/works/W2063710565,singleton,0,0
2026-09-28T13:43:16,/works/W1974269181,singleton,0,0
2026-09-28T13:43:16,/works/W1529284031,singleton,0,0
2026-09-28T13:43:16,/works/W1494039212,singleton,0,0
2026-09-28T13:43:16,/works/W2100873784,singleton,0,0
2026-09-28T13:43:16,/works/W2098023550,singleton,0,0
2026-09-28T13:43:16,/works/W2124176417,singleton,0,0
2026-09-28T13:43:16,/works/W2156701707,singleton,0,0
2026-09-28T13:43:17,/works/W2116895571,singleton,0,0
2026-09-28T13:43:17,/works/W1571319209,singleton,0,0
2026-09-28T13:43:17,/works/W2555607218,singleton,0,0
2026-09-28T13:43:17,/works/W1980381654,singleton,0,0
2026-09-28T13:43:17,/works/W2049283735,singleton,0,0
2026-09-28T13:43:17,/works/W2063710565,singleton,0,0
2026-09-28T13:43:18,/works/W2116895571,singleton,0,0
2026-09-28T13:43:18,/works/W2555607218,singleton,0,0
2026-09-28T13:43:18,/works/W2098023550,singleton,0,0
2026-09-28T13:43:18,/works/W1571319209,singleton,0,0
2026-09-28T13:43:18,/works/W1494039212,singleton,0,0
2026-09-28T13:43:18,/works/W2004626381,singleton,0,0
2026-09-28T13:43:18,/works/W2100873784,singleton,0,0
2026-09-28T13:43:18,/works/W2329606903,singleton,0,0
2026-09-28T13:43:18,/works/W2056560532,singleton,0,0
2026-09-28T13:43:18,/works/W2049283735,singleton,0,0
2026-09-28T13:43:19,/works/W1571319209,singleton,0,0
2026-09-28T13:43:19,/works/W1494039212,singleton,0,0
2026-09-28T13:43:19,/works/W2555607218,singleton,0,0
2026-09-28T13:43:19,/works/W2116895571,singleton,0,0
2026-09-28T13:43:20,/works/W2555607218,singleton,0,0
2026-09-28T13:43:21,/works/W2116895571,singleton,0,0
2026-09-28T13:43:22,/works/W2116895571,singleton,0,0
2026-09-28T13:44:27,/works/W2096770243,singleton,0,0
2026-09-28T13:44:27,/works/W2084383053,singleton,0,0
2026-09-28T13:44:27,/works/W2005071808,singleton,0,0
2026-09-28T13:44:27,/works/W58282018,singleton,0,0
2026-09-28T13:44:27,/works/W2010017740,singleton,0,0
2026-09-28T13:44:27,/works/W2121111877,singleton,0,0
2026-09-28T13:44:27,/works/W2023737189,singleton,0,0
2026-09-28T13:44:27,/works/W2186951857,singleton,0,0
2026-09-28T13:44:28,/works/W2017341988,singleton,0,0
2026-09-28T13:44:28,/works/W1493341265,singleton,0,0
2026-09-28T13:44:28,/works/W2023737189,singleton,0,0
2026-09-28T13:44:28,/works/W2096770243,singleton,0,0
2026-09-28T13:44:28,/works/W2084383053,singleton,0,0
2026-09-28T13:44:28,/works/W1988473091,singleton,0,0
2026-09-28T13:44:28,/works/W2005071808,singleton,0,0
2026-09-28T13:44:29,/works/W58282018,singleton,0,0
2026-09-28T13:44:29,/works/W2121111877,singleton,0,0
2026-09-28T13:44:29,/works/W1977580041,singleton,0,0
2026-09-28T13:44:29,/works/W1970213182,singleton,0,0
2026-09-28T13:44:29,/works/W2066689342,singleton,0,0
2026-09-28T13:44:29,/works/W2137881735,singleton,0,0
2026-09-28T13:44:29,/works/W2102227948,singleton,0,0
2026-09-28T13:44:29,/works/W2010017740,singleton,0,0
2026-09-28T13:44:29,/works/W2071495327,singleton,0,0
2026-09-28T13:44:29,/works/W1564412323,singleton,0,0
2026-09-28T13:44:30,/works/W1988473091,singleton,0,0
2026-09-28T13:44:30,/works/W2023737189,singleton,0,0
2026-09-28T13:44:30,/works/W2009277102,singleton,0,0
2026-09-28T13:44:30,/works/W58282018,singleton,0,0
2026-09-28T13:44:30,/works/W2121111877,singleton,0,0
2026-09-28T13:44:30,/works/W2023737189,singleton,0,0
2026-09-28T13:44:30,/works/W960231270,singleton,0,0
2026-09-28T13:44:30,/works/W2071495327,singleton,0,0
2026-09-28T13:44:30,/works/W2102227948,singleton,0,0
2026-09-28T13:44:30,/works/W2066689342,singleton,0,0
2026-09-28T13:44:31,/works/W2009277102,singleton,0,0
2026-09-28T13:44:31,/works/W2086141485,singleton,0,0
2026-09-28T13:44:31,/works/W1988473091,singleton,0,0
2026-09-28T13:44:31,/works/W2102227948,singleton,0,0
2026-09-28T13:44:31,/works/W960231270,singleton,0,0
2026-09-28T13:44:31,/works/W58282018,singleton,0,0
2026-09-28T13:44:31,/works/W2123539544,singleton,0,0
2026-09-28T13:44:32,/works/W2071495327,singleton,0,0
2026-09-28T13:44:32,/works/W1975607918,singleton,0,0
2026-09-28T13:44:32,/works/W598762123,singleton,0,0
2026-09-28T13:44:32,/works/W1979771415,singleton,0,0
2026-09-28T13:44:32,/works/W2009277102,singleton,0,0
2026-09-28T13:44:32,/works/W1988473091,singleton,0,0
2026-09-28T13:44:32,/works/W1991369613,singleton,0,0
2026-09-28T13:44:32,/works/W1968495205,singleton,0,0
2026-09-28T13:44:32,/works/W2128443658,singleton,0,0
2026-09-28T13:44:32,/works/W2102227948,singleton,0,0
2026-09-28T13:44:32,/works/W2023737189,singleton,0,0
2026-09-28T13:44:32,/works/W1531340769,singleton,0,0
2026-09-28T13:44:32,/works/W2048473835,singleton,0,0
2026-09-28T13:44:32,/works/W2039641360,singleton,0,0
2026-09-28T13:44:33,/works/W2009277102,singleton,0,0
2026-09-28T13:44:33,/works/W2077322656,singleton,0,0
2026-09-28T13:44:33,/works/W1975607918,singleton,0,0
2026-09-28T13:44:33,/works/W1991369613,singleton,0,0
2026-09-28T13:44:33,/works/W1988473091,singleton,0,0
2026-09-28T13:44:34,/works/W2048473835,singleton,0,0
2026-09-28T13:44:34,/works/W1531340769,singleton,0,0
2026-09-28T13:44:34,/works/W2009277102,singleton,0,0
2026-09-28T13:44:34,/works/W2077322656,singleton,0,0
2026-09-28T13:44:34,/works/W1981920121,singleton,0,0
2026-09-28T13:44:34,/works/W2102227948,singleton,0,0
2026-09-28T13:44:34,/works/W2008520468,singleton,0,0
2026-09-28T13:44:34,/works/W2313576620,singleton,0,0
2026-09-28T13:44:34,/works/W2092779514,singleton,0,0
2026-09-28T13:44:34,/works/W1991369613,singleton,0,0
2026-09-28T13:44:34,/works/W1975607918,singleton,0,0
2026-09-28T13:44:34,/works/W2183909530,singleton,0,0
2026-09-28T13:44:34,/works/W2048473835,singleton,0,0
2026-09-28T13:44:34,/works/W2029104128,singleton,0,0
2026-09-28T13:44:34,/works/W1542684920,singleton,0,0
2026-09-28T13:44:35,/works/W2093067547,singleton,0,0
2026-09-28T13:44:35,/works/W2048473835,singleton,0,0
2026-09-28T13:44:35,/works/W1531340769,singleton,0,0
2026-09-28T13:44:35,/works/W2185022784,singleton,0,0
2026-09-28T13:44:35,/works/W2092779514,singleton,0,0
2026-09-28T13:44:35,/works/W2183909530,singleton,0,0
2026-09-28T13:44:35,/works/W1991889058,singleton,0,0
2026-09-28T13:44:35,/works/W2313576620,singleton,0,0
2026-09-28T13:44:36,/works/W2337173468,singleton,0,0
2026-09-28T13:44:36,/works/W2008520468,singleton,0,0
2026-09-28T13:44:36,/works/W2029104128,singleton,0,0
2026-09-28T13:44:36,/works/W2050430923,singleton,0,0
2026-09-28T13:44:36,/works/W2185022784,singleton,0,0
2026-09-28T13:44:36,/works/W2074877031,singleton,0,0
2026-09-28T13:44:36,/works/W1514972903,singleton,0,0
2026-09-28T13:44:36,/works/W2313576620,singleton,0,0
2026-09-28T13:44:36,/works/W2048473835,singleton,0,0
2026-09-28T13:44:36,/works/W2098156432,singleton,0,0
2026-09-28T13:44:36,/works/W1987041134,singleton,0,0
2026-09-28T13:44:36,/works/W2043827645,singleton,0,0
2026-09-28T13:44:37,/works/W1984036027,singleton,0,0
2026-09-28T13:44:37,/works/W1991889058,singleton,0,0
2026-09-28T13:44:37,/works/W2102828351,singleton,0,0
2026-09-28T13:44:37,/works/W2313576620,singleton,0,0
2026-09-28T13:44:37,/works/W2029104128,singleton,0,0
2026-09-28T13:44:37,/works/W1991899699,singleton,0,0
2026-09-28T13:44:37,/works/W2149373085,singleton,0,0
2026-09-28T13:44:37,/works/W410708029,singleton,0,0
2026-09-28T13:44:37,/works/W2044530261,singleton,0,0
2026-09-28T13:44:37,/works/W2039376754,singleton,0,0
2026-09-28T13:44:38,/works/W2125629792,singleton,0,0
2026-09-28T13:44:38,/works/W2185022784,singleton,0,0
2026-09-28T13:44:38,/works/W2048473835,singleton,0,0
2026-09-28T13:44:38,/works/W2168381913,singleton,0,0
2026-09-28T13:44:38,/works/W2124122450,singleton,0,0
2026-09-28T13:44:38,/works/W2007604113,singleton,0,0
2026-09-28T13:44:38,/works/W2161910598,singleton,0,0
2026-09-28T13:44:38,/works/W621418191,singleton,0,0
2026-09-28T13:44:38,/works/W1987041134,singleton,0,0
2026-09-28T13:44:38,/works/W2102641866,singleton,0,0
2026-09-28T13:44:38,/works/W2012144276,singleton,0,0
2026-09-28T13:44:38,/works/W2134414334,singleton,0,0
2026-09-28T13:44:38,/works/W2313576620,singleton,0,0
2026-09-28T13:44:38,/works/W2113593828,singleton,0,0
2026-09-28T13:44:39,/works/W2123528905,singleton,0,0
2026-09-28T13:44:39,/works/W2125629792,singleton,0,0
2026-09-28T13:44:39,/works/W2024461505,singleton,0,0
2026-09-28T13:44:39,/works/W2596151110,singleton,0,0
2026-09-28T13:44:39,/works/W1520543912,singleton,0,0
2026-09-28T13:44:39,/works/W2546461521,singleton,0,0
2026-09-28T13:44:39,/works/W621418191,singleton,0,0
2026-09-28T13:44:39,/works/W2103958697,singleton,0,0
2026-09-28T13:44:39,/works/W2168381913,singleton,0,0
2026-09-28T13:44:40,/works/W2161910598,singleton,0,0
2026-09-28T13:44:40,/works/W2080934012,singleton,0,0
2026-09-28T13:44:40,/works/W2024461505,singleton,0,0
2026-09-28T13:44:40,/works/W621418191,singleton,0,0
2026-09-28T13:44:40,/works/W2017355496,singleton,0,0
2026-09-28T13:44:40,/works/W2596151110,singleton,0,0
2026-09-28T13:44:40,/works/W2089215565,singleton,0,0
2026-09-28T13:44:40,/works/W2136447516,singleton,0,0
2026-09-28T13:44:40,/works/W2546461521,singleton,0,0
2026-09-28T13:44:40,/works/W1986094165,singleton,0,0
2026-09-28T13:44:40,/works/W2101361576,singleton,0,0
2026-09-28T13:44:40,/works/W2125629792,singleton,0,0
2026-09-28T13:44:40,/works/W2062316915,singleton,0,0
2026-09-28T13:44:40,/works/W1567573855,singleton,0,0
2026-09-28T13:44:41,/works/W1978545020,singleton,0,0
2026-09-28T13:44:41,/works/W2017355496,singleton,0,0
2026-09-28T13:44:41,/works/W2079746125,singleton,0,0
2026-09-28T13:44:41,/works/W2079089668,singleton,0,0
2026-09-28T13:44:41,/works/W2034908382,singleton,0,0
2026-09-28T13:44:41,/works/W2103958697,singleton,0,0
2026-09-28T13:44:41,/works/W1987062433,singleton,0,0
2026-09-28T13:44:41,/works/W1986094165,singleton,0,0
2026-09-28T13:44:41,/works/W621418191,singleton,0,0
2026-09-28T13:44:41,/works/W1965927479,singleton,0,0
2026-09-28T13:44:42,/works/W1975371575,singleton,0,0
2026-09-28T13:44:42,/works/W2079089668,singleton,0,0
2026-09-28T13:44:42,/works/W2332109861,singleton,0,0
2026-09-28T13:44:42,/works/W2079746125,singleton,0,0
2026-09-28T13:44:42,/works/W2103958697,singleton,0,0
2026-09-28T13:44:42,/works/W2061504576,singleton,0,0
2026-09-28T13:44:42,/works/W2093524466,singleton,0,0
2026-09-28T13:44:42,/works/W2034908382,singleton,0,0
2026-09-28T13:44:42,/works/W1978545020,singleton,0,0
2026-09-28T13:44:42,/works/W2038020271,singleton,0,0
2026-09-28T13:44:42,/works/W1862243566,singleton,0,0
2026-09-28T13:44:42,/works/W2013070078,singleton,0,0
2026-09-28T13:44:43,/works/W621418191,singleton,0,0
2026-09-28T13:44:43,/works/W2103958697,singleton,0,0
2026-09-28T13:44:43,/works/W1965927479,singleton,0,0
2026-09-28T13:44:43,/works/W2332109861,singleton,0,0
2026-09-28T13:44:43,/works/W2021970784,singleton,0,0
2026-09-28T13:44:43,/works/W2093524466,singleton,0,0
2026-09-28T13:44:43,/works/W1975808268,singleton,0,0
2026-09-28T13:44:43,/works/W2065095943,singleton,0,0
2026-09-28T13:44:43,/works/W2007768451,singleton,0,0
2026-09-28T13:44:44,/works/W2038020271,singleton,0,0
2026-09-28T13:44:44,/works/W2005738896,singleton,0,0
2026-09-28T13:44:44,/works/W2168209102,singleton,0,0
2026-09-28T13:44:44,/works/W1862243566,singleton,0,0
2026-09-28T13:44:44,/works/W2337018165,singleton,0,0
2026-09-28T13:44:44,/works/W2013070078,singleton,0,0
2026-09-28T13:44:44,/works/W1965927479,singleton,0,0
2026-09-28T13:44:44,/works/W2402993809,singleton,0,0
2026-09-28T13:44:44,/works/W2332109861,singleton,0,0
2026-09-28T13:44:44,/works/W2152668508,singleton,0,0
2026-09-28T13:44:44,/works/W2544910681,singleton,0,0
2026-09-28T13:44:45,/works/W1975808268,singleton,0,0
2026-09-28T13:44:45,/works/W2005738896,singleton,0,0
2026-09-28T13:44:45,/works/W2152668508,singleton,0,0
2026-09-28T13:44:45,/works/W2168209102,singleton,0,0
2026-09-28T13:44:46,/works/W1975808268,singleton,0,0
2026-09-28T13:44:47,/works/W2152668508,singleton,0,0
2026-09-28T13:45:22,/works/W2099582797,singleton,0,0
2026-09-28T13:45:22,/works/W1994043290,singleton,0,0
2026-09-28T13:45:22,/works/W2125766475,singleton,0,0
2026-09-28T13:45:22,/works/W2108376207,singleton,0,0
2026-09-28T13:45:22,/works/W1598181251,singleton,0,0
2026-09-28T13:45:22,/works/W113251559,singleton,0,0
2026-09-28T13:45:22,/works/W2003391429,singleton,0,0
2026-09-28T13:45:22,/works/W2226120682,singleton,0,0
2026-09-28T13:45:23,/works/W2159207159,singleton,0,0
2026-09-28T13:45:23,/works/W2267351722,singleton,0,0
2026-09-28T13:45:23,/works/W1976849341,singleton,0,0
2026-09-28T13:45:23,/works/W2156349489,singleton,0,0
2026-09-28T13:45:23,/works/W3016081435,singleton,0,0
2026-09-28T13:45:23,/works/W2476720118,singleton,0,0
2026-09-28T13:45:23,/works/W1819530769,singleton,0,0
2026-09-28T13:45:23,/works/W2323929852,singleton,0,0
2026-09-28T13:45:23,/works/W2158876873,singleton,0,0
2026-09-28T13:45:23,/works/W2138079246,singleton,0,0
2026-09-28T13:45:23,/works/W1889267598,singleton,0,0
2026-09-28T13:45:23,/works/doi:10.1007/978-3-642-10665-1_52,singleton,0,0
2026-09-28T13:45:23,/works/W2535641084,singleton,0,0
2026-09-28T13:45:23,/works/W2165269305,singleton,0,0
2026-09-28T13:45:24,/works/W2774259682,singleton,0,0
2026-09-28T13:45:24,/works/W1531223514,singleton,0,0
2026-09-28T13:45:24,/works/W2161758367,singleton,0,0
2026-09-28T13:45:24,/works/W2124410001,singleton,0,0
2026-09-28T13:45:24,/works/W2267351722,singleton,0,0
2026-09-28T13:45:24,/works/W2546501424,singleton,0,0
2026-09-28T13:45:24,/works/W2902199337,singleton,0,0
2026-09-28T13:45:24,/works/W207453132,singleton,0,0
2026-09-28T13:45:24,/works/W2121936656,singleton,0,0
2026-09-28T13:45:24,/works/W2146029994,singleton,0,0
2026-09-28T13:45:24,/works/W1889267598,singleton,0,0
2026-09-28T13:45:24,/works/W2068035704,singleton,0,0
2026-09-28T13:45:24,/works/W2068327330,singleton,0,0
2026-09-28T13:45:24,/works/W1789703105,singleton,0,0
2026-09-28T13:45:24,/works/W1976849341,singleton,0,0
2026-09-28T13:45:25,/works/W2210223524,singleton,0,0
2026-09-28T13:45:25,/works/W2402740132,singleton,0,0
2026-09-28T13:45:25,/works/W2138079246,singleton,0,0
2026-09-28T13:45:25,/works/W2026484904,singleton,0,0
2026-09-28T13:45:25,/works/W2185777012,singleton,0,0
2026-09-28T13:45:25,/works/W2891193962,singleton,0,0
2026-09-28T13:45:25,/works/W1985371230,singleton,0,0
2026-09-28T13:45:25,/works/W1978180969,singleton,0,0
2026-09-28T13:45:25,/works/W2068327330,singleton,0,0
2026-09-28T13:45:25,/works/W2210223524,singleton,0,0
2026-09-28T13:45:25,/works/W2891193962,singleton,0,0
2026-09-28T13:45:26,/works/W2185777012,singleton,0,0
2026-09-28T13:45:26,/works/W2546501424,singleton,0,0
2026-09-28T13:45:26,/works/W2145148147,singleton,0,0
2026-09-28T13:45:26,/works/W2026484904,singleton,0,0
2026-09-28T13:45:26,/works/W2012539106,singleton,0,0
2026-09-28T13:45:26,/works/W2402740132,singleton,0,0
2026-09-28T13:45:26,/works/W106959309,singleton,0,0
2026-09-28T13:45:26,/works/W2107851178,singleton,0,0
2026-09-28T13:45:27,/works/W1978180969,singleton,0,0
2026-09-28T13:45:27,/works/W2902774573,singleton,0,0
2026-09-28T13:45:27,/works/W2068327330,singleton,0,0
2026-09-28T13:45:27,/works/W2535196708,singleton,0,0
2026-09-28T13:45:27,/works/W2210223524,singleton,0,0
2026-09-28T13:45:27,/works/W2891193962,singleton,0,0
2026-09-28T13:45:27,/works/W2189171083,singleton,0,0
2026-09-28T13:45:27,/works/W2167594373,singleton,0,0
2026-09-28T13:45:27,/works/W2952271038,singleton,0,0
2026-09-28T13:45:27,/works/W2280223952,singleton,0,0
2026-09-28T13:45:27,/works/W2012539106,singleton,0,0
2026-09-28T13:45:27,/works/W2145148147,singleton,0,0
2026-09-28T13:45:27,/works/W1986221613,singleton,0,0
2026-09-28T13:45:28,/works/W2107851178,singleton,0,0
2026-09-28T13:45:28,/works/W1977269143,singleton,0,0
2026-09-28T13:45:28,/works/W2102113070,singleton,0,0
2026-09-28T13:45:28,/works/W2165490711,singleton,0,0
2026-09-28T13:45:28,/works/W2912046302,singleton,0,0
2026-09-28T13:45:28,/works/W2163356791,singleton,0,0
2026-09-28T13:45:28,/works/W2535196708,singleton,0,0
2026-09-28T13:45:28,/works/W2189171083,singleton,0,0
2026-09-28T13:45:28,/works/W2167594373,singleton,0,0
2026-09-28T13:45:28,/works/W2170565447,singleton,0,0
2026-09-28T13:45:29,/works/W2130062566,singleton,0,0
2026-09-28T13:45:29,/works/W2145818712,singleton,0,0
2026-09-28T13:45:29,/works/W33006361,singleton,0,0
2026-09-28T13:45:29,/works/W2165490711,singleton,0,0
2026-09-28T13:45:29,/works/W2110379815,singleton,0,0
2026-09-28T13:45:29,/works/W1977269143,singleton,0,0
2026-09-28T13:45:29,/works/W1986221613,singleton,0,0
2026-09-28T13:45:29,/works/W2167594373,singleton,0,0
2026-09-28T13:45:29,/works/W2142799634,singleton,0,0
2026-09-28T13:45:29,/works/W2189171083,singleton,0,0
2026-09-28T13:45:29,/works/W2473459685,singleton,0,0
2026-09-28T13:45:29,/works/W2784576686,singleton,0,0
2026-09-28T13:45:30,/works/W2163356791,singleton,0,0
2026-09-28T13:45:30,/works/W2315004559,singleton,0,0
2026-09-28T13:45:30,/works/W2132519584,singleton,0,0
2026-09-28T13:45:30,/works/W33006361,singleton,0,0
2026-09-28T13:45:30,/works/W2277350138,singleton,0,0
2026-09-28T13:45:30,/works/W2038556825,singleton,0,0
2026-09-28T13:45:30,/works/W1585405701,singleton,0,0
2026-09-28T13:45:30,/works/W2165490711,singleton,0,0
2026-09-28T13:45:31,/works/W2142799634,singleton,0,0
2026-09-28T13:45:31,/works/W2784576686,singleton,0,0
2026-09-28T13:45:31,/works/W1988103588,singleton,0,0
2026-09-28T13:45:31,/works/W2167594373,singleton,0,0
2026-09-28T13:45:31,/works/W2539274422,singleton,0,0
2026-09-28T13:45:31,/works/W147194447,singleton,0,0
2026-09-28T13:45:31,/works/W33006361,singleton,0,0
2026-09-28T13:45:31,/works/W2141658585,singleton,0,0
2026-09-28T13:45:31,/works/W1585405701,singleton,0,0
2026-09-28T13:45:31,/works/W2131056547,singleton,0,0
2026-09-28T13:45:31,/works/W2315004559,singleton,0,0
2026-09-28T13:45:31,/works/W2892082906,singleton,0,0
2026-09-28T13:45:31,/works/W2784576686,singleton,0,0
2026-09-28T13:45:31,/works/W2161017653,singleton,0,0
2026-09-28T13:45:32,/works/W2040691985,singleton,0,0
2026-09-28T13:45:32,/works/W2785692188,singleton,0,0
2026-09-28T13:45:32,/works/W2123723871,singleton,0,0
2026-09-28T13:45:32,/works/W147194447,singleton,0,0
2026-09-28T13:45:32,/works/W2098016930,singleton,0,0
2026-09-28T13:45:32,/works/W2140586854,singleton,0,0
2026-09-28T13:45:32,/works/W2141658585,singleton,0,0
2026-09-28T13:45:32,/works/W2167594373,singleton,0,0
2026-09-28T13:45:33,/works/W2784576686,singleton,0,0
2026-09-28T13:45:33,/works/W1976257249,singleton,0,0
2026-09-28T13:45:33,/works/W2131056547,singleton,0,0
2026-09-28T13:45:33,/works/W2544465606,singleton,0,0
2026-09-28T13:45:33,/works/W2140586854,singleton,0,0
2026-09-28T13:45:33,/works/W2040691985,singleton,0,0
2026-09-28T13:45:33,/works/W2141658585,singleton,0,0
2026-09-28T13:45:33,/works/W2098016930,singleton,0,0
2026-09-28T13:45:33,/works/W2140356495,singleton,0,0
2026-09-28T13:45:33,/works/W147194447,singleton,0,0
2026-09-28T13:45:33,/works/W2466674824,singleton,0,0
2026-09-28T13:45:34,/works/W2044683519,singleton,0,0
2026-09-28T13:45:34,/works/W2784576686,singleton,0,0
2026-09-28T13:45:34,/works/W2058410460,singleton,0,0
2026-09-28T13:45:34,/works/W2139101390,singleton,0,0
2026-09-28T13:45:34,/works/W2098016930,singleton,0,0
2026-09-28T13:45:34,/works/W2058410460,singleton,0,0
2026-09-28T13:45:35,/works/W2141658585,singleton,0,0
2026-09-28T13:45:35,/works/W2044683519,singleton,0,0
2026-09-28T13:45:35,/works/W2140586854,singleton,0,0
2026-09-28T13:45:35,/works/W2784576686,singleton,0,0
2026-09-28T13:45:35,/works/W2098016930,singleton,0,0
2026-09-28T13:45:36,/works/W2141658585,singleton,0,0
2026-09-28T13:45:36,/works/W2044683519,singleton,0,0
2026-09-28T13:45:42,/works/W1981374405,singleton,0,0
2026-09-28T13:45:42,/works/W2111542659,singleton,0,0
2026-09-28T13:45:42,/works/W2090698771,singleton,0,0
2026-09-28T13:45:42,/works/W2072276802,singleton,0,0
2026-09-28T13:45:42,/works/W2026376544,singleton,0,0
2026-09-28T13:45:42,/works/W2326021873,singleton,0,0
2026-09-28T13:45:43,/works/W2339155174,singleton,0,0
2026-09-28T13:45:43,/works/W2068902448,singleton,0,0
2026-09-28T13:45:43,/works/W1997078537,singleton,0,0
2026-09-28T13:45:43,/works/W1993299257,singleton,0,0
2026-09-28T13:45:43,/works/W2077952559,singleton,0,0
2026-09-28T13:45:43,/works/W2090698771,singleton,0,0
2026-09-28T13:45:43,/works/W2111542659,singleton,0,0
2026-09-28T13:45:43,/works/W1981374405,singleton,0,0
2026-09-28T13:45:43,/works/W2048169755,singleton,0,0
2026-09-28T13:45:44,/works/W2326021873,singleton,0,0
2026-09-28T13:45:44,/works/W2072276802,singleton,0,0
2026-09-28T13:45:44,/works/W2026376544,singleton,0,0
2026-09-28T13:45:44,/works/W2056023594,singleton,0,0
2026-09-28T13:45:44,/works/W1978567260,singleton,0,0
2026-09-28T13:45:44,/works/W1997078537,singleton,0,0
2026-09-28T13:45:44,/works/W2325129359,singleton,0,0
2026-09-28T13:45:44,/works/W1981374405,singleton,0,0
2026-09-28T13:45:44,/works/W2048169755,singleton,0,0
2026-09-28T13:45:44,/works/W2077952559,singleton,0,0
2026-09-28T13:45:44,/works/W2056023594,singleton,0,0
2026-09-28T13:45:45,/works/W2002672046,singleton,0,0
2026-09-28T13:45:45,/works/W2072276802,singleton,0,0
2026-09-28T13:45:45,/works/W160090294,singleton,0,0
2026-09-28T13:45:45,/works/W1981374405,singleton,0,0
2026-09-28T13:45:45,/works/W2326021873,singleton,0,0
2026-09-28T13:45:45,/works/W1978567260,singleton,0,0
2026-09-28T13:45:45,/works/W2001357889,singleton,0,0
2026-09-28T13:45:46,/works/W2077952559,singleton,0,0
2026-09-28T13:45:46,/works/W2038964915,singleton,0,0
2026-09-28T13:45:46,/works/W2004808161,singleton,0,0
2026-09-28T13:45:46,/works/W2056023594,singleton,0,0
2026-09-28T13:45:46,/works/W2325129359,singleton,0,0
2026-09-28T13:45:46,/works/W1978567260,singleton,0,0
2026-09-28T13:45:46,/works/W2004731800,singleton,0,0
2026-09-28T13:45:46,/works/W2058898818,singleton,0,0
2026-09-28T13:45:46,/works/W2006035744,singleton,0,0
2026-09-28T13:45:46,/works/W2326021873,singleton,0,0
2026-09-28T13:45:46,/works/W2082338702,singleton,0,0
2026-09-28T13:45:46,/works/W2072276802,singleton,0,0
2026-09-28T13:45:47,/works/W2004808161,singleton,0,0
2026-09-28T13:45:47,/works/W2077952559,singleton,0,0
2026-09-28T13:45:47,/works/W2028913850,singleton,0,0
2026-09-28T13:45:47,/works/W2071908951,singleton,0,0
2026-09-28T13:45:47,/works/W1978567260,singleton,0,0
2026-09-28T13:45:47,/works/W2004731800,singleton,0,0
2026-09-28T13:45:47,/works/W2058898818,singleton,0,0
2026-09-28T13:45:47,/works/W2082338702,singleton,0,0
2026-09-28T13:45:48,/works/W2077952559,singleton,0,0
2026-09-28T13:45:48,/works/W2108695978,singleton,0,0
2026-09-28T13:45:48,/works/W2327653172,singleton,0,0
2026-09-28T13:45:48,/works/W2116129866,singleton,0,0
2026-09-28T13:45:48,/works/W2004808161,singleton,0,0
2026-09-28T13:45:48,/works/W2092684307,singleton,0,0
2026-09-28T13:45:48,/works/W2107401077,singleton,0,0
2026-09-28T13:45:48,/works/W2070185916,singleton,0,0
2026-09-28T13:45:48,/works/W2062746478,singleton,0,0
2026-09-28T13:45:48,/works/W2326021873,singleton,0,0
2026-09-28T13:45:48,/works/W2071908951,singleton,0,0
2026-09-28T13:45:48,/works/W1999954602,singleton,0,0
2026-09-28T13:45:48,/works/W2003502871,singleton,0,0
2026-09-28T13:45:48,/works/W2078938686,singleton,0,0
2026-09-28T13:45:48,/works/W2030431625,singleton,0,0
2026-09-28T13:45:48,/works/W2082338702,singleton,0,0
2026-09-28T13:45:48,/works/W2139780552,singleton,0,0
2026-09-28T13:45:49,/works/W1908682675,singleton,0,0
2026-09-28T13:45:49,/works/W2071908951,singleton,0,0
2026-09-28T13:45:49,/works/W2004808161,singleton,0,0
2026-09-28T13:45:49,/works/W2003502871,singleton,0,0
2026-09-28T13:45:49,/works/W2078938686,singleton,0,0
2026-09-28T13:45:49,/works/W2082338702,singleton,0,0
2026-09-28T13:45:50,/works/W1999954602,singleton,0,0
2026-09-28T13:45:50,/works/W2030431625,singleton,0,0
2026-09-28T13:45:50,/works/W2071908951,singleton,0,0
2026-09-28T13:45:50,/works/W64465260,singleton,0,0
2026-09-28T13:45:50,/works/W2109077132,singleton,0,0
2026-09-28T13:45:50,/works/W1908682675,singleton,0,0
2026-09-28T13:45:50,/works/W2325923180,singleton,0,0
2026-09-28T13:45:50,/works/W1988104221,singleton,0,0
2026-09-28T13:45:50,/works/W2084953305,singleton,0,0
2026-09-28T13:45:50,/works/W2003502871,singleton,0,0
2026-09-28T13:45:50,/works/W2085419679,singleton,0,0
2026-09-28T13:45:50,/works/W2161785476,singleton,0,0
2026-09-28T13:45:50,/works/W2004808161,singleton,0,0
2026-09-28T13:45:51,/works/W2313696738,singleton,0,0
2026-09-28T13:45:51,/works/W1999954602,singleton,0,0
2026-09-28T13:45:51,/works/W2143611317,singleton,0,0
2026-09-28T13:45:51,/works/W2006853223,singleton,0,0
2026-09-28T13:45:51,/works/W2078938686,singleton,0,0
2026-09-28T13:45:51,/works/W2020320726,singleton,0,0
2026-09-28T13:45:51,/works/W2054031112,singleton,0,0
2026-09-28T13:45:51,/works/W2006959479,singleton,0,0
2026-09-28T13:45:51,/works/W2004808161,singleton,0,0
2026-09-28T13:45:51,/works/W2043508674,singleton,0,0
2026-09-28T13:45:52,/works/W1602088354,singleton,0,0
2026-09-28T13:45:52,/works/W1977484402,singleton,0,0
2026-09-28T13:45:52,/works/W2090403592,singleton,0,0
2026-09-28T13:45:52,/works/W2078938686,singleton,0,0
2026-09-28T13:45:52,/works/W2145478759,singleton,0,0
2026-09-28T13:45:52,/works/W2003502871,singleton,0,0
2026-09-28T13:45:52,/works/W2161785476,singleton,0,0
2026-09-28T13:45:52,/works/W1984162024,singleton,0,0
2026-09-28T13:45:52,/works/W2020320726,singleton,0,0
2026-09-28T13:45:52,/works/W2158538754,singleton,0,0
2026-09-28T13:45:52,/works/W1987854510,singleton,0,0
2026-09-28T13:45:52,/works/W2143611317,singleton,0,0
2026-09-28T13:45:52,/works/W2057173056,singleton,0,0
2026-09-28T13:45:52,/works/W1991731447,singleton,0,0
2026-09-28T13:45:53,/works/W2101360900,singleton,0,0
2026-09-28T13:45:53,/works/W1980656846,singleton,0,0
2026-09-28T13:45:53,/works/W2058663395,singleton,0,0
2026-09-28T13:45:53,/works/W1526931201,singleton,0,0
2026-09-28T13:45:53,/works/W2024716311,singleton,0,0
2026-09-28T13:45:53,/works/W2123261176,singleton,0,0
2026-09-28T13:45:53,/works/W1977484402,singleton,0,0
2026-09-28T13:45:53,/works/W1984162024,singleton,0,0
2026-09-28T13:45:53,/works/W1963668412,singleton,0,0
2026-09-28T13:45:53,/works/W2143611317,singleton,0,0
2026-09-28T13:45:53,/works/W2158538754,singleton,0,0
2026-09-28T13:45:54,/works/W1987854510,singleton,0,0
2026-09-28T13:45:54,/works/W2134165459,singleton,0,0
2026-09-28T13:45:54,/works/W2066624696,singleton,0,0
2026-09-28T13:45:54,/works/W1960954169,singleton,0,0
2026-09-28T13:45:54,/works/W1989143404,singleton,0,0
2026-09-28T13:45:54,/works/W2037821552,singleton,0,0
2026-09-28T13:45:54,/works/W2187736695,singleton,0,0
2026-09-28T13:45:54,/works/W1977484402,singleton,0,0
2026-09-28T13:45:55,/works/W1963668412,singleton,0,0
2026-09-28T13:45:55,/works/W2123261176,singleton,0,0
2026-09-28T13:45:55,/works/W2134165459,singleton,0,0
2026-09-28T13:45:55,/works/W1960954169,singleton,0,0
2026-09-28T13:45:55,/works/W2024716311,singleton,0,0
2026-09-28T13:45:55,/works/W1978972589,singleton,0,0
2026-09-28T13:45:55,/works/W2187736695,singleton,0,0
2026-09-28T13:45:55,/works/W2054773666,singleton,0,0
2026-09-28T13:45:55,/works/W2096487943,singleton,0,0
2026-09-28T13:45:55,/works/W2122439167,singleton,0,0
2026-09-28T13:45:55,/works/W2049533009,singleton,0,0
2026-09-28T13:45:55,/works/W2065206708,singleton,0,0
2026-09-28T13:45:56,/works/W1977484402,singleton,0,0
2026-09-28T13:45:56,/works/W2037821552,singleton,0,0
2026-09-28T13:45:56,/works/W2006969998,singleton,0,0
2026-09-28T13:45:56,/works/W2095223354,singleton,0,0
2026-09-28T13:45:56,/works/W2187736695,singleton,0,0
2026-09-28T13:45:56,/works/W1960954169,singleton,0,0
2026-09-28T13:45:56,/works/W2049533009,singleton,0,0
2026-09-28T13:45:56,/works/W2054773666,singleton,0,0
2026-09-28T13:45:56,/works/W2408710609,singleton,0,0
2026-09-28T13:45:56,/works/W2153025560,singleton,0,0
2026-09-28T13:45:56,/works/W1525088306,singleton,0,0
2026-09-28T13:45:57,/works/W2077714679,singleton,0,0
2026-09-28T13:45:57,/works/W2096487943,singleton,0,0
2026-09-28T13:45:57,/works/W2006969998,singleton,0,0
2026-09-28T13:45:57,/works/W1986191101,singleton,0,0
2026-09-28T13:45:57,/works/W2324074362,singleton,0,0
2026-09-28T13:45:57,/works/W1960954169,singleton,0,0
2026-09-28T13:45:57,/works/W2095223354,singleton,0,0
2026-09-28T13:45:57,/works/W2056512784,singleton,0,0
2026-09-28T13:45:57,/works/W2049533009,singleton,0,0
2026-09-28T13:45:58,/works/W2096487943,singleton,0,0
2026-09-28T13:45:58,/works/W2054773666,singleton,0,0
2026-09-28T13:45:58,/works/W1525088306,singleton,0,0
2026-09-28T13:45:58,/works/W2246573892,singleton,0,0
2026-09-28T13:45:58,/works/W2003140796,singleton,0,0
2026-09-28T13:45:58,/works/W1987735004,singleton,0,0
2026-09-28T13:45:58,/works/W2095223354,singleton,0,0
2026-09-28T13:45:59,/works/W2096487943,singleton,0,0
2026-09-28T13:45:59,/works/W2324074362,singleton,0,0
2026-09-28T13:45:59,/works/W2246573892,singleton,0,0
2026-09-28T13:45:59,/works/W1960954169,singleton,0,0
2026-09-28T13:45:59,/works/W2054773666,singleton,0,0
2026-09-28T13:45:59,/works/W1989209511,singleton,0,0
2026-09-28T13:45:59,/works/W2764852643,singleton,0,0
2026-09-28T13:45:59,/works/W2132954704,singleton,0,0
2026-09-28T13:45:59,/works/W2056512784,singleton,0,0
2026-09-28T13:45:59,/works/W2317362163,singleton,0,0
2026-09-28T13:45:59,/works/W2412573974,singleton,0,0
2026-09-28T13:46:00,/works/W2054773666,singleton,0,0
2026-09-28T13:46:00,/works/W2246573892,singleton,0,0
2026-09-28T13:46:00,/works/W2056512784,singleton,0,0
2026-09-28T13:46:01,/works/W2317362163,singleton,0,0
2026-09-28T13:46:01,/works/W2246573892,singleton,0,0
2026-09-28T13:46:02,/works/W2054773666,singleton,0,0
2026-09-28T13:46:02,/works/W2056512784,singleton,0,0
2026-09-28T13:47:05,/works/W2101521891,singleton,0,0
2026-09-28T13:47:05,/works/W2018604728,singleton,0,0
2026-09-28T13:47:05,/works/W2163172161,singleton,0,0
2026-09-28T13:47:05,/works/W44503503,singleton,0,0
2026-09-28T13:47:05,/works/W2159228663,singleton,0,0
2026-09-28T13:47:05,/works/W2953110216,singleton,0,0
2026-09-28T13:47:05,/works/W2033534274,singleton,0,0
2026-09-28T13:47:05,/works/W2056863613,singleton,0,0
2026-09-28T13:47:05,/works/W48452310,singleton,0,0
2026-09-28T13:47:05,/works/W2112734915,singleton,0,0
2026-09-28T13:47:05,/works/W1899168604,singleton,0,0
2026-09-28T13:47:06,/works/W2953110216,singleton,0,0
2026-09-28T13:47:06,/works/W2159228663,singleton,0,0
2026-09-28T13:47:06,/works/W44503503,singleton,0,0
2026-09-28T13:47:06,/works/W2018604728,singleton,0,0
2026-09-28T13:47:06,/works/W48452310,singleton,0,0
2026-09-28T13:47:06,/works/W2101521891,singleton,0,0
2026-09-28T13:47:06,/works/W2139722502,singleton,0,0
2026-09-28T13:47:06,/works/W2163172161,singleton,0,0
2026-09-28T13:47:06,/works/W2068142654,singleton,0,0
2026-09-28T13:47:07,/works/W44503503,singleton,0,0
2026-09-28T13:47:07,/works/W2953110216,singleton,0,0
2026-09-28T13:47:07,/works/W2018604728,singleton,0,0
2026-09-28T13:47:07,/works/W1899168604,singleton,0,0
2026-09-28T13:47:07,/works/W48452310,singleton,0,0
2026-09-28T13:47:07,/works/W1977582022,singleton,0,0
2026-09-28T13:47:07,/works/W2139722502,singleton,0,0
2026-09-28T13:47:07,/works/W2004721977,singleton,0,0
2026-09-28T13:47:07,/works/W202181832,singleton,0,0
2026-09-28T13:47:07,/works/W1975400920,singleton,0,0
2026-09-28T13:47:07,/works/W44503503,singleton,0,0
2026-09-28T13:47:07,/works/W2146648681,singleton,0,0
2026-09-28T13:47:08,/works/W2151938173,singleton,0,0
2026-09-28T13:47:08,/works/W2101521891,singleton,0,0
2026-09-28T13:47:08,/works/W2171255932,singleton,0,0
2026-09-28T13:47:08,/works/W2018604728,singleton,0,0
2026-09-28T13:47:08,/works/W2010461536,singleton,0,0
2026-09-28T13:47:08,/works/W2948493691,singleton,0,0
2026-09-28T13:47:08,/works/W1899168604,singleton,0,0
2026-09-28T13:47:08,/works/W2139722502,singleton,0,0
2026-09-28T13:47:08,/works/W2148387984,singleton,0,0
2026-09-28T13:47:08,/works/W1550740703,singleton,0,0
2026-09-28T13:47:08,/works/W2162080206,singleton,0,0
2026-09-28T13:47:09,/works/W2151938173,singleton,0,0
2026-09-28T13:47:09,/works/W2153286183,singleton,0,0
2026-09-28T13:47:09,/works/W2004721977,singleton,0,0
2026-09-28T13:47:09,/works/W2146648681,singleton,0,0
2026-09-28T13:47:09,/works/W2324554637,singleton,0,0
2026-09-28T13:47:09,/works/W2795164475,singleton,0,0
2026-09-28T13:47:09,/works/W2087056061,singleton,0,0
2026-09-28T13:47:09,/works/W2101500536,singleton,0,0
2026-09-28T13:47:09,/works/W2092532907,singleton,0,0
2026-09-28T13:47:10,/works/W1899168604,singleton,0,0
2026-09-28T13:47:10,/works/W2948493691,singleton,0,0
2026-09-28T13:47:10,/works/W2106287359,singleton,0,0
2026-09-28T13:47:10,/works/W1550740703,singleton,0,0
2026-09-28T13:47:10,/works/W2162080206,singleton,0,0
2026-09-28T13:47:10,/works/W2324554637,singleton,0,0
2026-09-28T13:47:10,/works/W2003258868,singleton,0,0
2026-09-28T13:47:10,/works/W2108539079,singleton,0,0
2026-09-28T13:47:10,/works/W2795164475,singleton,0,0
2026-09-28T13:47:10,/works/W2101500536,singleton,0,0
2026-09-28T13:47:10,/works/W2095855903,singleton,0,0
2026-09-28T13:47:11,/works/W2127482692,singleton,0,0
2026-09-28T13:47:11,/works/W1550740703,singleton,0,0
2026-09-28T13:47:11,/works/W2070030982,singleton,0,0
2026-09-28T13:47:11,/works/W2003258868,singleton,0,0
2026-09-28T13:47:11,/works/W2162080206,singleton,0,0
2026-09-28T13:47:11,/works/W2324554637,singleton,0,0
2026-09-28T13:47:11,/works/W2551979804,singleton,0,0
2026-09-28T13:47:11,/works/W1998267774,singleton,0,0
2026-09-28T13:47:11,/works/W1965815940,singleton,0,0
2026-09-28T13:47:11,/works/W1899168604,singleton,0,0
2026-09-28T13:47:11,/works/W2095855903,singleton,0,0
2026-09-28T13:47:12,/works/W2101459357,singleton,0,0
2026-09-28T13:47:12,/works/W2169728256,singleton,0,0
2026-09-28T13:47:12,/works/W2324554637,singleton,0,0
2026-09-28T13:47:12,/works/W2372173024,singleton,0,0
2026-09-28T13:47:12,/works/W2003258868,singleton,0,0
2026-09-28T13:47:12,/works/W2057267524,singleton,0,0
2026-09-28T13:47:12,/works/W2067708535,singleton,0,0
2026-09-28T13:47:12,/works/W1965815940,singleton,0,0
2026-09-28T13:47:12,/works/W2104333975,singleton,0,0
2026-09-28T13:47:12,/works/W2105249891,singleton,0,0
2026-09-28T13:47:12,/works/W2108660598,singleton,0,0
2026-09-28T13:47:12,/works/W2122788320,singleton,0,0
2026-09-28T13:47:12,/works/W2127482692,singleton,0,0
2026-09-28T13:47:13,/works/W2074781142,singleton,0,0
2026-09-28T13:47:13,/works/W2551979804,singleton,0,0
2026-09-28T13:47:13,/works/W2188485570,singleton,0,0
2026-09-28T13:47:13,/works/W2324554637,singleton,0,0
2026-09-28T13:47:13,/works/W2122788320,singleton,0,0
2026-09-28T13:47:13,/works/W2084635342,singleton,0,0
2026-09-28T13:47:13,/works/W1965815940,singleton,0,0
2026-09-28T13:47:13,/works/W2074781142,singleton,0,0
2026-09-28T13:47:13,/works/W2053468988,singleton,0,0
2026-09-28T13:47:14,/works/W2104333975,singleton,0,0
2026-09-28T13:47:14,/works/W2055303035,singleton,0,0
2026-09-28T13:47:14,/works/W2551979804,singleton,0,0
2026-09-28T13:47:14,/works/W2108660598,singleton,0,0
2026-09-28T13:47:14,/works/W2161845758,singleton,0,0
2026-09-28T13:47:14,/works/W2084635342,singleton,0,0
2026-09-28T13:47:14,/works/W2162568316,singleton,0,0
2026-09-28T13:47:14,/works/W2074781142,singleton,0,0
2026-09-28T13:47:14,/works/W2109275727,singleton,0,0
2026-09-28T13:47:14,/works/W2122788320,singleton,0,0
2026-09-28T13:47:14,/works/W1965815940,singleton,0,0
2026-09-28T13:47:14,/works/W2125114453,singleton,0,0
2026-09-28T13:47:14,/works/W2127844596,singleton,0,0
2026-09-28T13:47:14,/works/W2055303035,singleton,0,0
2026-09-28T13:47:15,/works/W2045944658,singleton,0,0
2026-09-28T13:47:15,/works/W2595081790,singleton,0,0
2026-09-28T13:47:15,/works/W2084635342,singleton,0,0
2026-09-28T13:47:15,/works/W1989338936,singleton,0,0
2026-09-28T13:47:15,/works/W2162568316,singleton,0,0
2026-09-28T13:47:15,/works/W2122788320,singleton,0,0
2026-09-28T13:47:16,/works/W2472104424,singleton,0,0
2026-09-28T13:47:16,/works/W2161845758,singleton,0,0
2026-09-28T13:47:16,/works/W2127779221,singleton,0,0
2026-09-28T13:47:16,/works/W2133130714,singleton,0,0
2026-09-28T13:47:16,/works/W2046740230,singleton,0,0
2026-09-28T13:47:16,/works/W2127844596,singleton,0,0
2026-09-28T13:47:16,/works/W2125114453,singleton,0,0
2026-09-28T13:47:16,/works/W2085466637,singleton,0,0
2026-09-28T13:47:16,/works/W2084635342,singleton,0,0
2026-09-28T13:47:16,/works/W2167425938,singleton,0,0
2026-09-28T13:47:16,/works/W2595081790,singleton,0,0
2026-09-28T13:47:16,/works/W1983300263,singleton,0,0
2026-09-28T13:47:16,/works/W2087464200,singleton,0,0
2026-09-28T13:47:16,/works/W2139050530,singleton,0,0
2026-09-28T13:47:16,/works/W2078584689,singleton,0,0
2026-09-28T13:47:17,/works/W78100111,singleton,0,0
2026-09-28T13:47:17,/works/W2127595444,singleton,0,0
2026-09-28T13:47:17,/works/W2128397771,singleton,0,0
2026-09-28T13:47:17,/works/W2131745251,singleton,0,0
2026-09-28T13:47:17,/works/W2091244202,singleton,0,0
2026-09-28T13:47:17,/works/W2046740230,singleton,0,0
2026-09-28T13:47:17,/works/W2414881042,singleton,0,0
2026-09-28T13:47:17,/works/W2064625024,singleton,0,0
2026-09-28T13:47:17,/works/W2121983950,singleton,0,0
2026-09-28T13:47:17,/works/W2127844596,singleton,0,0
2026-09-28T13:47:17,/works/W2167425938,singleton,0,0
2026-09-28T13:47:17,/works/W2021713357,singleton,0,0
2026-09-28T13:47:17,/works/W2126050914,singleton,0,0
2026-09-28T13:47:17,/works/W2087464200,singleton,0,0
2026-09-28T13:47:18,/works/W2162825670,singleton,0,0
2026-09-28T13:47:18,/works/W2104514782,singleton,0,0
2026-09-28T13:47:18,/works/W2121967239,singleton,0,0
2026-09-28T13:47:18,/works/W2147875291,singleton,0,0
2026-09-28T13:47:18,/works/W2007580726,singleton,0,0
2026-09-28T13:47:18,/works/W2108808690,singleton,0,0
2026-09-28T13:47:18,/works/W2168272148,singleton,0,0
2026-09-28T13:47:18,/works/W2060064237,singleton,0,0
2026-09-28T13:47:18,/works/W2046843363,singleton,0,0
2026-09-28T13:47:18,/works/W2077564092,singleton,0,0
2026-09-28T13:47:18,/works/W2168487324,singleton,0,0
2026-09-28T13:47:18,/works/W2091244202,singleton,0,0
2026-09-28T13:47:18,/works/W2128684264,singleton,0,0
2026-09-28T13:47:18,/works/W1992320498,singleton,0,0
2026-09-28T13:47:18,/works/W2916298746,singleton,0,0
2026-09-28T13:47:18,/works/W2163234273,singleton,0,0
2026-09-28T13:47:18,/works/W2119678160,singleton,0,0
2026-09-28T13:47:18,/works/W2060247291,singleton,0,0
2026-09-28T13:47:18,/works/W2092988184,singleton,0,0
2026-09-28T13:47:18,/works/W2165128924,singleton,0,0
2026-09-28T13:47:19,/works/W2092294665,singleton,0,0
2026-09-28T13:47:19,/works/W1654057865,singleton,0,0
2026-09-28T13:47:19,/works/W1959694540,singleton,0,0
2026-09-28T13:47:19,/works/W2114715558,singleton,0,0
2026-09-28T13:47:19,/works/W1502022354,singleton,0,0
2026-09-28T13:47:19,/works/W1487853120,singleton,0,0
2026-09-28T13:47:19,/works/W2097466858,singleton,0,0
2026-09-28T13:47:19,/works/W2021364411,singleton,0,0
2026-09-28T13:47:20,/works/W2060247291,singleton,0,0
2026-09-28T13:47:20,/works/W2165128924,singleton,0,0
2026-09-28T13:47:20,/works/W1654057865,singleton,0,0
2026-09-28T13:47:44,/works/W2103189755,singleton,0,0
2026-09-28T13:47:44,/works/W1986212388,singleton,0,0
2026-09-28T13:47:44,/works/W2094295010,singleton,0,0
2026-09-28T13:47:44,/works/W2100246746,singleton,0,0
2026-09-28T13:47:44,/works/W2114857255,singleton,0,0
2026-09-28T13:47:44,/works/W2007325090,singleton,0,0
2026-09-28T13:47:44,/works/W2088224929,singleton,0,0
2026-09-28T13:47:44,/works/W2129994886,singleton,0,0
2026-09-28T13:47:44,/works/W1978308076,singleton,0,0
2026-09-28T13:47:44,/works/W2114857255,singleton,0,0
2026-09-28T13:47:44,/works/W1986212388,singleton,0,0
2026-09-28T13:47:45,/works/W1978308076,singleton,0,0
2026-09-28T13:47:45,/works/W2103189755,singleton,0,0
2026-09-28T13:47:45,/works/W2100246746,singleton,0,0
2026-09-28T13:47:45,/works/W1506349571,singleton,0,0
2026-09-28T13:47:45,/works/W2088224929,singleton,0,0
2026-09-28T13:47:45,/works/W2007325090,singleton,0,0
2026-09-28T13:47:45,/works/W2094295010,singleton,0,0
2026-09-28T13:47:46,/works/W1978308076,singleton,0,0
2026-09-28T13:47:46,/works/W2007325090,singleton,0,0
2026-09-28T13:47:46,/works/W2114857255,singleton,0,0
2026-09-28T13:47:46,/works/W1515392797,singleton,0,0
2026-09-28T13:47:46,/works/W1986212388,singleton,0,0
2026-09-28T13:47:46,/works/W2157694327,singleton,0,0
2026-09-28T13:47:46,/works/W2094295010,singleton,0,0
2026-09-28T13:47:46,/works/W1506349571,singleton,0,0
2026-09-28T13:47:47,/works/W2077029336,singleton,0,0
2026-09-28T13:47:47,/works/W2100246746,singleton,0,0
2026-09-28T13:47:47,/works/W2088224929,singleton,0,0
2026-09-28T13:47:47,/works/W2171464739,singleton,0,0
2026-09-28T13:47:47,/works/W1506349571,singleton,0,0
2026-09-28T13:47:48,/works/W2007325090,singleton,0,0
2026-09-28T13:47:48,/works/W1515392797,singleton,0,0
2026-09-28T13:47:48,/works/W2100246746,singleton,0,0
2026-09-28T13:47:48,/works/W2157694327,singleton,0,0
2026-09-28T13:47:48,/works/W2025127731,singleton,0,0
2026-09-28T13:47:48,/works/W2171464739,singleton,0,0
2026-09-28T13:47:48,/works/W2094295010,singleton,0,0
2026-09-28T13:47:48,/works/W2088224929,singleton,0,0
2026-09-28T13:47:48,/works/W2137779717,singleton,0,0
2026-09-28T13:47:48,/works/W1978546861,singleton,0,0
2026-09-28T13:47:48,/works/W2092825250,singleton,0,0
2026-09-28T13:47:48,/works/W2155319189,singleton,0,0
2026-09-28T13:47:48,/works/W2155942271,singleton,0,0
2026-09-28T13:47:48,/works/W1583793666,singleton,0,0
2026-09-28T13:47:48,/works/W1968068226,singleton,0,0
2026-09-28T13:47:49,/works/W2157694327,singleton,0,0
2026-09-28T13:47:49,/works/W2095399096,singleton,0,0
2026-09-28T13:47:49,/works/W2007325090,singleton,0,0
2026-09-28T13:47:49,/works/W2115209309,singleton,0,0
2026-09-28T13:47:49,/works/W2129436683,singleton,0,0
2026-09-28T13:47:49,/works/W2047361940,singleton,0,0
2026-09-28T13:47:49,/works/W2157694327,singleton,0,0
2026-09-28T13:47:50,/works/W2088224929,singleton,0,0
2026-09-28T13:47:50,/works/W2155319189,singleton,0,0
2026-09-28T13:47:50,/works/W2007325090,singleton,0,0
2026-09-28T13:47:50,/works/W1968068226,singleton,0,0
2026-09-28T13:47:50,/works/W2095399096,singleton,0,0
2026-09-28T13:47:50,/works/W1980054283,singleton,0,0
2026-09-28T13:47:50,/works/W2115209309,singleton,0,0
2026-09-28T13:47:50,/works/W2143297413,singleton,0,0
2026-09-28T13:47:50,/works/W2047361940,singleton,0,0
2026-09-28T13:47:50,/works/W2158619351,singleton,0,0
2026-09-28T13:47:50,/works/W2046260780,singleton,0,0
2026-09-28T13:47:50,/works/W2102941013,singleton,0,0
2026-09-28T13:47:51,/works/W2081093887,singleton,0,0
2026-09-28T13:47:51,/works/W2106020294,singleton,0,0
2026-09-28T13:47:51,/works/W2157694327,singleton,0,0
2026-09-28T13:47:51,/works/W2044110911,singleton,0,0
2026-09-28T13:47:51,/works/W2046601740,singleton,0,0
2026-09-28T13:47:51,/works/W1989310011,singleton,0,0
2026-09-28T13:47:51,/works/W2155319189,singleton,0,0
2026-09-28T13:47:51,/works/W2123110842,singleton,0,0
2026-09-28T13:47:51,/works/W2059766488,singleton,0,0
2026-09-28T13:47:51,/works/W2140020262,singleton,0,0
2026-09-28T13:47:51,/works/W2007325090,singleton,0,0
2026-09-28T13:47:51,/works/W2099356247,singleton,0,0
2026-09-28T13:47:52,/works/W2046260780,singleton,0,0
2026-09-28T13:47:52,/works/W2123110842,singleton,0,0
2026-09-28T13:47:52,/works/W2081093887,singleton,0,0
2026-09-28T13:47:52,/works/W2099356247,singleton,0,0
2026-09-28T13:47:52,/works/W2046601740,singleton,0,0
2026-09-28T13:47:52,/works/W1992796806,singleton,0,0
2026-09-28T13:47:53,/works/W1989310011,singleton,0,0
2026-09-28T13:47:53,/works/W2140020262,singleton,0,0
2026-09-28T13:47:53,/works/W2050898161,singleton,0,0
2026-09-28T13:47:53,/works/W2007325090,singleton,0,0
2026-09-28T13:47:53,/works/W2124271930,singleton,0,0
2026-09-28T13:47:53,/works/W2046601740,singleton,0,0
2026-09-28T13:47:53,/works/W2099356247,singleton,0,0
2026-09-28T13:47:53,/works/W2046260780,singleton,0,0
2026-09-28T13:47:53,/works/W2007325090,singleton,0,0
2026-09-28T13:47:53,/works/W2123110842,singleton,0,0
2026-09-28T13:47:54,/works/W1577610769,singleton,0,0
2026-09-28T13:47:54,/works/W2099356247,singleton,0,0
2026-09-28T13:47:54,/works/W2140020262,singleton,0,0
2026-09-28T13:47:54,/works/W2124271930,singleton,0,0
2026-09-28T13:47:54,/works/W2050898161,singleton,0,0
2026-09-28T13:47:55,/works/W2123110842,singleton,0,0
2026-09-28T13:47:55,/works/W2046601740,singleton,0,0
2026-09-28T13:47:55,/works/W2161791121,singleton,0,0
2026-09-28T13:47:55,/works/W2099356247,singleton,0,0
2026-09-28T13:47:55,/works/W2030710966,singleton,0,0
2026-09-28T13:47:55,/works/W2007325090,singleton,0,0
2026-09-28T13:47:55,/works/W2158142787,singleton,0,0
2026-09-28T13:47:55,/works/W1592727396,singleton,0,0
2026-09-28T13:47:55,/works/W2140020262,singleton,0,0
2026-09-28T13:47:55,/works/W1577610769,singleton,0,0
2026-09-28T13:47:55,/works/W2129637418,singleton,0,0
2026-09-28T13:47:55,/works/W2273273341,singleton,0,0
2026-09-28T13:47:55,/works/W2119017402,singleton,0,0
2026-09-28T13:47:56,/works/W2124271930,singleton,0,0
2026-09-28T13:47:56,/works/W1592727396,singleton,0,0
2026-09-28T13:47:56,/works/W2273273341,singleton,0,0
2026-09-28T13:47:56,/works/W2007325090,singleton,0,0
2026-09-28T13:47:57,/works/W2124271930,singleton,0,0
2026-09-28T13:47:57,/works/W2099356247,singleton,0,0
2026-09-28T13:47:57,/works/W2034979835,singleton,0,0
2026-09-28T13:47:57,/works/W2129637418,singleton,0,0
2026-09-28T13:47:57,/works/W2140020262,singleton,0,0
2026-09-28T13:47:57,/works/W2067472278,singleton,0,0
2026-09-28T13:47:57,/works/W2119017402,singleton,0,0
2026-09-28T13:47:57,/works/W2141881817,singleton,0,0
2026-09-28T13:47:57,/works/W2399093398,singleton,0,0
2026-09-28T13:47:57,/works/W2273273341,singleton,0,0
2026-09-28T13:47:57,/works/W1592727396,singleton,0,0
2026-09-28T13:47:57,/works/W2010513526,singleton,0,0
2026-09-28T13:47:57,/works/W2124271930,singleton,0,0
2026-09-28T13:47:58,/works/W2013551284,singleton,0,0
2026-09-28T13:47:58,/works/W2140020262,singleton,0,0
2026-09-28T13:47:58,/works/W2273273341,singleton,0,0
2026-09-28T13:47:58,/works/W2136683793,singleton,0,0
2026-09-28T13:47:58,/works/W2082414949,singleton,0,0
2026-09-28T13:47:58,/works/W2119017402,singleton,0,0
2026-09-28T13:47:58,/works/W2067472278,singleton,0,0
2026-09-28T13:47:59,/works/W2010513526,singleton,0,0
2026-09-28T13:47:59,/works/W2141881817,singleton,0,0
2026-09-28T13:47:59,/works/W2167222407,singleton,0,0
2026-09-28T13:47:59,/works/W1592727396,singleton,0,0
2026-09-28T13:47:59,/works/W2160340638,singleton,0,0
2026-09-28T13:47:59,/works/W2105870828,singleton,0,0
2026-09-28T13:47:59,/works/W1495657602,singleton,0,0
2026-09-28T13:47:59,/works/W2134095688,singleton,0,0
2026-09-28T13:47:59,/works/W2136683793,singleton,0,0
2026-09-28T13:47:59,/works/W2141881817,singleton,0,0
2026-09-28T13:48:00,/works/W2067344359,singleton,0,0
2026-09-28T13:48:00,/works/W2167222407,singleton,0,0
2026-09-28T13:48:00,/works/W2119017402,singleton,0,0
2026-09-28T13:48:00,/works/W2273273341,singleton,0,0
2026-09-28T13:48:00,/works/W2103139723,singleton,0,0
2026-09-28T13:48:00,/works/W2060777905,singleton,0,0
2026-09-28T13:48:00,/works/W2160340638,singleton,0,0
2026-09-28T13:48:00,/works/W2136683793,singleton,0,0
2026-09-28T13:48:00,/works/W2100323336,singleton,0,0
2026-09-28T13:48:00,/works/W2084499815,singleton,0,0
2026-09-28T13:48:00,/works/W2067344359,singleton,0,0
2026-09-28T13:48:00,/works/W2105870828,singleton,0,0
2026-09-28T13:48:01,/works/W2119017402,singleton,0,0
2026-09-28T13:48:01,/works/W1927573711,singleton,0,0
2026-09-28T13:48:01,/works/W2082138516,singleton,0,0
2026-09-28T13:48:01,/works/W2273273341,singleton,0,0
2026-09-28T13:48:01,/works/W2103139723,singleton,0,0
2026-09-28T13:48:01,/works/W2097683893,singleton,0,0
2026-09-28T13:48:01,/works/W1553290496,singleton,0,0
2026-09-28T13:48:02,/works/W2124308998,singleton,0,0
2026-09-28T13:48:02,/works/W1927573711,singleton,0,0
2026-09-28T13:48:02,/works/W2136683793,singleton,0,0
2026-09-28T13:48:02,/works/W2119017402,singleton,0,0
2026-09-28T13:48:02,/works/W2105870828,singleton,0,0
2026-09-28T13:48:02,/works/W2108764754,singleton,0,0
2026-09-28T13:48:02,/works/W2100323336,singleton,0,0
2026-09-28T13:48:02,/works/W2014606320,singleton,0,0
2026-09-28T13:48:02,/works/W2082138516,singleton,0,0
2026-09-28T13:48:02,/works/W1801034430,singleton,0,0
2026-09-28T13:48:02,/works/W2071590918,singleton,0,0
2026-09-28T13:48:02,/works/W2115701471,singleton,0,0
2026-09-28T13:48:02,/works/W2123517005,singleton,0,0
2026-09-28T13:48:03,/works/W2097683893,singleton,0,0
2026-09-28T13:48:03,/works/W2260883869,singleton,0,0
2026-09-28T13:48:03,/works/W2124308998,singleton,0,0
2026-09-28T13:48:03,/works/W2077560413,singleton,0,0
2026-09-28T13:48:03,/works/W2119017402,singleton,0,0
2026-09-28T13:48:03,/works/W2108764754,singleton,0,0
2026-09-28T13:48:03,/works/W2082138516,singleton,0,0
2026-09-28T13:48:03,/works/W2047704970,singleton,0,0
2026-09-28T13:48:04,/works/W2115701471,singleton,0,0
2026-09-28T13:48:04,/works/W2071590918,singleton,0,0
2026-09-28T13:48:04,/works/W2081269282,singleton,0,0
2026-09-28T13:48:04,/works/W2131767196,singleton,0,0
2026-09-28T13:48:04,/works/W2077560413,singleton,0,0
2026-09-28T13:48:04,/works/W2017386900,singleton,0,0
2026-09-28T13:48:04,/works/W2260883869,singleton,0,0
2026-09-28T13:48:04,/works/W2010746841,singleton,0,0
2026-09-28T13:48:04,/works/W1965823557,singleton,0,0
2026-09-28T13:48:04,/works/W2026502449,singleton,0,0
2026-09-28T13:48:04,/works/W2155108118,singleton,0,0
2026-09-28T13:48:04,/works/W1983781571,singleton,0,0
2026-09-28T13:48:05,/works/W2124308998,singleton,0,0
2026-09-28T13:48:05,/works/W2090155936,singleton,0,0
2026-09-28T13:48:05,/works/W1690865212,singleton,0,0
2026-09-28T13:48:05,/works/W2082138516,singleton,0,0
2026-09-28T13:48:05,/works/W2017386900,singleton,0,0
2026-09-28T13:48:05,/works/W2047704970,singleton,0,0
2026-09-28T13:48:05,/works/W2142769937,singleton,0,0
2026-09-28T13:48:05,/works/W2028351797,singleton,0,0
2026-09-28T13:48:05,/works/W154564294,singleton,0,0
2026-09-28T13:48:06,/works/W1992478949,singleton,0,0
2026-09-28T13:48:06,/works/W1790943099,singleton,0,0
2026-09-28T13:48:06,/works/W1965823557,singleton,0,0
2026-09-28T13:48:06,/works/W2155108118,singleton,0,0
2026-09-28T13:48:06,/works/W1690865212,singleton,0,0
2026-09-28T13:48:06,/works/W2143432049,singleton,0,0
2026-09-28T13:48:06,/works/W2056288663,singleton,0,0
2026-09-28T13:48:06,/works/W2124308998,singleton,0,0
2026-09-28T13:48:06,/works/W2082138516,singleton,0,0
2026-09-28T13:48:06,/works/W2047704970,singleton,0,0
2026-09-28T13:48:07,/works/W1992478949,singleton,0,0
2026-09-28T13:48:07,/works/W1790943099,singleton,0,0
2026-09-28T13:48:07,/works/W1690865212,singleton,0,0
2026-09-28T13:48:07,/works/W2143432049,singleton,0,0
2026-09-28T13:48:07,/works/W2056288663,singleton,0,0
2026-09-28T13:48:08,/works/W2082138516,singleton,0,0
2026-09-28T13:48:08,/works/W2124308998,singleton,0,0
2026-09-28T13:48:09,/works/W1790943099,singleton,0,0
2026-09-28T13:48:09,/works/W2056288663,singleton,0,0
2026-09-28T13:48:10,/works/W2056288663,singleton,0,0
2026-09-28T13:48:36,/works/W2019122597,singleton,0,0
2026-09-28T13:48:36,/works/W1594247446,singleton,0,0
2026-09-28T13:48:36,/works/W2023037875,singleton,0,0
2026-09-28T13:48:36,/works/W2107055030,singleton,0,0
2026-09-28T13:48:36,/works/W2116447934,singleton,0,0
2026-09-28T13:48:36,/works/W2135704771,singleton,0,0
2026-09-28T13:48:36,/works/W1802211083,singleton,0,0
2026-09-28T13:48:36,/works/W2112947018,singleton,0,0
2026-09-28T13:48:36,/works/W1220946866,singleton,0,0
2026-09-28T13:48:37,/works/W1594247446,singleton,0,0
2026-09-28T13:48:37,/works/W2116447934,singleton,0,0
2026-09-28T13:48:37,/works/W2135704771,singleton,0,0
2026-09-28T13:48:37,/works/W2023037875,singleton,0,0
2026-09-28T13:48:37,/works/W1220946866,singleton,0,0
2026-09-28T13:48:37,/works/W1802211083,singleton,0,0
2026-09-28T13:48:37,/works/W1668158506,singleton,0,0
2026-09-28T13:48:37,/works/W2075578689,singleton,0,0
2026-09-28T13:48:38,/works/W2107055030,singleton,0,0
2026-09-28T13:48:38,/works/W2019122597,singleton,0,0
2026-09-28T13:48:38,/works/W1500623943,singleton,0,0
2026-09-28T13:48:38,/works/W2166718066,singleton,0,0
2026-09-28T13:48:38,/works/W2135704771,singleton,0,0
2026-09-28T13:48:38,/works/W2119220491,singleton,0,0
2026-09-28T13:48:38,/works/W1966692814,singleton,0,0
2026-09-28T13:48:38,/works/W1594247446,singleton,0,0
2026-09-28T13:48:38,/works/W1802211083,singleton,0,0
2026-09-28T13:48:39,/works/W2006124679,singleton,0,0
2026-09-28T13:48:39,/works/W1220946866,singleton,0,0
2026-09-28T13:48:39,/works/W2152983466,singleton,0,0
2026-09-28T13:48:39,/works/W2075578689,singleton,0,0
2026-09-28T13:48:39,/works/W2166718066,singleton,0,0
2026-09-28T13:48:39,/works/W2019122597,singleton,0,0
2026-09-28T13:48:39,/works/W2026391475,singleton,0,0
2026-09-28T13:48:39,/works/W2074826213,singleton,0,0
2026-09-28T13:48:39,/works/W1594247446,singleton,0,0
2026-09-28T13:48:39,/works/W1820242896,singleton,0,0
2026-09-28T13:48:39,/works/W2006124679,singleton,0,0
2026-09-28T13:48:40,/works/W2148762636,singleton,0,0
2026-09-28T13:48:40,/works/W2019122597,singleton,0,0
2026-09-28T13:48:40,/works/W2119220491,singleton,0,0
2026-09-28T13:48:40,/works/W2155019453,singleton,0,0
2026-09-28T13:48:40,/works/W1220946866,singleton,0,0
2026-09-28T13:48:40,/works/W2135197754,singleton,0,0
2026-09-28T13:48:40,/works/W2074826213,singleton,0,0
2026-09-28T13:48:40,/works/W1594247446,singleton,0,0
2026-09-28T13:48:40,/works/W2093744073,singleton,0,0
2026-09-28T13:48:40,/works/W2119220491,singleton,0,0
2026-09-28T13:48:41,/works/W2026391475,singleton,0,0
2026-09-28T13:48:41,/works/W2148762636,singleton,0,0
2026-09-28T13:48:41,/works/W2019122597,singleton,0,0
2026-09-28T13:48:41,/works/W2154939550,singleton,0,0
2026-09-28T13:48:41,/works/W2006411424,singleton,0,0
2026-09-28T13:48:41,/works/W2621086677,singleton,0,0
2026-09-28T13:48:41,/works/W2169576771,singleton,0,0
2026-09-28T13:48:41,/works/W2093744073,singleton,0,0
2026-09-28T13:48:41,/works/W2119220491,singleton,0,0
2026-09-28T13:48:41,/works/W2159313431,singleton,0,0
2026-09-28T13:48:41,/works/W1220946866,singleton,0,0
2026-09-28T13:48:42,/works/W2021209143,singleton,0,0
2026-09-28T13:48:42,/works/W2063961010,singleton,0,0
2026-09-28T13:48:42,/works/W2169576771,singleton,0,0
2026-09-28T13:48:42,/works/W1964542367,singleton,0,0
2026-09-28T13:48:42,/works/W2074826213,singleton,0,0
2026-09-28T13:48:42,/works/W2019122597,singleton,0,0
2026-09-28T13:48:42,/works/W2093744073,singleton,0,0
2026-09-28T13:48:42,/works/W2119220491,singleton,0,0
2026-09-28T13:48:42,/works/W2148866736,singleton,0,0
2026-09-28T13:48:43,/works/W2151176490,singleton,0,0
2026-09-28T13:48:43,/works/W1978957247,singleton,0,0
2026-09-28T13:48:43,/works/W2046719228,singleton,0,0
2026-09-28T13:48:43,/works/W2169576771,singleton,0,0
2026-09-28T13:48:43,/works/W2621086677,singleton,0,0
2026-09-28T13:48:43,/works/W2021209143,singleton,0,0
2026-09-28T13:48:43,/works/W1964542367,singleton,0,0
2026-09-28T13:48:43,/works/W2006944023,singleton,0,0
2026-09-28T13:48:43,/works/W2104261859,singleton,0,0
2026-09-28T13:48:43,/works/W2093744073,singleton,0,0
2026-09-28T13:48:43,/works/W2042096350,singleton,0,0
2026-09-28T13:48:44,/works/W2169576771,singleton,0,0
2026-09-28T13:48:44,/works/W2046719228,singleton,0,0
2026-09-28T13:48:44,/works/W2148866736,singleton,0,0
2026-09-28T13:48:44,/works/W2101998831,singleton,0,0
2026-09-28T13:48:44,/works/W2021209143,singleton,0,0
2026-09-28T13:48:44,/works/W2093744073,singleton,0,0
2026-09-28T13:48:44,/works/W2621086677,singleton,0,0
2026-09-28T13:48:45,/works/W2113019448,singleton,0,0
2026-09-28T13:48:45,/works/W2042096350,singleton,0,0
2026-09-28T13:48:45,/works/W1983493033,singleton,0,0
2026-09-28T13:48:45,/works/W2104261859,singleton,0,0
2026-09-28T13:48:45,/works/W2046719228,singleton,0,0
2026-09-28T13:48:45,/works/W2118806501,singleton,0,0
2026-09-28T13:48:45,/works/W2013394423,singleton,0,0
2026-09-28T13:48:45,/works/W2148866736,singleton,0,0
2026-09-28T13:48:46,/works/W2146545731,singleton,0,0
2026-09-28T13:48:46,/works/W2021209143,singleton,0,0
2026-09-28T13:48:46,/works/W2118806501,singleton,0,0
2026-09-28T13:48:46,/works/W2093744073,singleton,0,0
2026-09-28T13:48:46,/works/W2042096350,singleton,0,0
2026-09-28T13:48:46,/works/W2621086677,singleton,0,0
2026-09-28T13:48:46,/works/W2022245605,singleton,0,0
2026-09-28T13:48:46,/works/W2021209143,singleton,0,0
2026-09-28T13:48:47,/works/W2017154062,singleton,0,0
2026-09-28T13:48:47,/works/W1970759948,singleton,0,0
2026-09-28T13:48:47,/works/W2046719228,singleton,0,0
2026-09-28T13:48:47,/works/W2054662678,singleton,0,0
2026-09-28T13:48:47,/works/W2188184134,singleton,0,0
2026-09-28T13:48:47,/works/W2148866736,singleton,0,0
2026-09-28T13:48:47,/works/W2071502814,singleton,0,0
2026-09-28T13:48:47,/works/W2146545731,singleton,0,0
2026-09-28T13:48:48,/works/W2343090470,singleton,0,0
2026-09-28T13:48:48,/works/W2118806501,singleton,0,0
2026-09-28T13:48:48,/works/W2042096350,singleton,0,0
2026-09-28T13:48:48,/works/W2094566794,singleton,0,0
2026-09-28T13:48:48,/works/W2022245605,singleton,0,0
2026-09-28T13:48:48,/works/W2054662678,singleton,0,0
2026-09-28T13:48:48,/works/W2165210037,singleton,0,0
2026-09-28T13:48:48,/works/W2071502814,singleton,0,0
2026-09-28T13:48:48,/works/W2139840449,singleton,0,0
2026-09-28T13:48:48,/works/W2146545731,singleton,0,0
2026-09-28T13:48:49,/works/W2075622473,singleton,0,0
2026-09-28T13:48:49,/works/W1993591356,singleton,0,0
2026-09-28T13:48:49,/works/W2188184134,singleton,0,0
2026-09-28T13:48:49,/works/W2101236696,singleton,0,0
2026-09-28T13:48:49,/works/W2151971699,singleton,0,0
2026-09-28T13:48:49,/works/W2094566794,singleton,0,0
2026-09-28T13:48:49,/works/W2137104501,singleton,0,0
2026-09-28T13:48:49,/works/W2047752494,singleton,0,0
2026-09-28T13:48:49,/works/W2039438504,singleton,0,0
2026-09-28T13:48:49,/works/W2136185148,singleton,0,0
2026-09-28T13:48:49,/works/W2054662678,singleton,0,0
2026-09-28T13:48:49,/works/W2042096350,singleton,0,0
2026-09-28T13:48:49,/works/W2012852001,singleton,0,0
2026-09-28T13:48:49,/works/W2153250245,singleton,0,0
2026-09-28T13:48:49,/works/W1970360171,singleton,0,0
2026-09-28T13:48:49,/works/W2178090165,singleton,0,0
2026-09-28T13:48:50,/works/W2276030078,singleton,0,0
2026-09-28T13:48:50,/works/W1602790435,singleton,0,0
2026-09-28T13:48:50,/works/W2089621571,singleton,0,0
2026-09-28T13:48:50,/works/W2139665091,singleton,0,0
2026-09-28T13:48:50,/works/W2178090165,singleton,0,0
2026-09-28T13:48:50,/works/W2094566794,singleton,0,0
2026-09-28T13:48:50,/works/W2054662678,singleton,0,0
2026-09-28T13:48:50,/works/W2116087472,singleton,0,0
2026-09-28T13:48:50,/works/W2153250245,singleton,0,0
2026-09-28T13:48:50,/works/W2137104501,singleton,0,0
2026-09-28T13:48:51,/works/W2039438504,singleton,0,0
2026-09-28T13:48:51,/works/W1840524043,singleton,0,0
2026-09-28T13:48:51,/works/W2089621571,singleton,0,0
2026-09-28T13:48:51,/works/W1987004450,singleton,0,0
2026-09-28T13:48:51,/works/W2109175855,singleton,0,0
2026-09-28T13:48:51,/works/W2163630575,singleton,0,0
2026-09-28T13:48:51,/works/W2153599015,singleton,0,0
2026-09-28T13:48:51,/works/W2178090165,singleton,0,0
2026-09-28T13:48:51,/works/W2137104501,singleton,0,0
2026-09-28T13:48:52,/works/W2153250245,singleton,0,0
2026-09-28T13:48:52,/works/W2116087472,singleton,0,0
2026-09-28T13:48:52,/works/W2005652232,singleton,0,0
2026-09-28T13:48:52,/works/W1976865161,singleton,0,0
2026-09-28T13:48:52,/works/W2089621571,singleton,0,0
2026-09-28T13:48:52,/works/W1986984690,singleton,0,0
2026-09-28T13:48:52,/works/W1840524043,singleton,0,0
2026-09-28T13:48:52,/works/W2095780712,singleton,0,0
2026-09-28T13:48:52,/works/W2109175855,singleton,0,0
2026-09-28T13:48:52,/works/W2164689880,singleton,0,0
2026-09-28T13:48:53,/works/W1976865161,singleton,0,0
2026-09-28T13:48:53,/works/W2153599015,singleton,0,0
2026-09-28T13:48:53,/works/W2137104501,singleton,0,0
2026-09-28T13:48:53,/works/W2075963387,singleton,0,0
2026-09-28T13:48:53,/works/W1951574056,singleton,0,0
2026-09-28T13:48:53,/works/W2116087472,singleton,0,0
2026-09-28T13:48:53,/works/W1986984690,singleton,0,0
2026-09-28T13:48:53,/works/W2162379361,singleton,0,0
2026-09-28T13:48:53,/works/W2123775239,singleton,0,0
2026-09-28T13:48:53,/works/W2111795091,singleton,0,0
2026-09-28T13:48:53,/works/W2018650138,singleton,0,0
2026-09-28T13:48:53,/works/W2015410041,singleton,0,0
2026-09-28T13:48:54,/works/W2083232349,singleton,0,0
2026-09-28T13:48:54,/works/W1951574056,singleton,0,0
2026-09-28T13:48:54,/works/W1976865161,singleton,0,0
2026-09-28T13:48:54,/works/W2153599015,singleton,0,0
2026-09-28T13:48:54,/works/W2109175855,singleton,0,0
2026-09-28T13:48:54,/works/W2113843399,singleton,0,0
2026-09-28T13:48:54,/works/W2116087472,singleton,0,0
2026-09-28T13:48:54,/works/W2111795091,singleton,0,0
2026-09-28T13:48:54,/works/W2067305633,singleton,0,0
2026-09-28T13:48:54,/works/W2130418473,singleton,0,0
2026-09-28T13:48:55,/works/W2083232349,singleton,0,0
2026-09-28T13:48:55,/works/W2018650138,singleton,0,0
2026-09-28T13:48:55,/works/W1976865161,singleton,0,0
2026-09-28T13:48:55,/works/W2143399071,singleton,0,0
2026-09-28T13:48:55,/works/W2113843399,singleton,0,0
2026-09-28T13:48:55,/works/W2111795091,singleton,0,0
2026-09-28T13:48:55,/works/W2109248504,singleton,0,0
2026-09-28T13:48:55,/works/W2096154351,singleton,0,0
2026-09-28T13:48:55,/works/W2009711716,singleton,0,0
2026-09-28T13:48:55,/works/W2094757405,singleton,0,0
2026-09-28T13:48:56,/works/W2116087472,singleton,0,0
2026-09-28T13:48:56,/works/W2067305633,singleton,0,0
2026-09-28T13:48:56,/works/W2007507741,singleton,0,0
2026-09-28T13:48:56,/works/W2158887534,singleton,0,0
2026-09-28T13:48:56,/works/W2083232349,singleton,0,0
2026-09-28T13:48:56,/works/W2057054723,singleton,0,0
2026-09-28T13:48:56,/works/W2096154351,singleton,0,0
2026-09-28T13:48:56,/works/W2030062212,singleton,0,0
2026-09-28T13:48:56,/works/W1976865161,singleton,0,0
2026-09-28T13:48:56,/works/W2111795091,singleton,0,0
2026-09-28T13:48:57,/works/W2116087472,singleton,0,0
2026-09-28T13:48:57,/works/W2067305633,singleton,0,0
2026-09-28T13:48:57,/works/W2096154351,singleton,0,0
2026-09-28T13:48:58,/works/W2057054723,singleton,0,0
2026-09-28T13:48:58,/works/W2111795091,singleton,0,0
2026-09-28T13:48:58,/works/W2030062212,singleton,0,0
2026-09-28T13:48:58,/works/W2096154351,singleton,0,0
2026-09-28T13:48:59,/works/W2057054723,singleton,0,0
2026-09-28T13:48:59,/works/W2096154351,singleton,0,0
2026-09-28T13:49:00,/works/W2030062212,singleton,0,0
2026-09-28T13:49:00,/works/W2057054723,singleton,0,0
2026-09-28T13:49:01,/works/W2096154351,singleton,0,0
2026-09-28T13:49:26,/works/W2303480140,singleton,0,0
2026-09-28T13:49:26,/works/W2127694277,singleton,0,0
2026-09-28T13:49:26,/works/W1508652146,singleton,0,0
2026-09-28T13:49:26,/works/W2088118445,singleton,0,0
2026-09-28T13:49:26,/works/W1973215789,singleton,0,0
2026-09-28T13:49:26,/works/W2027651442,singleton,0,0
2026-09-28T13:49:26,/works/W1496038366,singleton,0,0
2026-09-28T13:49:26,/works/W43966243,singleton,0,0
2026-09-28T13:49:27,/works/W1148940052,singleton,0,0
2026-09-28T13:49:27,/works/W91679965,singleton,0,0
2026-09-28T13:49:27,/works/W2303480140,singleton,0,0
2026-09-28T13:49:27,/works/W1599060583,singleton,0,0
2026-09-28T13:49:28,/works/W2127694277,singleton,0,0
2026-09-28T13:49:28,/works/W2128689393,singleton,0,0
2026-09-28T13:49:28,/works/W1973215789,singleton,0,0
2026-09-28T13:49:28,/works/W2088118445,singleton,0,0
2026-09-28T13:49:28,/works/W2327964282,singleton,0,0
2026-09-28T13:49:28,/works/W2027651442,singleton,0,0
2026-09-28T13:49:28,/works/W1508652146,singleton,0,0
2026-09-28T13:49:28,/works/W1148940052,singleton,0,0
2026-09-28T13:49:28,/works/W2049783047,singleton,0,0
2026-09-28T13:49:28,/works/W2115375366,singleton,0,0
2026-09-28T13:49:28,/works/W2128359004,singleton,0,0
2026-09-28T13:49:28,/works/W2030193855,singleton,0,0
2026-09-28T13:49:28,/works/W1961944656,singleton,0,0
2026-09-28T13:49:28,/works/W2115832883,singleton,0,0
2026-09-28T13:49:28,/works/W2303480140,singleton,0,0
2026-09-28T13:49:29,/works/W2049324013,singleton,0,0
2026-09-28T13:49:29,/works/W2546795158,singleton,0,0
2026-09-28T13:49:29,/works/W2327964282,singleton,0,0
2026-09-28T13:49:29,/works/W126642767,singleton,0,0
2026-09-28T13:49:29,/works/W2088118445,singleton,0,0
2026-09-28T13:49:29,/works/W2145874083,singleton,0,0
2026-09-28T13:49:29,/works/W2049324013,singleton,0,0
2026-09-28T13:49:29,/works/W1148940052,singleton,0,0
2026-09-28T13:49:30,/works/W2129325686,singleton,0,0
2026-09-28T13:49:30,/works/W2128359004,singleton,0,0
2026-09-28T13:49:30,/works/W2136963431,singleton,0,0
2026-09-28T13:49:30,/works/W1596158976,singleton,0,0
2026-09-28T13:49:30,/works/W2115832883,singleton,0,0
2026-09-28T13:49:30,/works/W1961944656,singleton,0,0
2026-09-28T13:49:30,/works/W126642767,singleton,0,0
2026-09-28T13:49:30,/works/W2138924479,singleton,0,0
2026-09-28T13:49:30,/works/W2154619794,singleton,0,0
2026-09-28T13:49:30,/works/W2122987935,singleton,0,0
2026-09-28T13:49:31,/works/W2072829397,singleton,0,0
2026-09-28T13:49:31,/works/W2121348965,singleton,0,0
2026-09-28T13:49:31,/works/W13480897,singleton,0,0
2026-09-28T13:49:31,/works/W1961944656,singleton,0,0
2026-09-28T13:49:31,/works/W2049324013,singleton,0,0
2026-09-28T13:49:31,/works/W2539313628,singleton,0,0
2026-09-28T13:49:31,/works/W2088118445,singleton,0,0
2026-09-28T13:49:31,/works/W109154739,singleton,0,0
2026-09-28T13:49:31,/works/W2117600339,singleton,0,0
2026-09-28T13:49:31,/works/W1596158976,singleton,0,0
2026-09-28T13:49:31,/works/W2612501742,singleton,0,0
2026-09-28T13:49:32,/works/W2121348965,singleton,0,0
2026-09-28T13:49:32,/works/W2117600339,singleton,0,0
2026-09-28T13:49:32,/works/W2088118445,singleton,0,0
2026-09-28T13:49:32,/works/W109154739,singleton,0,0
2026-09-28T13:49:32,/works/W13480897,singleton,0,0
2026-09-28T13:49:32,/works/W2170858013,singleton,0,0
2026-09-28T13:49:32,/works/W2089127766,singleton,0,0
2026-09-28T13:49:32,/works/W2072829397,singleton,0,0
2026-09-28T13:49:32,/works/W2772774669,singleton,0,0
2026-09-28T13:49:32,/works/W1961944656,singleton,0,0
2026-09-28T13:49:32,/works/W1536296739,singleton,0,0
2026-09-28T13:49:33,/works/W2612501742,singleton,0,0
2026-09-28T13:49:33,/works/W2158250329,singleton,0,0
2026-09-28T13:49:33,/works/W2088118445,singleton,0,0
2026-09-28T13:49:33,/works/W2253205665,singleton,0,0
2026-09-28T13:49:33,/works/W2022817135,singleton,0,0
2026-09-28T13:49:33,/works/W2744189719,singleton,0,0
2026-09-28T13:49:33,/works/W2089127766,singleton,0,0
2026-09-28T13:49:33,/works/W2117378777,singleton,0,0
2026-09-28T13:49:33,/works/W2804758144,singleton,0,0
2026-09-28T13:49:34,/works/W109154739,singleton,0,0
2026-09-28T13:49:34,/works/W2099050926,singleton,0,0
2026-09-28T13:49:34,/works/W2772774669,singleton,0,0
2026-09-28T13:49:34,/works/W1536296739,singleton,0,0
2026-09-28T13:49:34,/works/W2253205665,singleton,0,0
2026-09-28T13:49:34,/works/W2164540418,singleton,0,0
2026-09-28T13:49:34,/works/W1961944656,singleton,0,0
2026-09-28T13:49:34,/works/W2144021932,singleton,0,0
2026-09-28T13:49:34,/works/W2099050926,singleton,0,0
2026-09-28T13:49:34,/works/W2096615236,singleton,0,0
2026-09-28T13:49:35,/works/W1961944656,singleton,0,0
2026-09-28T13:49:35,/works/W2164540418,singleton,0,0
2026-09-28T13:49:35,/works/W2804758144,singleton,0,0
2026-09-28T13:49:35,/works/W1536296739,singleton,0,0
2026-09-28T13:49:35,/works/W2106831257,singleton,0,0
2026-09-28T13:49:35,/works/W603963903,singleton,0,0
2026-09-28T13:49:35,/works/W2253205665,singleton,0,0
2026-09-28T13:49:35,/works/W2108713267,singleton,0,0
2026-09-28T13:49:35,/works/W109154739,singleton,0,0
2026-09-28T13:49:35,/works/W2110484807,singleton,0,0
2026-09-28T13:49:36,/works/W2099050926,singleton,0,0
2026-09-28T13:49:36,/works/W2119973742,singleton,0,0
2026-09-28T13:49:36,/works/W2096615236,singleton,0,0
2026-09-28T13:49:36,/works/W1536296739,singleton,0,0
2026-09-28T13:49:36,/works/W2134272879,singleton,0,0
2026-09-28T13:49:36,/works/W2108713267,singleton,0,0
2026-09-28T13:49:36,/works/W199388618,singleton,0,0
2026-09-28T13:49:36,/works/W2804758144,singleton,0,0
2026-09-28T13:49:36,/works/W2103186930,singleton,0,0
2026-09-28T13:49:36,/works/W1818005411,singleton,0,0
2026-09-28T13:49:36,/works/W2150368466,singleton,0,0
2026-09-28T13:49:36,/works/W603963903,singleton,0,0
2026-09-28T13:49:37,/works/W2107356155,singleton,0,0
2026-09-28T13:49:37,/works/W2139888947,singleton,0,0
2026-09-28T13:49:37,/works/W2104002586,singleton,0,0
2026-09-28T13:49:37,/works/W2110484807,singleton,0,0
2026-09-28T13:49:37,/works/W2108713267,singleton,0,0
2026-09-28T13:49:37,/works/W1964198363,singleton,0,0
2026-09-28T13:49:37,/works/W2158185851,singleton,0,0
2026-09-28T13:49:37,/works/W2072226539,singleton,0,0
2026-09-28T13:49:37,/works/W1536296739,singleton,0,0
2026-09-28T13:49:37,/works/W2017749620,singleton,0,0
2026-09-28T13:49:37,/works/W2104002586,singleton,0,0
2026-09-28T13:49:37,/works/W2134272879,singleton,0,0
2026-09-28T13:49:38,/works/W1869549117,singleton,0,0
2026-09-28T13:49:38,/works/W1818005411,singleton,0,0
2026-09-28T13:49:38,/works/W2077340083,singleton,0,0
2026-09-28T13:49:38,/works/W2018996296,singleton,0,0
2026-09-28T13:49:38,/works/W2139888947,singleton,0,0
2026-09-28T13:49:38,/works/W2169947847,singleton,0,0
2026-09-28T13:49:39,/works/W2158185851,singleton,0,0
2026-09-28T13:49:39,/works/W2072226539,singleton,0,0
2026-09-28T13:49:39,/works/W2018996296,singleton,0,0
2026-09-28T13:49:39,/works/W2104002586,singleton,0,0
2026-09-28T13:49:39,/works/W1869549117,singleton,0,0
2026-09-28T13:49:39,/works/W2019004343,singleton,0,0
2026-09-28T13:49:39,/works/W1818005411,singleton,0,0
2026-09-28T13:49:39,/works/W2134272879,singleton,0,0
2026-09-28T13:49:39,/works/W2162042544,singleton,0,0
2026-09-28T13:49:39,/works/W2090922306,singleton,0,0
2026-09-28T13:49:39,/works/W2173292371,singleton,0,0
2026-09-28T13:49:39,/works/W2044715447,singleton,0,0
2026-09-28T13:49:39,/works/W2169947847,singleton,0,0
2026-09-28T13:49:40,/works/W137764249,singleton,0,0
2026-09-28T13:49:40,/works/W2112249538,singleton,0,0
2026-09-28T13:49:40,/works/W2019004343,singleton,0,0
2026-09-28T13:49:40,/works/W2090922306,singleton,0,0
2026-09-28T13:49:40,/works/W2169947847,singleton,0,0
2026-09-28T13:49:40,/works/W1818005411,singleton,0,0
2026-09-28T13:49:40,/works/W2158185851,singleton,0,0
2026-09-28T13:49:40,/works/W2023001890,singleton,0,0
2026-09-28T13:49:40,/works/W617777987,singleton,0,0
2026-09-28T13:49:41,/works/W2044715447,singleton,0,0
2026-09-28T13:49:41,/works/W1969254469,singleton,0,0
2026-09-28T13:49:41,/works/W1995420832,singleton,0,0
2026-09-28T13:49:41,/works/W2173292371,singleton,0,0
2026-09-28T13:49:41,/works/W2066266748,singleton,0,0
2026-09-28T13:49:41,/works/W2019004343,singleton,0,0
2026-09-28T13:49:41,/works/W1967437996,singleton,0,0
2026-09-28T13:49:41,/works/W1973625419,singleton,0,0
2026-09-28T13:49:42,/works/W2169947847,singleton,0,0
2026-09-28T13:49:42,/works/W1995420832,singleton,0,0
2026-09-28T13:49:42,/works/W2023001890,singleton,0,0
2026-09-28T13:49:42,/works/W1818005411,singleton,0,0
2026-09-28T13:49:42,/works/W2019004343,singleton,0,0
2026-09-28T13:49:42,/works/W2390283142,singleton,0,0
2026-09-28T13:49:42,/works/W1969254469,singleton,0,0
2026-09-28T13:49:43,/works/W1970403343,singleton,0,0
2026-09-28T13:49:43,/works/W1995420832,singleton,0,0
2026-09-28T13:49:43,/works/W2169947847,singleton,0,0
2026-09-28T13:49:43,/works/W1967437996,singleton,0,0
2026-09-28T13:49:43,/works/W1973625419,singleton,0,0
2026-09-28T13:49:43,/works/W2390283142,singleton,0,0
2026-09-28T13:49:43,/works/W2023001890,singleton,0,0
2026-09-28T13:49:43,/works/W1970403343,singleton,0,0
2026-09-28T13:49:43,/works/W2183914206,singleton,0,0
2026-09-28T13:49:43,/works/W1978466113,singleton,0,0
2026-09-28T13:49:44,/works/W2049616874,singleton,0,0
2026-09-28T13:49:44,/works/W2116555056,singleton,0,0
2026-09-28T13:49:44,/works/W2074495625,singleton,0,0
2026-09-28T13:49:44,/works/W20549228,singleton,0,0
2026-09-28T13:49:44,/works/W2019004343,singleton,0,0
2026-09-28T13:49:44,/works/W2140779876,singleton,0,0
2026-09-28T13:49:44,/works/W1995420832,singleton,0,0
2026-09-28T13:49:44,/works/W2023001890,singleton,0,0
2026-09-28T13:49:44,/works/W1970403343,singleton,0,0
2026-09-28T13:49:45,/works/W2390283142,singleton,0,0
2026-09-28T13:49:45,/works/W2118536547,singleton,0,0
2026-09-28T13:49:45,/works/W2116555056,singleton,0,0
2026-09-28T13:49:45,/works/W20549228,singleton,0,0
2026-09-28T13:49:45,/works/W2140779876,singleton,0,0
2026-09-28T13:49:45,/works/W2390283142,singleton,0,0
2026-09-28T13:49:46,/works/W2074495625,singleton,0,0
2026-09-28T13:49:46,/works/W20549228,singleton,0,0
2026-09-28T13:49:46,/works/W1995420832,singleton,0,0
2026-09-28T13:49:46,/works/W20549228,singleton,0,0
2026-09-28T13:49:47,/works/W2116555056,singleton,0,0
2026-09-28T13:49:47,/works/W2140779876,singleton,0,0
2026-09-28T13:49:48,/works/W20549228,singleton,0,0
2026-09-28T13:49:49,/works/W20549228,singleton,0,0
