indicator,family,unit,unit_type,outcome,n,rho,ci_lo,ci_hi,raw_rho,raw_ci_lo,raw_ci_hi,status,previously_scored,se_z,z,p
share,E,CS,DEV,O2r_m50,216,-0.03945492967480398,-0.14749105010030397,0.09236057377718018,-0.1654655013206557,-0.27710499247641224,-0.04604144015938415,EXPLORATORY,False,0.06376766022886149,-0.039475421869125345,0.5358828854316345
share,E,Eng,DEV,O2r_m50,941,-0.04848672098907602,-0.10457354439984307,0.013531489166300006,-0.008098269114131335,-0.06943529049972487,0.053823577884894884,EXPLORATORY,False,0.030573051347397556,-0.04852477149135243,0.11247309877154585
share,E,BGM,DEV,O2r_m50,290,-0.002284557159847102,-0.12930976144669085,0.12112139587191019,0.09953310472401355,-0.023533242998210486,0.21008346613414702,EXPLORATORY,False,0.06389970227532075,-0.00228456113438087,0.9714798702000164
share,E,Med,DEV,O2r_m50,1741,-0.010596180123195667,-0.057733766098073645,0.03300578342523337,0.06941357496886705,0.02826847969404422,0.11543887668480983,EXPLORATORY,False,0.02245791575590671,-0.010596576726200757,0.6370399244316286
share,E,PHYS,HELDOUT,O2r_m50,413,0.007795080202746734,-0.10597522372627469,0.10507610290181069,0.0329557163272279,-0.06521601375698542,0.12683434746886163,EXPLORATORY,False,0.0518339303791284,0.007795238093371433,0.8804579455075935
share,E,LIFEENV,HELDOUT,O2r_m50,630,0.010831406766779553,-0.0706039218161655,0.08384775514791663,0.08084216476494382,-0.004982973918236423,0.15584520508730135,EXPLORATORY,False,0.03820859543864048,0.010831830374546953,0.7767997286361759
share,E,SOC,HELDOUT,O2r_m50,689,0.02121311887699049,-0.06078082987470065,0.09701005984763272,0.08345515413032412,0.008080297091762117,0.14915676957447968,EXPLORATORY,False,0.03810596465476838,0.021216301678848467,0.5776837990750026
share,E,MATHDEC,HELDOUT,O2r_m50,101,-0.023422845687104545,-0.24395357958461808,0.16285684033277492,0.020532086865950594,-0.1760962305995409,0.2097631363481561,EXPLORATORY,False,0.10927601332893017,-0.02342713058728857,0.8302468917470982
share,E,COH_DEVHOME,COHORT,O2r_m50,1368,-0.02177051401273715,-0.07106965988415614,0.036717297629805114,0.12603579954433808,0.08054934971676209,0.17099336578689478,EXPLORATORY,False,0.02740877072147681,-0.021773954407837175,0.42695353880846976
share,E,COH_OTHER,COHORT,O2r_m50,814,-0.0020909898918242916,-0.08143520864681497,0.06333354656238073,0.07817062207436215,0.012283493023545667,0.14679210985613703,EXPLORATORY,False,0.03689526333790151,-0.0020909929392679476,0.954805084675334
growth_ind,E,CS,DEV,O2r_m50,216,0.09208631256715588,-0.06115964451873507,0.2403700423017233,0.07759175046459901,-0.06943439211173717,0.20467957468234768,EXPLORATORY,False,0.07674164741188864,0.0923479389020209,0.22883648500253972
growth_ind,E,Eng,DEV,O2r_m50,941,0.04476690108099823,-0.014301910296052297,0.11012628268034542,0.056887467453935116,-0.006351614289819224,0.1226485755952481,EXPLORATORY,False,0.03277264286711014,0.0447968425077263,0.17165744621071455
growth_ind,E,BGM,DEV,O2r_m50,290,0.008352029894283115,-0.1085697967171326,0.12221500321123417,0.05195277592687791,-0.06623499705587887,0.17381660013700226,EXPLORATORY,False,0.05810462015736678,0.008352224104933689,0.8857021685519872
growth_ind,E,Med,DEV,O2r_m50,1741,-0.0010232804039179335,-0.05319400945293576,0.049106350760316525,0.058025243134499783,0.016509187579907172,0.10850342638147067,EXPLORATORY,False,0.02568192414939933,-0.001023280761078078,0.9682171812633242
growth_ind,E,PHYS,HELDOUT,O2r_m50,413,-0.11609367599236159,-0.20943836582793363,-0.008509836930037254,-0.10393394623016126,-0.1928872269399304,-0.010149746758918192,EXPLORATORY,False,0.05295433205111686,-0.11661949488718638,0.027646564565133536
growth_ind,E,LIFEENV,HELDOUT,O2r_m50,630,0.013567052028141317,-0.06291199427838873,0.09604172205767617,0.08896483112460689,0.01769260529424825,0.1647019258562448,EXPLORATORY,False,0.04012439834790634,0.013567884526111717,0.7352535478905171
growth_ind,E,SOC,HELDOUT,O2r_m50,689,-0.019300440576636924,-0.09792383271249036,0.05735657841430126,0.02380143143357909,-0.045882508968662,0.10747113185111475,EXPLORATORY,False,0.04015901408616729,-0.019302837628858458,0.6307580597027549
growth_ind,E,MATHDEC,HELDOUT,O2r_m50,101,-9.298057504554964e-06,-0.2354435194558221,0.19790360350703207,-0.08931879434394718,-0.2607844662184646,0.08870799588096974,EXPLORATORY,False,0.11473367919002957,-9.298057504822915e-06,0.9999353391560978
growth_ind,E,COH_DEVHOME,COHORT,O2r_m50,1368,0.0041291327691790666,-0.0484917321192628,0.06165880305088576,0.02867614677650124,-0.025613988203262373,0.07782837507652134,EXPLORATORY,False,0.028318430526081843,0.004129156236295635,0.8840701023642213
growth_ind,E,COH_OTHER,COHORT,O2r_m50,814,0.042019471365115565,-0.022275369757552108,0.10785559640269002,0.06723409015313317,-0.0031005901084363314,0.13127507485799747,EXPLORATORY,False,0.03548357754513256,0.04204422796050795,0.23605991910369117
accel,E,CS,DEV,O2r_m50,216,0.058594388674700425,-0.09405702420015634,0.19671662402539908,0.0779407128552164,-0.04921878526950302,0.19875730016668938,EXPLORATORY,False,0.07688772372117744,0.05866158456951704,0.4454924727058468
accel,E,Eng,DEV,O2r_m50,941,0.0562018046512664,-0.008046080461008324,0.11951460760309078,0.038229407408072916,-0.025803557962552646,0.10273212025213257,EXPLORATORY,False,0.03273042283547581,0.05626109085966594,0.08562831426062097
accel,E,BGM,DEV,O2r_m50,290,0.010250416183054384,-0.10742365229238927,0.11777323325755656,0.01631897842353805,-0.0906296584264725,0.1345001562409746,EXPLORATORY,False,0.05644159874595467,0.010250775212957515,0.8558830094559068
accel,E,Med,DEV,O2r_m50,1741,0.0023933133677714043,-0.04428794748350435,0.04956111677169175,-0.017024975947550734,-0.06247796184551309,0.028389674709085714,EXPLORATORY,False,0.023888330061859423,0.002393317937379314,0.9201952745800779
accel,E,PHYS,HELDOUT,O2r_m50,413,-0.13109614887330295,-0.22223500088099504,-0.0250282198259092,-0.1839528576016038,-0.26422251495683974,-0.08792843352473823,EXPLORATORY,False,0.0530112032188907,-0.1318550043737621,0.012871517606769588
accel,E,LIFEENV,HELDOUT,O2r_m50,630,0.020829683152698036,-0.05110370586821909,0.09511796848693227,0.037588843502452327,-0.041899376457995255,0.11323702074167968,EXPLORATORY,False,0.037499724361125336,0.02083269643495881,0.5785235427112474
accel,E,SOC,HELDOUT,O2r_m50,689,-0.009349243457003375,-0.08494854970938581,0.06268933459914672,-0.03826708226724917,-0.11096376216875965,0.03820167327518092,EXPLORATORY,False,0.04081198981406191,-0.00934951587194846,0.8188009247825682
accel,E,MATHDEC,HELDOUT,O2r_m50,101,0.03706218648264917,-0.1818446801065209,0.23454519064966498,-0.10135591641532903,-0.29534095605564126,0.09913368062949368,EXPLORATORY,False,0.11079942368836351,0.037079170091910314,0.7378881494849436
accel,E,COH_DEVHOME,COHORT,O2r_m50,1368,0.01528399046720807,-0.038978954265342064,0.07415067617506768,-0.03761626010746861,-0.08830817379463546,0.019059939228234114,EXPLORATORY,False,0.028660674260390945,0.015285180749291291,0.5938152257962849
accel,E,COH_OTHER,COHORT,O2r_m50,814,0.04829785460543156,-0.0253198442901323,0.11293675227789277,0.02273297022967363,-0.047460199031464735,0.09560410923344938,EXPLORATORY,False,0.036389653714192685,0.04833546177909665,0.1840873254920945
burst,E,CS,DEV,O2r_m50,216,0.04321568599353424,-0.07269525093079902,0.17753049119901795,-0.053102268814234486,-0.18833234790995101,0.07550545455179761,EXPLORATORY,False,0.06845436937634147,0.04324261932077802,0.5275829835545665
burst,E,Eng,DEV,O2r_m50,941,-0.05575143758260915,-0.11591036602294319,0.014500317079528922,-0.011783229037795719,-0.0745245307254481,0.05361651755996,EXPLORATORY,False,0.0324568231615425,-0.05580930817549546,0.08552448451736289
burst,E,BGM,DEV,O2r_m50,290,0.04433840019481177,-0.06808893349882562,0.1715154317712438,0.06290534702029303,-0.04952504991620706,0.17709982112477457,EXPLORATORY,False,0.062346406569707156,0.04436748937527852,0.47669475862232724
burst,E,Med,DEV,O2r_m50,1741,0.031125029322743875,-0.01788740818920996,0.07666535278666162,0.04248884400910209,-0.002939263027072343,0.08328219710684776,EXPLORATORY,False,0.024806293348247976,0.03113508614078846,0.2094321103998249
burst,E,PHYS,HELDOUT,O2r_m50,413,-0.008146757704074633,-0.10946614458934026,0.09447926683678652,-0.020715025403204922,-0.12207937528845231,0.057012504153499406,EXPLORATORY,False,0.0522073572851821,-0.008146937943768086,0.8759939140237541
burst,E,LIFEENV,HELDOUT,O2r_m50,630,-0.05718465538136888,-0.12764390593740493,0.016814799413655327,-0.030479740105198275,-0.09532903859598726,0.04465372885051321,EXPLORATORY,False,0.03828587521988398,-0.05724711085906402,0.1348481462683928
burst,E,SOC,HELDOUT,O2r_m50,689,-0.04631805305858956,-0.11831835230772213,0.029822759305099925,-0.031335308697965164,-0.11244063143797695,0.038434796851705116,EXPLORATORY,False,0.03818858548756504,-0.04635121875811422,0.22484497399420933
burst,E,MATHDEC,HELDOUT,O2r_m50,101,0.21005939432701887,-0.06427758076700635,0.4701961618078838,0.11720160062196562,-0.049196100202602434,0.28187426574810526,EXPLORATORY,False,0.1516115417259006,0.21323348183224825,0.15959165962935207
burst,E,COH_DEVHOME,COHORT,O2r_m50,1368,-0.04403042624507137,-0.09989502764057828,0.006587815805121888,0.03447204157132116,-0.0153539664063869,0.08516692684680248,EXPLORATORY,False,0.027049862856973618,-0.04405891300103586,0.10335461019719785
burst,E,COH_OTHER,COHORT,O2r_m50,814,-0.015622125339911827,-0.08757113524132233,0.05580456969662204,-0.0029876066634155715,-0.06864907826601266,0.06468507424435087,EXPLORATORY,False,0.03611847821098597,-0.015623396390100517,0.6653347065504881
author_growth,E,CS,DEV,O2r_m50,216,-0.038106907743940814,-0.17607864592794853,0.11629125083126976,-0.060225587703248214,-0.1995876363538182,0.06839670976456515,EXPLORATORY,False,0.07446051978440486,-0.038125369308006286,0.6086361290626007
author_growth,E,Eng,DEV,O2r_m50,941,0.03185681086181187,-0.03145804392028127,0.09396149533274585,0.05813776772934388,-0.008404472060614255,0.12216895769036523,EXPLORATORY,False,0.032805349914993266,0.03186759412476256,0.3313418874458537
author_growth,E,BGM,DEV,O2r_m50,290,-0.02275389762426252,-0.14609011061597713,0.11774602966519425,0.049462750222892,-0.06020762475969642,0.16459345910537587,EXPLORATORY,False,0.06832269426561617,-0.02275782571113914,0.7390639228586326
author_growth,E,Med,DEV,O2r_m50,1741,0.05929140166080508,0.006918991142035618,0.1086837969135214,0.13332562816811674,0.08880941057591232,0.1794470286176466,EXPLORATORY,False,0.02566071852968532,0.05936102763481882,0.02070596343819268
author_growth,E,PHYS,HELDOUT,O2r_m50,413,-0.027575174979260854,-0.11590101720098413,0.06694725653827212,0.03646650566660181,-0.06452149617402414,0.1372056353791311,EXPLORATORY,False,0.047862332803285224,-0.027582167468046957,0.5644250590744996
author_growth,E,LIFEENV,HELDOUT,O2r_m50,630,-0.05711883114591759,-0.12472921304052359,0.026993070108323566,0.049610642474231754,-0.023814670126402905,0.13055204289643668,EXPLORATORY,False,0.039641916870610736,-0.057181070915885264,0.14917839780022177
author_growth,E,SOC,HELDOUT,O2r_m50,689,0.058358989326440035,-0.010914195745448288,0.1252398308949381,0.12127214863363292,0.03931061882808358,0.19314194731560744,EXPLORATORY,False,0.037763292279497526,0.05842537750462281,0.1218277188321812
author_growth,E,MATHDEC,HELDOUT,O2r_m50,101,0.04362598391291387,-0.18944230628590691,0.2722712150733213,0.06401728717642316,-0.13142092344277367,0.24430179277375094,EXPLORATORY,False,0.11561501101644885,0.04365369227012568,0.7057440612804242
author_growth,E,COH_DEVHOME,COHORT,O2r_m50,1368,-0.03431077430582826,-0.09856509610307725,0.024513408258275197,0.08626686675336001,0.03578461141355914,0.13374460069078464,EXPLORATORY,False,0.02952034230932492,-0.03432424770605635,0.2449382396215779
author_growth,E,COH_OTHER,COHORT,O2r_m50,814,-0.019325331500541467,-0.08953824187461346,0.05492307621032308,0.04873158713899133,-0.032521579410114444,0.11279252095275506,EXPLORATORY,False,0.03457497857062983,-0.01932773784023355,0.576155308613066
n_authors_early,E,CS,DEV,O2r_m50,216,0.044077059974513624,-0.1086944939786803,0.1751480898792351,0.0404706793414723,-0.08712608123800616,0.14949561286763438,EXPLORATORY,False,0.07344755502455617,0.04410563741005558,0.5481696082776455
n_authors_early,E,Eng,DEV,O2r_m50,941,-0.088793162324461,-0.15090102034008018,-0.01991528370965101,0.17407025559788725,0.110646710578876,0.2370750211692181,EXPLORATORY,False,0.03387598968382414,-0.08902762758419357,0.008587713754490058
n_authors_early,E,BGM,DEV,O2r_m50,290,-0.3290063320620361,-0.4322585068325242,-0.21983905106018553,-0.2472924307887414,-0.35232498910234883,-0.13865836127247294,EXPLORATORY,False,0.06078343399281987,-0.34171356153007276,1.8895543254279105e-08
n_authors_early,E,Med,DEV,O2r_m50,1741,-0.10988207154080917,-0.15613734198118112,-0.06405252022575314,-0.0007821743410882067,-0.04554227138720791,0.04493194831794271,EXPLORATORY,False,0.023295600123066498,-0.11032754448606756,2.1799686203412475e-06
n_authors_early,E,PHYS,HELDOUT,O2r_m50,413,-0.00843534525490029,-0.09822296953456008,0.09467302220900362,0.17245286564997145,0.06417848800968864,0.2722569126318328,EXPLORATORY,False,0.05035097055511775,-0.008435545335912339,0.8669491812297327
n_authors_early,E,LIFEENV,HELDOUT,O2r_m50,630,-0.05373616982181292,-0.13878168180128964,0.030719390498744198,0.06646884069038692,-0.014373699971103403,0.1492552112632941,EXPLORATORY,False,0.041902117943429074,-0.05378798204233626,0.1992617035373918
n_authors_early,E,SOC,HELDOUT,O2r_m50,689,0.19846527845860254,0.11804007203274988,0.27286136243288983,0.30902524790466257,0.239789581427676,0.3761418324773733,EXPLORATORY,False,0.04092735118615945,0.20113439540583963,8.904343050166532e-07
n_authors_early,E,MATHDEC,HELDOUT,O2r_m50,101,0.11735536512279127,-0.11697072062314912,0.33709012328026355,0.4661804436765106,0.278331076511711,0.6147177126103112,EXPLORATORY,False,0.12109425525121466,0.11789861166869683,0.3302500805230568
n_authors_early,E,COH_DEVHOME,COHORT,O2r_m50,1368,-0.15110574088425624,-0.205777026631699,-0.09645649090718086,-0.05546171613895735,-0.10803546216203258,-0.006415129997675377,EXPLORATORY,False,0.028327033253443688,-0.1522718211117891,7.637263889304866e-08
n_authors_early,E,COH_OTHER,COHORT,O2r_m50,814,0.09649544464058818,0.03145318475828517,0.1674399243603848,0.1725956364409026,0.10185832736543711,0.23873808159727797,EXPLORATORY,False,0.033504003932158924,0.09679663073606777,0.0038633837951104143
log_offhome_volume,F,CS,DEV,O2r_m50,216,-0.15000920122284253,-0.29025712169607737,-0.004151005783889038,0.2344119289972158,0.11809846229216264,0.3502698647898943,FROZEN,False,0.0737116264428434,-0.1511498489654535,0.04031016388234537
log_offhome_volume,F,Eng,DEV,O2r_m50,941,-0.1756363994942938,-0.23061406033279688,-0.10847525886193418,0.5656215665456764,0.5101357122186628,0.6178734826343405,FROZEN,False,0.03112795697177769,-0.1774766006082414,1.1874533640425575e-08
log_offhome_volume,F,BGM,DEV,O2r_m50,290,-0.20157103248523775,-0.2959900736159924,-0.0893387571214947,0.23133316370445875,0.11444927762353406,0.3328629063935894,FROZEN,False,0.05570250790293714,-0.20436958348523404,0.00024355097379904925
log_offhome_volume,F,Med,DEV,O2r_m50,1741,-0.11948556703159423,-0.16312803253165178,-0.07223092069165046,0.6468338787363754,0.6210593605006565,0.6733116070044103,FROZEN,False,0.02383423820113083,-0.12005911201619986,4.72257885877207e-07
log_offhome_volume,F,PHYS,HELDOUT,O2r_m50,413,0.021057169268599785,-0.06577041372089422,0.10823191949193964,0.6430138395128019,0.5718342292391345,0.7056005690989547,FROZEN,False,0.044653144997032934,0.021060282377205922,0.6371826022495364
log_offhome_volume,F,LIFEENV,HELDOUT,O2r_m50,630,-0.10852773828233397,-0.19016414163254255,-0.029876707471672287,0.3600667078895771,0.29052884027584935,0.4291195122108235,FROZEN,False,0.0414570367772159,-0.10895686467633055,0.008584119330826808
log_offhome_volume,F,SOC,HELDOUT,O2r_m50,689,-0.12672468397139358,-0.19870767856681837,-0.056839267214389394,0.42648396874803474,0.3595078729343591,0.4897677022275678,FROZEN,False,0.037322882985897005,-0.12740965964015105,0.0006408373626174374
log_offhome_volume,F,MATHDEC,HELDOUT,O2r_m50,101,-0.22934308174890564,-0.4393133227386795,0.011681049096471406,0.6848395226403433,0.5446259725910493,0.7816038620749308,FROZEN,False,0.12315979842382192,-0.2334959670500375,0.057976162840403744
log_offhome_volume,F,COH_DEVHOME,COHORT,O2r_m50,1368,-0.15478055949354996,-0.2002560445468948,-0.10231225004318806,0.6063440660306892,0.5759021189536057,0.6361132324729266,FROZEN,False,0.025605537083683145,-0.15603466328742194,1.1027105530471396e-09
log_offhome_volume,F,COH_OTHER,COHORT,O2r_m50,814,-0.12488185010193084,-0.1935226482650186,-0.06245652497009804,0.4553159577264425,0.3949895411705173,0.5124004397584919,FROZEN,False,0.035253316180852354,-0.12553719064733196,0.00036943982536655494
rao_stirling,F,CS,DEV,O2r_m50,216,-0.013733729390239396,-0.1505183199113891,0.13185265826835574,0.5974325602066374,0.4972451257262806,0.6848680038174324,EXPLORATORY,False,0.07708962375306834,-0.013734592951904896,0.8585942094568892
rao_stirling,F,Eng,DEV,O2r_m50,941,-0.13389363541032645,-0.18771786909366192,-0.06378317741687241,0.6915678194295646,0.6524411925452372,0.725624488692285,EXPLORATORY,False,0.03414143693680842,-0.13470248004099197,7.965855128148608e-05
rao_stirling,F,BGM,DEV,O2r_m50,290,0.12049412354250898,0.007361444419714598,0.2621823877358477,0.4984338635797098,0.3950161142067743,0.5870863401303811,EXPLORATORY,False,0.06608093665531299,0.12108240149361225,0.06690155171024026
rao_stirling,F,Med,DEV,O2r_m50,1741,-0.06659254726561095,-0.11538956540704225,-0.016115531373354024,0.7067407889717457,0.6831234861391821,0.7306466929684681,EXPLORATORY,False,0.026861624605853937,-0.06669124639040598,0.013036508499024695
rao_stirling,F,PHYS,HELDOUT,O2r_m50,413,0.07309574303100942,-0.04267328061602583,0.18939893671900185,0.7463010828299584,0.6911352620707575,0.7921222791892885,EXPLORATORY,False,0.05784248865316631,0.07322634518820645,0.20552698089954946
rao_stirling,F,LIFEENV,HELDOUT,O2r_m50,630,0.16199436960090138,0.08332462450204922,0.2448342719390827,0.6218263885239436,0.5681517774801239,0.6656674007828871,EXPLORATORY,False,0.04298202812959678,0.16343413632457168,0.0001433109071908262
rao_stirling,F,SOC,HELDOUT,O2r_m50,689,0.03505653370729389,-0.04687054703862489,0.12034880463640385,0.5870150875270774,0.537672981478326,0.6372193361049454,EXPLORATORY,False,0.04258210671033544,0.035070905338464374,0.4101631084684252
rao_stirling,F,MATHDEC,HELDOUT,O2r_m50,101,0.2794158079440197,0.021694687634391495,0.4909299531540813,0.8333556600988451,0.7476808268495281,0.8929279109537689,EXPLORATORY,False,0.1281069181995197,0.28704829590558334,0.025045957200566415
rao_stirling,F,COH_DEVHOME,COHORT,O2r_m50,1368,-0.0321295160885946,-0.08523590333697219,0.024091074275622508,0.7377605598648138,0.7093546127760603,0.7639915697519796,EXPLORATORY,False,0.0286180624301807,-0.032140578770092534,0.2614004741939392
rao_stirling,F,COH_OTHER,COHORT,O2r_m50,814,0.0031668154595427076,-0.06972185346389162,0.0784725227097628,0.6269521078284449,0.577637652889718,0.6661315635262184,EXPLORATORY,False,0.0380296967389093,0.003166826045975084,0.9336349053697602
fields_gained_per_yr,F,CS,DEV,O2r_m50,216,0.1292977422849732,-0.007392528221760673,0.25288954624142784,0.46046788941068695,0.34626684371978395,0.5635634922814698,EXPLORATORY,False,0.06706885248158603,0.13002558634581735,0.052539328257293336
fields_gained_per_yr,F,Eng,DEV,O2r_m50,941,0.10153636982960203,0.03617761496545591,0.15619052351204488,0.4517087850000506,0.3948094445350467,0.5032669368718138,EXPLORATORY,False,0.030944327237304538,0.10188747856750191,0.0009926345997810085
fields_gained_per_yr,F,BGM,DEV,O2r_m50,290,0.08129557675162659,-0.046309079110010455,0.2019942442089712,0.4066096787162235,0.32144159820173174,0.4979086520033944,EXPLORATORY,False,0.06256053985534066,0.08147538365944457,0.19279859857121595
fields_gained_per_yr,F,Med,DEV,O2r_m50,1741,0.09378353858125009,0.040370965361643474,0.13713226472030446,0.431265017009235,0.39415618948127595,0.4692218706715849,EXPLORATORY,False,0.025415188556084854,0.0940599518264997,0.00021480680127228805
fields_gained_per_yr,F,PHYS,HELDOUT,O2r_m50,413,0.0952550951007186,0.0009525720225191109,0.19104365379608682,0.47037949191584005,0.39429360001453373,0.5425884003048698,EXPLORATORY,False,0.05009867913400199,0.09554477387715911,0.0565035486993287
fields_gained_per_yr,F,LIFEENV,HELDOUT,O2r_m50,630,0.12075395195119339,0.03582575739276847,0.2027567142995735,0.4001082094542844,0.3294535306752523,0.4731478823035436,EXPLORATORY,False,0.04171996250560822,0.12134606626812297,0.003630682092114165
fields_gained_per_yr,F,SOC,HELDOUT,O2r_m50,689,0.10251154248558352,0.02495590985665798,0.17986044816555813,0.453572862217515,0.39075260051222344,0.508365781282389,EXPLORATORY,False,0.039903436722497805,0.1028729085346566,0.009936067554509757
fields_gained_per_yr,F,MATHDEC,HELDOUT,O2r_m50,101,0.20963352249777456,-0.0384092042867158,0.4235719463467098,0.6469251515451874,0.5084865806876158,0.7568712958900532,EXPLORATORY,False,0.1283612746313087,0.21278799263960163,0.09737251556749323
fields_gained_per_yr,F,COH_DEVHOME,COHORT,O2r_m50,1368,0.13501650749551594,0.08246166246592462,0.1864447367199705,0.4774268694830679,0.4372896763816448,0.5216457120973295,EXPLORATORY,False,0.027277378803569997,0.135846025459358,6.352793954912498e-07
fields_gained_per_yr,F,COH_OTHER,COHORT,O2r_m50,814,0.11764010208346455,0.050716020852618865,0.18058008799094477,0.45116936375400324,0.3918205673478354,0.505854647025139,EXPLORATORY,False,0.0343638620975351,0.11818733465944778,0.0005832391166299569
G,G,CS,DEV,O2r_m50,215,-0.0260927268186056,-0.18028335364652587,0.1446625502869568,0.025098719193832802,-0.10074999228848738,0.15228344677643763,EXPLORATORY,True,0.0836205650539931,-0.026098650812551676,0.7549584151322366
G,G,Eng,DEV,O2r_m50,925,0.10383437291422574,0.037480795215653354,0.16546130524792707,0.24436022398815632,0.18975999931692963,0.2992394566586736,EXPLORATORY,True,0.03328423981694804,0.10420997174891031,0.0017426533502892497
G,G,BGM,DEV,O2r_m50,288,0.1644789226988883,0.02220801013298813,0.2811008676339578,0.22719168261337727,0.11945715043163432,0.34120395110664425,EXPLORATORY,True,0.067911637666722,0.16598670720025405,0.014519105144095067
G,G,Med,DEV,O2r_m50,1647,0.15545153245911905,0.10654216310080239,0.20125160064186579,0.3659757595380768,0.32382248227963006,0.4076298673268986,EXPLORATORY,True,0.02480823079444633,0.1567221785782989,2.6609331315801466e-10
G,G,PHYS,HELDOUT,O2r_m50,390,0.056927557889332146,-0.043646914442456705,0.16187071677197737,0.15821525569935632,0.07041206783318518,0.27480398933852207,EXPLORATORY,True,0.05406579192698117,0.05698917367706508,0.2918504941693515
G,G,LIFEENV,HELDOUT,O2r_m50,628,0.03373738110606165,-0.047110576028486784,0.10924271152243072,0.06931768385835504,-0.005037387153533844,0.1492062391573006,EXPLORATORY,True,0.04117519164504805,0.03375018993948205,0.41240258640466165
G,G,SOC,HELDOUT,O2r_m50,682,0.0817300965611523,0.007157007381040487,0.15702507292451798,0.29453005177221653,0.22105630668561205,0.3644667374729276,EXPLORATORY,True,0.038721986826267256,0.08191280988572011,0.034395168363615905
G,G,MATHDEC,HELDOUT,O2r_m50,100,0.06507257095979438,-0.1849493023811956,0.2971039759393229,0.2765151174211569,0.09494936680007718,0.426677107940773,EXPLORATORY,True,0.1267768843556076,0.0651646536458193,0.6072446279353748
G,G,COH_DEVHOME,COHORT,O2r_m50,1318,-0.0006247048142017094,-0.052033651759496514,0.0527666732693903,0.16145191778772164,0.10459179176137075,0.21465602927284597,EXPLORATORY,True,0.027366662928102064,-0.0006247048954666842,0.9817880935059162
G,G,COH_OTHER,COHORT,O2r_m50,806,0.017379804449923437,-0.04969824642683498,0.08180561166133123,0.0504203912296353,-0.018650371463923832,0.11788395346172913,EXPLORATORY,True,0.03356521903226211,0.017381554667823644,0.6045669628258703
G_A,G,CS,DEV,O2r_m50,214,-0.01134955369271106,-0.16371097735953857,0.13829501122680035,0.036030790483054395,-0.09846898305936348,0.1710789167497807,EXPLORATORY,True,0.0820082997362123,-0.01135004105134448,0.8899234069064504
G_A,G,Eng,DEV,O2r_m50,890,0.10815115577841647,0.037569229346455624,0.17909107589489234,0.23992865227562063,0.18016880059950868,0.3023235897435098,EXPLORATORY,True,0.03653357025345564,0.10857580955771133,0.0029591842063745083
G_A,G,BGM,DEV,O2r_m50,285,0.14316809539443526,0.015208889270026072,0.2693630831560867,0.2094128988789581,0.089303563107055,0.33009809407525137,EXPLORATORY,True,0.06895647150578593,0.14415848134696746,0.03656643125546481
G_A,G,Med,DEV,O2r_m50,1553,0.15634676682749934,0.10810121795594677,0.20730489353129472,0.34636844412893464,0.29980464742069773,0.39027862610817965,EXPLORATORY,True,0.026250621370649912,0.15763971327731696,1.911194479141455e-09
G_A,G,PHYS,HELDOUT,O2r_m50,379,0.029799427428486975,-0.07621285374817253,0.13181914652323395,0.10542112621579713,0.0036982903475331896,0.20295212246889288,EXPLORATORY,True,0.0534731875894715,0.029808252820040827,0.577224809737175
G_A,G,LIFEENV,HELDOUT,O2r_m50,626,0.022157305191747724,-0.05168668882530423,0.09842546869554461,0.07150096892843968,-0.009054648402169865,0.14742425356212108,EXPLORATORY,True,0.03765821341499477,0.022160932274961215,0.5562132397594219
G_A,G,SOC,HELDOUT,O2r_m50,673,0.07469176543001274,0.0037567567577544768,0.15293952077693948,0.2671153959746679,0.19404017802468326,0.3383767388934778,EXPLORATORY,True,0.03981241733442686,0.07483113052371279,0.06016360367744625
G_A,G,MATHDEC,HELDOUT,O2r_m50,99,0.07664912532141159,-0.1878695130232999,0.31257920971630443,0.24288585886683425,0.04425615230349008,0.4304274904298124,EXPLORATORY,True,0.12139416809812197,0.07679976348253648,0.5269636105912532
G_A,G,COH_DEVHOME,COHORT,O2r_m50,1269,0.004227209923869529,-0.05434815625672331,0.06398449269913008,0.1462711410214923,0.09481381766236423,0.2025430060455351,EXPLORATORY,True,0.03027962886964648,0.0042272351032388595,0.8889708499835233
G_A,G,COH_OTHER,COHORT,O2r_m50,796,0.017267648429309737,-0.04661480676753579,0.08460605565064987,0.05528599446637685,-0.021571084133317594,0.12275020077559562,EXPLORATORY,True,0.034178655923431306,0.017269364977676255,0.6133709469325626
G_btw,G,CS,DEV,O2r_m50,215,-0.031024516325502818,-0.17662693374982374,0.1256935247716474,0.15147604545104074,0.013072045299323628,0.27944237687652757,FROZEN,True,0.07547217341932723,-0.03103447599012495,0.6809227962328831
G_btw,G,Eng,DEV,O2r_m50,925,0.11808918207488908,0.05610305400559778,0.18476672035641908,0.2708513635296679,0.21160611134929727,0.3230738051571745,FROZEN,True,0.03433986390425041,0.11864274120025498,0.0005503813048052976
G_btw,G,BGM,DEV,O2r_m50,288,0.33890014058725904,0.22352623270212388,0.44993414699900003,0.4273114611409142,0.32467140792141136,0.5207470731485465,FROZEN,True,0.06492912281748833,0.3528494318112251,5.498773644545894e-08
G_btw,G,Med,DEV,O2r_m50,1647,0.20614752214136797,0.15864064151772114,0.2539993711902942,0.3700901250869405,0.32849475108608567,0.4129312834116573,FROZEN,True,0.025925689582596133,0.20914452273472597,7.200140223736036e-16
G_btw,G,PHYS,HELDOUT,O2r_m50,390,0.05376122798835222,-0.04847309142160971,0.15764853446051758,0.19375492736414252,0.0908242100721927,0.29560378375106733,FROZEN,True,0.05264334003083375,0.05381311280971959,0.30667644745728695
G_btw,G,LIFEENV,HELDOUT,O2r_m50,628,0.000606337731502527,-0.08054352760645643,0.07906779277716669,-0.0772404410601425,-0.16357746491466812,0.00330526908265526,FROZEN,True,0.04141602545753281,0.0006063378058083117,0.9883192487202579
G_btw,G,SOC,HELDOUT,O2r_m50,682,0.1195195375060971,0.04745256538770699,0.19738154099650998,0.32105042631388364,0.2507594751812419,0.39303691500888877,FROZEN,True,0.04021083572671419,0.12009357464670772,0.0028210102283018996
G_btw,G,MATHDEC,HELDOUT,O2r_m50,100,0.027655690983273452,-0.21142088669950207,0.26527427471506376,0.28093926477321723,0.0835192747636448,0.4496284089648633,FROZEN,True,0.12453020285334818,0.02766274492144729,0.8242073651802119
G_btw,G,COH_DEVHOME,COHORT,O2r_m50,1318,0.061580746858802375,0.0054951033775074536,0.11458311839197978,0.17208040510953002,0.12327906094425742,0.22581089740564528,FROZEN,True,0.02833437865547212,0.061658766385699025,0.029546926468521226
G_btw,G,COH_OTHER,COHORT,O2r_m50,806,0.03348068493254652,-0.0285433699120759,0.10235763718706757,0.04726151032732323,-0.019875756480657727,0.11483069342735441,FROZEN,True,0.03350010206240797,0.03349320348110075,0.31741017481834033
G_deg,G,CS,DEV,O2r_m50,215,0.12092692787128889,-0.024321257858304753,0.26586326962910145,0.47298274297201226,0.359630106611691,0.5765296634531274,EXPLORATORY,False,0.07424087407466773,0.12152160548462927,0.10166060279789527
G_deg,G,Eng,DEV,O2r_m50,925,0.1533986917646356,0.08885234031651086,0.21629084275151683,0.3295749208613362,0.2672589599431562,0.38167121400163145,EXPLORATORY,False,0.03250742845783612,0.1546191867854642,1.9705015751184194e-06
G_deg,G,BGM,DEV,O2r_m50,288,-0.0691793791169427,-0.19419884483308952,0.06163671320902408,-0.1890182494169334,-0.3083889736725945,-0.06404811724934761,EXPLORATORY,False,0.06540105643342502,-0.0692900563438428,0.2893885752732748
G_deg,G,Med,DEV,O2r_m50,1647,0.1256959106420702,0.07799761303441828,0.17205332885964955,0.3133553570471351,0.27124270798912037,0.35585893139862135,EXPLORATORY,False,0.025272078271969166,0.1263642335800169,5.728512511193217e-07
G_deg,G,PHYS,HELDOUT,O2r_m50,390,0.16974056213459893,0.06046468794258185,0.27229611121821756,0.24467845313358458,0.1353810335749083,0.344455544617355,EXPLORATORY,False,0.05529586602773526,0.17139951687384522,0.0019372950505022874
G_deg,G,LIFEENV,HELDOUT,O2r_m50,628,-0.009536610332313504,-0.08477016118270911,0.06526556089128178,-0.06457832078338333,-0.14286699996393287,0.02046382939890819,EXPLORATORY,False,0.04055927495305941,-0.009536899456589169,0.8141040623420527
G_deg,G,SOC,HELDOUT,O2r_m50,682,0.16052030784986565,0.08854536763630466,0.23589096232058435,0.29467251219895224,0.22552333070103084,0.3619238749452298,EXPLORATORY,False,0.03883668988454511,0.1619207194857673,3.055742786041286e-05
G_deg,G,MATHDEC,HELDOUT,O2r_m50,100,0.07312732504943763,-0.18646678549238568,0.27789974712279836,0.4056382991490945,0.22718001117431194,0.5711613602891148,EXPLORATORY,False,0.12117647119726703,0.07325809692910397,0.5454733135981371
G_deg,G,COH_DEVHOME,COHORT,O2r_m50,1318,0.004144268757488492,-0.049059536177403405,0.05148756684904103,0.10521515619981292,0.05440809251620705,0.15649011148935899,EXPLORATORY,False,0.026383556975322405,0.0041442924836212515,0.8751828942394067
G_deg,G,COH_OTHER,COHORT,O2r_m50,806,0.040892736755730186,-0.025580834079227885,0.11298363800969152,0.09580640263847343,0.02399305820126571,0.17009821471264,EXPLORATORY,False,0.03504094759389624,0.040915553481267186,0.24294807629595327
G_phimin,G,CS,DEV,O2r_m50,215,-0.1900778254898719,-0.3641761383925487,-0.009714855444854875,-0.5817557330508366,-0.6743935195563158,-0.48587586445411773,EXPLORATORY,False,0.08961098938540146,-0.19241791066985361,0.031772750338336396
G_phimin,G,Eng,DEV,O2r_m50,925,-0.15862136592045994,-0.22500235739524088,-0.09407739273990333,-0.3076906930612651,-0.3658797015439137,-0.24698260415065118,EXPLORATORY,False,0.03370838958966895,-0.15997216105471407,2.0771776923952944e-06
G_phimin,G,BGM,DEV,O2r_m50,288,0.21741804036038784,0.10557180711629804,0.3294548290510419,0.3159674393884534,0.20746799965433801,0.43084689556403366,EXPLORATORY,False,0.0623704757657222,0.22094443851438195,0.00039642503430794115
G_phimin,G,Med,DEV,O2r_m50,1647,-0.0833870849566793,-0.12928889582583145,-0.0406966054557784,-0.25405687860988185,-0.2982904360276121,-0.20653745965995104,EXPLORATORY,False,0.024803187992564056,-0.0835811700846099,0.0007522950360786072
G_phimin,G,PHYS,HELDOUT,O2r_m50,390,-0.18072876027290963,-0.2970932146208054,-0.08229649138009967,-0.2465990159639829,-0.3544004124638441,-0.14585695653900882,EXPLORATORY,False,0.05378101807743803,-0.18273595360863756,0.0006793555429639163
G_phimin,G,LIFEENV,HELDOUT,O2r_m50,628,0.052330975448761606,-0.02586282778417945,0.1274521215599437,0.14212942506355916,0.07315590949738339,0.21887467384405765,EXPLORATORY,False,0.04017030814338873,0.05237882409376005,0.1922612346988204
G_phimin,G,SOC,HELDOUT,O2r_m50,682,-0.12030145755577364,-0.19701015692417204,-0.047278963526112223,-0.04993384939874267,-0.12964539027164304,0.024640688575125188,EXPLORATORY,False,0.03959810982556203,-0.1208869016126948,0.002266828012229072
G_phimin,G,MATHDEC,HELDOUT,O2r_m50,100,0.05319777544129604,-0.1817270745545465,0.2780904235721289,-0.19093224839640566,-0.4138194563670833,0.04340073496750321,EXPLORATORY,False,0.11991902622106285,0.053248044118818644,0.6570184893796133
G_phimin,G,COH_DEVHOME,COHORT,O2r_m50,1318,-0.057579886169276125,-0.10824943830010808,-0.0007865729375567906,-0.08311794904410955,-0.13336791905283002,-0.02408963854231129,EXPLORATORY,False,0.028989399627466366,-0.0576436473377779,0.04676317996501449
G_phimin,G,COH_OTHER,COHORT,O2r_m50,806,-0.023652042290305396,-0.1028181096180945,0.04580648053758596,-0.04388990937671806,-0.1078842096328658,0.023892200145257936,EXPLORATORY,False,0.03828579116313288,-0.02365645423938316,0.5366470465077897
REL_home,G,CS,DEV,O2r_m50,215,-0.1683063957789526,-0.2921851801193934,-0.03333098635343319,0.04813531754640547,-0.09826874480522373,0.1716938091852889,EXPLORATORY,False,0.06909372979738894,-0.16992317265112092,0.01392028324995381
REL_home,G,Eng,DEV,O2r_m50,925,-0.15183608138234064,-0.2077813797001699,-0.0911928774530637,-0.25544976261692426,-0.31011594776341445,-0.18979784245897216,EXPLORATORY,False,0.031540413482691446,-0.15301931164819002,1.2251170553355011e-06
REL_home,G,BGM,DEV,O2r_m50,288,-0.31395254463303524,-0.4155558745648409,-0.18784971197686903,-0.33832909805454037,-0.4373011306225093,-0.22149186025410403,EXPLORATORY,False,0.06385606743992006,-0.32492414047189055,3.6112909891201024e-07
REL_home,G,Med,DEV,O2r_m50,1647,-0.08581824513397533,-0.13465138484998573,-0.032389852613588094,0.13158555682831002,0.08406407702970088,0.1804491982481091,EXPLORATORY,False,0.024949615226716754,-0.08602985826003069,0.0005644536694610268
REL_home,G,PHYS,HELDOUT,O2r_m50,390,-0.0718383660435834,-0.17354322564645264,0.02904114442344811,-0.029248844832244065,-0.14091868057895762,0.07488678605801961,EXPLORATORY,False,0.05288437792685642,-0.07196233008830581,0.17359322884210793
REL_home,G,LIFEENV,HELDOUT,O2r_m50,628,-0.20068372513864133,-0.2725496031417677,-0.12232281698450208,-0.35625148298699927,-0.418565360579744,-0.2869874853932423,EXPLORATORY,False,0.04106691996584887,-0.20344486932476125,7.27091432145867e-07
REL_home,G,SOC,HELDOUT,O2r_m50,682,-0.20807671679783812,-0.27975759483897666,-0.13687519052751612,-0.18112979013109146,-0.2457381426892532,-0.11258018242862368,EXPLORATORY,False,0.0380962362396444,-0.2111601806411142,2.97656618461615e-08
REL_home,G,MATHDEC,HELDOUT,O2r_m50,100,-0.3413442887966876,-0.5147266294660078,-0.1030680209628162,-0.24358995264679106,-0.4307403693768801,-0.034305184913856715,EXPLORATORY,False,0.11779718219031493,-0.3556133169785955,0.002537269299389035
REL_home,G,COH_DEVHOME,COHORT,O2r_m50,1318,-0.08759337599810314,-0.13762997595158477,-0.03154059173703401,-0.054540152024133634,-0.10732426864307222,-0.001156395594365068,EXPLORATORY,False,0.027487204565613682,-0.0878184359519656,0.00139886949525061
REL_home,G,COH_OTHER,COHORT,O2r_m50,806,-0.10797069208877505,-0.17994616500639762,-0.04110105414050384,-0.1612571647016664,-0.2299132465003931,-0.09276266000707338,EXPLORATORY,False,0.036377619175657946,-0.10839321366550311,0.0028856131254329943
RS,G,CS,DEV,O2r_m50,216,-0.08214922835125527,-0.21883437308820752,0.09912964472564507,0.6339537691817192,0.5376220079692583,0.7265581154337704,FROZEN,False,0.08341259569854972,-0.08233477480029563,0.3236041864868371
RS,G,Eng,DEV,O2r_m50,941,-0.1254025936169184,-0.18284106705207806,-0.05658920661435478,0.6990155286631042,0.6643640419787665,0.7317571858619611,FROZEN,False,0.03438033302136348,-0.12606621906460713,0.00024559317997456266
RS,G,BGM,DEV,O2r_m50,290,-0.22668717900818053,-0.3039164267437522,-0.11448179237255901,0.4393221773383433,0.32549651413067826,0.5306446222008377,FROZEN,False,0.05520454317447546,-0.23069440665583735,2.929191467824796e-05
RS,G,Med,DEV,O2r_m50,1741,-0.24288157756212772,-0.2894329911371379,-0.187640391955132,0.7007108320022092,0.6755103407131201,0.7236670970688748,FROZEN,False,0.02662540285172599,-0.24783406889464532,1.3004025061554621e-20
RS,G,PHYS,HELDOUT,O2r_m50,413,-0.05372109870242963,-0.1572974418399817,0.06827929374679598,0.7505696808995953,0.7001143362113569,0.7973208110693184,FROZEN,False,0.05756158303015809,-0.05377286729019799,0.3502111612037676
RS,G,LIFEENV,HELDOUT,O2r_m50,630,-0.11019858929936754,-0.19178353489170746,-0.014648563842173855,0.568940977420592,0.5085820259338739,0.613649238879365,FROZEN,False,0.04810715019854814,-0.11064794189944263,0.02144645779908519
RS,G,SOC,HELDOUT,O2r_m50,689,-0.11620690555117096,-0.200429106377576,-0.017185335230035084,0.5669009783349848,0.5117591986697871,0.6211350456895185,FROZEN,False,0.04807781687576902,-0.11673427290372596,0.015181182200052825
RS,G,MATHDEC,HELDOUT,O2r_m50,101,0.19647486532847291,-0.07506970849598359,0.4291096073461985,0.8220740269655487,0.7341560990158369,0.8795598943811489,FROZEN,False,0.14112048154213594,0.1990632170635116,0.15836538093681474
RS,G,COH_DEVHOME,COHORT,O2r_m50,1368,-0.17507683530024276,-0.2274190667250724,-0.11392305063603432,0.7323068612473879,0.7044462540758429,0.7590152356607188,FROZEN,False,0.030264267555559155,-0.17689928394249743,5.061019109916223e-09
RS,G,COH_OTHER,COHORT,O2r_m50,814,-0.12753489685182134,-0.19887246751505716,-0.04626027041485491,0.6282513576794151,0.5879361599420122,0.6679288958394732,FROZEN,False,0.03951639031186055,-0.12823318232878506,0.0011742457673352834
CONTACT_REACH,FR,CS,DEV,O2r_m50,216,0.22390572048767562,0.0883304661860409,0.3513458727336207,0.6305805269287234,0.5296963691067116,0.7129010337550896,FROZEN,False,0.06985557117352104,0.22776421366998317,0.0011121527186272906
CONTACT_REACH,FR,Eng,DEV,O2r_m50,941,0.24677176789355157,0.17291555417153429,0.3109748133623098,0.691784124249187,0.6548566063637765,0.7263259659290603,FROZEN,False,0.03773365064197226,0.25197231251086627,2.4279525753090155e-11
CONTACT_REACH,FR,BGM,DEV,O2r_m50,290,0.2947287002655593,0.17511696776838037,0.4031629565653282,0.5858583515076673,0.4859442367979545,0.6525778958091164,FROZEN,False,0.06741540026953187,0.303736951607978,6.623133957498165e-06
CONTACT_REACH,FR,Med,DEV,O2r_m50,1741,0.21336177796981826,0.16386350635089816,0.26194409424771087,0.6765565514183285,0.6458375024800556,0.704069658605777,FROZEN,False,0.02730115921407924,0.21669083240399942,2.070364146186554e-15
CONTACT_REACH,FR,PHYS,HELDOUT,O2r_m50,413,0.2544239851024669,0.16422231378421417,0.358467410254529,0.7282212483844279,0.6693528594164128,0.7748531645725818,FROZEN,False,0.05361920755356734,0.26013733809841744,1.224879707514411e-06
CONTACT_REACH,FR,LIFEENV,HELDOUT,O2r_m50,630,0.18399516767120633,0.0913297468241055,0.2774729869205223,0.6233507417551355,0.5692482469091886,0.670678345106816,FROZEN,False,0.05009956970203389,0.18611472857935535,0.00020328668381554532
CONTACT_REACH,FR,SOC,HELDOUT,O2r_m50,689,0.20974279881001218,0.11670154094420758,0.29109083855026924,0.6335569489119066,0.5858379383159279,0.6780746113811525,FROZEN,False,0.04736107152859936,0.21290229471414507,6.9471448096931814e-06
CONTACT_REACH,FR,MATHDEC,HELDOUT,O2r_m50,101,0.1740842547071089,-0.06739692628004346,0.4668048068884535,0.8162042903546938,0.731524774786455,0.8770908864121748,FROZEN,False,0.14362175810842154,0.17587549999208416,0.22073569247155433
CONTACT_REACH,FR,COH_DEVHOME,COHORT,O2r_m50,1368,0.21341699047619717,0.1608122018494116,0.26855225948214884,0.6963053801027081,0.6671382528084476,0.726316292571611,FROZEN,False,0.02838412139353071,0.21674867895478048,2.2361345556464476e-14
CONTACT_REACH,FR,COH_OTHER,COHORT,O2r_m50,814,0.22697848694056671,0.1537782727566045,0.29354085905369814,0.6527500677645963,0.6094221699132536,0.6929382798609635,FROZEN,False,0.037622622616218675,0.23100151634699373,8.254062786291135e-10
RETAINED_REACH,FR,CS,DEV,O2r_m50,216,-0.09806724746724205,-0.22889122577803375,0.02144548906239572,0.22712590122522824,0.11267229906120928,0.3450447544043409,EXPLORATORY,False,0.06564341870647067,-0.09838345103010604,0.13393700876293754
RETAINED_REACH,FR,Eng,DEV,O2r_m50,941,-0.08121687544889654,-0.1429096432930583,-0.022941688736454073,0.45027410664329215,0.3965452495151503,0.5065112454598899,EXPLORATORY,False,0.03141385960189612,-0.0813961592717681,0.009567227434563836
RETAINED_REACH,FR,BGM,DEV,O2r_m50,290,-0.01068776698547285,-0.12126268505648626,0.09910458064776119,0.2906072689011805,0.17711697877524274,0.39197440463110267,EXPLORATORY,False,0.05833373765114164,-0.01068817396207562,0.8546218170973932
RETAINED_REACH,FR,Med,DEV,O2r_m50,1741,-0.06484882073163593,-0.11453731654463674,-0.0101397631360908,0.4843584258955366,0.446996214039834,0.5176111849185586,EXPLORATORY,False,0.026380506540762454,-0.06493995521358988,0.013829398103360892
RETAINED_REACH,FR,PHYS,HELDOUT,O2r_m50,413,0.0008555433547452673,-0.08958719756456801,0.11006014929784445,0.5670317545510039,0.4959442829681613,0.6305835296881974,EXPLORATORY,False,0.04738916636426674,0.0008555435634849424,0.9855961188368457
RETAINED_REACH,FR,LIFEENV,HELDOUT,O2r_m50,630,-0.08182935464075197,-0.16672155422263982,-0.009553629782246982,0.2661020103719373,0.19816589996176145,0.34711249952211104,EXPLORATORY,False,0.0405089353929389,-0.08201273626538882,0.04291265129482281
RETAINED_REACH,FR,SOC,HELDOUT,O2r_m50,689,-0.09933625081587105,-0.16660746344367375,-0.031166114508682046,0.29844282387114124,0.23444431389952325,0.3623658880861667,EXPLORATORY,False,0.03656220530581806,-0.09966493885710094,0.006412629896233999
RETAINED_REACH,FR,MATHDEC,HELDOUT,O2r_m50,101,-0.20441862518427786,-0.427001868836992,0.07262083732225057,0.49376019518674813,0.3143057632691173,0.6473624077221862,EXPLORATORY,False,0.13557659700179964,-0.20733956215169264,0.12618593654719598
RETAINED_REACH,FR,COH_DEVHOME,COHORT,O2r_m50,1368,-0.12412121848855097,-0.17472572203594677,-0.07207610871588249,0.4866393532250822,0.44304291094671283,0.5261379174899012,EXPLORATORY,False,0.027248064256753596,-0.12476458308887976,4.675570310396339e-06
RETAINED_REACH,FR,COH_OTHER,COHORT,O2r_m50,814,-0.058252511067356606,-0.11907807279925384,0.004230718428696387,0.373273937975585,0.3136369287215215,0.4300260579963729,EXPLORATORY,False,0.031575653108051834,-0.05831853603138423,0.06475492186037854
RETENTION_RATIO_early,FR,CS,DEV,O2r_m50,216,-0.1737025790319354,-0.3227706650504654,-0.03763897742028267,-0.24261236517523774,-0.3773072471976626,-0.1116903619207477,FROZEN,False,0.07548313124395152,-0.175481922967198,0.020083550410554724
RETENTION_RATIO_early,FR,Eng,DEV,O2r_m50,941,-0.15697181991090225,-0.21144570301686197,-0.1035550613000619,0.24276698948163808,0.18583698852001435,0.3136592930405413,FROZEN,False,0.02958864408955853,-0.15828049247268627,8.826278841806878e-08
RETENTION_RATIO_early,FR,BGM,DEV,O2r_m50,290,-0.11796933508501573,-0.2394884268335839,-0.001279428334571791,-0.04448448402244365,-0.14918071796609444,0.0774151354945237,FROZEN,False,0.0615795057354413,-0.11852120104577511,0.05426867644917238
RETENTION_RATIO_early,FR,Med,DEV,O2r_m50,1741,-0.128955474957886,-0.177826327021811,-0.0810990014046708,0.3754077600637434,0.33503305752633855,0.4174447455280934,FROZEN,False,0.024719091713757704,-0.1296775153910172,1.5539732776666092e-07
RETENTION_RATIO_early,FR,PHYS,HELDOUT,O2r_m50,413,-0.061874464083595884,-0.14737200264515507,0.03249823146011456,0.3690776508172408,0.27940016461108597,0.45303550507490054,FROZEN,False,0.047179238181043,-0.0619536070431991,0.18913104858869956
RETENTION_RATIO_early,FR,LIFEENV,HELDOUT,O2r_m50,630,-0.11684308358257753,-0.19376690323122506,-0.03180088128080459,-0.0033623914723097726,-0.07979439090163251,0.08436537006206742,FROZEN,False,0.04170263586701069,-0.11737920793387784,0.004882716322588082
RETENTION_RATIO_early,FR,SOC,HELDOUT,O2r_m50,689,-0.13886428291833333,-0.2207202033207275,-0.06786982070371063,-8.312634941786535e-05,-0.07816287198126612,0.07726547139556611,FROZEN,False,0.037850050288443286,-0.13976734123804516,0.00022192121871375507
RETENTION_RATIO_early,FR,MATHDEC,HELDOUT,O2r_m50,101,-0.17770032342641728,-0.4279029296074131,0.06462913761694261,0.25079455907852943,0.05054469357631783,0.4392031518074526,FROZEN,False,0.13131823889937977,-0.17960701940770565,0.17139869344890535
RETENTION_RATIO_early,FR,COH_DEVHOME,COHORT,O2r_m50,1368,-0.18688797612819383,-0.23578773907280615,-0.13478013041806303,0.2980391170167129,0.24881015205972526,0.3451296044862998,FROZEN,False,0.0262066744868811,-0.18911056186554315,5.349104827544876e-13
RETENTION_RATIO_early,FR,COH_OTHER,COHORT,O2r_m50,814,-0.10481599089336378,-0.17116208265407276,-0.04563705624950533,0.11169184292620968,0.04042705941491446,0.17629449068862577,FROZEN,False,0.03284940184971792,-0.10520239104842392,0.0013620888911435815
FRONTIER_POTENTIAL,FR,CS,DEV,O2r_m50,216,0.00347614823705743,-0.13203990238948643,0.13670071641168077,0.18659652065890717,0.05865256709102029,0.3084472682633629,EXPLORATORY,False,0.06887172305958798,0.0034761622386281646,0.959745467621171
FRONTIER_POTENTIAL,FR,Eng,DEV,O2r_m50,941,-0.04377970552394087,-0.11006327416073138,0.019195268648395915,0.34863715110493615,0.2894799510646815,0.40081008889793845,EXPLORATORY,False,0.03236019513992938,-0.04380770804213187,0.1758152245911737
FRONTIER_POTENTIAL,FR,BGM,DEV,O2r_m50,290,0.06756748649203063,-0.07618024064029946,0.1965815345106762,0.05481476748600806,-0.057710852793551794,0.17101613006642716,EXPLORATORY,False,0.06871975859996464,0.06767059248750666,0.3247553927499378
FRONTIER_POTENTIAL,FR,Med,DEV,O2r_m50,1741,-0.04424028205899875,-0.09282973923257824,0.008084797485418613,0.4449664216656357,0.4086136944302986,0.481945551957799,EXPLORATORY,False,0.025721505371729705,-0.0442691783979074,0.08523341639335762
FRONTIER_POTENTIAL,FR,PHYS,HELDOUT,O2r_m50,413,0.2002289755834337,0.09610941100220446,0.3082466859279498,0.5192113685326657,0.4415593465090026,0.5885078865398389,EXPLORATORY,False,0.05594219160507793,0.20297108166989078,0.0002853720913189252
FRONTIER_POTENTIAL,FR,LIFEENV,HELDOUT,O2r_m50,630,-0.037394015406569774,-0.11766821512040923,0.04360105037674292,0.11749000017116332,0.04685684257420626,0.20045815461402752,EXPLORATORY,False,0.040884996850053715,-0.037411459549323026,0.36016996341789453
FRONTIER_POTENTIAL,FR,SOC,HELDOUT,O2r_m50,689,0.08236590082581596,0.005903410144742219,0.1630013880003088,0.298850334348919,0.22910256732124165,0.3608701102742291,EXPLORATORY,False,0.03961900369311144,0.08255292333568023,0.037190208861360555
FRONTIER_POTENTIAL,FR,MATHDEC,HELDOUT,O2r_m50,101,-0.0808681895946978,-0.33131737621277285,0.17478910128247516,0.45227907338622864,0.279053963868681,0.6103048073926493,EXPLORATORY,False,0.13331698156293217,-0.08104516814205903,0.5432449684095217
FRONTIER_POTENTIAL,FR,COH_DEVHOME,COHORT,O2r_m50,1368,-0.07536462216649342,-0.1295773293023297,-0.01971922355926297,0.34755781719590506,0.2987899013731787,0.38885775309054715,EXPLORATORY,False,0.028799014947725774,-0.07550779639402636,0.008744412080527796
FRONTIER_POTENTIAL,FR,COH_OTHER,COHORT,O2r_m50,814,0.023969399146542184,-0.04287555962858375,0.09354845037529383,0.2938868313180822,0.23478732918602,0.360456028449355,EXPLORATORY,False,0.03565492993011781,0.023973991125962636,0.5013359330110062
D_rca_end,FR,CS,DEV,O2r_m50,216,0.3431194532816213,0.2297969828199734,0.45597604012194737,0.6010401004955452,0.49163787184797664,0.6810852944873663,EXPLORATORY,False,0.06720109238945617,0.3576239759905875,1.0280265621947597e-07
D_rca_end,FR,Eng,DEV,O2r_m50,941,0.3984899876833145,0.3358626354875931,0.4654135310099282,0.7386108607038759,0.7053713351505012,0.768218936581529,EXPLORATORY,False,0.038802291591219625,0.4218525862170916,1.5698968665165472e-27
D_rca_end,FR,BGM,DEV,O2r_m50,290,0.08276890671598403,-0.052841649889957806,0.19507301125443147,0.4205929646547772,0.30893368471163113,0.5143197823683917,EXPLORATORY,False,0.06512847836143783,0.08295869553319897,0.2027449746504647
D_rca_end,FR,Med,DEV,O2r_m50,1741,0.29933972495165534,0.2534243081294606,0.3445913863722724,0.6796465927020688,0.6517289786287239,0.7008484824396166,EXPLORATORY,False,0.0260101293623539,0.30879418500387534,1.653173645082799e-32
D_rca_end,FR,PHYS,HELDOUT,O2r_m50,413,0.29898217307789116,0.18598270553160515,0.4109690957227363,0.7395040001430038,0.6832600700853778,0.7870211845963635,EXPLORATORY,False,0.0630919459016507,0.30840148779479176,1.0179949735311516e-06
D_rca_end,FR,LIFEENV,HELDOUT,O2r_m50,630,0.19733783253909343,0.11193137330257291,0.26910415245622554,0.532787974740547,0.47814373775172025,0.59423104611688,EXPLORATORY,False,0.04232530132947988,0.1999609930066858,2.308134727728219e-06
D_rca_end,FR,SOC,HELDOUT,O2r_m50,689,0.29978201872433763,0.22877194296425404,0.36289177506789644,0.6172404696706415,0.5724211082080558,0.6679685921250488,EXPLORATORY,False,0.03910413265355687,0.3092800815477328,2.591718623445185e-15
D_rca_end,FR,MATHDEC,HELDOUT,O2r_m50,101,0.2744925165411289,0.02739930369509396,0.5365425809765492,0.8065493709567298,0.6947087419385213,0.8832313112267219,EXPLORATORY,False,0.1438242852137155,0.2817159824736236,0.05014193828976868
D_rca_end,FR,COH_DEVHOME,COHORT,O2r_m50,1368,0.2302025005190905,0.17491478890604858,0.28339970713527873,0.6747504166447369,0.6430390881335668,0.7036486692505284,EXPLORATORY,False,0.029577902881984204,0.23440328840538655,2.2824516996572896e-15
D_rca_end,FR,COH_OTHER,COHORT,O2r_m50,814,0.21992315350056477,0.1390198182259504,0.2870319347841458,0.6070095044306599,0.5639124859764099,0.6466159357165094,EXPLORATORY,False,0.03966209643606208,0.22357535541279164,1.7303512945284713e-08
D_vol_end,FR,CS,DEV,O2r_m50,216,0.2803053864038775,0.152574138322064,0.40087475036159426,0.6232302941771355,0.5312718329435682,0.7095261223994587,FROZEN,False,0.06817083604943702,0.28801346866721994,2.3907020674374545e-05
D_vol_end,FR,Eng,DEV,O2r_m50,941,0.41666214980040006,0.3512870029288511,0.4812315475068313,0.7410863601976776,0.7047272877522295,0.7725536368883057,FROZEN,False,0.04098223770491104,0.443646131725148,2.611448058659377e-27
D_vol_end,FR,BGM,DEV,O2r_m50,290,0.19719530701888963,0.07908233566706473,0.31642215368230475,0.550717209563328,0.463601796769666,0.6331197541202748,FROZEN,False,0.06270469637010238,0.19981269666769141,0.0014397229226753515
D_vol_end,FR,Med,DEV,O2r_m50,1741,0.25484546458733115,0.2059664672089039,0.30162685600517647,0.6591783383505745,0.6302636200149219,0.685685839616009,FROZEN,False,0.026700082747923296,0.2605880406220151,1.6744974898910977e-22
D_vol_end,FR,PHYS,HELDOUT,O2r_m50,413,0.3721962802252989,0.2705305950909892,0.471073930431581,0.7518603853148953,0.7058379407843495,0.7961223744045787,FROZEN,False,0.05896189639497899,0.3909701449784161,3.3365748891294714e-11
D_vol_end,FR,LIFEENV,HELDOUT,O2r_m50,630,0.26419863198046356,0.1792187730532762,0.34503104875871743,0.6171315555529935,0.5610494148967325,0.6652667416355021,FROZEN,False,0.04540157513006049,0.2706167530092655,2.5144478227489383e-09
D_vol_end,FR,SOC,HELDOUT,O2r_m50,689,0.3247540778402151,0.2557695566100273,0.3941832312678292,0.660785997873792,0.6128641515180627,0.6978592793908811,FROZEN,False,0.038296232946272483,0.3369525829588928,1.385545456329434e-18
D_vol_end,FR,MATHDEC,HELDOUT,O2r_m50,101,0.22622016415273632,0.047083334656211465,0.4322382217757712,0.7977901143216272,0.7018822758300808,0.868602380328129,FROZEN,False,0.11088219426961189,0.2302021481504661,0.03788501621879376
D_vol_end,FR,COH_DEVHOME,COHORT,O2r_m50,1368,0.2943430227233283,0.23653306540431193,0.3475399841038271,0.691117448812379,0.6573158442767255,0.7184035634091056,FROZEN,False,0.029797118258750394,0.303314637751323,2.4524932487869244e-24
D_vol_end,FR,COH_OTHER,COHORT,O2r_m50,814,0.3184815841216905,0.2461537712648175,0.38784428891108935,0.6575922361855053,0.6109128419422151,0.7010703129859109,FROZEN,False,0.04048433401082729,0.3299563825320206,3.632513903885057e-16
M0_density_end,FR,CS,DEV,O2r_m50,216,0.3209969759380214,0.18144706088765095,0.45546125132207704,0.6685407989543884,0.5758643933094638,0.7391310017367405,FROZEN,False,0.07678087747282161,0.33275821702480723,1.4651179141076421e-05
M0_density_end,FR,Eng,DEV,O2r_m50,941,0.39948712359730143,0.3388131061824848,0.4636710238089949,0.7130089175460796,0.6779515531398884,0.7455047251706937,FROZEN,False,0.03758483760801028,0.42303851205220255,2.174328447953377e-29
M0_density_end,FR,BGM,DEV,O2r_m50,290,0.2464480397301208,0.13458429443182257,0.35165735322881975,0.5502533238297784,0.4501196849189213,0.6315292701613718,FROZEN,False,0.06506048151633073,0.25162762145938916,0.0001099138168999715
M0_density_end,FR,Med,DEV,O2r_m50,1741,0.2927763297095236,0.24518462282682754,0.340715488238488,0.6583493193030576,0.6310017226709763,0.6871544565486186,FROZEN,False,0.026905077635711323,0.3016001985406568,3.650694561973868e-29
M0_density_end,FR,PHYS,HELDOUT,O2r_m50,413,0.429385180186509,0.33658492846880445,0.516068461288054,0.7188994545611104,0.6632433269183416,0.7700012307083112,FROZEN,False,0.057205533695031854,0.4591426380502137,1.0054423304765402e-15
M0_density_end,FR,LIFEENV,HELDOUT,O2r_m50,630,0.29769495960513126,0.22306356914410913,0.3679925591078391,0.5799058560178083,0.5302911436416187,0.6294297487309033,FROZEN,False,0.04105023301929402,0.30698851075757416,7.525455499630551e-14
M0_density_end,FR,SOC,HELDOUT,O2r_m50,689,0.3021688813477198,0.23380973620352494,0.3724741703563866,0.5984591470565017,0.5504104501349548,0.6491065782112089,FROZEN,False,0.038861192821194185,0.31190470020033945,1.0060164053127407e-15
M0_density_end,FR,MATHDEC,HELDOUT,O2r_m50,101,0.546511034346066,0.39443391293671987,0.6793428907805872,0.8057921600839854,0.7261321703440718,0.861705283193559,FROZEN,False,0.10792478433108543,0.6133928947043407,1.3194868004580211e-08
M0_density_end,FR,COH_DEVHOME,COHORT,O2r_m50,1368,0.27611051054479024,0.22226015308581878,0.32611533894576394,0.5889222754303649,0.5537995789014862,0.6261745567756437,FROZEN,False,0.030582153718803986,0.28346666265169507,1.8786009600076425e-20
M0_density_end,FR,COH_OTHER,COHORT,O2r_m50,814,0.3537916161391017,0.2918991260812034,0.4158491736216031,0.6171590132165822,0.5657896164174376,0.6617777762916205,FROZEN,False,0.03838993622359469,0.36977125590867616,5.858712051290663e-22
D_z,A,CS,DEV,O2r_m50,178,0.12563608465609435,-0.013381041834770412,0.295896111371176,0.278058207805751,0.15038511480819242,0.39752068878890456,EXPLORATORY,False,0.08446722251129171,0.12630344766633989,0.13483737004099042
D_z,A,Eng,DEV,O2r_m50,692,0.17881100544014483,0.1019570746574826,0.25093764534692764,0.2322662208463167,0.16461894302383698,0.30977070242499694,EXPLORATORY,False,0.040669855771586806,0.1807541517799204,8.812696085013685e-06
D_z,A,BGM,DEV,O2r_m50,239,0.25717425355637086,0.13599393198183027,0.3733746948084148,0.19910063579173043,0.0806907890798966,0.31855770508781533,EXPLORATORY,False,0.0658027184824433,0.26308016765036796,6.387626451544599e-05
D_z,A,Med,DEV,O2r_m50,1197,0.1273091018444002,0.06246926764502574,0.18176576230095343,0.1411185127103307,0.0943902679938839,0.1954733296708205,EXPLORATORY,False,0.030506044753244647,0.12800366072355582,2.716585766527322e-05
D_z,A,PHYS,HELDOUT,O2r_m50,301,-0.032159731854774255,-0.13514289744966274,0.09318841329492272,0.032594309551883686,-0.07224876042901299,0.13413861010296288,EXPLORATORY,False,0.061046268359498015,-0.03217082578981977,0.5981999319097291
D_z,A,LIFEENV,HELDOUT,O2r_m50,477,0.045623923252402915,-0.03979512702811273,0.13438224341476557,0.07515741746216824,-0.005398013768536117,0.15326095327452038,EXPLORATORY,False,0.04462505481023971,0.04565561889047473,0.30626347703068624
D_z,A,SOC,HELDOUT,O2r_m50,567,0.1118578116826806,0.030978240802358212,0.1917048066032182,0.19213319939250162,0.10971064689016838,0.2659852001496615,EXPLORATORY,False,0.04230612741004923,0.1123278736450049,0.007928004121528357
D_z,A,MATHDEC,HELDOUT,O2r_m50,60,0.21439039478927593,-0.1722444950241798,0.5025410579822742,0.4850791886635177,0.22850214987279605,0.6977654275616061,EXPLORATORY,False,0.1818880106657576,0.21776875681169552,0.23120197992922098
D_z,A,COH_DEVHOME,COHORT,O2r_m50,1000,0.10468274269498745,0.044996773984832386,0.1612008241901073,0.13870163992901138,0.0667394626446712,0.2007634255638198,EXPLORATORY,False,0.03094974452207081,0.10506766457304016,0.0006868303123488076
D_z,A,COH_OTHER,COHORT,O2r_m50,625,0.0747211284776358,-0.014893143089442677,0.1591646338680362,0.16473396939565743,0.08721026210195561,0.2314638689793927,EXPLORATORY,False,0.044810110702896075,0.07486065836780727,0.09479679821598223
D_ratio,A,CS,DEV,O2r_m50,178,0.13328642986491043,-0.03971351019919734,0.28667063319840724,0.3376330106377679,0.19800189747211186,0.46431881078405385,EXPLORATORY,False,0.08831318417006973,0.13408424120136228,0.12894354219165635
D_ratio,A,Eng,DEV,O2r_m50,692,0.18426936800403623,0.11024600640294409,0.2611548240114669,0.2508240377978697,0.17420651684429633,0.31748099218718834,EXPLORATORY,False,0.03919379923879509,0.18639855185497214,1.9764507294968377e-06
D_ratio,A,BGM,DEV,O2r_m50,239,0.273080576772099,0.1489603169210378,0.4017262609301122,0.21880370280655964,0.09931524483934291,0.34295632139647575,EXPLORATORY,False,0.06953353044563403,0.28018962827265365,5.588102576103547e-05
D_ratio,A,Med,DEV,O2r_m50,1197,0.13514970255210398,0.08081140271923952,0.1913364840337532,0.15524221524599333,0.10554601270740172,0.21229957215046125,EXPLORATORY,False,0.029393124113387466,0.1359816961598424,3.722385060332674e-06
D_ratio,A,PHYS,HELDOUT,O2r_m50,301,-0.010855995781784464,-0.12817397011265882,0.10457442185901915,0.06618993389360656,-0.045903610707177675,0.16747764211558797,EXPLORATORY,False,0.05751398148973816,-0.010856422281213531,0.8502797906027366
D_ratio,A,LIFEENV,HELDOUT,O2r_m50,477,0.05579501731553079,-0.023732212584384283,0.14955635243823187,0.08888437831538908,0.0041344646374981186,0.1778205594100721,EXPLORATORY,False,0.04647348462095247,0.05585302389284707,0.22943110181600923
D_ratio,A,SOC,HELDOUT,O2r_m50,567,0.11591657548503742,0.025381243136107557,0.19684472230938432,0.21774098225055916,0.13641489760081343,0.29096446538097187,EXPLORATORY,False,0.04432157040222302,0.11643997859465474,0.008610014365756287
D_ratio,A,MATHDEC,HELDOUT,O2r_m50,60,0.2357241384352404,-0.1372239119293993,0.5561515500336892,0.4995623492429275,0.22644224303655325,0.6998815822047717,EXPLORATORY,False,0.1922886756942723,0.24024181239898532,0.21152576490057018
D_ratio,A,COH_DEVHOME,COHORT,O2r_m50,1000,0.12320547078117315,0.05453972348308157,0.18716368515437737,0.17910646971220137,0.11596827275519395,0.23669737418719505,EXPLORATORY,False,0.0330754405455817,0.12383461364048018,0.00018111007096126275
D_ratio,A,COH_OTHER,COHORT,O2r_m50,625,0.08727663872352111,0.006897532545679315,0.16770614648876228,0.19155292627161535,0.11544451920043557,0.2574405064702628,EXPLORATORY,False,0.0414076221571202,0.08749925860192974,0.03459053119144674
D_rare,A,CS,DEV,O2r_m50,36,-0.24559077344493996,-0.6588185444321877,0.41180963187523395,0.16544355553672513,-0.20454541594602804,0.48579390912725884,EXPLORATORY,False,0.3000248595715625,-0.25071512580394983,0.4033530470209308
D_rare,A,Eng,DEV,O2r_m50,127,0.2292002146637848,0.07300769755520606,0.3802285320072125,0.45707726933716114,0.28996619892031195,0.5878299536486359,EXPLORATORY,False,0.08950696103323784,0.23334517342395997,0.009133779266616172
D_rare,A,BGM,DEV,O2r_m50,62,0.1776264072464676,-0.19008896835869654,0.4716183833443977,0.3358963225796935,0.07259804520256628,0.5507538145616899,EXPLORATORY,False,0.17326989809836874,0.17953069407417577,0.30014000515326456
D_rare,A,Med,DEV,O2r_m50,246,0.38332276457968967,0.2451266676257426,0.4931228868744177,0.44298350974882006,0.32806760816777514,0.5451620075300033,EXPLORATORY,False,0.07392435301806621,0.40394895834387684,4.64591174820773e-08
D_rare,A,PHYS,HELDOUT,O2r_m50,63,0.13684311235591934,-0.16618954456275736,0.43737390979384866,0.30475428088939455,0.03651419688499732,0.5543236817442301,EXPLORATORY,False,0.15976003624741142,0.1377070162413483,0.3887086499972574
D_rare,A,LIFEENV,HELDOUT,O2r_m50,79,0.05416328482237062,-0.195948162357912,0.329699604886563,0.127716602782197,-0.08845813551472999,0.3121857072544431,EXPLORATORY,False,0.13702983220066936,0.05421634382776243,0.6923606037452932
D_rare,A,SOC,HELDOUT,O2r_m50,124,0.22746435692337047,0.014931512017791715,0.3880069859915756,0.37350639240095007,0.21759766113759943,0.5109153093841363,EXPLORATORY,False,0.09980652581161534,0.23151383725247154,0.020361104527864556
D_rare,A,MATHDEC,HELDOUT,O2r_m50,9,,,,,,,EXPLORATORY,False,,,
D_rare,A,COH_DEVHOME,COHORT,O2r_m50,241,0.3529518515257661,0.20892743531764546,0.46968372679031983,0.530060616997268,0.42864650856790115,0.6146910111194178,EXPLORATORY,False,0.07453834541591964,0.3688116656532321,7.500092698703617e-07
D_rare,A,COH_OTHER,COHORT,O2r_m50,122,0.18234161263195772,-0.020750652231661195,0.36075784597022165,0.47741994692033,0.32846879878865576,0.5977198816258509,EXPLORATORY,False,0.099244789029345,0.18440376928398353,0.06315906849695534
D_sub,A,CS,DEV,O2r_m50,178,-0.009662948381320272,-0.15426347125435694,0.15236518028761445,0.10679717527563846,-0.04282185271569116,0.2501861210828198,EXPLORATORY,False,0.07829432698613424,-0.00966324914961651,0.901772868771345
D_sub,A,Eng,DEV,O2r_m50,692,0.183970043741473,0.11525715603341917,0.25491591007097947,0.23566796458424394,0.15635394198974714,0.3067509589142716,EXPLORATORY,False,0.03836136384249962,0.18608872441922236,1.2287690794646295e-06
D_sub,A,BGM,DEV,O2r_m50,239,-0.015049360189550859,-0.13968276232854007,0.12588271962557537,0.013226481884944854,-0.10968951231077725,0.1457606491176916,EXPLORATORY,False,0.06697454202370497,-0.015050496486595361,0.8221973672538332
D_sub,A,Med,DEV,O2r_m50,1197,0.028749875167833956,-0.034615677103612394,0.08930066035181025,0.08651618339686287,0.034727615427850134,0.13831896004343544,EXPLORATORY,False,0.031382070989133204,0.028757800219278647,0.3594693255395549
D_sub,A,PHYS,HELDOUT,O2r_m50,301,0.05748840005999132,-0.04820551150395184,0.17078147468126875,0.24213972130963946,0.12244881643919285,0.338956946880122,EXPLORATORY,False,0.058728800469831366,0.05755185738738835,0.32710601443483267
D_sub,A,LIFEENV,HELDOUT,O2r_m50,477,-0.008993782865702075,-0.10199892098506379,0.07971420182171735,0.03517878047673061,-0.047409789233402826,0.11708712351251807,EXPLORATORY,False,0.04560152765007016,-0.008994025374231737,0.8436469360162656
D_sub,A,SOC,HELDOUT,O2r_m50,567,-0.013800858904587186,-0.09262073245385805,0.07633720692536088,0.06240746529898612,-0.012609103047009535,0.14150273688655013,EXPLORATORY,False,0.04465005903161937,-0.01380173519230994,0.7572386115937441
D_sub,A,MATHDEC,HELDOUT,O2r_m50,60,-0.07237325069784101,-0.36464819114481517,0.2288486519843504,-0.06555691509540443,-0.3349304716167934,0.1927248685257936,EXPLORATORY,False,0.15846972877673413,-0.07250001028813964,0.6473112063233862
D_sub,A,COH_DEVHOME,COHORT,O2r_m50,1000,0.04148987560794434,-0.02256482913726775,0.10222271004603549,0.0006809149813386174,-0.06236594180261209,0.05915903603349532,EXPLORATORY,False,0.031015140288710056,0.041513707253059876,0.1807341097859415
D_sub,A,COH_OTHER,COHORT,O2r_m50,625,0.1145211186558242,0.038236765091181554,0.1868481003308457,0.2035129921554926,0.13191220763997955,0.2792711645740465,EXPLORATORY,False,0.0384725816260536,0.11502574705870183,0.002791501292578779
D_obs,A,CS,DEV,O2r_m50,178,0.23587632389251736,0.08603471176618688,0.3774560534540913,0.4381072517698633,0.32462523803805904,0.5398084690678339,EXPLORATORY,False,0.07952014796074813,0.24040295782413068,0.0025014134647049066
D_obs,A,Eng,DEV,O2r_m50,692,0.24560668321168874,0.17777598181078058,0.30984700871473675,0.43413363580686376,0.37565709456878,0.4907252937948576,EXPLORATORY,False,0.03679126425638898,0.2507320568287003,9.427105661154304e-12
D_obs,A,BGM,DEV,O2r_m50,239,0.25836463908774693,0.13842251765393743,0.37711319705639507,0.3071964828048803,0.18914082226864132,0.4161381589621489,EXPLORATORY,False,0.06621252512900239,0.2643552782076806,6.53729537738784e-05
D_obs,A,Med,DEV,O2r_m50,1197,0.22343829675010674,0.16305288963253392,0.2755616198468466,0.32940298162344334,0.2806306062716679,0.38219528530229124,EXPLORATORY,False,0.03048375709812188,0.22727217356475712,8.951601545862894e-14
D_obs,A,PHYS,HELDOUT,O2r_m50,301,0.16789060520173715,0.06559313194283825,0.258388317499482,0.28146600085677775,0.18769097568421284,0.3870347102467944,EXPLORATORY,False,0.05308936310988043,0.16949529138066627,0.0014097796858103743
D_obs,A,LIFEENV,HELDOUT,O2r_m50,477,0.07776896145186679,-0.02148473338965741,0.17549892922813337,0.1978496170362838,0.10908690264676559,0.2799188758975841,EXPLORATORY,False,0.04887274735222477,0.0779263153756736,0.11082995353498694
D_obs,A,SOC,HELDOUT,O2r_m50,567,0.1810820620286534,0.10325687362166149,0.26973769418383414,0.33839000207762765,0.26134060092529016,0.4155730956188886,EXPLORATORY,False,0.04319805668279857,0.18310120899697055,2.2487333831240985e-05
D_obs,A,MATHDEC,HELDOUT,O2r_m50,60,0.3397992560113875,-0.022058591400525213,0.5925351462613974,0.6014005759413092,0.42843414081373726,0.7243088085524542,EXPLORATORY,False,0.1832044835533903,0.3538655632216541,0.053417133646448685
D_obs,A,COH_DEVHOME,COHORT,O2r_m50,1000,0.18404672779708292,0.11185102161452463,0.25016550452637787,0.34218820674989653,0.28019062957501967,0.398006852316163,EXPLORATORY,False,0.03685913609269908,0.18616809592139738,4.399653290103861e-07
D_obs,A,COH_OTHER,COHORT,O2r_m50,625,0.12662809492520355,0.04824174299283919,0.21014845855116396,0.35635221629719577,0.2822588368055911,0.4279895236804247,EXPLORATORY,False,0.04028704724841758,0.12731149536075434,0.0015770965892033097
NOV,A,CS,DEV,O2r_m50,213,0.24438442520962564,0.09525882051964342,0.38253210260770004,0.4638669292488358,0.35096159971231566,0.5595372221333595,FROZEN,False,0.07947692282809785,0.24943175057302305,0.0016986285265235704
NOV,A,Eng,DEV,O2r_m50,902,0.14790774912906735,0.07675684448125425,0.21591601016417558,0.26862334988794423,0.2111670025518259,0.3324535335227936,FROZEN,False,0.03578517573553214,0.14900070955554806,3.1305583394523675e-05
NOV,A,BGM,DEV,O2r_m50,282,0.23796721050312133,0.12726791792761852,0.3443047381285378,0.2700015063396708,0.14090800604520554,0.3781428327792456,FROZEN,False,0.06096955349595656,0.24261819071768181,6.910872068569472e-05
NOV,A,Med,DEV,O2r_m50,1626,0.12015515854882393,0.07034035602083936,0.16618004923408727,0.24307714830034913,0.195566543474402,0.2931838082887384,FROZEN,False,0.025232608402014533,0.12073845685940804,1.7097297235766766e-06
NOV,A,PHYS,HELDOUT,O2r_m50,391,0.17518792169613778,0.0773426599519132,0.26210765124957397,0.258592195077159,0.16255130890758077,0.35506061083988705,FROZEN,False,0.05070378310339716,0.17701388531740533,0.0004809684160496039
NOV,A,LIFEENV,HELDOUT,O2r_m50,604,0.03274140016853156,-0.05653153625571215,0.11073507538015535,0.08240156924419821,0.0025921364158711232,0.1486782284005344,FROZEN,False,0.04317253662288063,0.03275310728532391,0.4480583177890801
NOV,A,SOC,HELDOUT,O2r_m50,668,0.13195931599427882,0.05104682372636984,0.21404103800983218,0.2459798310043583,0.16813447078963034,0.32450047013035244,FROZEN,False,0.041302091247324674,0.13273336682330855,0.001310272659552603
NOV,A,MATHDEC,HELDOUT,O2r_m50,85,0.4404772995938982,0.20804120773748083,0.6029120036637471,0.7184837315896181,0.6007213492090585,0.8031848243705942,FROZEN,False,0.1321666209701879,0.47282284805364355,0.0003469287293642391
NOV,A,COH_DEVHOME,COHORT,O2r_m50,1296,0.11431120597911489,0.05337936524273544,0.16846372637394424,0.2730541017911147,0.22290674539850946,0.32553316297989715,FROZEN,False,0.030060419107573785,0.11481304995095368,0.00013377153361639134
NOV,A,COH_OTHER,COHORT,O2r_m50,782,0.03830092260686138,-0.04087111451815616,0.11372396092658388,0.2179964662226158,0.15496687965972994,0.2911959205059527,FROZEN,False,0.03852940143143885,0.03831966775773109,0.31995199892553117
NOV_res,A,CS,DEV,O2r_m50,213,0.23688024623944223,0.09000640546693178,0.3642635943029509,0.45165644659917065,0.3364483556006459,0.5547992460296084,EXPLORATORY,False,0.07590658237111349,0.24146629385656487,0.0014671787895826883
NOV_res,A,Eng,DEV,O2r_m50,902,0.14386064278690588,0.0653449558652631,0.2078609831408658,0.25551942206491457,0.190512740379226,0.3077455313274776,EXPLORATORY,False,0.03499720798962078,0.14486559270006139,3.482955866848025e-05
NOV_res,A,BGM,DEV,O2r_m50,282,0.2354435659139111,0.12804440093401506,0.3383647027426477,0.2545136205928258,0.1513221802263888,0.35904125508498075,EXPLORATORY,False,0.0592012413763026,0.23994475316141123,5.055725319308666e-05
NOV_res,A,Med,DEV,O2r_m50,1626,0.10272224871402878,0.05431171365357485,0.1486510915979878,0.20900717967797075,0.15919015628336977,0.2589516006279208,EXPLORATORY,False,0.025678667455717247,0.10308585716135767,5.9583287938813636e-05
NOV_res,A,PHYS,HELDOUT,O2r_m50,391,0.17056240455648178,0.07165045917660362,0.2708856902385143,0.2769503374943169,0.19295044226031757,0.3639051910466354,EXPLORATORY,False,0.05318962152462535,0.17224586234298828,0.0012022915264708867
NOV_res,A,LIFEENV,HELDOUT,O2r_m50,604,0.02637713827294198,-0.04592346421252457,0.09728333406811691,0.07772194141574579,0.00864398857783651,0.14983152778945638,EXPLORATORY,False,0.03932954866705771,0.02638325815598785,0.5023317978241791
NOV_res,A,SOC,HELDOUT,O2r_m50,668,0.12418633354119979,0.04859778073068921,0.20374548122745023,0.2386531737990879,0.16763330591903874,0.30889732238278544,EXPLORATORY,False,0.040746017055399014,0.12483071754870521,0.00218669222608312
NOV_res,A,MATHDEC,HELDOUT,O2r_m50,85,0.43570169073963155,0.17154761740339677,0.6339631354984454,0.7216177526847541,0.597603298920306,0.8107610480809541,EXPLORATORY,False,0.15128023240071234,0.4669129814876284,0.00202588547399833
NOV_res,A,COH_DEVHOME,COHORT,O2r_m50,1296,0.10027898031854922,0.03668773739642181,0.15777865290758522,0.22425153900247116,0.17215187689444392,0.276495685124025,EXPLORATORY,False,0.03001074618955858,0.10061715398135238,0.0008002619196122716
NOV_res,A,COH_OTHER,COHORT,O2r_m50,782,0.03502684358789354,-0.03721087209239969,0.10371687273266791,0.21681695514470864,0.1503333901252568,0.28265371573882986,EXPLORATORY,False,0.036360252995476114,0.03504117871715067,0.3351852803473153
F_res,A,CS,DEV,O2r_m50,214,-0.05775040245761847,-0.19889070732762903,0.07726901302437914,-0.0932765664625015,-0.22575703356058083,0.03518935474967573,EXPLORATORY,False,0.07274282922456254,-0.057814732530806594,0.42673999351488434
F_res,A,Eng,DEV,O2r_m50,925,0.0005526713950201309,-0.06795841161927883,0.06780186033212643,-0.032062677154628745,-0.0895130482338879,0.03724317654537873,EXPLORATORY,False,0.03504288152455267,0.0005526714512905028,0.9874168527505055
F_res,A,BGM,DEV,O2r_m50,289,0.1045329677813078,-0.008864950656766873,0.2265814476063528,0.09001795979250653,-0.024407200303865183,0.20515224419839634,EXPLORATORY,False,0.06404230540345872,0.1049162325684132,0.10137305103667123
F_res,A,Med,DEV,O2r_m50,1715,-0.01675174621693025,-0.06507698249373549,0.02389557704918511,0.0024114806330505574,-0.04378655875017935,0.049294126898043376,EXPLORATORY,False,0.022190309442199976,-0.016753313444749333,0.4502589918459923
F_res,A,PHYS,HELDOUT,O2r_m50,408,-0.012068572094343756,-0.11273380903253896,0.08435307212998762,-0.0038072071641459928,-0.10102369664533559,0.0960044492206806,EXPLORATORY,False,0.048682592235509844,-0.012069158076468387,0.8041999636683624
F_res,A,LIFEENV,HELDOUT,O2r_m50,622,0.047454608157313234,-0.033901963870120455,0.13391464787216323,0.06601624725401177,-0.00863018138584932,0.14584277824957959,EXPLORATORY,False,0.04183899386404255,0.04749027800637085,0.2563450764642554
F_res,A,SOC,HELDOUT,O2r_m50,685,-0.048592085724119626,-0.12539433274396547,0.028531810577538955,-0.06348188419029746,-0.15307886993423667,0.008301267855867909,EXPLORATORY,False,0.03938603140680168,-0.04863038505984345,0.21693790249282496
F_res,A,MATHDEC,HELDOUT,O2r_m50,99,-0.07442851033674075,-0.26612485703237754,0.147385494005479,-0.2105530062375804,-0.40271065928483124,0.0004332963235553688,EXPLORATORY,False,0.10913123135964863,-0.07456640375608228,0.4944344682407026
F_res,A,COH_DEVHOME,COHORT,O2r_m50,1343,0.023914746610419015,-0.03019760714495654,0.07031385964450833,-0.020694414612084606,-0.07620875447485526,0.028600662873703126,EXPLORATORY,False,0.026448285316955117,0.023919307243774824,0.36579379985370375
F_res,A,COH_OTHER,COHORT,O2r_m50,809,0.022817865510639832,-0.04301389993946641,0.0857508916218136,0.049210235934487846,-0.020380787039445562,0.11642467641448168,EXPLORATORY,False,0.03396472364187866,0.022821826826687035,0.5016299464111567
F_z,A,CS,DEV,O2r_m50,214,-0.056253034801447895,-0.19617153426452508,0.07327144149378144,-0.13019033922525383,-0.2592023623944391,0.0029533589145965436,EXPLORATORY,False,0.06945897990977588,-0.056312483488824006,0.41752070228743476
F_z,A,Eng,DEV,O2r_m50,925,0.0018351538696898832,-0.062091693868506805,0.06286595645564859,-0.027354030570469312,-0.0893353087505074,0.04169072848588059,EXPLORATORY,False,0.03174028663376795,0.0018351559298314952,0.9538936996855798
F_z,A,BGM,DEV,O2r_m50,289,0.09826871651944927,-0.027700708213040576,0.21996554640563956,0.08386663766591321,-0.0300715150314597,0.18362473164428575,EXPLORATORY,False,0.06280704788981763,0.09858688052343079,0.11648989662578102
F_z,A,Med,DEV,O2r_m50,1715,-0.01180357314854412,-0.06556785887245747,0.03565265565304131,0.004723757253696308,-0.04141105754684695,0.05064138104892303,EXPLORATORY,False,0.02637981361895513,-0.011804121369382359,0.6545372169718715
F_z,A,PHYS,HELDOUT,O2r_m50,408,-0.0026388625658536856,-0.09293669344796046,0.09471735136052734,0.00463296340879787,-0.10028705374973025,0.09301147762815037,EXPLORATORY,False,0.04859671439331388,-0.002638868691203232,0.9566950495032637
F_z,A,LIFEENV,HELDOUT,O2r_m50,622,0.04149151013309193,-0.04173199597319439,0.11584424797962713,0.0726552646046458,-0.0067170059786794455,0.15356863824049968,EXPLORATORY,False,0.040433180538360335,0.04151534459685813,0.3045314834847753
F_z,A,SOC,HELDOUT,O2r_m50,685,-0.04924860569190952,-0.12215257454564227,0.027914156945525924,-0.05979294803997744,-0.13482661827685338,0.02357780212595518,EXPLORATORY,False,0.038660652181428216,-0.04928848000446676,0.20234450597826414
F_z,A,MATHDEC,HELDOUT,O2r_m50,99,-0.09811062721886651,-0.3031059920141402,0.10017408301700714,-0.20811636509155423,-0.4027903210309892,-0.009903001312893917,EXPLORATORY,False,0.10788212817175272,-0.09842725221216653,0.3615796595881826
F_z,A,COH_DEVHOME,COHORT,O2r_m50,1343,0.022670844298406545,-0.030048125649107728,0.07383331173626041,-0.03294078943038491,-0.08698594179540386,0.0188018595081976,EXPLORATORY,False,0.026702381420522104,0.022674729519915927,0.3957894482112151
F_z,A,COH_OTHER,COHORT,O2r_m50,809,0.007386968226090633,-0.06565224960324025,0.07926545165858573,0.04301343715716619,-0.03232922806579649,0.11275829843685722,EXPLORATORY,False,0.03616501348601727,0.007387102592792588,0.8381495282169867
deg_W1,A,CS,DEV,O2r_m50,216,0.06327030170059895,-0.07348065430118694,0.19913736114339428,0.1848345591720543,0.0430834225709479,0.31377859142112746,EXPLORATORY,False,0.0709280761025544,0.06335493150129955,0.3717351774253056
deg_W1,A,Eng,DEV,O2r_m50,941,0.1405938818897544,0.07684437028969181,0.20403945506473126,0.22267754706743131,0.16682295470706807,0.2752504876144947,EXPLORATORY,False,0.03438200948727355,0.14153138220189615,3.847741402962097e-05
deg_W1,A,BGM,DEV,O2r_m50,290,-0.07880622333403026,-0.20448314157987188,0.04312255990242165,0.010234508436214056,-0.11546380273695661,0.140118842254764,EXPLORATORY,False,0.06367356239216596,-0.07896997388151544,0.21488968706483313
deg_W1,A,Med,DEV,O2r_m50,1741,0.04917116972109734,0.006032852047764952,0.09396483695763015,0.19698059539092566,0.14993680658429615,0.24284777719893128,EXPLORATORY,False,0.023846823552340357,0.04921085605845492,0.039053465192098666
deg_W1,A,PHYS,HELDOUT,O2r_m50,413,0.1565466833713298,0.05357451374063952,0.26140383395272476,0.3130945243615815,0.22973803031150697,0.394177989178217,EXPLORATORY,False,0.05289556684274946,0.15784464566038275,0.0028443164601411517
deg_W1,A,LIFEENV,HELDOUT,O2r_m50,630,0.04862220976763183,-0.028823293823950116,0.1313506655210626,0.1684448485816573,0.09392136315643797,0.24180879682929604,EXPLORATORY,False,0.04009300827170311,0.04866058044462913,0.2248651979757016
deg_W1,A,SOC,HELDOUT,O2r_m50,689,0.062202077973730306,-0.015783133251053304,0.13809299644958678,0.10319138486579037,0.03299172790376526,0.17882077247819336,EXPLORATORY,False,0.03789394671974326,0.062282486710979044,0.10025887641993617
deg_W1,A,MATHDEC,HELDOUT,O2r_m50,101,-0.02987796126061982,-0.2398708676869784,0.18646855930783304,0.2873073928983965,0.08128208935177338,0.4657632555511613,EXPLORATORY,False,0.10924466496156539,-0.029886856636940243,0.7844095076900436
deg_W1,A,COH_DEVHOME,COHORT,O2r_m50,1368,0.05833638965696786,0.00498713197743227,0.11325473089600004,0.20482130530729586,0.15438869461556876,0.25762717815321373,EXPLORATORY,False,0.02761830322030437,0.05840270063280834,0.03446085201747919
deg_W1,A,COH_OTHER,COHORT,O2r_m50,814,0.0044276081431993,-0.06597053190102099,0.0778138710954106,0.1397402579261811,0.07278758409265147,0.20351438424375792,EXPLORATORY,False,0.036376036007145035,0.004427637076060671,0.9031219495988096
deg_W3,A,CS,DEV,O2r_m50,216,-0.0008570539206142968,-0.13744195051799873,0.13030661468991958,0.092579565140172,-0.03469484166630293,0.21715589667384147,EXPLORATORY,False,0.06574474161145681,-0.0008570541304615914,0.9895990025376975
deg_W3,A,Eng,DEV,O2r_m50,941,0.11187076713523564,0.03681751648909503,0.17125345428932073,0.2192995720312388,0.15943364030933974,0.2789088412378984,EXPLORATORY,False,0.035375567909122954,0.11234099327157163,0.001494928895901414
deg_W3,A,BGM,DEV,O2r_m50,290,-0.06109117163165192,-0.1701475259570597,0.05446686923047168,0.06935972346990985,-0.04489563227233756,0.18523801994567293,EXPLORATORY,False,0.05769453355460818,-0.061167342362317245,0.28905679123883643
deg_W3,A,Med,DEV,O2r_m50,1741,0.05253219656473162,0.0033987551469868518,0.09951088759791248,0.22353716393507353,0.180532197304276,0.26869072833490215,EXPLORATORY,False,0.02443063270428525,0.05258059990649631,0.03137840846674262
deg_W3,A,PHYS,HELDOUT,O2r_m50,413,0.11226312821999078,0.01981095167887495,0.20580403871672176,0.2920367219679392,0.20180076735440372,0.36988758121283455,EXPLORATORY,False,0.04935494968292902,0.11273834469855791,0.022357674595161872
deg_W3,A,LIFEENV,HELDOUT,O2r_m50,630,0.09124723432476572,0.001060532088874014,0.16978036805659955,0.2134297264125433,0.1307362907183525,0.28180234470262266,EXPLORATORY,False,0.04375156016300271,0.09150175025659035,0.036492759922115814
deg_W3,A,SOC,HELDOUT,O2r_m50,689,0.04650978273651972,-0.028400677073924893,0.12169252493687928,0.14313979196529228,0.07137899921635145,0.21885526524243623,EXPLORATORY,False,0.039109460504978,0.046543362362338435,0.23401519540820204
deg_W3,A,MATHDEC,HELDOUT,O2r_m50,101,0.049267047192228436,-0.15367822359270802,0.26836535245840254,0.3038227921805143,0.11715990359459531,0.47715080229362183,EXPLORATORY,False,0.10864051802560315,0.0493069663588465,0.6499336973929135
deg_W3,A,COH_DEVHOME,COHORT,O2r_m50,1368,0.05601772184344094,0.008256334195918359,0.10333444066839916,0.2230137126811602,0.166566187069995,0.268870315811304,EXPLORATORY,False,0.024367482625225215,0.05607642667202899,0.02137574862130108
deg_W3,A,COH_OTHER,COHORT,O2r_m50,814,0.038234950156412546,-0.028545436277233726,0.10094013072864509,0.19515827900237762,0.12662646534055508,0.2650326283716495,EXPLORATORY,False,0.03413404957554248,0.0382535985532056,0.2624209563225901
deg_growth,A,CS,DEV,O2r_m50,216,-0.04843469177146886,-0.18039997683715928,0.09692729863474953,-0.05368254184992609,-0.17780847973888225,0.07658414914780523,EXPLORATORY,False,0.07397007550424785,-0.04847261979860881,0.5122743656514539
deg_growth,A,Eng,DEV,O2r_m50,941,-0.03990066209363437,-0.09885792177849007,0.026095329961683397,0.037684428640470745,-0.025264899697074603,0.09382779236247267,EXPLORATORY,False,0.03316080918433881,-0.03992185713069685,0.22863337312395615
deg_growth,A,BGM,DEV,O2r_m50,290,-0.01827123059234888,-0.13081314226434917,0.09001131695464287,0.05206496488704515,-0.061809129578008326,0.16871846005299573,EXPLORATORY,False,0.057878803548381465,-0.01827326420925508,0.7522180828936244
deg_growth,A,Med,DEV,O2r_m50,1741,-0.008307830058183786,-0.05514579108678371,0.03873228458249404,0.07531125770388826,0.03235973685876609,0.12310348818991641,EXPLORATORY,False,0.02422030828426711,-0.008308021201687896,0.7315843132235772
deg_growth,A,PHYS,HELDOUT,O2r_m50,413,-0.06702920834601603,-0.17149611928200548,0.02666881961491953,0.039594281287924894,-0.05824079598049823,0.1303722079877694,EXPLORATORY,False,0.049059441937411005,-0.06712986533840576,0.17120651392527997
deg_growth,A,LIFEENV,HELDOUT,O2r_m50,630,0.03417334646019716,-0.04767789799739837,0.12027782473945554,0.08071903541772367,0.0056420331808576755,0.15730054346236225,EXPLORATORY,False,0.041743169072537833,0.03418665853433101,0.41280003971022217
deg_growth,A,SOC,HELDOUT,O2r_m50,689,0.010503193825665407,-0.06543455630224745,0.09100448829737992,0.07486321376313221,-0.004571791395201942,0.14807573939137242,EXPLORATORY,False,0.039746688634350394,0.010503580078458294,0.7915772513879025
deg_growth,A,MATHDEC,HELDOUT,O2r_m50,101,0.05506929794669082,-0.1463879642915109,0.2657741239819635,0.08332850567310451,-0.11123271224182135,0.2519109470082336,EXPLORATORY,False,0.10822596705725115,0.05512506768307464,0.6105058070375793
deg_growth,A,COH_DEVHOME,COHORT,O2r_m50,1368,0.019548426417055433,-0.021050727849070427,0.06825015993620438,0.09215974902790389,0.04537622508631177,0.1410767332216249,EXPLORATORY,False,0.023009537666020104,0.019550917073062148,0.3954988368833423
deg_growth,A,COH_OTHER,COHORT,O2r_m50,814,0.0371663276039634,-0.027013778567137808,0.10107694994133593,0.08263126239287445,0.013200843293006487,0.14930270002124854,EXPLORATORY,False,0.033610904963195035,0.03718345486226128,0.26860041607562424
str_growth,A,CS,DEV,O2r_m50,216,-0.07615542050522363,-0.21009520675854942,0.07003177986462883,-0.07267208550832271,-0.21703817832485695,0.0757140347934313,EXPLORATORY,False,0.07199134336253088,-0.07630315982788292,0.2891930345028012
str_growth,A,Eng,DEV,O2r_m50,941,-0.039694407675629914,-0.10551030492972123,0.028023838075415062,0.029982966376544497,-0.03446783957932767,0.09308688154792796,EXPLORATORY,False,0.033323169415303555,-0.03971527551895398,0.23333117580661733
str_growth,A,BGM,DEV,O2r_m50,290,0.004387579217037703,-0.10124938603663859,0.11236436227392103,0.056017299829307435,-0.04736744248747871,0.1598307853756465,EXPLORATORY,False,0.05373141749417314,0.004387607372241395,0.9349185701331651
str_growth,A,Med,DEV,O2r_m50,1741,-0.011601233834921922,-0.058660361053748104,0.03305810136262682,0.06360793547376146,0.01406783667855791,0.11206987081922934,EXPLORATORY,False,0.02469322031194288,-0.011601754341664295,0.6384724673590951
str_growth,A,PHYS,HELDOUT,O2r_m50,413,-0.07787377858168555,-0.16552833510920878,0.01671457190269443,0.024146123356659624,-0.06107361847418451,0.11220678317417394,EXPLORATORY,False,0.04894285068207632,-0.07803177116330795,0.11085886670711514
str_growth,A,LIFEENV,HELDOUT,O2r_m50,630,0.04955071242303469,-0.042253264347603105,0.12993942549415133,0.07628246700547034,0.004449800940200373,0.15093353490459938,EXPLORATORY,False,0.042712007789683315,0.049591325780434306,0.24561633840150066
str_growth,A,SOC,HELDOUT,O2r_m50,689,0.005436821879247538,-0.0714601362001873,0.07655819406691998,0.059626916850266505,-0.010875974222516257,0.1272860850694341,EXPLORATORY,False,0.038421641671151176,0.005436875449261863,0.8874705776909481
str_growth,A,MATHDEC,HELDOUT,O2r_m50,101,0.06500141062063287,-0.14495249610483035,0.2700708296584222,0.07466728795501348,-0.11018513310637554,0.26947183893004434,EXPLORATORY,False,0.1124731853112609,0.06509319103334203,0.5627618629355586
str_growth,A,COH_DEVHOME,COHORT,O2r_m50,1368,0.019024645686794156,-0.032268745979678756,0.07406438752128443,0.08494527528068446,0.03238672746545404,0.13452530499931048,EXPLORATORY,False,0.02716752657203694,0.01902694142733509,0.48370498006020657
str_growth,A,COH_OTHER,COHORT,O2r_m50,814,0.03306715672086124,-0.037661872646123654,0.09453503721724399,0.08372182086336705,0.010514199966579766,0.1556976931458732,EXPLORATORY,False,0.034464508717343814,0.0330792169166889,0.3371532321017624
new_edge_rate,A,CS,DEV,O2r_m50,216,0.1114660003190589,-0.029800475503385625,0.2623642864658372,0.13704008091695039,0.022552605041019733,0.2690396577258699,EXPLORATORY,False,0.07393222524403825,0.11193111534226781,0.1300336396081163
new_edge_rate,A,Eng,DEV,O2r_m50,941,0.09184493472370865,0.029825697460476124,0.1574676478624293,0.24942875745176846,0.1890116160977214,0.3100144451073625,EXPLORATORY,False,0.033654752231442785,0.09210450214817732,0.006205021816996109
new_edge_rate,A,BGM,DEV,O2r_m50,290,0.0908768955702655,-0.013935784368981656,0.21244363876995467,0.15694572063666914,0.03877937270445332,0.2635255104099438,EXPLORATORY,False,0.059661131936547616,0.09112831485945797,0.12665365434857667
new_edge_rate,A,Med,DEV,O2r_m50,1741,0.12862486587289437,0.0851258583693003,0.17460537992102615,0.24414148199792673,0.2004996878889596,0.28812093392145954,EXPLORATORY,False,0.024789159235035163,0.1293413300270553,1.812006231490954e-07
new_edge_rate,A,PHYS,HELDOUT,O2r_m50,413,0.14773493399434204,0.05733979808062402,0.2382099573746048,0.2150505349102399,0.11819616039782758,0.29199103255428305,EXPLORATORY,False,0.049934707280708236,0.1488240338532443,0.0028789795549497878
new_edge_rate,A,LIFEENV,HELDOUT,O2r_m50,630,0.08804091529741528,0.0003502139307351957,0.16157433693512685,0.1808341187840986,0.10751232043138799,0.2557340796353974,EXPLORATORY,False,0.042804415058662955,0.08826945343872744,0.039192725931110846
new_edge_rate,A,SOC,HELDOUT,O2r_m50,689,0.12131711634004776,0.05224380039705327,0.18853034590743606,0.21651910977769045,0.14258006265275003,0.28725981290590363,EXPLORATORY,False,0.035150637872409046,0.12191760346459513,0.0005235046488473566
new_edge_rate,A,MATHDEC,HELDOUT,O2r_m50,101,0.13139535086135232,-0.09445117074522276,0.3698651446196328,0.43932040686465557,0.2839822101786143,0.5860449467315854,EXPLORATORY,False,0.12544792461524926,0.13215945058629713,0.29211166787461906
new_edge_rate,A,COH_DEVHOME,COHORT,O2r_m50,1368,0.09804368432677835,0.035288030113001086,0.15599888185038632,0.23127862594603504,0.18125167369647047,0.2802447669411951,EXPLORATORY,False,0.03096874975994984,0.09835965913354419,0.001492725930371649
new_edge_rate,A,COH_OTHER,COHORT,O2r_m50,814,0.0916756720871924,0.019421254648277427,0.1640072608329248,0.23230041661151998,0.16985040519119451,0.2905850927527357,EXPLORATORY,False,0.036551775464019054,0.09193380222586878,0.011897617113971191
edge_persistence,A,CS,DEV,O2r_m50,216,-0.15342907924113844,-0.2916518537156542,-0.02485925460029453,-0.22056545653507117,-0.34761590698176675,-0.09116333911135419,EXPLORATORY,False,0.07514804148395626,-0.15465030669455676,0.039595706592756436
edge_persistence,A,Eng,DEV,O2r_m50,941,-0.059706681190392324,-0.12544564488979187,0.008983918082263594,-0.19495049964343583,-0.2590273813695198,-0.1346053529674498,EXPLORATORY,False,0.03629327606615896,-0.05977778253949281,0.09954243357861478
edge_persistence,A,BGM,DEV,O2r_m50,290,-0.00769628751443478,-0.12394562888930792,0.10387214978259786,-0.0230469637700965,-0.15388580993296133,0.08492308581441967,EXPLORATORY,False,0.057282315092878705,-0.0076964394774950455,0.8931180810194985
edge_persistence,A,Med,DEV,O2r_m50,1741,-0.07504207137703658,-0.11620697678744638,-0.024660977481769233,-0.10798330995671203,-0.1537141400275235,-0.06166100956960436,EXPLORATORY,False,0.024181291062096162,-0.07518341102617809,0.0018762249909522058
edge_persistence,A,PHYS,HELDOUT,O2r_m50,413,-0.091931111447682,-0.18670704977906102,0.007977043780756938,-0.07637947153761333,-0.16941723719511206,0.01914528627941454,EXPLORATORY,False,0.05124399027090905,-0.09219141269346805,0.07200795689411452
edge_persistence,A,LIFEENV,HELDOUT,O2r_m50,628,-0.05917279045703798,-0.14062618365400878,0.024601967671093003,-0.11169643016747201,-0.1876072523617466,-0.03145232719325155,EXPLORATORY,False,0.04240890292067358,-0.0592419988253306,0.16243653635684097
edge_persistence,A,SOC,HELDOUT,O2r_m50,689,-0.0957213929570244,-0.16363688349515496,-0.025125524872411636,-0.10663707344193434,-0.1799501787233141,-0.0334381762715187,EXPLORATORY,False,0.0368025891686587,-0.09601536257226176,0.009082593782520647
edge_persistence,A,MATHDEC,HELDOUT,O2r_m50,100,0.0047635571150367265,-0.257031186542245,0.2495773365274175,-0.21696811134297483,-0.39369039232740616,-0.034012554565573734,EXPLORATORY,False,0.13098571401782286,0.004763593146241888,0.970989509724924
edge_persistence,A,COH_DEVHOME,COHORT,O2r_m50,1368,-0.018416822218605366,-0.06826332592845155,0.03453689045035479,-0.08738455773827362,-0.13317813125012548,-0.030314998277151953,EXPLORATORY,False,0.026811419599374164,-0.01841890484432418,0.49209543031267067
edge_persistence,A,COH_OTHER,COHORT,O2r_m50,814,-0.13371335432220643,-0.20186430082685644,-0.07017199158623405,-0.19866428807443395,-0.26765781370720637,-0.12851060731752337,EXPLORATORY,False,0.03431229044405141,-0.1345189124732924,8.839132653295958e-05
turnover,A,CS,DEV,O2r_m50,216,0.13396111060811144,-0.00012280264095285794,0.2685439950463908,0.17486406470040258,0.044629066300525294,0.2909289619233985,EXPLORATORY,False,0.06881483388983119,0.13477118761504045,0.05017591028111472
turnover,A,Eng,DEV,O2r_m50,937,0.08019445287639287,0.012861352036779437,0.14352843592508358,0.14083791631788367,0.07854304020177706,0.1988264033676048,EXPLORATORY,False,0.032608638726879045,0.08036703349507893,0.013716883548353851
turnover,A,BGM,DEV,O2r_m50,290,0.09217419424096282,-0.048173192413863294,0.2054287392569034,0.09027397644449289,-0.02270720741169298,0.2020263852691088,EXPLORATORY,False,0.06426128011273287,0.09243657289980577,0.1503067034664776
turnover,A,Med,DEV,O2r_m50,1734,0.089044801432736,0.037334020496121056,0.13605213023926685,0.05961051076978054,0.010764407133019224,0.1085221333533636,EXPLORATORY,False,0.025193892279677752,0.0892812721563047,0.0003944543859117274
turnover,A,PHYS,HELDOUT,O2r_m50,411,0.16844458928044378,0.07166976333169299,0.2633843919971777,0.1284601925432719,0.03443883418252055,0.21562487279725706,EXPLORATORY,False,0.05041470870055198,0.17006539829341386,0.0007426516196894668
turnover,A,LIFEENV,HELDOUT,O2r_m50,626,0.02100004983065586,-0.05306738536513523,0.10206169677823212,0.02435291862037399,-0.05426655950172355,0.10649408702323276,EXPLORATORY,False,0.040273856012730785,0.02100313766971851,0.6020129415292905
turnover,A,SOC,HELDOUT,O2r_m50,689,0.06695562880825114,-0.006036889793265659,0.13958312731919692,0.08330019122426723,0.011033994921787265,0.1637977235813231,EXPLORATORY,False,0.03869766501152252,0.06705595408808722,0.08312828163519115
turnover,A,MATHDEC,HELDOUT,O2r_m50,100,0.11598969181955815,-0.08781828114768646,0.3117975080903087,0.24743599658519216,0.057133111303928036,0.4186913506095172,EXPLORATORY,False,0.10306748486810649,0.11651409138525556,0.2582807179809863
turnover,A,COH_DEVHOME,COHORT,O2r_m50,1359,0.006467683588627345,-0.04919471545642706,0.054820966276405605,0.011883846324148309,-0.044573898256856585,0.06486531816447974,EXPLORATORY,False,0.026532956900820318,0.006467773773966192,0.8074137763688132
turnover,A,COH_OTHER,COHORT,O2r_m50,813,0.039639681230989744,-0.024892454997232527,0.10568377317672724,0.07446324288725743,0.009848778974443303,0.14694014549968898,EXPLORATORY,False,0.03470752770973445,0.03966046282793306,0.25316112454408535
participation,A,CS,DEV,O2r_m50,214,0.10614166338133754,-0.016645613840192655,0.2490474319142478,0.37240672450511725,0.24809902853360674,0.4930384358813525,EXPLORATORY,False,0.07259336422603986,0.10654297883028215,0.14219434789055707
participation,A,Eng,DEV,O2r_m50,929,0.20902106800720172,0.13873348656707807,0.27384344383129156,0.35747863164818944,0.30205052273048444,0.4150208975279132,EXPLORATORY,False,0.03603371317378306,0.21214747183832613,3.921479452464502e-09
participation,A,BGM,DEV,O2r_m50,289,0.22416695748325174,0.10650711540596185,0.3382907902376941,0.24028972812922053,0.11486724433438252,0.3477521979555656,EXPLORATORY,False,0.06121515670737825,0.22803925565195096,0.00019515342751262629
participation,A,Med,DEV,O2r_m50,1719,0.16387056317670512,0.11415941681936052,0.21142417184985285,0.28938017445567243,0.24867247183626393,0.3299401991262707,EXPLORATORY,False,0.025562128082382063,0.1653614961261106,9.865130919509489e-11
participation,A,PHYS,HELDOUT,O2r_m50,410,0.06875813580300652,-0.027019795496104483,0.17900914578978133,0.30635837877583316,0.20935496092671502,0.3905636041949964,EXPLORATORY,False,0.05319762475798218,0.06886679972320263,0.19547671328603933
participation,A,LIFEENV,HELDOUT,O2r_m50,624,0.023509787471261506,-0.05727187717250192,0.10308502418342792,0.15377869494386617,0.08081832298025164,0.2259238321584874,EXPLORATORY,False,0.03924694487272428,0.023514120273938417,0.5490845293279771
participation,A,SOC,HELDOUT,O2r_m50,685,0.19702054914877742,0.13398758497818664,0.26885876234732053,0.3310479611963452,0.26011415004192245,0.39925394908149453,EXPLORATORY,False,0.037170246212202884,0.19963087473583538,7.842418198184747e-08
participation,A,MATHDEC,HELDOUT,O2r_m50,99,0.3869179055523525,0.18554955394060538,0.5409238664413925,0.6873334144704848,0.5690869679003089,0.7736009502495212,EXPLORATORY,False,0.10555698530304668,0.40817019033411195,0.00011026234439802386
participation,A,COH_DEVHOME,COHORT,O2r_m50,1351,0.18524359416882505,0.13253502563221206,0.23473643542240735,0.3404590950057984,0.2929982993063567,0.3897766767318486,EXPLORATORY,False,0.02747810047600215,0.18740720856453116,9.088926465111533e-12
participation,A,COH_OTHER,COHORT,O2r_m50,810,0.08793285476998564,0.01933042076536655,0.1647929660629983,0.2714071638485153,0.20887583081282352,0.3401546308685766,EXPLORATORY,False,0.03704750414517561,0.08816054981286617,0.01732850911090526
n_comm_W3,A,CS,DEV,O2r_m50,216,0.18096463060417625,0.04980657391073762,0.31622097958688167,0.3951105416577957,0.258608215837496,0.495654967503207,FROZEN,False,0.06873805434034885,0.1829797990344051,0.007768090549006244
n_comm_W3,A,Eng,DEV,O2r_m50,941,0.21956708559073781,0.14903353140682798,0.2854083052391311,0.3490001418447184,0.2951370585377107,0.40445623360397154,FROZEN,False,0.03668513720530622,0.2232012213430941,1.1704432920008592e-09
n_comm_W3,A,BGM,DEV,O2r_m50,290,0.23471229967584312,0.1313273372133228,0.34015513072118914,0.2621637431689421,0.14829309920663616,0.36651401555642266,FROZEN,False,0.058292330015575614,0.23917071210694968,4.079094781831087e-05
n_comm_W3,A,Med,DEV,O2r_m50,1741,0.18173316268052483,0.13292029467856167,0.22747696493083042,0.3311211869553144,0.2901103796986471,0.37793404023024446,FROZEN,False,0.025169900874931896,0.1837744656931936,2.848769092216731e-13
n_comm_W3,A,PHYS,HELDOUT,O2r_m50,413,0.12409604645734136,0.010057845726971267,0.2283411688851297,0.3530881076414902,0.2628421002845,0.44491891675845724,FROZEN,False,0.05272134436756621,0.1247390172685486,0.017981152848530434
n_comm_W3,A,LIFEENV,HELDOUT,O2r_m50,630,0.055012687101695774,-0.025813038893356885,0.1315454698100226,0.20540428219476659,0.13389317254023603,0.2766466437551788,FROZEN,False,0.03892244612977869,0.05506828481374506,0.1571210556853903
n_comm_W3,A,SOC,HELDOUT,O2r_m50,689,0.1928731662636539,0.12420134147051531,0.25867479046465874,0.332414908941851,0.2588626932535843,0.39495922484724383,FROZEN,False,0.035897521411806486,0.1953196393075967,5.297216228790568e-08
n_comm_W3,A,MATHDEC,HELDOUT,O2r_m50,101,0.35966267120556805,0.20306302708445526,0.4906485667860815,0.6685470018978078,0.559836618578647,0.7505364433813679,FROZEN,False,0.08845359165646825,0.376498399173364,2.076973152403958e-05
n_comm_W3,A,COH_DEVHOME,COHORT,O2r_m50,1368,0.22160855023064865,0.17094034220711482,0.2704193364867226,0.3857116165218002,0.3370521608872403,0.4347914066606604,FROZEN,False,0.027624937222047258,0.22534710332057512,3.423706631931642e-16
n_comm_W3,A,COH_OTHER,COHORT,O2r_m50,814,0.0956303304172472,0.024200007889424578,0.16207803372489216,0.3147802965797014,0.2543272583723747,0.377271208410598,FROZEN,False,0.03645027853873992,0.09592345875679255,0.008497763841077782
comm_entropy,A,CS,DEV,O2r_m50,214,0.12355143110124309,-0.009678362805713029,0.2635556435785571,0.3858477354946935,0.2592359700004122,0.4887859166200957,EXPLORATORY,False,0.07100050950318895,0.12418592166001567,0.08027633863984276
comm_entropy,A,Eng,DEV,O2r_m50,929,0.21955253502758584,0.15313681350737754,0.28298283752924097,0.3694009426271121,0.3067653667005683,0.43207604391717064,EXPLORATORY,False,0.034450163265235825,0.22318593382189353,9.262911235360063e-11
comm_entropy,A,BGM,DEV,O2r_m50,289,0.23768120415965144,0.12823903417173418,0.34753254066540573,0.26068141932562805,0.14793536084617082,0.36541052699051096,EXPLORATORY,False,0.060991867537978216,0.24231503794355247,7.10006755174695e-05
comm_entropy,A,Med,DEV,O2r_m50,1719,0.17826165007822892,0.12544735306888843,0.2280139565114174,0.3119160455591794,0.26711153058722126,0.3542607555502333,EXPLORATORY,False,0.027104989225652718,0.18018670903947814,2.9764325478646224e-11
comm_entropy,A,PHYS,HELDOUT,O2r_m50,410,0.09195951893451255,-0.004521177707644134,0.19642501204854224,0.3300757552454125,0.2392718863239228,0.4315251826182645,EXPLORATORY,False,0.05346138596566323,0.09222006238308589,0.08453026506625062
comm_entropy,A,LIFEENV,HELDOUT,O2r_m50,624,0.030991642118944184,-0.04976596667281959,0.10760577884117456,0.17261208547765813,0.09630994027918063,0.24965576451255186,EXPLORATORY,False,0.039265884730197,0.031001570144560685,0.4298026573405407
comm_entropy,A,SOC,HELDOUT,O2r_m50,685,0.2036533711803754,0.12994854438930312,0.2782702156515426,0.34482622491279047,0.27375451566802417,0.4109319769302735,EXPLORATORY,False,0.040035080101359866,0.20654106616428833,2.4826939931498257e-07
comm_entropy,A,MATHDEC,HELDOUT,O2r_m50,99,0.3811602317019879,0.20818163791426791,0.5197985987432243,0.6854997165318725,0.5724368047065036,0.7660072642913073,EXPLORATORY,False,0.09637886326839716,0.40141639454684347,3.113748099920803e-05
comm_entropy,A,COH_DEVHOME,COHORT,O2r_m50,1351,0.20324558498757875,0.14673618345387712,0.2520206609547414,0.3638468931169113,0.31221375523857314,0.4163842844549092,EXPLORATORY,False,0.029123986469643787,0.20611567218896787,1.471182099248489e-12
comm_entropy,A,COH_OTHER,COHORT,O2r_m50,810,0.1012482905147594,0.03776530486779921,0.17427627532008874,0.2980795790430101,0.2276255524609835,0.3625433462234988,EXPLORATORY,False,0.03541954221033232,0.10159640691621467,0.004125907041645174
comm_transitions,A,CS,DEV,O2r_m50,216,0.003935316007343985,-0.12041142061517959,0.14428769885399995,0.14913167525308876,0.022456432087095454,0.2807875597623283,EXPLORATORY,False,0.06813882466681902,0.003935336322568068,0.9539440343992576
comm_transitions,A,Eng,DEV,O2r_m50,941,0.0609895053885917,0.0003579426384035841,0.12441809928450126,0.2146152529050698,0.15474263726146956,0.27537480042075224,EXPLORATORY,False,0.03290960276811341,0.061065295901921564,0.06351823553098816
comm_transitions,A,BGM,DEV,O2r_m50,290,0.13555167885871908,-0.0049207925766802845,0.2647887820051489,0.14715992570442177,0.024748579235380395,0.2667772882376996,EXPLORATORY,False,0.07013932301644625,0.13639117402892853,0.0518261506670772
comm_transitions,A,Med,DEV,O2r_m50,1741,0.11096308464390595,0.06144351033424056,0.15985187750313853,0.14994884308746115,0.10869459142056498,0.19720758922068676,EXPLORATORY,False,0.025259520660566796,0.11142190135379086,1.0285376649480623e-05
comm_transitions,A,PHYS,HELDOUT,O2r_m50,413,0.16789827086534856,0.06459880965497969,0.25113771129376106,0.11211994585542318,0.02168236706528535,0.2130331207347115,EXPLORATORY,False,0.051292729478578415,0.16950317939592982,0.0009510393108999647
comm_transitions,A,LIFEENV,HELDOUT,O2r_m50,630,0.10560019552675927,0.031768302100515754,0.17948392333093297,0.1348623896209848,0.05131719857087717,0.20776795861747244,EXPLORATORY,False,0.039555661086932065,0.10599537303802656,0.00736989199194968
comm_transitions,A,SOC,HELDOUT,O2r_m50,689,0.0696319862333912,0.0025704287193924974,0.14199700330140777,0.16777713432699146,0.09676447950921485,0.24253359697673535,EXPLORATORY,False,0.036439329192027886,0.06974485429761715,0.05562023210839481
comm_transitions,A,MATHDEC,HELDOUT,O2r_m50,101,0.17782139199905267,-0.057692456422132325,0.37852364758110124,0.3221325514241565,0.15472745896789183,0.47153520872277244,EXPLORATORY,False,0.11630235693552793,0.17973203844746644,0.12225291573945363
comm_transitions,A,COH_DEVHOME,COHORT,O2r_m50,1368,0.09266442469016911,0.04701397922092408,0.1445510845206259,0.213905008676339,0.15770007481083273,0.2651045353767718,EXPLORATORY,False,0.026673054692803254,0.092931026651305,0.0004938339133581876
comm_transitions,A,COH_OTHER,COHORT,O2r_m50,814,0.020732568763031888,-0.045278422450533554,0.08514016377104631,0.1665694624099844,0.09788670201443163,0.22744338598289265,EXPLORATORY,False,0.03447999219291602,0.020735540087742796,0.5475876430239669
ego_density_W3,A,CS,DEV,O2r_m50,212,-0.05215725705563607,-0.20282296482839454,0.0789273974398463,-0.26204327198286526,-0.38726834497608476,-0.13836453890927797,FROZEN,False,0.0730830974286565,-0.05220463024720077,0.4750300714495246
ego_density_W3,A,Eng,DEV,O2r_m50,911,-0.1517832168200101,-0.21159127680071124,-0.07891666730223364,-0.33622195552169715,-0.39588525099572486,-0.28130349627043183,FROZEN,False,0.03442664976896798,-0.1529652000200893,8.86222111286875e-06
ego_density_W3,A,BGM,DEV,O2r_m50,285,-0.20941134385425253,-0.3289631846271025,-0.08763932643075595,-0.21884635114543835,-0.34260639431077383,-0.09970852734981714,FROZEN,False,0.06456945139324208,-0.2125556125921992,0.0009951608259988985
ego_density_W3,A,Med,DEV,O2r_m50,1663,-0.13303987860472544,-0.18258483036632153,-0.08607123746427003,-0.2341570509419124,-0.2802331137391787,-0.18603235476461566,FROZEN,False,0.02504787043518677,-0.1338332390630596,9.13710769313626e-08
ego_density_W3,A,PHYS,HELDOUT,O2r_m50,397,-0.08088911127130943,-0.17592669597222696,0.025497993752940443,-0.3796740628875644,-0.46906328811804343,-0.29307456273404964,FROZEN,False,0.0515200723947837,-0.08106622757592757,0.11560581131141362
ego_density_W3,A,LIFEENV,HELDOUT,O2r_m50,610,-0.07792928327624758,-0.15649200901638968,-0.0008400649438427298,-0.2324262551939842,-0.3086433911598206,-0.15504553519500255,FROZEN,False,0.04116365685212447,-0.07808761475300269,0.057827432453791974
ego_density_W3,A,SOC,HELDOUT,O2r_m50,668,-0.12156899892926543,-0.20509646369397858,-0.04193909945028542,-0.2732991394169279,-0.34162272803527416,-0.19635222456114454,FROZEN,False,0.04168915114406011,-0.12217325653311492,0.0033833341930648375
ego_density_W3,A,MATHDEC,HELDOUT,O2r_m50,96,-0.23602780201488724,-0.43797085871704977,0.0364955573683917,-0.4158767471163898,-0.5596622569915354,-0.2450563203943055,FROZEN,False,0.1319716909930642,-0.24056336643583456,0.06832752506036431
ego_density_W3,A,COH_DEVHOME,COHORT,O2r_m50,1319,-0.09475190397003844,-0.14999585537852117,-0.03174567029694424,-0.2520049199187172,-0.30172871871311063,-0.19575990765606865,FROZEN,False,0.02983441726122303,-0.09503699973612045,0.0014451308399990718
ego_density_W3,A,COH_OTHER,COHORT,O2r_m50,794,-0.040603665159209636,-0.11782759019763857,0.026931203014529753,-0.26012122106653307,-0.3309651031731888,-0.19625233136614686,FROZEN,False,0.03623603911496418,-0.04062600110535349,0.2622244196887733
ego_density_change,A,CS,DEV,O2r_m50,207,0.11600449571203046,-0.01573120878060015,0.2406674732602437,0.0001451189796321484,-0.14288344273059403,0.1295691812443877,EXPLORATORY,False,0.06877243693191243,0.11652909718566094,0.09018631734302397
ego_density_change,A,Eng,DEV,O2r_m50,893,0.023490402162849557,-0.04201553337376029,0.08875813261738928,-0.005758107266351739,-0.06740159154860006,0.05482148181480365,EXPLORATORY,False,0.03297476601497899,0.023494724253987406,0.47615139184618205
ego_density_change,A,BGM,DEV,O2r_m50,283,-0.11835413126608747,-0.22929285839376518,-0.011953551311321687,-0.08751957369507166,-0.1923592012301391,0.033171103521042244,EXPLORATORY,False,0.05648671986119119,-0.11891144590685598,0.03528067545400139
ego_density_change,A,Med,DEV,O2r_m50,1632,-0.0026019123082046324,-0.05531299735274658,0.049819045621905624,-0.02037494015538652,-0.06732065535221234,0.03475435949756919,EXPLORATORY,False,0.026439557998737574,-0.0026019181798318633,0.9216066960178413
ego_density_change,A,PHYS,HELDOUT,O2r_m50,384,0.08821814916540428,-0.007336614378285247,0.19502567455704925,0.05402373239830628,-0.042523005249031354,0.15477688548100518,EXPLORATORY,False,0.05324071335855767,0.088448074624808,0.09665593409367934
ego_density_change,A,LIFEENV,HELDOUT,O2r_m50,606,0.04203578140239556,-0.03569807752755471,0.12108042973473207,0.027669970868311987,-0.054402185484207104,0.10582856011221807,EXPLORATORY,False,0.04120374871465776,0.04206056685753144,0.30735173265704263
ego_density_change,A,SOC,HELDOUT,O2r_m50,665,-0.03805647190806201,-0.11990695993966731,0.050041052827981394,-0.03227371144297559,-0.10982883188454466,0.03383822788859056,EXPLORATORY,False,0.042123112483523815,-0.038074860223079064,0.36605121332187796
ego_density_change,A,MATHDEC,HELDOUT,O2r_m50,95,0.02166741534197064,-0.18391824206985838,0.22045641856369852,0.0031115778718572356,-0.20178074623639866,0.20015215866580238,EXPLORATORY,False,0.10788179401151228,0.021670807081000137,0.8407959415731441
ego_density_change,A,COH_DEVHOME,COHORT,O2r_m50,1290,-0.011334964018090027,-0.0682971051006218,0.04238535910108151,-0.050412019648900484,-0.0989605215260169,0.0056893067161511695,EXPLORATORY,False,0.029048559177284983,-0.011335449499566221,0.6963708005217291
ego_density_change,A,COH_OTHER,COHORT,O2r_m50,775,0.07900056598314009,0.0024225212486630398,0.15594633954631676,0.054354678990918115,-0.015656429490104245,0.11570798604263846,EXPLORATORY,False,0.03910757530759848,0.07916553403906394,0.04293911130731958
btw_end,A,CS,DEV,O2r_m50,216,0.11401678035523476,-0.012108083189946188,0.2362317478604019,0.22311590759987762,0.09846645346577486,0.35021324689529015,EXPLORATORY,False,0.06380762764950165,0.11451473627821089,0.07270354187555582
btw_end,A,Eng,DEV,O2r_m50,941,0.1636252054156813,0.09835566844012426,0.21879352054304654,0.28904311546907513,0.2261142920725065,0.34487633916941857,EXPLORATORY,False,0.03282618869336354,0.16510937823344074,4.90974995704211e-07
btw_end,A,BGM,DEV,O2r_m50,290,-0.010836304992750982,-0.12025220395031115,0.09895204029953186,0.10602666325531976,-0.013662878114389113,0.22809267631243016,EXPLORATORY,False,0.055137315113915564,-0.01083672917550258,0.8441869419699883
btw_end,A,Med,DEV,O2r_m50,1741,0.10396748099196275,0.060610844890641,0.15245588996177434,0.2817402131339558,0.23759961631118007,0.3230149646015211,EXPLORATORY,False,0.023821601413190983,0.10434453246395059,1.185440741376645e-05
btw_end,A,PHYS,HELDOUT,O2r_m50,413,0.1230174000614041,0.016351233200975635,0.23094334352215343,0.3864795611770158,0.29816806841456234,0.46634233111813966,EXPLORATORY,False,0.054415605429169754,0.1236436485722783,0.02307386756079688
btw_end,A,LIFEENV,HELDOUT,O2r_m50,630,0.120460800025827,0.039749421280788795,0.21133388547702317,0.2645011839408534,0.18615432705515128,0.34584704384731885,EXPLORATORY,False,0.04450539757996315,0.12104858716811968,0.006530895505037346
btw_end,A,SOC,HELDOUT,O2r_m50,689,0.08413384751278878,0.016214008538614096,0.15905197251097808,0.19313481536343594,0.11148739946498779,0.2663277072663885,EXPLORATORY,False,0.0375057865137035,0.08433320884197908,0.024541866375227747
btw_end,A,MATHDEC,HELDOUT,O2r_m50,101,0.15144872997176817,-0.06991533538602226,0.36360759335099474,0.4928722595318742,0.3299588087382804,0.6250165872459577,EXPLORATORY,False,0.11491968507119026,0.1526228432757705,0.18415079471874074
btw_end,A,COH_DEVHOME,COHORT,O2r_m50,1368,0.10208735054988874,0.04919632322626704,0.15571695078528017,0.2702166362210234,0.2229748788693029,0.32398051569507763,EXPLORATORY,False,0.026807536879937144,0.1024442303998085,0.00013265790275106422
btw_end,A,COH_OTHER,COHORT,O2r_m50,814,0.07351847819854848,0.005289772651724073,0.1437820065211371,0.2529528612173584,0.186819041256586,0.3155224766877013,EXPLORATORY,False,0.03578880827622404,0.07365136438668136,0.03959550632944295
btw_change,A,CS,DEV,O2r_m50,216,0.011707283501456599,-0.10679622625302064,0.13252338989851092,0.06934328190324804,-0.055952104100194425,0.1994571029183572,EXPLORATORY,False,0.06312597555184456,0.011707818414105843,0.8528623500805512
btw_change,A,Eng,DEV,O2r_m50,941,0.009408503789318259,-0.060768317979739056,0.07046154540226986,0.07543708271641192,0.01166014892235563,0.13911811087095732,EXPLORATORY,False,0.03222443556545951,0.009408781417471904,0.7703045085555724
btw_change,A,BGM,DEV,O2r_m50,290,0.08398293831188207,-0.02814004345982485,0.21250013227400988,0.10466716525871557,-0.010481423842082943,0.21661085359275747,EXPLORATORY,False,0.0625473770101258,0.08418122575665196,0.17834141585021357
btw_change,A,Med,DEV,O2r_m50,1741,0.00048779192966523353,-0.044959498546649025,0.04516811703471119,0.07895683494180983,0.02433805562139971,0.12690999037692638,EXPLORATORY,False,0.02359730273100304,0.00048779196835380015,0.9835076928810479
btw_change,A,PHYS,HELDOUT,O2r_m50,413,-0.026549933770428413,-0.12505275653345507,0.07158931615423815,0.0835915053152172,-0.022538146015313218,0.17358432742646954,EXPLORATORY,False,0.05169945052228379,-0.02655617475063722,0.6074865441017104
btw_change,A,LIFEENV,HELDOUT,O2r_m50,630,0.014742374821853489,-0.06538247294034034,0.10139671025813074,0.11002440338271739,0.025191758217895956,0.18617341653204666,EXPLORATORY,False,0.04124835711776047,0.014743442985344525,0.7207691464374943
btw_change,A,SOC,HELDOUT,O2r_m50,689,0.018266479107237936,-0.05503442999526989,0.09555957656308119,0.07524062397450501,0.002487948542287779,0.14695765509349765,EXPLORATORY,False,0.03916358407098272,0.0182685111378015,0.6408814174038929
btw_change,A,MATHDEC,HELDOUT,O2r_m50,101,-0.09143396542657731,-0.26040298672279516,0.11444805375854984,-0.016634147769073206,-0.22904001350233613,0.1902200183242287,EXPLORATORY,False,0.09478107469203677,-0.0916900523834183,0.3333502221181187
btw_change,A,COH_DEVHOME,COHORT,O2r_m50,1368,0.0388396602136858,-0.013290089129309918,0.08623309424060908,0.10202798214893798,0.04991028473986293,0.15053009298131823,EXPLORATORY,False,0.026149568653329403,0.03885920803415203,0.1372695218354385
btw_change,A,COH_OTHER,COHORT,O2r_m50,814,0.0359955755854136,-0.028758352974203125,0.10196246742527515,0.08100617260060766,0.021117752570239724,0.15123361062879406,EXPLORATORY,False,0.03330232272934104,0.036011133949079226,0.2795458966934742
kcore_end,A,CS,DEV,O2r_m50,216,0.017302160226697182,-0.11621241526298128,0.14021082725002132,0.14698266466906784,0.021495988511951086,0.27170643358548763,EXPLORATORY,False,0.06567756830858332,0.017303887089166494,0.7921904770992684
kcore_end,A,Eng,DEV,O2r_m50,941,0.08988775707589694,0.024073881921873003,0.1555795882222111,0.1976861660365804,0.137197496192599,0.25541455732275864,EXPLORATORY,False,0.03485747695835225,0.0901310294919248,0.009718105897010398
kcore_end,A,BGM,DEV,O2r_m50,290,-0.0783244000153081,-0.18726173139319144,0.039646542429752914,0.017385976722994773,-0.10429127528602929,0.13120152109871985,EXPLORATORY,False,0.059954550824362136,-0.07848515802332147,0.1905080744485138
kcore_end,A,Med,DEV,O2r_m50,1741,0.05682440577550303,0.009931950727442601,0.10205257534018426,0.22534756262230426,0.1818561101862398,0.269455027130434,EXPLORATORY,False,0.02266450970740722,0.05688568679577892,0.012076484401670735
kcore_end,A,PHYS,HELDOUT,O2r_m50,413,0.06627904458127522,-0.03507375899023129,0.1618909053407514,0.2819871871522001,0.18814863226239512,0.36660967308490083,EXPLORATORY,False,0.04928813016158724,0.06637635385755611,0.17807668291815704
kcore_end,A,LIFEENV,HELDOUT,O2r_m50,630,0.07643976178707185,-0.012479406436309608,0.16357436254005592,0.19533572002758076,0.11216291131357761,0.26823093476531423,EXPLORATORY,False,0.04440557919264849,0.07658916604611216,0.08456992402757227
kcore_end,A,SOC,HELDOUT,O2r_m50,689,0.017235995258025247,-0.060376878815646226,0.0954024407978436,0.11452511225677188,0.03383567863647139,0.18703193841399562,EXPLORATORY,False,0.0381392098793064,0.01723770238279802,0.6512920360574532
kcore_end,A,MATHDEC,HELDOUT,O2r_m50,101,0.05234950084093085,-0.14323706818950505,0.26189019130772545,0.2837800355715689,0.09324856668640313,0.45850213257516936,EXPLORATORY,False,0.1087496829796527,0.05239740037566394,0.6299362498720661
kcore_end,A,COH_DEVHOME,COHORT,O2r_m50,1368,0.049962370095449724,-0.0034670822180289515,0.10377372830801837,0.20862756764445778,0.157028870993944,0.25934083153997,EXPLORATORY,False,0.027720629170879876,0.05000400513454106,0.07125398672050845
kcore_end,A,COH_OTHER,COHORT,O2r_m50,814,0.030091125831351706,-0.03738733661782148,0.10632855690645608,0.1902166243150161,0.12515941818344903,0.2542547957977632,EXPLORATORY,False,0.037945973276496195,0.030100213031424943,0.42763878668821487
constraint_end,A,CS,DEV,O2r_m50,214,-0.07525824922041288,-0.2047639945312881,0.0600661550185542,-0.1385173404175826,-0.27274031715003844,-0.008505484097876444,EXPLORATORY,False,0.0679492901446349,-0.07540081667897403,0.2671442500584932
constraint_end,A,Eng,DEV,O2r_m50,929,-0.11555532112298275,-0.18191645164244277,-0.055832501039511345,-0.22819602091563432,-0.29047309176176167,-0.16563016012221174,EXPLORATORY,False,0.03203312991182027,-0.11607381959831486,0.0002905809730377175
constraint_end,A,BGM,DEV,O2r_m50,289,0.06110527852049778,-0.0538741770390887,0.17877772344797763,-0.0697025497276616,-0.1855442391565819,0.05781993765315306,EXPLORATORY,False,0.06050997724787496,0.06118150210940161,0.3119696450958688
constraint_end,A,Med,DEV,O2r_m50,1719,-0.06416529347376002,-0.11058277655101058,-0.017122104317069384,-0.236938964998025,-0.2821773410921748,-0.19466418494802837,EXPLORATORY,False,0.024127324414478277,-0.06425357177695681,0.007742350374893387
constraint_end,A,PHYS,HELDOUT,O2r_m50,410,-0.11412715991538547,-0.2143290175658454,-0.020817195222036962,-0.31471268853402773,-0.3984567885570111,-0.22529208705688258,EXPLORATORY,False,0.04993784203368002,-0.11462657107925334,0.02171107303225072
constraint_end,A,LIFEENV,HELDOUT,O2r_m50,624,-0.09548065970441692,-0.1768158423783402,-0.008485578098920626,-0.22579533607768232,-0.29719152581493724,-0.1567382451900368,EXPLORATORY,False,0.042738500512939606,-0.09577240882903887,0.02503300345602638
constraint_end,A,SOC,HELDOUT,O2r_m50,685,-0.051840441132215254,-0.12313154605801716,0.022607106159369603,-0.14748935369083616,-0.22236860105541575,-0.08386452939957935,EXPLORATORY,False,0.037440196806117626,-0.0518869553662393,0.16578896993624304
constraint_end,A,MATHDEC,HELDOUT,O2r_m50,99,-0.04571146463948303,-0.26027575192616903,0.1734345305076124,-0.3185509576673763,-0.4977675505304871,-0.13760054463602994,EXPLORATORY,False,0.11653410797107122,-0.04574334323007882,0.694665319381641
constraint_end,A,COH_DEVHOME,COHORT,O2r_m50,1351,-0.055494639368859296,-0.10709409205394668,-0.007115508487479563,-0.21319648107962283,-0.26541793854568474,-0.1616523243397788,EXPLORATORY,False,0.026141156034774665,-0.05555171298076694,0.03358100688666882
constraint_end,A,COH_OTHER,COHORT,O2r_m50,810,-0.05205243771654667,-0.12387275795208783,0.02013767929621112,-0.20856710143889207,-0.2733445009498075,-0.14588249653542587,EXPLORATORY,False,0.037398070962432035,-0.05209952555770327,0.16358734680650644
constraint_change,A,CS,DEV,O2r_m50,214,0.046261026272371074,-0.10203742053666832,0.18399585803856255,0.10287851181428243,-0.040695232079471816,0.23563038283904206,EXPLORATORY,False,0.07417798261923982,0.04629406951697341,0.5325655386269885
constraint_change,A,Eng,DEV,O2r_m50,925,0.05243584647692631,-0.017224568274732923,0.12411059252078119,-0.014541284829173223,-0.08214365013714407,0.04772160156305593,EXPLORATORY,False,0.03733837542218758,0.052483983682219536,0.15983368044445367
constraint_change,A,BGM,DEV,O2r_m50,289,0.014517781812954258,-0.10010254658377643,0.13242372830509222,-0.04296089257714182,-0.1604603777916955,0.0853380957967466,EXPLORATORY,False,0.05972736628213223,0.014518801893502515,0.8079398744882493
constraint_change,A,Med,DEV,O2r_m50,1715,-0.005363365235050154,-0.05199635491688516,0.04148831701503847,-0.06426439882863315,-0.11259411989934559,-0.013775973885327994,EXPLORATORY,False,0.024980598580400543,-0.0053634166628990084,0.8299986585508562
constraint_change,A,PHYS,HELDOUT,O2r_m50,408,0.10912384075533574,0.004862503242294056,0.20076961805628188,-0.020475387422139328,-0.1163281845977902,0.07371651851537878,EXPLORATORY,False,0.05134298090588839,0.10956011145125613,0.032852044716327466
constraint_change,A,LIFEENV,HELDOUT,O2r_m50,622,-0.03510161046891063,-0.11909133192406708,0.0454250405937469,-0.04386760539820081,-0.11957865046395688,0.03412878988896455,EXPLORATORY,False,0.04387070213640403,-0.03511603763724635,0.42345363192284735
constraint_change,A,SOC,HELDOUT,O2r_m50,685,-0.011350394276533993,-0.09039031026283402,0.0562807820157589,-0.061888275706735114,-0.1329538415491353,0.008085041582121484,EXPLORATORY,False,0.03805915968081668,-0.011350881743466979,0.7655176291329848
constraint_change,A,MATHDEC,HELDOUT,O2r_m50,99,0.02602971864771024,-0.19500726818275885,0.22019851365916635,-0.006846116977984393,-0.20155585808636356,0.2086580973968628,EXPLORATORY,False,0.11189571719446378,0.026035599818198873,0.8160119526114709
constraint_change,A,COH_DEVHOME,COHORT,O2r_m50,1343,0.0002271804130908732,-0.05173623888946052,0.049286978404915575,-0.04794437505841233,-0.10039304617052877,0.003643772516045556,EXPLORATORY,False,0.02583707605305168,0.00022718041699920486,0.9929844456389845
constraint_change,A,COH_OTHER,COHORT,O2r_m50,809,-0.006558942099741213,-0.06947058924742115,0.07336647547626635,-0.04765452767695413,-0.11343882938063582,0.02501474673835018,EXPLORATORY,False,0.03629834583551298,-0.006559036156789761,0.8566046792961198
S_comp,S,CS,DEV,O2r_m50,212,0.025949830041835695,-0.11561691688781264,0.1805798280283142,-0.052653995122389705,-0.16552561155423595,0.0765067558922161,EXPLORATORY,False,0.07193865293456456,0.02595565721358082,0.7182469754380676
S_comp,S,Eng,DEV,O2r_m50,887,0.106121832104407,0.04368759699646808,0.1715436433143563,-0.15421712373873708,-0.21395754737954586,-0.08284690018472028,EXPLORATORY,False,0.03336876843213577,0.10652292163009339,0.001411475505025443
S_comp,S,BGM,DEV,O2r_m50,285,0.2061444933207004,0.08571518954051327,0.33460019079605385,0.10251408718297514,-0.01393401230360231,0.2156032761305007,EXPLORATORY,False,0.06997214723002304,0.2091413594881746,0.00279962685384794
S_comp,S,Med,DEV,O2r_m50,1465,0.05573201070277514,0.0020715799240900654,0.10857341115937937,-0.29413007399640156,-0.3457430199074986,-0.2524874155249604,EXPLORATORY,False,0.027788414274929143,0.05578982074549126,0.04467892523462996
S_comp,S,PHYS,HELDOUT,O2r_m50,372,0.07203583044809025,-0.027155809029744033,0.1731901897093819,-0.1396765536012681,-0.2379437955281268,-0.033791695536037995,EXPLORATORY,False,0.05456313639930094,0.07216082167674331,0.18599516055805276
S_comp,S,LIFEENV,HELDOUT,O2r_m50,621,0.16375589328548365,0.08807784076546744,0.24275343709933384,0.11008706759958595,0.0353250468890319,0.188527357864411,EXPLORATORY,False,0.04058718956544148,0.16524366424281783,4.674635252415249e-05
S_comp,S,SOC,HELDOUT,O2r_m50,676,-0.010235679177012617,-0.08838871456350147,0.06196728584707613,-0.10126511120764912,-0.17160944290451982,-0.021683673877718385,EXPLORATORY,False,0.03779655500840898,-0.010236036660546182,0.786530013301138
S_comp,S,MATHDEC,HELDOUT,O2r_m50,95,0.10808613182780046,-0.11571599316927204,0.3287079581047422,-0.2275038870615455,-0.42104685422461785,-0.029572925486851098,EXPLORATORY,False,0.11951432876454601,0.10851001650995339,0.3639179827302914
S_comp,S,COH_DEVHOME,COHORT,O2r_m50,1245,0.09663322294374325,0.03841809763180134,0.15189959062882127,-0.19859503186847766,-0.24599052691462595,-0.1466323935324664,EXPLORATORY,False,0.02952151052378568,0.09693570586925125,0.0010250414754763482
S_comp,S,COH_OTHER,COHORT,O2r_m50,787,0.12332476098259422,0.05857252925610095,0.18801324177840137,-0.03910960931005671,-0.1052308982339402,0.02953036271763711,EXPLORATORY,False,0.03349479357944542,0.12395574433683593,0.00021496603812521642
S_comp_n,S,CS,DEV,O2r_m50,212,0.0018047996505389694,-0.1453161987025871,0.14848727816565296,-0.14305435226052296,-0.2685852059680348,0.005072088684387592,EXPLORATORY,False,0.07787424065693552,0.0018048016101351698,0.9815100034697165
S_comp_n,S,Eng,DEV,O2r_m50,887,0.08064928343830235,0.007927803063280624,0.15047414658948174,-0.042705854762001415,-0.11177391784225935,0.02081977507859841,EXPLORATORY,False,0.03533231707507878,0.08082482491204833,0.02216310861664573
S_comp_n,S,BGM,DEV,O2r_m50,285,0.35664999087736415,0.23973941683264963,0.4551446123728827,0.4156344479589443,0.2975012887005946,0.5036848449869228,EXPLORATORY,False,0.06592822720300759,0.37304239207275286,1.528702219934331e-08
S_comp_n,S,Med,DEV,O2r_m50,1465,0.1531855874422382,0.1033696312837392,0.19837326150267082,0.08154475780296379,0.03465558617232573,0.131660222719733,EXPLORATORY,False,0.026199507028611343,0.1544009543311852,3.7861074850881226e-09
S_comp_n,S,PHYS,HELDOUT,O2r_m50,372,0.007468688311078327,-0.09751450491139874,0.11990637345611595,-0.06020147106528424,-0.16121507034541507,0.0489595626186983,EXPLORATORY,False,0.0579281449294933,0.007468827186786787,0.897410969300205
S_comp_n,S,LIFEENV,HELDOUT,O2r_m50,621,0.1876455499351079,0.11277754602922906,0.27283416809454486,0.22494514190374254,0.1512278212449349,0.2985182849800263,EXPLORATORY,False,0.040871763589851416,0.18989566849464476,3.382142385703567e-06
S_comp_n,S,SOC,HELDOUT,O2r_m50,676,-0.20467066248166466,-0.2761609487682977,-0.12920228241248674,-0.29604498921183026,-0.3647728924156458,-0.22939223034884246,EXPLORATORY,False,0.040173839143843704,-0.20760260476194178,2.371104670400264e-07
S_comp_n,S,MATHDEC,HELDOUT,O2r_m50,95,-0.13043663432041647,-0.3469317283644016,0.11621613386327485,-0.3102687967070566,-0.49449798491509,-0.11362708231043099,EXPLORATORY,False,0.12566297964008402,-0.1311840159947859,0.2965153408831548
S_comp_n,S,COH_DEVHOME,COHORT,O2r_m50,1245,0.13620386291575326,0.0797639402975058,0.18537033882653636,0.12366015275565091,0.06727293652910181,0.17734449689178827,EXPLORATORY,False,0.027369707433322767,0.13705562572929025,5.512255499234645e-07
S_comp_n,S,COH_OTHER,COHORT,O2r_m50,787,-0.05265390007247753,-0.12036692813319293,0.016010785258178645,-0.07806034307918938,-0.1481867266306626,-0.01054561988841951,EXPLORATORY,False,0.03346530785537789,-0.05270264098351998,0.11529244564913742
S_isolated_share,S,CS,DEV,O2r_m50,212,0.026278565531281783,-0.11333302707556954,0.16206172900016524,-0.049892905118231995,-0.17797321353827766,0.07705433275744,EXPLORATORY,False,0.07371037321884527,0.026284617040587707,0.7213963771841677
S_isolated_share,S,Eng,DEV,O2r_m50,887,0.10621390916638362,0.03477013623273779,0.16050019673887678,-0.14186829661613187,-0.21057793620369616,-0.0786687456866132,EXPLORATORY,False,0.03181167988395729,0.1066160483811868,0.0008038230966959997
S_isolated_share,S,BGM,DEV,O2r_m50,285,0.1872266014305875,0.05836526068408523,0.3234697598009377,0.10043512716063951,-0.01636716588724973,0.22527942887662353,EXPLORATORY,False,0.06771485380320787,0.18946146543842934,0.0051431152853647815
S_isolated_share,S,Med,DEV,O2r_m50,1465,0.054858856896371815,0.004858005536761431,0.10286067927366473,-0.2812676721505695,-0.32500701009507793,-0.23431491863025442,EXPLORATORY,False,0.025982030415212857,0.05491398895260932,0.03455481077031775
S_isolated_share,S,PHYS,HELDOUT,O2r_m50,372,0.06310574971696903,-0.04115762202958678,0.17078635058938185,-0.12310068486132633,-0.22720696213518482,-0.024523616426357146,EXPLORATORY,False,0.05341561402284427,0.06318971987242679,0.23681620730021458
S_isolated_share,S,LIFEENV,HELDOUT,O2r_m50,621,0.15621370403285095,0.07684128832099332,0.23805373062947538,0.115285859279785,0.03682919533989093,0.19487387678032198,EXPLORATORY,False,0.043750641491434365,0.15750331926156869,0.0003181889325264258
S_isolated_share,S,SOC,HELDOUT,O2r_m50,676,-0.004959285743717687,-0.07511262701719244,0.07306103926196418,-0.09308126840274919,-0.16879666115207317,-0.027016276718875198,EXPLORATORY,False,0.03818855510855662,-0.004959326401393679,0.8966738636034486
S_isolated_share,S,MATHDEC,HELDOUT,O2r_m50,95,0.09402722964043737,-0.12526052926204084,0.30911022742801825,-0.22580206380912773,-0.41776967547332405,-0.007859764997044359,EXPLORATORY,False,0.11411263509450421,0.09430581092686949,0.40856167278711697
S_isolated_share,S,COH_DEVHOME,COHORT,O2r_m50,1245,0.09395114196145408,0.03574343221011816,0.14775860268851773,-0.18636670851354004,-0.24455647287817783,-0.1377720757197449,EXPLORATORY,False,0.028817555160774826,0.09422904510107238,0.0010760502444889263
S_isolated_share,S,COH_OTHER,COHORT,O2r_m50,787,0.1278133899120224,0.07227840379551442,0.19110744425134768,-0.02779241628348548,-0.09207017079743139,0.03978560642703343,EXPLORATORY,False,0.034258146861822714,0.12851629024442562,0.00017584419519946798
logvol,B5,CS,DEV,O2r_m50,216,,,,-0.0880268594904908,-0.20015652710685572,0.030575428256215363,EXPLORATORY,False,,,
logvol,B5,Eng,DEV,O2r_m50,941,,,,0.02703159122804743,-0.03597926581667697,0.08742580021252372,EXPLORATORY,False,,,
logvol,B5,BGM,DEV,O2r_m50,290,,,,0.02397401741899904,-0.103008893702512,0.13194741315728495,EXPLORATORY,False,,,
logvol,B5,Med,DEV,O2r_m50,1741,,-0.006592576269172769,0.004907387245764664,0.12860614069442047,0.08798875052044654,0.1716859562631198,EXPLORATORY,False,0.0028843015823993646,,
logvol,B5,PHYS,HELDOUT,O2r_m50,413,,,,0.08399794792741447,-0.003167735719427373,0.18353523970069413,EXPLORATORY,False,,,
logvol,B5,LIFEENV,HELDOUT,O2r_m50,630,,,,0.10096595976238815,0.016099228053685855,0.17972906230330207,EXPLORATORY,False,,,
logvol,B5,SOC,HELDOUT,O2r_m50,689,,,,0.08895932758188027,0.018782089805723892,0.15842307987602242,EXPLORATORY,False,,,
logvol,B5,MATHDEC,HELDOUT,O2r_m50,101,,,,0.0445044319583132,-0.15264686948843956,0.25476901387731166,EXPLORATORY,False,,,
logvol,B5,COH_DEVHOME,COHORT,O2r_m50,1368,-0.00220760754698302,-0.006872302933549501,0.005462764910916021,0.13378859998640272,0.07626959874538743,0.18143844145162538,EXPLORATORY,False,0.003185196704514137,-0.002207611133274839,0.48825639264153176
logvol,B5,COH_OTHER,COHORT,O2r_m50,814,,,,0.08252683816351893,0.012378529233218735,0.14829098740199115,EXPLORATORY,False,,,
growth_c,B5,CS,DEV,O2r_m50,216,,,,-0.07911510171481091,-0.19640343099542168,0.0499039036791789,EXPLORATORY,False,,,
growth_c,B5,Eng,DEV,O2r_m50,941,,,,0.036750130285338516,-0.02442211452826189,0.10211487872157647,EXPLORATORY,False,,,
growth_c,B5,BGM,DEV,O2r_m50,290,,,,0.07742015338134844,-0.04555945652446146,0.18492778263885812,EXPLORATORY,False,,,
growth_c,B5,Med,DEV,O2r_m50,1741,,-0.001348134150125138,0.003478310864345676,0.128720812685811,0.08212402419888108,0.17377677009608342,EXPLORATORY,False,0.0018766031444455928,,
growth_c,B5,PHYS,HELDOUT,O2r_m50,413,,,,0.057505074302325224,-0.030325828479637395,0.14629016202656978,EXPLORATORY,False,,,
growth_c,B5,LIFEENV,HELDOUT,O2r_m50,630,,,,0.1134358075203015,0.046290488175434234,0.1848025616684588,EXPLORATORY,False,,,
growth_c,B5,SOC,HELDOUT,O2r_m50,689,,,,0.09987604125495489,0.028418912593306672,0.1708920806417084,EXPLORATORY,False,,,
growth_c,B5,MATHDEC,HELDOUT,O2r_m50,101,,,,0.03514489601299392,-0.1607891729302713,0.23706813422222,EXPLORATORY,False,,,
growth_c,B5,COH_DEVHOME,COHORT,O2r_m50,1368,,-0.005931497285905421,6.841384590579868e-05,0.1045728992327453,0.05391564076942078,0.15783871713951472,EXPLORATORY,False,0.0029714742564475624,,
growth_c,B5,COH_OTHER,COHORT,O2r_m50,814,,,,0.07130371593175491,0.0027887918337141313,0.1462273263442994,EXPLORATORY,False,,,
offhome_share,B5,CS,DEV,O2r_m50,216,,,,0.4839575226536043,0.378684557841845,0.5847011825160086,EXPLORATORY,False,,,
offhome_share,B5,Eng,DEV,O2r_m50,941,,-0.0015639604768167533,-0.0007028559043420868,0.6522115739716278,0.6137795970736019,0.686979687531337,EXPLORATORY,False,,,
offhome_share,B5,BGM,DEV,O2r_m50,290,,,,0.3785787959095374,0.27255505283845755,0.4665821654942954,EXPLORATORY,False,,,
offhome_share,B5,Med,DEV,O2r_m50,1741,,-0.005165787947197593,0.005309814216282811,0.6796619212797123,0.6523883860334504,0.7049150993430945,EXPLORATORY,False,0.0032618369906784474,,
offhome_share,B5,PHYS,HELDOUT,O2r_m50,413,,,,0.7038375908507469,0.64801765770187,0.7533418591560508,EXPLORATORY,False,,,
offhome_share,B5,LIFEENV,HELDOUT,O2r_m50,630,,,,0.4771319366133301,0.41754426459563804,0.5396353685546145,EXPLORATORY,False,,,
offhome_share,B5,SOC,HELDOUT,O2r_m50,689,,,,0.5066716438438875,0.44427121913768164,0.5608578973834158,EXPLORATORY,False,,,
offhome_share,B5,MATHDEC,HELDOUT,O2r_m50,101,,,,0.774883000347009,0.6510331213728738,0.8439197508681047,EXPLORATORY,False,,,
offhome_share,B5,COH_DEVHOME,COHORT,O2r_m50,1368,,-0.003748534257042603,0.00156356118536895,0.6901882805565944,0.659213844931696,0.7197989248904283,EXPLORATORY,False,0.0019006282432720914,,
offhome_share,B5,COH_OTHER,COHORT,O2r_m50,814,,,,0.5748256899869263,0.5263145217797623,0.6204450159339429,EXPLORATORY,False,,,
entropy,B5,CS,DEV,O2r_m50,216,,,,0.686181564769044,0.6079721370057118,0.7546305597894981,EXPLORATORY,False,,,
entropy,B5,Eng,DEV,O2r_m50,941,,,,0.7358686380336413,0.7038251731811355,0.7669209369509384,EXPLORATORY,False,,,
entropy,B5,BGM,DEV,O2r_m50,290,,,,0.5275933752876225,0.4257101404018504,0.6146159629409194,EXPLORATORY,False,,,
entropy,B5,Med,DEV,O2r_m50,1741,,-0.0031959963282575084,0.002752667592090435,0.7282647843557923,0.7046172600572714,0.7498755054792772,EXPLORATORY,False,0.002132984403078787,,
entropy,B5,PHYS,HELDOUT,O2r_m50,413,,,,0.774980411996683,0.7239060686840273,0.8177248532856333,EXPLORATORY,False,,,
entropy,B5,LIFEENV,HELDOUT,O2r_m50,630,,,,0.6308877888573469,0.5796646402401864,0.6778026942576382,EXPLORATORY,False,,,
entropy,B5,SOC,HELDOUT,O2r_m50,689,,,,0.6391048761304334,0.5879763521855099,0.682963015165511,EXPLORATORY,False,,,
entropy,B5,MATHDEC,HELDOUT,O2r_m50,101,,,,0.8469170535453585,0.7699817202658534,0.8938663978298569,EXPLORATORY,False,,,
entropy,B5,COH_DEVHOME,COHORT,O2r_m50,1368,,-0.0008231590633462043,0.001109010889359319,0.7642393646400121,0.7352680043236682,0.7879546752298174,EXPLORATORY,False,,,
entropy,B5,COH_OTHER,COHORT,O2r_m50,814,,,,0.6796276092505941,0.6376775410110671,0.7212023909478742,EXPLORATORY,False,,,
reach,B5,CS,DEV,O2r_m50,216,,,,0.5715837991931997,0.4724729351793217,0.658946204210478,EXPLORATORY,False,,,
reach,B5,Eng,DEV,O2r_m50,941,,-0.0015437955209631534,0.002251720933562444,0.6558290044504032,0.6161239143158411,0.6930233681783259,EXPLORATORY,False,0.0010091749748225272,,
reach,B5,BGM,DEV,O2r_m50,290,,,,0.5337915361064783,0.4363965703206209,0.6171012491411952,EXPLORATORY,False,,,
reach,B5,Med,DEV,O2r_m50,1741,,-0.0022536552986087838,0.0026072593527386306,0.6427541697159327,0.6159608098296626,0.6672359200628666,EXPLORATORY,False,0.0013424280342426824,,
reach,B5,PHYS,HELDOUT,O2r_m50,413,,,,0.7205090806627613,0.6602562059801041,0.7714725811272122,EXPLORATORY,False,,,
reach,B5,LIFEENV,HELDOUT,O2r_m50,630,,,,0.5424787031588272,0.48223523534426455,0.5986526336479666,EXPLORATORY,False,,,
reach,B5,SOC,HELDOUT,O2r_m50,689,,,,0.5845245791280869,0.5263192721411682,0.6353166989420773,EXPLORATORY,False,,,
reach,B5,MATHDEC,HELDOUT,O2r_m50,101,,,,0.783107383720326,0.6744174851069594,0.8581867793300433,EXPLORATORY,False,,,
reach,B5,COH_DEVHOME,COHORT,O2r_m50,1368,0.0003211589712917747,-0.003250271513762799,0.0029589398621774755,0.6704654166803568,0.6414403073886003,0.6989312444328609,EXPLORATORY,False,0.0016619459223073845,0.0003211589823335511,0.8467688684989783
reach,B5,COH_OTHER,COHORT,O2r_m50,814,,-0.0015633405143631208,4.062628489624616e-05,0.5965820634178525,0.5467679031621423,0.6418341958649948,EXPLORATORY,False,0.000885491650238312,,
share,E,CS,DEV,O2r_resid,216,-0.07837664599985791,-0.19047202126213372,0.05986064339778772,-0.23870758779511161,,,EXPLORATORY,False,0.06751404184332653,-0.07853772671681336,0.2447159648146937
share,E,Eng,DEV,O2r_resid,941,-0.06406988223201332,-0.12337507862700382,0.0006727824208457077,-0.06281921351843653,,,EXPLORATORY,False,0.03212024412057509,-0.06415776667412426,0.045779074625543675
share,E,BGM,DEV,O2r_resid,290,-0.023033580350805986,-0.15254417945641408,0.10445371001797894,0.03422295415921495,,,EXPLORATORY,False,0.0664565193779262,-0.02303765510461141,0.7288485946515493
share,E,Med,DEV,O2r_resid,1741,-0.025242485712098542,-0.07254928451757335,0.01857420687119517,-0.0056627469897306965,,,EXPLORATORY,False,0.022908912393320522,-0.02524784912437233,0.2704193990953023
share,E,PHYS,HELDOUT,O2r_resid,413,-0.01387793799608754,-0.11933990753808153,0.08040312482101154,-0.024548470762886455,,,EXPLORATORY,False,0.05203584154633666,-0.013878829049553983,0.7896872783964403
share,E,LIFEENV,HELDOUT,O2r_resid,630,-0.0027989368037567557,-0.0845336668059023,0.07308506883449847,0.024769526730181252,,,EXPLORATORY,False,0.03886803619164243,-0.0027989441127921504,0.9425927861457211
share,E,SOC,HELDOUT,O2r_resid,689,0.009984020145504612,-0.0700256700182883,0.0869512416913271,0.03233240930183134,,,EXPLORATORY,False,0.037726790235244945,0.009984351903246817,0.791279979375707
share,E,MATHDEC,HELDOUT,O2r_resid,101,-0.028855359554734356,-0.24999138413203814,0.16390229698590422,-0.0008037859504376047,,,EXPLORATORY,False,0.11005065069505154,-0.028863372187807594,0.7931105710566718
share,E,COH_DEVHOME,COHORT,O2r_resid,1368,-0.03490796219022013,-0.08344291859071215,0.022594773245014115,0.048395705471589195,,,EXPLORATORY,False,0.027667531394936117,-0.034922151782810745,0.2068743107499854
share,E,COH_OTHER,COHORT,O2r_resid,814,-0.00987285416748071,-0.08601772165585747,0.059019239037551574,0.01951464698032009,,,EXPLORATORY,False,0.03698150897705872,-0.009873174965968042,0.7894876476369024
growth_ind,E,CS,DEV,O2r_resid,216,0.08315570295249089,-0.0678204305734648,0.23495668477287018,0.05560284123427499,,,EXPLORATORY,False,0.07704850016720874,0.08334817244458036,0.2793581064929386
growth_ind,E,Eng,DEV,O2r_resid,941,0.04079788582994091,-0.01895028871046952,0.10446885587088624,0.04305860321312966,,,EXPLORATORY,False,0.03257934467716626,0.04082054404741916,0.21022106474562552
growth_ind,E,BGM,DEV,O2r_resid,290,0.007818757275034687,-0.1071226791040897,0.11583202787543216,0.03146186005458809,,,EXPLORATORY,False,0.05805522268831513,0.007818916608818186,0.8928643526720184
growth_ind,E,Med,DEV,O2r_resid,1741,-0.0025300905615856613,-0.05403854768668729,0.04756283732733507,0.04081259809926832,,,EXPLORATORY,False,0.025833879558844402,-0.0025300959602784262,0.921982218078567
growth_ind,E,PHYS,HELDOUT,O2r_resid,413,-0.11948867459928769,-0.21319844905788313,-0.013713610885637328,-0.11726623573242352,,,EXPLORATORY,False,0.05317481362630039,-0.1200622645937859,0.023953239876693233
growth_ind,E,LIFEENV,HELDOUT,O2r_resid,630,0.013710789969558483,-0.06297575656739976,0.0961772970591896,0.080586300777981,,,EXPLORATORY,False,0.040183340327504466,0.013711649210907123,0.7329325386804311
growth_ind,E,SOC,HELDOUT,O2r_resid,689,-0.020776352127098167,-0.09708498610679792,0.056043340028418404,0.018052319793073215,,,EXPLORATORY,False,0.04022668701274331,-0.02077934231952354,0.6054660371055207
growth_ind,E,MATHDEC,HELDOUT,O2r_resid,101,-0.00780937253605991,-0.24261787710563273,0.18403762565719411,-0.09281125074903027,,,EXPLORATORY,False,0.11405926852476402,-0.007809531296779843,0.9454122460342427
growth_ind,E,COH_DEVHOME,COHORT,O2r_resid,1368,0.002319299554309171,-0.05040100288149886,0.05989878080646072,0.00821671361758568,,,EXPLORATORY,False,0.02826492978757246,0.0023193037129429855,0.93460227668159
growth_ind,E,COH_OTHER,COHORT,O2r_resid,814,0.03602993122610971,-0.02830815859327429,0.10409093162574269,0.054676439261103583,,,EXPLORATORY,False,0.035366379056816916,0.03604553420410271,0.308106407173237
accel,E,CS,DEV,O2r_resid,216,0.06294979488339146,-0.08816904474049334,0.19913010351251356,0.11066404140561413,,,EXPLORATORY,False,0.07622038795067045,0.0630331430370355,0.4082453737892917
accel,E,Eng,DEV,O2r_resid,941,0.05918656944731182,-0.0036812513900935074,0.12181745605777022,0.05847225563360834,,,EXPLORATORY,False,0.032709273882647924,0.05925582624246225,0.07004941632369713
accel,E,BGM,DEV,O2r_resid,290,0.01942851574481778,-0.0954834814498706,0.12633675011637588,0.0434527661573114,,,EXPLORATORY,False,0.056484301487736484,0.01943096084124311,0.7308414779373382
accel,E,Med,DEV,O2r_resid,1741,0.009756387184304782,-0.03821169509142249,0.05797724047999725,0.013849314815404851,,,EXPLORATORY,False,0.023794258395973038,0.009756696762690252,0.6817735516501545
accel,E,PHYS,HELDOUT,O2r_resid,413,-0.1280097606869736,-0.22118932560699758,-0.023202760780585065,-0.16417245650463452,,,EXPLORATORY,False,0.05300744669113353,-0.1287159273569434,0.01517141147603901
accel,E,LIFEENV,HELDOUT,O2r_resid,630,0.024367514047207186,-0.04904175327144182,0.09868412062790284,0.060236312331028705,,,EXPLORATORY,False,0.037798052627120715,0.024372338712420637,0.5190541548168373
accel,E,SOC,HELDOUT,O2r_resid,689,-0.007510841254130755,-0.08427632118124352,0.06352984444611573,-0.018854917401708644,,,EXPLORATORY,False,0.04094287808786831,-0.007510982494613909,0.8544447265904829
accel,E,MATHDEC,HELDOUT,O2r_resid,101,0.02731590659672467,-0.1903451768058072,0.22589043565330136,-0.09850492438762302,,,EXPLORATORY,False,0.10969562989440197,0.027322703640924935,0.8033009012724436
accel,E,COH_DEVHOME,COHORT,O2r_resid,1368,0.024559921415589974,-0.03005247625414492,0.08249213583403472,-0.005836319858784486,,,EXPLORATORY,False,0.028589742611035203,0.024564861301063404,0.39021948582348354
accel,E,COH_OTHER,COHORT,O2r_resid,814,0.05170035718413092,-0.020861073733473647,0.11754555014723893,0.04631141278461792,,,EXPLORATORY,False,0.03635309198568047,0.051746494959560636,0.15460824774585374
burst,E,CS,DEV,O2r_resid,216,0.026890480115409367,-0.08630620773833837,0.1646134720055618,-0.10714250211353224,,,EXPLORATORY,False,0.06815593520642066,0.026896964412331505,0.6931096053295465
burst,E,Eng,DEV,O2r_resid,941,-0.0669619177869447,-0.12614230311994162,0.0019278565634556733,-0.04687842415306966,,,EXPLORATORY,False,0.0326353098692305,-0.06706227139026183,0.03988874398638379
burst,E,BGM,DEV,O2r_resid,290,0.031762575602800484,-0.08124870126013138,0.1626224637219379,0.010052343115923432,,,EXPLORATORY,False,0.06276754667078469,0.03177326341653293,0.6127125501380846
burst,E,Med,DEV,O2r_resid,1741,0.013867641446630684,-0.03664557510423225,0.06149827015490912,-0.00970561735892763,,,EXPLORATORY,False,0.024827046289052458,0.013868530518100426,0.5764308230280888
burst,E,PHYS,HELDOUT,O2r_resid,413,-0.023509010379168326,-0.12423553288123296,0.07614134442945342,-0.05703738532449724,,,EXPLORATORY,False,0.05262529050497863,-0.023513342752115272,0.6550144910865376
burst,E,LIFEENV,HELDOUT,O2r_resid,630,-0.06760557802643904,-0.13700624935467307,0.013600564686838918,-0.06317534374570981,,,EXPLORATORY,False,0.038473134073355786,-0.06770885882020644,0.07842480669241851
burst,E,SOC,HELDOUT,O2r_resid,689,-0.057785898053714924,-0.1319090438934986,0.018669835629798553,-0.06298617558569916,,,EXPLORATORY,False,0.03856392308261876,-0.05785034697798633,0.13358443135395529
burst,E,MATHDEC,HELDOUT,O2r_resid,101,0.19112544826516534,-0.07790911174209787,0.4534323013019272,0.10581831405699488,,,EXPLORATORY,False,0.1505215143897637,0.1935050274060617,0.19859529693499278
burst,E,COH_DEVHOME,COHORT,O2r_resid,1368,-0.06240809368475228,-0.11965623258131672,-0.011023264152630994,-0.028217014332314407,,,EXPLORATORY,False,0.026863155231694205,-0.06248930527663973,0.020007420037261137
burst,E,COH_OTHER,COHORT,O2r_resid,814,-0.03165427392988727,-0.10270027998055373,0.03940964117488424,-0.045946870286665144,,,EXPLORATORY,False,0.03609929020503482,-0.0316648527448003,0.38039974876303073
author_growth,E,CS,DEV,O2r_resid,216,-0.0379475716316286,-0.17490177306468022,0.11380262637832267,-0.11056004610705095,,,EXPLORATORY,False,0.0751167063041308,-0.03796580245035578,0.6132609134177273
author_growth,E,Eng,DEV,O2r_resid,941,0.028147425041455374,-0.03427966460827006,0.0885635543514902,0.016572611369852174,,,EXPLORATORY,False,0.032528797360666814,0.02815486210129477,0.3867443798188289
author_growth,E,BGM,DEV,O2r_resid,290,-0.022112060508520385,-0.14275254824874248,0.11619086748031972,-0.001674136933823321,,,EXPLORATORY,False,0.06843100985438298,-0.022115665413490592,0.7465574697017672
author_growth,E,Med,DEV,O2r_resid,1741,0.05330288270649379,0.0030397691590896567,0.10162643119697788,0.07540364868127834,,,EXPLORATORY,False,0.025393070162451778,0.05335345027354827,0.035631945056245576
author_growth,E,PHYS,HELDOUT,O2r_resid,413,-0.030698964053453508,-0.12083737195760356,0.06897872632342145,-0.00280058900864769,,,EXPLORATORY,False,0.04848435383321282,-0.030708613348288564,0.5264909985743653
author_growth,E,LIFEENV,HELDOUT,O2r_resid,630,-0.060194188344610634,-0.1266666813575375,0.024253654424953724,0.007461353738029149,,,EXPLORATORY,False,0.03939904178017939,-0.06026704815087629,0.12610147585909795
author_growth,E,SOC,HELDOUT,O2r_resid,689,0.05482645542467105,-0.013405498375096107,0.12029318487430901,0.08754446457646768,,,EXPLORATORY,False,0.03743067763813429,0.05488148973245085,0.14258922339163085
author_growth,E,MATHDEC,HELDOUT,O2r_resid,101,0.044790423341241066,-0.18335046457679724,0.27236904400114476,0.05011270120011247,,,EXPLORATORY,False,0.11571623565198931,0.04482041202788895,0.6985116470200877
author_growth,E,COH_DEVHOME,COHORT,O2r_resid,1368,-0.03776264963682512,-0.10110707291612904,0.021282283774274584,0.03029033313249826,,,EXPLORATORY,False,0.029182420090425983,-0.03778061507977854,0.19544578643970123
author_growth,E,COH_OTHER,COHORT,O2r_resid,814,-0.024535036256412023,-0.09379497234122114,0.050470262906754555,0.007652430847572834,,,EXPLORATORY,False,0.034509781826251966,-0.024539961137575592,0.47702127740506395
n_authors_early,E,CS,DEV,O2r_resid,216,0.03343309547011388,-0.11560114258243007,0.16605379087993238,-0.028107853884080776,,,EXPLORATORY,False,0.07342790616256362,0.033445560689056526,0.6487578993055827
n_authors_early,E,Eng,DEV,O2r_resid,941,-0.09562914693711237,-0.157884649149264,-0.027129885447099114,0.13404887531234702,,,EXPLORATORY,False,0.033703807212787706,-0.09592226435378619,0.00442671253375515
n_authors_early,E,BGM,DEV,O2r_resid,290,-0.33413335374777414,-0.43828757382026473,-0.22509395725739076,-0.30129472604683233,,,EXPLORATORY,False,0.061139265695750206,-0.3474738835842666,1.321063709622491e-08
n_authors_early,E,Med,DEV,O2r_resid,1741,-0.1169166733326967,-0.16326750730774203,-0.07221349013596877,-0.05968554017673039,,,EXPLORATORY,False,0.023391151016147204,-0.11745381691024456,5.13248645955533e-07
n_authors_early,E,PHYS,HELDOUT,O2r_resid,413,-0.016107114793876807,-0.10948836481607656,0.08574315970994884,0.13153448922590028,,,EXPLORATORY,False,0.05081762513500991,-0.01610850794945419,0.7512537440555414
n_authors_early,E,LIFEENV,HELDOUT,O2r_resid,630,-0.05650687373387682,-0.14361259213228708,0.02825751478572672,0.023776202606382264,,,EXPLORATORY,False,0.0419879912159638,-0.05656713187326463,0.17790884901690796
n_authors_early,E,SOC,HELDOUT,O2r_resid,689,0.19265187588460395,0.11003195743447218,0.2677081234036692,0.2704440744447056,,,EXPLORATORY,False,0.04076727805517612,0.19508980903447987,1.7060385787289034e-06
n_authors_early,E,MATHDEC,HELDOUT,O2r_resid,101,0.10838756220799399,-0.12828083604578144,0.331047679241808,0.4445842595325616,,,EXPLORATORY,False,0.11911826098278211,0.10881502007492115,0.3609774769978634
n_authors_early,E,COH_DEVHOME,COHORT,O2r_resid,1368,-0.16009777356313745,-0.21347954652864318,-0.10675394445420065,-0.11034228618032686,,,EXPLORATORY,False,0.028322541369074732,-0.16148704006956235,1.1860847823841544e-08
n_authors_early,E,COH_OTHER,COHORT,O2r_resid,814,0.0871336628886876,0.022299583881007695,0.1594420902902099,0.13971215683880084,,,EXPLORATORY,False,0.033594897569892535,0.08735518714108313,0.009315542538004772
log_offhome_volume,F,CS,DEV,O2r_resid,216,-0.15890436310772788,-0.2955931588573116,-0.01510515554800807,0.19076360867671177,,,FROZEN,False,0.07238946621426968,-0.16026247581554345,0.026836194294920557
log_offhome_volume,F,Eng,DEV,O2r_resid,941,-0.1939941927895084,-0.24817345155968268,-0.12561118679297092,0.5386784875405282,,,FROZEN,False,0.03195690208079645,-0.19648424141193646,7.8261892376705e-10
log_offhome_volume,F,BGM,DEV,O2r_resid,290,-0.22643776714914163,-0.32769651781163983,-0.11091437261452568,0.19703687487401536,,,FROZEN,False,0.05892817395700465,-0.2304314996318967,9.215137757781005e-05
log_offhome_volume,F,Med,DEV,O2r_resid,1741,-0.15762955002529552,-0.2002703867281957,-0.11017936426010372,0.6198761709409247,,,FROZEN,False,0.024066557504500402,-0.15895491006936724,3.980419595482921e-11
log_offhome_volume,F,PHYS,HELDOUT,O2r_resid,413,-0.008633789314708184,-0.09205733861854538,0.08327652008613959,0.6153848284528544,,,FROZEN,False,0.04495374377102222,-0.008634003851859539,0.847691934182418
log_offhome_volume,F,LIFEENV,HELDOUT,O2r_resid,630,-0.11485666188725205,-0.19706657886118115,-0.03675457649643695,0.3289272421596738,,,FROZEN,False,0.04203036931403668,-0.11536576270340072,0.006054425179304238
log_offhome_volume,F,SOC,HELDOUT,O2r_resid,689,-0.13881698917716037,-0.20872942780852127,-0.0688628005309043,0.40174570881839494,,,FROZEN,False,0.037422755108600964,-0.13971911790914687,0.00018881190571580454
log_offhome_volume,F,MATHDEC,HELDOUT,O2r_resid,101,-0.22415445887639776,-0.42567752707298007,0.023570551520163838,0.6701209787410366,,,FROZEN,False,0.12309079353152177,-0.22802609578794641,0.06395359045737259
log_offhome_volume,F,COH_DEVHOME,COHORT,O2r_resid,1368,-0.18239104406786552,-0.23126110793718724,-0.1315255076685593,0.5708732792100092,,,FROZEN,False,0.026180352946215013,-0.18445490123978375,1.8473464089373478e-12
log_offhome_volume,F,COH_OTHER,COHORT,O2r_resid,814,-0.13389399169122557,-0.20547092458812743,-0.07125519949461506,0.42866421205970323,,,FROZEN,False,0.035300950614358464,-0.13470284282573391,0.00013571944353799276
rao_stirling,F,CS,DEV,O2r_resid,216,-0.0075502995725203045,-0.14334402991590636,0.13773881210484262,0.5924631730740009,,,EXPLORATORY,False,0.07729525447528092,-0.007550443050796625,0.9221839050181225
rao_stirling,F,Eng,DEV,O2r_resid,941,-0.13666617240149992,-0.1916982910694052,-0.06632786592789809,0.6836513265264202,,,EXPLORATORY,False,0.03380394107328969,-0.13752670411937157,4.734457847437067e-05
rao_stirling,F,BGM,DEV,O2r_resid,290,0.11056661697183141,0.0016069507683734111,0.2542085628652871,0.4937537901758641,,,EXPLORATORY,False,0.0659349660878161,0.11102050905339984,0.09222263432474653
rao_stirling,F,Med,DEV,O2r_resid,1741,-0.06544655182141781,-0.11432536101197699,-0.014694239052080702,0.7063396385755436,,,EXPLORATORY,False,0.02673634093727652,-0.06554023403755575,0.014231994283788525
rao_stirling,F,PHYS,HELDOUT,O2r_resid,413,0.06982777265773284,-0.04321143530731484,0.18361658493741953,0.742951706677603,,,EXPLORATORY,False,0.05801842294067295,0.06994159733764357,0.22800775470100787
rao_stirling,F,LIFEENV,HELDOUT,O2r_resid,630,0.16465181075516627,0.08514932192783871,0.24844708242562796,0.6134614865250173,,,EXPLORATORY,False,0.04282096377696268,0.1661644076992772,0.00010426539248476019
rao_stirling,F,SOC,HELDOUT,O2r_resid,689,0.03336669733055812,-0.048187577718121,0.11645777379727368,0.5844744003563663,,,EXPLORATORY,False,0.04246964443516197,0.03337908839610513,0.43189579596281313
rao_stirling,F,MATHDEC,HELDOUT,O2r_resid,101,0.26958159118067393,0.013525915385366322,0.4854331854898463,0.824496214327315,,,EXPLORATORY,False,0.1281532372397778,0.27641256834665967,0.03101415572601256
rao_stirling,F,COH_DEVHOME,COHORT,O2r_resid,1368,-0.03651656408578812,-0.08765132328684751,0.020647612533628287,0.733800645699536,,,EXPLORATORY,False,0.02864890662108711,-0.03653280820347939,0.2022418891347949
rao_stirling,F,COH_OTHER,COHORT,O2r_resid,814,7.92871597183965e-05,-0.07121803607032091,0.0774937439950433,0.6191602255514479,,,EXPLORATORY,False,0.03801796091274602,7.928715988454152e-05,0.9983359982133573
fields_gained_per_yr,F,CS,DEV,O2r_resid,216,0.1307928681472674,-0.008785117696672786,0.2571455334333137,0.4420915981451146,,,EXPLORATORY,False,0.06692046060300029,0.13154643273256372,0.04933174921808604
fields_gained_per_yr,F,Eng,DEV,O2r_resid,941,0.1073804742985977,0.04213346071996484,0.1629101431949423,0.44043712597579227,,,EXPLORATORY,False,0.03100605801026342,0.10779607258484802,0.0005077896932926308
fields_gained_per_yr,F,BGM,DEV,O2r_resid,290,0.08974335902787176,-0.03754434261967501,0.2077482695429102,0.3922467043438862,,,EXPLORATORY,False,0.06229737211080483,0.08998545713553632,0.1486123535485189
fields_gained_per_yr,F,Med,DEV,O2r_resid,1741,0.096257782687012,0.043371157813124415,0.13824216249571714,0.40739267451080163,,,EXPLORATORY,False,0.025156271133165684,0.0965567405731377,0.00012390059240545542
fields_gained_per_yr,F,PHYS,HELDOUT,O2r_resid,413,0.10504328800784886,0.010086512256954273,0.20333801402103238,0.45624452102432506,,,EXPLORATORY,False,0.050036295681164474,0.10543221861817002,0.03510763070005681
fields_gained_per_yr,F,LIFEENV,HELDOUT,O2r_resid,630,0.12133573610343722,0.03759811023938997,0.20213142479331397,0.3855998623886371,,,EXPLORATORY,False,0.04175337236730162,0.12193650140762853,0.0034958363901764515
fields_gained_per_yr,F,SOC,HELDOUT,O2r_resid,689,0.10793034761671504,0.031931467658423855,0.1844971475028822,0.4416263960544981,,,EXPLORATORY,False,0.03972897596240853,0.10835239350323884,0.006385711067491547
fields_gained_per_yr,F,MATHDEC,HELDOUT,O2r_resid,101,0.19651455255254824,-0.05110295804522503,0.41237025883019496,0.6390781742424165,,,EXPLORATORY,False,0.1285699053816304,0.19910449815768344,0.12147576813526013
fields_gained_per_yr,F,COH_DEVHOME,COHORT,O2r_resid,1368,0.14177328251288246,0.09002927652212425,0.19226222596427606,0.45018626374189896,,,EXPLORATORY,False,0.027236802244463672,0.14273476986617092,1.6013228336856642e-07
fields_gained_per_yr,F,COH_OTHER,COHORT,O2r_resid,814,0.1191974464420172,0.05175691712583903,0.18127167785500645,0.4367022347715381,,,EXPLORATORY,False,0.034110054128806216,0.11976682860867482,0.0004461080049304101
G,G,CS,DEV,O2r_resid,215,-0.01731438257164171,-0.17016763832655013,0.15681633327614586,0.03828787083966363,,,EXPLORATORY,True,0.08394690550250906,-0.01731611309673278,0.8365764298425105
G,G,Eng,DEV,O2r_resid,925,0.10618482337829466,0.03905154898903097,0.16710564556885515,0.2486749785169338,,,EXPLORATORY,True,0.0334290012065169,0.10658663081277508,0.0014303875245451085
G,G,BGM,DEV,O2r_resid,288,0.17037763781522441,0.03604340209708934,0.2877155363442047,0.23643019143135766,,,EXPLORATORY,True,0.06797881854050802,0.17205556557159635,0.011373223978818098
G,G,Med,DEV,O2r_resid,1647,0.14931368798266287,0.09932342898587426,0.19469227799373737,0.3557374115659543,,,EXPLORATORY,True,0.024729576786281425,0.15043840027635308,1.1770506789884523e-09
G,G,PHYS,HELDOUT,O2r_resid,390,0.05289658971318733,-0.0482498347542891,0.15675854685372298,0.1494435767163374,,,EXPLORATORY,True,0.054633728895510554,0.05294600845897304,0.33249108090990753
G,G,LIFEENV,HELDOUT,O2r_resid,628,0.03330878964264965,-0.04521003931175505,0.10848245173140358,0.0682232149940328,,,EXPLORATORY,True,0.04084405367389688,0.033321116277669934,0.414607008367066
G,G,SOC,HELDOUT,O2r_resid,682,0.08007844646977637,0.006668542659223916,0.15347843848242074,0.2909185690854001,,,EXPLORATORY,True,0.038505368268425794,0.08025027729747441,0.03714814519391007
G,G,MATHDEC,HELDOUT,O2r_resid,100,0.0572376088728545,-0.19187170765680087,0.30092438437686225,0.27190326890651684,,,EXPLORATORY,True,0.12686241953643568,0.057300238242525635,0.6515050908690254
G,G,COH_DEVHOME,COHORT,O2r_resid,1318,-0.0033677646150087307,-0.05477659776843528,0.050720863368122884,0.15767529699026409,,,EXPLORATORY,True,0.027459732474385132,-0.003367777347309501,0.9023888398104216
G,G,COH_OTHER,COHORT,O2r_resid,806,0.01745386769371445,-0.04874396992680646,0.08198528816138376,0.056372075338054814,,,EXPLORATORY,True,0.03360814042700021,0.017455640385267847,0.6034907051033536
G_A,G,CS,DEV,O2r_resid,214,-0.002983004863143027,-0.16548289455529852,0.1501089032504572,0.0465687670301803,,,EXPLORATORY,True,0.08237436484675935,-0.002983013711098902,0.9711126089843408
G_A,G,Eng,DEV,O2r_resid,890,0.11114080118799886,0.04071412400730259,0.1826460828452697,0.24450172717509103,,,EXPLORATORY,True,0.03651679813071931,0.11160183696037157,0.0022417808786216265
G_A,G,BGM,DEV,O2r_resid,285,0.1530332635965081,0.025189271818119748,0.2759091852397265,0.2202280212462459,,,EXPLORATORY,True,0.06886218493521754,0.15424497391480904,0.025096882049893004
G_A,G,Med,DEV,O2r_resid,1553,0.15063955765837495,0.10309190279888573,0.2031853053269141,0.3382474072645344,,,EXPLORATORY,True,0.026289310970498542,0.15179477918269582,7.740623220790048e-09
G_A,G,PHYS,HELDOUT,O2r_resid,379,0.02434476855713949,-0.08287007776389271,0.12439941070578632,0.0952455808801815,,,EXPLORATORY,True,0.053707045289080914,0.024349579721226353,0.6502767504191462
G_A,G,LIFEENV,HELDOUT,O2r_resid,626,0.019650023844298474,-0.055076838213692705,0.09712306172516404,0.06818229679260021,,,EXPLORATORY,True,0.03752239845454515,0.01965255354197151,0.6004487753968071
G_A,G,SOC,HELDOUT,O2r_resid,673,0.07247365088422494,0.0005999001043639423,0.151640449800973,0.263874670562611,,,EXPLORATORY,True,0.03988591091510227,0.07260093986601378,0.0687262447684887
G_A,G,MATHDEC,HELDOUT,O2r_resid,99,0.0683852935103169,-0.19410645981540492,0.3030147197089719,0.23922145951759044,,,EXPLORATORY,True,0.12207903658575012,0.068492196009442,0.5747648340521976
G_A,G,COH_DEVHOME,COHORT,O2r_resid,1269,0.0020503783021671757,-0.055923874061495515,0.06367725862820864,0.14395636767394873,,,EXPLORATORY,True,0.030309768589669692,0.002050381175472865,0.9460662134253216
G_A,G,COH_OTHER,COHORT,O2r_resid,796,0.0174625396880508,-0.0461655745472802,0.08388725188007988,0.06176243748941788,,,EXPLORATORY,True,0.03429954256500367,0.017464315023537503,0.6106327232693087
G_btw,G,CS,DEV,O2r_resid,215,-0.019373710070689273,-0.16181959566160464,0.133327085964947,0.17100635014684085,,,FROZEN,True,0.07617396498233889,-0.01937613453030296,0.7992121282548623
G_btw,G,Eng,DEV,O2r_resid,925,0.1197290973433508,0.05623019720169028,0.18814871707593453,0.2762116109885106,,,FROZEN,True,0.0346254996105339,0.12030617681701986,0.0005118130623234612
G_btw,G,BGM,DEV,O2r_resid,288,0.34003507622609963,0.22412140465797128,0.4556672596057291,0.43573191583729687,,,FROZEN,True,0.06548432719623179,0.3541321905397177,6.377074129597135e-08
G_btw,G,Med,DEV,O2r_resid,1647,0.20146685680480797,0.15456119354509895,0.2491666719068277,0.3648753982158486,,,FROZEN,True,0.025900577132081055,0.2042609981674146,3.111549159657069e-15
G_btw,G,PHYS,HELDOUT,O2r_resid,390,0.05300520901504812,-0.04854139900626101,0.15610472369268708,0.19499666393829407,,,FROZEN,True,0.0531221808416834,0.05305493316378369,0.31792351992202905
G_btw,G,LIFEENV,HELDOUT,O2r_resid,628,-0.0006768603381473238,-0.0829251718807673,0.07638427084404179,-0.07430176333218874,,,FROZEN,True,0.04103223425526832,-0.000676860441512932,0.9868388350221035
G_btw,G,SOC,HELDOUT,O2r_resid,682,0.11954204766703472,0.04617205339664164,0.19407089615225104,0.3212497368316714,,,FROZEN,True,0.04031230962481147,0.12011641108579035,0.0028858169448622937
G_btw,G,MATHDEC,HELDOUT,O2r_resid,100,0.020552327181183216,-0.21963606803985136,0.25409192734941366,0.2764292531977993,,,FROZEN,True,0.12561326030066092,0.020555221669805356,0.870015382529592
G_btw,G,COH_DEVHOME,COHORT,O2r_resid,1318,0.05942939760432954,0.004326878269529944,0.11004619272589006,0.1771034848789718,,,FROZEN,True,0.028310789189622553,0.05949951154838374,0.03558350851595448
G_btw,G,COH_OTHER,COHORT,O2r_resid,806,0.03650468143003857,-0.025120252345070978,0.104998097132774,0.056622290103942964,,,FROZEN,True,0.03348897799908265,0.036520909686702546,0.2754774515873457
G_deg,G,CS,DEV,O2r_resid,215,0.1367914963264869,-0.011512484902240475,0.27588396324311615,0.4919077946960286,,,EXPLORATORY,False,0.07516893318703974,0.13765441558147845,0.06706064347033058
G_deg,G,Eng,DEV,O2r_resid,925,0.15588114862967092,0.08621239116982811,0.22101272955916784,0.3324997058744454,,,EXPLORATORY,False,0.032875035278251086,0.15716246375081305,1.7477094257889314e-06
G_deg,G,BGM,DEV,O2r_resid,288,-0.06799662555360725,-0.18874403620862698,0.05949901907370918,-0.1796812588394868,,,EXPLORATORY,False,0.06528760758189509,-0.06810171229573764,0.2969004994657678
G_deg,G,Med,DEV,O2r_resid,1647,0.12048221518983494,0.07233488232031184,0.1666991631043801,0.3046196334275444,,,EXPLORATORY,False,0.02527775415446131,0.12107031771591634,1.6711454902751288e-06
G_deg,G,PHYS,HELDOUT,O2r_resid,390,0.17010458810184922,0.06291621032610475,0.2752737962960406,0.24322470381926553,,,EXPLORATORY,False,0.05553081759913906,0.17177436612358787,0.0019793325670018607
G_deg,G,LIFEENV,HELDOUT,O2r_resid,628,-0.011222716036019867,-0.08775528139544969,0.06513580190567554,-0.06722542175142404,,,EXPLORATORY,False,0.04038925719078675,-0.011223187236245002,0.781107889877634
G_deg,G,SOC,HELDOUT,O2r_resid,682,0.1609219625862765,0.08797389553109067,0.23553054720523517,0.2948639508343855,,,EXPLORATORY,False,0.03882476099316708,0.16233302459848403,2.9000968405509923e-05
G_deg,G,MATHDEC,HELDOUT,O2r_resid,100,0.07361062449790223,-0.20009844267593424,0.27387185440205264,0.4034851903703757,,,EXPLORATORY,False,0.12142906065793417,0.07374401207158225,0.5436510540451456
G_deg,G,COH_DEVHOME,COHORT,O2r_resid,1318,0.000598881090431791,-0.05283325050312779,0.05071923769356033,0.10151130963647309,,,EXPLORATORY,False,0.02644279795544646,0.0005988811620297496,0.9819309141747846
G_deg,G,COH_OTHER,COHORT,O2r_resid,806,0.04009149235804746,-0.027198933638975825,0.11124233424658694,0.09742438664819082,,,EXPLORATORY,False,0.03503457569620027,0.0401129931533502,0.25222802890381446
G_phimin,G,CS,DEV,O2r_resid,215,-0.19916970149336374,-0.3724936934929129,-0.0221167333497671,-0.5901015910468345,,,EXPLORATORY,False,0.08935698864861698,-0.20186780914333646,0.023876165690836313
G_phimin,G,Eng,DEV,O2r_resid,925,-0.16040846889849822,-0.22582060936235596,-0.09371779801488563,-0.3053762138357253,,,EXPLORATORY,False,0.03377606852456742,-0.16180592470410493,1.6632526891098056e-06
G_phimin,G,BGM,DEV,O2r_resid,288,0.2104558624857157,0.09762104204032053,0.3241661975845575,0.300850962397517,,,EXPLORATORY,False,0.062122964572534176,0.2136482878541222,0.0005836099370114902
G_phimin,G,Med,DEV,O2r_resid,1647,-0.08116643356557489,-0.12871778226660013,-0.03863700520812913,-0.25150540155747586,,,EXPLORATORY,False,0.024898066101188995,-0.08134538266473797,0.0010864125128846307
G_phimin,G,PHYS,HELDOUT,O2r_resid,390,-0.1864894448564218,-0.30438954667417706,-0.09180598980930355,-0.25548369055273956,,,EXPLORATORY,False,0.05387364299613882,-0.18869763912561638,0.00046074666797669674
G_phimin,G,LIFEENV,HELDOUT,O2r_resid,628,0.05278215663967982,-0.0263837304478543,0.12807195322761558,0.13609012036493537,,,EXPLORATORY,False,0.040096487816621236,0.052831254993737684,0.18763656112868599
G_phimin,G,SOC,HELDOUT,O2r_resid,682,-0.12074179955183496,-0.19830616931748843,-0.04629330689716031,-0.053106538950666846,,,EXPLORATORY,False,0.03964128489904486,-0.12133373406462698,0.002207522724644317
G_phimin,G,MATHDEC,HELDOUT,O2r_resid,100,0.0431046050186797,-0.19614207687207402,0.2654629402651377,-0.19233411844526127,,,EXPLORATORY,False,0.11922662692340344,0.043131331038200174,0.7175319719804454
G_phimin,G,COH_DEVHOME,COHORT,O2r_resid,1318,-0.05447344441326556,-0.10517240972055125,0.0013723201874285356,-0.08300793084481801,,,EXPLORATORY,False,0.029017045545076017,-0.054527421250367386,0.06022382586968343
G_phimin,G,COH_OTHER,COHORT,O2r_resid,806,-0.020242454848995724,-0.09930285681285447,0.04729000004508917,-0.03800377429100787,,,EXPLORATORY,False,0.038446128572784344,-0.020245220357983727,0.5984806230024882
REL_home,G,CS,DEV,O2r_resid,215,-0.15729427967653561,-0.28196333673105056,-0.018656811505908217,0.06438620857998352,,,EXPLORATORY,False,0.07011027570494793,-0.15861111558917773,0.023678311829773133
REL_home,G,Eng,DEV,O2r_resid,925,-0.15321100394399337,-0.21108042373257654,-0.09292843437452031,-0.2525963958666833,,,EXPLORATORY,False,0.031516582288698636,-0.15442698168765337,9.590278905440512e-07
REL_home,G,BGM,DEV,O2r_resid,288,-0.30749049667179545,-0.41048834748203084,-0.18130270753295227,-0.328833650993639,,,EXPLORATORY,False,0.06366701156361561,-0.31777148320392906,6.00214559525634e-07
REL_home,G,Med,DEV,O2r_resid,1647,-0.08934063201726589,-0.13827331490339198,-0.034493232250420836,0.1288683516894545,,,EXPLORATORY,False,0.024897521586941505,-0.0895794750486908,0.00032076312367736485
REL_home,G,PHYS,HELDOUT,O2r_resid,390,-0.0734944581302132,-0.17441870218918773,0.02759904508561745,-0.031938043069785246,,,EXPLORATORY,False,0.053311266858603046,-0.07362721382802555,0.16725384874596183
REL_home,G,LIFEENV,HELDOUT,O2r_resid,628,-0.19995450192252018,-0.27131499406199905,-0.12047355966647569,-0.35234002252763363,,,EXPLORATORY,False,0.041033269419811565,-0.20268516067256936,7.831016194143324e-07
REL_home,G,SOC,HELDOUT,O2r_resid,682,-0.2077933515623237,-0.2784132669365212,-0.1396840640439832,-0.18263514545590623,,,EXPLORATORY,False,0.0381898495862682,-0.21086400987419615,3.361801744688212e-08
REL_home,G,MATHDEC,HELDOUT,O2r_resid,100,-0.3308361457210559,-0.5127371582558218,-0.0975714183176177,-0.24216391320132394,,,EXPLORATORY,False,0.11735915280778872,-0.3437668751744982,0.0033985017216044697
REL_home,G,COH_DEVHOME,COHORT,O2r_resid,1318,-0.08920018421308389,-0.13962255430364928,-0.03382505443018385,-0.05278395816855998,,,EXPLORATORY,False,0.02770362813766864,-0.08943789899556986,0.0012449253603034548
REL_home,G,COH_OTHER,COHORT,O2r_resid,806,-0.104408800002284,-0.17497690005174033,-0.03704376513663264,-0.15750541207716193,,,EXPLORATORY,False,0.03659877528090863,-0.10479069464756616,0.004193466449436641
RS,G,CS,DEV,O2r_resid,216,-0.0690298141458696,-0.20656317628364543,0.11188064755245837,0.633191224351123,,,FROZEN,False,0.08355615473351354,-0.06913977370597114,0.4079736867658037
RS,G,Eng,DEV,O2r_resid,941,-0.1243965188697859,-0.182198198095769,-0.055884917426444546,0.6921579728484041,,,FROZEN,False,0.03405621085817591,-0.12504420084464338,0.0002409420994084795
RS,G,BGM,DEV,O2r_resid,290,-0.23223498876595125,-0.30877902682129793,-0.11823256606157721,0.437630280568345,,,FROZEN,False,0.05528572514851843,-0.23655057608396846,1.879949975884754e-05
RS,G,Med,DEV,O2r_resid,1741,-0.2418313710439897,-0.2881107163919508,-0.18728355496487922,0.7007328616833982,,,FROZEN,False,0.026620563293370883,-0.24671832731376697,1.897392578646998e-20
RS,G,PHYS,HELDOUT,O2r_resid,413,-0.05991024542426845,-0.1622625137656146,0.062207922146675344,0.7464371882654357,,,FROZEN,False,0.05739475807472587,-0.05998207754801121,0.2959862884268585
RS,G,LIFEENV,HELDOUT,O2r_resid,630,-0.11086817717211794,-0.19465995073107095,-0.014561416228198287,0.5604928945038423,,,FROZEN,False,0.048168336199654355,-0.11132581176112406,0.02082278105586274
RS,G,SOC,HELDOUT,O2r_resid,689,-0.11123336808774134,-0.19735409108118374,-0.01513904425717673,0.5657780620123078,,,FROZEN,False,0.04809240333327297,-0.111695562549129,0.02020495953653993
RS,G,MATHDEC,HELDOUT,O2r_resid,101,0.1922472093986768,-0.08547559087393534,0.42965917913012036,0.8133255678509027,,,FROZEN,False,0.1410757671166954,0.19466957853796193,0.16761934112001065
RS,G,COH_DEVHOME,COHORT,O2r_resid,1368,-0.17900005389643733,-0.23138200153830343,-0.12041881673162481,0.7291818013720878,,,FROZEN,False,0.030202993554368944,-0.18094945122296802,2.084138391820162e-09
RS,G,COH_OTHER,COHORT,O2r_resid,814,-0.1298915639540796,-0.2007053096057364,-0.047309817172525526,0.6213286043719,,,FROZEN,False,0.0393361491719425,-0.13062955149209043,0.0008974293423325419
CONTACT_REACH,FR,CS,DEV,O2r_resid,216,0.20938894413561465,0.06884335653554495,0.34155896895560267,0.6074095848829582,,,FROZEN,False,0.0700301040818973,0.21253218563865472,0.00240640256192739
CONTACT_REACH,FR,Eng,DEV,O2r_resid,941,0.24707013172741737,0.1733699121995968,0.30796981829283077,0.6815614039157685,,,FROZEN,False,0.0377637895647657,0.25229004870958366,2.3773915327385195e-11
CONTACT_REACH,FR,BGM,DEV,O2r_resid,290,0.29153346624262544,0.1730007045739548,0.40256591152855453,0.566581521921501,,,FROZEN,False,0.06683759769071236,0.3002413511118684,7.052340812094192e-06
CONTACT_REACH,FR,Med,DEV,O2r_resid,1741,0.20270406519766548,0.15344979167632303,0.25071254493872003,0.6549649416538801,,,FROZEN,False,0.027329888606523065,0.2055508837901032,5.4316391952872006e-14
CONTACT_REACH,FR,PHYS,HELDOUT,O2r_resid,413,0.25893871554424924,0.16723562908306958,0.361995415883017,0.720978749813322,,,FROZEN,False,0.05340621691368959,0.2649705144126613,6.998075990004406e-07
CONTACT_REACH,FR,LIFEENV,HELDOUT,O2r_resid,630,0.182492469534857,0.08853715256740216,0.2761048482595424,0.6074847987515857,,,FROZEN,False,0.05018791952748753,0.18455981889031142,0.0002356461503516924
CONTACT_REACH,FR,SOC,HELDOUT,O2r_resid,689,0.20409496787071366,0.11173260195173768,0.28550246187001005,0.6212274065763658,,,FROZEN,False,0.04749132697783254,0.20700181368530224,1.308201185089463e-05
CONTACT_REACH,FR,MATHDEC,HELDOUT,O2r_resid,101,0.18297460484523012,-0.05487234357988777,0.46236173596226693,0.8110420541866258,,,FROZEN,False,0.14250591262801274,0.1850586096045688,0.19408019838989676
CONTACT_REACH,FR,COH_DEVHOME,COHORT,O2r_resid,1368,0.20345709521712182,0.15075631526006178,0.25983609391300544,0.6738535815583478,,,FROZEN,False,0.028499948114442817,0.20633630601829303,4.4907009683126144e-13
CONTACT_REACH,FR,COH_OTHER,COHORT,O2r_resid,814,0.22216114743369106,0.14938887153784594,0.288353662909467,0.6378238767539356,,,FROZEN,False,0.037427962153951985,0.2259283152838846,1.576382096102142e-09
RETAINED_REACH,FR,CS,DEV,O2r_resid,216,-0.10580975525672075,-0.23507506054183627,0.009227612425211577,0.18840376176756043,,,EXPLORATORY,False,0.06472163781339972,-0.10620730075197381,0.1008003239237153
RETAINED_REACH,FR,Eng,DEV,O2r_resid,941,-0.08648375215829973,-0.14680436564599975,-0.027803311109944457,0.42831862878697186,,,EXPLORATORY,False,0.031234244139437893,-0.08670034163379953,0.005506429902200209
RETAINED_REACH,FR,BGM,DEV,O2r_resid,290,-0.024936063066128843,-0.13661814562131996,0.09213750650612774,0.2672956677358925,,,EXPLORATORY,False,0.059683889131611996,-0.024941233470123583,0.6760283645284336
RETAINED_REACH,FR,Med,DEV,O2r_resid,1741,-0.07348469499112846,-0.12295466871421908,-0.019885816029731433,0.4652817868820269,,,EXPLORATORY,False,0.026287101059077576,-0.07361739767466594,0.005102127541757855
RETAINED_REACH,FR,PHYS,HELDOUT,O2r_resid,413,-0.01785357359661505,-0.10288810037001271,0.08543802661491817,0.5440177868004747,,,EXPLORATORY,False,0.046900359807718346,-0.017855470902219325,0.7034178952398951
RETAINED_REACH,FR,LIFEENV,HELDOUT,O2r_resid,630,-0.0834431361250689,-0.16933691726890313,-0.012617814771643742,0.24101474612125395,,,EXPLORATORY,False,0.04095101153247007,-0.0836376139942914,0.041113641345734864
RETAINED_REACH,FR,SOC,HELDOUT,O2r_resid,689,-0.10470094840978433,-0.17280552131516805,-0.03556528928997088,0.281388560685853,,,EXPLORATORY,False,0.03692098233678984,-0.10508607204072472,0.004423848050944701
RETAINED_REACH,FR,MATHDEC,HELDOUT,O2r_resid,101,-0.20671996238824983,-0.43331440280565986,0.06282093676147522,0.47974988161464754,,,EXPLORATORY,False,0.1353726324901818,-0.2097424433208148,0.12129253902314238
RETAINED_REACH,FR,COH_DEVHOME,COHORT,O2r_resid,1368,-0.13279476611714583,-0.18333540934036294,-0.08051696194843379,0.4612083112011555,,,EXPLORATORY,False,0.026964782243265536,-0.13358371828695043,7.270061270598036e-07
RETAINED_REACH,FR,COH_OTHER,COHORT,O2r_resid,814,-0.06364922888529664,-0.1240973106655699,-0.00184708786334876,0.3523001439953434,,,EXPLORATORY,False,0.031382198564677666,-0.06373539085439148,0.042260989329021705
RETENTION_RATIO_early,FR,CS,DEV,O2r_resid,216,-0.17136378005399766,-0.3176642088147339,-0.04203959874184227,-0.2626202461694215,,,FROZEN,False,0.07450390803658477,-0.17307136602441234,0.020180026611558224
RETENTION_RATIO_early,FR,Eng,DEV,O2r_resid,941,-0.16184378719532713,-0.21765598153856422,-0.10747044716883387,0.22198090815233693,,,FROZEN,False,0.02964783082840037,-0.16327949968813033,3.643789415054198e-08
RETENTION_RATIO_early,FR,BGM,DEV,O2r_resid,290,-0.12567376197582414,-0.24732269931423226,-0.011633032876478107,-0.0554910626754121,,,FROZEN,False,0.06134481589066842,-0.12634172942284358,0.0394431186292329
RETENTION_RATIO_early,FR,Med,DEV,O2r_resid,1741,-0.1383690500208648,-0.18692410896310468,-0.09240077734756204,0.3589487671766336,,,FROZEN,False,0.024702422678689388,-0.13926240621493913,1.7243533344639596e-08
RETENTION_RATIO_early,FR,PHYS,HELDOUT,O2r_resid,413,-0.07767288878206526,-0.1607424700632226,0.015766412364927183,0.3479868791810374,,,FROZEN,False,0.047157663338801975,-0.07782965884796125,0.09885832834672961
RETENTION_RATIO_early,FR,LIFEENV,HELDOUT,O2r_resid,630,-0.11884027580397045,-0.1982678673386226,-0.03213015782344793,-0.02193178264861505,,,FROZEN,False,0.041911036845401414,-0.11940452576956322,0.004385694033978138
RETENTION_RATIO_early,FR,SOC,HELDOUT,O2r_resid,689,-0.1426813480885509,-0.22501028568213186,-0.07079312281339806,-0.010851342888365869,,,FROZEN,False,0.038116498938709366,-0.14366158366493792,0.00016389428953857079
RETENTION_RATIO_early,FR,MATHDEC,HELDOUT,O2r_resid,101,-0.1858330259232416,-0.43168072422329434,0.05759069422122359,0.23675828300115578,,,FROZEN,False,0.1315795999476937,-0.18801765461762265,0.15302519081827448
RETENTION_RATIO_early,FR,COH_DEVHOME,COHORT,O2r_resid,1368,-0.19067932284790562,-0.23883961505502624,-0.13647022461545252,0.2783098414366704,,,FROZEN,False,0.026280870961589545,-0.19304202858000852,2.0523111124392105e-13
RETENTION_RATIO_early,FR,COH_OTHER,COHORT,O2r_resid,814,-0.10737071792476652,-0.17218580950853565,-0.047130880748809466,0.09653117300606849,,,FROZEN,False,0.033116424388928874,-0.10778620241268279,0.0011348594649699354
FRONTIER_POTENTIAL,FR,CS,DEV,O2r_resid,216,0.008475485242071253,-0.12820208103900113,0.14585252797108164,0.18850960786274193,,,EXPLORATORY,False,0.06956173645352978,0.008475688193064011,0.9030224757537052
FRONTIER_POTENTIAL,FR,Eng,DEV,O2r_resid,941,-0.04108062923140141,-0.10685453197152257,0.021218088456617427,0.3379749189559919,,,EXPLORATORY,False,0.03231771946838057,-0.04110376213074619,0.20342124483266355
FRONTIER_POTENTIAL,FR,BGM,DEV,O2r_resid,290,0.06842332404401519,-0.07261454115805796,0.19699982244986908,0.05906465254981009,,,EXPLORATORY,False,0.06844361977699116,0.06853040533026787,0.31669726590698644
FRONTIER_POTENTIAL,FR,Med,DEV,O2r_resid,1741,-0.05311684539423119,-0.10254762588104031,0.002072572526810932,0.42808550840277915,,,EXPLORATORY,False,0.02575939303460149,-0.0531668847396797,0.03901956594307058
FRONTIER_POTENTIAL,FR,PHYS,HELDOUT,O2r_resid,413,0.1901802122341601,0.08484632426642179,0.29855252229782414,0.5046239199758327,,,EXPLORATORY,False,0.05595662785778299,0.19252413740930718,0.0005804349702290837
FRONTIER_POTENTIAL,FR,LIFEENV,HELDOUT,O2r_resid,630,-0.03684380930469423,-0.11746478710930439,0.04288207302080372,0.10662182764764958,,,EXPLORATORY,False,0.04126509517197839,-0.036860494306036114,0.37171749426036826
FRONTIER_POTENTIAL,FR,SOC,HELDOUT,O2r_resid,689,0.0802488224253549,0.0036835169373473143,0.15984391704519038,0.2911427975389056,,,EXPLORATORY,False,0.03956021175442124,0.08042175520623694,0.042063136055514726
FRONTIER_POTENTIAL,FR,MATHDEC,HELDOUT,O2r_resid,101,-0.08605923878308092,-0.33586815539022014,0.16756276166535938,0.44181727973366086,,,EXPLORATORY,False,0.13324062629626676,-0.08627264500392103,0.5173116019011261
FRONTIER_POTENTIAL,FR,COH_DEVHOME,COHORT,O2r_resid,1368,-0.08038269605013558,-0.13318126949458275,-0.02302024062809927,0.3309821362199926,,,EXPLORATORY,False,0.028939435422470974,-0.08055649800598225,0.005375536174065893
FRONTIER_POTENTIAL,FR,COH_OTHER,COHORT,O2r_resid,814,0.018607666684334407,-0.04592070671271906,0.08611034053304058,0.27931837571455015,,,EXPLORATORY,False,0.035460161563957995,0.01860981473606324,0.599715919389147
D_rca_end,FR,CS,DEV,O2r_resid,216,0.33721510300763646,0.22372705081793864,0.4534734872420349,0.5957533502519189,,,EXPLORATORY,False,0.06792901419669188,0.35094697518260537,2.3867366524544083e-07
D_rca_end,FR,Eng,DEV,O2r_resid,941,0.3966847779773495,0.33452880048124906,0.46152938807636723,0.7351773860661285,,,EXPLORATORY,False,0.038443731139971904,0.41970843764767135,9.510399363864635e-28
D_rca_end,FR,BGM,DEV,O2r_resid,290,0.07698216483142033,-0.05836564460479129,0.19165716777315203,0.4178328421782431,,,EXPLORATORY,False,0.06533292475468311,0.07713477980755845,0.2377450634777558
D_rca_end,FR,Med,DEV,O2r_resid,1741,0.29938033384981133,0.25275875126055264,0.3446598923931742,0.6740864674811682,,,EXPLORATORY,False,0.025976102566104223,0.3088387913647302,1.3446021614120623e-32
D_rca_end,FR,PHYS,HELDOUT,O2r_resid,413,0.30211683166818254,0.1876479156420847,0.41146234724879005,0.7385361936032624,,,EXPLORATORY,False,0.06234816747140239,0.31184742153380374,5.682417150406042e-07
D_rca_end,FR,LIFEENV,HELDOUT,O2r_resid,630,0.19828007014105528,0.111765410101759,0.27202123634006453,0.5265170519580342,,,EXPLORATORY,False,0.04236512701877298,0.2009416002677632,2.1048294663133472e-06
D_rca_end,FR,SOC,HELDOUT,O2r_resid,689,0.2971137548798107,0.22682860920446626,0.3598981122844863,0.6119609381210283,,,EXPLORATORY,False,0.039115300444050545,0.3063509106951712,4.801814857563457e-15
D_rca_end,FR,MATHDEC,HELDOUT,O2r_resid,101,0.26729562631362586,0.020555361976983336,0.5236940442637945,0.8014030348586824,,,EXPLORATORY,False,0.14203849091748175,0.2739490852380969,0.05376859916090204
D_rca_end,FR,COH_DEVHOME,COHORT,O2r_resid,1368,0.23331090772829233,0.17731434424693898,0.2879828579957993,0.6687476344874993,,,EXPLORATORY,False,0.02935323912428075,0.23768813163268462,5.609574101429823e-16
D_rca_end,FR,COH_OTHER,COHORT,O2r_resid,814,0.22028195936792463,0.14019694749535386,0.28716510274297957,0.604342306467597,,,EXPLORATORY,False,0.03982686053854724,0.22395242864898457,1.8750596427967533e-08
D_vol_end,FR,CS,DEV,O2r_resid,216,0.27374771676216353,0.1511655110291342,0.3939501148246881,0.6177938604946249,,,FROZEN,False,0.06854902575701514,0.2809106699844471,4.1682029993643696e-05
D_vol_end,FR,Eng,DEV,O2r_resid,941,0.4150569581246174,0.34935611087868645,0.4807931123918097,0.73691470870068,,,FROZEN,False,0.04082410479549394,0.441705292091374,2.7763098723472084e-27
D_vol_end,FR,BGM,DEV,O2r_resid,290,0.20082908283945927,0.08143692516224718,0.31917722858492187,0.5457960483865583,,,FROZEN,False,0.06274027084150409,0.20359633142309683,0.0011742332789321918
D_vol_end,FR,Med,DEV,O2r_resid,1741,0.2541066490851992,0.2050976298685048,0.3004721955173739,0.6517620137793065,,,FROZEN,False,0.026608605300464473,0.2597980679751667,1.6118782517161777e-22
D_vol_end,FR,PHYS,HELDOUT,O2r_resid,413,0.3756161113676963,0.2764885772483906,0.4742207281745483,0.7479674776252895,,,FROZEN,False,0.057994921864861375,0.39494580269391444,9.759424444061382e-12
D_vol_end,FR,LIFEENV,HELDOUT,O2r_resid,630,0.26707340496670445,0.18006539345348127,0.3466047954452813,0.6097115396254851,,,FROZEN,False,0.045235580720295536,0.2737097805078041,1.4416135400622224e-09
D_vol_end,FR,SOC,HELDOUT,O2r_resid,689,0.3212791380420272,0.2516963885875587,0.38891520880089003,0.6524702219882775,,,FROZEN,False,0.03865239433941226,0.3330728244901688,6.865134966346118e-18
D_vol_end,FR,MATHDEC,HELDOUT,O2r_resid,101,0.22665925047770102,0.0390999737422142,0.43573533753807897,0.7939912763499283,,,FROZEN,False,0.11065771370597662,0.23066496541229062,0.037115563249193455
D_vol_end,FR,COH_DEVHOME,COHORT,O2r_resid,1368,0.29459810572617073,0.23793130276614405,0.3470985498251952,0.6843270765584978,,,FROZEN,False,0.02982875157652494,0.3035939398553573,2.4888362956149844e-24
D_vol_end,FR,COH_OTHER,COHORT,O2r_resid,814,0.321247765056888,0.24934066985402897,0.38961274715373334,0.6557922937139097,,,FROZEN,False,0.040624196089766265,0.33303784083476945,2.4438526654437955e-16
M0_density_end,FR,CS,DEV,O2r_resid,216,0.3181025650492507,0.17636706091780058,0.45402494174550917,0.6665220399424605,,,FROZEN,False,0.07660500946856894,0.3295346364190266,1.6946405685649648e-05
M0_density_end,FR,Eng,DEV,O2r_resid,941,0.4011955820732594,0.33756483095464035,0.4643068828449115,0.7126963978955811,,,FROZEN,False,0.03779556162871876,0.42507305393675765,2.405847422925556e-29
M0_density_end,FR,BGM,DEV,O2r_resid,290,0.2483723250623235,0.13349058605880404,0.35108480817479587,0.5464419383153668,,,FROZEN,False,0.06507260877503188,0.25367737679961383,9.684070266820966e-05
M0_density_end,FR,Med,DEV,O2r_resid,1741,0.290089418701295,0.24187536808060087,0.3370655996305796,0.6465703628880003,,,FROZEN,False,0.026874281234862102,0.2986638957524572,1.0800203907431628e-28
M0_density_end,FR,PHYS,HELDOUT,O2r_resid,413,0.43240345270467184,0.3390520832482103,0.5206541696504982,0.7171750479726856,,,FROZEN,False,0.05747255228460194,0.4628490931382494,8.052931061258061e-16
M0_density_end,FR,LIFEENV,HELDOUT,O2r_resid,630,0.3006449432915967,0.22478102552469623,0.37179334702733413,0.5744561203873509,,,FROZEN,False,0.041087351339556155,0.3102284839347548,4.3371701864776504e-14
M0_density_end,FR,SOC,HELDOUT,O2r_resid,689,0.29960870925496824,0.23127234888728634,0.3709417992941073,0.593630079837372,,,FROZEN,False,0.03894840470273389,0.30908966980713815,2.090165015188605e-15
M0_density_end,FR,MATHDEC,HELDOUT,O2r_resid,101,0.5495970955628163,0.38846949235456724,0.6803294994664477,0.8084115155969314,,,FROZEN,False,0.10750736710149536,0.617803856199709,9.104567364242716e-09
M0_density_end,FR,COH_DEVHOME,COHORT,O2r_resid,1368,0.2742977663176042,0.22120249142002016,0.32496258252932847,0.5780832228663736,,,FROZEN,False,0.030517142850538498,0.28150537504890916,2.8488770867079645e-20
M0_density_end,FR,COH_OTHER,COHORT,O2r_resid,814,0.3577757585815198,0.2948949157994623,0.41866511225135783,0.6174277561151263,,,FROZEN,False,0.03864443055520759,0.37433281992634737,3.4381078281699617e-22
D_z,A,CS,DEV,O2r_resid,178,0.14322710429456179,0.002632582001385531,0.31230565717988507,0.3043796971682937,,,EXPLORATORY,False,0.08472949178918367,0.1442187255885782,0.08873516925130717
D_z,A,Eng,DEV,O2r_resid,692,0.1862640687365689,0.11038019531638406,0.2585036762865272,0.24207485618023789,,,EXPLORATORY,False,0.04082059863992513,0.18846415254580742,3.895364184340836e-06
D_z,A,BGM,DEV,O2r_resid,239,0.27132254581855486,0.14882428446845528,0.3902567488088056,0.22715622789460477,,,EXPLORATORY,False,0.06601589478690584,0.27829091392103766,2.4921017772761562e-05
D_z,A,Med,DEV,O2r_resid,1197,0.13790588566091563,0.07319792451318531,0.19369348197140623,0.16811440880187078,,,EXPLORATORY,False,0.03076556089346635,0.138790231833217,6.445564614145308e-06
D_z,A,PHYS,HELDOUT,O2r_resid,301,-0.02704032179287446,-0.1315036745174683,0.09561445127158315,0.046582100016251925,,,EXPLORATORY,False,0.060677711734690255,-0.027046915124166227,0.6557799249335947
D_z,A,LIFEENV,HELDOUT,O2r_resid,477,0.047558037665679134,-0.03674480582566478,0.1372468697036493,0.08222500945010418,,,EXPLORATORY,False,0.04494585037655309,0.04759394146778718,0.2896374149283457
D_z,A,SOC,HELDOUT,O2r_resid,567,0.11555334554333947,0.034420570345616706,0.19755717809823678,0.20093331264471484,,,EXPLORATORY,False,0.04228765562635275,0.1160718172821362,0.0060544905377225245
D_z,A,MATHDEC,HELDOUT,O2r_resid,60,0.19678005322630693,-0.20090474728805188,0.47541879859927266,0.46890803000833575,,,EXPLORATORY,False,0.184893854195677,0.19938067878276514,0.2808766477993182
D_z,A,COH_DEVHOME,COHORT,O2r_resid,1000,0.11751821802897745,0.05914781382846904,0.17384459966860427,0.17094085565900644,,,EXPLORATORY,False,0.030870048574782222,0.11806374195307495,0.0001310163647965471
D_z,A,COH_OTHER,COHORT,O2r_resid,625,0.0835005651032218,-0.0066161944203624425,0.16923969384278922,0.1822607187322425,,,EXPLORATORY,False,0.04501540597850768,0.08369544591928063,0.06298997216969966
D_ratio,A,CS,DEV,O2r_resid,178,0.14118148876074693,-0.029471479449003864,0.28965337594113655,0.3504316334176403,,,EXPLORATORY,False,0.0876631246834017,0.1421308889038205,0.10494679891202151
D_ratio,A,Eng,DEV,O2r_resid,692,0.18934178478747285,0.11650825348559664,0.2685044030102654,0.2568588874131689,,,EXPLORATORY,False,0.039338527873299105,0.19165439099985587,1.1051564691062732e-06
D_ratio,A,BGM,DEV,O2r_resid,239,0.280182033106817,0.15582282756437407,0.4075812464935008,0.23664199472596156,,,EXPLORATORY,False,0.07003505999953094,0.2878796019408416,3.947913706793302e-05
D_ratio,A,Med,DEV,O2r_resid,1197,0.14299325283738926,0.08813585980069069,0.19888960365953545,0.1774129289308879,,,EXPLORATORY,False,0.02941937704249827,0.1439799845896573,9.87803182923154e-07
D_ratio,A,PHYS,HELDOUT,O2r_resid,301,-0.008315962478789688,-0.12355773113081879,0.1066525312531543,0.07691876116287596,,,EXPLORATORY,False,0.057295652134725455,-0.008316154184182243,0.8845967098985658
D_ratio,A,LIFEENV,HELDOUT,O2r_resid,477,0.05556164564149306,-0.02365130140389752,0.14967573381595312,0.09270703637485153,,,EXPLORATORY,False,0.04642219789465255,0.05561892649787828,0.23087397009064414
D_ratio,A,SOC,HELDOUT,O2r_resid,567,0.1152513998636136,0.023846538262578352,0.194936475421603,0.22025625265050935,,,EXPLORATORY,False,0.04456653309891986,0.11576579609931979,0.009387919326700946
D_ratio,A,MATHDEC,HELDOUT,O2r_resid,60,0.2188607647844793,-0.15921696396147247,0.5251912181870949,0.48322334260398875,,,EXPLORATORY,False,0.19224144673637375,0.2224592450165969,0.24719609109835183
D_ratio,A,COH_DEVHOME,COHORT,O2r_resid,1000,0.13019562875472235,0.06231467935139623,0.19459873758423768,0.20038517407354492,,,EXPLORATORY,False,0.03328771662158806,0.13093884689404045,8.370094985443731e-05
D_ratio,A,COH_OTHER,COHORT,O2r_resid,625,0.09207821554407856,0.009184934814778974,0.17169545137220743,0.20202342745838514,,,EXPLORATORY,False,0.041508203129836746,0.09233977263600332,0.026107092643152384
D_rare,A,CS,DEV,O2r_resid,36,-0.21115727232360926,-0.6345806770160364,0.446007748501255,0.15643106613005525,,,EXPLORATORY,False,0.3033536705330828,-0.21438231757457077,0.4797482607093557
D_rare,A,Eng,DEV,O2r_resid,127,0.24993420896870888,0.0725380631804123,0.4062450849188999,0.4619529243933037,,,EXPLORATORY,False,0.0906956780008792,0.255342636014021,0.004871985875685426
D_rare,A,BGM,DEV,O2r_resid,62,0.17580122263657688,-0.1759829844258975,0.4627675319579491,0.3260147947409513,,,EXPLORATORY,False,0.17125362347377646,0.17764667515999621,0.29958167031426175
D_rare,A,Med,DEV,O2r_resid,246,0.38568462075285753,0.24928782185386272,0.4944963200840909,0.43613009332025976,,,EXPLORATORY,False,0.07429879419756472,0.40672058212244316,4.3968881869831514e-08
D_rare,A,PHYS,HELDOUT,O2r_resid,63,0.1439894749716634,-0.16214946625895854,0.42088758230316337,0.302446446940875,,,EXPLORATORY,False,0.16089833044192983,0.14499715001891153,0.3674966122495863
D_rare,A,LIFEENV,HELDOUT,O2r_resid,79,0.03364207298034084,-0.21487750750305648,0.3069545754218529,0.09166805274545595,,,EXPLORATORY,False,0.13441730703696897,0.033654773516267,0.8022971295030457
D_rare,A,SOC,HELDOUT,O2r_resid,124,0.20764054224501582,-0.0025694016843294783,0.37826314779134523,0.3548162693467342,,,EXPLORATORY,False,0.10175671492784531,0.21070431009723903,0.03838989081181968
D_rare,A,MATHDEC,HELDOUT,O2r_resid,9,,,,,,,EXPLORATORY,False,,,
D_rare,A,COH_DEVHOME,COHORT,O2r_resid,241,0.351942149289178,0.20969212701206066,0.46853328932500354,0.516158343633855,,,EXPLORATORY,False,0.07498851435075579,0.367658749272203,9.444769798675684e-07
D_rare,A,COH_OTHER,COHORT,O2r_resid,122,0.18717799001496052,-0.01952256770002403,0.3564462079740373,0.47941332891723454,,,EXPLORATORY,False,0.09926243035772996,0.18941108858095798,0.05636729934895158
D_sub,A,CS,DEV,O2r_resid,178,-0.008229591021910053,-0.14812082171102767,0.16141058905456346,0.12170675009010565,,,EXPLORATORY,False,0.07843021470588717,-0.00822977681568241,0.9164303988672704
D_sub,A,Eng,DEV,O2r_resid,692,0.18835044972941364,0.11922503152088962,0.25920084520568654,0.2474582943792203,,,EXPLORATORY,False,0.0383720310452101,0.1906263945560055,6.77002043253916e-07
D_sub,A,BGM,DEV,O2r_resid,239,-0.009890146688969943,-0.13388632529025699,0.13142325884608563,0.03570424756352334,,,EXPLORATORY,False,0.06737248440161486,-0.00989046917613444,0.8832876766246053
D_sub,A,Med,DEV,O2r_resid,1197,0.03691635561489714,-0.025977356171105186,0.09536600019440043,0.11032527005402983,,,EXPLORATORY,False,0.031218184901552346,0.03693313942383661,0.23678341936513803
D_sub,A,PHYS,HELDOUT,O2r_resid,301,0.06527295500840043,-0.04483959942720884,0.17670175811007663,0.25568905465915004,,,EXPLORATORY,False,0.05867843657808146,0.06536589245474454,0.26529297485160586
D_sub,A,LIFEENV,HELDOUT,O2r_resid,477,-0.009308896866525964,-0.09926301010708163,0.08297647290214383,0.04263359463081615,,,EXPLORATORY,False,0.045680190750265776,-0.009309165769733632,0.8385176128931673
D_sub,A,SOC,HELDOUT,O2r_resid,567,-0.0078226212102747,-0.0862794239782123,0.08212170642806789,0.07252144847598825,,,EXPLORATORY,False,0.04509438355521508,-0.007822780780403226,0.8622775089793708
D_sub,A,MATHDEC,HELDOUT,O2r_resid,60,-0.06748582679605208,-0.35695517636845675,0.2341260158243226,-0.0649733223794216,,,EXPLORATORY,False,0.1584263456246213,-0.0675885587299048,0.6696528579757036
D_sub,A,COH_DEVHOME,COHORT,O2r_resid,1000,0.053481874430243194,-0.0096103492217043,0.11369019840022719,0.029347883298714822,,,EXPLORATORY,False,0.030945498301689866,0.05353295371652045,0.08364620188821033
D_sub,A,COH_OTHER,COHORT,O2r_resid,625,0.12299044850222672,0.046773097058689886,0.19708137579979604,0.2187662047125225,,,EXPLORATORY,False,0.03903083197372429,0.12361628297252197,0.0015394382854867139
D_obs,A,CS,DEV,O2r_resid,178,0.2359274638862312,0.08929928801165912,0.3746326907477551,0.41026118113704474,,,EXPLORATORY,False,0.07940383849332548,0.2404571114511483,0.0024594951766878184
D_obs,A,Eng,DEV,O2r_resid,692,0.2382274249139629,0.17084384199197447,0.30468179623077585,0.41337170128205847,,,EXPLORATORY,False,0.03729052226074676,0.24289404330542969,7.339041298067625e-11
D_obs,A,BGM,DEV,O2r_resid,239,0.245925889019704,0.12467324167898805,0.3666475187411914,0.2708376689726375,,,EXPLORATORY,False,0.06669784061834909,0.2510717824292343,0.00016700524720121432
D_obs,A,Med,DEV,O2r_resid,1197,0.2149056626524429,0.15739657381154573,0.2690244537546775,0.2991780894916056,,,EXPLORATORY,False,0.03020785712324487,0.21830891166286676,4.941739006935034e-13
D_obs,A,PHYS,HELDOUT,O2r_resid,301,0.16215705151277898,0.06161743597087828,0.2513830435383095,0.25938651249729505,,,EXPLORATORY,False,0.052766806633316184,0.16360120693725333,0.0019322236641388356
D_obs,A,LIFEENV,HELDOUT,O2r_resid,477,0.06578074006156458,-0.03237394768334363,0.1645919725907004,0.16984473654925966,,,EXPLORATORY,False,0.04899543968168311,0.06587586723230773,0.17877687265422626
D_obs,A,SOC,HELDOUT,O2r_resid,567,0.17584235718765542,0.0977832029767898,0.26625340864328595,0.3184711986107843,,,EXPLORATORY,False,0.04352142886185434,0.17768912187932692,4.4497053994385526e-05
D_obs,A,MATHDEC,HELDOUT,O2r_resid,60,0.3444534125276731,-0.019865749050625936,0.5895111652347569,0.5897660437355253,,,EXPLORATORY,False,0.18111408057258518,0.3591367261822178,0.047375136598936385
D_obs,A,COH_DEVHOME,COHORT,O2r_resid,1000,0.17568512224162772,0.10416384235970319,0.2413480079174794,0.3089200737095037,,,EXPLORATORY,False,0.036921829030339595,0.17752687464665384,1.5230905318512517e-06
D_obs,A,COH_OTHER,COHORT,O2r_resid,625,0.11952206657893275,0.0395738430119726,0.2038617298279845,0.33416881743638416,,,EXPLORATORY,False,0.040553570761127776,0.12009614037149181,0.0030622440684076545
NOV,A,CS,DEV,O2r_resid,213,0.24736857247410685,0.09706629337011141,0.37913077954981766,0.46761928985697093,,,FROZEN,False,0.07882024100183836,0.2526079167286767,0.0013512771797724444
NOV,A,Eng,DEV,O2r_resid,902,0.14842487991784153,0.07587367068621101,0.21507143078566082,0.2650684502325231,,,FROZEN,False,0.035573601767237714,0.14952944788547884,2.629559165505012e-05
NOV,A,BGM,DEV,O2r_resid,282,0.23447113681780027,0.12484003258350616,0.3431932026938491,0.266350383565593,,,FROZEN,False,0.06088369531559154,0.2389155043276688,8.7043909112253e-05
NOV,A,Med,DEV,O2r_resid,1626,0.11986500935548192,0.06951524018443805,0.16497737285141176,0.2388888153908741,,,FROZEN,False,0.02533448129805069,0.12044406774818306,1.9927745934564515e-06
NOV,A,PHYS,HELDOUT,O2r_resid,391,0.17520946512980062,0.07565258284652322,0.2633803824732509,0.25348445849966755,,,FROZEN,False,0.05101827357413769,0.17703611095781505,0.0005203557627744188
NOV,A,LIFEENV,HELDOUT,O2r_resid,604,0.028559125199570136,-0.05985900001281312,0.10817375899771611,0.07618883949868348,,,FROZEN,False,0.04328154852214946,0.028566893500672864,0.509237942892881
NOV,A,SOC,HELDOUT,O2r_resid,668,0.13051089016572673,0.05144416245231785,0.21085064993970226,0.24558977613252644,,,FROZEN,False,0.041129819015044325,0.13125955781902296,0.0014161069445194662
NOV,A,MATHDEC,HELDOUT,O2r_resid,85,0.44516484194963113,0.22070206489048674,0.6018939823334256,0.7167754067395992,,,FROZEN,False,0.12980946543528551,0.47865380720318185,0.00022659558718552292
NOV,A,COH_DEVHOME,COHORT,O2r_resid,1296,0.11035286990346488,0.049629612579085235,0.16460038951580463,0.26408166649845555,,,FROZEN,False,0.03002850496126418,0.11080412176607585,0.0002242852173783075
NOV,A,COH_OTHER,COHORT,O2r_resid,782,0.042171057641509656,-0.03569824020027423,0.11582827367793311,0.2184512482874903,,,FROZEN,False,0.03862295030638742,0.04219608332661863,0.27460758839144817
NOV_res,A,CS,DEV,O2r_resid,213,0.23959136863392907,0.09924994325735757,0.37088353215794867,0.4548637790438162,,,EXPLORATORY,False,0.0753016473200475,0.24434055061395493,0.0011752346542596528
NOV_res,A,Eng,DEV,O2r_resid,902,0.14444915405672157,0.06807371216549413,0.2068744091731154,0.252012494312684,,,EXPLORATORY,False,0.034844695071336,0.14546659315972593,2.9836226527206935e-05
NOV_res,A,BGM,DEV,O2r_resid,282,0.23179070665843005,0.12269437211669677,0.3320367245727467,0.25108352166815917,,,EXPLORATORY,False,0.05921239736853067,0.23608101765480005,6.690836308047141e-05
NOV_res,A,Med,DEV,O2r_resid,1626,0.10216153308835306,0.05291783682387535,0.1482837341537597,0.20515475657099774,,,EXPLORATORY,False,0.025809348305826506,0.10251919477185165,7.121998483987272e-05
NOV_res,A,PHYS,HELDOUT,O2r_resid,391,0.17096108651593941,0.07098985288635043,0.27130313216804264,0.2715759213384351,,,EXPLORATORY,False,0.053326956441244834,0.17265651887805428,0.00120498776999409
NOV_res,A,LIFEENV,HELDOUT,O2r_resid,604,0.02225663069339444,-0.050730559643236535,0.09533522092623549,0.07122003238718606,,,EXPLORATORY,False,0.03950817679620966,0.022260306783171393,0.5731384135636215
NOV_res,A,SOC,HELDOUT,O2r_resid,668,0.12264885036846249,0.045398559796692925,0.19977500743890175,0.23851372397747977,,,EXPLORATORY,False,0.04074048440278307,0.12326945302110288,0.002480387716032784
NOV_res,A,MATHDEC,HELDOUT,O2r_resid,85,0.43776842104946556,0.16196661306100746,0.6391827131329197,0.7190932186828219,,,EXPLORATORY,False,0.15187248158482797,0.4694668278588504,0.001993554438107831
NOV_res,A,COH_DEVHOME,COHORT,O2r_resid,1296,0.09592209776927299,0.03144779537718782,0.1520669528099601,0.21533798237698257,,,EXPLORATORY,False,0.02981935385244599,0.09621792729538484,0.0012522934864079294
NOV_res,A,COH_OTHER,COHORT,O2r_resid,782,0.03876830125299527,-0.03266542086710883,0.10796277245792045,0.21747547349258453,,,EXPLORATORY,False,0.03656884380330817,0.03878774146271817,0.28883659258223127
F_res,A,CS,DEV,O2r_resid,214,-0.05414930194407163,-0.19317062063380971,0.08558922837501093,-0.09486121965562726,,,EXPLORATORY,False,0.07272942896322111,-0.05420231981838843,0.4561146770465473
F_res,A,Eng,DEV,O2r_resid,925,0.0005165614580070022,-0.06658132211124264,0.06519953703306763,-0.031845890618631606,,,EXPLORATORY,False,0.0349310928709933,0.0005165615039526958,0.9882013016705122
F_res,A,BGM,DEV,O2r_resid,289,0.11523675023603179,0.004731557394852997,0.2379479664133258,0.10572077715467526,,,EXPLORATORY,False,0.06401865565086486,0.11575094928831842,0.07059381131457573
F_res,A,Med,DEV,O2r_resid,1715,-0.0174206178262946,-0.064549432142903,0.0259500009511439,0.005293149602382671,,,EXPLORATORY,False,0.02210098932958892,-0.01742238040490061,0.43051673582626104
F_res,A,PHYS,HELDOUT,O2r_resid,408,-0.009814810688659581,-0.11010171776178027,0.08558058357386106,-0.0003436552560017428,,,EXPLORATORY,False,0.04895558200921257,-0.009815125862112256,0.8410970390281798
F_res,A,LIFEENV,HELDOUT,O2r_resid,622,0.04903003210419484,-0.03322956870330895,0.13463040644401716,0.07294054518664077,,,EXPLORATORY,False,0.04190164398709947,0.04906937735469282,0.24157429470546465
F_res,A,SOC,HELDOUT,O2r_resid,685,-0.04371100444064977,-0.12008466374093633,0.03327833905959438,-0.05914566804217584,,,EXPLORATORY,False,0.0390311104675286,-0.043738875236496305,0.2624514785636983
F_res,A,MATHDEC,HELDOUT,O2r_resid,99,-0.07465559627493974,-0.26368644051784607,0.1482209711436226,-0.20926406926406926,,,EXPLORATORY,False,0.10897914984762705,-0.07479475855275665,0.49251024964297196
F_res,A,COH_DEVHOME,COHORT,O2r_resid,1343,0.02188345544159142,-0.033290626368443814,0.0688206583498797,-0.017376830718738336,,,EXPLORATORY,False,0.02636816448798011,0.021886949669705096,0.406509341179356
F_res,A,COH_OTHER,COHORT,O2r_resid,809,0.022075606252462864,-0.042517624876209595,0.08364702201719462,0.04882256101284642,,,EXPLORATORY,False,0.034091122300325134,0.022079193354050078,0.5172098701485266
F_z,A,CS,DEV,O2r_resid,214,-0.05109488013657675,-0.18804865568161286,0.0804961462846443,-0.12833405118117946,,,EXPLORATORY,False,0.07095178475086346,-0.05113941415868181,0.4710554049465939
F_z,A,Eng,DEV,O2r_resid,925,0.0015947154665667625,-0.06240040809628346,0.06176375876148383,-0.02751559243261129,,,EXPLORATORY,False,0.03178029765899279,0.001594716818418386,0.9599794134960309
F_z,A,BGM,DEV,O2r_resid,289,0.11031315488338593,-0.015374057872576488,0.22606367891274873,0.10297050869029153,,,EXPLORATORY,False,0.06287073169658197,0.11076391732227564,0.07810776656829028
F_z,A,Med,DEV,O2r_resid,1715,-0.011883844774596239,-0.06598572844535795,0.03389204242835687,0.008576167968097579,,,EXPLORATORY,False,0.02630412914190657,-0.011884404257034594,0.6514076270492034
F_z,A,PHYS,HELDOUT,O2r_resid,408,0.0008908960937380311,-0.09218970432399065,0.09510226267114695,0.008993166516829156,,,EXPLORATORY,False,0.04847671311654354,0.0008908963294383208,0.9853374461756896
F_z,A,LIFEENV,HELDOUT,O2r_resid,622,0.04436979762003069,-0.037887402041071015,0.11913480689028641,0.08109134319018982,,,EXPLORATORY,False,0.04068215421882078,0.04439894868997224,0.27511371821557773
F_z,A,SOC,HELDOUT,O2r_resid,685,-0.043672878333681074,-0.11605231905142784,0.031245696626159745,-0.05457990004394085,,,EXPLORATORY,False,0.03865793984244878,-0.043700676208122416,0.2582887461978315
F_z,A,MATHDEC,HELDOUT,O2r_resid,99,-0.10089314808648797,-0.3028978397945152,0.09063755923901069,-0.20796536796536794,,,EXPLORATORY,False,0.10762768671544319,-0.1012375991586105,0.3468956066001593
F_z,A,COH_DEVHOME,COHORT,O2r_resid,1343,0.021269384357060658,-0.031975040489635176,0.07318483999499772,-0.028909194447758343,,,EXPLORATORY,False,0.02665552920363811,0.021272592556858115,0.42483826468663555
F_z,A,COH_OTHER,COHORT,O2r_resid,809,0.006572957933604974,-0.06442383146221639,0.07637943585258092,0.04288876608280568,,,EXPLORATORY,False,0.03586771555820449,0.006573052594926222,0.854595439160649
deg_W1,A,CS,DEV,O2r_resid,216,0.05733203591874997,-0.08053513839561671,0.19272226343650484,0.16589943280408942,,,EXPLORATORY,False,0.071003675536433,0.05739497617584057,0.41889597522075017
deg_W1,A,Eng,DEV,O2r_resid,941,0.13615494666084116,0.0729058557592908,0.19944139520277357,0.21499015735744445,,,EXPLORATORY,False,0.03482946353386956,0.13700578519002532,8.367692582879776e-05
deg_W1,A,BGM,DEV,O2r_resid,290,-0.0867707401208067,-0.21306320949374913,0.03354586369126724,-0.010559761412430256,,,EXPLORATORY,False,0.0635201421874631,-0.08698949952002819,0.17084960104336766
deg_W1,A,Med,DEV,O2r_resid,1741,0.04062964995217721,-0.002147728302460047,0.08681497959768662,0.18159232679821138,,,EXPLORATORY,False,0.023906492115768646,0.04065202883660579,0.08904447150869277
deg_W1,A,PHYS,HELDOUT,O2r_resid,413,0.1563818151756959,0.05318991971296007,0.258687265378765,0.3060250149086525,,,EXPLORATORY,False,0.05319907670085641,0.15767564002705803,0.003037874577134281
deg_W1,A,LIFEENV,HELDOUT,O2r_resid,630,0.04381549412656326,-0.03024838663971097,0.12600071666729704,0.15391181824229372,,,EXPLORATORY,False,0.04002214017684697,0.043843565427461435,0.2733051850809709
deg_W1,A,SOC,HELDOUT,O2r_resid,689,0.060181326691892356,-0.015476114039314922,0.13893105440572798,0.09230288434727711,,,EXPLORATORY,False,0.03813992650194519,0.06025413973657305,0.11414856825163765
deg_W1,A,MATHDEC,HELDOUT,O2r_resid,101,-0.013188042057917604,-0.2213213341272624,0.1935300462078493,0.2899812115729553,,,EXPLORATORY,False,0.10882810272639018,-0.013188806712049523,0.9035410617334932
deg_W1,A,COH_DEVHOME,COHORT,O2r_resid,1368,0.05353464005771091,0.0012291547032410757,0.10948578297654858,0.189258001361404,,,EXPLORATORY,False,0.027726773315413025,0.05358587085283121,0.053280562715372896
deg_W1,A,COH_OTHER,COHORT,O2r_resid,814,0.0019186310136394703,-0.06884454486555426,0.07505172281118148,0.13516353010052215,,,EXPLORATORY,False,0.03649025047232018,0.001918633367897636,0.9580670767055863
deg_W3,A,CS,DEV,O2r_resid,216,-0.0064733556392864156,-0.13615979698470898,0.12562483199681715,0.03839144085515165,,,EXPLORATORY,False,0.06531159324453018,-0.006473446062110506,0.9210458987693781
deg_W3,A,Eng,DEV,O2r_resid,941,0.10769222086305567,0.03388912374408384,0.16723668353571128,0.18513659047387557,,,EXPLORATORY,False,0.03513008431477031,0.10811146638673697,0.002087721157259833
deg_W3,A,BGM,DEV,O2r_resid,290,-0.06755609377145698,-0.18022683577983015,0.04776976067637468,0.017019796283885044,,,EXPLORATORY,False,0.057428520059457346,-0.0676591475253101,0.2387386398034378
deg_W3,A,Med,DEV,O2r_resid,1741,0.048240532113057566,-0.0006158895799043809,0.09509344751402468,0.17125034260118355,,,EXPLORATORY,False,0.024272010609198067,0.04827800541826826,0.04669676333593053
deg_W3,A,PHYS,HELDOUT,O2r_resid,413,0.11001665053830383,0.01746837534553899,0.20493718571012084,0.2578871343587735,,,EXPLORATORY,False,0.04926530606549331,0.11046377029882823,0.024947005413805925
deg_W3,A,LIFEENV,HELDOUT,O2r_resid,630,0.08491406515177524,-0.00603370851664292,0.16397134574296446,0.17129749885955686,,,EXPLORATORY,False,0.043474150920833794,0.08511904074017379,0.05023904659511038
deg_W3,A,SOC,HELDOUT,O2r_resid,689,0.04376005567106055,-0.030394542438628342,0.12036212500232261,0.10860571924862723,,,EXPLORATORY,False,0.03911568957517153,0.0437880204717554,0.2629486270094161
deg_W3,A,MATHDEC,HELDOUT,O2r_resid,101,0.05491931032868636,-0.140359918876197,0.25978008459465946,0.29284046574010464,,,EXPLORATORY,False,0.10688361558088467,0.05497462507013475,0.6070136055270725
deg_W3,A,COH_DEVHOME,COHORT,O2r_resid,1368,0.05261758225308037,0.007216348878776794,0.09988766210360837,0.1721955067890381,,,EXPLORATORY,False,0.024186900196710912,0.0526662222652861,0.029445601951257908
deg_W3,A,COH_OTHER,COHORT,O2r_resid,814,0.03427472236191629,-0.03091592035878322,0.09553740201065973,0.15835486877719984,,,EXPLORATORY,False,0.034247602908893386,0.034288153315404565,0.3167378428281352
deg_growth,A,CS,DEV,O2r_resid,216,-0.04946096938527234,-0.17870024094343176,0.0939404410575564,-0.09352839759254668,,,EXPLORATORY,False,0.07282851251662005,-0.049501362257464404,0.4966959813025874
deg_growth,A,Eng,DEV,O2r_resid,941,-0.04294984302561359,-0.10103181326739406,0.02125990929747062,0.004969609501800746,,,EXPLORATORY,False,0.032959167228388035,-0.04297628199601734,0.1922591567552595
deg_growth,A,BGM,DEV,O2r_resid,290,-0.02087035537735147,-0.1328902432003288,0.08929951366026785,0.004407845175604389,,,EXPLORATORY,False,0.0573037476404766,-0.020873386348471478,0.7156648666669341
deg_growth,A,Med,DEV,O2r_resid,1741,-0.0086039015343465,-0.05432117488835793,0.04033080789405956,0.02821262697924093,,,EXPLORATORY,False,0.024102972666569786,-0.008604113851131976,0.7211119134574204
deg_growth,A,PHYS,HELDOUT,O2r_resid,413,-0.06517767938199709,-0.17032522808842113,0.02671819296378526,0.009290752306651434,,,EXPLORATORY,False,0.048731346421977656,-0.06527020976136617,0.18044419934520672
deg_growth,A,LIFEENV,HELDOUT,O2r_resid,630,0.03202146016579432,-0.048225253368788135,0.11819827369855973,0.046519843808959044,,,EXPLORATORY,False,0.041457364919990206,0.03203241156076607,0.439724139564177
deg_growth,A,SOC,HELDOUT,O2r_resid,689,0.007095947123171376,-0.06872131860257573,0.08723043986944226,0.04561664785842108,,,EXPLORATORY,False,0.039601336257029815,0.007096066226247424,0.857790443029158
deg_growth,A,MATHDEC,HELDOUT,O2r_resid,101,0.04414282040735625,-0.15835338575286978,0.2565788083652007,0.06809135888344416,,,EXPLORATORY,False,0.10933068882539615,0.044171526041564296,0.6861997531584942
deg_growth,A,COH_DEVHOME,COHORT,O2r_resid,1368,0.016902320692383482,-0.024898219175655874,0.06406202609029474,0.04488078412432052,,,EXPLORATORY,False,0.023139824500665738,0.016903930567583447,0.46507698773453354
deg_growth,A,COH_OTHER,COHORT,O2r_resid,814,0.03530220325161902,-0.03138262520135093,0.09853715472750284,0.04839324181220603,,,EXPLORATORY,False,0.03341542196363967,0.03531687929844573,0.2905555917319461
str_growth,A,CS,DEV,O2r_resid,216,-0.07743227082934408,-0.20947212469733803,0.06673384808000801,-0.10942917557639167,,,EXPLORATORY,False,0.07140427294807043,-0.07758758496423987,0.2772154704111056
str_growth,A,Eng,DEV,O2r_resid,941,-0.04240195713692293,-0.10884584383018482,0.022100337987118412,0.0004930195859333959,,,EXPLORATORY,False,0.03326213141953116,-0.042427396445321126,0.2021158644973956
str_growth,A,BGM,DEV,O2r_resid,290,0.0031479048629698574,-0.09908124574782591,0.11028280855669753,0.013155677360549204,,,EXPLORATORY,False,0.052996714800959674,0.0031479152608815063,0.9526348596180036
str_growth,A,Med,DEV,O2r_resid,1741,-0.011639005633311217,-0.058256007347159695,0.03370114451555118,0.020098905201583674,,,EXPLORATORY,False,0.02463407274527247,-0.011639531240966365,0.6365719153881638
str_growth,A,PHYS,HELDOUT,O2r_resid,413,-0.07575045897329387,-0.16055294920598667,0.017868881902919975,-0.0032096720115348575,,,EXPLORATORY,False,0.04842930882878088,-0.0758958485731104,0.11708032323878462
str_growth,A,LIFEENV,HELDOUT,O2r_resid,630,0.04823680347421696,-0.04231359277004024,0.12815507974372106,0.04549100342046966,,,EXPLORATORY,False,0.04251210795457097,0.04827426808276353,0.25614845232851235
str_growth,A,SOC,HELDOUT,O2r_resid,689,0.003687591037508068,-0.07287992768591421,0.0745976793487888,0.03358380930408311,,,EXPLORATORY,False,0.03824259352289653,0.0036876077526681816,0.9231816736888788
str_growth,A,MATHDEC,HELDOUT,O2r_resid,101,0.05257473809421361,-0.16528302170947975,0.27096179129892217,0.05909143855562027,,,EXPLORATORY,False,0.11374470723043623,0.0526232592554298,0.6436198611923228
str_growth,A,COH_DEVHOME,COHORT,O2r_resid,1368,0.017091548509924993,-0.03511117046217684,0.073426559261178,0.04139980576254501,,,EXPLORATORY,False,0.027063349635941897,0.01709321306860729,0.5276482518317667
str_growth,A,COH_OTHER,COHORT,O2r_resid,814,0.03115786311320445,-0.03786351217509025,0.0919879305718382,0.05204944007703019,,,EXPLORATORY,False,0.03419191263768525,0.03116795180403279,0.3620008195973109
new_edge_rate,A,CS,DEV,O2r_resid,216,0.10862966307249391,-0.034344614648747884,0.2658036825537685,0.10082031676506517,,,EXPLORATORY,False,0.07326979717584196,0.10906000542737192,0.1366265908982883
new_edge_rate,A,Eng,DEV,O2r_resid,941,0.08527128047847973,0.021999377998353782,0.15097832874741438,0.22332052417821738,,,EXPLORATORY,False,0.03382286974933199,0.0854788614472667,0.011495950323759982
new_edge_rate,A,BGM,DEV,O2r_resid,290,0.07965002945249525,-0.027494800731387582,0.20097061434207977,0.11190317064337237,,,EXPLORATORY,False,0.059367863867285466,0.07981911016159329,0.17879210612519736
new_edge_rate,A,Med,DEV,O2r_resid,1741,0.11444954706784782,0.07103281625802306,0.15906719783651202,0.19822769760499112,,,EXPLORATORY,False,0.024731925531704252,0.11495322493103853,3.3521916126643177e-06
new_edge_rate,A,PHYS,HELDOUT,O2r_resid,413,0.14278011449181055,0.050001035439117957,0.2311888038168274,0.1846624448665967,,,EXPLORATORY,False,0.049482634550089666,0.1437624039860848,0.0036688926357675198
new_edge_rate,A,LIFEENV,HELDOUT,O2r_resid,630,0.07923289525829706,-0.005265781239847769,0.153824841506919,0.1509211501037706,,,EXPLORATORY,False,0.04266232505992148,0.07939932673061369,0.0627284889848871
new_edge_rate,A,SOC,HELDOUT,O2r_resid,689,0.11458982832893741,0.046816055530739295,0.17933028658077765,0.19028705940233187,,,EXPLORATORY,False,0.03530434954851025,0.11509537039586941,0.0011137671590585488
new_edge_rate,A,MATHDEC,HELDOUT,O2r_resid,101,0.13223955209037316,-0.09577758460133179,0.37001938435445686,0.43224127712435406,,,EXPLORATORY,False,0.12589666212101414,0.13301857996501554,0.29070808240824086
new_edge_rate,A,COH_DEVHOME,COHORT,O2r_resid,1368,0.08661822435260061,0.025563985202838455,0.14454721860220518,0.18440183512176211,,,EXPLORATORY,False,0.030857692561382002,0.08683582877243376,0.00489179738317116
new_edge_rate,A,COH_OTHER,COHORT,O2r_resid,814,0.08528434478488169,0.016595854751416596,0.15967353405357324,0.20362599831551276,,,EXPLORATORY,False,0.03644224345621537,0.08549202145727976,0.01897817759530016
edge_persistence,A,CS,DEV,O2r_resid,216,-0.15226533968256034,-0.2923347036423243,-0.01989891829658496,-0.2447398600497956,,,EXPLORATORY,False,0.07592241631732397,-0.15345872903017846,0.04325314940823631
edge_persistence,A,Eng,DEV,O2r_resid,941,-0.06168746598065425,-0.12637726443345637,0.007135511813730744,-0.22242326914872773,,,EXPLORATORY,False,0.03639265934664339,-0.06176589245420745,0.08965744772721725
edge_persistence,A,BGM,DEV,O2r_resid,290,-0.012241559837769228,-0.13083614421147363,0.102015225475574,-0.054157604258477834,,,EXPLORATORY,False,0.05707437812821158,-0.012242171382285193,0.8301610295137503
edge_persistence,A,Med,DEV,O2r_resid,1741,-0.07566931326062637,-0.11773088451565229,-0.025875192594955347,-0.142479848237017,,,EXPLORATORY,False,0.024342521259216578,-0.07581423505277124,0.0018427100258492544
edge_persistence,A,PHYS,HELDOUT,O2r_resid,413,-0.09334230666434662,-0.19306161126669064,0.00840354792547764,-0.09778580664133271,,,EXPLORATORY,False,0.05131238920710939,-0.09361482323732931,0.0680901488725881
edge_persistence,A,LIFEENV,HELDOUT,O2r_resid,628,-0.06143277974199603,-0.14288215894543746,0.022784155836035318,-0.1372622843013983,,,EXPLORATORY,False,0.04257586823451448,-0.06151023737118643,0.14853635832686563
edge_persistence,A,SOC,HELDOUT,O2r_resid,689,-0.09590350525351778,-0.16406001576036097,-0.025774036181121843,-0.12736106168548936,,,EXPLORATORY,False,0.036740817364973324,-0.09619916215411248,0.008836428298542148
edge_persistence,A,MATHDEC,HELDOUT,O2r_resid,100,0.005335114602831824,-0.25614741003188257,0.24738602375217514,-0.2242745014775506,,,EXPLORATORY,False,0.13194442132595663,0.005335165222281689,0.9677463721299258
edge_persistence,A,COH_DEVHOME,COHORT,O2r_resid,1368,-0.020995476479270216,-0.07077819137805222,0.0323356630525304,-0.12188339946403359,,,EXPLORATORY,False,0.026771089656753573,-0.02099856230102509,0.432820347525277
edge_persistence,A,COH_OTHER,COHORT,O2r_resid,814,-0.1371013264256848,-0.20437855693712037,-0.07303581499291373,-0.22245096641594939,,,EXPLORATORY,False,0.03424172270927062,-0.13797016739379422,5.594322920889472e-05
turnover,A,CS,DEV,O2r_resid,216,0.1463256235067785,0.011838362060654107,0.2751885148641117,0.21979413433902997,,,EXPLORATORY,False,0.06852003218810779,0.14738358359236803,0.031479662133733974
turnover,A,Eng,DEV,O2r_resid,937,0.08357160269638926,0.015062226940653399,0.1458378430391839,0.1712584079821535,,,EXPLORATORY,False,0.03249257220238907,0.08376698271608522,0.009936398316175479
turnover,A,BGM,DEV,O2r_resid,290,0.09585375309187791,-0.04377477489763421,0.21133814923425923,0.13166060588187783,,,EXPLORATORY,False,0.06412624445334353,0.09614894839183026,0.1337777476583701
turnover,A,Med,DEV,O2r_resid,1734,0.09226577967501891,0.04161852456504924,0.1388271858926054,0.10070635472518141,,,EXPLORATORY,False,0.02520777683408533,0.09252894390554811,0.00024193376873874766
turnover,A,PHYS,HELDOUT,O2r_resid,411,0.16871950067592656,0.07568267220845926,0.2647933897544053,0.1569613442303359,,,EXPLORATORY,False,0.05051411263312064,0.1703483511854499,0.0007454529823050145
turnover,A,LIFEENV,HELDOUT,O2r_resid,626,0.02427409709971412,-0.04901714224857299,0.10356830308847875,0.05574355163786374,,,EXPLORATORY,False,0.03987341037370274,0.02427886647588349,0.5425916070094554
turnover,A,SOC,HELDOUT,O2r_resid,689,0.07130003419754305,-0.0025759237871437043,0.14380265204147372,0.10831508600218302,,,EXPLORATORY,False,0.038669926113405154,0.07142122661555605,0.06475511217434582
turnover,A,MATHDEC,HELDOUT,O2r_resid,100,0.12310483462159581,-0.07073153939302966,0.3178084384485525,0.26213380685520776,,,EXPLORATORY,False,0.10243431464038759,0.12373242760563823,0.22707814744261445
turnover,A,COH_DEVHOME,COHORT,O2r_resid,1359,0.010134135099457297,-0.04458770125885122,0.05820126827354665,0.05495309124815221,,,EXPLORATORY,False,0.02645012487539351,0.010134482048406678,0.7016052772215577
turnover,A,COH_OTHER,COHORT,O2r_resid,813,0.04422246387889794,-0.021796453741533453,0.1101967261615696,0.10603891322388104,,,EXPLORATORY,False,0.03485599311836752,0.044251325289729,0.20424599985016856
participation,A,CS,DEV,O2r_resid,214,0.10711838410902383,-0.020452873894598773,0.24938165815800004,0.3608230689711506,,,EXPLORATORY,False,0.07294593401856446,0.10753093263733074,0.1404497554490336
participation,A,Eng,DEV,O2r_resid,929,0.21136190835962587,0.1429176205146315,0.2756936452107917,0.35105267229767634,,,EXPLORATORY,False,0.035836951767879106,0.21459651329824792,2.12260555946286e-09
participation,A,BGM,DEV,O2r_resid,289,0.22191431749739968,0.10306210508979603,0.3331244609463803,0.22687583140415885,,,EXPLORATORY,False,0.06112789000173297,0.22566868539663346,0.00022271923158496135
participation,A,Med,DEV,O2r_resid,1719,0.1646936215889877,0.11710719392297639,0.2111342877086486,0.27314994367930717,,,EXPLORATORY,False,0.02542476731015505,0.1662073839238328,6.267140054524306e-11
participation,A,PHYS,HELDOUT,O2r_resid,410,0.06816699999892502,-0.026012827486922987,0.17753202962109915,0.2974497506305202,,,EXPLORATORY,False,0.05291959000649895,0.06827288012718075,0.19700729993688793
participation,A,LIFEENV,HELDOUT,O2r_resid,624,0.019768822507030652,-0.06072048224290602,0.10005056996207705,0.1399045655764259,,,EXPLORATORY,False,0.03929886065254809,0.019771398371468,0.6148914339766884
participation,A,SOC,HELDOUT,O2r_resid,685,0.19425638680618526,0.12808915655906306,0.2653682111838596,0.3182179170178913,,,EXPLORATORY,False,0.037435330468236716,0.19675670304577197,1.4729484172590382e-07
participation,A,MATHDEC,HELDOUT,O2r_resid,99,0.386571981704101,0.1928391437750512,0.542345581771248,0.6826646366591683,,,EXPLORATORY,False,0.10645020466867257,0.4077634260773233,0.000127854245670363
participation,A,COH_DEVHOME,COHORT,O2r_resid,1351,0.1842924071005034,0.13273122833661805,0.23318870094382618,0.3232514813644824,,,EXPLORATORY,False,0.02737632799285655,0.1864224008500909,9.785662462702894e-12
participation,A,COH_OTHER,COHORT,O2r_resid,810,0.08867973644804224,0.021248305992758593,0.16423895271217212,0.26044138005122397,,,EXPLORATORY,False,0.03709685497870189,0.08891330148595017,0.016539484354402483
n_comm_W3,A,CS,DEV,O2r_resid,216,0.1725821737788538,0.042264561620756126,0.30555255732690306,0.35999260503483205,,,FROZEN,False,0.0680121368422667,0.17432689172548438,0.010372026955763678
n_comm_W3,A,Eng,DEV,O2r_resid,941,0.21703627056048735,0.14670964884828,0.2834905362165456,0.3286789079044281,,,FROZEN,False,0.03676849424396868,0.22054376171737144,1.9955079426937155e-09
n_comm_W3,A,BGM,DEV,O2r_resid,290,0.22606054841314133,0.12029101000238518,0.33530272052266363,0.22522022068909223,,,FROZEN,False,0.05899952869379888,0.2300339298155003,9.662615525682269e-05
n_comm_W3,A,Med,DEV,O2r_resid,1741,0.17668706882600613,0.12742138337334155,0.22243145187348115,0.2956612456320826,,,FROZEN,False,0.025173180512638716,0.17856091967912943,1.3095121665745354e-12
n_comm_W3,A,PHYS,HELDOUT,O2r_resid,413,0.12187665678718511,0.008596474105448147,0.22721782207403807,0.33257586520897464,,,FROZEN,False,0.05258399821554292,0.12248554134495387,0.01984153310000319
n_comm_W3,A,LIFEENV,HELDOUT,O2r_resid,630,0.04942714196773348,-0.030792509772335996,0.12215707559528122,0.17768956224884438,,,FROZEN,False,0.03877278576943831,0.049467451938869894,0.2020159058553047
n_comm_W3,A,SOC,HELDOUT,O2r_resid,689,0.18774401620659775,0.12037742084287738,0.2554702320737361,0.30599322595483414,,,FROZEN,False,0.036038175828994566,0.18999773033670597,1.348539399068544e-07
n_comm_W3,A,MATHDEC,HELDOUT,O2r_resid,101,0.36229090559446075,0.2043620585451904,0.4994758490645213,0.6615489788337019,,,FROZEN,False,0.08859703105033499,0.3795204182485761,1.8383575604991697e-05
n_comm_W3,A,COH_DEVHOME,COHORT,O2r_resid,1368,0.21866894289204183,0.16870467806946662,0.26752620697287166,0.3517595940257878,,,FROZEN,False,0.0274198217460042,0.2222577814685924,5.242803339519169e-16
n_comm_W3,A,COH_OTHER,COHORT,O2r_resid,814,0.09192603305126361,0.02172809077656297,0.16021526967996183,0.28894392710829,,,FROZEN,False,0.036551069116607965,0.09218629101444499,0.011664892215779026
comm_entropy,A,CS,DEV,O2r_resid,214,0.12072997964441838,-0.013072630105281372,0.26095373126236565,0.366643217463146,,,EXPLORATORY,False,0.07132590875714814,0.12132173930778008,0.08895254816053928
comm_entropy,A,Eng,DEV,O2r_resid,929,0.22122226634050934,0.15704333552392252,0.2825641771033667,0.3598047909936729,,,EXPLORATORY,False,0.034235363190455254,0.22494090567279512,5.017165876461622e-11
comm_entropy,A,BGM,DEV,O2r_resid,289,0.23374666264671923,0.12163779916759988,0.34520642738397583,0.24041244204682322,,,EXPLORATORY,False,0.06143380027593596,0.23814902150913136,0.00010596346993108325
comm_entropy,A,Med,DEV,O2r_resid,1719,0.17783422546950725,0.12297037082285929,0.22658777928687637,0.2910714277595911,,,EXPLORATORY,False,0.0271270099652013,0.17974529099979963,3.447568770672233e-11
comm_entropy,A,PHYS,HELDOUT,O2r_resid,410,0.0906052487857253,-0.003868939343850095,0.19645600142774328,0.3177959617268308,,,EXPLORATORY,False,0.053013845000945956,0.0908544127792864,0.08656794052502449
comm_entropy,A,LIFEENV,HELDOUT,O2r_resid,624,0.026413727336669246,-0.05550583858589855,0.10372963230920021,0.1550282103608661,,,EXPLORATORY,False,0.0392607860970341,0.026419872729783807,0.5009900113560829
comm_entropy,A,SOC,HELDOUT,O2r_resid,685,0.20054469881212852,0.12557356170116596,0.27629452975695573,0.3283285573643512,,,EXPLORATORY,False,0.04030332401259225,0.20330001310559143,4.5530540591864453e-07
comm_entropy,A,MATHDEC,HELDOUT,O2r_resid,99,0.3814987581600242,0.212903042377799,0.5257577592561109,0.6800594928105059,,,EXPLORATORY,False,0.0967411439447294,0.4018125229001139,3.274551234607673e-05
comm_entropy,A,COH_DEVHOME,COHORT,O2r_resid,1351,0.20219234810225625,0.14538256201879976,0.25224229735220194,0.3422126736586556,,,EXPLORATORY,False,0.02897844843967502,0.205017297499468,1.4964320946059656e-12
comm_entropy,A,COH_OTHER,COHORT,O2r_resid,810,0.10159187823195323,0.03753803706547173,0.1740370235374857,0.28367357793413217,,,EXPLORATORY,False,0.03551486990137001,0.10194356552201982,0.004098914023432615
comm_transitions,A,CS,DEV,O2r_resid,216,0.015680045566512722,-0.10325438193264451,0.15612242732732967,0.15779838166108864,,,EXPLORATORY,False,0.06729127199389776,0.015681330808128495,0.8157329671902709
comm_transitions,A,Eng,DEV,O2r_resid,941,0.05906587349398996,-0.001266244098636444,0.12171826869887672,0.21492494892063335,,,EXPLORATORY,False,0.03289344611670597,0.059134706866545914,0.07221415615565219
comm_transitions,A,BGM,DEV,O2r_resid,290,0.13406911350823003,-0.0037681992032600154,0.262831087600119,0.1477264179000652,,,EXPLORATORY,False,0.0689903333561344,0.1348811657277047,0.050574407165375465
comm_transitions,A,Med,DEV,O2r_resid,1741,0.10923668524111362,0.06103075100844777,0.1579992182239506,0.15178881239429953,,,EXPLORATORY,False,0.02523024005746756,0.10967431730864952,1.3805052181041046e-05
comm_transitions,A,PHYS,HELDOUT,O2r_resid,413,0.16607229689128758,0.06691463647892469,0.25415059315030025,0.10963470421603927,,,EXPLORATORY,False,0.05075528875683499,0.16762482875098844,0.000957901520691879
comm_transitions,A,LIFEENV,HELDOUT,O2r_resid,630,0.10330061525101368,0.03089394465515008,0.17561164446546962,0.13244850292522994,,,EXPLORATORY,False,0.039281345677645546,0.10367042679127175,0.008310755983613772
comm_transitions,A,SOC,HELDOUT,O2r_resid,689,0.06475004083621547,-0.0011658092908707783,0.13676219306743403,0.16711685256554057,,,EXPLORATORY,False,0.03656875828970888,0.06484075879567847,0.07620899629133591
comm_transitions,A,MATHDEC,HELDOUT,O2r_resid,101,0.17181092039755758,-0.06442348425944902,0.37273214370644236,0.3174235969342522,,,EXPLORATORY,False,0.11540952840123932,0.17353207053970127,0.13267924862671068
comm_transitions,A,COH_DEVHOME,COHORT,O2r_resid,1368,0.09052058592971421,0.04418393556883524,0.14087927341666345,0.2180496038751049,,,EXPLORATORY,False,0.02641587565946112,0.09076904980668123,0.0005900327579660903
comm_transitions,A,COH_OTHER,COHORT,O2r_resid,814,0.02067011814820573,-0.04363985109539056,0.08488223183750385,0.17381002544358506,,,EXPLORATORY,False,0.0343571845612174,0.020673062698484724,0.5473671695513471
ego_density_W3,A,CS,DEV,O2r_resid,212,-0.04785209420152442,-0.20097835272354805,0.07975520418317561,-0.23909325119773328,,,FROZEN,False,0.07301887031288169,-0.04788866873823308,0.5119273160583592
ego_density_W3,A,Eng,DEV,O2r_resid,911,-0.1518967961821283,-0.21069276908692244,-0.08151591827661697,-0.3268144685859627,,,FROZEN,False,0.03401967148133177,-0.15308145979654988,6.801985221735222e-06
ego_density_W3,A,BGM,DEV,O2r_resid,285,-0.1970803931319455,-0.3154500239716404,-0.072721526586518,-0.19063702889420023,,,FROZEN,False,0.06413723857470206,-0.1996931362649778,0.0018486449791553046
ego_density_W3,A,Med,DEV,O2r_resid,1663,-0.1285596936426791,-0.17711009925839719,-0.08100629646258455,-0.21807749210563654,,,FROZEN,False,0.024898923657011036,-0.12927506199025404,2.0805372104651795e-07
ego_density_W3,A,PHYS,HELDOUT,O2r_resid,397,-0.07923785543313669,-0.17504865566280553,0.02816860503327117,-0.3666842618589094,,,FROZEN,False,0.0512592892851298,-0.07940431824339199,0.12136446700369279
ego_density_W3,A,LIFEENV,HELDOUT,O2r_resid,610,-0.07091770936560811,-0.148897059406201,0.0067066809492960415,-0.21427399772329922,,,FROZEN,False,0.04094941941716597,-0.07103695873922403,0.08278529750573471
ego_density_W3,A,SOC,HELDOUT,O2r_resid,668,-0.11618521052684437,-0.19670427079531336,-0.03701570701758753,-0.2616119644582558,,,FROZEN,False,0.04147757725004892,-0.11671228095457126,0.004894986100950609
ego_density_W3,A,MATHDEC,HELDOUT,O2r_resid,96,-0.22961140239545214,-0.43034618538247355,0.02680941043363413,-0.40881217882802084,,,FROZEN,False,0.12887932612072517,-0.2337792028400259,0.06968715714195348
ego_density_W3,A,COH_DEVHOME,COHORT,O2r_resid,1319,-0.09226739788086667,-0.14796195615028768,-0.02899570906849781,-0.23349350149116282,,,FROZEN,False,0.029734646386978196,-0.09253057600566558,0.0018590164500114975
ego_density_W3,A,COH_OTHER,COHORT,O2r_resid,794,-0.036993318461973776,-0.11320332196035808,0.031152266423034387,-0.24738029859230806,,,FROZEN,False,0.03617047295749765,-0.03701020751976588,0.3062057182788037
ego_density_change,A,CS,DEV,O2r_resid,207,0.11406847164050596,-0.0157108316267099,0.2370786849780102,0.010076415462157677,,,EXPLORATORY,False,0.06741778140340325,0.1145671087046367,0.08925129647471519
ego_density_change,A,Eng,DEV,O2r_resid,893,0.024461210575531224,-0.04183044258392594,0.08775719435966432,0.002546865313677965,,,EXPLORATORY,False,0.03296451670456221,0.02446609112297718,0.45796935103813197
ego_density_change,A,BGM,DEV,O2r_resid,283,-0.10766155520757682,-0.21689637062903452,0.00016251096583915284,-0.06989784108497826,,,EXPLORATORY,False,0.05656363592348095,-0.10808044101339034,0.056033366342501376
ego_density_change,A,Med,DEV,O2r_resid,1632,-0.0005319239140110778,-0.0520849648189359,0.05035723118119033,-0.0117965262528645,,,EXPLORATORY,False,0.02621093334103809,-0.0005319239641791445,0.983808863932111
ego_density_change,A,PHYS,HELDOUT,O2r_resid,384,0.09003657476611993,-0.00854796752037883,0.19742368132686983,0.06437265162052144,,,EXPLORATORY,False,0.05338162986853289,0.09028106141952447,0.09079128281219434
ego_density_change,A,LIFEENV,HELDOUT,O2r_resid,606,0.0440775682048356,-0.03314706740993631,0.12439495638724271,0.03554879601347577,,,EXPLORATORY,False,0.040996562397393,0.044106146629694365,0.2819944013432796
ego_density_change,A,SOC,HELDOUT,O2r_resid,665,-0.03370768171762121,-0.11568640319368634,0.054212768658794895,-0.022832420788535437,,,EXPLORATORY,False,0.04202744222388431,-0.03372045673817157,0.42235412581302645
ego_density_change,A,MATHDEC,HELDOUT,O2r_resid,95,0.027455103180479893,-0.17755488064096286,0.232200178973638,0.008472742448368015,,,EXPLORATORY,False,0.10730151390408024,0.027462004695943787,0.7980025270830926
ego_density_change,A,COH_DEVHOME,COHORT,O2r_resid,1290,-0.011489253801905828,-0.06953089218557434,0.042716299984365554,-0.03211489240081879,,,EXPLORATORY,False,0.029026621231531546,-0.011489759380425396,0.6922265830230017
ego_density_change,A,COH_OTHER,COHORT,O2r_resid,775,0.08024596315762055,0.005594542189182963,0.15543615753935108,0.0656137893313549,,,EXPLORATORY,False,0.03886424981828699,0.08041887740649661,0.03852497759384643
btw_end,A,CS,DEV,O2r_resid,216,0.10978538271788676,-0.011734662265299591,0.2275425945655818,0.1715939709578021,,,EXPLORATORY,False,0.0626487341097321,0.11022967501988679,0.07849471320066573
btw_end,A,Eng,DEV,O2r_resid,941,0.1602361859540959,0.09578128739335673,0.21492342484440466,0.2572074192152983,,,EXPLORATORY,False,0.03255232928298975,0.1616290967051909,6.86273587069234e-07
btw_end,A,BGM,DEV,O2r_resid,290,-0.018229859566000345,-0.12620409250699802,0.08987313980721472,0.052967999458924934,,,EXPLORATORY,False,0.05456084369833747,-0.018231879398348673,0.7382612066497738
btw_end,A,Med,DEV,O2r_resid,1741,0.09848423272302992,0.055897173099632685,0.14650971517012476,0.22984180294495368,,,EXPLORATORY,False,0.023778444961265216,0.09880450286180911,3.249846927793579e-05
btw_end,A,PHYS,HELDOUT,O2r_resid,413,0.1210345598404021,0.015468652511505027,0.22374479302392536,0.3528219649113184,,,EXPLORATORY,False,0.05421677758033417,0.12163083619166273,0.02486994177949533
btw_end,A,LIFEENV,HELDOUT,O2r_resid,630,0.11367012469239823,0.03408543486238453,0.20652057847912206,0.2229577049440127,,,EXPLORATORY,False,0.04428488368793738,0.11416352884687306,0.009939284031590088
btw_end,A,SOC,HELDOUT,O2r_resid,689,0.0801994453309458,0.012497479498738761,0.15273293151708062,0.15830064583281162,,,EXPLORATORY,False,0.037508943794401534,0.08037205826670507,0.03213367302924741
btw_end,A,MATHDEC,HELDOUT,O2r_resid,101,0.15647205317963214,-0.06867594428335706,0.36749637625344533,0.48301857461818914,,,EXPLORATORY,False,0.11402688856773685,0.15776814148491683,0.16647952158833856
btw_end,A,COH_DEVHOME,COHORT,O2r_resid,1368,0.09826044089495509,0.04539783996254772,0.1508809533215008,0.22114992881857432,,,EXPLORATORY,False,0.026668794736698805,0.09857852421099006,0.0002186786174027163
btw_end,A,COH_OTHER,COHORT,O2r_resid,814,0.06899506413218133,0.0019494627117276136,0.13795483895981753,0.21729899014788423,,,EXPLORATORY,False,0.03558843539374002,0.0691048573957837,0.05216392516137275
btw_change,A,CS,DEV,O2r_resid,216,0.011639900151892901,-0.10036590552512098,0.12922250041257433,0.028879260814763698,,,EXPLORATORY,False,0.06216579939563569,0.011640425880751041,0.8514661378446396
btw_change,A,Eng,DEV,O2r_resid,941,0.005757507562921552,-0.06348217227975572,0.06645583710000388,0.04487082566687339,,,EXPLORATORY,False,0.03217722906931033,0.005757571182521605,0.8579902361571319
btw_change,A,BGM,DEV,O2r_resid,290,0.07709455592186593,-0.03284989722594597,0.20053297862842354,0.05399424569811195,,,EXPLORATORY,False,0.062076814782313715,0.07724784191142023,0.21335562085056337
btw_change,A,Med,DEV,O2r_resid,1741,-0.0008918416416123215,-0.04616614387955935,0.04495278266365752,0.0341260051660726,,,EXPLORATORY,False,0.02370800868296397,-0.0008918418780638859,0.9699924576898191
btw_change,A,PHYS,HELDOUT,O2r_resid,413,-0.028983151706196083,-0.1293834937779449,0.06981216562535167,0.053801932019590624,,,EXPLORATORY,False,0.051420254168938063,-0.028991271304461178,0.5728832098298028
btw_change,A,LIFEENV,HELDOUT,O2r_resid,630,0.008662983467885944,-0.0708195148792963,0.09361740821130435,0.07464535925748653,,,EXPLORATORY,False,0.04102516507216962,0.00866320018876734,0.8327562155581778
btw_change,A,SOC,HELDOUT,O2r_resid,689,0.014781528246660762,-0.05910269862926409,0.09267302590029472,0.04681353635345494,,,EXPLORATORY,False,0.03915430489244357,0.014782604944143402,0.7057668662229317
btw_change,A,MATHDEC,HELDOUT,O2r_resid,101,-0.09075135524079701,-0.2519216973469212,0.1216385040122473,-0.02676761793826441,,,EXPLORATORY,False,0.0951391120087606,-0.09100173056312885,0.3388134746686057
btw_change,A,COH_DEVHOME,COHORT,O2r_resid,1368,0.0344365333848239,-0.016606728265097983,0.07998592847921311,0.05507781342095226,,,EXPLORATORY,False,0.025940642727722504,0.034450155551391456,0.18416560125899184
btw_change,A,COH_OTHER,COHORT,O2r_resid,814,0.03210437895149371,-0.03212687993594414,0.09755195043390184,0.0473697196573893,,,EXPLORATORY,False,0.033332741159683835,0.032115415677302424,0.33530690350003656
kcore_end,A,CS,DEV,O2r_resid,216,0.014204590557453904,-0.11862677556210936,0.13438448991311572,0.10049452341830509,,,EXPLORATORY,False,0.06473136112663055,0.014205546028400632,0.8262965306141375
kcore_end,A,Eng,DEV,O2r_resid,941,0.0884965398531607,0.023820466527505083,0.15442489704783322,0.16709296945320296,,,EXPLORATORY,False,0.03455510758012319,0.08872865581750884,0.0102362843202722
kcore_end,A,BGM,DEV,O2r_resid,290,-0.07721902627534337,-0.1854634663291496,0.03661191443850299,-0.02387512766618408,,,EXPLORATORY,False,0.058964899693933856,-0.07737305769596697,0.18945657302619012
kcore_end,A,Med,DEV,O2r_resid,1741,0.057437227515438706,0.010319667891342385,0.10295733293495601,0.17941664669920185,,,EXPLORATORY,False,0.02268008157537269,0.05750051531257853,0.011235524237411925
kcore_end,A,PHYS,HELDOUT,O2r_resid,413,0.06745186191166325,-0.03511888925542603,0.16360554912508873,0.2537006397225725,,,EXPLORATORY,False,0.0492629399178369,0.06755443852882331,0.17028038660729905
kcore_end,A,LIFEENV,HELDOUT,O2r_resid,630,0.07490875387811947,-0.013518993871126185,0.16023664004308336,0.15887262313525516,,,EXPLORATORY,False,0.044073388553030106,0.07504933987119872,0.08860051701747018
kcore_end,A,SOC,HELDOUT,O2r_resid,689,0.018273545843477262,-0.05598194772692897,0.09554412112117777,0.08556984524525174,,,EXPLORATORY,False,0.03815980428853329,0.018275580233658086,0.6319939246495012
kcore_end,A,MATHDEC,HELDOUT,O2r_resid,101,0.05615675238407588,-0.13427770134570408,0.2608114735975349,0.27268831487143536,,,EXPLORATORY,False,0.10755158182632428,0.05621589595230829,0.6011915537363953
kcore_end,A,COH_DEVHOME,COHORT,O2r_resid,1368,0.05263449357893192,-0.0006996388602930411,0.10644672999007418,0.16536138910410483,,,EXPLORATORY,False,0.027596097601883595,0.052683180557125044,0.05625166695653953
kcore_end,A,COH_OTHER,COHORT,O2r_resid,814,0.0292588333055035,-0.036972192286561026,0.10619561611746677,0.157800880475599,,,EXPLORATORY,False,0.038014915540949275,0.02926718689082497,0.4413669633170323
constraint_end,A,CS,DEV,O2r_resid,214,-0.07096148920358152,-0.1941159348248268,0.06432961268779686,-0.08470352128049936,,,EXPLORATORY,False,0.06649910028940928,-0.07108096001037845,0.28511424599950963
constraint_end,A,Eng,DEV,O2r_resid,929,-0.11127439099363537,-0.17782916615605576,-0.051893444034469514,-0.19440069754618708,,,EXPLORATORY,False,0.03215985016245246,-0.11173709957649977,0.000511942802838023
constraint_end,A,BGM,DEV,O2r_resid,289,0.0672863813429008,-0.04852383330178933,0.18428124608368743,-0.01805851009647123,,,EXPLORATORY,False,0.06049179122679695,0.06738820348554843,0.26527671824920895
constraint_end,A,Med,DEV,O2r_resid,1719,-0.059531181303301185,-0.10596916768910253,-0.01261294228458936,-0.18464529327922796,,,EXPLORATORY,False,0.023966886036996427,-0.05960165662701222,0.01288856805504705
constraint_end,A,PHYS,HELDOUT,O2r_resid,410,-0.11091106011159095,-0.2113157646400717,-0.020486968217146392,-0.27900044301312016,,,EXPLORATORY,False,0.049739819369104946,-0.11136922857579223,0.025153596927134494
constraint_end,A,LIFEENV,HELDOUT,O2r_resid,624,-0.0887739123498058,-0.17032602496125127,-0.003354392551366406,-0.18407427819246328,,,EXPLORATORY,False,0.04217906944443513,-0.08900822466571265,0.03483714753414265
constraint_end,A,SOC,HELDOUT,O2r_resid,685,-0.04865714819658314,-0.1181668211617948,0.02460507128967661,-0.11284474414511719,,,EXPLORATORY,False,0.03738260867090613,-0.04869560172757863,0.19270207734952172
constraint_end,A,MATHDEC,HELDOUT,O2r_resid,99,-0.04840655250486103,-0.2656959290781662,0.15739779280658367,-0.30673363191986786,,,EXPLORATORY,False,0.11655662856536281,-0.048444414402850966,0.6776808782806862
constraint_end,A,COH_DEVHOME,COHORT,O2r_resid,1351,-0.05170621576555605,-0.10329403783388927,-0.002373218269519177,-0.16200850410152617,,,EXPLORATORY,False,0.026112520232395648,-0.05175236924429898,0.04749058230309681
constraint_end,A,COH_OTHER,COHORT,O2r_resid,810,-0.04747693542434983,-0.12214253635356753,0.02525584170608175,-0.17145140613463997,,,EXPLORATORY,False,0.0373021640378349,-0.04751265569031894,0.20276130378287827
constraint_change,A,CS,DEV,O2r_resid,214,0.04352469627152515,-0.1040265161390122,0.185492786431328,0.1268079773399924,,,EXPLORATORY,False,0.07403392466428158,0.04355221193675092,0.556348585202989
constraint_change,A,Eng,DEV,O2r_resid,925,0.052345506010752545,-0.018142840638076963,0.12441547477823296,0.01150894929331057,,,EXPLORATORY,False,0.03687785122744092,0.052393394568528096,0.1553958590678138
constraint_change,A,BGM,DEV,O2r_resid,289,0.011785920191821486,-0.10370534012280079,0.12656907052931335,-0.007171243039500296,,,EXPLORATORY,False,0.05865863567270626,0.011786465956507985,0.8407508261352897
constraint_change,A,Med,DEV,O2r_resid,1715,-0.008427397683402435,-0.05559982577816442,0.03758218335949701,-0.026107989650468736,,,EXPLORATORY,False,0.024945063231552336,-0.008427597199397115,0.7354790203366111
constraint_change,A,PHYS,HELDOUT,O2r_resid,408,0.10625317887995463,0.0016725192039698626,0.1967238887541313,0.005705938251122917,,,EXPLORATORY,False,0.051064116749006,0.10665576633433989,0.036738007891508676
constraint_change,A,LIFEENV,HELDOUT,O2r_resid,622,-0.035944068559804844,-0.12025067329522057,0.04465020760310775,-0.016499401797919887,,,EXPLORATORY,False,0.043699572739766344,-0.03595956019588791,0.41057551119312785
constraint_change,A,SOC,HELDOUT,O2r_resid,685,-0.010562809389888319,-0.08803774777229592,0.05674357458081486,-0.03822898208537655,,,EXPLORATORY,False,0.03811331008371984,-0.010563202257429221,0.7816629487669713
constraint_change,A,MATHDEC,HELDOUT,O2r_resid,99,0.036093983688531735,-0.19419733405406164,0.22613088140352935,0.007365514426486747,,,EXPLORATORY,False,0.11228357583584522,0.03610967007298512,0.7477606557033408
constraint_change,A,COH_DEVHOME,COHORT,O2r_resid,1343,-0.0029079825288834257,-0.055250764228020756,0.045413633126455646,-0.011136043864009139,,,EXPLORATORY,False,0.025910793034716755,-0.0029079907259097104,0.9106403566999839
constraint_change,A,COH_OTHER,COHORT,O2r_resid,809,-0.008145747007094318,-0.07068416914674032,0.06813534429674838,-0.01973534784508537,,,EXPLORATORY,False,0.03603517367611687,-0.008145927179712025,0.8211587299093188
S_comp,S,CS,DEV,O2r_resid,212,0.026352871797458544,-0.1135624855862755,0.17647267343605288,-0.04550060428794304,,,EXPLORATORY,False,0.07085664145687809,0.026358974800815445,0.709889653116665
S_comp,S,Eng,DEV,O2r_resid,887,0.1085327176599044,0.04631366882799803,0.1731549520174824,-0.14149258651174684,,,EXPLORATORY,False,0.03334561845115855,0.1089619034041202,0.001084433116873063
S_comp,S,BGM,DEV,O2r_resid,285,0.2078223047399321,0.08487367534692,0.3379918442181099,0.10740451525122759,,,EXPLORATORY,False,0.07074531146387354,0.21089426979923756,0.0028727568945175154
S_comp,S,Med,DEV,O2r_resid,1465,0.0630905228855332,0.009248070908728121,0.11694953465780766,-0.2764590714819813,,,EXPLORATORY,False,0.027829816214105137,0.06317443217493705,0.023205949337038765
S_comp,S,PHYS,HELDOUT,O2r_resid,372,0.08010622285642079,-0.01635805864255744,0.18022112907983834,-0.11373085206131002,,,EXPLORATORY,False,0.05385733211484747,0.08027823301394951,0.13607389150269772
S_comp,S,LIFEENV,HELDOUT,O2r_resid,621,0.1671913773146924,0.09291845306224085,0.24366959714835706,0.12318686085358853,,,EXPLORATORY,False,0.04060604081182701,0.16877586929465882,3.232694958143559e-05
S_comp,S,SOC,HELDOUT,O2r_resid,676,-0.01377834415422331,-0.09202267566115895,0.05953467071361067,-0.09638126438546868,,,EXPLORATORY,False,0.037659873493601684,-0.013779216159881055,0.7144502289536865
S_comp,S,MATHDEC,HELDOUT,O2r_resid,95,0.08855080546672557,-0.12863864497755725,0.3136816646420438,-0.22787418596765505,,,EXPLORATORY,False,0.1192090361481364,0.08878335003910745,0.45641059017149266
S_comp,S,COH_DEVHOME,COHORT,O2r_resid,1245,0.10294239160683041,0.04519649109328555,0.1573111037510805,-0.17413251921257458,,,EXPLORATORY,False,0.029461690678549087,0.103308352832471,0.0004539873261856796
S_comp,S,COH_OTHER,COHORT,O2r_resid,787,0.12284785699869256,0.0587243878164398,0.1856768623294272,-0.03146397934432691,,,EXPLORATORY,False,0.03339504668686322,0.12347150398591863,0.00021790482817088207
S_comp_n,S,CS,DEV,O2r_resid,212,-0.0032730863442721973,-0.1510452527665977,0.1433010569864549,-0.14548081293944176,,,EXPLORATORY,False,0.0769336536701718,-0.0032730980326414576,0.9660646980298004
S_comp_n,S,Eng,DEV,O2r_resid,887,0.0810182607704728,0.008069166271245556,0.15015894048774456,-0.0462455868510717,,,EXPLORATORY,False,0.03548129290656243,0.08119622903977619,0.022112862961853105
S_comp_n,S,BGM,DEV,O2r_resid,285,0.35645839141209945,0.2367535612068801,0.4580039914391808,0.42008182156472623,,,EXPLORATORY,False,0.06611633909165399,0.37282288669170455,1.7114796464036947e-08
S_comp_n,S,Med,DEV,O2r_resid,1465,0.1571141709292696,0.10563101386219581,0.20306798547316454,0.09171755661934318,,,EXPLORATORY,False,0.026270725707525155,0.15842644299646966,1.6342115470006728e-09
S_comp_n,S,PHYS,HELDOUT,O2r_resid,372,0.015446996226362157,-0.09274409692834834,0.12558540079824307,-0.04770476373133702,,,EXPLORATORY,False,0.058054984169484306,0.01544822500329192,0.7901649314690306
S_comp_n,S,LIFEENV,HELDOUT,O2r_resid,621,0.19097248440625533,0.11507681468496844,0.27617942397843226,0.23252216560198521,,,EXPLORATORY,False,0.04112326394329472,0.1933462689080486,2.5809601524094547e-06
S_comp_n,S,SOC,HELDOUT,O2r_resid,676,-0.21160011219119576,-0.28230393296636824,-0.13316366469107194,-0.30225857891602065,,,EXPLORATORY,False,0.040298940252074616,-0.21484586938722777,9.751045238989705e-08
S_comp_n,S,MATHDEC,HELDOUT,O2r_resid,95,-0.13107116405564828,-0.35404556763663547,0.11315981758579555,-0.3087834444266984,,,EXPLORATORY,False,0.12568904009780738,-0.13182958273804632,0.29424484251949456
S_comp_n,S,COH_DEVHOME,COHORT,O2r_resid,1245,0.14050076249749716,0.08416324255664995,0.18977623113538927,0.13402310538012563,,,EXPLORATORY,False,0.027494705528593243,0.14143638630335437,2.6876094885244996e-07
S_comp_n,S,COH_OTHER,COHORT,O2r_resid,787,-0.05863669567101753,-0.1250243527496847,0.008570610060743347,-0.08326182270342904,,,EXPLORATORY,False,0.033277371279448485,-0.0587040374245867,0.07771804428988065
S_isolated_share,S,CS,DEV,O2r_resid,212,0.0256146990816324,-0.1114080647145105,0.163722471550556,-0.04459337183035645,,,EXPLORATORY,False,0.07273712426812466,0.025620303332065927,0.7246646866813011
S_isolated_share,S,Eng,DEV,O2r_resid,887,0.10773786616334181,0.03789805881135723,0.16064298702656848,-0.13028980544605823,,,EXPLORATORY,False,0.031704620750512384,0.10815764750486771,0.0006462643274435611
S_isolated_share,S,BGM,DEV,O2r_resid,285,0.18707499768371244,0.0636750550740036,0.32389423250481886,0.10358388200005202,,,EXPLORATORY,False,0.0678647102132849,0.18930435897092168,0.005279970702257306
S_isolated_share,S,Med,DEV,O2r_resid,1465,0.061711280018782226,0.012993030993851287,0.10883513781589772,-0.26418220573573725,,,EXPLORATORY,False,0.025834032775675298,0.06178979749434525,0.016766050168656576
S_isolated_share,S,PHYS,HELDOUT,O2r_resid,372,0.07047396360388768,-0.03103410763259874,0.1737218588839314,-0.09842457051157968,,,EXPLORATORY,False,0.05292464933908713,0.07059098403247349,0.18226887370833134
S_isolated_share,S,LIFEENV,HELDOUT,O2r_resid,621,0.15909358448957311,0.08057351602974241,0.2410803214577879,0.12672951158418783,,,EXPLORATORY,False,0.043493279800813626,0.16045660491237468,0.0002249359918102098
S_isolated_share,S,SOC,HELDOUT,O2r_resid,676,-0.008551833406649341,-0.07816597115911547,0.06750620967329725,-0.08857704028321794,,,EXPLORATORY,False,0.0378565934824157,-0.00855204189197817,0.8212743198192975
S_isolated_share,S,MATHDEC,HELDOUT,O2r_resid,95,0.07480942113055185,-0.1513513882343464,0.30340897839843783,-0.22599773645203222,,,EXPLORATORY,False,0.11419859978882585,0.07494944733747735,0.5116260123134542
S_isolated_share,S,COH_DEVHOME,COHORT,O2r_resid,1245,0.09948785702470626,0.04163972642873242,0.15560993080363392,-0.16306032823648553,,,EXPLORATORY,False,0.028993420282223546,0.09981805830848922,0.0005757608213040277
S_isolated_share,S,COH_OTHER,COHORT,O2r_resid,787,0.1271212601423459,0.07207172452453406,0.1917508619343122,-0.020790426987254394,,,EXPLORATORY,False,0.034383564737411616,0.1278127290393714,0.0002013933183911653
logvol,B5,CS,DEV,O2r_resid,216,,,,-0.16616145551640532,,,EXPLORATORY,False,,,
logvol,B5,Eng,DEV,O2r_resid,941,,,,-0.03411859965632421,,,EXPLORATORY,False,,,
logvol,B5,BGM,DEV,O2r_resid,290,,,,-0.048716210437029825,,,EXPLORATORY,False,,,
logvol,B5,Med,DEV,O2r_resid,1741,,-0.006694239220614658,0.005060591394707631,0.04612839626610671,,,EXPLORATORY,False,0.0029947132827565456,,
logvol,B5,PHYS,HELDOUT,O2r_resid,413,,,,0.02109301970859787,,,EXPLORATORY,False,,,
logvol,B5,LIFEENV,HELDOUT,O2r_resid,630,,,,0.03653563847508891,,,EXPLORATORY,False,,,
logvol,B5,SOC,HELDOUT,O2r_resid,689,,,,0.03173688395451965,,,EXPLORATORY,False,,,
logvol,B5,MATHDEC,HELDOUT,O2r_resid,101,,,,0.017836227373049476,,,EXPLORATORY,False,,,
logvol,B5,COH_DEVHOME,COHORT,O2r_resid,1368,-0.002749210943917251,-0.0066090637119624466,0.006059770398377565,0.05523485429568236,,,EXPLORATORY,False,0.0031846604056263547,-0.002749217870274803,0.3879897108337532
logvol,B5,COH_OTHER,COHORT,O2r_resid,814,,,,0.023442506897179728,,,EXPLORATORY,False,,,
growth_c,B5,CS,DEV,O2r_resid,216,,,,-0.1365986464187385,,,EXPLORATORY,False,,,
growth_c,B5,Eng,DEV,O2r_resid,941,,,,-0.010095064924342253,,,EXPLORATORY,False,,,
growth_c,B5,BGM,DEV,O2r_resid,290,,,,0.01809773849803575,,,EXPLORATORY,False,,,
growth_c,B5,Med,DEV,O2r_resid,1741,,-0.0011522726226235935,0.004126348857340012,0.06539457473003465,,,EXPLORATORY,False,0.0021498631629024863,,
growth_c,B5,PHYS,HELDOUT,O2r_resid,413,,,,0.0130869177209159,,,EXPLORATORY,False,,,
growth_c,B5,LIFEENV,HELDOUT,O2r_resid,630,,,,0.06682821901532107,,,EXPLORATORY,False,,,
growth_c,B5,SOC,HELDOUT,O2r_resid,689,,,,0.061532314326541694,,,EXPLORATORY,False,,,
growth_c,B5,MATHDEC,HELDOUT,O2r_resid,101,,,,0.02276328067636455,,,EXPLORATORY,False,,,
growth_c,B5,COH_DEVHOME,COHORT,O2r_resid,1368,,-0.005862940728922442,0.0001875039019539462,0.04408939851609347,,,EXPLORATORY,False,0.0028705607438978594,,
growth_c,B5,COH_OTHER,COHORT,O2r_resid,814,,,,0.02626648510626332,,,EXPLORATORY,False,,,
offhome_share,B5,CS,DEV,O2r_resid,216,,,,0.4796104037861264,,,EXPLORATORY,False,,,
offhome_share,B5,Eng,DEV,O2r_resid,941,,-0.0015109102895924918,-0.0009831610417480074,0.6441096647710368,,,EXPLORATORY,False,,,
offhome_share,B5,BGM,DEV,O2r_resid,290,,,,0.384008167764762,,,EXPLORATORY,False,,,
offhome_share,B5,Med,DEV,O2r_resid,1741,,-0.005219511305344738,0.005295372721135032,0.6810020538918439,,,EXPLORATORY,False,0.0032815447884335393,,
offhome_share,B5,PHYS,HELDOUT,O2r_resid,413,,,,0.6989484476773159,,,EXPLORATORY,False,,,
offhome_share,B5,LIFEENV,HELDOUT,O2r_resid,630,,,,0.4682160002707966,,,EXPLORATORY,False,,,
offhome_share,B5,SOC,HELDOUT,O2r_resid,689,,,,0.5054070102028868,,,EXPLORATORY,False,,,
offhome_share,B5,MATHDEC,HELDOUT,O2r_resid,101,,,,0.7655211181214722,,,EXPLORATORY,False,,,
offhome_share,B5,COH_DEVHOME,COHORT,O2r_resid,1368,,-0.0037680719173774847,0.0014710548391156754,0.6849315117291953,,,EXPLORATORY,False,0.001826530087632818,,
offhome_share,B5,COH_OTHER,COHORT,O2r_resid,814,,,,0.5696258829714069,,,EXPLORATORY,False,,,
entropy,B5,CS,DEV,O2r_resid,216,,,,0.681091511622853,,,EXPLORATORY,False,,,
entropy,B5,Eng,DEV,O2r_resid,941,,,,0.7287842939777001,,,EXPLORATORY,False,,,
entropy,B5,BGM,DEV,O2r_resid,290,,,,0.523741108078287,,,EXPLORATORY,False,,,
entropy,B5,Med,DEV,O2r_resid,1741,,-0.002935713975840042,0.002970909329607157,0.7262701218997605,,,EXPLORATORY,False,0.002188454165603785,,
entropy,B5,PHYS,HELDOUT,O2r_resid,413,,,,0.7709372735549674,,,EXPLORATORY,False,,,
entropy,B5,LIFEENV,HELDOUT,O2r_resid,630,,,,0.621981104799775,,,EXPLORATORY,False,,,
entropy,B5,SOC,HELDOUT,O2r_resid,689,,,,0.6352584631232018,,,EXPLORATORY,False,,,
entropy,B5,MATHDEC,HELDOUT,O2r_resid,101,,,,0.8387211378053552,,,EXPLORATORY,False,,,
entropy,B5,COH_DEVHOME,COHORT,O2r_resid,1368,,-0.0008210270515874036,0.0009830362098770737,0.7604391710273141,,,EXPLORATORY,False,,,
entropy,B5,COH_OTHER,COHORT,O2r_resid,814,,,,0.6726161961495677,,,EXPLORATORY,False,,,
reach,B5,CS,DEV,O2r_resid,216,,,,0.5496011034755909,,,EXPLORATORY,False,,,
reach,B5,Eng,DEV,O2r_resid,941,,-0.0014227816052806378,0.0022755110440884642,0.639991532761427,,,EXPLORATORY,False,0.0010069128597103877,,
reach,B5,BGM,DEV,O2r_resid,290,,,,0.5104486724192445,,,EXPLORATORY,False,,,
reach,B5,Med,DEV,O2r_resid,1741,,-0.002367751828731153,0.0025296996141322154,0.6182147641012293,,,EXPLORATORY,False,0.0013911994168558628,,
reach,B5,PHYS,HELDOUT,O2r_resid,413,,,,0.703092045060034,,,EXPLORATORY,False,,,
reach,B5,LIFEENV,HELDOUT,O2r_resid,630,,,,0.5245001545403141,,,EXPLORATORY,False,,,
reach,B5,SOC,HELDOUT,O2r_resid,689,,,,0.5671517947782841,,,EXPLORATORY,False,,,
reach,B5,MATHDEC,HELDOUT,O2r_resid,101,,,,0.773927112362891,,,EXPLORATORY,False,,,
reach,B5,COH_DEVHOME,COHORT,O2r_resid,1368,0.00041928199378566436,-0.0030146759953951076,0.0030175806963501756,0.6429669209162621,,,EXPLORATORY,False,0.0016350316727566769,0.00041928201835522705,0.7976137035983789
reach,B5,COH_OTHER,COHORT,O2r_resid,814,,-0.0014536695336536478,5.1283769039452566e-05,0.5773938627401975,,,EXPLORATORY,False,0.0008747349653420686,,
share,E,CS,DEV,O1c,373,0.09181828315937582,-0.04021856137058171,0.2152915923945994,0.39259176614471264,,,FROZEN,False,0.06333398574838044,0.0920776239185389,0.14599004865158843
share,E,Eng,DEV,O1c,1345,0.08844624628146518,0.024608658305631862,0.151504640658701,0.3625222196257371,,,FROZEN,False,0.031190752189489617,0.0886779654830556,0.0044679126977478535
share,E,BGM,DEV,O1c,483,-0.008535342445763342,-0.09985860656559982,0.0837223334384505,0.43273355417513854,,,FROZEN,False,0.046457174254900827,-0.008535549727280958,0.8542257271671186
share,E,Med,DEV,O1c,2568,-0.009718646862376758,-0.05364480753196556,0.03268021018113813,0.3049973620397803,,,FROZEN,False,0.021830829377571002,-0.009718952861909843,0.6561796084500546
share,E,PHYS,HELDOUT,O1c,742,0.0576800897876054,-0.028839399559703133,0.1345811865864622,0.2667301298596348,,,FROZEN,False,0.0424920324169567,0.05774418486298091,0.17416513742647888
share,E,LIFEENV,HELDOUT,O1c,1113,-0.025385864285355074,-0.08565289959304268,0.032978285394651516,0.29730625592399773,,,FROZEN,False,0.030597122386196576,-0.025391319634848083,0.40661809699674356
share,E,SOC,HELDOUT,O1c,1352,0.02658989725731903,-0.03805828735819001,0.08844397947262207,0.19533539047892942,,,FROZEN,False,0.031726976829246877,0.026596166470103863,0.40187211482354435
share,E,MATHDEC,HELDOUT,O1c,165,-0.019332691604060013,-0.19642056529119886,0.1584381882417971,0.29253937498817023,,,FROZEN,False,0.09289476705426543,-0.019335100694593207,0.8351197910267355
share,E,COH_DEVHOME,COHORT,O1c,2484,-0.01654891074194065,-0.06178962236457966,0.027493806748634993,0.3724205782243019,,,FROZEN,False,0.022035939353909316,-0.01655042172069305,0.4526135674698776
share,E,COH_OTHER,COHORT,O1c,1872,0.007473019261963634,-0.03979814134784174,0.05741199642543371,0.3115318445348863,,,FROZEN,False,0.024941997317791356,0.007473158379411798,0.764465890839929
growth_ind,E,CS,DEV,O1c,373,0.10792624186111698,-0.0022673562434249836,0.21964763698574785,0.25632172980599804,,,FROZEN,False,0.058389710197067894,0.10834823935801027,0.06350987763990132
growth_ind,E,Eng,DEV,O1c,1345,0.07051574905377822,0.01549668203049249,0.121692124873421,0.21339911642015447,,,FROZEN,False,0.02823140219980832,0.07063297817329323,0.01235185163668604
growth_ind,E,BGM,DEV,O1c,483,0.020545162156754598,-0.0704701498003654,0.12506677157452625,0.27696172786181533,,,FROZEN,False,0.05016071552091083,0.020548053618660606,0.6820668596219988
growth_ind,E,Med,DEV,O1c,2568,0.012486593017874177,-0.02537503362483521,0.05388311466601291,0.2073162583600998,,,FROZEN,False,0.01978130226999095,0.012487242027661223,0.5278673255575104
growth_ind,E,PHYS,HELDOUT,O1c,742,0.009011998893255923,-0.06191580678815405,0.08625201606573887,0.18643907641471708,,,FROZEN,False,0.038208913822714546,0.009012242878352039,0.8135354494870117
growth_ind,E,LIFEENV,HELDOUT,O1c,1113,-0.0036427334801588038,-0.05813651251899498,0.051885588431358966,0.15862765702103232,,,FROZEN,False,0.030116262766919782,-0.003642749592713144,0.9037257043195089
growth_ind,E,SOC,HELDOUT,O1c,1352,-0.008539237461292376,-0.058554881591043065,0.04057284799967319,0.13888876304440684,,,FROZEN,False,0.02605607004932538,-0.008539445026720141,0.7431132299707134
growth_ind,E,MATHDEC,HELDOUT,O1c,165,-0.11273366075688772,-0.2673758458172272,0.04789368817922531,0.0070533130457133865,,,FROZEN,False,0.07927640843962871,-0.1132149085842235,0.15326209848888375
growth_ind,E,COH_DEVHOME,COHORT,O1c,2484,0.0499500956176867,0.011579914402824607,0.08769225642868606,0.25216558433479136,,,FROZEN,False,0.019861672081135113,0.04999169994764336,0.011836100563035083
growth_ind,E,COH_OTHER,COHORT,O1c,1872,0.0032611346883682822,-0.03863340574896007,0.050816350854810295,0.1631151209350213,,,FROZEN,False,0.023586519093405672,0.0032611462491639303,0.8900324537579085
accel,E,CS,DEV,O1c,373,0.05320837176562285,-0.052549984584544344,0.15744306391798896,-0.04243520623582904,,,EXPLORATORY,False,0.05483806724823492,0.05325867052189185,0.331449242168396
accel,E,Eng,DEV,O1c,1345,0.04176772486624429,-0.01285645875033465,0.09562599582495496,-0.014819313738704184,,,EXPLORATORY,False,0.027150473922557605,0.041792038849854406,0.12373723652141615
accel,E,BGM,DEV,O1c,483,0.0017144760239302848,-0.08695063217076349,0.09565251027788799,-0.056110992676198485,,,EXPLORATORY,False,0.04706056979815407,0.0017144777037928784,0.9709384575013533
accel,E,Med,DEV,O1c,2568,-0.006233148448164579,-0.041657838603712,0.03345086675858708,-0.04077482018774205,,,EXPLORATORY,False,0.019191969167132675,-0.006233229173764242,0.7453451597850941
accel,E,PHYS,HELDOUT,O1c,742,-0.03246629750613767,-0.10849526298687204,0.046697635563372586,-0.060558659874350565,,,EXPLORATORY,False,0.03880857219799929,-0.032477711872844234,0.4026659048948489
accel,E,LIFEENV,HELDOUT,O1c,1113,-0.01950076260992454,-0.07629667972516486,0.041238484545549924,-0.017376119769142537,,,EXPLORATORY,False,0.030389235019698372,-0.01950323508908307,0.521015356894838
accel,E,SOC,HELDOUT,O1c,1352,-0.03091433615389737,-0.08471558229135412,0.02808803914537112,-0.024589007452302417,,,EXPLORATORY,False,0.02896873009978793,-0.030924190042563894,0.2857450127685961
accel,E,MATHDEC,HELDOUT,O1c,165,-0.12535498080270255,-0.27564798342546676,0.04722618259181747,-0.1343287570367628,,,EXPLORATORY,False,0.08196240578382878,-0.1260178458308733,0.12416898366102143
accel,E,COH_DEVHOME,COHORT,O1c,2484,0.00409797569197655,-0.03756105583465348,0.039556505673278876,-0.05780498502618272,,,EXPLORATORY,False,0.019993072850263888,0.004097998631862541,0.8375948413641243
accel,E,COH_OTHER,COHORT,O1c,1872,-0.016440055557130167,-0.05830266268681785,0.031903309245375065,-0.06254450515437272,,,EXPLORATORY,False,0.023777871036372057,-0.016441536911705506,0.48927412626925837
burst,E,CS,DEV,O1c,373,0.04988313535050806,-0.04955371393325067,0.1471916712958924,0.143894129576704,,,FROZEN,False,0.053070941187441996,0.049924572420895416,0.3468514903603299
burst,E,Eng,DEV,O1c,1345,0.09028315987824023,0.03272992918526792,0.14414997724443335,0.17079201534506358,,,FROZEN,False,0.029941999783686567,0.09052966740166997,0.0024986817232282832
burst,E,BGM,DEV,O1c,483,0.15032949373342558,0.051497392127417996,0.22872020737622492,0.2752910569337867,,,FROZEN,False,0.047202622978044825,0.15147753098149164,0.001331551607765961
burst,E,Med,DEV,O1c,2568,0.022789665784448833,-0.016524794490712733,0.06346285861076204,0.047721731407911604,,,FROZEN,False,0.020511388512689344,0.022793612428676308,0.266453790780937
burst,E,PHYS,HELDOUT,O1c,742,0.07195641114324997,-0.0023051011840528835,0.14961866210347463,0.057382417913195476,,,FROZEN,False,0.03934774568543619,0.07208098856158522,0.06696687636179183
burst,E,LIFEENV,HELDOUT,O1c,1113,0.05034664851478747,-0.007454878566697396,0.11009386164158762,0.05813099415030917,,,FROZEN,False,0.030007131994251073,0.0503892526390582,0.09310478378799647
burst,E,SOC,HELDOUT,O1c,1352,-0.06074560505433155,-0.11918379693672639,-0.005756386578095212,-0.0700988834126877,,,FROZEN,False,0.028248920869067662,-0.060820488589787954,0.031317115148595705
burst,E,MATHDEC,HELDOUT,O1c,165,0.022367481608022797,-0.15115997148573973,0.1884862425903066,-0.06034905829760155,,,FROZEN,False,0.08440148042165116,0.022371212910072217,0.7909654632519822
burst,E,COH_DEVHOME,COHORT,O1c,2484,0.10611663257739176,0.06639708573531145,0.14167352039576955,0.256509191863843,,,FROZEN,False,0.021115536087137603,0.106517662882792,4.546704228950463e-07
burst,E,COH_OTHER,COHORT,O1c,1872,-0.014198923497803499,-0.059128769203567404,0.03168289757925299,0.025877275596343747,,,FROZEN,False,0.024019183470228894,-0.014199877825530926,0.5543937707927333
author_growth,E,CS,DEV,O1c,373,0.03042161465980856,-0.07688196332475922,0.13230990388453048,0.34678871259842725,,,FROZEN,False,0.052754906873359875,0.030431004685442055,0.564049284545606
author_growth,E,Eng,DEV,O1c,1345,0.042659183111074174,-0.008234692366010871,0.0955542169537242,0.3097927759550059,,,FROZEN,False,0.02755264470208275,0.04268508854710596,0.1213290148723457
author_growth,E,BGM,DEV,O1c,483,0.028567262744210023,-0.06653500911993908,0.11128763791176,0.44555172990352393,,,FROZEN,False,0.045638827183043684,0.028575037689798768,0.5312411897309881
author_growth,E,Med,DEV,O1c,2568,0.060992809643770705,0.01773600859288292,0.10462929729848572,0.35233022669474473,,,FROZEN,False,0.020964363790264215,0.06106861249456418,0.0035800627559713968
author_growth,E,PHYS,HELDOUT,O1c,742,0.08829390936685072,0.012768171042594416,0.1649178124753361,0.3473803536992891,,,FROZEN,False,0.03909698911919444,0.08852442956459239,0.023560202076611216
author_growth,E,LIFEENV,HELDOUT,O1c,1113,-0.03456761775747426,-0.09160320174510249,0.019351159781076648,0.2185775328751097,,,FROZEN,False,0.029077712647047595,-0.034581396152151805,0.2343314772264219
author_growth,E,SOC,HELDOUT,O1c,1352,0.04941659080260643,-0.007021061711157115,0.10088283781791452,0.24708788255575356,,,FROZEN,False,0.02682008893938688,0.049456874939200236,0.06517971185872906
author_growth,E,MATHDEC,HELDOUT,O1c,165,0.06889194738669775,-0.08977904604054486,0.24199192731811697,0.25157230610482406,,,FROZEN,False,0.08678054590284905,0.06900124817413035,0.4265416875297747
author_growth,E,COH_DEVHOME,COHORT,O1c,2484,0.0026219718264074046,-0.03445229467539147,0.04534537320852639,0.3745036778949879,,,FROZEN,False,0.021402926367772995,0.0026219778348871166,0.9024986297981296
author_growth,E,COH_OTHER,COHORT,O1c,1872,0.026038190144862864,-0.023430487100998324,0.07460554071607635,0.31413837383058346,,,FROZEN,False,0.02441620745939975,0.026044077060945078,0.28612011917228586
n_authors_early,E,CS,DEV,O1c,373,0.1843995410935444,0.07100244023098014,0.2847148296952007,0.3906142129910374,,,FROZEN,False,0.05735013618323585,0.18653330370351462,0.0011438065910375586
n_authors_early,E,Eng,DEV,O1c,1345,0.1601425780778849,0.11103493487017052,0.21613873721153481,0.3078153736662232,,,FROZEN,False,0.028072111897216888,0.16153302352991958,8.704428756079217e-09
n_authors_early,E,BGM,DEV,O1c,483,0.08913413690569588,-0.002082044832110637,0.18631244825992732,0.3753279558631496,,,FROZEN,False,0.05134735284623852,0.08937132235174074,0.08176697312795393
n_authors_early,E,Med,DEV,O1c,2568,0.04109069875464682,-8.574232689736311e-07,0.07989048780677575,0.2193407023444215,,,FROZEN,False,0.020525728682028545,0.04111384868040811,0.045173031303053536
n_authors_early,E,PHYS,HELDOUT,O1c,742,0.1251489749905933,0.06193298625572479,0.19493294826182056,0.2814386414985333,,,FROZEN,False,0.03639413731242683,0.12580855667760843,0.0005465577763864339
n_authors_early,E,LIFEENV,HELDOUT,O1c,1113,0.1182721763937073,0.054986287032204206,0.17656017482565867,0.23008250596979576,,,FROZEN,False,0.03177886056051729,0.11882832754337776,0.00018458804853261273
n_authors_early,E,SOC,HELDOUT,O1c,1352,0.23561787129182743,0.17860459184162422,0.2860860290949009,0.2767884673605699,,,FROZEN,False,0.02892850526708544,0.2401292960022165,1.0342591215103716e-16
n_authors_early,E,MATHDEC,HELDOUT,O1c,165,0.1480399549855075,-0.0344347029745461,0.30353734962628737,0.3350333995690389,,,FROZEN,False,0.08878428905805316,0.14913587503071055,0.093004946574983
n_authors_early,E,COH_DEVHOME,COHORT,O1c,2484,0.17050352850979322,0.12729102831063846,0.2081877814789012,0.4040149951670855,,,FROZEN,False,0.021962896834581865,0.17218522280809018,4.511821045691735e-15
n_authors_early,E,COH_OTHER,COHORT,O1c,1872,0.13970394633871577,0.09378745466090997,0.18702425627351266,0.22031188473637292,,,FROZEN,False,0.0234222995185908,0.14062361650826466,1.927108045236417e-09
log_offhome_volume,F,CS,DEV,O1c,373,0.026211831742627176,-0.06553403638587132,0.1380014170283172,0.350389957984561,,,EXPLORATORY,False,0.053103858102929925,0.02621783725329281,0.6215119133974302
log_offhome_volume,F,Eng,DEV,O1c,1345,0.0023686415594342965,-0.054300413036966894,0.05689873368775483,0.16468747901442976,,,EXPLORATORY,False,0.02820661387592056,0.002368645989174356,0.9330764329922971
log_offhome_volume,F,BGM,DEV,O1c,483,-0.03573950371378961,-0.12416460698213112,0.0478218870150808,0.25746669203747957,,,EXPLORATORY,False,0.04480298565192539,-0.035754732220248144,0.4248452374919113
log_offhome_volume,F,Med,DEV,O1c,2568,0.024422436079253873,-0.01587939417871888,0.06547354590274401,0.10181553174375924,,,EXPLORATORY,False,0.020731061008531913,0.024427293448858613,0.23867925269809676
log_offhome_volume,F,PHYS,HELDOUT,O1c,742,0.034985837455575,-0.042570217794553146,0.1113531125966497,0.23193538367161617,,,EXPLORATORY,False,0.037948798538554804,0.03500012227245761,0.35637286457939943
log_offhome_volume,F,LIFEENV,HELDOUT,O1c,1113,0.004163728900842417,-0.05954863349461708,0.06551967932295787,0.1861577596619629,,,EXPLORATORY,False,0.03344285037975258,0.0041637529627801045,0.9009166047110393
log_offhome_volume,F,SOC,HELDOUT,O1c,1352,-0.03756418683883925,-0.10102357550114033,0.01614728740710188,0.09828060064152416,,,EXPLORATORY,False,0.02990777521808325,-0.03758187035517161,0.2089014218201134
log_offhome_volume,F,MATHDEC,HELDOUT,O1c,165,-0.0208974319536948,-0.18340043888611213,0.14568076626515472,0.26549017848497025,,,EXPLORATORY,False,0.08491767650935513,-0.020900474739066272,0.8055844536378199
log_offhome_volume,F,COH_DEVHOME,COHORT,O1c,2484,0.046936883868917964,0.0008448161988499535,0.08831170634286832,0.13407801978637657,,,EXPLORATORY,False,0.022989984069258954,0.04697139793285971,0.041040122812809256
log_offhome_volume,F,COH_OTHER,COHORT,O1c,1872,0.03346828480325613,-0.016093805195583732,0.0840379061758439,0.1857308369861673,,,EXPLORATORY,False,0.026454477350765195,0.033480789441367995,0.20565628674671643
rao_stirling,F,CS,DEV,O1c,373,-0.13955868203127672,-0.22518689989065774,-0.04268201524002192,0.23586773611672404,,,EXPLORATORY,False,0.049945371066619955,-0.14047546367907093,0.004914545425611474
rao_stirling,F,Eng,DEV,O1c,1345,-0.09658543559747915,-0.1475820129936087,-0.03838528130984757,0.06457235684030312,,,EXPLORATORY,False,0.028687689790164755,-0.09688746830429769,0.0007319621485350393
rao_stirling,F,BGM,DEV,O1c,483,0.06718094305952176,-0.025387550807987578,0.14723791013353277,0.08432400120323319,,,EXPLORATORY,False,0.04425781264989204,0.0672822864182302,0.12845186360801694
rao_stirling,F,Med,DEV,O1c,2568,0.014623904354243707,-0.02538162583823281,0.05187011149008065,0.016551688646009727,,,EXPLORATORY,False,0.019511037626376213,0.014624946970496511,0.4535119184153281
rao_stirling,F,PHYS,HELDOUT,O1c,742,-0.09378432036320129,-0.15319968792737323,-0.02020884328705289,0.13151595137556882,,,EXPLORATORY,False,0.03406047273914755,-0.09406074054557069,0.005752231764991754
rao_stirling,F,LIFEENV,HELDOUT,O1c,1113,0.04317565476357969,-0.018881842054749687,0.10946202964555683,0.14995573362954764,,,EXPLORATORY,False,0.03267519225600864,0.0432025132582821,0.18610793847078488
rao_stirling,F,SOC,HELDOUT,O1c,1352,0.025709518063655686,-0.02578110424568458,0.07528550019938594,0.06638068980542151,,,EXPLORATORY,False,0.027363361776921887,0.02571518479776301,0.34733708206202607
rao_stirling,F,MATHDEC,HELDOUT,O1c,165,0.16780126568945553,0.008429542851403396,0.32379925427565426,0.28201074653681407,,,EXPLORATORY,False,0.08592804489778932,0.1694033620103746,0.048671737977037215
rao_stirling,F,COH_DEVHOME,COHORT,O1c,2484,-0.057697013010698836,-0.09990012693240571,-0.02181939088294787,-0.03198924027945141,,,EXPLORATORY,False,0.020275217435942478,-0.05776116459409289,0.004387680430556205
rao_stirling,F,COH_OTHER,COHORT,O1c,1872,0.07796290112649903,0.03788555310196875,0.11945407015632072,0.13799541813638316,,,EXPLORATORY,False,0.021575189060226894,0.0781214381001584,0.0002935886046151455
fields_gained_per_yr,F,CS,DEV,O1c,373,0.0716266606374815,-0.03232693238622154,0.17682677178948358,0.2152893049839356,,,FROZEN,False,0.05057023202785279,0.07174952970564523,0.15595453871514747
fields_gained_per_yr,F,Eng,DEV,O1c,1345,0.034334245258356814,-0.01651288452125887,0.09015772885566514,0.13671330773425558,,,FROZEN,False,0.027652139531240367,0.03434774634079259,0.21418600981123337
fields_gained_per_yr,F,BGM,DEV,O1c,483,0.05827206895368545,-0.03024834600548279,0.1462765796070451,0.20817254820414208,,,FROZEN,False,0.04614312465194404,0.0583381605329752,0.2061269725074827
fields_gained_per_yr,F,Med,DEV,O1c,2568,0.003233634717183145,-0.030263215708158587,0.043178900210130065,0.08562159975959044,,,FROZEN,False,0.018687477685092692,0.003233645987972852,0.8626214648893733
fields_gained_per_yr,F,PHYS,HELDOUT,O1c,742,0.03252459934925754,-0.04378916355600682,0.10859113945984643,0.15107230669362984,,,FROZEN,False,0.03941717009157947,0.03253607534513256,0.4091280755226251
fields_gained_per_yr,F,LIFEENV,HELDOUT,O1c,1113,-0.030111732388489743,-0.08851664503964288,0.03418251482372198,0.09142765651703315,,,FROZEN,False,0.03060293539457714,-0.03012083827701695,0.3249942275389237
fields_gained_per_yr,F,SOC,HELDOUT,O1c,1352,0.0039042316240981935,-0.050441185921846696,0.05816123826489734,0.07492880889215567,,,FROZEN,False,0.02856803934343658,0.0039042514617124886,0.8912955857536579
fields_gained_per_yr,F,MATHDEC,HELDOUT,O1c,165,0.0472404159437349,-0.13265048591776293,0.22166723230691687,0.2862902579286074,,,FROZEN,False,0.0927483298630712,0.04727560453979983,0.610248199491195
fields_gained_per_yr,F,COH_DEVHOME,COHORT,O1c,2484,0.004320677183760942,-0.03650616589840147,0.04600658280089401,0.13946418822972242,,,FROZEN,False,0.021186396094556793,0.004320704070557956,0.8384022140414285
fields_gained_per_yr,F,COH_OTHER,COHORT,O1c,1872,-0.02047998855614511,-0.06915504815336053,0.02819966023759385,0.10910718061936618,,,FROZEN,False,0.024068479562371844,-0.020482852583665757,0.39475604793457675
G,G,CS,DEV,O1c,368,0.14527965725612502,0.03084407950086393,0.23335394742071278,0.156983282296411,,,EXPLORATORY,True,0.05241547450475031,0.14631489869415176,0.005247332276270386
G,G,Eng,DEV,O1c,1319,0.09096731087612882,0.036868742480600764,0.14453763692406224,0.08355156753892418,,,EXPLORATORY,True,0.028401596783065804,0.09121948384377565,0.0013191853128203383
G,G,BGM,DEV,O1c,479,-0.02135080155381042,-0.11810228465888466,0.06905685840163267,-0.016811797673865442,,,EXPLORATORY,True,0.04562231768272723,-0.021354046743633285,0.6397406684553316
G,G,Med,DEV,O1c,2413,-0.06914716474123601,-0.11000296172471441,-0.023995207703416045,-0.06970676098229839,,,EXPLORATORY,True,0.02111371032607305,-0.06925768712810641,0.0010372490984909997
G,G,PHYS,HELDOUT,O1c,697,0.03309620131836134,-0.059818968246597964,0.10843412384294734,0.08495521035351992,,,EXPLORATORY,True,0.04116849969749694,0.03310829333535056,0.42127326125192877
G,G,LIFEENV,HELDOUT,O1c,1105,0.0005753395069814736,-0.057199752368591435,0.06449409940866428,0.017918752773724726,,,EXPLORATORY,True,0.03307254410352038,0.0005753395704635937,0.986120468806704
G,G,SOC,HELDOUT,O1c,1327,-0.06804187845049603,-0.12488398285248795,-0.013201595933864944,-0.048323652158527165,,,EXPLORATORY,True,0.028669035060455622,-0.06814717553369863,0.017452637063660563
G,G,MATHDEC,HELDOUT,O1c,162,0.11265262784574749,-0.04692138401524751,0.2753868878643262,0.14523656122038633,,,EXPLORATORY,True,0.08629315516209049,0.11313283333836147,0.18984794883110856
G,G,COH_DEVHOME,COHORT,O1c,2406,0.04648443406921619,0.004597196231795379,0.08570316760165407,0.04172720446004634,,,EXPLORATORY,True,0.02076555617585283,0.04651795877295368,0.025081192348578325
G,G,COH_OTHER,COHORT,O1c,1838,0.00974160819199243,-0.03303784514503961,0.054728403761923075,-0.043883121997775616,,,EXPLORATORY,True,0.022454610020803654,0.009741916365605001,0.6643978939647242
G_A,G,CS,DEV,O1c,365,0.12627631656198693,0.016001956467227522,0.2215828721688763,0.13761884197520358,,,EXPLORATORY,True,0.05233843432783877,0.12695400059498707,0.015281580723616107
G_A,G,Eng,DEV,O1c,1276,0.0919787522087642,0.033922896824387296,0.14582351175934805,0.08357353717239499,,,EXPLORATORY,True,0.02755480919988284,0.0922394597263111,0.0008154680725961215
G_A,G,BGM,DEV,O1c,475,-0.03830530321699813,-0.13300329877279166,0.0483228595628905,-0.018885843241004698,,,EXPLORATORY,True,0.04702849788753229,-0.03832405480422861,0.41512307895517175
G_A,G,Med,DEV,O1c,2280,-0.05008049411510391,-0.09632662597151011,-0.011257708698855888,-0.058423841765408484,,,EXPLORATORY,True,0.022050044078862047,-0.05012242545899955,0.023018869551223318
G_A,G,PHYS,HELDOUT,O1c,673,0.041639478422207415,-0.034659808862645,0.11723933045659166,0.09200965122958514,,,EXPLORATORY,True,0.03944029729555556,0.04166356897206335,0.29079895037656667
G_A,G,LIFEENV,HELDOUT,O1c,1099,0.0024621249451373993,-0.05085491882104987,0.0644593328092943,0.01992644392283708,,,EXPLORATORY,True,0.030357241502054183,0.0024621299203379243,0.935358296158015
G_A,G,SOC,HELDOUT,O1c,1303,-0.046117061509099166,-0.09544720333881777,0.009273837686740297,-0.027575824235328106,,,EXPLORATORY,True,0.026573758893554074,-0.04614979695836641,0.08244578755067808
G_A,G,MATHDEC,HELDOUT,O1c,161,0.0760266874052852,-0.08124600171578168,0.23022432592010028,0.11836334426640807,,,EXPLORATORY,True,0.0799580245695882,0.0761736770420492,0.34075688108466873
G_A,G,COH_DEVHOME,COHORT,O1c,2329,0.053557145833720364,0.013709685890414207,0.09442496026419166,0.04444653473571812,,,EXPLORATORY,True,0.020696365883069487,0.0536084413421055,0.009591056742795022
G_A,G,COH_OTHER,COHORT,O1c,1807,0.005036531480555784,-0.0457928576797619,0.04682378954437182,-0.04404000909557234,,,EXPLORATORY,True,0.02371065833315925,0.005036574067846641,0.8317808308408967
G_btw,G,CS,DEV,O1c,368,0.13328130379051834,0.027360243622914813,0.2211016132578195,0.13802563223404238,,,EXPLORATORY,True,0.05098816683220133,0.13407902241741748,0.008548272853305434
G_btw,G,Eng,DEV,O1c,1319,0.1011819513910812,0.04566492996408097,0.15773463650323397,0.08577336667817696,,,EXPLORATORY,True,0.029278516350282086,0.10152938114697029,0.0005249149454574543
G_btw,G,BGM,DEV,O1c,479,0.011484209533623372,-0.0861067127700906,0.10974880269169013,-0.04715269014002311,,,EXPLORATORY,True,0.04949000858782696,0.0114847144464891,0.8164904226792606
G_btw,G,Med,DEV,O1c,2413,-0.04270143088101096,-0.081239896615531,0.002719724918609714,-0.06751747604099917,,,EXPLORATORY,True,0.021063788513375335,-0.042727413416395195,0.04251157442662109
G_btw,G,PHYS,HELDOUT,O1c,697,0.04777780768724634,-0.024311797260181685,0.12117063024402433,0.06692013228027414,,,EXPLORATORY,True,0.038467023630989104,0.047814211995738494,0.21387069182445562
G_btw,G,LIFEENV,HELDOUT,O1c,1105,-0.062432578689216936,-0.12372496766593827,0.0012082779326197239,-0.0733894307489374,,,EXPLORATORY,True,0.03176572414899636,-0.06251388605515287,0.04907187393267016
G_btw,G,SOC,HELDOUT,O1c,1327,0.012464134546690715,-0.04025070118494038,0.06326902937944807,0.012499499136178052,,,EXPLORATORY,True,0.026435962414126615,0.012464780060615282,0.637277676072243
G_btw,G,MATHDEC,HELDOUT,O1c,162,0.11910621693270021,-0.03471294838590463,0.27143858162047013,0.147874149002742,,,EXPLORATORY,True,0.08301515219494544,0.11967428524646274,0.1494164662638475
G_btw,G,COH_DEVHOME,COHORT,O1c,2406,0.06829517882046744,0.026315635530611232,0.10938377576258124,0.04301917614830622,,,EXPLORATORY,True,0.020875056535684656,0.06840165847412256,0.0010502147170938538
G_btw,G,COH_OTHER,COHORT,O1c,1838,0.019991850817134067,-0.0302893915913502,0.0676723774657047,-0.032390744482082734,,,EXPLORATORY,True,0.025273914984575513,0.019994514864335178,0.42887823474770836
G_deg,G,CS,DEV,O1c,368,0.1681406361158257,0.06508849024466547,0.2676882291483604,0.21229764958817665,,,EXPLORATORY,False,0.05251755156878811,0.1697525855164202,0.0012279721463725336
G_deg,G,Eng,DEV,O1c,1319,0.09282512834397408,0.036756327123236496,0.15250914289908088,0.08788604201420958,,,EXPLORATORY,False,0.028879404798491957,0.09309312460619763,0.0012662873733015657
G_deg,G,BGM,DEV,O1c,479,-0.01194242001746312,-0.09445766519371177,0.07932138401853082,-0.027725271619450223,,,EXPLORATORY,False,0.04609568821273495,-0.011942987814256229,0.7955648637005297
G_deg,G,Med,DEV,O1c,2413,-0.033569661275697625,-0.07673197475012537,0.0023523103396860933,-0.047804295984807496,,,EXPLORATORY,False,0.020329491529907102,-0.033582279940660244,0.09855500947623404
G_deg,G,PHYS,HELDOUT,O1c,697,0.028433980844884063,-0.0523569139564931,0.10273384032543013,0.07767240903695202,,,EXPLORATORY,False,0.03990626808893703,0.02844164743931604,0.47602443451976584
G_deg,G,LIFEENV,HELDOUT,O1c,1105,-0.035819843761586416,-0.0986036370241055,0.025361736782952015,-0.041281023991032485,,,EXPLORATORY,False,0.03235151821914553,-0.035835175250052795,0.2679994315426779
G_deg,G,SOC,HELDOUT,O1c,1327,0.024326779170211064,-0.02886990789157881,0.07692016471762034,0.02784529781551173,,,EXPLORATORY,False,0.026878662352482114,0.024331579674131538,0.3653394499479323
G_deg,G,MATHDEC,HELDOUT,O1c,162,0.027873992099347294,-0.14314481681609503,0.1792477139286306,0.10797396823325284,,,EXPLORATORY,False,0.08451360687795346,0.027881214453588196,0.7414739539778439
G_deg,G,COH_DEVHOME,COHORT,O1c,2406,0.06793334210703597,0.031413451227497016,0.10767050234570916,0.08993721035599718,,,EXPLORATORY,False,0.020071668096941428,0.06803813517120991,0.000699538690750948
G_deg,G,COH_OTHER,COHORT,O1c,1838,0.03373051527578304,-0.01167438155209567,0.0775580519311077,0.01276309938164502,,,EXPLORATORY,False,0.02333745755747961,0.033743316287129586,0.1482090214643023
G_phimin,G,CS,DEV,O1c,368,-0.07742232818379507,-0.1774952052764511,0.025242141221242766,-0.14666203536658726,,,EXPLORATORY,False,0.05360205281534702,-0.07757758235317036,0.14781641159882647
G_phimin,G,Eng,DEV,O1c,1319,-0.007830223130806314,-0.06153090077749441,0.04688087177137396,-0.005980622656595219,,,EXPLORATORY,False,0.027899690820941535,-0.007830383166602957,0.7789696533753935
G_phimin,G,BGM,DEV,O1c,479,0.004427537189335559,-0.09043236670082955,0.08785223442818603,0.0805550043798497,,,EXPLORATORY,False,0.04512135615267891,0.004427566120805966,0.9218324545995235
G_phimin,G,Med,DEV,O1c,2413,-0.04405247161073037,-0.08477704573687452,-0.00030211781824622807,-0.02097466543177319,,,EXPLORATORY,False,0.021662791008563196,-0.04408100121007327,0.04186378029672058
G_phimin,G,PHYS,HELDOUT,O1c,697,0.010191526414010114,-0.05814419568073527,0.08618402625516085,-0.013176052761462076,,,EXPLORATORY,False,0.03837081981706373,0.01019187929114208,0.7905354514000178
G_phimin,G,LIFEENV,HELDOUT,O1c,1105,0.041773237299348565,-0.010551405390519079,0.10358678552097601,0.08177328745622754,,,EXPLORATORY,False,0.03011549036073655,0.0417975609177141,0.16516474878375054
G_phimin,G,SOC,HELDOUT,O1c,1327,-0.03981873689097844,-0.09115655626022243,0.008047757141403116,-0.02843238131974502,,,EXPLORATORY,False,0.026640132246224052,-0.03983980155845902,0.13478905334747693
G_phimin,G,MATHDEC,HELDOUT,O1c,162,0.09684933348721889,-0.08032070337041324,0.2483463721464948,0.0378586807890482,,,EXPLORATORY,False,0.08386544080508147,0.09715385807279248,0.24668074552315034
G_phimin,G,COH_DEVHOME,COHORT,O1c,2406,-0.026927612694029164,-0.06371930068670806,0.013284004411895284,-0.05458193190426148,,,EXPLORATORY,False,0.019618111773254863,-0.026934123898019455,0.1697768080904295
G_phimin,G,COH_OTHER,COHORT,O1c,1838,-0.004837607679517639,-0.05081938284696864,0.04126474424280232,-0.045690710235561996,,,EXPLORATORY,False,0.024266839283810307,-0.004837645417335021,0.8419873255660698
REL_home,G,CS,DEV,O1c,368,0.15843292460915948,0.05371955249221365,0.24816390101034683,0.13999251722298015,,,EXPLORATORY,False,0.05158183887524099,0.1597788619713962,0.0019510786112646057
REL_home,G,Eng,DEV,O1c,1319,0.033064315677710926,-0.026566394527308013,0.09439291072011934,0.0340333900329913,,,EXPLORATORY,False,0.03178033288644492,0.033076372763904294,0.2979771106727723
REL_home,G,BGM,DEV,O1c,479,-0.06651415563100471,-0.15210238918001207,0.01653613365530313,-0.08742209936978936,,,EXPLORATORY,False,0.043993948108349015,-0.06661250598706427,0.12999316319696685
REL_home,G,Med,DEV,O1c,2413,-0.012389743475115943,-0.04867139423193568,0.028276012975846487,-0.02039915023671189,,,EXPLORATORY,False,0.020156804795424317,-0.012390377499106904,0.5387532009171958
REL_home,G,PHYS,HELDOUT,O1c,697,0.09343917648134736,0.017587622398940683,0.16692073904797158,0.10129969025284645,,,EXPLORATORY,False,0.0384677275250668,0.09371254537029992,0.014845177161734849
REL_home,G,LIFEENV,HELDOUT,O1c,1105,-0.07695804228066824,-0.1388411332140128,-0.01161011552824477,-0.11489819379858755,,,EXPLORATORY,False,0.029578460789241694,-0.07711051349353099,0.009134417434264502
REL_home,G,SOC,HELDOUT,O1c,1327,-0.09188236829835009,-0.14663422794268538,-0.04126842495973192,-0.08489991133106158,,,EXPLORATORY,False,0.02762563112549802,-0.09214225431069789,0.0008517984024677141
REL_home,G,MATHDEC,HELDOUT,O1c,162,-0.12752491721362746,-0.29397090619056654,0.03237017176321413,-0.11790397606902903,,,EXPLORATORY,False,0.08527167108853587,-0.1282230376995877,0.13265855104482235
REL_home,G,COH_DEVHOME,COHORT,O1c,2406,0.04107626384144959,0.0031560440072524658,0.07843319723237849,0.07904214932093016,,,EXPLORATORY,False,0.020123606457242583,0.04109938936201486,0.04111711278372227
REL_home,G,COH_OTHER,COHORT,O1c,1838,-0.07797192741994055,-0.1219849436485018,-0.030463680849551155,-0.09968784071658253,,,EXPLORATORY,False,0.02438010432382472,-0.07813051959928567,0.0013521104171610521
RS,G,CS,DEV,O1c,373,-0.16639209829949544,-0.2503952545034912,-0.06806307497147293,0.24655125259299993,,,EXPLORATORY,False,0.0489823765396485,-0.16795371841767903,0.0006061217869376406
RS,G,Eng,DEV,O1c,1345,-0.06747319566494774,-0.12052529728442911,-0.015335095862262275,0.07374453433022549,,,EXPLORATORY,False,0.028278527066315992,-0.06757586982004674,0.01686429341018738
RS,G,BGM,DEV,O1c,483,-0.004927019390047669,-0.09104303244136004,0.0865980051421833,0.06050957974717619,,,EXPLORATORY,False,0.04766431382180357,-0.004927059259281074,0.9176693354305888
RS,G,Med,DEV,O1c,2568,0.05068967601622125,0.009160600386629546,0.08493268878242648,0.019554563994841945,,,EXPLORATORY,False,0.01943218119835795,0.05073315781905325,0.009033588104299854
RS,G,PHYS,HELDOUT,O1c,742,-0.07553381531105183,-0.14493072672424415,-0.007305292398731994,0.1588355644105371,,,EXPLORATORY,False,0.03733350094051193,-0.07567795819947461,0.04265432742847505
RS,G,LIFEENV,HELDOUT,O1c,1113,-0.003582261450009058,-0.07041236251897533,0.05184211496960044,0.13326035938853242,,,EXPLORATORY,False,0.03127624181146296,-0.003582276773366335,0.9088123744807327
RS,G,SOC,HELDOUT,O1c,1352,0.08724212935413343,0.037409301288250256,0.14231576333992554,0.07885187655739223,,,EXPLORATORY,False,0.02745453141611609,0.08746448445522712,0.0014435729138728634
RS,G,MATHDEC,HELDOUT,O1c,165,0.01804055503292662,-0.16492780738127008,0.2596245096992452,0.23352334789556184,,,EXPLORATORY,False,0.11537402829363125,0.018042512584663318,0.875731300863753
RS,G,COH_DEVHOME,COHORT,O1c,2484,-0.020907869447919464,-0.06329503698356867,0.02306214765580435,-0.012573495173527887,,,EXPLORATORY,False,0.021981828347019068,-0.02091091679564281,0.3414612612343162
RS,G,COH_OTHER,COHORT,O1c,1872,0.07072916229278009,0.024583405620281502,0.11562611218094415,0.11386125500547811,,,EXPLORATORY,False,0.024014641018005385,0.0708474611536918,0.003175910902423165
CONTACT_REACH,FR,CS,DEV,O1c,373,0.1640523334550081,0.06683531361381713,0.2662525234744786,0.3659958482181969,,,FROZEN,False,0.054151488850288906,0.1655482879974598,0.002234653138764579
CONTACT_REACH,FR,Eng,DEV,O1c,1345,0.08637941477636901,0.0294974860568435,0.14542430509853108,0.14741643024730255,,,FROZEN,False,0.028119866120142507,0.0865952189412507,0.002073461122239688
CONTACT_REACH,FR,BGM,DEV,O1c,483,0.013804040244253324,-0.08185509993865588,0.0956417851514295,0.16512537029285615,,,FROZEN,False,0.0469868846196723,0.013804917138160995,0.7689079631509188
CONTACT_REACH,FR,Med,DEV,O1c,2568,0.005268297220762213,-0.033749863607533404,0.04458442848121282,0.07396961386178161,,,FROZEN,False,0.01979123368911335,0.00526834596202573,0.7900883133131394
CONTACT_REACH,FR,PHYS,HELDOUT,O1c,742,0.026400798913282,-0.042975328971269634,0.09473495482654921,0.17809491602346988,,,FROZEN,False,0.03778833970281391,0.02640693528455245,0.484669692929139
CONTACT_REACH,FR,LIFEENV,HELDOUT,O1c,1113,0.05960789071907585,-0.00489680669654454,0.12238580572660089,0.17302801548745564,,,FROZEN,False,0.03332401868483754,0.059678639217828955,0.07331582604553259
CONTACT_REACH,FR,SOC,HELDOUT,O1c,1352,0.05118850389782211,-0.00039920147199183,0.11358811180070945,0.09528383989556298,,,FROZEN,False,0.028571370538568543,0.051233283432516014,0.07294597527592608
CONTACT_REACH,FR,MATHDEC,HELDOUT,O1c,165,0.06098678768411936,-0.0988783602872948,0.20432326146397503,0.2816334125913899,,,FROZEN,False,0.07968752856831672,0.0610625680510606,0.4435126374240125
CONTACT_REACH,FR,COH_DEVHOME,COHORT,O1c,2484,0.05582267750652732,0.013660180962942265,0.0961472414258924,0.11405981093292687,,,FROZEN,False,0.02122454742836205,0.055880770504202745,0.008467501203551142
CONTACT_REACH,FR,COH_OTHER,COHORT,O1c,1872,0.01767612620911035,-0.026177681819047366,0.0633718645563945,0.13325478767419704,,,FROZEN,False,0.023154091992891698,0.017677967495967457,0.44516994166179247
RETAINED_REACH,FR,CS,DEV,O1c,373,0.053966821056124395,-0.05598530278009706,0.15850981407894826,0.31909821127487237,,,EXPLORATORY,False,0.05667020735036666,0.05401930410787254,0.3404774614246955
RETAINED_REACH,FR,Eng,DEV,O1c,1345,-0.017483422381571648,-0.07080735092425183,0.035799855508261494,0.12661243685361048,,,EXPLORATORY,False,0.028198499476502034,-0.017485204094598333,0.5352079544943049
RETAINED_REACH,FR,BGM,DEV,O1c,483,-0.029996648007217602,-0.11500478810233046,0.06219851209207408,0.181978318828052,,,EXPLORATORY,False,0.04338275389452645,-0.03000564985117068,0.4891576153906959
RETAINED_REACH,FR,Med,DEV,O1c,2568,0.0286140232768315,-0.013065526292163726,0.0644655971629161,0.09223672429796637,,,EXPLORATORY,False,0.019916694209974047,0.028621836476921174,0.15069592581481264
RETAINED_REACH,FR,PHYS,HELDOUT,O1c,742,-0.009434065942905825,-0.07812676513259764,0.06817285559144116,0.18934360253454063,,,EXPLORATORY,False,0.03581108888647184,-0.009434345840174578,0.7922055974018292
RETAINED_REACH,FR,LIFEENV,HELDOUT,O1c,1113,0.022301275739797694,-0.03909378943182724,0.08230179356649374,0.17091011498375835,,,EXPLORATORY,False,0.031395015038239,0.022304974000233724,0.4774175131916143
RETAINED_REACH,FR,SOC,HELDOUT,O1c,1352,-0.0025058203850332355,-0.06280841227449878,0.049978659579689035,0.08571163653591776,,,EXPLORATORY,False,0.029531032370752136,-0.002505825629848493,0.9323774784202894
RETAINED_REACH,FR,MATHDEC,HELDOUT,O1c,165,-0.013720127209936935,-0.16321713419391662,0.16909209566234756,0.2102127220944457,,,EXPLORATORY,False,0.08208411789273926,-0.013720988208079928,0.8672460063089855
RETAINED_REACH,FR,COH_DEVHOME,COHORT,O1c,2484,-0.01587183103316602,-0.05445412896575017,0.0276487410088774,0.06665923205831532,,,EXPLORATORY,False,0.020579836687841323,-0.015873164018863843,0.44053097578064804
RETAINED_REACH,FR,COH_OTHER,COHORT,O1c,1872,0.004900439741832173,-0.042086077276536835,0.04888754914308389,0.1427789736225151,,,EXPLORATORY,False,0.024135648282229014,0.0049004789692898695,0.8391045145342574
RETENTION_RATIO_early,FR,CS,DEV,O1c,373,0.01460870767532151,-0.09833003850601996,0.12188152122487393,0.1253135392301088,,,EXPLORATORY,False,0.05647319634740964,0.014609747044316489,0.795864927592713
RETENTION_RATIO_early,FR,Eng,DEV,O1c,1345,-0.05009270983639787,-0.10603962281236785,0.006973473953022176,0.07673297876105861,,,EXPLORATORY,False,0.028854031112698655,-0.05013467190255101,0.08229410823769927
RETENTION_RATIO_early,FR,BGM,DEV,O1c,483,-0.051970503347444366,-0.1393054765308913,0.04547582226572848,0.0961715175649021,,,EXPLORATORY,False,0.04935488727536415,-0.0520173689390393,0.2919077993532112
RETENTION_RATIO_early,FR,Med,DEV,O1c,2568,0.032675207695686076,-0.0062058258793437245,0.07084958297792865,0.08732301331692544,,,EXPLORATORY,False,0.01950111861996479,0.03268684392171136,0.09370837377367304
RETENTION_RATIO_early,FR,PHYS,HELDOUT,O1c,742,-0.019932146581290444,-0.08937448496401978,0.061638659640249976,0.13989284589804862,,,EXPLORATORY,False,0.04065883341495558,-0.0199347868279627,0.6239257893591148
RETENTION_RATIO_early,FR,LIFEENV,HELDOUT,O1c,1113,0.0057999360800866555,-0.049891191372535615,0.06994124869569404,0.11102952497411589,,,EXPLORATORY,False,0.03066306922730017,0.00580000111658242,0.8499731694295111
RETENTION_RATIO_early,FR,SOC,HELDOUT,O1c,1352,-0.003927903044571848,-0.055287525082834126,0.04869378224334348,0.06229156061533444,,,EXPLORATORY,False,0.027640237546301502,-0.003927923245207857,0.8869940028667529
RETENTION_RATIO_early,FR,MATHDEC,HELDOUT,O1c,165,-0.05686533147546096,-0.21933997665632973,0.11407351551291137,0.10600456784860975,,,EXPLORATORY,False,0.08571296854027252,-0.05692674516926985,0.506590748974182
RETENTION_RATIO_early,FR,COH_DEVHOME,COHORT,O1c,2484,-0.03682529155498139,-0.07658130822230097,0.0011481058998965283,0.02177321435924877,,,EXPLORATORY,False,0.020675391932729378,-0.0368419513975993,0.07476182887654789
RETENTION_RATIO_early,FR,COH_OTHER,COHORT,O1c,1872,0.007216096630185098,-0.03989455892800363,0.05888838787907976,0.10681257176865773,,,EXPLORATORY,False,0.02474777474983013,0.007216221886414759,0.7705995583639352
FRONTIER_POTENTIAL,FR,CS,DEV,O1c,373,0.15721438374873717,0.055790314257267846,0.2503047929011437,0.24515941750383194,,,EXPLORATORY,False,0.050974422979700236,0.15852919382416125,0.001871030211934715
FRONTIER_POTENTIAL,FR,Eng,DEV,O1c,1345,0.009867256023361226,-0.04831573014617149,0.0649052141063588,0.09664990137107735,,,EXPLORATORY,False,0.027984416053912352,0.009867576276435475,0.7243810719017008
FRONTIER_POTENTIAL,FR,BGM,DEV,O1c,483,0.01385167121463771,-0.06717644474199129,0.08738609158331834,0.07084975442295634,,,EXPLORATORY,False,0.04324272480202519,0.013852557217794681,0.7487074004139129
FRONTIER_POTENTIAL,FR,Med,DEV,O1c,2568,0.023947001046220506,-0.016126688216324576,0.06709495747900157,0.07662188802422859,,,EXPLORATORY,False,0.021156275089438837,0.023951580161850786,0.2575812454431877
FRONTIER_POTENTIAL,FR,PHYS,HELDOUT,O1c,742,-0.07772086115228898,-0.15109055242668434,-0.006897742114660341,0.09140103148289011,,,EXPLORATORY,False,0.03743314275897164,-0.0778779225768846,0.03748393272233005
FRONTIER_POTENTIAL,FR,LIFEENV,HELDOUT,O1c,1113,-0.04589856988447156,-0.10624550195204471,0.015842041853903314,0.04942315783357935,,,EXPLORATORY,False,0.03213531764460371,-0.045930841866434084,0.15291952478411636
FRONTIER_POTENTIAL,FR,SOC,HELDOUT,O1c,1352,0.04597299820860191,-0.012130841908582454,0.09733426347620187,0.10392699670600547,,,EXPLORATORY,False,0.028563256880075064,0.046005427573620646,0.10725589282238779
FRONTIER_POTENTIAL,FR,MATHDEC,HELDOUT,O1c,165,-0.07405394995386352,-0.22342096643852263,0.09910049230931557,0.12495048062713153,,,EXPLORATORY,False,0.08927741119737838,-0.074189767439625,0.4059721187213101
FRONTIER_POTENTIAL,FR,COH_DEVHOME,COHORT,O1c,2484,-0.006141721466053809,-0.04942934440606311,0.03482557428438351,0.05268034968616645,,,EXPLORATORY,False,0.021285556738388573,-0.006141798691233057,0.7729311096409623
FRONTIER_POTENTIAL,FR,COH_OTHER,COHORT,O1c,1872,0.0009823362828005938,-0.04213707387417835,0.04873977614893828,0.09074470887014693,,,EXPLORATORY,False,0.02403697970398497,0.0009823365987805628,0.9674013502336418
D_rca_end,FR,CS,DEV,O1c,373,0.07830686117075188,-0.028106534785805177,0.19029327430170356,0.20831976307988698,,,EXPLORATORY,False,0.057462919785349745,0.07846751094325811,0.17208560104009918
D_rca_end,FR,Eng,DEV,O1c,1345,0.05671459633403028,0.0020333316717767924,0.1077969845736901,0.08587190644080014,,,EXPLORATORY,False,0.028442369982560552,0.056775522318733826,0.04591650580298868
D_rca_end,FR,BGM,DEV,O1c,483,-0.006736994378485671,-0.11160304124542829,0.09029429376279632,0.03995576914224673,,,EXPLORATORY,False,0.051644824586583135,-0.00673709630545876,0.8962099669470442
D_rca_end,FR,Med,DEV,O1c,2568,-0.03421360576340776,-0.0693295214085723,0.005864689812261147,-0.013229760135091565,,,EXPLORATORY,False,0.019116074300120432,-0.03422696496357461,0.07337664309048879
D_rca_end,FR,PHYS,HELDOUT,O1c,742,0.05393237179531485,-0.025502493092026263,0.13067427801343826,0.15716986859333218,,,EXPLORATORY,False,0.03790075127793012,0.05398475428777127,0.1543389266760034
D_rca_end,FR,LIFEENV,HELDOUT,O1c,1113,-0.0664490527593984,-0.12336479242358755,-0.006484575598641176,0.04181443433053108,,,EXPLORATORY,False,0.030729945232747274,-0.06654711409611311,0.030345886402637995
D_rca_end,FR,SOC,HELDOUT,O1c,1352,-0.023871211705685538,-0.07843191498727567,0.027447909359030225,0.02414090668310803,,,EXPLORATORY,False,0.02704492132273709,-0.023875747471873494,0.37733453119686866
D_rca_end,FR,MATHDEC,HELDOUT,O1c,165,0.1669882061798907,-0.02921634835626216,0.33780478500134453,0.32834844834899146,,,EXPLORATORY,False,0.09821943906862889,0.1685668629101178,0.08612048530466325
D_rca_end,FR,COH_DEVHOME,COHORT,O1c,2484,0.030541185962066,-0.00992494298912882,0.07082903352458024,0.025451364448543543,,,EXPLORATORY,False,0.020756619467725942,0.030550687186741362,0.14106064869939525
D_rca_end,FR,COH_OTHER,COHORT,O1c,1872,-0.01657709585407798,-0.060041401489501364,0.026749340610713396,0.06079360266500381,,,EXPLORATORY,False,0.022566807546037737,-0.016578614567062576,0.46255512420758116
D_vol_end,FR,CS,DEV,O1c,373,0.16186441068248064,0.06077697982357283,0.2526758455149307,0.27259168623875507,,,EXPLORATORY,False,0.05105135756995292,0.16330067797762615,0.0013802341572797365
D_vol_end,FR,Eng,DEV,O1c,1345,0.04572953629417582,-0.008091462015735656,0.09451166550174568,0.08371676540243234,,,EXPLORATORY,False,0.02681893195912998,0.045761452740243166,0.08795009307556408
D_vol_end,FR,BGM,DEV,O1c,483,-0.11516102320163162,-0.21854773162338392,-0.02094453002308643,0.017157528067264817,,,EXPLORATORY,False,0.0508391663473078,-0.11567420378086551,0.022888117984674897
D_vol_end,FR,Med,DEV,O1c,2568,-0.05991771180831302,-0.09580659106394453,-0.024826739395051367,-0.02868550856984656,,,EXPLORATORY,False,0.018647842475478942,-0.0599895708305786,0.0012955163554840931
D_vol_end,FR,PHYS,HELDOUT,O1c,742,0.03336140839833318,-0.031116740306733864,0.1050687033932713,0.1419873844773038,,,EXPLORATORY,False,0.03490957054808714,0.0333737935698913,0.3390687014417445
D_vol_end,FR,LIFEENV,HELDOUT,O1c,1113,-0.03628349085173776,-0.09330819867001396,0.024223603573178255,0.0810326867407449,,,EXPLORATORY,False,0.030016825693719627,-0.03629942574547866,0.22654660735840815
D_vol_end,FR,SOC,HELDOUT,O1c,1352,0.002220786543088851,-0.04813087798665993,0.058457823279236244,0.04358540367286742,,,EXPLORATORY,False,0.027374278474484225,0.002220790193993427,0.9353410376869041
D_vol_end,FR,MATHDEC,HELDOUT,O1c,165,0.04458240155684694,-0.11588784826228374,0.18486066020905112,0.25794166471155555,,,EXPLORATORY,False,0.0792771637922083,0.04461197401799077,0.5736158693161675
D_vol_end,FR,COH_DEVHOME,COHORT,O1c,2484,-0.0006295925904398955,-0.040513499053152074,0.04219318498075567,-0.0028802276048542365,,,EXPLORATORY,False,0.020624325800646742,-0.000629592673627319,0.9756469971808636
D_vol_end,FR,COH_OTHER,COHORT,O1c,1872,-0.029512872077233424,-0.0797496439483008,0.014421644413158212,0.04045969216016905,,,EXPLORATORY,False,0.023550475299792442,-0.029521445223202297,0.21000952293838904
M0_density_end,FR,CS,DEV,O1c,373,0.11218071964722337,0.015749108505509004,0.20601224659836737,0.23764190306499186,,,EXPLORATORY,False,0.05022381247752163,0.1126548850550026,0.024893125062268776
M0_density_end,FR,Eng,DEV,O1c,1345,0.06716008676488021,0.011984777345585227,0.1212630218692599,0.0896009037142131,,,EXPLORATORY,False,0.02756429253350559,0.06726133559603258,0.014680682134488476
M0_density_end,FR,BGM,DEV,O1c,483,-0.04452768009392901,-0.14474786669567588,0.04072760726314248,0.03157393121744207,,,EXPLORATORY,False,0.04775968431578213,-0.04455714370857915,0.35084852837602465
M0_density_end,FR,Med,DEV,O1c,2568,-0.053857414174849065,-0.09083561892273849,-0.018075688148773607,-0.025652425477620065,,,EXPLORATORY,False,0.01939897926072387,-0.053909578306642884,0.005452812644143148
M0_density_end,FR,PHYS,HELDOUT,O1c,742,0.007002123120621336,-0.06610371336583237,0.08021121230867974,0.13044697043852876,,,EXPLORATORY,False,0.03764671775004253,0.007002237561385754,0.8524458432694493
M0_density_end,FR,LIFEENV,HELDOUT,O1c,1113,-0.005414481931684376,-0.06460941317647448,0.0602406421419157,0.07294804194222697,,,EXPLORATORY,False,0.03146407627207796,-0.005414534844041768,0.8633697236979795
M0_density_end,FR,SOC,HELDOUT,O1c,1352,0.08389970809593889,0.028529969546768043,0.13778305423213474,0.09219446478394994,,,EXPLORATORY,False,0.02647422151419781,0.08409740492687626,0.0014902418853753284
M0_density_end,FR,MATHDEC,HELDOUT,O1c,165,0.14932683246529377,-0.017955275594326192,0.31171409953553947,0.28757072104021836,,,EXPLORATORY,False,0.08697400594772021,0.15045184451908147,0.08365736548103363
M0_density_end,FR,COH_DEVHOME,COHORT,O1c,2484,0.02172390110345761,-0.020277859342687443,0.06633468416571421,0.08562735918563438,,,EXPLORATORY,False,0.02144338021640214,0.02172731944296055,0.3109448957519596
M0_density_end,FR,COH_OTHER,COHORT,O1c,1872,0.02354860201725844,-0.029130685945060776,0.06701406854655637,0.06779316234630077,,,EXPLORATORY,False,0.024103035699085836,0.023552956320469033,0.3284810354499539
D_z,A,CS,DEV,O1c,279,0.07935793816508513,-0.04365922513434774,0.18539940403611382,0.05119998276032867,,,EXPLORATORY,False,0.05747034488143143,0.079525160852721,0.16643197383907116
D_z,A,Eng,DEV,O1c,946,-0.036104536695978656,-0.10536068614572178,0.03664189765898465,-0.07859719872680512,,,EXPLORATORY,False,0.03565176691086275,-0.03612023685059798,0.3109932179343582
D_z,A,BGM,DEV,O1c,363,-0.048640848668777645,-0.15738062599901173,0.04653404822315727,-0.16891211422766375,,,EXPLORATORY,False,0.05428293793902643,-0.04867926353175546,0.3698421186669174
D_z,A,Med,DEV,O1c,1697,-0.0023896406544024382,-0.048209483772628646,0.040626989207402264,-0.07586669316708092,,,EXPLORATORY,False,0.024007680678656947,-0.00238964520300538,0.920712153702615
D_z,A,PHYS,HELDOUT,O1c,495,-0.11385939333860155,-0.20658712293405382,-0.022442842959125697,-0.11354588482771143,,,EXPLORATORY,False,0.045971944938621,-0.11435527920745617,0.01286439329902171
D_z,A,LIFEENV,HELDOUT,O1c,779,-0.055771363795855455,-0.13676746293557698,0.009541082203456458,-0.0865610023771189,,,EXPLORATORY,False,0.03799859007815201,-0.055829296539237565,0.1417659344682466
D_z,A,SOC,HELDOUT,O1c,1022,0.02116835367141224,-0.04595867566580508,0.08300526082501018,0.010455553231160609,,,EXPLORATORY,False,0.03250674595274042,0.02117151636253718,0.5148553753864742
D_z,A,MATHDEC,HELDOUT,O1c,94,0.19454472386667596,-0.06454090377461245,0.4092373783074777,0.25953691232912307,,,EXPLORATORY,False,0.12626850035530657,0.19705636479854366,0.11861489953149372
D_z,A,COH_DEVHOME,COHORT,O1c,1682,-0.05137207682702082,-0.09861088281505889,-0.005113951575661186,-0.14943557988774583,,,EXPLORATORY,False,0.024063422773389333,-0.05141734037091119,0.0326189336482682
D_z,A,COH_OTHER,COHORT,O1c,1318,0.03524240532798693,-0.018473717428322343,0.09246219916850686,-0.006644662494318421,,,EXPLORATORY,False,0.02939370448346993,0.03525700688540417,0.23034338993448533
D_ratio,A,CS,DEV,O1c,279,0.10402560928051129,-0.010468921214091126,0.21518642369335236,0.10839211652164468,,,EXPLORATORY,False,0.06124343991682411,0.10440329629993877,0.08824550200057475
D_ratio,A,Eng,DEV,O1c,946,-0.03284212922230886,-0.09645472650258227,0.03928615112076096,-0.06626464418285352,,,EXPLORATORY,False,0.03509302717226745,-0.03285394476971685,0.34917238346938184
D_ratio,A,BGM,DEV,O1c,363,-0.03475958068369266,-0.14086089188370654,0.07112403380085153,-0.13557881379741224,,,EXPLORATORY,False,0.05337362728533404,-0.03477359001240025,0.5147156542811396
D_ratio,A,Med,DEV,O1c,1697,-0.008268261333150059,-0.05206497867374152,0.03376923423504385,-0.07348804754614845,,,EXPLORATORY,False,0.023708393539680492,-0.008268449758419236,0.72727233205435
D_ratio,A,PHYS,HELDOUT,O1c,495,-0.11298176493655629,-0.20004346653164617,-0.026922141498006442,-0.10876819614521803,,,EXPLORATORY,False,0.04526492269301229,-0.11346621360292988,0.01218592810227201
D_ratio,A,LIFEENV,HELDOUT,O1c,779,-0.0428853806577051,-0.11811485010680399,0.022447383017408746,-0.07351843462563083,,,EXPLORATORY,False,0.034774005898295185,-0.042911700674367545,0.21719671706948895
D_ratio,A,SOC,HELDOUT,O1c,1022,0.0025293893834351768,-0.05768407612772016,0.06546184763354342,-0.0015776838138027575,,,EXPLORATORY,False,0.03190657877266749,0.0025293947776406644,0.936813872234156
D_ratio,A,MATHDEC,HELDOUT,O1c,94,0.21495795595906483,-0.0514868684047499,0.4166965582950363,0.2844735096722187,,,EXPLORATORY,False,0.1220349714844364,0.21836373769550854,0.07355785773175164
D_ratio,A,COH_DEVHOME,COHORT,O1c,1682,-0.05004048260994587,-0.09385144992873667,0.0016344590518657515,-0.12658383369523785,,,EXPLORATORY,False,0.024868497099118588,-0.05008231343098822,0.04402152365655967
D_ratio,A,COH_OTHER,COHORT,O1c,1318,0.035520880997920265,-0.02228097839157669,0.09568955784425023,0.005604272551687884,,,EXPLORATORY,False,0.029295444227984014,0.03553583160685182,0.2251238464695714
D_rare,A,CS,DEV,O1c,42,0.13716408081652534,-0.3084617808201553,0.5213028839743201,0.24670642689433403,,,EXPLORATORY,False,0.22916135501058185,0.1380341245226674,0.546944721167172
D_rare,A,Eng,DEV,O1c,151,-0.0989053139521209,-0.2530033110357274,0.06821279848389991,-0.037497560449999856,,,EXPLORATORY,False,0.08704499038450683,-0.09922972605121279,0.2542937819863508
D_rare,A,BGM,DEV,O1c,68,0.192348931445616,-0.06181803939153554,0.42379629786334083,0.2385334811160779,,,EXPLORATORY,False,0.12895385803074674,0.19477520655571917,0.13093486408595817
D_rare,A,Med,DEV,O1c,295,-0.06157064149490643,-0.17800735136140933,0.04691963331106699,-0.11753099462631492,,,EXPLORATORY,False,0.06096091173051386,-0.06164862256082032,0.3118818724995305
D_rare,A,PHYS,HELDOUT,O1c,77,-0.1718274569051026,-0.41892447335774186,0.08241914252779378,-0.1912995302357025,,,EXPLORATORY,False,0.13672116935313042,-0.17354911008589385,0.2043108012505167
D_rare,A,LIFEENV,HELDOUT,O1c,110,0.06340644226056229,-0.15336310059960984,0.260307803006018,0.11966527449372191,,,EXPLORATORY,False,0.10815331948388021,0.06349162042317295,0.5571687964286398
D_rare,A,SOC,HELDOUT,O1c,174,0.016735645213614432,-0.1460966939120828,0.1632575642204688,0.00822157519763901,,,EXPLORATORY,False,0.08347266701584573,0.01673720792622937,0.841080768650805
D_rare,A,MATHDEC,HELDOUT,O1c,10,,,,0.22424242424242422,,,EXPLORATORY,False,,,
D_rare,A,COH_DEVHOME,COHORT,O1c,307,-0.09612892816437286,-0.20774721404086874,0.010115432759764146,-0.11518906509442393,,,EXPLORATORY,False,0.058519936723124,-0.0964266826028922,0.09940238043130056
D_rare,A,COH_OTHER,COHORT,O1c,183,0.04391419711433367,-0.11498309582543259,0.21179875133030468,0.09634495069345256,,,EXPLORATORY,False,0.0844508296759438,0.04394245869829597,0.6028322819321793
D_sub,A,CS,DEV,O1c,279,-0.018626480139215102,-0.15995064903990458,0.10639761589962579,-0.04577434875258776,,,EXPLORATORY,False,0.06766373781752345,-0.018628634713862644,0.7830765944142873
D_sub,A,Eng,DEV,O1c,946,-0.015230104396597033,-0.07651799217039519,0.04533274921365331,-0.07578088716989571,,,EXPLORATORY,False,0.03179760159687819,-0.015231282132282076,0.6319334612416364
D_sub,A,BGM,DEV,O1c,363,0.04729407588733288,-0.043804623277910806,0.14477274965033177,-0.016774116181756848,,,EXPLORATORY,False,0.04814727974033457,0.047329384638505965,0.32560121695835076
D_sub,A,Med,DEV,O1c,1697,-0.014861473257266939,-0.058907021154155005,0.034164801035164095,-0.08581397919278072,,,EXPLORATORY,False,0.024126842706828633,-0.014862567520721907,0.5378826910566921
D_sub,A,PHYS,HELDOUT,O1c,495,-6.646392870122179e-05,-0.0890874616593269,0.09239601481328447,0.04087688437676839,,,EXPLORATORY,False,0.04855580396362563,-6.646392879908891e-05,0.9989078437230972
D_sub,A,LIFEENV,HELDOUT,O1c,779,-0.023156972250178508,-0.09593918988587774,0.047785009640539174,-0.045275074844890136,,,EXPLORATORY,False,0.03787406668134989,-0.023161112855491318,0.5408490284440586
D_sub,A,SOC,HELDOUT,O1c,1022,0.0716521050914633,0.012238396047592333,0.13395860489316086,0.05609100408167666,,,EXPLORATORY,False,0.03183477470399495,0.07177510541933634,0.024157613933935784
D_sub,A,MATHDEC,HELDOUT,O1c,94,-0.10509713590787018,-0.2984888336244723,0.12571066730924435,-0.11690507764867421,,,EXPLORATORY,False,0.11413847784233047,-0.10548666762155981,0.35538271373764674
D_sub,A,COH_DEVHOME,COHORT,O1c,1682,-0.004316256808360441,-0.054499665391032015,0.04424880185134895,-0.061043101787302004,,,EXPLORATORY,False,0.025151179467115824,-0.004316283612719635,0.8637413410854733
D_sub,A,COH_OTHER,COHORT,O1c,1318,0.00897287619068477,-0.047005365031381224,0.06038617327966972,-0.03189725505989083,,,EXPLORATORY,False,0.028000026383740693,0.008973117011904452,0.7486134612085472
D_obs,A,CS,DEV,O1c,279,0.07503215425284454,-0.034267063465631055,0.18929501853931152,0.2764974516999066,,,EXPLORATORY,False,0.05731780392784128,0.075173437746755,0.189682191075225
D_obs,A,Eng,DEV,O1c,946,-0.047254259011126974,-0.11134790373008976,0.015190810003828301,0.0569759012761835,,,EXPLORATORY,False,0.032976148122874846,-0.04728947857835961,0.15155770617662248
D_obs,A,BGM,DEV,O1c,363,0.04994705237437705,-0.06232280590335275,0.15831053224050481,0.20301940753295694,,,EXPLORATORY,False,0.05676220205448361,0.04998864909287805,0.3784975976067372
D_obs,A,Med,DEV,O1c,1697,-0.012701768302087949,-0.06409624446403951,0.033838111943473574,0.05858016576342799,,,EXPLORATORY,False,0.025254338787170198,-0.012702451447800814,0.6149776620429914
D_obs,A,PHYS,HELDOUT,O1c,495,-0.047360977104652646,-0.14156362351245774,0.047444913583224745,0.06027715554452565,,,EXPLORATORY,False,0.048673420700466895,-0.04739643604394294,0.33017361729502026
D_obs,A,LIFEENV,HELDOUT,O1c,779,-0.025502155299878124,-0.09211929519930846,0.04502875043418225,0.03698847803854132,,,EXPLORATORY,False,0.035692793716986124,-0.02550768598480229,0.47482826795349187
D_obs,A,SOC,HELDOUT,O1c,1022,-0.021054233518807204,-0.08256404652738254,0.04032153850517035,0.020486921356327216,,,EXPLORATORY,False,0.032346015268068226,-0.02105734532529322,0.5150447030292793
D_obs,A,MATHDEC,HELDOUT,O1c,94,0.21660514131382727,-0.019795181438069638,0.4350549192124718,0.3677080729706423,,,EXPLORATORY,False,0.1243378586044273,0.22009136472862414,0.07670924955926428
D_obs,A,COH_DEVHOME,COHORT,O1c,1682,-0.02482271748337505,-0.07278560731323062,0.021764620693187606,0.11018577063455388,,,EXPLORATORY,False,0.025237985496525936,-0.02482781768468468,0.32523943398798383
D_obs,A,COH_OTHER,COHORT,O1c,1318,-0.02146703318353502,-0.08552831685425501,0.03833777699262712,0.0828839803842288,,,EXPLORATORY,False,0.030589394232405906,-0.021470331671725656,0.48274895328548806
NOV,A,CS,DEV,O1c,349,0.05773161807438995,-0.049183902086429844,0.16247123558030693,0.14096239670417876,,,EXPLORATORY,False,0.05476159814448498,0.057795885310487606,0.29123829367803955
NOV,A,Eng,DEV,O1c,1276,-0.05123852447924523,-0.10244832235498381,0.0029920635653135894,-0.026068716898243412,,,EXPLORATORY,False,0.02641541597355078,-0.051283435554139715,0.052207268661823986
NOV,A,BGM,DEV,O1c,464,-0.020360476832970927,-0.10993482986892933,0.07195145478794202,-0.002654303840120164,,,EXPLORATORY,False,0.04796225180809835,-0.020363291004856086,0.6711508085916993
NOV,A,Med,DEV,O1c,2379,-0.021600479021633853,-0.05827706134703742,0.016556411843267182,-0.030679630717519817,,,EXPLORATORY,False,0.01932640082927919,-0.021603839417918935,0.26363499144324454
NOV,A,PHYS,HELDOUT,O1c,691,-0.04421692328477246,-0.12602104596910407,0.029337225003143202,0.0006703134062022466,,,EXPLORATORY,False,0.04124259117634371,-0.044245773840403305,0.2833530043289847
NOV,A,LIFEENV,HELDOUT,O1c,1061,-0.0022193728844949637,-0.06382569688225392,0.05288932941560867,0.00707225775813241,,,EXPLORATORY,False,0.030998286607196997,-0.0022193765284319296,0.9429228278015149
NOV,A,SOC,HELDOUT,O1c,1296,0.029182646459724765,-0.01920096118882607,0.0827035603932225,0.03551416693502302,,,EXPLORATORY,False,0.027099572333327538,0.029190934937153582,0.28140286466557285
NOV,A,MATHDEC,HELDOUT,O1c,144,0.16274958847286417,-0.011977841012527414,0.3296470464565658,0.3084370289765745,,,EXPLORATORY,False,0.0897769587435658,0.16420980549090933,0.06738668064824858
NOV,A,COH_DEVHOME,COHORT,O1c,2331,-0.047826671743969776,-0.08949776079804944,-0.009777650886176643,-0.030975409025662027,,,EXPLORATORY,False,0.02047045164390813,-0.047863187965212675,0.019378957889486834
NOV,A,COH_OTHER,COHORT,O1c,1754,0.004249801002647045,-0.03791130688521646,0.053155866970671956,0.04115155295192123,,,EXPLORATORY,False,0.023353810065660403,0.004249826587871744,0.8556017741081083
NOV_res,A,CS,DEV,O1c,349,0.06426950116704137,-0.036501171758448886,0.1640021564437067,0.1432700852655021,,,EXPLORATORY,False,0.05087122809741478,0.0643582109892739,0.20582829403371106
NOV_res,A,Eng,DEV,O1c,1276,-0.04654854048781807,-0.09621238395884534,0.010477290968484985,-0.016173693565938646,,,EXPLORATORY,False,0.0276223803406812,-0.0465822042047888,0.091720021818374
NOV_res,A,BGM,DEV,O1c,464,-0.02286008200331098,-0.11836913341060377,0.05829175366963984,-0.00622416246428175,,,EXPLORATORY,False,0.04726098895228951,-0.02286406535176995,0.6285398460749668
NOV_res,A,Med,DEV,O1c,2379,-0.017843286522733568,-0.05818759342812355,0.022309970884758362,-0.02540411421875577,,,EXPLORATORY,False,0.02084961744114718,-0.017845180550176778,0.3920532811641865
NOV_res,A,PHYS,HELDOUT,O1c,691,-0.04824152247907698,-0.12349605248659463,0.03583383464729301,0.006533733987848012,,,EXPLORATORY,False,0.04075653188326645,-0.0482789980944404,0.2361871828447073
NOV_res,A,LIFEENV,HELDOUT,O1c,1061,-0.0032862857160914226,-0.059353407777054695,0.056746462503185345,0.005839996321016743,,,EXPLORATORY,False,0.03032281434154317,-0.0032862975464393387,0.9136965953891633
NOV_res,A,SOC,HELDOUT,O1c,1296,0.028849209690754486,-0.02589337377442362,0.0872237586653021,0.03235211960136892,,,EXPLORATORY,False,0.02792029752992741,0.028857217200081532,0.3013433397695001
NOV_res,A,MATHDEC,HELDOUT,O1c,144,0.18016262783817966,0.006417389007800042,0.34138619560577976,0.3163843176104048,,,EXPLORATORY,False,0.09046511322094482,0.18215076710409042,0.044062912758458986
NOV_res,A,COH_DEVHOME,COHORT,O1c,2331,-0.041989615278118314,-0.07864060605883907,-0.0032877922627747567,-0.01950312003661243,,,EXPLORATORY,False,0.019859146370044368,-0.04201431910286858,0.03437751723820214
NOV_res,A,COH_OTHER,COHORT,O1c,1754,-0.001675251455242749,-0.047146260808732174,0.04622594777327512,0.03935402934595607,,,EXPLORATORY,False,0.023999789217831923,-0.0016752530224249415,0.9443506007752517
F_res,A,CS,DEV,O1c,361,-0.07287982992268925,-0.17334332063756347,0.03239444423249168,-0.07286164479136321,,,EXPLORATORY,False,0.05369155999574386,-0.07300927570277743,0.17389621484418472
F_res,A,Eng,DEV,O1c,1309,0.03397039893275147,-0.019951490935508437,0.08478620238112689,0.022528831515418277,,,EXPLORATORY,False,0.02849511467030856,0.033983475132095084,0.2330232968241156
F_res,A,BGM,DEV,O1c,478,0.04667714079008079,-0.039396258305268175,0.1400270240707105,0.040681190101362064,,,EXPLORATORY,False,0.044689991543676415,0.04671108453285437,0.29591911437587737
F_res,A,Med,DEV,O1c,2484,0.0018874604260916328,-0.03399866058054937,0.04377252449587395,-0.009244260304793457,,,EXPLORATORY,False,0.020128978091858048,0.0018874626674599958,0.92529311059505
F_res,A,PHYS,HELDOUT,O1c,712,-0.012578831199247974,-0.07921635991974853,0.05194269230647408,-0.023712296310376718,,,EXPLORATORY,False,0.03328614107241734,-0.012579494699123587,0.7054901078838702
F_res,A,LIFEENV,HELDOUT,O1c,1091,0.012512053614392938,-0.045384753017128715,0.07398819569130675,-0.0073582260369451594,,,EXPLORATORY,False,0.03181226172540481,0.012512706602590419,0.6940760025049288
F_res,A,SOC,HELDOUT,O1c,1311,0.006048680350883069,-0.0456128789919657,0.060351129049872956,-0.0029276709437373112,,,EXPLORATORY,False,0.02767085367295822,0.006048754119252178,0.8269643131805374
F_res,A,MATHDEC,HELDOUT,O1c,160,-0.01697265979322753,-0.1725784083925314,0.1485166035626322,0.00578808235740047,,,EXPLORATORY,False,0.08023314482325057,-0.01697428985302813,0.8324487066025246
F_res,A,COH_DEVHOME,COHORT,O1c,2406,-0.06133042054400179,-0.10333002777232769,-0.02029230129107123,-0.07905697253643569,,,EXPLORATORY,False,0.020810325162824852,-0.06140749105572244,0.0031693316508208443
F_res,A,COH_OTHER,COHORT,O1c,1816,-0.016899578926564414,-0.05516636613835458,0.02619616433520497,-0.008890305799825188,,,EXPLORATORY,False,0.022515028853394143,-0.01690118801837685,0.4528557922061176
F_z,A,CS,DEV,O1c,361,-0.06264526743386352,-0.1625310100408101,0.033851786708146286,-0.07443939422636246,,,EXPLORATORY,False,0.05310667626718029,-0.06272740991740272,0.23753970534501057
F_z,A,Eng,DEV,O1c,1309,0.03325942716018896,-0.02288622731532162,0.0903803015804056,0.026485364964955935,,,EXPLORATORY,False,0.02939257858314793,0.03327169904921846,0.25764444572357836
F_z,A,BGM,DEV,O1c,478,0.03462421529848678,-0.058538073461984086,0.11671644967763946,0.014160938024528752,,,EXPLORATORY,False,0.044137618244241915,0.03463806151467358,0.4325860031438644
F_z,A,Med,DEV,O1c,2484,-0.0015022736736264965,-0.03648749890383011,0.034910842247869875,-0.013939716075710767,,,EXPLORATORY,False,0.018825265870399316,-0.0015022748037515506,0.9363955390317033
F_z,A,PHYS,HELDOUT,O1c,712,-0.01742300212068886,-0.076514957237931,0.0544986180218399,-0.031330094914950535,,,EXPLORATORY,False,0.035207957235600516,-0.017424765423194346,0.6206637455959769
F_z,A,LIFEENV,HELDOUT,O1c,1091,0.018503638915230106,-0.04354898540150345,0.07505824505466861,-0.0017184849509443618,,,EXPLORATORY,False,0.0320394120269242,0.018505751136492766,0.5635387016475079
F_z,A,SOC,HELDOUT,O1c,1311,0.00809600080442215,-0.048021619962566486,0.06134704263813477,-0.0016776634711674464,,,EXPLORATORY,False,0.02817080293743872,0.00809617769612115,0.7738090797193417
F_z,A,MATHDEC,HELDOUT,O1c,160,-0.018441378541574613,-0.18199585549847924,0.12205648872161282,-0.0015631191787765886,,,EXPLORATORY,False,0.07688256429889996,-0.01844346951023491,0.8104144124857011
F_z,A,COH_DEVHOME,COHORT,O1c,2406,-0.06417826562328141,-0.10658296539995511,-0.02401325259897798,-0.08189485400578116,,,EXPLORATORY,False,0.02088822260437716,-0.06426659756690661,0.002093124563817785
F_z,A,COH_OTHER,COHORT,O1c,1816,-0.019491631662885187,-0.06848625202674295,0.023178536031385644,-0.012270156323066505,,,EXPLORATORY,False,0.02359811836941438,-0.01949410067003542,0.4087546968344846
deg_W1,A,CS,DEV,O1c,373,0.00789820486580692,-0.0997398270532313,0.11324675953591734,0.07413415140617445,,,EXPLORATORY,False,0.05594275512107028,0.007898369106278781,0.8877225074529875
deg_W1,A,Eng,DEV,O1c,1345,-0.0037447160827710287,-0.059626724508917824,0.046423443287050614,0.006632148795341933,,,EXPLORATORY,False,0.028190960615860183,-0.0037447335868428674,0.894324228981771
deg_W1,A,BGM,DEV,O1c,483,-0.11930126976412063,-0.20486685159046802,-0.03353455981437933,-0.059371739876406725,,,EXPLORATORY,False,0.04595156847545495,-0.11987214963904952,0.009089674939061085
deg_W1,A,Med,DEV,O1c,2568,-0.0012285312117557075,-0.04017721715465059,0.03466216626200763,-0.017837571362242864,,,EXPLORATORY,False,0.019377656012889825,-0.00122853182982579,0.9494484623431126
deg_W1,A,PHYS,HELDOUT,O1c,742,-0.0345547420323797,-0.1040968780502475,0.04605508159839393,-0.004919718707667168,,,EXPLORATORY,False,0.03668532865496146,-0.034568505028930656,0.3460401866016779
deg_W1,A,LIFEENV,HELDOUT,O1c,1113,0.012996917261276638,-0.0454796106913922,0.07020597881623777,0.03955525414498187,,,EXPLORATORY,False,0.030812383186709334,0.012997649147930205,0.6731476485715626
deg_W1,A,SOC,HELDOUT,O1c,1352,0.06771970280279407,0.017220884193845806,0.11985397999771857,0.04033110592076524,,,EXPLORATORY,False,0.026614669880330857,0.06782350848957738,0.010823365231240343
deg_W1,A,MATHDEC,HELDOUT,O1c,165,-0.05251567432293811,-0.2282026561621387,0.12800292163606755,0.038084085484192086,,,EXPLORATORY,False,0.08954769143638214,-0.052564031957644974,0.5572071786048343
deg_W1,A,COH_DEVHOME,COHORT,O1c,2484,0.020534112833666112,-0.0198341888360766,0.06072948055486729,0.025098299608703713,,,EXPLORATORY,False,0.021446982426338995,0.020536999632152563,0.338279334813229
deg_W1,A,COH_OTHER,COHORT,O1c,1872,-0.010080551131199487,-0.05447979862148168,0.038080237726222245,0.0010462453110289644,,,EXPLORATORY,False,0.023814553683966903,-0.01008089260552511,0.6720705118296194
deg_W3,A,CS,DEV,O1c,373,-0.03259162125294683,-0.12761287073485805,0.0746203945182402,0.30940369821196684,,,EXPLORATORY,False,0.052926714692743175,-0.032603168369502354,0.5378906276729121
deg_W3,A,Eng,DEV,O1c,1345,0.03975810812081148,-0.013706679517393008,0.09748919319754273,0.2669013521538777,,,EXPLORATORY,False,0.02880720857988589,0.03977907665354899,0.16731822522657835
deg_W3,A,BGM,DEV,O1c,483,-0.1178923752550262,-0.19888837048870622,-0.0314936817763374,0.33940332480196783,,,EXPLORATORY,False,0.045969207167887716,-0.11844315578674156,0.009978426766287643
deg_W3,A,Med,DEV,O1c,2568,0.017888569938467776,-0.020758114395586228,0.055413444301953246,0.2680356839458703,,,EXPLORATORY,False,0.019841419476424444,0.01789047842461031,0.3672304337353799
deg_W3,A,PHYS,HELDOUT,O1c,742,-0.01320645701182681,-0.08859682372793623,0.0588757306659011,0.2572403593812097,,,EXPLORATORY,False,0.03753087488177891,-0.013207224873802508,0.7249110610093423
deg_W3,A,LIFEENV,HELDOUT,O1c,1113,-0.010727179324127133,-0.07476268859898891,0.04699074845209674,0.20433733861388648,,,EXPLORATORY,False,0.03231970473908292,-0.010727590819877019,0.7399488636536697
deg_W3,A,SOC,HELDOUT,O1c,1352,-0.010215762729501816,-0.06301873141030036,0.043456401326300034,0.15532832116246936,,,EXPLORATORY,False,0.02800896964691742,-0.010216118130246253,0.7153021241092468
deg_W3,A,MATHDEC,HELDOUT,O1c,165,-0.023763983789129126,-0.17560494587606015,0.12355641043643707,0.19771357753613225,,,EXPLORATORY,False,0.07990813020098438,-0.02376845869265398,0.7661250259540757
deg_W3,A,COH_DEVHOME,COHORT,O1c,2484,-0.0037180637485811365,-0.04302635797985275,0.03877597445467021,0.30110327709837176,,,EXPLORATORY,False,0.02073234436180284,-0.003718080881558567,0.8576729277900692
deg_W3,A,COH_OTHER,COHORT,O1c,1872,-0.012475903035991262,-0.059089086170472614,0.029413240757999382,0.25168207565401834,,,EXPLORATORY,False,0.023003871223244102,-0.01247655038021677,0.5875654162051107
deg_growth,A,CS,DEV,O1c,373,0.009636122195031117,-0.0868095554448696,0.11925809916177842,0.2978170809775218,,,EXPLORATORY,False,0.05584090757219211,0.009636420465212202,0.8629900674343953
deg_growth,A,Eng,DEV,O1c,1345,0.03286289497128156,-0.022543445658114607,0.08970900697011275,0.2708699856032524,,,EXPLORATORY,False,0.02834354335864498,0.03287473295512001,0.24610307016992838
deg_growth,A,BGM,DEV,O1c,483,0.006473899184161884,-0.09285466076609786,0.09067544734913441,0.4233268205476196,,,EXPLORATORY,False,0.04586433795474337,0.006473989629765726,0.8877473397301854
deg_growth,A,Med,DEV,O1c,2568,0.021440667793301945,-0.017865640534284535,0.059587801169545845,0.29529774364483796,,,EXPLORATORY,False,0.019592887485359135,0.021443954140765525,0.27374606596968853
deg_growth,A,PHYS,HELDOUT,O1c,742,0.03511500775208352,-0.03873178603505758,0.10671300951649217,0.30221110647272953,,,EXPLORATORY,False,0.0376796610895655,0.03512945145420126,0.351171862702671
deg_growth,A,LIFEENV,HELDOUT,O1c,1113,-0.03364574402516987,-0.09475905526071984,0.024709414063475498,0.18257857090807306,,,EXPLORATORY,False,0.03151618962398699,-0.033658448721106626,0.2855325603999126
deg_growth,A,SOC,HELDOUT,O1c,1352,-0.09522408849458337,-0.15072227631226795,-0.04334309698928844,0.12445078811232356,,,EXPLORATORY,False,0.02893511110145615,-0.09551348344869147,0.0009635652823527984
deg_growth,A,MATHDEC,HELDOUT,O1c,165,-0.035260534819708346,-0.1853040479452045,0.12528767336728344,0.13539969159974669,,,EXPLORATORY,False,0.08248183240020439,-0.03527515893406236,0.6688900377603256
deg_growth,A,COH_DEVHOME,COHORT,O1c,2484,-0.01579619732684276,-0.05569155007122781,0.022929048451034047,0.31796436030405006,,,EXPLORATORY,False,0.019617410885223716,-0.01579751134516836,0.42065804073491153
deg_growth,A,COH_OTHER,COHORT,O1c,1872,-0.004038745125611109,-0.051196090263896925,0.038850586821755344,0.2595667792395621,,,EXPLORATORY,False,0.023407049983643437,-0.004038767085105494,0.8630091660009723
str_growth,A,CS,DEV,O1c,373,0.00031385327168648907,-0.12567521107925564,0.11543408870154111,0.27548458981780666,,,EXPLORATORY,False,0.061922835435524785,0.00031385328199174425,0.9959559730409193
str_growth,A,Eng,DEV,O1c,1345,0.036170129278216945,-0.017189988881754294,0.08963755670222824,0.25500371926896376,,,EXPLORATORY,False,0.027532955896022844,0.03618591520266885,0.1887531934317529
str_growth,A,BGM,DEV,O1c,483,0.0077972579348074755,-0.07696806925567254,0.09479228878956562,0.4041633529107089,,,EXPLORATORY,False,0.04398670239369703,0.0077974159578033265,0.8592982207399534
str_growth,A,Med,DEV,O1c,2568,0.020259401819430325,-0.01838406519546656,0.061821665020427935,0.2767898862390843,,,EXPLORATORY,False,0.02035186386497867,0.020262174281224322,0.31944791148274676
str_growth,A,PHYS,HELDOUT,O1c,742,0.025636159391109952,-0.04940686156635443,0.09844594324249901,0.2777803064364978,,,EXPLORATORY,False,0.03852912206396903,0.02564177774298732,0.5057200064555661
str_growth,A,LIFEENV,HELDOUT,O1c,1113,-0.03318100125867219,-0.08861436961449731,0.03556329550264353,0.16401751820373103,,,EXPLORATORY,False,0.03242685074654049,-0.033193186502578395,0.3060087689328461
str_growth,A,SOC,HELDOUT,O1c,1352,-0.09838043256382391,-0.1507856975380282,-0.043203462636242404,0.10441195591683447,,,EXPLORATORY,False,0.02783496524546514,-0.09869968715103815,0.00039129152033579435
str_growth,A,MATHDEC,HELDOUT,O1c,165,-0.05152234202513303,-0.19726200435278377,0.10243632980079143,0.11825342185082353,,,EXPLORATORY,False,0.08096734973231143,-0.051568004349041074,0.524190792908966
str_growth,A,COH_DEVHOME,COHORT,O1c,2484,-0.030689243179686493,-0.06622851903915432,0.00662958631880944,0.28624347093717367,,,EXPLORATORY,False,0.01896792857956996,-0.030698883307577703,0.10556293715114072
str_growth,A,COH_OTHER,COHORT,O1c,1872,-0.011045890447097615,-0.054489978880946734,0.03578530702761619,0.23712654053204166,,,EXPLORATORY,False,0.02342260766487127,-0.011046339722596436,0.6372050741701869
new_edge_rate,A,CS,DEV,O1c,373,0.030390482323747848,-0.07707813116583132,0.14279336013718863,0.2636518632917695,,,FROZEN,False,0.05736138391709385,0.030399843540034072,0.596132357453302
new_edge_rate,A,Eng,DEV,O1c,1345,0.010586410868362636,-0.04055693386733844,0.06146357008534287,0.16474252920647559,,,FROZEN,False,0.026339193361158492,0.010586806375373266,0.6877273177143939
new_edge_rate,A,BGM,DEV,O1c,483,0.11630734066578657,0.022593485574580213,0.1945524878127574,0.3805935265785122,,,FROZEN,False,0.04648587583227996,0.11683608406950635,0.01195847295760657
new_edge_rate,A,Med,DEV,O1c,2568,0.012025663583937932,-0.027783389463903053,0.04641064807217805,0.1580645531991535,,,FROZEN,False,0.019770455258934633,0.012026243337709125,0.542992700096196
new_edge_rate,A,PHYS,HELDOUT,O1c,742,0.04046587469802493,-0.03325371517563242,0.12028442220422471,0.19367005628166747,,,FROZEN,False,0.03957042141521596,0.04048798387230882,0.30621892345188206
new_edge_rate,A,LIFEENV,HELDOUT,O1c,1113,0.014333514350221184,-0.04199899121185515,0.07394761414761847,0.1449558121508718,,,FROZEN,False,0.029589243255210416,0.014334496076331806,0.6280668483456149
new_edge_rate,A,SOC,HELDOUT,O1c,1352,-0.04272204479259858,-0.09711865365253339,0.009440540164495755,0.055683686845543555,,,FROZEN,False,0.026732597135091893,-0.04274806500251824,0.10979864295605953
new_edge_rate,A,MATHDEC,HELDOUT,O1c,165,0.0069944231573361056,-0.13641060151619536,0.1659963850211933,0.12056698896148502,,,FROZEN,False,0.08094750850100363,0.0069945372209699475,0.9311418430547104
new_edge_rate,A,COH_DEVHOME,COHORT,O1c,2484,0.023971269384132528,-0.014984670554838413,0.06226409771721327,0.2325851849490682,,,FROZEN,False,0.02012904749791187,0.02397586243876614,0.23361132752000935
new_edge_rate,A,COH_OTHER,COHORT,O1c,1872,0.00267452113726674,-0.044023899849783055,0.04903140088549273,0.16092231048619213,,,FROZEN,False,0.02395059475232295,0.0026745275143004524,0.9110862390790354
edge_persistence,A,CS,DEV,O1c,373,-0.06821240120297875,-0.1715963084129449,0.03586991675403538,0.05533302115168808,,,EXPLORATORY,False,0.05549819010456742,-0.06831849342556598,0.21832137219347658
edge_persistence,A,Eng,DEV,O1c,1345,0.0244974852956582,-0.030320456221550846,0.07307571167886814,0.14373325765433725,,,EXPLORATORY,False,0.02816186540948804,0.02450238759334971,0.38427004175125923
edge_persistence,A,BGM,DEV,O1c,483,-0.05963780417893409,-0.14724930389109628,0.02849410091235377,0.14511893065780723,,,EXPLORATORY,False,0.04616560000666045,-0.059708659395938446,0.1958871845755229
edge_persistence,A,Med,DEV,O1c,2568,0.02050015413996646,-0.014548482212147069,0.05872473200666224,0.15615748656483186,,,EXPLORATORY,False,0.01948745364273673,0.020503026637423524,0.2927471594048714
edge_persistence,A,PHYS,HELDOUT,O1c,742,-0.005384957087087569,-0.08684067166204522,0.07160525131132388,0.12761642977346713,,,EXPLORATORY,False,0.03791598071665816,-0.005385009138562684,0.887060425835781
edge_persistence,A,LIFEENV,HELDOUT,O1c,1111,0.015762238958317576,-0.03685943085343469,0.06838930316495159,0.10040494472625339,,,EXPLORATORY,False,0.027951819928194017,0.015763544519453106,0.5727853442329458
edge_persistence,A,SOC,HELDOUT,O1c,1351,0.013143547660966483,-0.03831071906957692,0.059364054227809195,0.0745511434589256,,,EXPLORATORY,False,0.025914418464743322,0.013144304601177294,0.6120006457189222
edge_persistence,A,MATHDEC,HELDOUT,O1c,164,0.026936547658587957,-0.12314267684249866,0.17272139160684521,0.05747984150123289,,,EXPLORATORY,False,0.07906858061682795,0.026943065348142402,0.7332875426980516
edge_persistence,A,COH_DEVHOME,COHORT,O1c,2483,-0.005606881366404119,-0.0484846672605792,0.036211591464410796,0.1732901247804341,,,EXPLORATORY,False,0.020902797800919772,-0.005606940122243996,0.7885155578690375
edge_persistence,A,COH_OTHER,COHORT,O1c,1871,-0.0003110315046970661,-0.041143428616399184,0.045048001857368625,0.1130896359483443,,,EXPLORATORY,False,0.022828672035988675,-0.00031103151472685784,0.9891294786890263
turnover,A,CS,DEV,O1c,373,0.04723301989238961,-0.05046159902553192,0.15408131119537902,-0.16927689020873868,,,EXPLORATORY,False,0.05438791567766138,0.04726819194868421,0.3847959116992694
turnover,A,Eng,DEV,O1c,1338,-0.018836887405848563,-0.07455219229337788,0.032874006744712754,-0.1958075434397968,,,EXPLORATORY,False,0.027660785990459538,-0.01883911583404239,0.49582298243605205
turnover,A,BGM,DEV,O1c,483,0.028856792170771396,-0.056924097285688806,0.11536729980852298,-0.29710599113083425,,,EXPLORATORY,False,0.04432311865019454,0.028864805997739617,0.5148942202897414
turnover,A,Med,DEV,O1c,2560,-0.020169771878121637,-0.0591648439893404,0.01814339621966854,-0.2374135300923351,,,EXPLORATORY,False,0.020426672182232986,-0.020172507699443103,0.32336954393003103
turnover,A,PHYS,HELDOUT,O1c,740,-0.03500138908352185,-0.10564636031503111,0.04420907116741811,-0.22148149224767158,,,EXPLORATORY,False,0.03909994369764791,-0.03501569296754568,0.37049672507735654
turnover,A,LIFEENV,HELDOUT,O1c,1107,0.003834127294266863,-0.048224169738653115,0.056308316907609436,-0.15339601399377778,,,EXPLORATORY,False,0.02875277745995872,0.0038341460823363795,0.8939175983056561
turnover,A,SOC,HELDOUT,O1c,1347,0.035544827470843934,-0.016422439487080127,0.09277757150873542,-0.09196391283937731,,,EXPLORATORY,False,0.028982746928161888,0.03555980835242551,0.21984881536750256
turnover,A,MATHDEC,HELDOUT,O1c,163,-0.037589230266817326,-0.17388203349008363,0.12307602652205299,-0.139600487164875,,,EXPLORATORY,False,0.07819642826901473,-0.03760694919469877,0.6305667869482051
turnover,A,COH_DEVHOME,COHORT,O1c,2468,-0.008454819249279004,-0.05133117341060175,0.03149808307699291,-0.26945535640342005,,,EXPLORATORY,False,0.02098421555776349,-0.008455020719264603,0.6870049536469893
turnover,A,COH_OTHER,COHORT,O1c,1866,-0.008434485301381594,-0.057666213245084225,0.036176068001649506,-0.1958164727232738,,,EXPLORATORY,False,0.0240714012642055,-0.008434685321205492,0.7260364590607016
participation,A,CS,DEV,O1c,361,0.0003208144775312852,-0.08785542900088109,0.11207300510735856,0.17521018626996565,,,EXPLORATORY,False,0.05149610327678407,0.00032081448853756744,0.9950293079431225
participation,A,Eng,DEV,O1c,1315,-0.0449774337000059,-0.09661779822354483,0.016405838438106668,0.04024629134381047,,,EXPLORATORY,False,0.027985189307362723,-0.045007799892620194,0.10777559272475311
participation,A,BGM,DEV,O1c,478,-0.013857243311356543,-0.11882033209348751,0.06758511656805193,0.08939562402592979,,,EXPLORATORY,False,0.046508439859402936,-0.013858130384260463,0.7657258873959367
participation,A,Med,DEV,O1c,2489,0.000825208929432434,-0.03405172653287844,0.036287013730087254,0.08372382017356278,,,EXPLORATORY,False,0.018739522991492702,0.0008252091167466241,0.9648759000055285
participation,A,PHYS,HELDOUT,O1c,714,-0.05573424448533683,-0.13234777392507382,0.013911607652485487,0.10321140524216417,,,EXPLORATORY,False,0.03834229970130036,-0.05579206148820655,0.14564027111490144
participation,A,LIFEENV,HELDOUT,O1c,1096,-0.04896487921524466,-0.11305808014435212,0.016830666403858472,0.04158489692907331,,,EXPLORATORY,False,0.03369024976816727,-0.04900406767345891,0.14579458171833165
participation,A,SOC,HELDOUT,O1c,1314,0.03490346977137159,-0.020753384422023315,0.08875350507392218,0.11566309517603524,,,EXPLORATORY,False,0.026501052981687992,0.034917653883681385,0.18763927316925222
participation,A,MATHDEC,HELDOUT,O1c,161,0.2796932479142381,0.12382391613758621,0.42668393298668156,0.3929059128177199,,,EXPLORATORY,False,0.08428584022973472,0.2873492561417759,0.0006514811335711743
participation,A,COH_DEVHOME,COHORT,O1c,2418,-0.04471128732337537,-0.08633870593523987,-0.007881496697589464,0.07267272149274163,,,EXPLORATORY,False,0.02096861262510941,-0.04474111721108471,0.03286582868092321
participation,A,COH_OTHER,COHORT,O1c,1821,0.024507119515117057,-0.020769397430580535,0.07279517643531001,0.1361915619754911,,,EXPLORATORY,False,0.024111702955682896,0.02451202760031044,0.3093423651623569
n_comm_W3,A,CS,DEV,O1c,373,-0.001892654496421996,-0.09562056820915449,0.10294033830944158,0.2672962570839966,,,EXPLORATORY,False,0.05032570255006645,-0.0018926567563453038,0.9700001068135112
n_comm_W3,A,Eng,DEV,O1c,1345,-0.03112520098302256,-0.08547481792030598,0.018821354730827904,0.1401023266662902,,,EXPLORATORY,False,0.027422721329374282,-0.031135257967528213,0.2562153932011748
n_comm_W3,A,BGM,DEV,O1c,483,-0.04856770857883752,-0.14760510242809377,0.028487504940118993,0.21673154206445955,,,EXPLORATORY,False,0.04383086791528623,-0.0486059502482482,0.26745461389015546
n_comm_W3,A,Med,DEV,O1c,2568,0.0322661596785758,1.7260206083916975e-05,0.06954817320714271,0.19723449807689888,,,EXPLORATORY,False,0.018899801835619828,0.03227736416581174,0.08767068380744025
n_comm_W3,A,PHYS,HELDOUT,O1c,742,-0.027036384285207264,-0.09827030970281814,0.0461636795674229,0.19552073035857817,,,EXPLORATORY,False,0.036763155027331615,-0.027042974735789305,0.4619741974001168
n_comm_W3,A,LIFEENV,HELDOUT,O1c,1113,-0.02961898460220302,-0.09082525636868675,0.032702263339341946,0.1218826171727336,,,EXPLORATORY,False,0.03148999036267918,-0.02962765058706608,0.34677696229086585
n_comm_W3,A,SOC,HELDOUT,O1c,1352,0.029337496785427946,-0.03253376255505634,0.08448250042629718,0.15776797609518498,,,EXPLORATORY,False,0.02864992557495579,0.02934591795215344,0.305696907615716
n_comm_W3,A,MATHDEC,HELDOUT,O1c,165,0.23254575753056594,0.0649915698074177,0.380959788476591,0.3848186878467787,,,EXPLORATORY,False,0.08376335771003156,0.23687908613070488,0.004684625155393405
n_comm_W3,A,COH_DEVHOME,COHORT,O1c,2484,-0.034291858048032656,-0.07507279319761323,0.006723374395711402,0.1818009040413671,,,EXPLORATORY,False,0.020610341336892775,-0.03430530916554666,0.09601840267473911
n_comm_W3,A,COH_OTHER,COHORT,O1c,1872,0.010613115520286006,-0.031341670884751496,0.05710421201542237,0.209041720026918,,,EXPLORATORY,False,0.02343994717933295,0.010613514028036,0.6506956532644992
comm_entropy,A,CS,DEV,O1c,361,0.001813394157810032,-0.10289153852836663,0.10530141415482791,0.20471904710378816,,,EXPLORATORY,False,0.05309235361588368,0.0018133961455347523,0.9727531477445436
comm_entropy,A,Eng,DEV,O1c,1315,-0.04328917006252514,-0.09299219574760974,0.013398546765499923,0.06643521487851412,,,EXPLORATORY,False,0.026962206348287113,-0.04331624111944087,0.10815223481227249
comm_entropy,A,BGM,DEV,O1c,478,-0.019658202182942706,-0.10521975245571144,0.06603450939885193,0.12869034621364417,,,EXPLORATORY,False,0.045599944465371724,-0.01966073504099925,0.6663542208588966
comm_entropy,A,Med,DEV,O1c,2489,0.004747533855391817,-0.03646577580647438,0.047520268408836275,0.1057536047689803,,,EXPLORATORY,False,0.020756570329026443,0.004747569524219014,0.8190818022367082
comm_entropy,A,PHYS,HELDOUT,O1c,714,-0.050939180365174745,-0.12224807121787967,0.018885118220437917,0.12089693466582703,,,EXPLORATORY,False,0.037725370110105155,-0.05098330808384561,0.1765567858890369
comm_entropy,A,LIFEENV,HELDOUT,O1c,1096,-0.041510701349774914,-0.09813169595246239,0.018050331852357323,0.06500436333977687,,,EXPLORATORY,False,0.030680063124122206,-0.04153456892440419,0.17580123939327574
comm_entropy,A,SOC,HELDOUT,O1c,1314,0.034356840510629226,-0.01917781474270601,0.09225424239948536,0.12596244425544242,,,EXPLORATORY,False,0.028372411994170035,0.034370368278272515,0.22574175610082736
comm_entropy,A,MATHDEC,HELDOUT,O1c,161,0.28209295485984187,0.12526660316780708,0.42144585558923364,0.4037957748483095,,,EXPLORATORY,False,0.08564624188842948,0.2899545227345244,0.0007105121580741558
comm_entropy,A,COH_DEVHOME,COHORT,O1c,2418,-0.042922706880515665,-0.08277618111943776,-0.0012376324467159253,0.09905239631110839,,,EXPLORATORY,False,0.02075525051886701,-0.042949095732396254,0.038516787703605386
comm_entropy,A,COH_OTHER,COHORT,O1c,1821,0.020588452627759195,-0.029360128470901938,0.06896184989493992,0.1526779685078918,,,EXPLORATORY,False,0.02433511050288381,0.02059136240901166,0.3974642881226137
comm_transitions,A,CS,DEV,O1c,373,0.0011577353855645885,-0.0963796051505777,0.10557536654239942,0.03138047508484618,,,FROZEN,False,0.05479461350970782,0.0011577359028223512,0.9831430350806011
comm_transitions,A,Eng,DEV,O1c,1345,-0.014336031960589152,-0.06970417326584594,0.037719525159182934,0.0025382536996265788,,,FROZEN,False,0.02659710869291603,-0.014337014204139084,0.5898564336978965
comm_transitions,A,BGM,DEV,O1c,483,-0.008038989975070883,-0.0929640023082451,0.07941097637358363,-0.02573508067743852,,,FROZEN,False,0.04535304438950526,-0.008039163155992634,0.8593062033705897
comm_transitions,A,Med,DEV,O1c,2568,-0.07397694045875008,-0.11350653780680338,-0.0364899986213902,-0.10852436417982159,,,FROZEN,False,0.020243577764394644,-0.07411233374051267,0.00025120390944013905
comm_transitions,A,PHYS,HELDOUT,O1c,742,-0.04254408909570619,-0.11475405807518382,0.0317517047818912,-0.0343381112863547,,,FROZEN,False,0.03871645080214561,-0.04256978526775741,0.2715382381464164
comm_transitions,A,LIFEENV,HELDOUT,O1c,1113,-0.0010991892607220394,-0.05892243455758668,0.05449265018816674,-0.022628437788496266,,,FROZEN,False,0.029810868253285657,-0.0010991897034087555,0.9705869752091211
comm_transitions,A,SOC,HELDOUT,O1c,1352,0.02103767283352692,-0.032443783248722526,0.07729079940668311,-0.011531941246049438,,,FROZEN,False,0.027759301367160535,0.02104077730150224,0.44846765621682094
comm_transitions,A,MATHDEC,HELDOUT,O1c,165,0.14842413619384504,0.03910940811752841,0.2542888523454196,0.20252970759289196,,,FROZEN,False,0.05828937743356859,0.14952868740829578,0.010309199729490582
comm_transitions,A,COH_DEVHOME,COHORT,O1c,2484,0.003860238587889794,-0.03526013997080599,0.040013856613065044,-0.030561281345264465,,,FROZEN,False,0.019607133072241774,0.0038602577624349817,0.8439212293889904
comm_transitions,A,COH_OTHER,COHORT,O1c,1872,0.007763257006260745,-0.03813873615491612,0.052474465131472255,0.013562597263098448,,,FROZEN,False,0.023445836595926275,0.007763412970970706,0.7405529573765908
ego_density_W3,A,CS,DEV,O1c,351,0.014205753494817317,-0.08173986059257564,0.11190941136016197,-0.16459648558620607,,,EXPLORATORY,False,0.050730278974432275,0.014206709200476945,0.7794437635409144
ego_density_W3,A,Eng,DEV,O1c,1271,0.022019179992102927,-0.028861985613257396,0.07832675167984637,-0.05553748480802778,,,EXPLORATORY,False,0.029035766032395573,0.0220227396522339,0.44817003308419423
ego_density_W3,A,BGM,DEV,O1c,457,-0.024344121777750135,-0.11255667491302065,0.06791201266854847,-0.15354108270245542,,,EXPLORATORY,False,0.04616897544857854,-0.024348932558294584,0.5979246421831395
ego_density_W3,A,Med,DEV,O1c,2338,0.002212075089917059,-0.034561786212042964,0.04385121939683966,-0.06439965434714578,,,EXPLORATORY,False,0.01999635562944393,0.002212078698025785,0.9119144415641842
ego_density_W3,A,PHYS,HELDOUT,O1c,665,0.04624120461803376,-0.04527886873107845,0.12207610382544827,-0.09544258602574113,,,EXPLORATORY,False,0.04191727758675833,0.046274205369933825,0.2696186902706176
ego_density_W3,A,LIFEENV,HELDOUT,O1c,1056,0.03183134372155628,-0.034308757321719736,0.09293603848088552,-0.05711269164296107,,,EXPLORATORY,False,0.0315143519172378,0.031842101133458624,0.31230368854004886
ego_density_W3,A,SOC,HELDOUT,O1c,1241,-0.004052807863145067,-0.060330549925367453,0.05645806725307983,-0.04907691672692508,,,EXPLORATORY,False,0.02872662823266806,-0.0040528300528266635,0.8878046163994473
ego_density_W3,A,MATHDEC,HELDOUT,O1c,152,-0.10070041119809271,-0.27509346609762925,0.08807446720507713,-0.2414978454883919,,,EXPLORATORY,False,0.09459197816885845,-0.10104288396501485,0.2854315783076755
ego_density_W3,A,COH_DEVHOME,COHORT,O1c,2285,0.011957944319664512,-0.028832802235931373,0.052025023848163536,-0.08495660905301072,,,EXPLORATORY,False,0.022136468784273833,0.01195851433375133,0.5890468426759439
ego_density_W3,A,COH_OTHER,COHORT,O1c,1731,-0.013404969984448026,-0.06012716176471646,0.03251983144247821,-0.10455716540960092,,,EXPLORATORY,False,0.024316884058637488,-0.01340577299843561,0.5814315669168173
ego_density_change,A,CS,DEV,O1c,344,0.03866586298868645,-0.06902932295207088,0.14908726954932666,-0.05102838965130673,,,EXPLORATORY,False,0.05450746807444688,0.038685149411557346,0.4778765449489978
ego_density_change,A,Eng,DEV,O1c,1246,-0.004194764807174376,-0.05792444739353242,0.05295691895814596,-0.054446974489700296,,,EXPLORATORY,False,0.028161699081343902,-0.0041947894112003975,0.8815901635626051
ego_density_change,A,BGM,DEV,O1c,455,-0.07521572403779964,-0.16356429218712024,0.013587680124854928,-0.18199545347550342,,,EXPLORATORY,False,0.047461429949650656,-0.07535804940776097,0.11233733392408546
ego_density_change,A,Med,DEV,O1c,2296,-0.020616278904881685,-0.058736189422001976,0.01853118129132587,-0.07897181761814448,,,EXPLORATORY,False,0.02063269295926681,-0.02061920050222271,0.31762707798694445
ego_density_change,A,PHYS,HELDOUT,O1c,649,0.010631966069307584,-0.06570203876181263,0.0955307150834025,-0.06070987901436836,,,EXPLORATORY,False,0.03950374828206405,0.010632366704363457,0.7878155630394126
ego_density_change,A,LIFEENV,HELDOUT,O1c,1044,0.01785889725719532,-0.04913273870453124,0.07741800240116656,-0.021719858333872622,,,EXPLORATORY,False,0.03190559131089618,0.017860796260764318,0.5756148748979262
ego_density_change,A,SOC,HELDOUT,O1c,1228,0.04527965884183651,-0.008621549583366377,0.10135668424184069,-0.004803251418480661,,,EXPLORATORY,False,0.028310858882179293,0.045310641800269766,0.10949465858548563
ego_density_change,A,MATHDEC,HELDOUT,O1c,150,-0.008705318358612067,-0.15834400352240682,0.16281316059613116,-0.03922041220499918,,,EXPLORATORY,False,0.08241957361707082,-0.008705538272404225,0.9158801695919226
ego_density_change,A,COH_DEVHOME,COHORT,O1c,2244,0.00216889040930423,-0.035226465579571764,0.040577609244823946,-0.09961576849439567,,,EXPLORATORY,False,0.02033969125784472,0.0021688938101958816,0.9150796885758592
ego_density_change,A,COH_OTHER,COHORT,O1c,1697,0.003337823304824431,-0.04562146436394599,0.0474028042866729,-0.06630866665905312,,,EXPLORATORY,False,0.02379876291351286,0.003337835700542106,0.8884605025803023
btw_end,A,CS,DEV,O1c,373,-0.03618703411353086,-0.13511168664792322,0.06501204856493498,0.3133301801469781,,,EXPLORATORY,False,0.05010047003964548,-0.03620284219354843,0.46992269313804147
btw_end,A,Eng,DEV,O1c,1345,0.023846973727430772,-0.03695234547736646,0.07997979186147132,0.25184229236534217,,,EXPLORATORY,False,0.028646715870532753,0.023851495688136732,0.4050656313926626
btw_end,A,BGM,DEV,O1c,483,-0.1325804077978918,-0.20987621495007128,-0.04660455572504903,0.3237320550962292,,,EXPLORATORY,False,0.0431772475580579,-0.13336551833945653,0.0020097237933010344
btw_end,A,Med,DEV,O1c,2568,0.010767997929128878,-0.028102954346063115,0.048969235213831036,0.256057577278536,,,EXPLORATORY,False,0.020025010958859016,0.010768414140413185,0.5907508793079361
btw_end,A,PHYS,HELDOUT,O1c,742,-0.016777507886965283,-0.08843079438749527,0.06277676855027531,0.270811475318187,,,EXPLORATORY,False,0.03768037620361862,-0.01677908235720874,0.656102760120743
btw_end,A,LIFEENV,HELDOUT,O1c,1113,-0.007996880606108488,-0.0655501380698686,0.05061440946751067,0.20902277026079447,,,EXPLORATORY,False,0.030110011102897426,-0.00799705107975291,0.7905515797950738
btw_end,A,SOC,HELDOUT,O1c,1352,-0.013869561917935348,-0.06741648077821885,0.0381803760098871,0.15420425547100142,,,EXPLORATORY,False,0.026977131024555605,-0.013870451358855979,0.6071429902908027
btw_end,A,MATHDEC,HELDOUT,O1c,165,0.007505180806678782,-0.15177113799426972,0.16828601737816593,0.24561620251952754,,,EXPLORATORY,False,0.08510907914182467,0.00750532172806321,0.9297298484647565
btw_end,A,COH_DEVHOME,COHORT,O1c,2484,-0.00814013241368037,-0.052778048956742325,0.030753029542298197,0.2938182230575217,,,EXPLORATORY,False,0.020995350860485963,-0.008140312213983909,0.6982234375743559
btw_end,A,COH_OTHER,COHORT,O1c,1872,0.0027993321564152166,-0.041827633763524934,0.04800655563509109,0.2636957046156871,,,EXPLORATORY,False,0.023643633837831635,0.002799339468548285,0.905752963543204
btw_change,A,CS,DEV,O1c,373,0.0044759078565585805,-0.10738010224787763,0.1036972243749604,0.2616301820486629,,,EXPLORATORY,False,0.05397818107010807,0.004475937746659243,0.9339141645428801
btw_change,A,Eng,DEV,O1c,1345,0.05096091434555262,-0.005142677270925761,0.10951534475831023,0.2670297047690357,,,EXPLORATORY,False,0.028589880014198894,0.051005098630463944,0.07441938730598867
btw_change,A,BGM,DEV,O1c,483,-0.02655345294230729,-0.1205451458006778,0.0744703134663857,0.37021382402783454,,,EXPLORATORY,False,0.050689912930421556,-0.026559696405255913,0.6003034850038439
btw_change,A,Med,DEV,O1c,2568,0.016500770140575594,-0.022002155286469444,0.055437090193202615,0.26775114218970614,,,EXPLORATORY,False,0.01975753704715081,0.016502267969957036,0.4035830843685103
btw_change,A,PHYS,HELDOUT,O1c,742,0.10565133347442317,0.0413153161036107,0.18019243186088665,0.30148592954502845,,,EXPLORATORY,False,0.035061252591164674,0.10604708795884073,0.0024894282510488875
btw_change,A,LIFEENV,HELDOUT,O1c,1113,-0.000755214172892429,-0.06408110803778619,0.05925624509361448,0.18014654624162374,,,EXPLORATORY,False,0.030433529180961663,-0.0007552143164708884,0.9802023616212616
btw_change,A,SOC,HELDOUT,O1c,1352,-0.06567874894666074,-0.12363139623613034,-0.002891861065906904,0.12233140859031777,,,EXPLORATORY,False,0.029636523475283984,-0.06577343356295894,0.026463805138507285
btw_change,A,MATHDEC,HELDOUT,O1c,165,-0.017943528156501264,-0.16296648868170335,0.12993034792384367,0.08905399173908392,,,EXPLORATORY,False,0.07762410758171424,-0.017945454289075256,0.8171718334622781
btw_change,A,COH_DEVHOME,COHORT,O1c,2484,0.004483535671237775,-0.03206075794905395,0.04262478629762906,0.2974968287209778,,,EXPLORATORY,False,0.020071796887666322,0.004483565714415823,0.8232425709995728
btw_change,A,COH_OTHER,COHORT,O1c,1872,-0.023274414058321664,-0.06726993779465755,0.01952305297547935,0.20179762970093618,,,EXPLORATORY,False,0.022307718453206785,-0.023278617995328047,0.2967061193999898
kcore_end,A,CS,DEV,O1c,373,-0.0317607486974783,-0.1472413806117085,0.07910239652978006,0.2953431963754206,,,EXPLORATORY,False,0.05462208508389888,-0.03177143466636175,0.5607963035580461
kcore_end,A,Eng,DEV,O1c,1345,0.032934797731629994,-0.015765706109973025,0.08594167138517977,0.23509158098665456,,,EXPLORATORY,False,0.02749983717812346,0.03294671362262995,0.23088999761779727
kcore_end,A,BGM,DEV,O1c,483,-0.13754155611913235,-0.21470468038804696,-0.050914322406805865,0.29379755922757733,,,EXPLORATORY,False,0.04263518858940866,-0.13841885813634924,0.0011679765622298335
kcore_end,A,Med,DEV,O1c,2568,0.010946119518529748,-0.02471632629688845,0.04929266510290282,0.25078980407134543,,,EXPLORATORY,False,0.01963109679653373,0.010946556728971902,0.5771086095446765
kcore_end,A,PHYS,HELDOUT,O1c,742,-0.04131045505703984,-0.11096905008734637,0.036857195307573025,0.23035370771091135,,,EXPLORATORY,False,0.03920059202016751,-0.04133397865157571,0.29168961406282323
kcore_end,A,LIFEENV,HELDOUT,O1c,1113,-0.024691489922821882,-0.08432559275586687,0.03107336295073753,0.1757424289448048,,,EXPLORATORY,False,0.03051695602343842,-0.024696509643381655,0.41835886634408315
kcore_end,A,SOC,HELDOUT,O1c,1352,-0.0025712675840360976,-0.0527179183830142,0.056683067422625945,0.15032397748048404,,,EXPLORATORY,False,0.028269937828382618,-0.0025712732506326386,0.9275288800591727
kcore_end,A,MATHDEC,HELDOUT,O1c,165,-0.03494359124535009,-0.2068097533641404,0.14878092442058705,0.17945671400586044,,,EXPLORATORY,False,0.08610212282328134,-0.03495782435169644,0.6847395071085927
kcore_end,A,COH_DEVHOME,COHORT,O1c,2484,-0.010378388898649747,-0.04993587397138599,0.028061481175564413,0.28865892918916175,,,EXPLORATORY,False,0.019733922596449325,-0.010378761544796682,0.5989333358880792
kcore_end,A,COH_OTHER,COHORT,O1c,1872,-0.01226860000659003,-0.054917911106218784,0.03319679605991939,0.24725869943778217,,,EXPLORATORY,False,0.02276871227542432,-0.012269215612799058,0.5899814191692064
constraint_end,A,CS,DEV,O1c,361,0.034793506948518675,-0.07951735444347932,0.14215550942777677,-0.3195326745836367,,,EXPLORATORY,False,0.05430208042996188,0.034807557357608564,0.5215235946481336
constraint_end,A,Eng,DEV,O1c,1315,-0.03925333124559516,-0.10311014912247753,0.019410419745326143,-0.26479703317416414,,,EXPLORATORY,False,0.030721358899165743,-0.03927351072983923,0.2011161614382435
constraint_end,A,BGM,DEV,O1c,478,0.11903952389389524,0.03136401280850292,0.20320513583290728,-0.33841006047414884,,,EXPLORATORY,False,0.045178418866980055,0.11960663301065735,0.008110651267258807
constraint_end,A,Med,DEV,O1c,2489,-0.005203300238593097,-0.04444478223977088,0.03185872419536799,-0.24303246474998644,,,EXPLORATORY,False,0.020341328177758387,-0.005203347197984369,0.798103928141318
constraint_end,A,PHYS,HELDOUT,O1c,714,0.014933632704833489,-0.05692767549769716,0.08499351023151265,-0.24897937249167884,,,EXPLORATORY,False,0.03703118946568879,0.014934742986732325,0.6867262650167693
constraint_end,A,LIFEENV,HELDOUT,O1c,1096,0.0009195397247353251,-0.05453696881488777,0.06998885519200033,-0.21727020901004568,,,EXPLORATORY,False,0.032173926993855045,0.0009195399839087411,0.9771993364266115
constraint_end,A,SOC,HELDOUT,O1c,1314,0.01057878418072219,-0.04302787059366552,0.06720661722207373,-0.14913878714324702,,,EXPLORATORY,False,0.02845884808002258,0.010579178833513917,0.7100894059568575
constraint_end,A,MATHDEC,HELDOUT,O1c,161,0.004166295648044599,-0.15743752393894986,0.17380795744654798,-0.2159711779091656,,,EXPLORATORY,False,0.08585484718753612,0.004166319754509263,0.961295860884329
constraint_end,A,COH_DEVHOME,COHORT,O1c,2418,0.004333875260996053,-0.03763788086117215,0.04438469164277733,-0.2950698215661899,,,EXPLORATORY,False,0.02092161888525362,0.004333902394936099,0.8358931235035931
constraint_end,A,COH_OTHER,COHORT,O1c,1821,0.011219049540340252,-0.0324179857910078,0.053101770724077894,-0.2383642788639353,,,EXPLORATORY,False,0.022244626285079967,0.01121952027886534,0.6140014549008381
constraint_change,A,CS,DEV,O1c,361,-0.015815755818626074,-0.1289379258803943,0.09495163759503605,-0.2559380315880602,,,EXPLORATORY,False,0.05854944824428412,-0.015817074724449733,0.787045628661429
constraint_change,A,Eng,DEV,O1c,1309,-0.029011234585223783,-0.0899962231181661,0.021234685923974612,-0.24853662581327007,,,EXPLORATORY,False,0.029133153497799182,-0.0290193778164919,0.319204167747169
constraint_change,A,BGM,DEV,O1c,478,-0.0004837522629291214,-0.08325104965707042,0.08046995594791012,-0.39818758224912304,,,EXPLORATORY,False,0.04383897646690349,-0.00048375230066442386,0.9911957191969323
constraint_change,A,Med,DEV,O1c,2484,-0.0007321965506383079,-0.040408479406770705,0.03813875624028724,-0.2462120738722165,,,EXPLORATORY,False,0.019595105025184627,-0.0007321966814847509,0.9701929381816368
constraint_change,A,PHYS,HELDOUT,O1c,712,-0.024109344653094757,-0.1054132988360717,0.050791637217725484,-0.271430481671422,,,EXPLORATORY,False,0.03841088056478263,-0.024114017552812308,0.5301406506299278
constraint_change,A,LIFEENV,HELDOUT,O1c,1092,0.03073332174555892,-0.042378722683560764,0.08929493047864452,-0.17560809201685154,,,EXPLORATORY,False,0.03291786387257515,0.03074300348685464,0.35033964402161255
constraint_change,A,SOC,HELDOUT,O1c,1311,0.09446857287707919,0.03486425685367908,0.15097586093621054,-0.10368992459759262,,,EXPLORATORY,False,0.02907192110050471,0.09475110961087584,0.001117281700945346
constraint_change,A,MATHDEC,HELDOUT,O1c,160,0.06489044016316631,-0.10153771254567627,0.21664098733572623,-0.13566194983870983,,,EXPLORATORY,False,0.08327459063217545,0.06498175052266897,0.43519602841834026
constraint_change,A,COH_DEVHOME,COHORT,O1c,2406,0.04118908279698222,0.005152147975959837,0.07991253816222382,-0.2704138576025744,,,EXPLORATORY,False,0.019551889753451325,0.041212399519193095,0.035044193338610335
constraint_change,A,COH_OTHER,COHORT,O1c,1816,0.005356410620091199,-0.038970671204358265,0.04877158346484186,-0.22658217448524046,,,EXPLORATORY,False,0.022557472874976656,0.005356461848139335,0.8123011734898882
S_comp,S,CS,DEV,O1c,362,-0.1257016751066032,-0.22151851807101328,-0.009282175254291824,-0.21982150616108298,,,EXPLORATORY,False,0.0573239361674189,-0.12637009058634238,0.027489845413932703
S_comp,S,Eng,DEV,O1c,1262,-0.06844866532354202,-0.1228245926848529,-0.01687597910983612,-0.11382074552619742,,,EXPLORATORY,False,0.02839830323763894,-0.06855586585378545,0.015774861127793194
S_comp,S,BGM,DEV,O1c,473,0.12823388629665636,0.04430485082213477,0.21284109474741517,0.06093457214943945,,,EXPLORATORY,False,0.045176743760015806,0.1289437934352697,0.0043144363556725405
S_comp,S,Med,DEV,O1c,2146,-0.012097049107480199,-0.05267771362578133,0.025810988944380612,-0.05476157946132657,,,EXPLORATORY,False,0.02116942635792116,-0.012097639247695757,0.5676827818615233
S_comp,S,PHYS,HELDOUT,O1c,660,-0.025322363133165465,-0.1037383231838037,0.055580990863795136,-0.14489228897619896,,,EXPLORATORY,False,0.04046893838342045,-0.02532777763586511,0.5314085906799457
S_comp,S,LIFEENV,HELDOUT,O1c,1083,0.04692350713669801,-0.0163385645322099,0.11008183600192747,0.01606815185884183,,,EXPLORATORY,False,0.03217934536559029,0.046957991674115476,0.14449390095795672
S_comp,S,SOC,HELDOUT,O1c,1288,-0.02462000367148689,-0.08059120671380379,0.03183658550094326,-0.04874095180659683,,,EXPLORATORY,False,0.02845293431806596,-0.024624979908671938,0.38678436808344063
S_comp,S,MATHDEC,HELDOUT,O1c,155,0.10873069769097116,-0.04686875059526856,0.2673838353258792,-0.02062678452910013,,,EXPLORATORY,False,0.08174517854082684,0.10916224766806151,0.1817465202371923
S_comp,S,COH_DEVHOME,COHORT,O1c,2273,-0.03412206293664547,-0.07105269021218481,0.012607267128339488,-0.10601530932918404,,,EXPLORATORY,False,0.021469423717729485,-0.03413531514099628,0.11184602444779028
S_comp,S,COH_OTHER,COHORT,O1c,1779,0.011736108277178643,-0.03305278785103307,0.05679186634413868,-0.016514954483859402,,,EXPLORATORY,False,0.022626656567097798,0.011736647150845108,0.6039637848009298
S_comp_n,S,CS,DEV,O1c,362,-0.18659827742151033,-0.289771446599052,-0.07082761411224539,-0.2109656591405234,,,FROZEN,False,0.05700414143211352,-0.18881039545458922,0.0009255792572447544
S_comp_n,S,Eng,DEV,O1c,1262,-0.1652381383459136,-0.22561171372107075,-0.11194132747231088,-0.1549173438042839,,,FROZEN,False,0.030400279364873436,-0.16676713357857556,4.1181070197835516e-08
S_comp_n,S,BGM,DEV,O1c,473,0.03442475250383418,-0.05914793222672896,0.12596948615050987,-0.004365954425173487,,,FROZEN,False,0.04892647908693752,0.03443836068795459,0.48150762737736874
S_comp_n,S,Med,DEV,O1c,2146,0.0024197897297670756,-0.04365566329539472,0.04122122639474444,-0.01159416144549122,,,FROZEN,False,0.022087615452804136,0.0024197944527150155,0.9127628125279836
S_comp_n,S,PHYS,HELDOUT,O1c,660,-0.07372279626814662,-0.14879835922546475,0.003827498054038267,-0.12184170448645247,,,FROZEN,False,0.041286925082377454,-0.07385679589542282,0.07363632301607148
S_comp_n,S,LIFEENV,HELDOUT,O1c,1083,-0.0003021760351000696,-0.061202155969893764,0.0673235375828882,0.02531921310423109,,,FROZEN,False,0.03270163498698874,-0.00030217604429733726,0.9926273359281246
S_comp_n,S,SOC,HELDOUT,O1c,1288,-0.2134818968100719,-0.27244128818237623,-0.15485703351338928,-0.20087340282441926,,,FROZEN,False,0.0310356424336529,-0.21681668362676165,2.8272466528648413e-12
S_comp_n,S,MATHDEC,HELDOUT,O1c,155,-0.03457012535204326,-0.2194934936641465,0.14818486279197615,-0.11439126890548534,,,FROZEN,False,0.09412540297153792,-0.03458390674689881,0.7133029727811793
S_comp_n,S,COH_DEVHOME,COHORT,O1c,2273,-0.10688971281939064,-0.14545942395233885,-0.06493055624139715,-0.19187533532933418,,,FROZEN,False,0.02128884961827279,-0.10729961276501199,4.650966268232798e-07
S_comp_n,S,COH_OTHER,COHORT,O1c,1779,-0.09667099672316219,-0.14394736380560996,-0.05117692500887321,-0.03713314386704679,,,FROZEN,False,0.024807737035846565,-0.09697383584481127,9.267290637915136e-05
S_isolated_share,S,CS,DEV,O1c,362,-0.11926114422089548,-0.23018125770219178,-0.019049062177232245,-0.20985855285950125,,,EXPLORATORY,False,0.05539686751287555,-0.11983144494923377,0.030530045622649393
S_isolated_share,S,Eng,DEV,O1c,1262,-0.06793649015532799,-0.12555327814439649,-0.010420023862189192,-0.11045855082442194,,,EXPLORATORY,False,0.0297397619855284,-0.06804129781558907,0.022143940018885373
S_isolated_share,S,BGM,DEV,O1c,473,0.1294850546668211,0.038078282903809,0.21147385845519823,0.06701875532496367,,,EXPLORATORY,False,0.04466575455561133,0.1302160881347374,0.003552954433422052
S_isolated_share,S,Med,DEV,O1c,2146,-0.015512643212195767,-0.061043526094116396,0.0289531196264559,-0.05370438439632512,,,EXPLORATORY,False,0.022732885185777808,-0.015513887723566565,0.4949591695509331
S_isolated_share,S,PHYS,HELDOUT,O1c,660,-0.025751714578953113,-0.10897695491398297,0.05152466091692674,-0.14126557043209226,,,EXPLORATORY,False,0.04167365298666095,-0.025757409268394666,0.5365264356369924
S_isolated_share,S,LIFEENV,HELDOUT,O1c,1083,0.0399042251858225,-0.012389977816660536,0.10250108261242663,0.01674345269325703,,,EXPLORATORY,False,0.030496256516318918,0.03992542590510546,0.19046964520927967
S_isolated_share,S,SOC,HELDOUT,O1c,1288,-0.026058989214255077,-0.07405275933044615,0.026461993744392898,-0.04983668433382033,,,EXPLORATORY,False,0.027259741996681307,-0.02606489025269273,0.33898741481886185
S_isolated_share,S,MATHDEC,HELDOUT,O1c,155,0.11273581118380557,-0.05158604262916406,0.26774773886652625,-0.009249672531510348,,,EXPLORATORY,False,0.08415043052325893,0.11321708669298855,0.17849188593765053
S_isolated_share,S,COH_DEVHOME,COHORT,O1c,2273,-0.0346454042089228,-0.07392809881214578,0.007172830576850479,-0.10316045601404766,,,EXPLORATORY,False,0.020662718624403543,-0.034659275873219465,0.09346777304215038
S_isolated_share,S,COH_OTHER,COHORT,O1c,1779,0.01556968686169791,-0.028461958486288144,0.06116239135871419,-0.010587589202074746,,,EXPLORATORY,False,0.024063395541184446,0.015570945154040464,0.517580083424384
logvol,B5,CS,DEV,O1c,373,,,,0.3680701941041733,,,EXPLORATORY,False,,,
logvol,B5,Eng,DEV,O1c,1345,,-0.005980590297466083,0.004420735089842036,0.2959261981894159,,,EXPLORATORY,False,0.002798121224167884,,
logvol,B5,BGM,DEV,O1c,483,,,,0.4472642309544904,,,EXPLORATORY,False,,,
logvol,B5,Med,DEV,O1c,2568,,-0.007112953924813078,0.006737860571020783,0.28117638521083943,,,EXPLORATORY,False,0.0035284100517436953,,
logvol,B5,PHYS,HELDOUT,O1c,742,,-0.0005068584138781546,-0.0005068584138781546,0.27527452514863665,,,EXPLORATORY,False,,,
logvol,B5,LIFEENV,HELDOUT,O1c,1113,,-0.004082441573262564,0.004094493632081631,0.25042588570408547,,,EXPLORATORY,False,0.0026622687550988304,,
logvol,B5,SOC,HELDOUT,O1c,1352,,-0.0037559750817370775,0.005866098020851346,0.1541073115692738,,,EXPLORATORY,False,0.002597264232132754,,
logvol,B5,MATHDEC,HELDOUT,O1c,165,,,,0.23303086812900697,,,EXPLORATORY,False,,,
logvol,B5,COH_DEVHOME,COHORT,O1c,2484,,-0.008300401396742627,0.008997355814858199,0.3835554033168875,,,EXPLORATORY,False,0.004710153149526791,,
logvol,B5,COH_OTHER,COHORT,O1c,1872,0.0014531717448839064,-0.004249071139499792,0.004977160230276233,0.3076847230598103,,,EXPLORATORY,False,0.0023852242412988897,0.001453172767776727,0.5423657175817878
growth_c,B5,CS,DEV,O1c,373,,,,0.4022893235742483,,,EXPLORATORY,False,,,
growth_c,B5,Eng,DEV,O1c,1345,,,,0.3453421973766122,,,EXPLORATORY,False,,,
growth_c,B5,BGM,DEV,O1c,483,,,,0.5089876140877996,,,EXPLORATORY,False,,,
growth_c,B5,Med,DEV,O1c,2568,-0.0037306783345841823,-0.006143490042784784,0.007083520527321825,0.37770851753296,,,EXPLORATORY,False,0.0035330221391961097,-0.003730695642540368,0.2909909406140859
growth_c,B5,PHYS,HELDOUT,O1c,742,,,,0.37202203990981725,,,EXPLORATORY,False,,,
growth_c,B5,LIFEENV,HELDOUT,O1c,1113,,-0.0028213990691730874,0.0024623248956452746,0.30315848067717177,,,EXPLORATORY,False,0.0020111065916796787,,
growth_c,B5,SOC,HELDOUT,O1c,1352,,,,0.26195623684520725,,,EXPLORATORY,False,,,
growth_c,B5,MATHDEC,HELDOUT,O1c,165,,,,0.2689205854855148,,,EXPLORATORY,False,,,
growth_c,B5,COH_DEVHOME,COHORT,O1c,2484,,-0.007167614826768214,0.012064412389140758,0.4240183274240424,,,EXPLORATORY,False,0.004711344163765407,,
growth_c,B5,COH_OTHER,COHORT,O1c,1872,,-0.004675151511692965,0.004040062691148196,0.3589975917063165,,,EXPLORATORY,False,0.002815828972459782,,
offhome_share,B5,CS,DEV,O1c,373,,,,0.2557951085681212,,,EXPLORATORY,False,,,
offhome_share,B5,Eng,DEV,O1c,1345,,-0.001261147519174445,0.0050624941864348145,0.08244204260711613,,,EXPLORATORY,False,0.0025787377155439438,,
offhome_share,B5,BGM,DEV,O1c,483,,,,0.05662990456954602,,,EXPLORATORY,False,,,
offhome_share,B5,Med,DEV,O1c,2568,,-0.004104475802583369,0.0027336522233249293,0.008530582265072847,,,EXPLORATORY,False,0.0019262577535031327,,
offhome_share,B5,PHYS,HELDOUT,O1c,742,,,,0.1559861157114928,,,EXPLORATORY,False,,,
offhome_share,B5,LIFEENV,HELDOUT,O1c,1113,,,,0.12112082937309773,,,EXPLORATORY,False,,,
offhome_share,B5,SOC,HELDOUT,O1c,1352,,,,0.06386041969392604,,,EXPLORATORY,False,,,
offhome_share,B5,MATHDEC,HELDOUT,O1c,165,,,,0.21115506714972046,,,EXPLORATORY,False,,,
offhome_share,B5,COH_DEVHOME,COHORT,O1c,2484,,-0.0074381605841640115,0.005813348928253881,-0.017272831651407285,,,EXPLORATORY,False,0.0032882789755761506,,
offhome_share,B5,COH_OTHER,COHORT,O1c,1872,,-0.0026349713656740846,0.0038858761076060334,0.09466043930551798,,,EXPLORATORY,False,0.0019390056812932347,,
entropy,B5,CS,DEV,O1c,373,,,,0.30445393391560643,,,EXPLORATORY,False,,,
entropy,B5,Eng,DEV,O1c,1345,,-0.002340013838420748,1.0702688975663027e-05,0.08975802235099437,,,EXPLORATORY,False,,,
entropy,B5,BGM,DEV,O1c,483,,,,0.0789411901274226,,,EXPLORATORY,False,,,
entropy,B5,Med,DEV,O1c,2568,,-0.004359289147868658,0.003241435370024315,0.01925152313497634,,,EXPLORATORY,False,0.00201857739910957,,
entropy,B5,PHYS,HELDOUT,O1c,742,,,,0.17197498613597306,,,EXPLORATORY,False,,,
entropy,B5,LIFEENV,HELDOUT,O1c,1113,,,,0.14168579980504636,,,EXPLORATORY,False,,,
entropy,B5,SOC,HELDOUT,O1c,1352,,,,0.06456347548143732,,,EXPLORATORY,False,,,
entropy,B5,MATHDEC,HELDOUT,O1c,165,,,,0.2513670036085596,,,EXPLORATORY,False,,,
entropy,B5,COH_DEVHOME,COHORT,O1c,2484,,-0.005208726556953012,0.0037904480837529305,-0.0011842243711881015,,,EXPLORATORY,False,0.002467438681123572,,
entropy,B5,COH_OTHER,COHORT,O1c,1872,,-0.003622037098734358,0.004429824992315645,0.10576524814093502,,,EXPLORATORY,False,0.0024425296754684816,,
reach,B5,CS,DEV,O1c,373,,,,0.276707759890412,,,EXPLORATORY,False,,,
reach,B5,Eng,DEV,O1c,1345,,-0.0005907930989218762,0.0003263301659350663,0.13193906386058646,,,EXPLORATORY,False,0.0004333835894568064,,
reach,B5,BGM,DEV,O1c,483,,,,0.23201937056821306,,,EXPLORATORY,False,,,
reach,B5,Med,DEV,O1c,2568,,-0.0037738560386930296,0.0032323590254265135,0.08393562989245941,,,EXPLORATORY,False,0.0019561410249893294,,
reach,B5,PHYS,HELDOUT,O1c,742,,8.87347713729534e-05,8.87347713729534e-05,0.18475402946339195,,,EXPLORATORY,False,,,
reach,B5,LIFEENV,HELDOUT,O1c,1113,,,,0.15387751818258702,,,EXPLORATORY,False,,,
reach,B5,SOC,HELDOUT,O1c,1352,,,,0.08895218489508622,,,EXPLORATORY,False,,,
reach,B5,MATHDEC,HELDOUT,O1c,165,,,,0.29580356797574775,,,EXPLORATORY,False,,,
reach,B5,COH_DEVHOME,COHORT,O1c,2484,,-0.0039109020175556106,0.005503334748639178,0.10306176450723713,,,EXPLORATORY,False,0.002519272887204951,,
reach,B5,COH_OTHER,COHORT,O1c,1872,,-0.002890448220996596,0.003950577507698503,0.1399794753520735,,,EXPLORATORY,False,0.0019158367318140108,,
