pair_id,cidx,name,description,form,level,title,year,vf,domain,tag,score,variant,split,llm1,llm2,hand,y,p,w
p0000,43680,Dolutegravir,chemical compound,dolutegravir,5,Abacavir/dolutegravir/lamivudine/calcium-carbonate/vitamins interaction,2021,27,Health,1,0.8725586,0,test,yes,yes,,1,0.9564893106262603,13018.958333333334
p0001,13491,Energy harvesting,"process by which energy is derived from external sources, captured, and stored for small, wireless autonomous devices",energy harvesting,3,RF-Powered Wearable Energy Harvesting and Storage Module Based on E-Textile Coplanar Waveguide Rectenna and Supercapacitor,2021,22,Physical,1,0.59765625,0,train,yes,yes,,1,0.9718558908391773,13018.958333333334
p0002,46391,Adalimumab,pharmaceutical drug,adalimumab,3,Two cases of disseminated tuberculosis after negative screening before adalimumab treatment for immune-mediated inflammatory diseases,2019,27,Health,1,0.9526367,0,train,yes,yes,,1,0.9547286330968723,13018.958333333334
p0003,8820,Organic electronics,Field of materials science researching organic substances with electronic properties,organic electronics,4,Torsional Barriers to Rotation and Planarization in Heterocyclic Oligomers of Value in Organic Electronics,2017,-1,none,1,0.6074219,0,train,yes,yes,,1,0.973684013641454,13018.958333333334
p0004,18929,Bilayer graphene,Material consisting of two layers of graphene,bilayer graphene,3,Quasi-Free-Standing Bilayer Graphene Hall-Effect Sensor,2018,22,Physical,1,0.5527344,0,test,yes,yes,,1,0.9732334788273207,13018.958333333334
p0005,4036,Graphene,two-dimensional crystalline structure of carbon,graphene,2,Mn0.06Co2.94O4 nano-architectures anchored on reduced graphene oxide as highly efficient hybrid electrodes for supercapacitors,2022,22,Physical,1,0.9326172,0,train,yes,yes,,1,0.9505918010618549,13018.958333333334
p0006,60345,Gut microbiome,community of microorganisms in the digestive tracts of humans,gut microbiome,3,Effects of caloric restriction on the gut microbiome are linked with immune senescence,2022,-1,none,1,0.62402344,0,test,yes,yes,,1,0.9715818328235362,13018.958333333334
p0007,19126,microRNA,"small non-coding RNA molecule (of ca. 22 nucleotides) found in plants, animals and some viruses, that functions in RNA silencing and post-transcriptional regulation of gene expression",microrna,3,Prospects of RNAi and microRNA-based therapies for hepatitis C,2009,27,Health,1,0.73291016,0,train,yes,yes,,1,0.9563760869941142,13018.958333333334
p0008,55823,Entrepreneurship education,type of education,entrepreneurship education,3,Exploration on the Integrated Development of Labor Education and Innovation and Entrepreneurship Education for Students in Applied Undergraduate Colleges and Universities,2022,-1,none,1,0.69873047,0,test,yes,yes,,1,0.973712873063219,13018.958333333334
p0009,1980,Nanomedicine,medical application of nanotechnology,nanomedicine,3,Cancer Nanomedicine: From Drug Delivery to Imaging,2013,-1,none,1,0.9584961,0,test,yes,yes,,1,0.958826451118366,13018.958333333334
p0010,47755,Acute kidney injury,abrupt loss of kidney function that develops within 48 hours,acute kidney injury,2,Acute Kidney Injury in Children with Acute Appendicitis,2022,27,Health,1,0.87890625,0,train,yes,yes,,1,0.9793237678538864,13018.958333333334
p0011,41385,Neutrophil to lymphocyte ratio,,neutrophil to lymphocyte ratio,3,Neutrophil-to-lymphocyte ratio as an independent risk factor for mortality in hospitalized patients with COVID-19,2020,27,Health,1,0.46191406,0,test,yes,yes,,1,0.9882685706395047,13018.958333333334
p0012,33785,Tocilizumab,pharmaceutical drug,tocilizumab,3,Tocilizumab,2021,27,Health,1,0.7265625,0,test,yes,yes,,1,0.9643272266331813,13018.958333333334
p0013,51105,Chikungunya,infection caused by the chikungunya virus,chikungunya,3,Post‐Chikungunya Rheumatic Disease in a 13‐Year‐Old Boy,2017,27,Health,1,0.82958984,0,train,yes,yes,,1,0.9596354389102761,13018.958333333334
p0014,57442,Shale gas,natural gas that is found trapped within shale formations,shale gas,3,Environmental consequences of shale gas exploitation and the crucial role of rock microfracturing,2015,19,Physical,1,0.49072266,0,train,yes,yes,,1,0.9760109156233009,13018.958333333334
p0015,58980,Smartphone app,software application designed to run on mobile devices,smartphone app,2,Predicting Falls in Older Adults with an Accelerometer-Based Smartphone App,2022,-1,none,1,0.66503906,0,train,yes,yes,,1,0.9693115852947473,13018.958333333334
p0016,2880,Metabolomics,scientific study of chemical processes involving metabolites,metabolomics,2,Retention Index Prediction Using Quantitative Structure–Retention Relationships for Improving Structure Identification in Nontargeted Metabolomics,2018,16,Physical,1,0.45288086,0,train,yes,yes,,1,0.9633322008453565,13018.958333333334
p0017,47493,Microplastics,small plastic particles in the environment that are generally smaller than 1 mm,microplastics,2,"Organotin Release from Polyvinyl Chloride Microplastics and Concurrent Photodegradation in Water: Impacts from Salinity, Dissolved Organic Matter, and Light Exposure",2019,23,Physical,1,0.79833984,0,test,yes,yes,,1,0.9575349741701973,13018.958333333334
p0018,43629,Sunitinib,chemical compound,sunitinib,3,Feasibility study of two schedules of sunitinib in combination with pemetrexed in patients with advanced solid tumors,2010,27,Health,1,0.87158203,0,test,yes,yes,,1,0.9573021013063099,13018.958333333334
p0019,41043,Tofacitinib,chemical compound,tofacitinib,3,"649 MAINTENANCE OF REMISSION WITH TOFACITINIB IN PATIENTS WITH ULCERATIVE COLITIS: FINAL RESULTS OF A SUBPOPULATION ANALYSIS FROM AN OPEN-LABEL, LONG-TERM EXTENSION STUDY, OCTAVE OPEN",2021,27,Health,1,0.96435547,0,train,yes,yes,,1,0.9521470644813494,13018.958333333334
p0020,13362,Cocrystal,class of chemical substances,cocrystal,4,"Novel cocrystal of N-phthaloyl-β-alanine with 2,2–bipyridyl: Synthesis, computational and free radical scavenging activity studies",2017,16,Physical,1,0.9355469,0,test,yes,yes,,1,0.9491732795318879,13018.958333333334
p0021,46982,Saxagliptin,chemical compound,saxagliptin,5,Patient considerations and clinical utility of a fixed dose combination of saxagliptin/metformin in the treatment of type 2 diabetes,2011,-1,none,1,0.95654297,0,test,yes,yes,yes,1,0.9541644166847166,13018.958333333334
p0022,10948,Internet of Things,proposed Internet-like structure connecting everyday physical objects,internet of things,2,Development of foundation models for Internet of Things,2010,17,Physical,1,0.7475586,0,train,yes,yes,,1,0.9797176683103904,13018.958333333334
p0023,33619,Endoscopic submucosal dissection,,endoscopic submucosal dissection,2,Risk factors for conversion to snare resection during colorectal endoscopic submucosal dissection in an expert Western center,2018,27,Health,1,0.94384766,0,train,yes,yes,,1,0.9811318291543549,13018.958333333334
p0024,7572,Biochar,"lightweight black residue, made of carbon and ashes, after pyrolysis of biomass",biochar,3,Lignin depolymerization for aromatic compounds over Ni-Ce/biochar catalyst under aqueous-phase glycerol,2022,22,Physical,1,0.44580078,0,test,yes,yes,,1,0.9607888762000993,13018.958333333334
p0025,30868,Sex trafficking,trade of sexual slaves,sex trafficking,3,Domestic Minor Sex Trafficking: A Case Series of Male Pediatric Patients,2020,33,Social,1,0.7548828,0,test,yes,yes,,1,0.9720813779617059,13018.958333333334
p0026,29684,Pay for performance,"movement in health insurance, reimbursement for health services rendered, generally by an institution, with added financial rewards if certain conditions are met",pay for performance,3,AMCP Pay-for-Performance Principles: Performance-Based Reimbursement and Direct and Indirect Remuneration (DIR) Fees,2022,27,Health,1,0.58984375,0,train,yes,yes,,1,0.9810123336625974,13018.958333333334
p0027,1371,Smart grid,electrical grid operated by automatic control devices or controled and maintained from distance,smart grid,2,Load profile reformation through demand response programs using Smart Grid,2010,22,Physical,1,0.8901367,0,test,yes,yes,,1,0.969283693603685,13018.958333333334
p0028,3048,Small interfering RNA,biomolecule,small interfering rna,4,Modulation of the response of prostate cancer cell lines to cisplatin treatment using small interfering RNA,2013,13,Life,1,0.79003906,0,test,yes,yes,,1,0.9799264097394258,13018.958333333334
p0029,29098,Lenalidomide,pair of enantiomers,lenalidomide,3,Complete Remission of del(5q) Myelodysplastic Syndrome after 7 Days of Lenalidomide Therapy Gives an Alert!,2012,27,Health,1,0.98876953,0,train,no,no,yes,0,0.9520933495580337,13018.958333333334
p0030,9457,Negative refraction,,negative refraction,3,Comment on “Negative Refraction at Optical Frequencies in Nonmagnetic Two-Component Molecular Media”,2007,31,Physical,1,0.5,0,test,yes,yes,,1,0.975298138499589,13018.958333333334
p0031,23818,Cryptocurrency,digital medium of exchange using cryptography on a ledger to secure transactions and to verify transfer of ownership,cryptocurrency,2,Study of time series characteristics by statistical properties of cryptocurrency prices and multifractal analysis,2020,-1,none,1,0.97314453,0,train,yes,yes,,1,0.9499023452885912,13018.958333333334
p0032,51269,Cardiorenal syndrome,condition where a dysfunction of heart or kidney results in failure of the other organ,cardiorenal syndrome,3,"Characterization of an Animal Model to Study Risk Factors and New Therapies for the Cardiorenal Syndrome, a Major Health Issue in Our Aging Population",2017,27,Health,1,0.8144531,0,train,yes,yes,,1,0.9722903530174701,13018.958333333334
p0033,32354,Barcode,optical machine-readable representation of data,barcode,2,SECURE DATA TRANSMISSION USING BARCODE MODULATION METHOD FOR MOBILE DEVICES,2016,22,Physical,1,0.6430664,0,test,yes,yes,,1,0.955642946034347,13018.958333333334
p0034,11040,Intravoxel incoherent motion,concept and a method initially introduced and developed by Le Bihan et al,intravoxel incoherent motion,4,The prediction of the treatment response of cervical nodes using intravoxel incoherent motion diffusion-weighted imaging,2017,27,Health,1,0.97753906,0,test,yes,yes,,1,0.976661435582747,13018.958333333334
p0035,21126,Visible light communication,communications medium using fluorescent bulbs or LEDs,visible light communication,3,Parallel visible light communication system using video camera and LED for communicating and indoor positioning,2020,17,Physical,1,0.9633789,0,test,yes,yes,,1,0.9800585479478463,13018.958333333334
p0036,45431,Bologna Process,system for compatibility of higher education qualifications in the European region,bologna process,3,Towards quality assurance and enhancement: the influence of the Bologna Process in Kosovo’s higher education,2020,33,Social,1,0.86279297,0,train,yes,yes,,1,0.9715141124432737,13018.958333333334
p0037,43912,Edaravone,chemical compound,edaravone,2,Serum uric acid level predicts the progression of amyotrophic lateral sclerosis following treatment with edaravone,2022,13,Life,1,0.9848633,0,train,yes,yes,,1,0.9516450950185755,13018.958333333334
p0038,154,Biohydrogen,,biohydrogen,4,The role of pH control on biohydrogen production by single stage hybrid dark- and photo-fermentation,2015,-1,none,1,0.9536133,0,train,yes,yes,,1,0.9540749068232112,13018.958333333334
p0039,55299,Smart phone,multi-purpose mobile computer,smart phone,2,Approach of Security Services on Smart-Phone Using Homomorphism,2012,22,Physical,1,0.70458984,0,train,yes,yes,,1,0.9681987205838486,13018.958333333334
p0040,21555,Precision medicine,"testing genomic, epigenetic and molecular biomarkers for efficacy in individualized treatment",precision medicine,2,"Heart Failure, Precision Medicine, and Incremental Equity",2022,-1,none,1,0.43725586,0,train,yes,no,,1,0.972249562302858,13018.958333333334
p0041,45953,Nivolumab,"Cancer drug, Anti PD-1 monoclonal antibody",nivolumab,4,Prognostic impact of immune-related adverse events in metastatic renal cell carcinoma treated with nivolumab plus ipilimumab,2021,27,Health,1,0.97998047,0,train,yes,yes,,1,0.9549881194648538,13018.958333333334
p0042,16967,Anthropocene,informal geologic chronological term,anthropocene,2,Beyond the Greening of Faith: Contemplative Practice in the Anthropocene,2022,12,Social,1,0.8334961,0,test,yes,yes,,1,0.9562880863028678,13018.958333333334
p0043,40084,Rivaroxaban,anticoagulant medication,rivaroxaban,4,"Efficacy and Safety of Rivaroxaban Compared With Warfarin Among Elderly Patients With Nonvalvular Atrial Fibrillation in the Rivaroxaban Once Daily, Oral, Direct Factor Xa Inhibition Compared With Vitamin K Antagonism for Prevention of Stroke and Embolism Trial in Atrial Fibrillation (ROCKET AF)",2014,27,Health,1,0.95654297,0,train,yes,yes,,1,0.9563294532522486,13018.958333333334
p0044,51266,Liraglutide,pharmaceutical drug,liraglutide,4,Liraglutide 3.0 mg reduces the prevalence of prediabetes and delays onset of type 2 diabetes in overweight/obese adults: the SCALE obesity and prediabetes trial,2014,-1,none,1,0.66015625,0,train,yes,yes,yes,1,0.9601587507414724,13018.958333333334
p0045,10713,Cloud computing,"form of Internet-based computing, whereby shared resources, software and information are provided to computers and other devices",cloud computing,2,Survey of randomization defenses on cloud computing,2018,-1,none,1,0.6513672,0,train,yes,yes,,1,0.9686958345402851,13018.958333333334
p0046,9466,Microplasma,,microplasma,3,Scalings and universality for high-frequency excited high-pressure argon microplasma,2017,31,Physical,1,0.47045898,0,train,yes,yes,,1,0.9612476920341952,13018.958333333334
p0047,36364,Bevacizumab,pharmaceutical drug,bevacizumab,3,Safety and cost-effectiveness of single dose dispensing of bevacizumab for various retinal pathologies in developing countries,2007,27,Health,1,0.71240234,0,train,yes,yes,,1,0.960921729283565,13018.958333333334
p0048,2949,Nanofluid,"fluid containing nanometer-sized particles, called nanoparticles",nanofluid,3,Mixed convection radiated flow of Jeffery-type hybrid nanofluid due to inclined oscillating surface with slip effects: a comparative fractional model,2022,22,Physical,1,0.7373047,0,train,yes,yes,yes,1,0.9558708826340597,13018.958333333334
p0049,31916,Emerald ash borer,species of insect,emerald ash borer,3,"Characterization and virulence of Beauveria spp. recovered from emerald ash borer in southwestern Ontario, Canada",2012,11,Life,1,0.8432617,0,test,yes,yes,,1,0.9803210856658894,13018.958333333334
p0050,30823,Pregabalin,chemical compound,pregabalin,2,Role of pregabalin in the treatment of generalized anxiety disorder,2007,27,Health,1,0.92626953,0,test,yes,yes,yes,1,0.9583180667697867,13018.958333333334
p0051,35010,Bortezomib,chemical compound,bortezomib,3,Proteosome inhibitor Bortezomib (Velcade®) induces apoptosis via degradation of SKP2 in ovarian cancer,2008,13,Life,1,0.72265625,0,train,yes,yes,yes,1,0.9557502630206609,13018.958333333334
p0052,37525,Precarity,"precarious existence, lacking in predictability, job security, material or psychological welfare",precarity,2,Precarity and Identity Vulnerability at Adolescence,2010,-1,none,1,0.41918945,0,train,yes,yes,,1,0.9633806111948271,13018.958333333334
p0053,20886,Blended learning,education program in which a student learns through online content and instruction with some element of student control,blended learning,3,Evaluation of a blended learning program for teacher education in an adult education center,2012,-1,none,1,0.50634766,0,test,yes,yes,yes,1,0.9754297198148102,13018.958333333334
p0054,49307,Sweet sorghum,,sweet sorghum,3,Evaluation of different sweet sorghum cultivars for bioethanol yield potential and bagasse combustion characteristics in a semiarid Mediterranean environment,2020,22,Physical,1,0.6845703,0,train,yes,yes,yes,1,0.9731697205057447,13018.958333333334
p0055,34596,Reverse logistics,return processing,reverse logistics,3,Exploring the Reverse Logistics Frameworks: a systematic literature review,2020,14,Social,1,0.5776367,0,test,yes,yes,,1,0.975286497628869,13018.958333333334
p0056,39221,Ammonia borane,chemical compound,ammonia borane,4,Catalytically active rhodium nanoparticles stabilized by nitrogen doped carbon for the hydrolysis of ammonia borane,2018,-1,none,1,0.98583984,0,test,yes,yes,,1,0.9681376074041614,13018.958333333334
p0057,6427,Innate lymphoid cell,Cell of the immune system,innate lymphoid cell,4,Group 2 innate lymphoid cell and allergic disorders,2018,28,Life,1,0.9526367,0,train,yes,yes,,1,0.9800051145037766,13018.958333333334
p0058,30614,Abiraterone,chemical compound,abiraterone,5,Low-Fat Abiraterone Food Effect Is of Great Consequence,2018,27,Health,1,0.8149414,0,test,yes,yes,,1,0.9570356630546741,13018.958333333334
p0059,25992,Citizen science,"scientific research conducted, in whole or in part, by amateur or nonprofessional scientists",citizen science,2,Extreme citizen science: Lessons learned from initiatives around the globe,2021,23,Physical,1,0.76123047,0,train,yes,yes,,1,0.9717946786157567,13018.958333333334
p0060,55208,Human trafficking,"trade of humans for the purpose of forced labor, sexual slavery, or commercial sexual exploitation for the trafficker or others",human trafficking,2,دور الشرطة في دولة الإمارات العربية في مكافحة جرائم الإتجار بالبشر = UAE Police Role in Combatting Human Trafficking Crimes,2017,33,Social,1,0.59375,0,test,yes,yes,,1,0.9726838019732152,13018.958333333334
p0061,29563,Entecavir,chemical compound,entecavir,5,Compare with safety and efficacy of entecavir and adefovir dipivoxil combination therapy and tenofovir disoproxil fumarate monotherapy for chronic hepatitis B patient with adefovir-resistant,2019,-1,none,1,0.93115234,0,test,yes,yes,yes,1,0.9491951842390443,13018.958333333334
p0062,10882,Convolutional neural network,"A class of deep neural networks, most commonly applied to analyzing visual imagery.",convolutional neural network,2,RETRACTED: Prediction of Milk Protein Content in Milk for Health Hygiene Based on Hyperspectral and Convolutional Neural Network,2022,22,Physical,1,0.66259766,0,test,yes,yes,,1,0.978412293626,13018.958333333334
p0063,7077,Particle filter,type of Monte Carlo algorithms for signal processing and statistical inference,particle filter,3,A Robust Indoor Autonomous Positioning System Using Particle Filter Based on ISM Band Wireless Communications,2011,22,Physical,1,0.8378906,0,train,yes,yes,yes,1,0.9669202457335868,13018.958333333334
p0064,42629,Pteris vittata,species of plant,pteris vittata,5,Assessment of arsenic availability to roots in contaminated Tuscany soils by a diffusion gradient in thin films (DGT) method and uptake by Pteris vittata and Agrostis capillaris,2009,23,Physical,1,0.9658203,0,train,yes,yes,,1,0.9614750482818426,13018.958333333334
p0065,38336,FOLFOX,chemotherapy regimen,folfox,5,High expression of organic anion transporter 2 and organic cation transporter 2 is an independent predictor of good outcomes in patients with metastatic colorectal cancer treated with FOLFOX-based chemotherapy.,2014,-1,none,1,0.92333984,0,train,yes,yes,,1,0.9512227915374605,13018.958333333334
p0066,14109,Genome-wide association study,examination of many genetic variants in different individuals to see if any variant is associated with a trait,genome wide association study,5,Genome-Wide Association Study Identifies a New Locus at 7q21.13 Associated with Hepatitis B Virus–Related Hepatocellular Carcinoma,2017,27,Health,1,0.41992188,0,train,yes,yes,,1,0.9865982500684268,13018.958333333334
p0067,50377,Ranibizumab,pharmaceutical drug,ranibizumab,4,Intravitreal Ranibizumab (Lucentis) for Branch Retinal Vein Occlusion-Induced Macular Edema: 12-Months Results of a Prospective Study,2010,27,Health,1,0.89404297,0,test,yes,yes,yes,1,0.9528586303942393,13018.958333333334
p0068,51155,Mind-wandering,,mind wandering,3,"Intentionality and meta-awareness of mind wandering: Are they one and the same, or distinct dimensions?",2017,28,Life,1,0.7836914,0,test,yes,yes,,1,0.973099880983775,13018.958333333334
p0069,58285,Health reform,most part governmental policy that affects health care delivery in a given place,health reform,4,Follow the Money: Payment Reform as the Key to Health Reform,2006,-1,none,1,0.5644531,0,train,yes,yes,,1,0.9743781131088705,13018.958333333334
p0070,14668,Metamaterial,materials engineered to have properties that have not yet been found in nature,metamaterial,2,Left-Handed Metamaterial (LHM) Structure Stacked on a Two-Element Microstrip Antennas Array,2016,22,Physical,1,0.8334961,0,train,yes,yes,,1,0.9543261804026251,13018.958333333334
p0071,2300,Endomicroscopy,,endomicroscopy,3,Needle-Based Confocal Laser Endomicroscopy Examination of Autoimmune Pancreatitis With Cystic Lesions (With Video),2020,27,Health,1,0.44384766,0,train,yes,yes,,1,0.9598499207241356,13018.958333333334
p0072,27661,IEEE 802,set of IEEE standards related to Local and Metropolitan Area Networks,ieee 802,3,IEEE 802.11p Linux Kernel Implementation,2014,-1,none,1,0.45581055,0,test,yes,yes,,1,0.9742394937164682,13018.958333333334
p0073,29698,Vedolizumab,pharmaceutical drug,vedolizumab,4,Vedolizumab as Induction and Maintenance Therapy for Crohnʼs Disease in Patients Naïve to or Who Have Failed Tumor Necrosis Factor Antagonist Therapy,2016,27,Health,1,0.9814453,0,test,yes,yes,,1,0.9550854255640544,13018.958333333334
p0074,35564,Obinutuzumab,pharmaceutical drug,obinutuzumab,4,"Acalabrutinib and Venetoclax With or Without Early Obinutuzumab for the Treatment of High Risk, Recurrent, or Refractory Chronic Lymphocytic Leukemia or Small Lymphocytic Lymphoma",2019,27,Health,1,0.83251953,0,test,yes,yes,,1,0.95603399525949,13018.958333333334
p0075,8182,Working capital,financial metric,working capital,2,ANALYSIS OF ASSESSMENT OF GUARANTEE IN THE PROVISION OF WORKING CAPITAL CREDIT IN PT. MANDIRI SULAWESI PEOPLE'S CREDIT BANK,2019,14,Social,1,0.484375,0,train,yes,yes,,1,0.9734234371869088,13018.958333333334
p0076,13090,mTORC1,"protein complex that contains at least TOR (target of rapamycin) and Raptor (regulatory-associated protein of TOR), or orthologs of, in complex with other signaling components",mtorc1,4,TBK1 Facilitates GLUT1-Dependent Glucose Consumption by suppressing mTORC1 Signaling in Colorectal Cancer Progression,2022,13,Life,1,0.6225586,0,test,yes,yes,yes,1,0.9554667542279474,13018.958333333334
p0077,50576,Obestatin,protein in humans,obestatin,4,Bolus intravenous injection of obestatin does not change blood pressure level of spontaneously hypertensive rat,2009,-1,none,1,0.8701172,0,train,yes,yes,,1,0.9554787871357313,13018.958333333334
p0078,5992,Metamaterial absorber,,metamaterial absorber,4,Design of a Novel Terahertz Metamaterial Absorber for Sensing Applications,2021,22,Physical,1,0.78808594,0,train,yes,yes,,1,0.9732705792922768,13018.958333333334
p0079,57905,Avian influenza virus,influenza caused by viruses adapted to birds,avian influenza virus,4,Detection of avian influenza virus subtype H5 using a biosensor based on imaging ellipsometry,2009,-1,none,1,0.44702148,0,test,yes,yes,,1,0.9813431570861931,13018.958333333334
p0080,22815,Brain–computer interface,connection between brain and computer,brain computer interface,3,A Hybrid Brain Computer Interface to Control the Direction and Speed of a Simulated or Real Wheelchair,2012,28,Life,1,0.94189453,0,test,yes,yes,,1,0.9794935508500727,13018.958333333334
p0081,19739,Cognitive radio,radio that can be programmed and configured dynamically to use the best wireless channels in its vicinity to avoid user interference and congestion,cognitive radio,3,Cyclostationary Property Based Spectrum Sensing Algorithms for Primary Detection in Cognitive Radio Systems,2009,22,Physical,1,0.8515625,0,test,yes,yes,,1,0.9699194939905931,13018.958333333334
p0082,18727,DNA barcoding,method of species identification using a short section of DNA,dna barcoding,2,DNA barcoding reveals three Rhodocybe species new to Britain,2022,-1,none,1,0.7753906,0,train,yes,yes,,1,0.971663005494659,13018.958333333334
p0083,36379,Transcranial direct-current stimulation,technique of brain electric stimulation therapy which uses low current delivered via electrodesm placed on the scalp,transcranial direct current stimulation,3,Baseline delayed verbal recall predicts response to high definition transcranial direct current stimulation targeting the superior medial frontal cortex,2021,28,Life,1,0.49731445,0,train,yes,yes,,1,0.9875425973740479,13018.958333333334
p0084,9432,Social engineering,information security concept: psychological manipulation of people into performing actions or divulging confidential information,social engineering,2,The Threat of Social Engineering and Your Defense Against It,2003,-1,none,1,0.89697266,0,test,yes,yes,,1,0.9708146449852086,13018.958333333334
p0085,31858,Corn stover,,corn stover,3,Techno-economic analysis (TEA) of low-moisture anhydrous ammonia (LMAA) pretreatment method for corn stover,2015,-1,none,1,0.8466797,0,train,yes,yes,,1,0.9695687552812274,13018.958333333334
p0086,34891,Circular economy,"regenerative system in which resource input and waste, emission, and energy leakage, are minimised",circular economy,2,Study on Development of Circular Economy in Xingyang,2008,-1,none,1,0.9345703,0,test,yes,yes,,1,0.9686132290587772,13018.958333333334
p0087,16486,Biomarker discovery,process by which biomarkers are discovered,biomarker discovery,4,Cambridge Healthtech Institute’s 2007 Biomarker Discovery Summit,2007,13,Life,1,0.80126953,0,train,yes,yes,,1,0.9735012550560601,13018.958333333334
p0088,23535,Soft power,concept developed by Joseph Nye,soft power,3,Канадский опыт формирования имиджа страны и строительства институтов soft power,2014,33,Social,1,0.8334961,0,train,yes,yes,,1,0.968057311364117,13018.958333333334
p0089,38231,Lignocellulosic biomass,,lignocellulosic biomass,3,Room temperature ionic liquids as emerging solvents for the pretreatment of lignocellulosic biomass,2011,13,Life,1,0.90478516,0,train,yes,yes,,1,0.9717833809155129,13018.958333333334
p0090,3233,Mass spectrometry imaging,mass spectrometry technique that can visualize the spatial distribution of molecules,mass spectrometry imaging,3,Desorption electrospray ionization mass spectrometry: Imaging drugs and metabolites in tissues,2008,13,Life,1,0.6118164,0,train,yes,yes,,1,0.9816969960328403,13018.958333333334
p0091,14261,RNA-Seq,"process of cloning, physical mapping, subcloning, sequencing, and information analysis of an RNA sequence",rna seq,5,"RNA-seq, de novo transcriptome assembly and flavonoid gene analysis in 13 wild and cultivated berry fruit species with high content of phenolics",2019,13,Life,1,0.6298828,0,test,yes,yes,yes,1,0.9696173041564728,13018.958333333334
p0092,35752,Learning analytics,"measurement, collection, analysis and reporting of data about learners and their contexts, for purposes of understanding and optimizing learning and the environments in which it occurs",learning analytics,2,Improving retention in first-year mathematics using learning analytics,2013,33,Social,1,0.6455078,0,train,yes,yes,,1,0.9740722199544409,13018.958333333334
p0093,37289,Mass cytometry,laboratory technique,mass cytometry,4,"OMIP‐054: Broad Immune Phenotyping of Innate and Adaptive Leukocytes in the Brain, Spleen, and Bone Marrow of an Orthotopic Murine Glioblastoma Model by Mass Cytometry",2019,13,Life,1,0.9140625,0,train,yes,yes,,1,0.9651437257148585,13018.958333333334
p0094,48007,Open data,practice of sharing data publicly and reusably,open data,2,Scholarly Communication and Open Data( Open Data),2015,33,Social,1,0.56591797,0,test,yes,yes,,1,0.9745208079640006,13018.958333333334
p0095,43685,Millennium Development Goals,goals agreed at the Millennium Summit of the United Nations in 2000,millennium development goals,3,Tujuan G-8 Membantu Nigeria Dalam Mencapai Target Millennium Development Goals (Mdgs) 2015,2014,33,Social,1,0.8300781,0,test,yes,yes,,1,0.9799899344870411,13018.958333333334
p0096,20103,Systems biology,computational and mathematical modeling of complex biological systems,systems biology,2,A systems biology approach for miRNA-mRNA expression patterns analysis in non-small cell lung cancer,2016,13,Life,1,0.5463867,0,train,yes,yes,,1,0.9703520221205545,13018.958333333334
p0097,11818,Body area network,"wireless network of wearable computing devices, either implants, surface-mounted on the body, or accompanied devices carried in pockets, in hand, or in bags",body area network,3,Analysis of Energy Consumption in Wireless Body Area Network Usingmac Protocols (baseline And Smac),2022,33,Social,1,0.7246094,0,train,yes,yes,,1,0.9809006349521086,13018.958333333334
p0098,14269,Induced pluripotent stem cell,cells from adult organisms that have been reprogrammed into a pluripotential state similar to embryonic stem cells,induced pluripotent stem cell,4,Generation of twelve induced pluripotent stem cell lines from two healthy controls and two patients with sporadic amyotrophic lateral sclerosis,2020,13,Life,1,0.87841797,0,train,yes,yes,,1,0.9853426662439062,13018.958333333334
p0099,56870,Film festival,event with films being shown,film festival,2,The Cultural Animation Film Festival,2019,33,Social,1,0.76953125,0,train,yes,yes,,1,0.9740971658637773,13018.958333333334
p0100,16014,Copy-number variation,phenomenon in which sections of a genome are repeated and the number of repeats in the genome varies between individuals,copy number variation,4,Copy number variation burden does not predict severity of neurodevelopmental phenotype in children with a sex chromosome trisomy,2020,13,Life,1,0.80126953,0,test,yes,yes,,1,0.9793987510267899,13018.958333333334
p0101,33463,Smart city,urban area that uses different types of electronic Internet of things sensors to collect data and then use these data to manage assets and resources efficiently,smart city,3,Smart City Research,2015,33,Social,1,0.61572266,0,test,yes,unsure,,1,0.975324691272608,13018.958333333334
p0102,57370,Extracellular vesicles,vesicle that is part of the extracellular region,extracellular vesicles,2,The role and potential application of extracellular vesicles in liver cancer,2021,13,Life,1,0.46948242,0,train,yes,yes,,1,0.9761385349492763,13018.958333333334
p0103,7527,Myeloid-derived Suppressor Cell,myeloid cells that can suppress the activity of T-cells and natural killer cells,myeloid derived suppressor cell,4,Icaritin Induces Anti-tumor Immune Responses in Hepatocellular Carcinoma by Inhibiting Splenic Myeloid-Derived Suppressor Cell Generation,2021,24,Life,1,0.50878906,0,train,yes,yes,,1,0.9865101255671898,13018.958333333334
p0104,50352,CHARGE syndrome,"syndrome that is characterized by a pattern of congenital anomalies including choanal atresia and malformations of the heart, inner ear, and retina",charge syndrome,2,CHARGE syndrome の7例の診断と聴覚の検討,2013,33,Social,1,0.7553711,0,train,yes,yes,,1,0.973930936831601,13018.958333333334
p0105,37067,Drosophila suzukii,species of insect,drosophila suzukii,5,"Drosophila suzukii (Matsumura), a new invasive species harmful to crops with small fruits.",2011,11,Life,1,0.96435547,0,train,yes,yes,,1,0.970841964619273,13018.958333333334
p0106,38478,Regulatory T cell,type of cell,regulatory t cell,5,Insulin-like growth factor-1 induces regulatory T cell-mediated suppression of allergic contact dermatitis in mice,2014,13,Life,1,0.6196289,0,test,yes,yes,,1,0.979436799907641,13018.958333333334
p0107,17534,Deep sequencing,DNA sequencing with high coverage,deep sequencing,4,Repertoire of Porcine MicroRNAs in Adult Ovary and Testis by Deep Sequencing,2011,13,Life,1,0.4633789,0,train,yes,yes,,1,0.9707548538466347,13018.958333333334
p0108,9400,Austerity,political-economic policy aiming to reduce government budget deficits through spending cuts or tax increases,austerity,3,The Essential Work of Crip Resistance: Demanding Dignity in Spain's Pandemic Austerity,2021,33,Social,1,0.98046875,0,train,yes,yes,,1,0.9471324259358515,13018.958333333334
p0109,32193,Kisspeptin,mammalian protein found in Homo sapiens,kisspeptin,3,Progesterone-induced amplification and advancement of GnRH/LH surges are associated with changes in kisspeptin system in preoptic area of estradiol-primed female rats,2016,28,Life,1,0.9926758,0,train,no,yes,yes,0,0.9518009775908646,13018.958333333334
p0110,42109,MALAT1,non-coding RNA in the species Homo sapiens,malat1,5,LncRNA MALAT1 acts as an oncogene in multiple myeloma through sponging miR-509-5p to modulate FOXP1 expression,2017,13,Life,1,0.9736328,0,test,yes,yes,yes,1,0.952014618160976,13018.958333333334
p0111,20598,Infographic,"graphic visual representations of information, data or knowledge intended to present information quickly and clearly",infographic,2,The Relationship of Infographic Learning Media and Instagram Media to Students' Digital Literacy Ability in Social Studies Learning at SMP Shidqia Islamic School Bekasi,2022,33,Social,1,0.7294922,0,train,yes,yes,,1,0.95329538402464,13018.958333333334
p0112,48876,Debt crisis,Wikimedia disambiguation page,debt crisis,3,"The Greek Sovereign Debt Crisis: Antecedents, Consequences and Reforms Capacity",2011,20,Social,1,0.5493164,0,train,yes,yes,,1,0.9715103965923698,13018.958333333334
p0113,40463,Aflibercept,pharmaceutical drug,aflibercept,4,Ranibizumab for the Treatment of Visual Impairment Due to Myopic Choroidal Neovascularization: Cost-Effectiveness Versus Aflibercept,2014,20,Social,1,0.9819336,0,test,yes,yes,,1,0.9517111152679826,13018.958333333334
p0114,50629,Work engagement,,work engagement,3,Examining the linkage between creative self-efficacy and work engagement,2016,14,Social,1,0.7685547,0,test,yes,yes,,1,0.9717800778522614,13018.958333333334
p0115,17966,Emotional labor,process of managing feelings and expressions to fulfill the emotional requirements of a job,emotional labor,2,Emotional Labor During Disaster Coverage: Exploring Expectations for Emotional Display,2020,33,Social,1,0.84277344,0,train,yes,yes,,1,0.9708510732364404,13018.958333333334
p0116,56328,Scientific development,socio-economic principle of the Chinese Communist Party,scientific development,3,Establish the Scientific Development View to Construct Long-Lasting Mechanism of Governing Securities of the Chinese Communist Party,2006,33,Social,1,0.5522461,0,train,yes,yes,,1,0.9748153150482227,13018.958333333334
p0117,4460,Sharing economy,"economic and social systems that enable shared access to goods, services, data and talent",sharing economy,2,Predicting consumer personality traits in the sharing economy: The case of Airbnb,2019,14,Social,1,0.9008789,0,test,yes,yes,yes,1,0.9669723536794578,13018.958333333334
p0118,37875,Flipped classroom,"instructional strategy and a type of blended learning that reverses the traditional educational arrangement by delivering instructional content, often online, outside of the classroom.",flipped classroom,2,Engineering Students’ Perceptions and Acceptance of the Online Flipped Classroom for Learning during the COVID-19 Pandemic,2021,33,Social,1,0.73291016,0,test,yes,yes,,1,0.9729801822336458,13018.958333333334
p0119,45802,Posttraumatic growth,positive psychological change as a result of challenging life circumstances,posttraumatic growth,2,Measuring Growth With the Posttraumatic Growth Inventory,2008,32,Social,1,0.9550781,0,train,yes,yes,yes,1,0.9709833981283814,13018.958333333334
p0120,423,Polymer nanocomposite,,polymer nanocomposite,3,Recent advance in functionalized graphene/polymer nanocomposites,2010,25,Physical,1,0.6171875,1,train,yes,yes,,1,0.9635134227277288,2635.5375
p0121,6827,Optogenetics,neuromodulation method; uses a combination of techniques from optics and genetics to control and monitor the activities of individual neurons in living tissue,optogenetics,2,Chronic optogenetic manipulation of basolateral amygdala astrocytes rescues stress-induced anxiety,2020,13,Life,1,0.97216797,1,test,yes,yes,,1,0.9373601386486858,2635.5375
p0122,19126,microRNA,"small non-coding RNA molecule (of ca. 22 nucleotides) found in plants, animals and some viruses, that functions in RNA silencing and post-transcriptional regulation of gene expression",microrna,3,Regulation of angiogenesis through the efficient delivery of microRNAs into endothelial cells using polyamine-coated carbon nanotubes,2016,-1,none,1,0.6879883,1,train,yes,yes,,1,0.9392627490970095,2635.5375
p0123,23640,Metal-organic framework,class of chemical substance,metal organic framework,3,Enzyme encapsulation in metal–organic frameworks for applications in catalysis,2017,25,Physical,1,0.7192383,1,train,yes,yes,,1,0.9740910618772444,2635.5375
p0124,12174,Organic solar cell,,organic solar cell,3,An insight on oxide interlayer in organic solar cells: From light absorption and charge collection perspectives,2016,22,Physical,1,0.7949219,1,train,yes,yes,,1,0.9727023967407795,2635.5375
p0125,22815,Brain–computer interface,connection between brain and computer,brain computer interface,3,BUT WILL BRAIN-COMPUTER INTERFACES WORK IN HUMANS?,2005,27,Health,1,0.42407227,1,test,yes,yes,,1,0.977554222216298,2635.5375
p0126,2880,Metabolomics,scientific study of chemical processes involving metabolites,metabolomics,2,Ethnopharmacy and natural product research—Multidisciplinary opportunities for research in the metabolomic age,2008,13,Life,1,0.64941406,1,test,yes,yes,,1,0.9448182880104791,2635.5375
p0127,23818,Cryptocurrency,digital medium of exchange using cryptography on a ledger to secure transactions and to verify transfer of ownership,cryptocurrency,2,Forecasting cryptocurrencies prices using data driven level set fuzzy models,2022,-1,none,1,0.38964844,1,test,yes,yes,,1,0.9427942936358398,2635.5375
p0128,1980,Nanomedicine,medical application of nanotechnology,nanomedicine,3,Polyester Polymeric Nanoparticles as Platforms in the Development of Novel Nanomedicines for Cancer Treatment,2021,27,Health,1,0.7319336,1,train,yes,yes,,1,0.9447127320771255,2635.5375
p0129,17027,Topological insulator,material with insulating bulk but conductive boundary,topological insulator,2,Pressure-induced insulator to metal transitions in potential 3D topological insulators Ag$_{2}$Se and Ag$_{2}$Te,2014,31,Physical,1,0.8828125,1,train,yes,yes,yes,1,0.9596795505665322,2635.5375
p0130,5284,Conjugated microporous polymer,,conjugated microporous polymer,3,Synthesis of novel ferrocene-based conjugated microporous polymers with intrinsic magnetism,2017,25,Physical,1,0.8652344,1,test,yes,yes,,1,0.9732629327997504,2635.5375
p0131,38478,Regulatory T cell,type of cell,regulatory t cell,5,Immune Homeostasis: Regulatory T Cells (Treg) and Molecules,2008,24,Life,1,0.43481445,1,test,yes,yes,,1,0.976331887714967,2635.5375
p0132,60448,Electronic health record,data handling used to manage health information and the care of patients,electronic health record,3,Signs of the 2009 Influenza Pandemic in the New York-Presbyterian Hospital Electronic Health Records,2010,-1,none,1,0.43798828,1,test,yes,yes,,1,0.9745609208812631,2635.5375
p0133,7481,Cancer stem cell,cell,cancer stem cell,3,Cancer stem cells in cutaneous melanoma,2009,27,Health,1,0.5756836,1,train,yes,yes,,1,0.9762668396369937,2635.5375
p0134,30085,Sodium-ion battery,,sodium ion battery,5,Double‐Carbon Enhanced TiO 2 Nanotubes as Highly Improved Anodes for Sodium‐Ion Batteries,2020,16,Physical,1,0.51220703,1,test,yes,yes,yes,1,0.9749078507295954,2635.5375
p0135,59618,Syrian refugees,refugees and displaced persons from the ongoing conflict,syrian refugees,3,Employment integration experiences of Syrian refugee women arriving through Canada’s varied refugee protection programmes,2020,33,Social,1,0.54052734,1,test,yes,yes,,1,0.9639776321450735,2635.5375
p0136,20084,Femtocell,"Small, low-power cellular base station",femtocell,3,Analysis of Multimedia Applications in WiMAX Femtocells,2016,-1,none,1,0.9082031,1,train,yes,yes,,1,0.9339031098303832,2635.5375
p0137,14269,Induced pluripotent stem cell,cells from adult organisms that have been reprogrammed into a pluripotential state similar to embryonic stem cells,induced pluripotent stem cell,4,Adult mice generated from induced pluripotent stem cells,2009,-1,none,1,0.89990234,1,train,yes,yes,,1,0.9821793981884864,2635.5375
p0138,17431,Point cloud,set of data points in three-dimensional space,point cloud,2,An Algorithm to Recognize the Target Object Contour Based on 2D Point Clouds by Laser-CCD-Scanning,2015,33,Social,1,0.5678711,1,test,yes,yes,,1,0.961528756112937,2635.5375
p0139,10882,Convolutional neural network,"A class of deep neural networks, most commonly applied to analyzing visual imagery.",convolutional neural network,2,Leveraging the Generalization Ability of Deep Convolutional Neural Networks for Improving Classifiers for Color Fundus Photographs,2021,22,Physical,1,0.7319336,1,train,yes,yes,,1,0.9719329462516494,2635.5375
p0140,18049,Mirror neuron,type of neuron associated with empathy,mirror neuron,2,"Human cortical representations for reaching: Mirror neurons for execution, observation, and imagery",2007,28,Life,1,0.49926758,1,test,yes,yes,,1,0.9635982096047346,2635.5375
p0141,2949,Nanofluid,"fluid containing nanometer-sized particles, called nanoparticles",nanofluid,3,Effect of using nanofluids and providing vacuum on the yield of corrugated wick solar still,2015,22,Physical,1,0.7446289,1,train,yes,yes,yes,1,0.935990244539471,2635.5375
p0142,25333,Vehicular ad hoc network,type of inter-vehicle communication network,vehicular ad hoc network,4,Connectivity analysis of one-dimensional vehicular ad hoc networks in fading channels,2012,22,Physical,1,0.6015625,1,test,yes,yes,,1,0.9832625299512089,2635.5375
p0143,21771,Microbial fuel cell,,microbial fuel cell,4,Small-scale microbial fuel cells utilising uric salts,2014,22,Physical,1,0.9692383,1,test,yes,yes,yes,1,0.9737459366805782,2635.5375
p0144,14109,Genome-wide association study,examination of many genetic variants in different individuals to see if any variant is associated with a trait,genome wide association study,5,Genome-wide association studies of leaf angle in maize,2021,11,Life,1,0.5341797,1,train,yes,yes,,1,0.9809360317895545,2635.5375
p0145,16329,Multiferroics,materials that exhibit more than one of the primary ferroic order parameters,multiferroics,4,Room-temperature nonvolatile four-state memory based on multiferroic Sr3Co2Fe21.6O37.4,2018,25,Physical,1,0.9536133,1,train,yes,yes,,1,0.9349742523836309,2635.5375
p0146,4235,Wireless mesh network,network topology,wireless mesh network,4,Cloned Access Point Detection and Prevention Mechanism in IEEE 802.11 Wireless Mesh Networks,2014,-1,none,1,0.7397461,1,train,yes,yes,,1,0.9731408647058257,2635.5375
p0147,24896,Rogue wave,relatively large and spontaneous ocean surface waves that occur far out at sea,rogue wave,3,Rogue waves for a generalized nonlinear Schrödinger equation with distributed coefficients in a monomode optical fiber,2018,31,Physical,1,0.96484375,1,train,no,yes,yes,0,0.955311437460407,2635.5375
p0148,33463,Smart city,urban area that uses different types of electronic Internet of things sensors to collect data and then use these data to manage assets and resources efficiently,smart city,3,Do Smart Cities Represent the Key to Urban Resilience? Rethinking Urban Resilience,2022,-1,none,1,0.4909668,1,test,yes,yes,,1,0.9631104860256918,2635.5375
p0149,12932,Deep belief network,type of artificial neural network,deep belief network,3,A Multistage Deep Belief Networks Application on Arrhythmia Classification,2016,-1,none,1,0.4501953,1,test,yes,yes,,1,0.9749420421586603,2635.5375
p0150,44519,Rare disease,disease that affects a small percentage of the population,rare disease,3,The Italian National Rare Diseases Registry: a model of comparison and integration with Hospital Discharge Data,2017,-1,none,1,0.5644531,1,test,yes,,,1,0.9615313085236269,2635.5375
p0151,55943,Mobile apps,software application designed to run on mobile devices,mobile apps,2,Instagram Mobile App,2014,-1,none,1,0.51464844,1,test,yes,,,1,0.9607673314272444,2635.5375
p0152,20369,Urban agglomeration,Wikimedia disambiguation page,urban agglomeration,2,The Forms of Heavy Metals in Technogenically Polluted Soils of Urban Agglomerations,2016,-1,none,1,0.9145508,1,train,yes,,,1,0.951207840958209,2635.5375
p0153,23701,Cyber-physical system,engineered systems built and operated with seamless integration between physical components and computation,cyber physical system,2,Real-Time Wireless Sensor-Actuator Networks for Cyber-Physical Systems,2014,-1,none,1,0.6035156,1,test,yes,,yes,1,0.9723072925425003,2635.5375
p0154,25655,Adipokine,type of cytokines secreted by adipose tissue,adipokine,4,Ectopic fat and adipokines in metabolically benign overweight/obese women: The kronos early estrogen prevention study,2013,27,Health,1,0.91064453,1,train,yes,,,1,0.9395681382561824,2635.5375
p0155,10710,Dirac fermion,A kind of fermion,dirac fermion,3,Partial wave analysis of the Dirac fermions scattered from Reissner–Nordström charged black holes,2016,31,Physical,1,0.5083008,1,train,yes,,,1,0.9619378410837756,2635.5375
p0156,6427,Innate lymphoid cell,Cell of the immune system,innate lymphoid cell,4,Immune Checkpoints and Innate Lymphoid Cells—New Avenues for Cancer Immunotherapy,2021,27,Health,1,0.6328125,1,test,yes,,,1,0.9753069526734084,2635.5375
p0157,8942,Polymer solar cell,,polymer solar cell,3,Efficiency improvement of polymer solar cells by addition of TiO2 nanoparticles into the active layers,2014,22,Physical,1,0.4326172,1,train,yes,,,1,0.9764320453736306,2635.5375
p0158,16014,Copy-number variation,phenomenon in which sections of a genome are repeated and the number of repeats in the genome varies between individuals,copy number variation,4,Low genetic heterogeneity of copy number variations (CNVs) in the genes encoding the human deoxyribonucleases 1-like 3 and II potentially relevant to autoimmunity,2019,-1,none,1,0.74609375,1,train,yes,,yes,1,0.9716359375424817,2635.5375
p0159,14668,Metamaterial,materials engineered to have properties that have not yet been found in nature,metamaterial,2,Design of one-dimensional acoustic metamaterials using machine learning and cell concatenation,2021,22,Physical,1,0.93066406,1,train,yes,,,1,0.9387569767593967,2635.5375
p0160,4702,Complex network,network with non-trivial topological features,complex network,2,Optimal attack strategy of complex networks based on tabu search,2015,31,Physical,1,0.66259766,1,test,yes,,yes,1,0.9573682622204721,2635.5375
p0161,2386,Nanocarriers,nanomaterial used to facilitate transporting other materials,nanocarriers,3,Ultrasound Reversible Response Nanocarrier Based on Sodium Alginate Modified Mesoporous Silica Nanoparticles,2019,-1,none,1,0.71777344,1,test,yes,,,1,0.9413075215816565,2635.5375
p0162,7727,Broadside,single sheet of paper printed on one side,broadside,2,Canadian Pamphlets and Broadsides Collection,2006,12,Social,1,0.71240234,1,train,yes,,,1,0.9401745356722407,2635.5375
p0163,7527,Myeloid-derived Suppressor Cell,myeloid cells that can suppress the activity of T-cells and natural killer cells,myeloid derived suppressor cell,4,Human neutrophils: Their role in cancer and relation to myeloid-derived suppressor cells,2016,24,Life,1,0.72265625,1,train,yes,,,1,0.9817966381508684,2635.5375
p0164,7572,Biochar,"lightweight black residue, made of carbon and ashes, after pyrolysis of biomass",biochar,3,Comparative study of vetiver root (Chrysopogon zizanioides) and other biochars for water purification,2022,11,Life,1,0.8852539,1,train,yes,,,1,0.9348026085755559,2635.5375
p0165,45854,HPV vaccines,class of vaccines against human papillomavirus,hpv vaccines,5,Development of a β-HPV vaccine: Updates on an emerging frontier of skin cancer prevention,2020,27,Health,1,0.47265625,1,train,yes,,,1,0.9658211840426316,2635.5375
p0166,49024,Self-expandable metallic stent,tube or stent used in order to hold open a structure in the gastrointestinal tract,self expandable metallic stent,3,Outcome of self‐expandable metallic stents in low‐grade versus advanced hilar obstruction,2008,27,Health,1,0.49267578,1,train,yes,,,1,0.983851563092048,2635.5375
p0167,30826,Intraductal papillary mucinous neoplasm,medical condition,intraductal papillary mucinous neoplasm,3,Are intratumoral microbiota involved in the progression of intraductal papillary mucinous neoplasms of the pancreas?,2022,27,Health,1,0.6074219,1,test,yes,,,1,0.9821283775137024,2635.5375
p0168,60118,Virtual world,"computer-based simulated environment populated by many users who can create a personal avatar, and simultaneously and independently explore the virtual world, participate in its activities and communicate with others",virtual world,2,Intelligent Modelling of Virtual Worlds Using Domain Ontologies.,2004,-1,none,1,0.41357422,1,test,yes,,,1,0.9630165907381325,2635.5375
p0169,21297,Rankine cycle,Model that is used to predict the performance of steam turbine systems,rankine cycle,3,Cascaded Transcritical/Supercritical Co2 Cycles And Organic Rankine Cycles To Recover Low-Temperature Waste Heat And Lng Cold Energy Simultaneously,2018,-1,none,1,0.4729004,1,train,yes,,,1,0.9629879158263868,2635.5375
p0170,49680,Carbon footprint,"total set of greenhouse gas emissions caused by an individual, event, organisation, or product, expressed as carbon dioxide equivalent",carbon footprint,3,Estimating Residential Carbon Footprints for an American City,2012,33,Social,1,0.75341797,1,train,yes,,,1,0.9600296703252232,2635.5375
p0171,52108,Extracellular vesicle,vesicle that is part of the extracellular region,extracellular vesicle,5,Recent Advances on Extracellular Vesicles in Central Nervous System Diseases,2021,27,Health,1,0.5673828,1,train,yes,,,1,0.9654953586866085,2635.5375
p0172,18898,Microbiome,biome of microbes,microbiome,2,Low-dose brain estrogen prevents menopausal syndrome while maintaining the diversity of the gut microbiomes in estrogen-deficient rats,2018,27,Health,1,0.578125,1,train,yes,,,1,0.9384090181516033,2635.5375
p0173,60293,Infantile hemangioma,human disease,infantile hemangioma,3,Clinical Application of the Pulsed Dye Laser for the Treatment of Infantile Hemangiomas in Neonates,2020,27,Health,1,0.5019531,1,test,yes,,,1,0.9667565591878075,2635.5375
p0174,6133,Connectome,Comprehensive map of neural connections in the brain,connectome,3,Brain size bias compensated graph-theoretical parameters are also better in women’s structural connectomes,2017,27,Health,1,0.77490234,1,test,yes,,,1,0.9437303305034843,2635.5375
p0175,16526,Sovereign wealth fund,state-owned investment fund,sovereign wealth fund,3,Analysis on the participation of the main sovereign wealth funds in European listed companies,2019,14,Social,1,0.74560547,1,train,yes,,,1,0.9733616004079206,2635.5375
p0176,41952,Connectomics,study of mapping wiring diagrams,connectomics,4,Connectomic disturbances in schizophrenia,2012,28,Life,1,0.8203125,1,train,yes,,,1,0.9349973289699457,2635.5375
p0177,43798,Liquid biopsy,sampling and analysis from non-solid biologic tissues,liquid biopsy,3,Increased serum levels of KiSS1-derived peptides in non-small cell lung cancer patient liquid biopsies and biological relevance,2022,27,Health,1,0.6015625,1,train,yes,,,1,0.9570239782714424,2635.5375
p0178,43738,Patient-reported outcome,,patient reported outcome,3,Stakeholder Development of an Online Program to Track Arthritis‐Related Patient‐Reported Outcomes Longitudinally: Live Yes! INSIGHTS,2020,27,Health,1,0.54296875,1,train,yes,,,1,0.972801674253897,2635.5375
p0179,49131,Aurora kinase,InterPro Family,aurora kinase,4,Aurora Kinases as Anticancer Drug Targets,2008,27,Health,1,0.8613281,1,train,yes,,yes,1,0.9635935558525018,2635.5375
p0180,57370,Extracellular vesicles,vesicle that is part of the extracellular region,extracellular vesicles,2,A comprehensive study to delineate the role of an extracellular vesicle‐associated microRNA‐29a in chronic methamphetamine use disorder,2021,13,Life,1,0.48339844,1,train,yes,,,1,0.9593339326246327,2635.5375
p0181,24714,Endophenotype,markers found more often in individuals with a disease than in the general population,endophenotype,3,Deconstructing autism: from unitary syndrome to contributory developmental endophenotypes,2018,32,Social,1,0.92041016,1,test,yes,,,1,0.9362868062177983,2635.5375
p0182,46291,Triple-negative breast cancer,Type of breast cancer lacking certain genes,triple negative breast cancer,4,DCE-MRI Performance in Triple Negative Breast Cancers: Comparison with Non-Triple Negative Breast Cancers,2022,27,Health,1,0.6875,1,train,yes,,,1,0.9816744364717289,2635.5375
p0183,36409,Massive open online course,education service on the web,massive open online course,2,Identifying Training-Based Functions of Massive Open Online Courses (MOOCs) in Leading Organizations' Development,2022,32,Social,1,0.54833984,1,train,yes,,,1,0.9829493775873985,2635.5375
p0184,30428,Tea party,"formal, ritualized gathering for the small meal called afternoon tea",tea party,3,"North Central Sociological Association 2012 Ruth and John Useem Plenary Address. Political Renewal: Occupations, Springs, and Tea Parties",2012,33,Social,1,0.48583984,1,test,no,,no,0,0.9617005897188453,2635.5375
p0185,58467,Social enterprise,type of organization with social objectives,social enterprise,2,A conceptual model of critical success factors for Indian social enterprises,2016,14,Social,1,0.59277344,1,train,yes,,,1,0.9616264921554937,2635.5375
p0186,20857,Odorant-binding protein,InterPro Family,odorant binding protein,3,Sexually biased expression of odorant-binding proteins and chemosensory proteins in Asian corn borer Ostrinia furnacalis (Lepidoptera: Crambidae),2016,11,Life,1,0.5546875,1,train,yes,,,1,0.9737231199519719,2635.5375
p0187,16076,Foreign-exchange reserves,"money held by a central bank to pay debts, if needed",foreign exchange reserves,3,FOREIGN EXCHANGE RESERVE MANAGEMENT IN THE EUROZONE AND THE GLOBAL INTEREST RATES,2012,20,Social,1,0.49291992,1,train,yes,,,1,0.9769431084298001,2635.5375
p0188,18695,Default mode network,"large scale brain network, active when one is not focused on the outside world and the brain is at wakeful rest (e.g. daydreaming), and also while thinking about others, thinking about oneself, remembering the past, and planning for the future",default mode network,3,Increased Functional Connectivity Between Ventral Attention and Default Mode Networks in Adolescents With Bulimia Nervosa,2018,32,Social,1,0.9277344,1,test,yes,,,1,0.9693772661971696,2635.5375
p0189,19080,Systemic risk,"risk of collapse of an entire financial system or entire market, as opposed to specific risk associated with any one individual entity, group or component of a system",systemic risk,3,Does the usage of financial derivatives decrease the systemic risks in the GCC banks An empirical study,2019,14,Social,1,0.7973633,1,test,yes,,,1,0.9583254111766463,2635.5375
p0190,6313,Chronotype,,chronotype,3,Late emergence chronotypes of fruit fliesDrosophila melanogasterexhibit higher accuracy of entrainment,2015,28,Life,1,0.9213867,1,test,yes,,yes,1,0.9309512093149144,2635.5375
p0191,42175,Reference genes,,reference genes,4,Stable Reference Gene Selection for Reverse Transcription-Quantitative PCR (RT-qPCR) Analyses in Orthopaedic Research,2019,33,Social,1,0.94628906,1,train,yes,,,1,0.9537985010181406,2635.5375
p0192,40068,Next Generation Science Standards,World science Generation History,next generation science standards,3,Next Generation Science Standard in Science Learning to Improve Student’s Practice Skill,2018,33,Social,1,0.57666016,1,train,no,,yes,0,0.9817793339058376,2635.5375
p0193,34891,Circular economy,"regenerative system in which resource input and waste, emission, and energy leakage, are minimised",circular economy,2,The Political Economy of Circular Economies: Lessons from Future Repair Scenario Deliberations in Sweden,2021,14,Social,1,0.5605469,1,train,yes,,,1,0.9631396889677094,2635.5375
p0194,43852,Learning object,,learning object,2,Psychology Teaching Resources in the MERLOT Digital Learning Objects Catalog,2008,33,Social,1,0.41210938,1,train,yes,,,1,0.9601752633097198,2635.5375
p0195,1274,Interactome,whole set of molecular interactions in a particular cell,interactome,3,Functional interactomes of the Ebola virus polymerase identified by proximity proteomics in the context of viral replication,2022,13,Life,1,0.7451172,1,train,yes,,,1,0.9419664592019094,2635.5375
p0196,40749,Intrinsically disordered proteins,protein type,intrinsically disordered proteins,2,"Interfacial Properties of NTAIL, an Intrinsically Disordered Protein",2017,13,Life,1,0.60253906,1,train,yes,,,1,0.9758914949731013,2635.5375
p0197,34056,Jatropha curcas,species of plant,jatropha curcas,2,Increasing Early Growth of Jatropha Cuttings (Jatropha Curca) L.) With The Provision of Organic Growth Regulatory Substance,2021,11,Life,1,0.6381836,1,train,yes,,,1,0.9624162362926831,2635.5375
p0198,53234,Fukushima Nuclear Accident,2011 nuclear disaster in Japan,fukushima nuclear accident,3,CHERNOBYL AND FUKUSHIMA NUCLEAR ACCIDENTS,2016,11,Life,1,0.5864258,1,test,yes,,,1,0.9772099974016887,2635.5375
p0199,41226,Digestate,material remaining after the anaerobic digestion of a biodegradable feedstock,digestate,4,Chemical properties of anaerobic digestates affecting C and N dynamics in amended soils,2011,11,Life,1,0.99853516,1,train,yes,,,1,0.9387647027073774,2635.5375
p0200,13491,Energy harvesting,"process by which energy is derived from external sources, captured, and stored for small, wireless autonomous devices",energy harvesting,3,Nano-Engineering Metamaterials and Metafilms for High-Efficiency Solar Energy Harvesting and Conversion,2016,-1,none,0,0.0,0,train,yes,,,1,0.9721104597767488,4448.022222222222
p0201,2880,Metabolomics,scientific study of chemical processes involving metabolites,metabolomics,2,"ANALYSIS OF JUICE BLACKBERRY (Rubus adenotrichos) SWEETENED WITH STEVIA (Stevia rebaudina Bertoni), A METABOLOMICS APPROACH",2017,11,Life,0,0.0,0,test,yes,,,1,0.9605336082213335,4448.022222222222
p0202,16812,PET-CT,medical imaging method,pet ct,3,Diagnosis of infection in the diabetic foot using 18F‐FDG PET/CT: a sweet alternative?,2012,27,Health,0,0.0,0,train,yes,,,1,0.9712160402043714,4448.022222222222
p0203,57370,Extracellular vesicles,vesicle that is part of the extracellular region,extracellular vesicles,2,Analysis of the Interactions Between Extracellular Vesicles Extracted From Milk and Various Colloidal Surfaces,2020,-1,none,0,0.0,0,train,yes,,yes,1,0.9749011808919594,4448.022222222222
p0204,14423,Deep learning,branch of machine learning,deep learning,2,"Ensemble of deep learning, visual and acoustic features for music genre classification",2018,17,Physical,0,0.0,0,train,yes,,,1,0.9716569115768421,4448.022222222222
p0205,19126,microRNA,"small non-coding RNA molecule (of ca. 22 nucleotides) found in plants, animals and some viruses, that functions in RNA silencing and post-transcriptional regulation of gene expression",microrna,3,MicroRNA-21 and Venous Neointimal Hyperplasia of Dialysis Vascular Access,2018,27,Health,0,0.0,0,train,yes,,,1,0.959378795622161,4448.022222222222
p0206,59269,Research article,subfield of publishing which distributes academic research and scholarship,research article,2,RESEARCH ARTICLE EFFECT OF STORAGE CONDITIONS ON THE POSTHARVEST PHYSICO-MECHANICAL PARAMETERS OF POMEGRANATE (Punica granatum L.),2013,-1,none,0,0.0,0,test,yes,,,1,0.9644804518381446,4448.022222222222
p0207,56059,Velocity vector,"rate of change of the position of an object as a function of time, and the direction of that change",velocity vector,2,Tangent-impulse transfer from elliptic orbit to an excess velocity vector,2014,22,Physical,0,0.0,0,train,yes,,,1,0.9692347495140516,4448.022222222222
p0208,55943,Mobile apps,software application designed to run on mobile devices,mobile apps,2,Kebolehgunaan dan Kesan Aplikasi Mudah Alih (Mobile Apps) dalam Minggu Mesra Mahasiswa,2019,33,Social,0,0.0,0,test,yes,,,1,0.9736715201909423,4448.022222222222
p0209,37601,Erlotinib,chemical compound,erlotinib,4,Phase I and Pharmacokinetic Study of Erlotinib for Solid Tumors in Patients With Hepatic or Renal Dysfunction: CALGB 60101,2007,27,Health,0,0.0,0,train,yes,,,1,0.9637838995526237,4448.022222222222
p0210,18064,Web 2.0,World Wide Web sites that use technology beyond the static pages of earlier Web sites,web 2 0,3,Using Twitter to Market an Internship Program in the 21st Century: One Internship's Venture into Web 2.0 Technology,2010,-1,none,0,0.0,0,test,yes,,,1,0.9806369254032421,4448.022222222222
p0211,59966,3d printed,additive process used to make a three-dimensional object,3d printed,2,Intaglio surface trueness of milled and 3D-printed digital maxillary and mandibular dentures: A clinical study,2021,35,Health,0,0.0,0,train,yes,,,1,0.9709870356270561,4448.022222222222
p0212,8182,Working capital,financial metric,working capital,2,Einsatz von Liquiditäts- und Working-Capital-Kennzahlen in der Praxis,2012,14,Social,0,0.0,0,train,yes,,,1,0.9732094016889854,4448.022222222222
p0213,48007,Open data,practice of sharing data publicly and reusably,open data,2,FAQ zu Open Data und Open Science in der Sportpsychologie,2017,32,Social,0,0.0,0,test,yes,,,1,0.9688404139689508,4448.022222222222
p0214,51612,Narrow-band imaging,imaging techniques that use illumination created with several optical interference filters by which the frequency ranges are narrowed and light scatter is reduced,narrow band imaging,3,Narrow Band Imaging: A Novel Technique for Immediate Evaluation of Efficacy in Laparoscopic Radiofrequency Ablation of Exophytic Hepatocellular Carcinoma,2018,27,Health,0,0.0,0,train,yes,,,1,0.9809733115544078,4448.022222222222
p0215,32193,Kisspeptin,mammalian protein found in Homo sapiens,kisspeptin,3,"Ratlarda metotreksatın oluşturduğu lipid peroksidasyon, oksidatif stres ve sperm kalitesindeki değişiklikler üzerine kisspeptinin etkisi / Effect of kisspeptin on methotrexate induced lipid peroxidation, oxidative stress and the changes in sperm quality in rats",2015,-1,none,0,0.0,0,train,no,,yes,0,0.959810587029932,4448.022222222222
p0216,57728,Immune thrombocytopenia,primary thrombocytopenia that involves relatively few platelets in blood as a result of autoantibodies,immune thrombocytopenia,3,Rapid flare of immune thrombocytopenia after stopping ibrutinib in a patient with chronic lymphocytic leukemia,2017,27,Health,0,0.0,0,test,yes,,,1,0.9730427851500488,4448.022222222222
p0217,18898,Microbiome,biome of microbes,microbiome,2,Immune milieu and microbiome of the distal urethra in Ugandan men: impact of penile circumcision and implications for HIV susceptibility,2022,-1,none,0,0.0,0,test,yes,,yes,1,0.9570053979889148,4448.022222222222
p0218,60345,Gut microbiome,community of microorganisms in the digestive tracts of humans,gut microbiome,3,The gut microbiome and cognition in Parkinson’s disease: a systematic review,2022,27,Health,0,0.0,0,test,yes,,,1,0.9741473278025529,4448.022222222222
p0219,29889,Acetonide,any chemical compound being a cyclic ketal of a diol with acetone,acetonide,3,Application of triamcinolone acetonide paste to the endotracheal tube to reduce postoperative sore throat,2011,27,Health,0,0.0,0,train,yes,,,1,0.9534763704045215,4448.022222222222
p0220,59133,Android application,open-source operating system for mobile devices created by Google,android application,3,A Novel Hotfix Scheme for System Vulnerability Based on the Android Application Layer,2019,17,Physical,0,0.0,0,test,yes,,,1,0.9716301653872174,4448.022222222222
p0221,20886,Blended learning,education program in which a student learns through online content and instruction with some element of student control,blended learning,3,Students’ Performance and Satisfaction with the Cisco Academy Networking Program (Computer Networking 1): Basis for a Proposed Pedagogical Action in Blended Learning,2012,33,Social,0,0.0,0,train,yes,,,1,0.9754048875523502,4448.022222222222
p0222,35052,Steel bar,guitar instrument,steel bar,2,A study on the destruction of the passivation film of steel bar by sulfate ion in high pH environment.,2019,-1,none,0,0.0,0,train,no,,no,0,0.9695691891798015,4448.022222222222
p0223,40470,Norovirus,genus of viruses,norovirus,3,Fucoidan But Not 2′-Fucosyllactose Inhibits Human Norovirus Replication in Zebrafish Larvae,2021,27,Health,0,0.26513672,0,train,yes,,,1,0.9560091560129576,4448.022222222222
p0224,58467,Social enterprise,type of organization with social objectives,social enterprise,2,Social Enterprise Network Event,2011,-1,none,0,0.0,0,test,yes,,,1,0.9735393249825984,4448.022222222222
p0225,27661,IEEE 802,set of IEEE standards related to Local and Metropolitan Area Networks,ieee 802,3,IEEE 802.11 무선랜에서 신뢰성 있는 Wi-Fi 방송 시스템을 위한 프레임 단위 FEC 적용에 관한 연구,2012,33,Social,0,0.0,0,train,yes,,,1,0.9729492496466877,4448.022222222222
p0226,19975,Slow light,property of light group velocity when not in a vacuum,slow light,3,Slow light with symmetric gap plasmon guides with finite width metal claddings,2009,31,Physical,0,0.0,0,train,yes,,,1,0.9699396551426447,4448.022222222222
p0227,21555,Precision medicine,"testing genomic, epigenetic and molecular biomarkers for efficacy in individualized treatment",precision medicine,2,Precision Medicine and Testing for Tumor Biomarkers—Are All Tests Born Equal?,2017,27,Health,0,0.0,0,test,yes,,,1,0.9749515366156297,4448.022222222222
p0228,49317,Immune checkpoint,regulators of the immune system,immune checkpoint,4,Risk and incidence of fatal adverse events associated with immune checkpoint inhibitors: a systematic review and meta-analysis,2019,27,Health,0,0.0,0,train,yes,,,1,0.9737530781401172,4448.022222222222
p0229,10019,Differential evolution,,differential evolution,2,DECO3R: A Differential Evolution-based algorithm for generating compact Fuzzy Rule-based Classification Systems,2016,17,Physical,0,0.0,0,train,yes,,,1,0.9725197943855406,4448.022222222222
p0230,53943,5-hydroxymethylfurfural,chemical compound,5 hydroxymethylfurfural,3,Direct Production of 5‐Hydroxymethylfurfural via Catalytic Conversion of Simple and Complex Sugars over Phosphated TiO2,2015,22,Physical,0,0.0,0,test,yes,,,1,0.9745900150410395,4448.022222222222
p0231,30614,Abiraterone,chemical compound,abiraterone,5,Outcomes with Abiraterone Acetate in Metastatic Castration-resistant Prostate Cancer Patients Who Have Poor Performance Status,2014,27,Health,0,0.0,0,train,yes,,,1,0.9587295768125875,4448.022222222222
p0232,60448,Electronic health record,data handling used to manage health information and the care of patients,electronic health record,3,Emergency medicine electronic health record usability: where to from here?,2021,27,Health,0,0.0,0,train,yes,,,1,0.9825072573828092,4448.022222222222
p0233,50162,PD-L1,mammalian protein found in Homo sapiens,pd l1,4,Expression of PD-L1 in Locally Advanced Breast Cancer and Its Impact on Neoadjuvant Chemotherapy Response,2022,27,Health,0,0.0,0,test,yes,,,1,0.9721396739400807,4448.022222222222
p0234,23640,Metal-organic framework,class of chemical substance,metal organic framework,3,Metal–Organic Framework-Derived Nanoconfinements of CoF2 and Mixed-Conducting Wiring for High-Performance Metal Fluoride-Lithium Battery,2020,22,Physical,0,0.0,0,train,yes,,,1,0.9815641269668866,4448.022222222222
p0235,1371,Smart grid,electrical grid operated by automatic control devices or controled and maintained from distance,smart grid,2,Improvement of high-availability seamless redundancy (HSR) traffic performance for smart grid communications,2012,-1,none,0,0.0,0,train,yes,,,1,0.9705443950787132,4448.022222222222
p0236,55823,Entrepreneurship education,type of education,entrepreneurship education,3,Effectiveness of Entrepreneurship Education in Universities,2021,14,Social,0,0.0,0,test,yes,,,1,0.97703228903381,4448.022222222222
p0237,46462,Extreme learning machine,type of artificial neural network,extreme learning machine,3,Kernel Extreme Learning Machine: An Efficient Model for Estimating Daily Dew Point Temperature Using Weather Data,2020,23,Physical,0,0.0,0,test,yes,,,1,0.9820031814332371,4448.022222222222
p0238,55340,Virginia tech,"university with the main campus in Blacksburg, Virginia",virginia tech,2,Virginia Tech Horse Judging Team wins big at Tennessee contest,2009,-1,none,0,0.0,0,test,yes,,,1,0.9709778097041536,4448.022222222222
p0239,56086,Dictionary learning,Representation learning method,dictionary learning,3,Predicting the progression of mild cognitive impairment to Alzheimer’s disease by longitudinal magnetic resonance imaging-based dictionary learning,2020,28,Life,0,0.0,0,test,yes,,,1,0.9732574398368237,4448.022222222222
p0240,10948,Internet of Things,proposed Internet-like structure connecting everyday physical objects,internet of things,2,Energy-aware multipath routing protocol for internet of things using network coding techniques,2020,17,Physical,0,0.0,0,test,yes,,,1,0.9800813363293094,4448.022222222222
p0241,36364,Bevacizumab,pharmaceutical drug,bevacizumab,3,Systemische Therapie mit Bevacizumab bei einem 32-jährigen Patienten mit respiratorischer Papillomatose,2008,27,Health,0,0.0,0,train,yes,,yes,1,0.9623826551375481,4448.022222222222
p0242,40902,Climate change adaptation,"process of adjustment to actual or expected climate change and its effects, seeking to moderate or avoid harm or exploit beneficial opportunities",climate change adaptation,3,"Impact of Climate Change Adaptation Strategies on Winter Wheat and Cropping System Performance across Precipitation Gradients in the Inland Pacific Northwest, USA",2017,23,Physical,0,0.0,0,train,yes,,,1,0.9815288042540735,4448.022222222222
p0243,18029,Arduino,hardware and software company,arduino,2,Desenvolvimento de uma Máquina Universal de Ensaios Mecânicos para polímeros utilizando microcontrolador arduino para aquisição de dados,2014,-1,none,0,0.0,0,test,yes,,,1,0.95690350520384,4448.022222222222
p0244,30868,Sex trafficking,trade of sexual slaves,sex trafficking,3,"Lifelong Wellbeing for Survivors of Sex Trafficking: Collaborative Perspectives From Survivors, Researchers, and Service Providers",2018,33,Social,0,0.0,0,train,yes,,,1,0.9739904135830914,4448.022222222222
p0245,33711,Hand-foot-and-mouth disease,human disease,hand foot and mouth disease,3,"Hand, foot and mouth disease in China: Evaluating an automated system for the detection of outbreaks",2014,-1,none,0,0.0,0,test,yes,,yes,1,0.9916157000987053,4448.022222222222
p0246,46304,Radio over fiber,Light modulated by a radio frequency signal and transmitted over optical fiber,radio over fiber,3,60-GHz System-on-Packaging Transmitter for Radio-Over-Fiber Applications,2008,22,Physical,0,0.0,0,train,yes,,,1,0.9817109112240768,4448.022222222222
p0247,39766,Sleeve gastrectomy,Removal of a part of the stomach,sleeve gastrectomy,5,"Anatomical Relations Between the Esogastric Junction, the Diaphragm, the Pleura, and the Left Lung in Chronic Esogastro-bronchial and/or Esogastro-pleural Fistulas After Sleeve Gastrectomy",2019,27,Health,0,0.0,0,train,yes,,,1,0.9735807881815389,4448.022222222222
p0248,30428,Tea party,"formal, ritualized gathering for the small meal called afternoon tea",tea party,3,A Tea Party at The Hague,2012,-1,none,0,0.0,0,train,yes,,,1,0.9736378594528073,4448.022222222222
p0249,35291,Drug-eluting stent,"peripheral or coronary stent (a scaffold) placed into narrowed, diseased peripheral or coronary arteries that slowly releases a drug to block cell proliferation.",drug eluting stent,4,Thrombosis of bare metal and patent drug eluting stent in patient operated for colorectal carcinoma: The utility of new guidelines in patients with malignancy,2009,27,Health,0,0.0,0,test,no,,yes,0,0.9806949487395136,4448.022222222222
p0250,56587,Great recession,global economic decline around the end of the first decade of the 21st century,great recession,2,Certainty of meeting fertility intentions declines in Europe during the 'Great Recession',2014,33,Social,0,0.0,0,train,yes,,,1,0.9723233352225068,4448.022222222222
p0251,29684,Pay for performance,"movement in health insurance, reimbursement for health services rendered, generally by an institution, with added financial rewards if certain conditions are met",pay for performance,3,"The Effect of Public Officials' Pay-For-Performance Satisfaction Upon Wage Satisfaction, Job Satisfaction and Organizational Commitment",2010,33,Social,0,0.0,0,test,no,,no,0,0.9800221005350596,4448.022222222222
p0252,230,Networked control system,,networked control system,3,Performance Evaluation of Wireless Networked Control System Based on IEEE 802.15.4e With Redundancy,2013,-1,none,0,0.0,0,train,yes,,,1,0.981487191970818,4448.022222222222
p0253,55472,Raspberry pi,series of low-cost single-board computers used for educational purposes and embedded systems,raspberry pi,3,The DESIGN AND BUILD OF A ROCKET STATIC THRUST TEST BASED ON A RASPBERRY PI 4.0,2021,17,Physical,0,0.0,0,train,yes,,,1,0.9680055038402743,4448.022222222222
p0254,44519,Rare disease,disease that affects a small percentage of the population,rare disease,3,Rare disease mouse models,2020,34,Health,0,0.0,0,train,yes,,,1,0.9734510238114218,4448.022222222222
p0255,55019,Autonomous learning,Wikimedia disambiguation page,autonomous learning,2,Bayesian methods for autonomous learning systems,2009,-1,none,0,0.0,0,test,yes,,,1,0.9701946735942686,4448.022222222222
p0256,58126,Common core,an educational initiative in the United States,common core,3,Tech Directors' Role in the Common Core: Readiness for the New Standards Is about More Than Devices and Networks,2013,33,Social,0,0.0,0,train,yes,,,1,0.9734743437018026,4448.022222222222
p0257,14261,RNA-Seq,"process of cloning, physical mapping, subcloning, sequencing, and information analysis of an RNA sequence",rna seq,5,Transcriptome response to infraorbital nerve transection in the gonadally intact male rat barrel cortex: RNA‐seq,2015,28,Life,0,0.0,0,train,yes,,,1,0.9706731353452688,4448.022222222222
p0258,4460,Sharing economy,"economic and social systems that enable shared access to goods, services, data and talent",sharing economy,2,Mapping the development of contextual knowledge in the area of the sharing economy,2020,20,Social,0,0.0,0,train,yes,,,1,0.9740278934457465,4448.022222222222
p0259,51645,DSM-5,2013 update to the American Psychiatric Association's classification and diagnostic manual,dsm 5,2,The many faces of personality: The DSM-5 dimensional and categorical models and the five-factor model,2017,32,Social,0,0.0,0,test,yes,,,1,0.9719559453663199,4448.022222222222
p0260,28496,Quechers,,quechers,4,QuEChERS-高效液相色谱-串联质谱法测定春笋中4种农药残留,2018,33,Social,0,0.0,0,train,yes,,,1,0.9615623285151979,4448.022222222222
p0261,55032,Image denoising,process of removing noise from a signal,image denoising,3,The 3-Channel Orthogonal Perfect Reconstruction Filter Bank for Image Denoising,2008,22,Physical,0,0.13354492,0,train,yes,,,1,0.973102687395657,4448.022222222222
p0262,52630,Angiopoietin 2,protein-coding gene in the species Homo sapiens,angiopoietin 2,4,Tumor Necrosis Factor-α Upregulates Angiopoietin-2 in Human Umbilical Vein Endothelial Cells,2000,13,Life,0,0.0,0,train,yes,,,1,0.9729053348785758,4448.022222222222
p0263,4036,Graphene,two-dimensional crystalline structure of carbon,graphene,2,ChemInform Abstract: Regio‐ and Enantioselective Friedel—Crafts Reactions of Indoles to Epoxides Catalyzed by Graphene Oxide: A Green Approach.,2015,16,Physical,0,0.0,0,test,yes,,,1,0.9577498804109376,4448.022222222222
p0264,33513,Radicalization,social process by which people arrive at extreme views,radicalization,3,"“We are of one blood”: Hungarian popular music, nationalism and the trajectory of the song “Nélküled” through radicalization, folklorization and consecration",2022,33,Social,0,0.0,0,train,yes,,,1,0.9548531850504559,4448.022222222222
p0265,58249,Electrochemical energy storage,capture of energy produced at one time for use at a later time,electrochemical energy storage,5,Controllable one-pot synthesis of emerging β-Cu2Se nanowire freely standing on nickel foam for high electrochemical energy storage performance,2018,25,Physical,0,0.0,0,train,yes,,,1,0.980852964218662,4448.022222222222
p0266,57908,Sichuan basin,"basin in Sichuan, China",sichuan basin,2,"Source, Migration, and Occurrence of the Potassium Rich Subsurface Brines in the Sichuan Basin",2014,23,Physical,0,0.0,0,train,yes,,,1,0.9742816684103479,4448.022222222222
p0267,41090,Distillers grains,residue from the distillation of cereals,distillers grains,2,Replacement of Grazed Forage and Animal Performance when Distillers Grains are Fed in a Bunk or on the Ground on Summer Range,2014,-1,none,0,0.0,0,test,yes,,,1,0.9742921710883029,4448.022222222222
p0268,94,Anomaly detection,,anomaly detection,2,Noise Suppression for Vector Magnetic Anomaly Detection by Noise Spatial Characteristics Investigation,2021,22,Physical,0,0.0,0,test,yes,,,1,0.9715393064364025,4448.022222222222
p0269,21135,Precoding,,precoding,4,16QAM Vector Millimeter-Wave Signal Generation Based on Phase Modulator With Photonic Frequency Doubling and Precoding,2016,22,Physical,0,0.0,0,train,yes,,,1,0.9512938662748727,4448.022222222222
p0270,8383,Long non-coding RNA,non-protein coding transcripts longer than 200 nucleotides,long non coding rna,4,Long non‐coding RNA MALAT 1 regulates hyperglycaemia induced inflammatory process in the endothelial cells,2015,13,Life,0,0.0,0,test,yes,,,1,0.9865185941447211,4448.022222222222
p0271,23100,Value system,"personal value, basis for ethical action",value system,2,Linguopragmatic Aspect of Value system Formation in Political Discourse,2009,33,Social,0,0.0,0,test,yes,,,1,0.9739349760469013,4448.022222222222
p0272,43007,Small RNA,"small, usually non-coding RNA molecule",small rna,4,Small RNA-directed heterochromatin formation in the context of development: What flies might learn from fission yeast,2008,13,Life,0,0.0,0,train,yes,,,1,0.9724403263562241,4448.022222222222
p0273,34947,Economic recovery,phase of the business cycle following a recession,economic recovery,2,Interregional interaction in tourism - a strategic framework for the economic recovery of the sector in the Far East,2022,-1,none,0,0.0,0,test,yes,,,1,0.97143662882788,4448.022222222222
p0274,45740,Bare-metal stent,type of stent without a coating or covering,bare metal stent,5,[Drug-coated balloons versus bare metal stent for treatment of femoropopliteal lesions:36 month follow-up results of single center].,2021,-1,none,0,0.0,0,train,yes,,,1,0.9817818355910075,4448.022222222222
p0275,57721,Labor contract,"mediates the relationship between workers, employers, trade unions and the government",labor contract,3,The principle and policy issues for introduction of labor contract Legislation,2011,33,Social,0,0.0,0,test,yes,,,1,0.9758921632175125,4448.022222222222
p0276,40398,Jatropha,genus of plants,jatropha,4,Analyse Des Perceptions Locales Et Des Facteurs Determinant L’utilisation Des Organes Et Des Produits Du Jatropha Curcas Linn. (Euphorbiaceae) Au Benin,2014,11,Life,0,0.0,0,train,yes,,,1,0.9584963579247276,4448.022222222222
p0277,3285,Whole genome sequencing,A process that determines the complete DNA sequence of an organism's genome at a single time,whole genome sequencing,4,Identification and characterization of the novel colonization factor CS30 based on whole genome sequencing in enterotoxigenic Escherichia coli (ETEC),2017,13,Life,0,0.0,0,test,yes,,,1,0.9791710174428251,4448.022222222222
p0278,10144,Big data,"Information assets characterized by such a high volume, velocity, and variety to require specific technology and analytical methods for its transformation into value",big data,2,Big Data : la révolution des données est en marche de Viktor Mayer-Schönberger et Kenneth Cukier. Smart : enquête sur les internets de Frédéric MartelBig Data : la révolution des données est en marche de Viktor Mayer-Schönberger et Kenneth CukierSmart : enquête sur les internets de Frédéric Martel,2015,33,Social,0,0.0,0,train,yes,,,1,0.9746014787985844,4448.022222222222
p0279,34222,TD-SCDMA,third generation mobile cellular system for networks,td scdma,3,TD-SCDMA/GSM/GPRS/ Type 1 双横终端软件设计与实现,2006,33,Social,0,0.0,0,train,yes,,,1,0.9736373790638311,4448.022222222222
p0280,55299,Smart phone,multi-purpose mobile computer,smart phone,2,Smart phone applications: Role in agri- information dissemination,2018,11,Life,0,0.0,0,train,yes,,,1,0.9726932161448175,4448.022222222222
p0281,25258,Synthetic biology,interdisciplinary branch of biology and engineering,synthetic biology,2,Adaptive Landscapes in the Age of Synthetic Biology,2019,13,Life,0,0.0,0,train,yes,,,1,0.9756888141176911,4448.022222222222
p0282,49266,Sulforaphane,chemical compound,sulforaphane,2,Reversal of the Warburg phenomenon in chemoprevention of prostate cancer by sulforaphane,2019,13,Life,0,0.0,0,test,yes,,yes,1,0.9633684827406339,4448.022222222222
p0283,48331,Asparagaceae,family of plants,asparagaceae,2,"Rohdea wangiana (Asparagaceae), a new species from southwestern Sichuan, China",2021,11,Life,0,0.0,0,train,yes,,,1,0.9637213968672358,4448.022222222222
p0284,20857,Odorant-binding protein,InterPro Family,odorant binding protein,3,Genome-wide identification and characterization of odorant-binding protein (OBP) genes in the malaria vectorAnopheles sinensis(Diptera: Culicidae),2016,11,Life,0,0.0,0,train,yes,,,1,0.9814469227944451,4448.022222222222
p0285,19557,Open innovation,,open innovation,2,Fueling Open Innovation for Malaria Transmission-Blocking Drugs: Hundreds of Molecules Targeting Early Parasite Mosquito Stages,2019,13,Life,0,0.0,0,train,yes,,,1,0.969224763248139,4448.022222222222
p0286,54654,Black phosphorus,solid forms of the element phosphorus,black phosphorus,2,Bioactive phospho-therapy with black phosphorus for in vivo tumor suppression,2020,13,Life,0,0.0,0,test,yes,,,1,0.9732709805809924,4448.022222222222
p0287,49307,Sweet sorghum,,sweet sorghum,3,Nitrogen dynamics during growth of sweet sorghum ['Sorghum bicolor' (L.) Moench] in response to conventional and organic soil fertility management,2014,11,Life,0,0.0,0,train,yes,,,1,0.9740850770168701,4448.022222222222
p0288,46473,Endothelial progenitor cell,cells derived from bone marrow in the bloodstream and can become endothelial cells,endothelial progenitor cell,4,The TNF/TNFR2 signaling pathway is a key regulatory factor in endothelial progenitor cell immunosuppressive effect,2020,13,Life,0,0.0,0,train,yes,,,1,0.9812138724308986,4448.022222222222
p0289,7572,Biochar,"lightweight black residue, made of carbon and ashes, after pyrolysis of biomass",biochar,3,"Sustainable Biochar and/or Melatonin Improve Salinity Tolerance in Borage Plants by Modulating Osmotic Adjustment, Antioxidants, and Ion Homeostasis",2022,11,Life,0,0.0,0,train,yes,,,1,0.9546443860852374,4448.022222222222
p0290,55958,Microfluidic chip,device integrating laboratory functions on a integrated circuit,microfluidic chip,3,All-optical microfluidic chips for reconfigurable dielectrophoretic trapping through SLM light induced patterning,2012,22,Physical,0,0.0,1,train,yes,,,1,0.9618148982434097,1780.2285714285715
p0291,16329,Multiferroics,materials that exhibit more than one of the primary ferroic order parameters,multiferroics,4,Elastic and Attenuation Studies of Some Rare Earth Substituted Multiferroic Bismuth Ferrites,2021,31,Physical,0,0.0,1,train,yes,,,1,0.9488947202864708,1780.2285714285715
p0292,46199,Perovskite solar cell,type of solar cell,perovskite solar cell,3,Modulating preferred crystal orientation for efficient and stable perovskite solar cells—From progress to perspectives,2022,22,Physical,0,0.0,1,train,yes,,,1,0.9779487451073694,1780.2285714285715
p0293,11818,Body area network,"wireless network of wearable computing devices, either implants, surface-mounted on the body, or accompanied devices carried in pockets, in hand, or in bags",body area network,3,Reliable and energy efficient protocols for wireless body area networks,2011,-1,none,0,0.0,1,train,yes,,,1,0.975681702515627,1780.2285714285715
p0294,19126,microRNA,"small non-coding RNA molecule (of ca. 22 nucleotides) found in plants, animals and some viruses, that functions in RNA silencing and post-transcriptional regulation of gene expression",microrna,3,PD62-09 MICRORNAS AS BIOMARKERS TO DETERMINE RISK OF BLADDER CANCER RECURRENCE FOLLOWING NEPHROURETERECTOMY FOR UPPER TRACT UROTHELIAL CARCINOMA,2019,27,Health,0,0.0,1,test,yes,,,1,0.9431851029857563,1780.2285714285715
p0295,33463,Smart city,urban area that uses different types of electronic Internet of things sensors to collect data and then use these data to manage assets and resources efficiently,smart city,3,Multiple local 3D CNNs for region-based prediction in smart cities,2020,17,Physical,0,0.0,1,train,yes,,,1,0.9617101351524057,1780.2285714285715
p0296,59269,Research article,subfield of publishing which distributes academic research and scholarship,research article,2,HPCx: towards capability computing: Research Articles,2005,17,Physical,0,0.0,1,train,yes,,,1,0.9535874913727703,1780.2285714285715
p0297,51331,Acoustic radiation force,,acoustic radiation force,3,"Acoustic Radiation Forces at the Crossroads of Ultrasound Exposimetry, HIFU, and Elastography",2022,22,Physical,0,0.0,1,test,yes,,,1,0.977303810185036,1780.2285714285715
p0298,43852,Learning object,,learning object,2,The CLAS Network: A Repository for Digital Learning Objects and a Network for Educational Stakeholders to Communicate and Collaborate,2016,33,Social,0,0.0,1,train,yes,,,1,0.9582590697711635,1780.2285714285715
p0299,49680,Carbon footprint,"total set of greenhouse gas emissions caused by an individual, event, organisation, or product, expressed as carbon dioxide equivalent",carbon footprint,3,Carbon footprints and the implications for low income households in Hong Kong,2015,-1,none,0,0.0,1,test,yes,,,1,0.962781521876217,1780.2285714285715
p0300,4702,Complex network,network with non-trivial topological features,complex network,2,Balancing Speed and Coverage by Sequential Seeding in Complex Networks,2017,13,Life,0,0.0,1,test,yes,,,1,0.9610528222688883,1780.2285714285715
p0301,2880,Metabolomics,scientific study of chemical processes involving metabolites,metabolomics,2,Metabolomic biomarkers for amyotrophic lateral sclerosis (ALS) in patients and animal models of ALS,2016,13,Life,0,0.0,1,train,yes,,,1,0.9470104935352531,1780.2285714285715
p0302,45854,HPV vaccines,class of vaccines against human papillomavirus,hpv vaccines,5,"English Proficiency, Knowledge, and Receipt of HPV Vaccine in Vietnamese-American Women",2013,27,Health,0,0.0,1,train,yes,,,1,0.9627855921341947,1780.2285714285715
p0303,58467,Social enterprise,type of organization with social objectives,social enterprise,2,The effect of government supports for social enterprises on employment and economic outcomes,2016,14,Social,0,0.0,1,train,yes,,,1,0.9633313432584446,1780.2285714285715
p0304,37656,Disbursement,"payment of money, especially from a public fund",disbursement,2,Donor‐advised funds see boost in 2016 grant disbursements,2017,-1,none,0,0.0,1,test,yes,,,1,0.9471865198670225,1780.2285714285715
p0305,16014,Copy-number variation,phenomenon in which sections of a genome are repeated and the number of repeats in the genome varies between individuals,copy number variation,4,FSHD: copy number variations on the theme of muscular dystrophy,2010,24,Life,0,0.0,1,test,yes,,,1,0.9730909816855063,1780.2285714285715
p0306,41090,Distillers grains,residue from the distillation of cereals,distillers grains,2,A novel strategy for comprehensive utilization of distillers’ grain waste towards energy and resource recovery,2021,13,Life,0,0.0,1,test,yes,,,1,0.9655486164292535,1780.2285714285715
p0307,59133,Android application,open-source operating system for mobile devices created by Google,android application,3,Vulnerability Evaluation Method through Correlation Analysis of Android Applications,2019,-1,none,0,0.0,1,train,yes,,,1,0.9603488823308304,1780.2285714285715
p0308,38478,Regulatory T cell,type of cell,regulatory t cell,5,The Inhibitory Effect of Regulatory T Cells on the Intimal Hyperplasia of Tissue-Engineered Blood Vessels in Diabetic Pigs,2022,-1,none,0,0.0,1,test,yes,,yes,1,0.9737793316182889,1780.2285714285715
p0309,423,Polymer nanocomposite,,polymer nanocomposite,3,Quantitative subsurface contact resonance force microscopy of model polymer nanocomposites,2011,25,Physical,0,0.0,1,train,yes,,,1,0.9630169811864114,1780.2285714285715
p0310,43198,Stem-cell therapy,use of stem cells to treat or prevent a disease or condition,stem cell therapy,3,Stem Cell Therapies for Reversing Vision Loss,2017,13,Life,0,0.0,1,train,yes,,,1,0.9746161575302696,1780.2285714285715
p0311,55943,Mobile apps,software application designed to run on mobile devices,mobile apps,2,“VešKajPiješ?” (You know what you drink?) - mobile app for reducing alcohol related harm in Slovenia,2020,-1,none,0,0.0,1,train,yes,,,1,0.9581665622691088,1780.2285714285715
p0312,23701,Cyber-physical system,engineered systems built and operated with seamless integration between physical components and computation,cyber physical system,2,The impact of medical cyber–physical systems on healthcare service delivery,2022,14,Social,0,0.0,1,train,yes,,,1,0.9735291973691279,1780.2285714285715
p0313,47359,Deep eutectic solvent,,deep eutectic solvent,4,Separation of the ethanol/water azeotropic mixture using ionic liquids and deep eutectic solvents,2015,-1,none,0,0.0,1,train,yes,,yes,1,0.9742637178674393,1780.2285714285715
p0314,43738,Patient-reported outcome,,patient reported outcome,3,Investigating Patient Reported Outcomes and Experience for Scarf Akin Osteotomy Using Proms2.0,2017,27,Health,0,0.0,1,train,yes,,yes,1,0.9722216281857231,1780.2285714285715
p0315,40749,Intrinsically disordered proteins,protein type,intrinsically disordered proteins,2,A suite of kinetically superior AEP ligases can cyclise an intrinsically disordered protein,2019,13,Life,0,0.0,1,train,yes,,,1,0.976171287581186,1780.2285714285715
p0316,52108,Extracellular vesicle,vesicle that is part of the extracellular region,extracellular vesicle,5,Metabolomic profiling of urine-derived extracellular vesicles from rat model of drug-induced acute kidney injury,2021,13,Life,0,0.0,1,train,yes,,,1,0.9613508676060285,1780.2285714285715
p0317,46473,Endothelial progenitor cell,cells derived from bone marrow in the bloodstream and can become endothelial cells,endothelial progenitor cell,4,Dysfunction of circulating endothelial progenitor cells in type 1 diabetic rats with diabetic retinopathy,2013,27,Health,0,0.0,1,train,yes,,,1,0.9752445088272351,1780.2285714285715
p0318,56100,Social network service,online platform that facilitates the building of social relations,social network service,3,The Influence of Usage Intentions of Social Network Services in MICE Industry: Focused on the Gender Differences,2020,-1,none,0,0.0,1,train,yes,,,1,0.9725602718377478,1780.2285714285715
p0319,32910,Electronic cigarette,device usually used to quit or be an alternative to tobacco,electronic cigarette,2,Safety and Effectiveness of Electronic Cigarettes: A Narrative Review,2015,-1,none,0,0.0,1,train,yes,,,1,0.9664001329532876,1780.2285714285715
p0320,14775,Sensor node,,sensor node,5,Detecting Eccentric Gases Using Standard Gas Sensor Nodes At Hazard Times,2018,-1,none,0,0.0,1,train,yes,,,1,0.9604347168855512,1780.2285714285715
p0321,44519,Rare disease,disease that affects a small percentage of the population,rare disease,3,AB1273 TEACHING RARE DISEASES THROUGH ROLE PLAY: RESULTS OF AN EXPERIMENTAL WORKSHOP ON RAYNAUD PHENOMENON,2020,27,Health,0,0.0,1,train,yes,,,1,0.9593619007145994,1780.2285714285715
p0322,35291,Drug-eluting stent,"peripheral or coronary stent (a scaffold) placed into narrowed, diseased peripheral or coronary arteries that slowly releases a drug to block cell proliferation.",drug eluting stent,4,Safety issues with drug-eluting stents-is caution warranted?,2015,-1,none,0,0.0,1,train,yes,,yes,1,0.9743047325004992,1780.2285714285715
p0323,10948,Internet of Things,proposed Internet-like structure connecting everyday physical objects,internet of things,2,PENERAPAN IOT (INTERNET OF THING) UNTUK MONITORING ONLINE PENGGUNAAN KADAR INFUS DAN KONDISI PASIEN YANG SEDANG MEMBUTUHKAN PERAWATAN,2020,17,Physical,0,0.0,1,test,yes,,,1,0.9722765854957522,1780.2285714285715
p0324,230,Networked control system,,networked control system,3,Admissible short-time uncertainty in networked control systems,2002,33,Social,0,0.0,1,train,yes,,,1,0.9756869924000823,1780.2285714285715
p0325,7481,Cancer stem cell,cell,cancer stem cell,3,Expression of Concern to: Identifying and targeting cancer stem cells in leiomyosarcoma: prognostic impact and role to overcome secondary resistance to PI3K/mTOR inhibition,2019,27,Health,0,0.0,1,train,yes,,yes,1,0.9748231993627395,1780.2285714285715
p0326,8942,Polymer solar cell,,polymer solar cell,3,Electronic properties of all-polymer solar cells investigated using photoinduced absorption spectroscopy,2016,22,Physical,0,0.0,1,train,yes,,,1,0.9764277558846363,1780.2285714285715
p0327,14668,Metamaterial,materials engineered to have properties that have not yet been found in nature,metamaterial,2,Design of Substrate Integerated Waveguide Bandpass Filter Based on Metamaterials CSRRs,2014,22,Physical,0,0.0,1,test,yes,,yes,1,0.9423813178524254,1780.2285714285715
p0328,23640,Metal-organic framework,class of chemical substance,metal organic framework,3,Polyrotaxane metal–organic frameworks (PMOFs),2012,16,Physical,0,0.0,1,train,yes,,,1,0.9762738022679478,1780.2285714285715
p0329,60118,Virtual world,"computer-based simulated environment populated by many users who can create a personal avatar, and simultaneously and independently explore the virtual world, participate in its activities and communicate with others",virtual world,2,How Dangerous Are Virtual Worlds Really? A Research Note on the Statecraft Simulation Debate,2015,33,Social,0,0.0,1,test,yes,,yes,1,0.9641695911527447,1780.2285714285715
p0330,32354,Barcode,optical machine-readable representation of data,barcode,2,The use of DNA barcodes in food web construction—terrestrial and aquatic ecologists unite!,2016,11,Life,0,0.0,1,test,yes,,,1,0.9398102557376948,1780.2285714285715
p0331,60448,Electronic health record,data handling used to manage health information and the care of patients,electronic health record,3,Identifying common treatments from Electronic Health Records with missing information. An application to breast cancer,2020,-1,none,0,0.0,1,test,yes,,,1,0.9748629611220285,1780.2285714285715
p0332,18612,Graphene nanoribbons,carbon allotrope,graphene nanoribbons,3,Selectivity of a Graphene Nanoribbon-Based Trinitrotoluene Detector: A Computational Assessment,2017,25,Physical,0,0.0,1,train,yes,,,1,0.9647001014307489,1780.2285714285715
p0333,30085,Sodium-ion battery,,sodium ion battery,5,Hollow bismuth ferrite combined graphene as advanced anode material for sodium-ion batteries,2020,22,Physical,0,0.0,1,train,yes,,,1,0.9738420686172843,1780.2285714285715
p0334,36188,Imperial examination,system used in appointing officials in dynastic China,imperial examination,2,The Study of Imperial Examinations in the US,2004,-1,none,0,0.0,1,test,yes,,,1,0.964905127521432,1780.2285714285715
p0335,53572,Essential drugs,drug that satisfies the health care needs of the majority of the population according to WHO,essential drugs,4,Comparative Study on the Execution Program of Essential Drug Centralized Distribution in Primary Health Care Institutions in China,2012,-1,none,0,0.0,1,test,yes,,,1,0.9625912805033597,1780.2285714285715
p0336,45740,Bare-metal stent,type of stent without a coating or covering,bare metal stent,5,Cytochrome P450 2C19 681G>A Polymorphism and High On-Clopidogrel Platelet Reactivity Associated With Adverse 1-Year Clinical Outcome of Elective Percutaneous Coronary Intervention With Drug-Eluting or Bare-Metal Stents,2008,27,Health,0,0.0,1,test,yes,,,1,0.9712515270426455,1780.2285714285715
p0337,34961,Lithium–sulfur battery,"type of rechargeable battery, notable for its high specific energy",lithium sulfur battery,4,Creating Edge Sites within the 2D Metal‐Organic Framework Boosts Redox Kinetics in Lithium–Sulfur Batteries,2022,22,Physical,0,0.0,1,train,yes,,,1,0.9745210102632303,1780.2285714285715
p0338,55224,3d printer,additive process used to make a three-dimensional object,3d printer,2,3D printers in construction: current use and prospects,2020,33,Social,0,0.0,1,train,yes,,,1,0.9665948666796595,1780.2285714285715
p0339,40470,Norovirus,genus of viruses,norovirus,3,Seroprevalence of Noroviruses in Swine,2005,27,Health,0,0.22338867,1,train,yes,,,1,0.9485540228642754,1780.2285714285715
p0340,7527,Myeloid-derived Suppressor Cell,myeloid cells that can suppress the activity of T-cells and natural killer cells,myeloid derived suppressor cell,4,Evaluation of Myeloid-derived Suppressor Cells in the Blood of Iranian COVID-19 Patients,2022,27,Health,0,0.0,1,train,yes,,,1,0.9832100436274213,1780.2285714285715
p0341,57370,Extracellular vesicles,vesicle that is part of the extracellular region,extracellular vesicles,2,Specialized Cell-Free DNA Blood Collection Tubes Can Be Repurposed for Extracellular Vesicle Isolation: A Pilot Study,2020,27,Health,0,0.0,1,train,yes,,yes,1,0.9646693824230805,1780.2285714285715
p0342,18898,Microbiome,biome of microbes,microbiome,2,Dissipation of Sulfonamides in Soil Emphasizing Taxonomy and Function of Microbiomes by Metagenomic Analysis,2020,11,Life,0,0.0,1,train,yes,,yes,1,0.9458204737300102,1780.2285714285715
p0343,49870,Micromixer,,micromixer,3,Micromixers to produce cosmetic emulsions,2003,27,Health,0,0.0,1,train,yes,,,1,0.9483555138251178,1780.2285714285715
p0344,33912,Inflammasome,cytosolic multiprotein complex that mediates the activation of Caspase 1,inflammasome,3,Chlorogenic acid ameliorates Klebsiella pneumoniae -induced pneumonia in immunosuppressed mice via inhibiting the activation of NLRP3 inflammasomes,2021,27,Health,0,0.0,1,train,yes,,,1,0.9447887048983233,1780.2285714285715
p0345,60345,Gut microbiome,community of microorganisms in the digestive tracts of humans,gut microbiome,3,Featured Gut Microbiomes Associated With the Progression of Chronic Hepatitis B Disease,2020,13,Life,0,0.0,1,train,yes,,yes,1,0.9641025773088476,1780.2285714285715
p0346,1274,Interactome,whole set of molecular interactions in a particular cell,interactome,3,Protein Interactomes of Mendelian Long QT Syndrome Genes are Associated to QT Interval Variation in the General Population and Augment Genome‐Wide Association Data,2012,27,Health,0,0.0,1,train,yes,,,1,0.9393306747751208,1780.2285714285715
p0347,30826,Intraductal papillary mucinous neoplasm,medical condition,intraductal papillary mucinous neoplasm,3,"Immunobiology and immunosurveillance in patients with intraductal papillary mucinous neoplasms (IPMNs), premalignant precursors of pancreatic adenocarcinomas",2016,24,Life,0,0.0,1,train,yes,,,1,0.9833764824228618,1780.2285714285715
p0348,45625,Food prices,"Average price level for food across countries, regions and on a global scale",food prices,4,"FOOD PRICE INFLATION AND CONSUMERS’ WELFARE IN ONDO STATE, NIGERIA",2020,20,Social,0,0.0,1,train,no,,yes,0,0.9640002944019146,1780.2285714285715
p0349,60293,Infantile hemangioma,human disease,infantile hemangioma,3,Topical Timolol Gel for Infantile Hemangiomas: A Pilot Study,2010,27,Health,0,0.0,1,train,yes,,,1,0.9669195280828231,1780.2285714285715
p0350,36545,Synthetic cannabinoids,designer drugs,synthetic cannabinoids,4,Pharmacological and Behavioral Effects of the Synthetic Cannabinoid AKB48 in Rats,2019,28,Life,0,0.0,1,train,yes,,,1,0.9644238512908571,1780.2285714285715
p0351,23535,Soft power,concept developed by Joseph Nye,soft power,3,Empirical Examination on Soft Powers of G2 and G20 : Focusing on Political Democratization and National Transparency,2013,33,Social,0,0.0,1,test,yes,,yes,1,0.9601685246891282,1780.2285714285715
p0352,7572,Biochar,"lightweight black residue, made of carbon and ashes, after pyrolysis of biomass",biochar,3,Application of biochars to sandy and silty soil failed to increase maize yield under common agricultural practice,2014,11,Life,0,0.0,1,test,yes,,,1,0.9454455229911074,1780.2285714285715
p0353,57721,Labor contract,"mediates the relationship between workers, employers, trade unions and the government",labor contract,3,Are labor contracts efficient to combat fraud?,2009,33,Social,0,0.0,1,test,yes,,,1,0.9634498280914912,1780.2285714285715
p0354,22815,Brain–computer interface,connection between brain and computer,brain computer interface,3,Ideomotor silence: the case of complete paralysis and brain–computer interfaces (BCI),2012,28,Life,0,0.0,1,train,yes,,yes,1,0.9762564223851293,1780.2285714285715
p0355,4036,Graphene,two-dimensional crystalline structure of carbon,graphene,2,Nitrogen Doping of Mechanically Exfoliated Graphenes by Ammonia Plasma and Their Recovery Behavior through Vacuum Annealing,2013,33,Social,0,0.0,1,train,yes,,,1,0.9467147866152789,1780.2285714285715
p0356,7714,Service-oriented architecture,architectural pattern in software design,service oriented architecture,3,Quantitative Analysis of Service-Oriented Architectures,2007,14,Social,0,0.0,1,test,yes,,,1,0.9772189808163718,1780.2285714285715
p0357,36409,Massive open online course,education service on the web,massive open online course,2,The use of Massive Open Online Courses (MOOCs) in blended learning courses and the functional value perceived by students,2020,33,Social,0,0.0,1,train,yes,,,1,0.983131417988053,1780.2285714285715
p0358,9400,Austerity,political-economic policy aiming to reduce government budget deficits through spending cuts or tax increases,austerity,3,"Living Aum: Austerities, Emotion, And the Feeling Community of Former Aum Members",2020,33,Social,0,0.0,1,train,no,,no,0,0.938527542760154,1780.2285714285715
p0359,7727,Broadside,single sheet of paper printed on one side,broadside,2,"""Noises, Sounds and Sweet Airs"": Northern Broadsides' The Tempest (review)",2008,12,Social,0,0.0,1,test,yes,,,1,0.9360756381472022,1780.2285714285715
p0360,1242,Photojournalism,journalism that uses images to tell a news story,photojournalism,3,"New Media Photojournalism, Image 416",2015,-1,none,-1,0.0,0,train,yes,,,1,0.9780660823362881,38.96
p0361,23818,Cryptocurrency,digital medium of exchange using cryptography on a ledger to secure transactions and to verify transfer of ownership,cryptocurrency,2,Ownership of cryptocurrency units,2019,-1,none,-1,0.0,0,train,yes,,,1,0.9757611660464232,38.96
p0362,56086,Dictionary learning,Representation learning method,dictionary learning,3,Statistical mechanics of dictionary learning,2013,-1,none,-1,0.0,0,train,yes,,yes,1,0.9851883677736272,38.96
p0363,59269,Research article,subfield of publishing which distributes academic research and scholarship,research article,2,3652 Research Article,2016,-1,none,-1,0.0,0,test,no,,no,0,0.982439622374062,38.96
p0364,33513,Radicalization,social process by which people arrive at extreme views,radicalization,3,Radicalization as wicked problem,2015,-1,none,-1,0.0,0,train,yes,,,1,0.9774796486983798,38.96
p0365,41043,Tofacitinib,chemical compound,tofacitinib,3,Tofacitinib for Erythema Multiforme: A Case Report,2022,27,Health,-1,0.0,0,test,yes,,,1,0.9749959362060545,38.96
p0366,40398,Jatropha,genus of plants,jatropha,4,IN VITRO PROPAGATION OF JATROPHA CURCAS L.,2017,11,Life,-1,0.0,0,test,yes,,,1,0.975184119701497,38.96
p0367,56801,Iraq war,military campaign during the Global War on Terrorism,iraq war,2,There is No “Win” in Bush’s Iraq War,2008,32,Social,-1,0.0,0,train,yes,,,1,0.9824286952692223,38.96
p0368,27840,Geoengineering,deliberate and large-scale intervention in the Earthu2019s climate system,geoengineering,3,The Planet after Geoengineering,2022,12,Social,-1,0.0,0,train,yes,,,1,0.9775025102340313,38.96
p0369,29285,Ruxolitinib,chemical compound,ruxolitinib,4,Ruxolitinib Discontinuation Syndrome,2020,27,Health,-1,0.0,0,train,yes,,,1,0.977591688658619,38.96
p0370,46760,IgG4-related disease,"A systemic fibroinflammatory disease, associated with elevated serum IgG4 levels in  about 60% of cases",igg4 related disease,3,"IgG4-Related Disease, A Single-Center Experience",2018,27,Health,-1,0.0,0,test,yes,,,1,0.9900073738118856,38.96
p0371,9400,Austerity,political-economic policy aiming to reduce government budget deficits through spending cuts or tax increases,austerity,3,AUSTERITY,2012,33,Social,-1,0.0,0,train,yes,,yes,1,0.9779502975764263,38.96
p0372,1980,Nanomedicine,medical application of nanotechnology,nanomedicine,3,Nanomedicine: promises and pitfalls 3,2015,13,Life,-1,0.0,0,test,yes,,,1,0.9797533938848441,38.96
p0373,30038,Medicare Part D,optional United States federal-government program,medicare part d,4,Keeping up With Medicare Part D,2021,27,Health,-1,0.0,0,train,yes,,yes,1,0.9892665891054193,38.96
p0374,10948,Internet of Things,proposed Internet-like structure connecting everyday physical objects,internet of things,2,Study on Internet of Things,2022,17,Physical,-1,0.0,0,test,yes,,,1,0.9885107993677128,38.96
p0375,60345,Gut microbiome,community of microorganisms in the digestive tracts of humans,gut microbiome,3,Gut Microbiome,2018,12,Social,-1,0.0,0,test,yes,,yes,1,0.9859577469432386,38.96
p0376,57846,Deepwater horizon,former offshore oil drilling rig,deepwater horizon,3,Deepwater Horizon,2011,33,Social,-1,0.0,0,train,yes,,,1,0.9852659601405198,38.96
p0377,55472,Raspberry pi,series of low-cost single-board computers used for educational purposes and embedded systems,raspberry pi,3,TeX on the Raspberry Pi,2019,17,Physical,-1,0.0,0,train,yes,,,1,0.9807546566300093,38.96
p0378,46067,Pembrolizumab,pharmaceutical drug,pembrolizumab,4,Pembrolizumab-Induced Parsonage-Turner Syndrome,2020,27,Health,-1,0.0,0,train,yes,,,1,0.9755320608773443,38.96
p0379,19557,Open innovation,,open innovation,2,The Open Innovation Toolkit,2016,-1,none,-1,0.0,0,train,yes,,,1,0.9859747876203884,38.96
p0380,42951,Mitophagy,autophagic process in which mitochondria are delivered to the vacuole and degraded,mitophagy,4,A landmark protein essential for mitophagy.,2009,-1,none,-1,0.0,0,test,yes,,,1,0.976188786575377,38.96
p0381,20103,Systems biology,computational and mathematical modeling of complex biological systems,systems biology,2,Plant Single Cell Type Systems Biology,2016,-1,none,-1,0.0,0,train,yes,,,1,0.982688378853564,38.96
p0382,26679,eHealth,healthcare practice supported by electronic processes,ehealth,3,"eHealth Graduate Program Handbook, 2020-2021",2020,-1,none,-1,0.0,0,test,yes,,yes,1,0.9775217319082696,38.96
p0383,10144,Big data,"Information assets characterized by such a high volume, velocity, and variety to require specific technology and analytical methods for its transformation into value",big data,2,Presidential campaigns in the age of big data,2022,-1,none,-1,0.0,0,test,yes,,,1,0.9827503286713984,38.96
p0384,56870,Film festival,event with films being shown,film festival,2,Sarajevo Film Festival 2009 (Recull de premsa),2019,-1,none,-1,0.0,0,train,yes,,,1,0.9839563861516837,38.96
p0385,18898,Microbiome,biome of microbes,microbiome,2,Microbiomes,2022,-1,none,-1,0.0,1,train,yes,,,1,0.9716151826962517,5.666666666666667
p0386,19126,microRNA,"small non-coding RNA molecule (of ca. 22 nucleotides) found in plants, animals and some viruses, that functions in RNA silencing and post-transcriptional regulation of gene expression",microrna,3,MicroRNAs,2008,-1,none,-1,0.0,1,test,yes,,,1,0.9693752949613912,5.666666666666667
p0387,17027,Topological insulator,material with insulating bulk but conductive boundary,topological insulator,2,Thermoelectric transport in topological insulators,2012,-1,none,-1,0.0,1,train,yes,,yes,1,0.9793166158893883,5.666666666666667
p0388,423,Polymer nanocomposite,,polymer nanocomposite,3,Polymer nanocomposites,2003,22,Physical,-1,0.0,1,train,yes,,,1,0.9818983945954132,5.666666666666667
p0389,59269,Research article,subfield of publishing which distributes academic research and scholarship,research article,2,Current Status of Research Articles in Ayurveda,2015,27,Health,-1,0.0,1,train,yes,,,1,0.9729465144467654,5.666666666666667
p0390,1371,Smart grid,electrical grid operated by automatic control devices or controled and maintained from distance,smart grid,2,SMILE met son énergie dans les Smart Grids,2019,33,Social,-1,0.0,1,test,yes,,,1,0.9752139674543103,5.666666666666667
p0391,6427,Innate lymphoid cell,Cell of the immune system,innate lymphoid cell,4,Innate Lymphoid Cells and Allergy,2014,-1,none,-1,0.0,1,train,yes,,,1,0.9863544308782565,5.666666666666667
p0392,23818,Cryptocurrency,digital medium of exchange using cryptography on a ledger to secure transactions and to verify transfer of ownership,cryptocurrency,2,Understanding Cryptocurrencies,2018,-1,none,-1,0.0,1,test,yes,,yes,1,0.9674810732931972,5.666666666666667
p0393,1980,Nanomedicine,medical application of nanotechnology,nanomedicine,3,Stimuli-responsive polymer nanomedicines,2011,-1,none,-1,0.0,1,train,yes,,,1,0.9684180092905512,5.666666666666667
p0394,16526,Sovereign wealth fund,state-owned investment fund,sovereign wealth fund,3,Sovereign Wealth Funds and Game Theory,2014,-1,none,-1,0.0,1,test,yes,,,1,0.9853432367641,5.666666666666667
p0395,58467,Social enterprise,type of organization with social objectives,social enterprise,2,Estimating social impact of social enterprises,2019,-1,none,-1,0.0,1,train,yes,,,1,0.9780683560806251,5.666666666666667
p0396,56870,Film festival,event with films being shown,film festival,2,Internal Marketing of Film Festivals,2013,-1,none,-1,0.0,1,train,yes,,,1,0.9796675840528993,5.666666666666667
p0397,7481,Cancer stem cell,cell,cancer stem cell,3,TARGETING BREAST CANCER STEM CELLS,2010,-1,none,-1,0.0,1,train,yes,,,1,0.9857015658138526,5.666666666666667
p0398,10710,Dirac fermion,A kind of fermion,dirac fermion,3,Evidence of Dirac fermions in multilayer silicene,2013,-1,none,-1,0.0,1,test,yes,,,1,0.9783224874073945,5.666666666666667
p0399,33463,Smart city,urban area that uses different types of electronic Internet of things sensors to collect data and then use these data to manage assets and resources efficiently,smart city,3,Smart cities and attitudes towards them,2019,-1,none,-1,0.0,1,test,yes,,,1,0.9776828949667287,5.666666666666667
