ci,t0,newborn,early_volume
16,2008,False,46.0
22,2012,False,69.0
28,2003,False,84.0
35,2011,False,67.0
37,2003,False,86.0
44,2008,False,70.0
49,2010,False,78.0
50,2005,False,87.0
57,2012,False,52.0
59,2007,False,141.0
63,2005,False,62.0
65,2005,False,92.0
69,2008,False,50.0
70,2003,False,77.0
73,2007,False,145.0
74,2005,False,79.0
75,2003,False,97.0
81,2009,False,63.0
98,2011,False,69.0
100,2011,False,59.0
105,2006,False,41.0
112,2005,False,64.0
115,2003,False,63.0
127,2004,False,83.0
132,2005,False,79.0
133,2009,False,56.0
136,2003,False,78.0
141,2005,False,37.0
144,2013,False,65.0
145,2004,True,102.0
150,2011,False,85.0
151,2006,False,71.0
152,2013,False,33.0
153,2008,False,71.0
155,2012,False,48.0
157,2006,False,82.0
162,2009,False,69.0
168,2003,False,71.0
171,2014,False,73.0
173,2011,False,46.0
186,2003,False,86.0
193,2009,False,59.0
196,2006,False,64.0
197,2005,False,79.0
198,2004,False,72.0
199,2010,False,64.0
208,2011,False,64.0
211,2012,False,62.0
212,2006,False,62.0
215,2003,True,171.0
218,2007,False,63.0
219,2004,False,89.0
221,2009,False,67.0
224,2003,False,61.0
230,2003,False,74.0
234,2007,False,81.0
247,2004,False,43.0
261,2003,True,166.0
263,2013,False,44.0
267,2012,False,74.0
273,2008,False,62.0
274,2014,False,101.0
277,2009,False,86.0
280,2006,False,109.0
282,2013,False,86.0
285,2009,False,53.0
286,2013,False,73.0
288,2004,False,65.0
289,2014,False,53.0
290,2014,False,78.0
292,2007,True,135.0
293,2003,False,98.0
300,2008,False,83.0
301,2006,False,56.0
308,2004,False,93.0
309,2007,False,88.0
316,2003,False,73.0
319,2007,False,48.0
333,2011,False,54.0
336,2009,False,47.0
340,2009,False,95.0
351,2014,False,44.0
354,2008,False,84.0
365,2006,False,163.0
376,2003,False,117.0
378,2014,False,69.0
384,2005,False,90.0
385,2006,False,66.0
387,2005,False,44.0
390,2014,False,57.0
403,2009,False,48.0
406,2009,False,70.0
407,2010,False,77.0
409,2003,False,92.0
424,2005,False,80.0
428,2011,False,52.0
432,2012,False,145.0
443,2006,False,58.0
444,2005,False,55.0
462,2009,False,73.0
463,2003,False,62.0
479,2010,False,121.0
482,2003,False,74.0
485,2011,False,72.0
490,2004,False,59.0
491,2011,False,61.0
495,2006,False,63.0
513,2006,False,52.0
524,2007,False,72.0
528,2012,False,74.0
531,2014,False,45.0
546,2006,False,73.0
547,2014,False,83.0
549,2011,False,51.0
552,2006,False,51.0
564,2004,False,59.0
572,2006,False,60.0
576,2008,False,59.0
582,2007,False,40.0
583,2006,False,59.0
591,2006,False,53.0
597,2006,False,60.0
601,2006,False,72.0
607,2009,False,108.0
608,2004,False,47.0
619,2009,False,63.0
621,2007,False,38.0
631,2007,False,54.0
633,2007,False,59.0
637,2004,False,97.0
638,2003,False,67.0
639,2005,False,88.0
647,2014,False,51.0
649,2013,True,212.0
653,2011,False,56.0
659,2009,False,64.0
663,2014,False,91.0
670,2007,False,65.0
672,2011,False,50.0
674,2010,False,39.0
677,2003,False,42.0
679,2008,False,65.0
681,2003,False,54.0
686,2013,False,60.0
692,2010,False,78.0
695,2014,False,76.0
698,2008,False,52.0
701,2013,False,56.0
705,2007,False,80.0
706,2014,False,98.0
716,2014,False,58.0
717,2004,False,104.0
720,2004,False,49.0
726,2008,False,72.0
731,2004,False,49.0
742,2005,False,60.0
744,2008,False,34.0
745,2006,False,72.0
747,2013,False,88.0
749,2008,False,72.0
752,2012,True,162.0
757,2005,False,75.0
763,2010,False,50.0
775,2011,False,68.0
783,2010,False,46.0
784,2003,False,44.0
796,2012,False,63.0
798,2013,False,87.0
804,2008,False,88.0
810,2006,False,106.0
812,2003,False,55.0
817,2004,False,82.0
818,2003,False,61.0
821,2007,False,88.0
822,2009,False,70.0
825,2006,True,127.0
830,2014,False,95.0
831,2010,False,68.0
841,2004,False,55.0
848,2007,False,94.0
853,2003,False,62.0
859,2014,False,92.0
862,2010,False,104.0
865,2008,False,53.0
866,2003,False,46.0
870,2005,False,56.0
871,2014,False,63.0
874,2011,False,69.0
875,2005,False,68.0
876,2014,False,56.0
877,2010,False,70.0
888,2011,False,57.0
892,2008,False,73.0
893,2010,False,86.0
895,2004,False,86.0
899,2006,False,64.0
915,2010,False,73.0
916,2005,False,81.0
918,2004,False,74.0
927,2004,False,69.0
936,2008,False,58.0
940,2013,False,46.0
944,2012,True,160.0
946,2011,False,74.0
955,2009,False,49.0
958,2014,False,56.0
966,2008,False,75.0
969,2013,False,73.0
974,2012,False,65.0
982,2005,False,71.0
985,2010,False,73.0
989,2013,False,86.0
990,2011,False,60.0
992,2013,False,49.0
1000,2008,False,90.0
1002,2003,False,58.0
1004,2011,False,70.0
1008,2005,False,45.0
1016,2008,False,46.0
1017,2007,False,53.0
1020,2005,False,44.0
1022,2014,False,55.0
1028,2004,False,60.0
1029,2013,False,35.0
1037,2012,False,51.0
1039,2009,False,75.0
1041,2005,False,77.0
1042,2011,False,46.0
1054,2006,False,54.0
1056,2014,False,74.0
1057,2004,False,78.0
1059,2008,False,38.0
1066,2009,False,77.0
1069,2005,False,64.0
1074,2010,False,51.0
1076,2014,False,65.0
1078,2014,False,62.0
1086,2003,False,59.0
1087,2007,False,83.0
1089,2007,False,69.0
1092,2007,False,50.0
1097,2005,False,38.0
1104,2004,True,117.0
1135,2004,False,42.0
1139,2006,False,109.0
1141,2008,False,86.0
1142,2006,False,67.0
1150,2007,False,82.0
1158,2007,False,60.0
1168,2010,False,96.0
1169,2010,False,113.0
1174,2013,True,526.0
1175,2007,False,72.0
1189,2012,False,62.0
1198,2005,False,48.0
1201,2004,False,61.0
1205,2004,True,99.0
1207,2010,False,114.0
1209,2010,False,75.0
1212,2004,False,81.0
1215,2005,False,104.0
1219,2014,False,87.0
1224,2006,False,59.0
1231,2004,False,71.0
1244,2010,False,46.0
1249,2011,True,128.0
1251,2008,False,66.0
1254,2006,False,68.0
1256,2004,False,49.0
1258,2006,False,147.0
1264,2004,False,85.0
1271,2010,False,42.0
1275,2003,False,67.0
1277,2003,False,66.0
1282,2011,False,54.0
1285,2003,False,51.0
1286,2004,False,83.0
1290,2009,False,37.0
1294,2003,False,64.0
1298,2003,False,67.0
1299,2008,True,606.0
1301,2013,False,85.0
1303,2004,False,97.0
1304,2010,True,636.0
1306,2006,False,100.0
1309,2011,False,52.0
1314,2009,True,221.0
1324,2012,False,118.0
1326,2013,True,150.0
1349,2014,False,44.0
1350,2013,False,69.0
1352,2004,False,68.0
1355,2005,False,80.0
1363,2004,False,87.0
1371,2003,False,72.0
1386,2012,False,71.0
1392,2013,False,52.0
1395,2009,False,49.0
1402,2008,False,87.0
1407,2009,False,78.0
1410,2009,False,37.0
1413,2010,False,110.0
1416,2007,False,57.0
1421,2004,False,46.0
1422,2004,False,72.0
1424,2014,False,83.0
1431,2005,False,53.0
1433,2010,False,84.0
1434,2010,False,83.0
1436,2004,False,90.0
1438,2008,False,57.0
1439,2006,False,147.0
1441,2006,False,69.0
1445,2007,False,76.0
1447,2006,False,65.0
1458,2003,False,71.0
1460,2008,False,70.0
1468,2007,False,53.0
1472,2006,False,113.0
1473,2014,False,79.0
1476,2003,False,60.0
1477,2009,False,52.0
1481,2010,False,62.0
1488,2009,False,61.0
1494,2009,False,59.0
1516,2013,False,57.0
1519,2003,False,44.0
1520,2009,False,61.0
1552,2004,False,73.0
1557,2008,False,61.0
1564,2009,False,44.0
1567,2008,False,70.0
1570,2003,False,61.0
1572,2009,False,58.0
1580,2010,False,66.0
1584,2014,False,46.0
1586,2012,False,57.0
1588,2004,False,49.0
1599,2009,False,57.0
1607,2009,False,66.0
1618,2013,False,69.0
1622,2011,False,50.0
1623,2007,False,69.0
1628,2014,False,78.0
1642,2011,False,80.0
1645,2009,False,80.0
1654,2009,False,51.0
1655,2010,False,38.0
1656,2005,False,81.0
1657,2012,False,52.0
1658,2006,False,63.0
1665,2007,False,60.0
1670,2006,False,57.0
1674,2005,False,62.0
1681,2013,False,77.0
1685,2013,False,85.0
1686,2004,False,66.0
1691,2008,False,68.0
1697,2004,False,79.0
1698,2014,False,69.0
1700,2014,False,67.0
1704,2013,False,52.0
1707,2003,False,83.0
1710,2011,False,77.0
1717,2014,False,57.0
1719,2008,False,110.0
1729,2010,False,59.0
1731,2010,False,59.0
1732,2005,False,76.0
1734,2007,False,66.0
1736,2003,False,93.0
1741,2013,False,54.0
1742,2007,False,44.0
1744,2011,True,139.0
1751,2003,False,69.0
1752,2004,False,59.0
1765,2004,False,70.0
1767,2013,False,65.0
1770,2014,False,80.0
1780,2014,False,48.0
1794,2009,False,63.0
1802,2014,False,139.0
1810,2004,False,48.0
1815,2008,False,51.0
1818,2012,False,72.0
1822,2009,False,56.0
1825,2012,False,62.0
1826,2003,False,104.0
1831,2004,False,61.0
1834,2003,False,55.0
1840,2004,False,80.0
1842,2009,False,60.0
1843,2011,False,126.0
1854,2005,False,63.0
1859,2009,False,102.0
1863,2013,False,53.0
1869,2010,False,58.0
1871,2009,False,68.0
1874,2005,True,216.0
1875,2010,False,56.0
1884,2005,True,168.0
1888,2007,False,144.0
1890,2004,False,72.0
1896,2004,False,65.0
1899,2011,False,84.0
1906,2008,False,58.0
1907,2006,False,56.0
1916,2003,False,74.0
1929,2006,False,52.0
1933,2005,False,84.0
1937,2004,False,73.0
1942,2003,False,56.0
1946,2010,False,50.0
1954,2003,False,59.0
1970,2013,False,72.0
1976,2003,False,60.0
1977,2005,False,39.0
1988,2013,False,80.0
1994,2004,False,41.0
2000,2006,False,55.0
2002,2004,False,42.0
2013,2009,False,70.0
2014,2008,True,206.0
2015,2012,False,58.0
2027,2003,False,47.0
2031,2003,False,81.0
2033,2012,False,82.0
2036,2008,False,64.0
2040,2003,False,71.0
2046,2014,False,42.0
2054,2003,False,39.0
2060,2005,False,58.0
2061,2010,True,471.0
2066,2006,False,64.0
2074,2005,False,94.0
2083,2008,False,66.0
2093,2008,False,64.0
2107,2004,False,37.0
2109,2011,False,92.0
2115,2011,False,46.0
2117,2007,False,80.0
2120,2004,False,92.0
2121,2013,False,77.0
2128,2006,False,61.0
2133,2009,False,61.0
2137,2006,False,60.0
2144,2013,False,79.0
2150,2007,False,106.0
2174,2009,False,67.0
2176,2007,True,145.0
2178,2009,False,272.0
2179,2010,False,65.0
2187,2012,False,70.0
2190,2010,False,118.0
2197,2009,True,267.0
2201,2003,False,54.0
2203,2009,False,58.0
2209,2005,False,49.0
2215,2008,False,48.0
2218,2010,False,67.0
2224,2008,False,47.0
2226,2007,False,62.0
2229,2007,False,87.0
2230,2005,False,55.0
2237,2004,False,73.0
2240,2013,False,65.0
2244,2008,False,61.0
2253,2003,False,83.0
2256,2005,True,117.0
2262,2005,False,55.0
2266,2014,False,49.0
2268,2011,False,53.0
2275,2003,False,64.0
2280,2014,False,54.0
2291,2005,False,80.0
2299,2005,False,78.0
2301,2009,False,62.0
2304,2008,False,58.0
2306,2007,False,135.0
2308,2008,False,76.0
2312,2004,False,96.0
2314,2007,False,60.0
2317,2014,False,68.0
2331,2011,False,54.0
2339,2004,False,111.0
2342,2011,False,54.0
2354,2004,False,111.0
2360,2003,False,84.0
2363,2011,False,37.0
2364,2011,False,73.0
2365,2012,False,84.0
2377,2012,False,66.0
2384,2008,False,53.0
2390,2014,False,44.0
2399,2007,False,67.0
2403,2008,False,68.0
2431,2004,False,67.0
2434,2013,False,73.0
2435,2010,False,52.0
2437,2003,False,109.0
2438,2013,False,58.0
2439,2005,False,69.0
2445,2005,False,66.0
2458,2006,False,80.0
2466,2007,True,197.0
2467,2009,False,52.0
2469,2014,False,104.0
2478,2014,False,61.0
2496,2007,False,66.0
2504,2011,False,65.0
2512,2013,False,57.0
2523,2009,False,93.0
2528,2005,False,112.0
2537,2014,False,55.0
2543,2003,False,82.0
2554,2011,False,82.0
2557,2006,True,185.0
2558,2003,False,79.0
2559,2006,False,48.0
2566,2013,False,60.0
2568,2012,False,61.0
2582,2005,False,97.0
2591,2004,False,80.0
2596,2008,False,55.0
2602,2004,False,59.0
2603,2005,False,57.0
2605,2010,False,71.0
2608,2014,False,72.0
2613,2013,False,69.0
2614,2011,False,45.0
2618,2005,False,58.0
2621,2003,False,55.0
2623,2004,False,92.0
2626,2011,False,67.0
2627,2003,False,86.0
2632,2010,False,130.0
2639,2003,False,80.0
2644,2011,False,77.0
2650,2010,False,41.0
2656,2007,False,47.0
2658,2008,False,60.0
2663,2007,False,55.0
2684,2014,False,103.0
2686,2005,False,46.0
2693,2005,False,80.0
2698,2006,False,75.0
2710,2009,False,75.0
2712,2003,True,226.0
2714,2010,False,57.0
2723,2011,False,45.0
2725,2007,False,60.0
2727,2005,False,98.0
2736,2006,False,84.0
2740,2010,False,68.0
2757,2006,False,101.0
2765,2008,True,117.0
2769,2013,False,71.0
2779,2004,True,202.0
2780,2005,False,84.0
2792,2004,False,60.0
2796,2010,False,50.0
2799,2004,False,46.0
2803,2005,False,49.0
2808,2006,False,56.0
2809,2008,False,66.0
2811,2006,False,51.0
2826,2005,False,77.0
2835,2009,False,91.0
2843,2009,False,86.0
2852,2008,False,56.0
2856,2003,False,77.0
2860,2010,False,68.0
2861,2004,False,61.0
2863,2013,False,77.0
2866,2003,False,65.0
2871,2007,False,63.0
2887,2007,False,77.0
2889,2004,False,60.0
2893,2005,False,53.0
2895,2007,False,113.0
2897,2007,False,56.0
2898,2009,False,65.0
2901,2005,False,61.0
2903,2011,False,91.0
2924,2010,False,63.0
2928,2004,False,76.0
2935,2004,False,78.0
2938,2013,False,87.0
2945,2009,False,70.0
2946,2010,False,67.0
2948,2005,False,59.0
2960,2003,False,91.0
2962,2005,False,93.0
2970,2004,False,83.0
2973,2005,False,53.0
2975,2010,False,48.0
2976,2011,False,61.0
2984,2013,False,42.0
2988,2006,False,62.0
2989,2004,False,62.0
3003,2008,False,106.0
3005,2006,False,66.0
3016,2004,False,77.0
3025,2012,False,57.0
3028,2006,False,74.0
3030,2005,False,42.0
3031,2010,False,97.0
3035,2007,False,101.0
3045,2003,False,78.0
3047,2009,False,61.0
3048,2010,True,118.0
3052,2009,False,49.0
3054,2005,False,63.0
3059,2008,False,57.0
3060,2009,False,84.0
3062,2004,False,76.0
3067,2012,False,54.0
3069,2009,False,47.0
3078,2011,False,46.0
3079,2008,False,67.0
3080,2007,False,127.0
3081,2004,False,45.0
3082,2013,False,112.0
3083,2008,False,104.0
3084,2009,False,49.0
3091,2005,False,47.0
3093,2007,False,53.0
3094,2005,False,52.0
3102,2005,False,108.0
3104,2007,False,62.0
3106,2010,False,66.0
3113,2011,False,79.0
3117,2008,False,51.0
3132,2011,False,112.0
3140,2012,False,132.0
3144,2011,False,60.0
3146,2005,False,74.0
3147,2013,False,82.0
3152,2005,False,78.0
3153,2007,False,95.0
3155,2005,False,66.0
3166,2010,False,75.0
3167,2003,False,72.0
3171,2011,False,51.0
3183,2004,False,68.0
3185,2005,False,47.0
3191,2014,False,42.0
3192,2007,False,76.0
3201,2014,False,65.0
3203,2010,False,56.0
3225,2009,False,114.0
3228,2004,False,134.0
3232,2013,False,50.0
3233,2011,False,76.0
3242,2005,False,126.0
3244,2009,False,55.0
3249,2014,False,61.0
3254,2014,False,94.0
3263,2004,False,81.0
3277,2010,False,42.0
3283,2004,False,43.0
3309,2007,False,69.0
3320,2014,False,90.0
3321,2005,False,64.0
3326,2005,False,56.0
3329,2013,False,52.0
3339,2013,False,44.0
3343,2006,False,50.0
3356,2009,False,58.0
3357,2004,False,80.0
3358,2008,False,53.0
3359,2005,False,56.0
3373,2005,False,65.0
3378,2009,False,161.0
3379,2009,False,56.0
3381,2009,False,81.0
3384,2004,False,46.0
3386,2010,False,75.0
3390,2008,False,59.0
3393,2007,False,65.0
3399,2005,False,88.0
3402,2011,False,53.0
3417,2014,False,64.0
3427,2008,False,58.0
3430,2007,False,58.0
3439,2008,False,95.0
3444,2004,False,121.0
3452,2011,False,59.0
3459,2007,False,92.0
3460,2004,False,56.0
3472,2011,False,56.0
3474,2003,False,56.0
3477,2012,False,102.0
3485,2003,False,39.0
3489,2003,False,64.0
3490,2004,False,66.0
3495,2011,False,76.0
3498,2005,False,50.0
3503,2010,False,52.0
3529,2008,False,71.0
3535,2010,True,106.0
3536,2010,False,60.0
3539,2010,False,59.0
3543,2007,False,73.0
3546,2009,False,46.0
3547,2003,False,52.0
3560,2004,True,118.0
3565,2012,False,63.0
3566,2004,False,57.0
3567,2013,False,50.0
3570,2007,False,65.0
3577,2003,False,68.0
3579,2009,False,86.0
3583,2004,False,66.0
3588,2003,False,73.0
3593,2007,False,45.0
3597,2014,False,74.0
3604,2006,False,64.0
3606,2003,False,48.0
3614,2007,False,76.0
3617,2008,False,71.0
3624,2010,False,84.0
3625,2010,False,67.0
3626,2007,False,70.0
3627,2004,False,68.0
3633,2003,False,51.0
3636,2007,False,56.0
3639,2013,False,55.0
3640,2009,False,73.0
3642,2013,True,97.0
3643,2007,False,57.0
3644,2003,False,65.0
3647,2013,False,85.0
3651,2010,False,66.0
3656,2012,False,65.0
3658,2004,False,67.0
3659,2011,False,83.0
3662,2011,False,97.0
3667,2013,False,50.0
3675,2014,False,66.0
3678,2003,False,61.0
3688,2004,False,63.0
3689,2012,False,79.0
3702,2006,False,85.0
3704,2006,False,56.0
3712,2005,False,55.0
3715,2006,False,68.0
3716,2005,False,77.0
3745,2010,False,66.0
3754,2003,False,98.0
3760,2004,False,43.0
3763,2007,False,67.0
3764,2004,False,81.0
3770,2003,False,69.0
3788,2003,False,94.0
3793,2009,False,66.0
3794,2009,True,185.0
3796,2014,False,46.0
3812,2003,False,98.0
3821,2004,False,70.0
3825,2008,False,92.0
3840,2007,False,49.0
3845,2008,False,85.0
3850,2009,False,53.0
3858,2006,False,100.0
3863,2010,False,70.0
3892,2014,False,47.0
3893,2012,False,64.0
3894,2009,False,84.0
3896,2010,False,77.0
3903,2005,False,68.0
3913,2012,False,64.0
3918,2010,False,53.0
3922,2011,False,82.0
3925,2004,False,37.0
3930,2003,False,65.0
3932,2003,False,71.0
3933,2004,False,119.0
3940,2011,False,59.0
3945,2012,False,48.0
3951,2010,False,63.0
3952,2006,False,54.0
3959,2008,False,80.0
3970,2003,False,64.0
3972,2006,True,484.0
3980,2007,False,82.0
3985,2004,False,102.0
3989,2006,False,44.0
3992,2004,False,84.0
3998,2010,False,75.0
4005,2003,False,62.0
4007,2012,False,65.0
4008,2003,False,74.0
4009,2009,False,52.0
4014,2013,False,61.0
4016,2008,False,53.0
4018,2008,False,89.0
4019,2007,False,51.0
4029,2003,False,38.0
4031,2004,False,75.0
4033,2009,False,63.0
4045,2004,False,54.0
4049,2008,False,59.0
4055,2010,False,66.0
4058,2006,False,41.0
4070,2011,False,35.0
4074,2009,False,46.0
4077,2010,False,63.0
4082,2007,False,54.0
4089,2009,False,120.0
4093,2004,False,78.0
4109,2005,False,56.0
4110,2013,False,81.0
4117,2004,False,68.0
4118,2003,False,90.0
4120,2007,False,120.0
4122,2012,False,78.0
4123,2010,False,45.0
4124,2004,False,51.0
4130,2003,False,68.0
4133,2011,False,84.0
4135,2011,False,52.0
4147,2005,False,49.0
4151,2007,False,58.0
4156,2014,False,46.0
4161,2008,True,147.0
4165,2014,False,69.0
4168,2005,False,77.0
4174,2003,False,97.0
4175,2013,True,216.0
4178,2010,False,62.0
4183,2004,False,72.0
4194,2004,False,58.0
4204,2005,False,52.0
4209,2007,False,67.0
4211,2007,False,47.0
4216,2007,False,43.0
4218,2005,False,65.0
4222,2003,False,87.0
4224,2010,False,120.0
4234,2012,False,58.0
4236,2011,False,49.0
4241,2004,False,80.0
4244,2008,False,65.0
4248,2003,False,59.0
4259,2005,False,50.0
4260,2009,False,75.0
4262,2010,False,99.0
4265,2009,False,38.0
4268,2004,False,69.0
4270,2006,False,36.0
4274,2003,False,81.0
4284,2004,False,66.0
4293,2008,False,58.0
4299,2012,False,66.0
4304,2003,False,61.0
4306,2003,False,77.0
4308,2005,True,68.0
4312,2006,False,66.0
4317,2005,False,48.0
4319,2004,False,83.0
4322,2005,False,51.0
4329,2010,False,67.0
4339,2004,False,52.0
4340,2008,False,52.0
4344,2010,False,55.0
4345,2014,False,56.0
4354,2008,False,46.0
4357,2007,False,80.0
4369,2006,False,75.0
4371,2012,False,70.0
4377,2010,False,55.0
4380,2003,False,84.0
4383,2009,False,58.0
4398,2004,False,57.0
4401,2011,False,75.0
4408,2005,False,59.0
4413,2006,False,80.0
4421,2004,False,53.0
4422,2006,False,51.0
4430,2004,False,89.0
4435,2012,False,45.0
4437,2009,False,66.0
4439,2004,False,67.0
4443,2004,False,77.0
4448,2011,False,60.0
4450,2013,False,89.0
4454,2008,False,53.0
4460,2004,False,67.0
4475,2013,False,82.0
4479,2013,False,61.0
4489,2006,False,78.0
4491,2004,False,57.0
4495,2012,False,63.0
4497,2003,False,59.0
4499,2012,False,162.0
4500,2006,False,79.0
4506,2008,False,124.0
4515,2014,False,41.0
4519,2004,False,63.0
4521,2011,False,44.0
4522,2006,False,37.0
4532,2005,False,56.0
4535,2008,False,57.0
4537,2007,False,41.0
4539,2004,False,67.0
4540,2013,False,55.0
4547,2007,False,62.0
4548,2007,False,72.0
4560,2013,False,115.0
4561,2007,False,56.0
4564,2005,False,75.0
4567,2013,False,95.0
4571,2011,False,54.0
4575,2008,False,72.0
4582,2006,False,60.0
4585,2009,False,52.0
4588,2008,False,63.0
4589,2005,False,57.0
4590,2004,False,112.0
4591,2004,False,51.0
4599,2006,False,65.0
4602,2003,False,68.0
4605,2008,False,68.0
4608,2005,False,44.0
4615,2006,False,128.0
4624,2003,False,61.0
4648,2010,False,47.0
4650,2007,False,84.0
4653,2006,False,87.0
4667,2009,False,99.0
4668,2008,False,75.0
4669,2003,False,60.0
4679,2006,False,54.0
4680,2004,False,88.0
4712,2006,False,54.0
4715,2006,False,75.0
4719,2009,False,46.0
4723,2004,False,94.0
4724,2009,False,61.0
4727,2003,False,66.0
4734,2007,False,55.0
4745,2004,False,70.0
4748,2008,False,69.0
4753,2003,False,65.0
4757,2012,False,65.0
4758,2009,False,62.0
4762,2005,False,67.0
4764,2012,False,92.0
4774,2011,False,84.0
4775,2008,False,82.0
4779,2005,False,62.0
4791,2005,False,57.0
4794,2011,False,47.0
4800,2006,False,84.0
4802,2005,False,120.0
4811,2006,False,56.0
4816,2013,False,66.0
4833,2007,False,50.0
4835,2004,False,67.0
4842,2011,False,78.0
4851,2009,False,102.0
4855,2004,False,73.0
4872,2012,False,41.0
4875,2005,False,87.0
4876,2003,False,76.0
4887,2011,False,97.0
4891,2008,False,66.0
4893,2011,False,66.0
4894,2005,False,92.0
4905,2005,False,74.0
4907,2008,False,61.0
4914,2003,False,169.0
4918,2009,False,118.0
4923,2006,True,125.0
4924,2006,False,66.0
4926,2010,False,53.0
4929,2013,False,36.0
4933,2004,True,208.0
4942,2013,True,92.0
4950,2003,False,102.0
4953,2011,False,56.0
4954,2011,False,66.0
4959,2012,False,83.0
4960,2005,False,76.0
4964,2014,False,46.0
4969,2005,False,68.0
4972,2012,False,51.0
4975,2006,False,58.0
4978,2007,False,50.0
4987,2013,False,56.0
4994,2010,False,136.0
5008,2003,False,50.0
5010,2012,False,80.0
5011,2004,False,57.0
5012,2003,False,42.0
5015,2010,False,65.0
5021,2003,False,48.0
5022,2009,False,52.0
5032,2003,False,77.0
5034,2008,False,100.0
5039,2005,False,48.0
5042,2011,False,82.0
5051,2005,False,128.0
5057,2004,False,65.0
5064,2003,False,45.0
5065,2008,False,72.0
5072,2006,False,69.0
5086,2004,False,64.0
5088,2007,False,50.0
5089,2004,False,53.0
5099,2009,False,63.0
5102,2005,False,69.0
5107,2003,False,95.0
5114,2006,False,51.0
5115,2006,False,56.0
5118,2013,False,65.0
5119,2011,False,65.0
5127,2005,False,69.0
5130,2004,False,52.0
5133,2003,False,58.0
5151,2003,False,81.0
5158,2004,False,66.0
5161,2009,False,64.0
5162,2009,False,78.0
5163,2006,False,58.0
5166,2008,False,68.0
5170,2010,False,95.0
5172,2005,False,76.0
5175,2003,False,56.0
5176,2003,False,59.0
5187,2008,False,66.0
5197,2007,False,42.0
5214,2008,False,48.0
5216,2005,False,57.0
5218,2008,False,38.0
5229,2009,False,66.0
5249,2011,False,105.0
5253,2006,False,80.0
5258,2003,False,104.0
5266,2009,False,88.0
5270,2003,False,83.0
5278,2004,False,55.0
5282,2009,False,84.0
5286,2008,False,86.0
5293,2005,False,68.0
5294,2005,False,71.0
5297,2008,False,87.0
5299,2004,False,73.0
5300,2006,False,69.0
5308,2012,False,74.0
5324,2012,False,73.0
5325,2013,False,53.0
5329,2007,False,53.0
5337,2005,False,78.0
5343,2007,False,52.0
5355,2008,False,70.0
5360,2005,False,60.0
5361,2008,False,66.0
5363,2008,False,60.0
5378,2009,False,73.0
5382,2010,False,68.0
5385,2003,False,84.0
5386,2006,False,68.0
5397,2010,False,51.0
5409,2009,False,62.0
5410,2005,False,91.0
5413,2010,False,92.0
5426,2007,False,78.0
5432,2012,False,78.0
5433,2007,False,74.0
5434,2006,False,47.0
5435,2011,False,81.0
5443,2003,False,144.0
5445,2006,False,48.0
5447,2014,False,36.0
5449,2009,False,61.0
5459,2012,False,58.0
5463,2004,False,62.0
5479,2014,False,62.0
5480,2009,False,84.0
5483,2004,False,78.0
5485,2011,False,61.0
5495,2011,True,300.0
5497,2008,False,119.0
5501,2010,False,64.0
5502,2008,False,101.0
5503,2014,False,68.0
5505,2005,False,48.0
5516,2011,False,82.0
5526,2010,False,65.0
5527,2008,False,83.0
5533,2014,False,46.0
5539,2006,False,62.0
5541,2005,False,45.0
5550,2005,False,70.0
5562,2003,False,80.0
5564,2007,False,50.0
5570,2008,False,66.0
5574,2003,False,56.0
5577,2004,False,74.0
5578,2007,False,100.0
5580,2006,False,65.0
5582,2013,False,74.0
5585,2005,False,69.0
5591,2012,False,58.0
5594,2003,False,62.0
5604,2007,False,70.0
5608,2009,False,37.0
5612,2010,True,107.0
5613,2010,False,32.0
5629,2005,False,64.0
5634,2009,False,48.0
5635,2010,False,63.0
5651,2007,False,90.0
5652,2011,False,73.0
5656,2004,False,67.0
5661,2014,False,92.0
5662,2003,False,57.0
5673,2007,False,82.0
5676,2012,False,57.0
5677,2013,False,41.0
5678,2010,False,66.0
5680,2008,False,58.0
5689,2007,False,55.0
5704,2005,False,54.0
5707,2003,False,69.0
5709,2009,False,51.0
5714,2006,False,56.0
5723,2004,False,66.0
5730,2014,False,50.0
5731,2005,False,129.0
5734,2012,False,67.0
5737,2010,False,129.0
5738,2010,False,60.0
5742,2011,False,106.0
5744,2009,False,142.0
5745,2011,True,183.0
5747,2007,False,84.0
5756,2006,False,77.0
5761,2011,False,60.0
5766,2006,False,53.0
5768,2012,True,207.0
5775,2008,False,92.0
5780,2004,False,76.0
5781,2007,False,75.0
5787,2013,False,50.0
5792,2003,False,52.0
5794,2006,False,54.0
5800,2013,False,63.0
5806,2006,False,74.0
5813,2007,True,112.0
5814,2014,False,51.0
5818,2005,False,106.0
5820,2004,False,67.0
5826,2009,False,74.0
5836,2014,False,72.0
5839,2004,True,79.0
5846,2005,False,72.0
5850,2003,False,43.0
5851,2010,False,71.0
5853,2004,False,95.0
5855,2010,False,73.0
5857,2012,False,86.0
5861,2007,False,154.0
5862,2004,False,47.0
5864,2004,False,75.0
5868,2003,False,64.0
5877,2004,True,105.0
5878,2007,False,138.0
5897,2008,False,72.0
5899,2003,False,87.0
5901,2012,False,67.0
5905,2013,False,59.0
5911,2013,False,64.0
5916,2011,False,79.0
5920,2009,False,75.0
5930,2003,False,66.0
5938,2013,False,64.0
5941,2006,False,57.0
5951,2007,False,58.0
5959,2014,False,34.0
5971,2010,False,60.0
5972,2005,False,71.0
5977,2010,False,94.0
5983,2014,False,113.0
5996,2011,False,64.0
6000,2004,False,59.0
6001,2014,False,49.0
6008,2003,False,60.0
6012,2003,False,53.0
6020,2012,False,84.0
6027,2011,True,151.0
6031,2009,False,71.0
6036,2012,False,58.0
6038,2006,False,55.0
6051,2005,False,70.0
6065,2008,False,85.0
6067,2004,False,77.0
6069,2004,False,67.0
6072,2012,True,172.0
6074,2010,False,50.0
6076,2006,False,78.0
6079,2010,False,62.0
6082,2005,False,48.0
6089,2010,False,42.0
6092,2007,False,112.0
6102,2008,False,60.0
6106,2005,False,72.0
6111,2005,False,79.0
6127,2009,False,60.0
6135,2005,True,149.0
6140,2007,False,69.0
6142,2005,True,326.0
6144,2012,False,65.0
6147,2010,False,61.0
6148,2009,False,56.0
6149,2004,False,65.0
6154,2005,False,152.0
6162,2011,False,68.0
6167,2014,False,86.0
6173,2005,False,78.0
6195,2003,False,66.0
6207,2005,False,77.0
6209,2006,False,59.0
6212,2011,False,110.0
6213,2008,False,55.0
6222,2010,False,97.0
6232,2008,False,65.0
6234,2009,False,37.0
6237,2006,False,52.0
6246,2006,False,50.0
6247,2006,False,74.0
6252,2008,False,87.0
6259,2012,False,68.0
6263,2005,False,97.0
6280,2014,False,43.0
6281,2013,False,54.0
6286,2006,False,50.0
6287,2005,False,63.0
6293,2009,False,74.0
6294,2007,False,57.0
6298,2014,False,59.0
6303,2008,False,34.0
6313,2013,False,48.0
6315,2003,False,70.0
6316,2011,False,84.0
6319,2003,False,69.0
6320,2007,False,116.0
6322,2010,False,65.0
6333,2012,False,52.0
6338,2011,False,74.0
6341,2008,False,64.0
6348,2003,False,89.0
6350,2010,False,99.0
6363,2013,True,107.0
6365,2004,False,72.0
6377,2008,False,77.0
6384,2003,False,67.0
6391,2010,False,52.0
6398,2003,False,68.0
6400,2010,True,313.0
6420,2003,False,75.0
6424,2009,False,78.0
6427,2003,True,333.0
6443,2005,False,52.0
6447,2007,False,91.0
6455,2008,False,121.0
6466,2010,False,63.0
6476,2011,False,61.0
6482,2006,False,68.0
6486,2009,False,66.0
6490,2009,False,73.0
6493,2006,False,65.0
6498,2009,False,49.0
6500,2004,False,64.0
6504,2005,False,50.0
6505,2004,False,44.0
6507,2007,False,48.0
6508,2011,False,61.0
6516,2005,True,191.0
6519,2006,False,47.0
6525,2003,False,78.0
6526,2010,False,63.0
6527,2008,False,76.0
6537,2007,False,39.0
6552,2011,False,87.0
6553,2003,False,89.0
6556,2005,False,84.0
6559,2011,False,35.0
6565,2006,False,91.0
6568,2005,False,46.0
6573,2014,False,63.0
6582,2004,False,82.0
6594,2007,False,54.0
6606,2010,False,89.0
6610,2003,False,112.0
6613,2010,False,55.0
6614,2010,False,113.0
6622,2003,False,70.0
6626,2007,False,69.0
6658,2004,False,66.0
6661,2008,False,63.0
6662,2003,False,68.0
6667,2011,False,61.0
6669,2012,False,67.0
6674,2011,False,40.0
6676,2008,False,95.0
6683,2005,False,82.0
6701,2013,False,36.0
6702,2005,False,61.0
6705,2005,False,68.0
6707,2006,False,58.0
6708,2009,False,77.0
6709,2012,False,39.0
6713,2010,False,83.0
6722,2009,False,67.0
6723,2003,False,92.0
6727,2013,False,47.0
6737,2010,False,44.0
6739,2009,False,63.0
6740,2004,False,63.0
6749,2011,False,56.0
6753,2005,False,44.0
6754,2005,False,78.0
6755,2007,False,77.0
6757,2012,False,70.0
6768,2011,False,74.0
6775,2003,False,91.0
6777,2010,False,90.0
6789,2006,False,59.0
6790,2012,False,43.0
6792,2014,False,53.0
6793,2005,False,56.0
6797,2009,False,69.0
6799,2014,False,46.0
6804,2007,False,73.0
6807,2005,False,45.0
6814,2005,False,66.0
6823,2011,False,108.0
6827,2004,False,54.0
6833,2011,False,104.0
6836,2003,False,61.0
6837,2004,False,57.0
6846,2008,False,86.0
6847,2007,False,63.0
6849,2006,False,44.0
6862,2010,False,68.0
6869,2005,False,70.0
6882,2003,False,62.0
6883,2009,False,44.0
6885,2010,False,55.0
6889,2010,False,83.0
6894,2003,False,87.0
6908,2009,False,84.0
6914,2003,False,126.0
6918,2004,False,112.0
6919,2007,False,41.0
6923,2007,False,60.0
6925,2006,False,85.0
6949,2011,False,46.0
6956,2011,False,60.0
6959,2007,False,49.0
6961,2004,False,66.0
6964,2005,False,43.0
6966,2014,False,64.0
6969,2003,False,87.0
6971,2012,False,75.0
6979,2003,False,53.0
6991,2010,False,87.0
7001,2004,True,200.0
7009,2010,False,79.0
7010,2003,False,72.0
7017,2003,False,65.0
7019,2010,False,85.0
7026,2005,False,44.0
7041,2006,False,51.0
7044,2008,True,178.0
7045,2007,False,61.0
7046,2008,False,98.0
7047,2008,False,53.0
7065,2004,False,50.0
7071,2014,False,62.0
7076,2005,False,73.0
7078,2005,False,56.0
7079,2010,False,45.0
7082,2008,False,53.0
7085,2007,False,79.0
7086,2006,False,62.0
7087,2008,False,93.0
7088,2009,True,476.0
7089,2005,False,53.0
7097,2007,False,50.0
7103,2007,False,62.0
7111,2011,False,48.0
7113,2009,False,81.0
7115,2006,False,63.0
7118,2009,False,67.0
7125,2011,False,63.0
7131,2004,False,74.0
7135,2005,False,84.0
7136,2006,False,47.0
7137,2014,False,67.0
7139,2013,False,78.0
7150,2008,False,60.0
7153,2004,False,102.0
7154,2009,False,98.0
7157,2014,False,52.0
7166,2006,False,53.0
7184,2007,False,65.0
7187,2014,False,74.0
7189,2011,False,64.0
7204,2006,False,42.0
7206,2003,False,53.0
7218,2013,False,60.0
7224,2005,False,62.0
7225,2004,True,199.0
7227,2006,False,68.0
7236,2003,False,52.0
7237,2007,False,130.0
7238,2012,False,82.0
7242,2008,False,84.0
7251,2011,False,47.0
7252,2011,False,59.0
7257,2012,False,53.0
7258,2011,False,73.0
7260,2004,False,64.0
7261,2003,False,81.0
7263,2012,False,98.0
7274,2013,False,67.0
7280,2008,False,64.0
7283,2005,True,146.0
7289,2009,False,63.0
7292,2005,False,80.0
7293,2009,False,120.0
7295,2010,False,47.0
7311,2003,False,53.0
7312,2003,False,64.0
7315,2006,False,91.0
7321,2005,False,48.0
7323,2004,False,78.0
7327,2003,False,38.0
7330,2004,False,105.0
7333,2011,False,51.0
7334,2008,False,99.0
7336,2007,False,44.0
7342,2010,False,71.0
7346,2005,False,115.0
7348,2010,False,46.0
7350,2003,False,80.0
7363,2004,False,52.0
7379,2008,False,64.0
7387,2005,False,59.0
7393,2011,False,50.0
7411,2004,False,64.0
7413,2008,False,61.0
7426,2004,False,44.0
7427,2004,False,102.0
7431,2005,False,56.0
7437,2012,False,67.0
7449,2012,False,86.0
7450,2004,True,76.0
7457,2006,False,61.0
7463,2007,False,50.0
7464,2003,False,41.0
7465,2004,True,111.0
7471,2005,False,89.0
7476,2004,False,72.0
7482,2014,False,57.0
7483,2003,False,58.0
7484,2014,False,54.0
7486,2004,False,73.0
7487,2007,False,61.0
7502,2010,False,92.0
7510,2012,True,102.0
7511,2008,False,39.0
7517,2011,False,54.0
7519,2007,False,69.0
7520,2007,False,71.0
7522,2007,True,141.0
7523,2013,False,54.0
7537,2006,False,61.0
7543,2008,False,114.0
7544,2004,False,55.0
7546,2009,True,118.0
7551,2011,False,54.0
7555,2010,False,68.0
7558,2007,False,59.0
7565,2012,False,81.0
7566,2004,False,71.0
7570,2006,False,66.0
7574,2008,False,40.0
7576,2007,False,62.0
7581,2004,False,63.0
7582,2005,False,70.0
7590,2011,False,80.0
7591,2006,False,79.0
7592,2012,False,58.0
7602,2011,False,73.0
7612,2008,False,53.0
7614,2013,False,76.0
7627,2005,False,47.0
7635,2005,False,65.0
7636,2004,False,60.0
7641,2003,False,55.0
7642,2003,False,58.0
7644,2011,False,66.0
7649,2005,False,79.0
7654,2004,True,135.0
7659,2011,False,73.0
7664,2007,False,98.0
7670,2007,False,47.0
7675,2012,False,57.0
7677,2011,False,63.0
7685,2008,False,80.0
7692,2012,False,77.0
7694,2011,False,50.0
7701,2014,False,66.0
7708,2010,False,77.0
7709,2006,False,64.0
7711,2005,False,52.0
7713,2006,False,86.0
7717,2013,False,56.0
7724,2010,False,89.0
7731,2011,False,61.0
7751,2011,False,49.0
7752,2011,False,51.0
7755,2006,False,49.0
7769,2003,False,111.0
7771,2008,False,52.0
7783,2014,False,44.0
7793,2003,False,61.0
7798,2008,False,47.0
7801,2010,False,61.0
7807,2005,False,73.0
7819,2003,False,69.0
7834,2004,False,44.0
7839,2003,False,73.0
7841,2012,False,68.0
7848,2014,False,43.0
7850,2010,True,215.0
7851,2009,True,261.0
7856,2008,False,63.0
7859,2010,False,111.0
7861,2003,False,55.0
7866,2009,False,62.0
7871,2009,False,45.0
7872,2006,False,80.0
7875,2003,False,91.0
7876,2003,False,89.0
7877,2012,False,62.0
7881,2014,False,43.0
7885,2006,False,70.0
7891,2003,False,57.0
7892,2003,False,57.0
7905,2003,False,66.0
7912,2013,False,137.0
7913,2007,False,77.0
7914,2008,False,65.0
7917,2011,False,57.0
7922,2009,False,101.0
7923,2006,False,50.0
7928,2007,False,96.0
7930,2003,False,66.0
7933,2010,False,84.0
7935,2007,True,154.0
7939,2003,False,105.0
7941,2003,False,45.0
7943,2007,False,60.0
7944,2008,False,93.0
7951,2014,False,89.0
7952,2013,False,90.0
7953,2006,False,83.0
7956,2003,False,87.0
7959,2011,False,57.0
7960,2003,False,68.0
7975,2003,False,61.0
7987,2006,False,46.0
7990,2006,False,91.0
7998,2009,False,57.0
8001,2013,False,55.0
8005,2009,False,102.0
8008,2007,False,82.0
8009,2008,False,71.0
8013,2011,False,51.0
8016,2004,False,43.0
8028,2005,False,62.0
8030,2005,False,57.0
8031,2014,False,86.0
8034,2005,False,58.0
8040,2003,False,111.0
8052,2007,False,57.0
8054,2004,False,53.0
8055,2005,False,33.0
8060,2003,False,73.0
8061,2014,False,51.0
8073,2012,False,77.0
8076,2014,False,58.0
8083,2005,True,182.0
8084,2006,True,145.0
8088,2005,False,81.0
8092,2009,False,74.0
8094,2012,False,74.0
8096,2004,False,67.0
8103,2009,False,71.0
8107,2010,False,49.0
8108,2009,False,50.0
8114,2005,False,69.0
8116,2009,False,49.0
8118,2007,False,59.0
8121,2005,False,90.0
8136,2009,False,63.0
8142,2004,False,35.0
8145,2004,False,86.0
8147,2010,False,60.0
8154,2008,False,52.0
8155,2011,False,89.0
8156,2011,False,54.0
8158,2005,False,74.0
8159,2005,False,88.0
8162,2008,False,42.0
8166,2004,False,84.0
8170,2013,False,61.0
8173,2010,False,67.0
8193,2005,False,57.0
8206,2012,False,47.0
8208,2006,False,54.0
8212,2005,False,62.0
8223,2013,False,58.0
8225,2005,False,91.0
8226,2008,False,74.0
8233,2007,False,49.0
8234,2006,False,89.0
8242,2005,False,96.0
8243,2004,False,69.0
8247,2003,False,55.0
8249,2008,False,57.0
8253,2012,False,91.0
8256,2005,False,64.0
8269,2006,False,68.0
8274,2005,False,140.0
8283,2007,False,65.0
8294,2005,False,85.0
8302,2009,False,82.0
8305,2003,False,80.0
8307,2014,False,53.0
8313,2004,False,70.0
8319,2003,False,65.0
8323,2004,False,89.0
8327,2005,False,65.0
8338,2008,False,47.0
8343,2014,False,40.0
8344,2013,False,78.0
8350,2005,False,66.0
8351,2007,False,45.0
8354,2012,False,52.0
8362,2007,False,65.0
8365,2009,False,60.0
8368,2006,False,81.0
8375,2008,False,46.0
8378,2005,False,98.0
8382,2012,False,97.0
8384,2009,False,47.0
8386,2008,True,107.0
8387,2009,False,62.0
8389,2009,False,69.0
8393,2012,False,49.0
8397,2007,False,81.0
8406,2012,False,58.0
8426,2009,False,53.0
8431,2003,False,71.0
8444,2007,True,109.0
8446,2004,False,84.0
8452,2012,False,85.0
8453,2003,False,72.0
8455,2004,False,55.0
8456,2003,True,83.0
8457,2012,False,71.0
8458,2011,False,94.0
8468,2004,True,92.0
8472,2007,False,45.0
8474,2006,False,52.0
8482,2004,False,93.0
8483,2007,False,94.0
8484,2004,False,69.0
8485,2007,False,98.0
8489,2011,False,73.0
8491,2007,False,77.0
8495,2004,False,65.0
8498,2007,False,70.0
8499,2008,False,55.0
8501,2008,False,60.0
8504,2007,False,58.0
8506,2004,True,128.0
8510,2004,False,65.0
8511,2007,False,80.0
8520,2012,False,79.0
8524,2009,False,71.0
8531,2011,False,42.0
8535,2006,False,60.0
8540,2008,False,60.0
8545,2005,False,58.0
8548,2005,False,36.0
8552,2005,False,35.0
8553,2004,False,56.0
8555,2010,False,61.0
8556,2014,False,68.0
8558,2005,False,56.0
8559,2011,False,47.0
8560,2009,False,86.0
8565,2008,False,138.0
8568,2011,False,101.0
8569,2009,False,92.0
8570,2009,False,67.0
8574,2014,False,68.0
8585,2005,False,70.0
8597,2003,False,75.0
8599,2012,False,75.0
8604,2008,False,76.0
8607,2010,False,51.0
8616,2008,False,88.0
8618,2006,True,106.0
8622,2012,False,78.0
8623,2007,False,48.0
8624,2006,False,91.0
8631,2003,False,68.0
8644,2003,False,73.0
8645,2010,False,52.0
8650,2013,False,65.0
8651,2010,False,67.0
8653,2007,False,53.0
8659,2009,False,79.0
8681,2005,False,67.0
8693,2005,False,66.0
8699,2011,False,82.0
8700,2005,False,61.0
8702,2007,False,61.0
8714,2014,False,47.0
8730,2006,False,74.0
8737,2008,True,157.0
8739,2006,False,55.0
8740,2013,False,86.0
8746,2003,False,74.0
8751,2010,False,56.0
8754,2007,False,57.0
8755,2003,False,89.0
8757,2013,False,49.0
8763,2004,False,68.0
8775,2013,False,44.0
8779,2009,False,42.0
8789,2004,True,141.0
8791,2008,False,50.0
8793,2013,False,32.0
8798,2004,False,96.0
8806,2010,False,75.0
8809,2003,False,62.0
8810,2010,True,431.0
8813,2012,False,82.0
8815,2007,False,48.0
8827,2006,False,73.0
8828,2004,False,50.0
8829,2008,False,59.0
8830,2005,False,55.0
8839,2010,False,50.0
8841,2006,False,93.0
8847,2012,False,47.0
8852,2004,False,108.0
8855,2009,False,54.0
8859,2011,False,84.0
8865,2003,True,163.0
8867,2013,False,53.0
8868,2005,False,111.0
8870,2014,False,57.0
8873,2003,True,111.0
8877,2003,False,48.0
8878,2006,False,55.0
8899,2003,False,70.0
8900,2004,False,105.0
8919,2003,False,98.0
8929,2010,False,46.0
8932,2005,False,42.0
8933,2008,False,56.0
8936,2006,False,58.0
8948,2008,False,71.0
8952,2009,False,94.0
8954,2010,False,58.0
8956,2012,False,51.0
8961,2005,False,76.0
8967,2010,False,102.0
8973,2007,False,56.0
8974,2007,False,62.0
8982,2005,False,83.0
8985,2010,False,111.0
8996,2008,False,47.0
9002,2012,False,86.0
9005,2009,False,51.0
9009,2005,False,52.0
9018,2011,False,59.0
9034,2011,False,53.0
9036,2013,False,55.0
9038,2014,False,49.0
9046,2005,False,67.0
9047,2004,False,109.0
9052,2004,False,58.0
9054,2014,False,47.0
9060,2008,False,68.0
9061,2006,False,53.0
9068,2014,False,65.0
9069,2008,False,91.0
9071,2008,False,38.0
9074,2004,False,79.0
9078,2003,False,49.0
9081,2012,False,64.0
9082,2004,False,68.0
9084,2004,False,57.0
9096,2010,False,95.0
9099,2014,False,51.0
9102,2009,False,54.0
9107,2010,False,57.0
9109,2008,False,33.0
9112,2011,False,71.0
9122,2010,False,71.0
9127,2005,False,71.0
9133,2009,False,88.0
9141,2013,False,61.0
9144,2012,False,73.0
9158,2011,False,65.0
9167,2012,False,63.0
9168,2011,False,47.0
9171,2005,False,53.0
9172,2006,False,101.0
9174,2008,False,56.0
9196,2005,False,51.0
9200,2007,False,98.0
9212,2012,False,55.0
9215,2003,False,79.0
9218,2010,False,72.0
9220,2003,False,60.0
9222,2004,False,175.0
9224,2008,False,83.0
9227,2003,False,89.0
9231,2003,False,71.0
9241,2005,False,77.0
9245,2013,False,78.0
9252,2012,False,49.0
9257,2003,False,54.0
9268,2010,False,75.0
9270,2004,False,69.0
9273,2009,False,70.0
9278,2003,False,56.0
9282,2011,False,50.0
9284,2011,False,77.0
9289,2004,True,85.0
9290,2005,False,49.0
9300,2013,False,74.0
9302,2009,False,58.0
9304,2008,False,77.0
9316,2011,False,92.0
9324,2008,False,60.0
9326,2010,False,129.0
9328,2009,False,56.0
9330,2009,False,126.0
9331,2004,False,48.0
9332,2009,False,101.0
9345,2014,False,44.0
9349,2008,False,63.0
9358,2008,False,60.0
9365,2007,False,51.0
9367,2004,False,45.0
9370,2010,False,61.0
9372,2003,False,77.0
9373,2007,False,68.0
9377,2012,False,71.0
9378,2009,False,62.0
9379,2005,False,112.0
9382,2014,False,58.0
9383,2013,False,105.0
9385,2008,False,73.0
9387,2014,False,44.0
9396,2008,False,73.0
9397,2003,False,119.0
9401,2003,False,61.0
9405,2003,False,48.0
9410,2010,False,85.0
9421,2005,False,71.0
9427,2005,False,98.0
9433,2007,False,69.0
9436,2010,True,125.0
9440,2009,False,72.0
9451,2003,False,48.0
9453,2008,False,74.0
9483,2010,False,67.0
9485,2013,False,66.0
9497,2004,False,92.0
9498,2009,False,72.0
9502,2014,False,42.0
9505,2014,False,61.0
9514,2003,False,53.0
9515,2012,False,67.0
9516,2011,True,1708.0
9520,2012,False,60.0
9526,2007,False,89.0
9532,2011,False,75.0
9537,2008,False,75.0
9538,2005,False,59.0
9539,2008,False,49.0
9547,2004,False,68.0
9548,2009,False,60.0
9550,2006,False,75.0
9556,2004,False,55.0
9558,2007,False,65.0
9559,2006,False,46.0
9563,2006,False,68.0
9566,2010,False,48.0
9572,2010,False,81.0
9573,2008,False,52.0
9577,2011,False,54.0
9591,2010,False,57.0
9596,2007,False,103.0
9598,2008,False,70.0
9599,2011,False,52.0
9601,2003,True,153.0
9602,2005,False,78.0
9605,2011,False,88.0
9615,2006,False,124.0
9617,2006,False,71.0
9622,2004,False,62.0
9632,2009,False,91.0
9633,2012,False,71.0
9640,2011,True,253.0
9649,2014,False,90.0
9654,2005,False,66.0
9663,2012,False,62.0
9669,2014,False,42.0
9673,2010,False,54.0
9687,2010,False,105.0
9688,2010,False,71.0
9690,2013,False,51.0
9691,2006,False,56.0
9694,2013,False,50.0
9695,2003,False,83.0
9696,2004,False,67.0
9699,2003,False,48.0
9706,2004,False,62.0
9711,2013,True,251.0
9714,2004,False,54.0
9718,2009,False,56.0
9720,2008,False,64.0
9736,2004,False,115.0
9738,2013,False,54.0
9739,2003,False,88.0
9744,2003,False,58.0
9748,2003,False,57.0
9754,2010,False,83.0
9757,2009,False,132.0
9763,2009,False,68.0
9764,2006,False,49.0
9775,2011,False,49.0
9777,2004,False,47.0
9810,2009,False,90.0
9811,2014,False,118.0
9813,2003,False,80.0
9818,2003,False,72.0
9822,2013,False,61.0
9830,2007,False,70.0
9833,2013,False,57.0
9834,2003,False,51.0
9849,2007,False,44.0
9855,2006,False,105.0
9861,2012,True,176.0
9874,2005,False,48.0
9878,2003,False,93.0
9880,2013,False,98.0
9881,2004,False,63.0
9882,2013,True,179.0
9885,2008,False,65.0
9889,2006,True,278.0
9892,2003,False,98.0
9897,2012,False,44.0
9898,2009,False,71.0
9911,2012,False,59.0
9916,2013,False,72.0
9917,2006,False,75.0
9926,2008,False,88.0
9932,2010,False,84.0
9935,2010,False,56.0
9941,2004,False,99.0
9943,2004,False,59.0
9950,2007,False,40.0
9952,2012,False,48.0
9958,2013,False,80.0
9959,2008,False,41.0
9962,2005,False,86.0
9964,2005,False,109.0
9966,2010,False,84.0
9970,2005,False,63.0
9974,2004,False,49.0
9981,2011,False,69.0
9982,2010,False,63.0
9988,2013,False,69.0
9990,2003,False,78.0
9999,2010,False,70.0
10014,2007,False,94.0
10021,2010,False,46.0
10022,2003,False,87.0
10023,2004,False,44.0
10041,2010,False,49.0
10045,2008,True,943.0
10053,2005,False,88.0
10055,2004,False,35.0
10059,2007,False,52.0
10061,2006,False,60.0
10066,2005,False,62.0
10067,2012,False,57.0
10073,2004,False,71.0
10075,2014,False,96.0
10082,2003,False,86.0
10083,2003,False,103.0
10086,2003,False,78.0
10087,2003,False,71.0
10092,2004,False,68.0
10094,2008,False,57.0
10096,2010,False,58.0
10107,2011,False,80.0
10116,2004,False,85.0
10121,2014,False,44.0
10123,2013,False,57.0
10135,2011,False,73.0
10136,2006,False,48.0
10137,2010,False,89.0
10139,2005,False,58.0
10140,2008,False,49.0
10162,2010,False,81.0
10163,2008,False,39.0
10171,2006,False,60.0
10173,2010,False,54.0
10196,2008,False,50.0
10199,2014,True,742.0
10205,2006,False,72.0
10208,2003,False,57.0
10209,2007,False,101.0
10217,2004,False,83.0
10224,2005,False,72.0
10226,2012,False,56.0
10253,2007,False,57.0
10258,2004,False,63.0
10260,2009,True,124.0
10261,2006,False,85.0
10263,2009,True,715.0
10286,2005,False,90.0
10289,2005,False,59.0
10292,2007,False,65.0
10296,2012,False,67.0
10300,2005,True,112.0
10301,2011,False,80.0
10305,2004,False,70.0
10307,2009,False,81.0
10310,2010,False,64.0
10311,2003,False,62.0
10318,2005,False,50.0
10320,2008,False,82.0
10322,2009,False,41.0
10325,2013,False,60.0
10329,2006,False,84.0
10331,2011,False,62.0
10334,2011,False,47.0
10338,2004,False,79.0
10347,2012,False,41.0
10348,2009,False,79.0
10350,2012,True,129.0
10355,2006,False,74.0
10359,2013,False,52.0
10362,2004,False,75.0
10382,2010,False,71.0
10386,2009,False,95.0
10390,2009,False,69.0
10391,2008,False,102.0
10393,2012,False,92.0
10402,2013,False,67.0
10411,2008,False,64.0
10414,2011,False,34.0
10417,2009,False,85.0
10418,2008,False,97.0
10421,2009,False,46.0
10430,2013,False,33.0
10432,2007,False,71.0
10437,2003,False,116.0
10450,2012,False,70.0
10454,2004,False,66.0
10455,2008,False,40.0
10462,2005,False,80.0
10463,2004,False,52.0
10480,2005,False,74.0
10481,2007,False,58.0
10487,2004,True,131.0
10488,2006,True,108.0
10489,2010,False,67.0
10496,2005,False,70.0
10507,2010,True,283.0
10518,2005,False,69.0
10527,2005,False,49.0
10529,2010,False,38.0
10531,2004,False,71.0
10536,2008,False,59.0
10539,2010,False,78.0
10549,2006,False,45.0
10559,2006,False,94.0
10563,2011,False,63.0
10575,2011,False,58.0
10581,2005,False,61.0
10582,2005,False,54.0
10588,2004,False,65.0
10592,2003,False,70.0
10594,2006,False,49.0
10601,2004,True,159.0
10603,2011,False,62.0
10617,2007,False,87.0
10626,2008,False,42.0
10629,2007,False,93.0
10633,2003,False,40.0
10635,2007,False,52.0
10644,2003,False,72.0
10650,2005,False,100.0
10659,2014,False,61.0
10662,2009,False,110.0
10663,2012,False,91.0
10668,2007,False,63.0
10670,2008,False,73.0
10675,2003,False,120.0
10676,2013,False,71.0
10685,2004,False,104.0
10689,2007,False,58.0
10695,2004,False,70.0
10696,2004,False,87.0
10702,2007,False,56.0
10703,2004,False,101.0
10704,2006,False,68.0
10709,2014,False,88.0
10715,2008,False,50.0
10733,2007,False,56.0
10734,2005,False,94.0
10736,2011,False,63.0
10739,2014,False,83.0
10746,2005,False,94.0
10753,2013,False,79.0
10759,2006,False,67.0
10761,2004,False,68.0
10763,2003,False,75.0
10774,2003,False,58.0
10775,2014,False,56.0
10781,2011,False,39.0
10785,2009,False,49.0
10791,2007,False,56.0
10793,2008,False,57.0
10798,2006,False,57.0
10801,2010,False,45.0
10805,2009,False,45.0
10806,2014,False,46.0
10813,2007,False,46.0
10819,2010,False,55.0
10820,2003,False,60.0
10822,2009,False,78.0
10829,2011,False,56.0
10830,2003,False,68.0
10831,2003,False,53.0
10834,2009,False,86.0
10857,2007,False,84.0
10858,2004,False,67.0
10859,2003,False,83.0
10874,2010,False,65.0
10887,2009,False,72.0
10888,2010,False,129.0
10893,2003,False,42.0
10895,2010,False,55.0
10904,2009,False,112.0
10908,2004,False,49.0
10914,2006,False,101.0
10924,2011,False,65.0
10935,2010,False,91.0
10938,2009,False,48.0
10940,2014,False,70.0
10942,2010,False,73.0
10943,2011,False,58.0
10950,2008,False,51.0
10951,2007,False,43.0
10960,2010,False,51.0
10962,2010,False,59.0
10963,2007,False,66.0
10964,2008,False,58.0
10966,2003,False,50.0
10970,2011,False,139.0
10973,2007,False,61.0
10977,2006,False,59.0
10979,2009,False,116.0
10984,2006,False,132.0
10987,2003,False,73.0
11000,2003,False,116.0
11002,2011,False,75.0
11006,2004,False,77.0
11015,2006,False,81.0
11020,2010,False,93.0
11037,2003,False,42.0
11048,2006,False,72.0
11050,2008,False,79.0
11051,2008,False,83.0
11063,2011,False,80.0
11069,2012,False,64.0
11079,2008,True,238.0
11088,2007,False,53.0
11095,2009,False,79.0
11104,2007,False,62.0
11105,2004,False,45.0
11106,2003,False,63.0
11107,2010,False,93.0
11108,2014,False,58.0
11110,2008,False,115.0
11111,2004,False,60.0
11117,2008,False,62.0
11119,2004,False,64.0
11122,2004,False,54.0
11135,2009,False,71.0
11139,2010,False,113.0
11142,2005,False,95.0
11152,2009,False,79.0
11172,2005,False,46.0
11182,2007,False,97.0
11185,2010,False,69.0
11190,2004,False,57.0
11194,2008,False,80.0
11200,2010,False,57.0
11203,2008,False,74.0
11213,2004,False,50.0
11217,2007,False,75.0
11218,2014,False,51.0
11223,2006,False,86.0
11226,2006,False,72.0
11231,2014,False,56.0
11232,2012,False,69.0
11234,2004,False,48.0
11243,2007,False,81.0
11246,2003,False,54.0
11250,2013,False,62.0
11257,2013,False,97.0
11262,2006,False,52.0
11265,2010,False,52.0
11270,2003,False,58.0
11274,2003,False,63.0
11284,2014,False,98.0
11287,2003,True,47.0
11304,2004,False,74.0
11305,2006,False,75.0
11308,2012,False,73.0
11311,2011,False,43.0
11316,2010,False,47.0
11317,2011,False,42.0
11324,2004,False,46.0
11327,2010,False,57.0
11338,2006,False,62.0
11339,2006,False,53.0
11342,2013,False,77.0
11346,2012,False,81.0
11347,2008,False,51.0
11353,2006,False,65.0
11355,2006,False,43.0
11358,2013,False,45.0
11363,2003,False,57.0
11377,2008,False,79.0
11382,2006,True,211.0
11383,2006,True,217.0
11386,2006,False,68.0
11404,2011,False,69.0
11405,2011,False,132.0
11408,2003,False,48.0
11413,2012,False,57.0
11422,2005,False,86.0
11423,2004,True,124.0
11424,2010,False,74.0
11425,2012,False,59.0
11426,2003,False,99.0
11427,2012,False,61.0
11432,2003,False,83.0
11434,2007,False,59.0
11443,2006,False,59.0
11446,2006,False,96.0
11453,2004,False,69.0
11454,2003,False,72.0
11455,2014,False,58.0
11461,2006,False,57.0
11474,2012,False,49.0
11475,2007,False,65.0
11480,2003,False,119.0
11496,2011,False,63.0
11505,2008,False,51.0
11511,2007,False,112.0
11512,2004,False,78.0
11513,2012,False,45.0
11516,2007,False,85.0
11517,2005,False,67.0
11526,2009,False,64.0
11528,2008,False,68.0
11537,2006,False,59.0
11565,2009,False,44.0
11569,2014,False,86.0
11577,2014,False,43.0
11578,2009,False,64.0
11581,2004,False,95.0
11587,2010,False,76.0
11589,2004,False,71.0
11594,2013,False,53.0
11595,2007,False,53.0
11596,2003,False,55.0
11603,2010,False,62.0
11605,2003,False,47.0
11612,2010,False,81.0
11613,2009,False,55.0
11624,2009,False,59.0
11630,2005,False,70.0
11631,2005,False,84.0
11636,2012,False,100.0
11638,2006,False,51.0
11639,2012,False,75.0
11640,2010,False,60.0
11645,2005,False,84.0
11646,2011,False,49.0
11655,2004,False,63.0
11656,2005,False,53.0
11658,2008,False,79.0
11659,2004,False,56.0
11660,2006,False,67.0
11674,2008,False,57.0
11675,2010,False,57.0
11678,2006,False,55.0
11687,2010,False,65.0
11691,2003,False,76.0
11703,2010,False,49.0
11705,2012,False,46.0
11708,2009,False,54.0
11713,2006,False,84.0
11723,2008,False,47.0
11724,2011,True,142.0
11727,2004,False,51.0
11742,2005,False,54.0
11749,2011,False,62.0
11751,2009,False,112.0
11754,2004,True,86.0
11756,2008,False,77.0
11757,2007,False,81.0
11771,2007,False,52.0
11776,2008,False,73.0
11781,2009,False,59.0
11783,2007,False,44.0
11795,2012,False,108.0
11798,2005,True,56.0
11802,2012,False,77.0
11817,2009,False,55.0
11819,2013,False,49.0
11821,2004,False,63.0
11832,2012,False,58.0
11842,2005,False,79.0
11846,2013,False,88.0
11850,2003,False,58.0
11852,2005,False,54.0
11854,2008,False,67.0
11856,2009,False,77.0
11861,2009,False,41.0
11871,2005,False,81.0
11876,2010,False,73.0
11880,2008,False,59.0
11881,2013,False,85.0
11888,2003,False,60.0
11890,2011,False,69.0
11893,2005,False,69.0
11897,2005,False,71.0
11901,2003,False,52.0
11903,2012,False,44.0
11913,2006,False,67.0
11914,2005,False,75.0
11921,2009,False,92.0
11925,2008,False,44.0
11946,2013,False,58.0
11947,2009,False,82.0
11952,2011,False,116.0
11958,2009,False,65.0
11960,2014,False,54.0
11968,2008,False,82.0
11970,2003,False,60.0
11983,2008,False,64.0
11988,2014,False,48.0
11993,2004,False,77.0
12014,2010,True,190.0
12020,2006,False,72.0
12028,2014,False,57.0
12031,2005,False,52.0
12033,2004,False,62.0
12034,2011,False,96.0
12036,2013,False,47.0
12056,2004,False,56.0
12057,2011,False,69.0
12062,2011,False,38.0
12076,2012,False,75.0
12078,2004,False,56.0
12079,2008,False,62.0
12083,2003,False,33.0
12084,2003,False,86.0
12087,2005,False,65.0
12090,2013,True,136.0
12091,2009,False,57.0
12107,2010,True,286.0
12108,2005,False,85.0
12115,2005,False,55.0
12117,2003,False,65.0
12118,2007,False,68.0
12120,2003,False,61.0
12127,2003,False,51.0
12137,2012,False,75.0
12138,2007,False,64.0
12143,2014,True,157.0
12145,2004,False,50.0
12150,2007,True,53.0
12160,2004,False,84.0
12164,2014,False,48.0
12172,2007,False,96.0
12174,2004,False,106.0
12182,2014,True,138.0
12197,2006,False,55.0
12205,2006,False,76.0
12211,2008,False,65.0
12217,2012,False,48.0
12230,2006,False,72.0
12234,2005,False,62.0
12238,2006,False,65.0
12247,2009,False,126.0
12248,2009,False,62.0
12278,2005,False,60.0
12294,2010,False,61.0
12296,2008,True,205.0
12297,2012,False,122.0
12298,2004,True,97.0
12306,2004,False,74.0
12320,2004,False,84.0
12321,2014,False,78.0
12326,2012,False,83.0
12328,2009,True,141.0
12336,2012,False,72.0
12347,2004,False,53.0
12353,2004,False,83.0
12359,2011,False,63.0
12362,2005,False,66.0
12364,2003,False,109.0
12372,2005,False,53.0
12378,2005,False,55.0
12379,2007,False,84.0
12380,2010,False,50.0
12385,2005,False,79.0
12394,2009,False,92.0
12395,2009,False,79.0
12397,2009,False,77.0
12399,2004,False,64.0
12404,2009,False,83.0
12408,2011,False,64.0
12410,2003,False,52.0
12420,2013,False,47.0
12421,2013,False,53.0
12424,2009,False,75.0
12426,2012,False,79.0
12427,2013,False,67.0
12430,2004,False,85.0
12432,2013,False,62.0
12442,2009,False,73.0
12450,2007,False,115.0
12453,2005,False,78.0
12460,2014,False,47.0
12462,2003,True,205.0
12465,2008,False,76.0
12469,2008,False,66.0
12472,2007,False,49.0
12474,2014,False,54.0
12482,2004,False,61.0
12484,2007,False,72.0
12490,2014,False,68.0
12509,2007,False,54.0
12513,2005,False,78.0
12519,2011,False,56.0
12524,2013,False,68.0
12525,2010,False,52.0
12527,2009,False,42.0
12533,2004,False,58.0
12535,2012,False,48.0
12541,2012,False,63.0
12550,2009,False,112.0
12561,2010,False,97.0
12570,2008,False,84.0
12582,2012,False,42.0
12590,2003,False,66.0
12595,2010,False,120.0
12602,2011,False,82.0
12603,2009,False,64.0
12605,2006,False,67.0
12609,2008,False,85.0
12611,2004,True,96.0
12620,2010,False,90.0
12622,2007,False,54.0
12624,2004,False,58.0
12627,2014,False,71.0
12637,2010,False,52.0
12639,2011,True,151.0
12643,2013,False,41.0
12646,2010,False,133.0
12647,2005,False,65.0
12648,2007,True,141.0
12658,2009,False,49.0
12668,2003,False,55.0
12670,2009,False,85.0
12671,2003,False,71.0
12672,2003,False,97.0
12675,2004,False,68.0
12679,2006,False,52.0
12680,2005,True,178.0
12681,2009,True,164.0
12686,2007,False,57.0
12692,2012,False,57.0
12699,2005,False,50.0
12700,2008,False,49.0
12704,2010,False,54.0
12706,2009,False,66.0
12721,2004,False,55.0
12722,2007,False,77.0
12723,2004,False,49.0
12725,2011,False,59.0
12741,2012,False,68.0
12746,2006,False,58.0
12747,2006,False,78.0
12748,2006,False,76.0
12764,2003,False,53.0
12765,2009,False,51.0
12770,2004,False,69.0
12772,2011,False,79.0
12774,2008,False,66.0
12777,2006,False,54.0
12782,2004,False,87.0
12786,2011,False,42.0
12788,2004,False,108.0
12798,2008,False,59.0
12802,2010,False,68.0
12804,2010,False,71.0
12812,2014,False,52.0
12817,2004,False,108.0
12826,2005,False,89.0
12832,2004,False,86.0
12849,2007,False,63.0
12853,2005,False,70.0
12856,2013,False,75.0
12859,2003,False,66.0
12863,2003,False,90.0
12870,2008,False,65.0
12876,2009,False,70.0
12880,2014,False,69.0
12881,2006,False,74.0
12882,2005,False,50.0
12891,2007,False,88.0
12900,2005,False,64.0
12901,2010,False,50.0
12905,2006,False,62.0
12908,2013,False,65.0
12910,2014,False,47.0
12916,2011,False,52.0
12917,2009,False,75.0
12920,2007,False,82.0
12924,2010,False,89.0
12925,2007,False,77.0
12949,2011,True,140.0
12952,2005,False,80.0
12959,2005,False,58.0
12970,2009,False,42.0
12971,2008,False,63.0
12973,2008,False,91.0
12975,2003,False,53.0
12979,2012,False,58.0
12991,2005,False,95.0
12992,2011,False,55.0
12999,2009,False,65.0
13003,2010,False,48.0
13004,2003,False,61.0
13007,2005,False,68.0
13008,2004,False,72.0
13011,2003,False,48.0
13013,2005,False,42.0
13025,2011,False,78.0
13032,2003,False,68.0
13035,2005,False,64.0
13038,2006,False,54.0
13044,2010,False,76.0
13050,2013,False,50.0
13053,2011,False,69.0
13057,2006,False,57.0
13069,2006,False,54.0
13070,2010,False,78.0
13075,2009,False,81.0
13099,2004,False,92.0
13106,2014,False,71.0
13120,2005,False,124.0
13122,2003,False,68.0
13124,2013,False,55.0
13128,2010,False,52.0
13132,2004,False,52.0
13134,2007,False,49.0
13140,2005,False,82.0
13146,2010,False,72.0
13152,2012,False,45.0
13160,2007,False,59.0
13161,2005,False,54.0
13173,2004,False,55.0
13175,2009,False,59.0
13179,2009,False,87.0
13181,2003,False,59.0
13185,2006,False,32.0
13187,2011,False,57.0
13200,2005,False,45.0
13204,2007,False,95.0
13206,2011,False,80.0
13209,2012,False,34.0
13214,2008,False,64.0
13217,2014,False,79.0
13219,2003,False,56.0
13226,2006,False,89.0
13238,2013,False,51.0
13242,2008,False,117.0
13246,2004,False,74.0
13250,2003,False,57.0
13253,2004,False,59.0
13258,2009,False,69.0
13259,2010,False,67.0
13260,2003,False,60.0
13262,2006,True,316.0
13269,2003,False,90.0
13272,2003,False,66.0
13276,2012,False,47.0
13281,2004,False,69.0
13285,2013,False,148.0
13298,2013,False,56.0
13302,2004,False,103.0
13304,2013,False,61.0
13313,2009,True,155.0
13315,2004,False,90.0
13329,2003,False,150.0
13345,2010,False,63.0
13349,2003,False,50.0
13357,2005,False,71.0
13359,2007,False,89.0
13367,2010,False,52.0
13382,2003,False,78.0
13388,2005,True,179.0
13397,2005,True,106.0
13400,2014,False,69.0
13401,2009,True,339.0
13408,2004,False,67.0
13409,2008,True,573.0
13411,2005,False,54.0
13412,2008,False,41.0
13414,2005,False,48.0
13416,2005,False,72.0
13419,2005,False,62.0
13425,2010,False,104.0
13436,2003,False,45.0
13454,2013,False,48.0
13462,2008,False,69.0
13470,2012,False,74.0
13475,2013,False,103.0
13479,2006,False,63.0
13481,2011,False,78.0
13482,2011,False,72.0
13486,2012,False,47.0
13488,2007,False,64.0
13490,2004,False,65.0
13499,2014,False,92.0
13504,2011,False,63.0
13507,2010,False,58.0
13517,2011,False,72.0
13521,2011,False,68.0
13526,2012,False,72.0
13530,2010,False,88.0
13531,2009,False,66.0
13536,2008,False,53.0
13538,2006,False,76.0
13543,2007,False,41.0
13552,2009,False,87.0
13553,2005,False,67.0
13555,2008,False,59.0
13566,2007,False,64.0
13567,2010,True,91.0
13572,2008,False,64.0
13574,2011,False,58.0
13576,2008,False,83.0
13588,2008,False,46.0
13589,2003,False,129.0
13604,2007,False,56.0
13608,2008,False,60.0
13612,2011,False,47.0
13619,2010,False,73.0
13626,2014,False,65.0
13635,2009,False,78.0
13644,2008,False,67.0
13645,2004,False,69.0
13646,2011,False,60.0
13661,2008,False,51.0
13665,2006,False,90.0
13671,2014,False,80.0
13676,2004,True,104.0
13678,2010,False,66.0
13681,2005,False,107.0
13688,2003,False,64.0
13690,2007,False,66.0
13691,2008,False,59.0
13697,2009,False,71.0
13698,2011,False,78.0
13727,2010,False,6268.0
13728,2008,False,52.0
13731,2009,False,90.0
13742,2004,False,63.0
13743,2004,False,65.0
13744,2009,False,44.0
13746,2004,False,46.0
13748,2012,False,83.0
13749,2013,False,76.0
13754,2011,False,87.0
13756,2013,False,52.0
13758,2014,False,56.0
13761,2003,False,53.0
13764,2007,False,56.0
13767,2003,False,57.0
13773,2003,False,81.0
13783,2014,False,74.0
13786,2005,False,63.0
13790,2003,False,77.0
13791,2003,True,322.0
13801,2009,False,75.0
13803,2004,False,69.0
13816,2009,False,42.0
13823,2013,False,55.0
13829,2011,False,85.0
13830,2003,False,80.0
13849,2010,False,50.0
13852,2005,False,59.0
13869,2005,False,78.0
13877,2012,False,81.0
13886,2014,False,70.0
13888,2007,False,46.0
13893,2005,True,110.0
13896,2006,False,75.0
13904,2005,False,54.0
13906,2007,False,67.0
13920,2011,False,58.0
13921,2009,False,67.0
13923,2004,False,68.0
13931,2006,False,49.0
13947,2003,False,62.0
13958,2004,False,52.0
13961,2003,False,72.0
13967,2013,False,47.0
13970,2004,False,89.0
14009,2006,False,56.0
14010,2005,False,47.0
14016,2008,False,71.0
14021,2011,False,132.0
14022,2006,False,85.0
14035,2014,False,42.0
14039,2005,False,57.0
14041,2003,False,73.0
14042,2004,False,109.0
14043,2004,False,65.0
14052,2011,False,99.0
14054,2010,False,40.0
14059,2003,False,50.0
14070,2004,False,77.0
14072,2009,False,50.0
14074,2013,False,49.0
14081,2003,False,48.0
14082,2005,False,76.0
14083,2013,False,68.0
14085,2004,False,79.0
14086,2009,False,61.0
14089,2010,False,35.0
14093,2014,False,78.0
14094,2011,False,89.0
14095,2013,False,69.0
14104,2012,False,47.0
14107,2013,False,51.0
14114,2013,False,68.0
14116,2012,False,58.0
14126,2003,False,79.0
14142,2010,False,63.0
14149,2003,False,56.0
14153,2005,False,81.0
14162,2014,False,67.0
14182,2008,False,74.0
14188,2008,False,83.0
14195,2010,False,75.0
14206,2003,False,59.0
14216,2008,False,79.0
14217,2011,False,118.0
14221,2013,False,53.0
14226,2010,False,69.0
14233,2006,False,62.0
14235,2003,False,68.0
14237,2007,False,56.0
14242,2012,False,65.0
14244,2005,False,52.0
14250,2005,True,425.0
14253,2013,False,107.0
14257,2011,False,59.0
14263,2005,False,55.0
14264,2008,False,66.0
14270,2005,False,91.0
14274,2004,False,58.0
14276,2003,False,89.0
14277,2003,False,100.0
14282,2005,False,83.0
14286,2008,False,70.0
14302,2004,False,92.0
14303,2012,False,91.0
14306,2009,False,65.0
14319,2009,False,64.0
14323,2006,False,49.0
14325,2005,False,180.0
14327,2005,False,130.0
14329,2013,False,60.0
14330,2010,False,80.0
14331,2007,False,60.0
14336,2003,False,73.0
14352,2006,False,77.0
14353,2006,False,61.0
14355,2011,False,52.0
14361,2009,False,59.0
14362,2010,False,63.0
14381,2011,False,68.0
14385,2004,False,76.0
14390,2013,True,362.0
14393,2005,False,65.0
14398,2004,False,62.0
14402,2003,False,115.0
14404,2003,False,73.0
14409,2013,False,80.0
14410,2005,False,55.0
14413,2005,False,59.0
14416,2003,False,74.0
14430,2013,False,46.0
14431,2004,False,143.0
14434,2013,False,66.0
14453,2004,False,109.0
14459,2013,False,71.0
14473,2003,False,76.0
14486,2004,False,60.0
14489,2010,False,90.0
14491,2008,False,52.0
14494,2012,False,63.0
14496,2007,False,88.0
14502,2006,False,80.0
14523,2014,False,76.0
14525,2006,False,104.0
14532,2004,False,78.0
14534,2014,False,59.0
14549,2003,False,57.0
14558,2009,True,112.0
14559,2005,False,55.0
14562,2012,False,58.0
14566,2012,False,62.0
14567,2004,True,62.0
14570,2013,False,43.0
14572,2011,False,83.0
14577,2013,False,66.0
14579,2008,False,91.0
14581,2005,False,70.0
14584,2005,False,55.0
14589,2008,False,73.0
14595,2012,False,56.0
14601,2008,False,114.0
14610,2003,False,60.0
14618,2012,True,277.0
14621,2007,False,49.0
14625,2011,False,78.0
14627,2008,False,56.0
14633,2014,False,67.0
14636,2012,False,64.0
14639,2004,False,75.0
14640,2004,False,65.0
14646,2013,False,64.0
14649,2003,False,43.0
14650,2004,False,68.0
14651,2007,False,62.0
14655,2010,False,70.0
14657,2013,False,60.0
14658,2003,False,74.0
14660,2006,False,86.0
14663,2005,False,53.0
14665,2009,False,55.0
14667,2006,False,63.0
14673,2013,False,84.0
14674,2005,False,53.0
14675,2003,False,85.0
14691,2008,False,79.0
14692,2006,False,75.0
14699,2014,False,90.0
14708,2003,False,76.0
14716,2010,False,53.0
14717,2005,False,65.0
14721,2004,False,59.0
14725,2011,False,68.0
14737,2011,False,62.0
14740,2013,False,68.0
14741,2007,False,66.0
14745,2005,False,58.0
14748,2005,False,64.0
14763,2005,False,70.0
14786,2009,True,170.0
14789,2007,False,85.0
14790,2013,False,67.0
14791,2010,False,81.0
14799,2012,False,37.0
14800,2005,False,83.0
14801,2011,False,59.0
14804,2003,False,68.0
14807,2010,False,42.0
14811,2004,False,55.0
14813,2011,False,54.0
14815,2006,False,53.0
14823,2013,False,76.0
14826,2003,False,64.0
14834,2003,False,66.0
14836,2009,False,55.0
14837,2013,False,81.0
14842,2005,False,45.0
14850,2005,False,77.0
14852,2003,False,128.0
14866,2003,False,79.0
14878,2009,False,79.0
14883,2008,False,98.0
14884,2013,False,89.0
14885,2011,False,70.0
14886,2012,False,81.0
14888,2009,False,59.0
14891,2009,False,61.0
14894,2006,False,163.0
14900,2012,False,56.0
14905,2004,False,84.0
14912,2004,False,93.0
14913,2009,False,101.0
14915,2014,False,65.0
14918,2005,False,44.0
14941,2007,False,70.0
14946,2013,True,195.0
14951,2007,False,52.0
14953,2011,False,47.0
14956,2013,False,50.0
14962,2009,False,67.0
14963,2010,False,59.0
14983,2005,False,67.0
14994,2004,False,75.0
15000,2011,False,41.0
15004,2004,False,104.0
15008,2009,False,55.0
15014,2014,False,86.0
15015,2003,False,54.0
15019,2008,False,83.0
15020,2014,False,50.0
15021,2008,False,70.0
15029,2012,False,54.0
15030,2013,False,92.0
15037,2006,False,64.0
15042,2005,False,67.0
15043,2006,False,58.0
15044,2007,False,128.0
15046,2012,False,44.0
15051,2013,False,46.0
15067,2005,False,51.0
15069,2011,False,59.0
15070,2006,True,213.0
15081,2012,False,62.0
15085,2011,False,60.0
15086,2008,False,66.0
15092,2005,False,83.0
15104,2003,False,57.0
15112,2005,False,49.0
15116,2005,False,86.0
15117,2013,False,54.0
15125,2005,True,127.0
15127,2009,False,87.0
15133,2008,False,79.0
15137,2003,False,73.0
15140,2007,False,30.0
15144,2009,False,46.0
15152,2007,False,73.0
15153,2009,False,88.0
15161,2011,False,84.0
15166,2006,False,50.0
15176,2009,False,64.0
15178,2004,False,47.0
15179,2007,False,97.0
15181,2006,False,129.0
15184,2006,False,50.0
15186,2003,False,83.0
15187,2004,False,55.0
15198,2005,False,47.0
15201,2007,False,96.0
15209,2004,False,93.0
15218,2007,False,106.0
15223,2008,False,93.0
15245,2003,False,98.0
15246,2013,False,49.0
15248,2004,False,51.0
15252,2003,False,45.0
15259,2011,False,57.0
15262,2013,False,58.0
15266,2013,False,42.0
15270,2010,False,56.0
15272,2010,False,61.0
15275,2006,False,60.0
15280,2005,False,46.0
15282,2005,False,47.0
15283,2003,False,77.0
15287,2013,False,56.0
15289,2008,True,113.0
15290,2009,False,72.0
15299,2008,False,63.0
15300,2007,False,58.0
15309,2003,False,50.0
15313,2009,False,85.0
15318,2010,False,75.0
15321,2003,False,99.0
15322,2009,False,71.0
15325,2008,False,71.0
15326,2014,False,62.0
15335,2005,False,54.0
15354,2010,False,61.0
15356,2009,False,70.0
15360,2008,False,66.0
15361,2008,False,49.0
15363,2007,False,103.0
15366,2004,True,262.0
15367,2007,False,59.0
15383,2009,False,70.0
15385,2006,False,57.0
15390,2005,True,119.0
15396,2004,False,47.0
15403,2005,False,68.0
15404,2011,False,56.0
15406,2010,False,67.0
15410,2003,False,52.0
15411,2009,False,53.0
15412,2003,False,41.0
15413,2012,False,43.0
15425,2008,False,101.0
15427,2009,False,61.0
15429,2005,False,65.0
15431,2004,True,161.0
15438,2006,False,84.0
15443,2014,False,37.0
15444,2007,False,78.0
15449,2003,False,70.0
15451,2012,False,80.0
15452,2004,False,77.0
15459,2011,False,61.0
15466,2008,False,44.0
15467,2009,False,77.0
15468,2011,False,73.0
15473,2004,False,53.0
15474,2014,False,61.0
15475,2004,False,94.0
15477,2003,False,52.0
15481,2008,False,46.0
15484,2003,False,56.0
15485,2005,False,56.0
15490,2010,False,86.0
15493,2013,False,81.0
15496,2008,False,65.0
15500,2004,False,75.0
15502,2004,False,91.0
15508,2004,False,63.0
15509,2012,False,67.0
15514,2004,True,155.0
15520,2006,False,78.0
15521,2003,False,78.0
15528,2011,False,75.0
15529,2008,False,75.0
15532,2010,False,61.0
15535,2013,False,51.0
15536,2004,False,52.0
15537,2014,False,49.0
15542,2005,False,62.0
15543,2008,True,458.0
15546,2005,False,52.0
15550,2008,True,232.0
15551,2005,False,83.0
15562,2010,False,146.0
15585,2005,False,72.0
15601,2011,False,63.0
15606,2003,False,63.0
15613,2003,False,74.0
15623,2012,False,69.0
15626,2010,False,65.0
15632,2004,False,85.0
15643,2013,False,65.0
15653,2004,False,95.0
15657,2005,False,60.0
15661,2008,False,43.0
15662,2006,False,112.0
15667,2010,False,39.0
15673,2006,False,55.0
15677,2004,False,83.0
15681,2009,True,101.0
15685,2006,False,72.0
15687,2011,False,49.0
15691,2007,False,131.0
15692,2007,False,53.0
15693,2003,False,72.0
15694,2013,False,68.0
15698,2003,False,94.0
15702,2013,False,57.0
15705,2009,False,57.0
15711,2014,False,52.0
15712,2006,False,87.0
15715,2007,False,65.0
15716,2010,False,152.0
15722,2006,False,52.0
15727,2009,False,71.0
15741,2013,False,55.0
15753,2004,False,73.0
15769,2004,False,49.0
15775,2012,False,65.0
15776,2009,False,61.0
15781,2014,False,36.0
15782,2009,False,60.0
15785,2003,False,94.0
15809,2010,False,54.0
15810,2004,False,67.0
15816,2009,False,68.0
15830,2012,False,58.0
15831,2005,False,71.0
15834,2008,False,77.0
15839,2006,False,77.0
15841,2003,False,72.0
15846,2009,False,80.0
15847,2014,False,57.0
15853,2006,False,54.0
15857,2008,True,78.0
15869,2006,False,76.0
15871,2013,False,58.0
15877,2006,False,62.0
15883,2006,False,59.0
15893,2007,False,84.0
15897,2009,True,190.0
15902,2004,False,52.0
15904,2006,False,99.0
15906,2005,False,79.0
15911,2014,False,42.0
15913,2010,False,114.0
15915,2006,False,55.0
15916,2009,False,70.0
15921,2009,False,75.0
15931,2010,False,38.0
15935,2009,False,59.0
15939,2007,False,36.0
15941,2010,False,111.0
15952,2006,False,66.0
15953,2013,False,60.0
15962,2010,False,58.0
15963,2006,False,115.0
15965,2008,False,56.0
15974,2006,False,73.0
15976,2011,False,55.0
15978,2008,False,70.0
15985,2003,False,35.0
15989,2004,False,33.0
15991,2004,False,46.0
15993,2003,False,98.0
16003,2014,False,47.0
16008,2003,False,61.0
16015,2005,False,55.0
16022,2009,True,677.0
16024,2004,False,41.0
16030,2013,False,47.0
16031,2008,False,41.0
16036,2011,False,67.0
16038,2014,False,46.0
16040,2006,False,78.0
16042,2010,False,46.0
16043,2004,False,61.0
16048,2004,False,80.0
16049,2007,False,33.0
16067,2004,False,113.0
16068,2008,False,73.0
16070,2009,False,48.0
16072,2003,False,54.0
16076,2009,False,51.0
16078,2008,False,57.0
16080,2012,False,69.0
16083,2006,False,110.0
16088,2008,False,62.0
16089,2004,False,94.0
16095,2009,False,57.0
16106,2006,False,73.0
16108,2009,False,55.0
16111,2014,False,78.0
16112,2008,False,40.0
16125,2003,False,73.0
16133,2008,False,56.0
16134,2003,False,93.0
16135,2008,False,59.0
16139,2004,False,85.0
16141,2014,False,80.0
16142,2006,False,72.0
16143,2007,False,60.0
16145,2008,False,63.0
16146,2004,False,73.0
16148,2007,False,49.0
16149,2003,False,65.0
16154,2005,False,81.0
16158,2007,True,101.0
16159,2008,False,53.0
16160,2003,False,52.0
16161,2004,False,85.0
16175,2007,False,53.0
16186,2004,False,64.0
16188,2012,False,86.0
16189,2012,False,44.0
16190,2011,False,61.0
16195,2012,False,63.0
16196,2008,False,62.0
16200,2004,False,89.0
16203,2004,False,106.0
16206,2006,False,53.0
16207,2010,False,44.0
16210,2010,False,55.0
16214,2004,False,54.0
16217,2004,False,50.0
16222,2011,False,76.0
16223,2008,False,53.0
16239,2006,False,68.0
16244,2014,False,62.0
16245,2013,False,44.0
16246,2009,False,44.0
16250,2009,False,75.0
16252,2006,False,53.0
16260,2007,False,113.0
16277,2003,False,99.0
16280,2003,True,241.0
16285,2005,False,85.0
16299,2006,False,61.0
16305,2009,False,50.0
16316,2006,False,42.0
16324,2005,False,66.0
16326,2012,False,60.0
16334,2007,False,58.0
16335,2009,False,76.0
16336,2013,False,51.0
16339,2009,False,67.0
16342,2004,False,75.0
16346,2004,False,64.0
16349,2005,False,46.0
16353,2012,False,41.0
16354,2004,False,71.0
16356,2008,False,61.0
16363,2007,False,86.0
16367,2006,True,113.0
16378,2010,False,40.0
16380,2009,False,79.0
16387,2004,False,59.0
16389,2011,False,89.0
16391,2007,False,71.0
16399,2003,True,121.0
16404,2011,False,81.0
16408,2007,False,67.0
16420,2005,False,78.0
16423,2006,False,54.0
16432,2006,False,93.0
16439,2010,False,67.0
16440,2013,True,1019.0
16443,2011,False,91.0
16444,2010,False,71.0
16450,2007,False,69.0
16452,2010,False,106.0
16468,2014,False,85.0
16470,2008,False,47.0
16482,2005,False,87.0
16492,2010,False,72.0
16493,2009,True,334.0
16498,2005,False,87.0
16500,2009,False,68.0
16508,2013,False,80.0
16510,2005,False,110.0
16511,2011,False,54.0
16518,2014,False,64.0
16523,2011,False,67.0
16526,2004,False,83.0
16529,2003,False,123.0
16542,2012,False,60.0
16544,2007,False,66.0
16546,2005,False,75.0
16548,2012,False,76.0
16557,2003,False,68.0
16558,2011,False,63.0
16559,2009,False,48.0
16560,2006,False,136.0
16565,2007,False,75.0
16573,2003,False,56.0
16579,2007,False,79.0
16580,2008,False,54.0
16594,2003,False,80.0
16607,2003,False,53.0
16616,2008,False,109.0
16618,2005,False,81.0
16620,2006,False,63.0
16631,2007,False,52.0
16639,2003,False,93.0
16646,2009,False,59.0
16654,2005,False,83.0
16657,2006,True,95.0
16662,2004,False,69.0
16673,2005,False,131.0
16678,2005,False,93.0
16679,2008,False,61.0
16684,2009,False,83.0
16686,2013,False,63.0
16689,2013,False,43.0
16690,2005,False,78.0
16702,2005,False,50.0
16707,2013,False,63.0
16710,2003,False,82.0
16713,2007,False,84.0
16715,2010,False,54.0
16726,2014,False,68.0
16729,2010,False,85.0
16734,2004,False,48.0
16737,2008,False,41.0
16743,2007,False,58.0
16752,2012,False,53.0
16755,2009,False,75.0
16760,2004,False,54.0
16764,2011,False,54.0
16774,2003,False,73.0
16776,2007,False,82.0
16784,2004,False,59.0
16785,2007,False,78.0
16793,2009,False,44.0
16794,2009,False,55.0
16798,2003,False,85.0
16800,2003,False,49.0
16802,2007,False,69.0
16803,2010,False,90.0
16805,2008,False,55.0
16816,2006,False,72.0
16817,2006,False,68.0
16821,2005,False,56.0
16822,2007,False,59.0
16831,2003,False,71.0
16840,2013,False,62.0
16846,2013,False,57.0
16847,2007,False,60.0
16850,2012,False,58.0
16858,2013,False,56.0
16863,2004,False,96.0
16864,2008,False,66.0
16865,2003,False,59.0
16866,2011,False,80.0
16872,2004,False,59.0
16885,2008,False,73.0
16892,2007,False,52.0
16893,2005,False,111.0
16905,2013,False,52.0
16906,2014,False,49.0
16915,2006,False,85.0
16916,2010,False,76.0
16920,2006,False,135.0
16928,2014,False,51.0
16931,2007,False,54.0
16944,2008,False,88.0
16952,2011,True,374.0
16961,2013,False,56.0
16962,2012,False,65.0
16971,2005,True,118.0
16980,2006,False,66.0
16984,2006,False,75.0
16990,2009,False,52.0
16992,2005,False,68.0
16995,2007,False,52.0
17003,2010,False,43.0
17008,2005,False,123.0
17009,2005,False,89.0
17011,2012,False,42.0
17013,2008,False,90.0
17016,2006,False,72.0
17019,2010,False,62.0
17021,2003,False,80.0
17041,2008,False,82.0
17044,2011,False,85.0
17053,2003,False,76.0
17056,2009,False,60.0
17066,2004,False,117.0
17070,2004,False,68.0
17083,2005,False,40.0
17092,2013,False,70.0
17119,2005,False,60.0
17126,2003,False,151.0
17130,2013,False,80.0
17144,2012,False,48.0
17149,2003,False,70.0
17150,2005,False,44.0
17158,2011,True,129.0
17162,2003,False,87.0
17185,2005,False,60.0
17186,2006,False,71.0
17192,2005,False,63.0
17193,2004,True,113.0
17195,2006,False,51.0
17197,2012,False,70.0
17198,2006,False,73.0
17200,2010,False,51.0
17201,2003,False,68.0
17205,2005,False,48.0
17207,2005,False,44.0
17210,2010,False,44.0
17216,2012,False,42.0
17217,2010,False,125.0
17221,2004,False,59.0
17223,2009,False,67.0
17236,2004,False,43.0
17237,2003,False,157.0
17243,2003,False,49.0
17255,2014,False,55.0
17258,2010,False,93.0
17263,2013,False,60.0
17265,2014,False,60.0
17268,2011,False,55.0
17269,2005,False,71.0
17277,2008,False,102.0
17278,2008,False,65.0
17280,2004,False,85.0
17284,2004,False,43.0
17294,2009,False,85.0
17296,2005,False,61.0
17301,2010,False,70.0
17309,2013,False,86.0
17316,2013,False,51.0
17318,2010,True,204.0
17319,2005,False,67.0
17325,2013,False,43.0
17326,2010,False,51.0
17328,2004,False,89.0
17333,2007,False,67.0
17334,2009,False,61.0
17356,2005,False,51.0
17357,2004,False,56.0
17364,2008,False,83.0
17365,2014,True,105.0
17366,2011,False,45.0
17370,2008,False,48.0
17371,2006,False,66.0
17382,2004,False,82.0
17383,2004,False,54.0
17388,2012,False,51.0
17413,2003,True,92.0
17414,2011,False,48.0
17421,2007,False,58.0
17424,2013,False,54.0
17427,2004,False,99.0
17432,2012,False,69.0
17438,2005,False,75.0
17441,2012,False,50.0
17444,2003,False,63.0
17448,2006,False,57.0
17451,2009,False,58.0
17452,2012,False,55.0
17454,2014,False,53.0
17463,2011,False,54.0
17465,2003,False,47.0
17468,2003,False,83.0
17469,2013,False,57.0
17472,2014,False,44.0
17477,2012,False,85.0
17484,2014,False,43.0
17490,2012,False,95.0
17491,2007,False,55.0
17492,2010,False,113.0
17499,2012,False,71.0
17500,2007,True,360.0
17501,2006,False,48.0
17511,2004,False,72.0
17515,2013,False,48.0
17520,2007,False,53.0
17522,2011,False,89.0
17526,2006,False,68.0
17531,2003,False,74.0
17536,2006,False,65.0
17543,2010,False,126.0
17546,2010,False,121.0
17548,2013,False,55.0
17550,2007,True,137.0
17552,2004,False,76.0
17556,2013,False,72.0
17564,2008,False,110.0
17567,2005,True,128.0
17573,2014,False,74.0
17577,2009,False,84.0
17580,2008,True,210.0
17590,2006,False,56.0
17594,2012,False,64.0
17608,2010,False,62.0
17609,2005,True,108.0
17611,2008,False,57.0
17618,2003,False,62.0
17632,2005,False,96.0
17637,2008,False,79.0
17641,2009,False,59.0
17647,2010,False,75.0
17648,2010,False,75.0
17666,2003,False,69.0
17671,2008,False,58.0
17676,2011,False,69.0
17683,2004,False,95.0
17693,2008,False,71.0
17711,2007,False,42.0
17715,2011,False,70.0
17721,2004,False,78.0
17730,2011,False,70.0
17734,2003,False,59.0
17735,2003,False,89.0
17740,2008,False,139.0
17748,2012,False,76.0
17753,2004,False,88.0
17758,2010,False,75.0
17759,2009,False,63.0
17760,2010,False,39.0
17764,2009,False,62.0
17771,2003,False,66.0
17773,2008,True,174.0
17775,2012,False,63.0
17783,2006,True,67.0
17792,2010,True,184.0
17794,2007,False,41.0
17796,2003,False,52.0
17797,2013,False,34.0
17800,2007,False,56.0
17803,2007,True,189.0
17807,2010,False,72.0
17819,2010,False,65.0
17822,2011,False,62.0
17830,2007,False,51.0
17833,2005,False,76.0
17835,2010,False,92.0
17843,2014,False,54.0
17848,2010,False,74.0
17858,2006,False,99.0
17861,2003,False,47.0
17866,2004,False,70.0
17870,2005,False,108.0
17871,2007,False,51.0
17873,2011,False,57.0
17879,2009,False,87.0
17884,2010,False,47.0
17893,2003,False,89.0
17896,2010,False,63.0
17914,2003,False,46.0
17916,2003,False,63.0
17919,2006,False,84.0
17927,2004,False,88.0
17929,2010,False,45.0
17933,2009,False,57.0
17937,2011,True,141.0
17943,2005,False,57.0
17948,2004,False,53.0
17953,2006,False,59.0
17966,2006,False,76.0
17967,2012,False,59.0
17973,2010,False,91.0
17975,2012,False,48.0
17984,2011,False,81.0
17990,2010,False,56.0
17993,2006,False,69.0
18002,2013,True,124.0
18003,2006,False,62.0
18008,2011,False,67.0
18011,2006,False,49.0
18012,2006,False,38.0
18014,2007,False,67.0
18017,2005,False,36.0
18018,2010,False,63.0
18021,2012,True,164.0
18028,2005,False,96.0
18036,2011,False,75.0
18037,2003,False,91.0
18045,2011,False,70.0
18048,2004,False,58.0
18067,2003,False,56.0
18077,2013,False,130.0
18078,2003,False,84.0
18083,2004,False,66.0
18089,2014,False,55.0
18090,2004,False,97.0
18091,2009,False,99.0
18094,2003,False,69.0
18098,2005,False,77.0
18099,2013,False,56.0
18102,2006,False,46.0
18105,2008,False,53.0
18110,2007,False,72.0
18122,2011,False,60.0
18124,2010,False,90.0
18127,2009,False,79.0
18131,2009,False,49.0
18136,2013,False,46.0
18138,2003,False,96.0
18140,2011,False,70.0
18141,2006,False,60.0
18145,2009,False,58.0
18152,2013,False,73.0
18153,2013,False,69.0
18157,2004,False,52.0
18158,2014,False,67.0
18163,2004,False,78.0
18168,2014,False,55.0
18177,2005,False,68.0
18178,2008,False,49.0
18188,2005,False,70.0
18193,2013,False,57.0
18195,2012,False,53.0
18197,2007,False,65.0
18198,2008,False,40.0
18200,2013,False,44.0
18204,2006,False,140.0
18209,2007,False,62.0
18215,2006,False,57.0
18217,2014,False,92.0
18223,2012,False,78.0
18225,2010,False,71.0
18231,2007,False,74.0
18232,2008,False,61.0
18235,2004,False,48.0
18236,2009,False,90.0
18239,2007,False,95.0
18246,2006,True,71.0
18258,2010,False,62.0
18271,2012,False,51.0
18274,2009,False,48.0
18275,2011,False,47.0
18280,2006,False,143.0
18282,2009,False,58.0
18295,2008,False,83.0
18296,2003,False,76.0
18301,2003,False,98.0
18307,2006,False,63.0
18309,2009,False,44.0
18319,2009,False,68.0
18328,2012,False,45.0
18331,2006,False,86.0
18339,2013,False,67.0
18340,2007,False,59.0
18344,2014,False,52.0
18348,2008,False,55.0
18352,2006,False,62.0
18356,2004,False,69.0
18376,2012,False,60.0
18381,2006,False,63.0
18388,2013,False,62.0
18391,2006,False,61.0
18394,2008,False,58.0
18396,2003,True,109.0
18398,2006,True,149.0
18408,2010,False,81.0
18414,2007,False,66.0
18416,2005,False,83.0
18417,2003,False,88.0
18420,2004,False,76.0
18423,2012,False,64.0
18428,2006,False,119.0
18430,2009,False,59.0
18432,2009,False,66.0
18440,2014,False,60.0
18442,2005,False,50.0
18443,2009,False,51.0
18444,2005,False,41.0
18450,2011,False,46.0
18451,2008,True,147.0
18453,2012,False,49.0
18454,2006,False,72.0
18465,2011,False,73.0
18466,2008,False,62.0
18478,2009,False,49.0
18482,2009,False,50.0
18491,2004,False,83.0
18504,2008,False,68.0
18508,2006,False,72.0
18525,2009,False,64.0
18528,2013,False,58.0
18536,2004,False,70.0
18537,2003,False,82.0
18539,2007,False,64.0
18545,2003,False,53.0
18546,2013,False,79.0
18555,2012,False,68.0
18565,2005,True,267.0
18569,2013,False,75.0
18576,2010,False,68.0
18580,2009,True,205.0
18587,2009,False,48.0
18591,2014,False,69.0
18597,2010,False,49.0
18605,2014,False,61.0
18611,2009,False,52.0
18621,2006,False,88.0
18622,2008,False,50.0
18630,2007,False,64.0
18632,2006,False,87.0
18635,2005,False,71.0
18636,2008,False,76.0
18637,2011,False,62.0
18641,2014,False,63.0
18651,2003,False,65.0
18656,2005,False,49.0
18659,2003,False,58.0
18662,2004,False,68.0
18664,2004,False,79.0
18668,2014,False,68.0
18670,2006,False,74.0
18674,2004,False,111.0
18682,2003,True,134.0
18686,2004,False,106.0
18687,2003,False,114.0
18690,2011,False,56.0
18693,2006,False,52.0
18698,2006,False,56.0
18701,2005,False,57.0
18702,2010,False,66.0
18716,2006,False,56.0
18717,2007,False,68.0
18718,2007,False,44.0
18723,2011,False,53.0
18726,2006,False,50.0
18728,2009,False,55.0
18747,2014,False,53.0
18750,2008,False,95.0
18753,2011,False,50.0
18768,2009,False,74.0
18771,2004,False,81.0
18775,2003,False,48.0
18776,2004,False,56.0
18781,2004,False,47.0
18785,2013,False,71.0
18786,2004,False,66.0
18794,2006,False,70.0
18819,2012,False,54.0
18825,2004,False,56.0
18834,2010,False,44.0
18835,2012,False,103.0
18838,2013,False,63.0
18845,2011,False,92.0
18850,2010,False,86.0
18857,2005,False,67.0
18860,2009,False,76.0
18866,2004,False,111.0
18873,2007,False,58.0
18878,2014,False,58.0
18881,2003,False,69.0
18885,2007,False,89.0
18889,2012,False,50.0
18891,2009,True,227.0
18894,2006,False,63.0
18898,2007,False,142.0
18905,2006,False,51.0
18907,2009,False,73.0
18910,2004,True,66.0
18916,2004,False,70.0
18917,2004,False,66.0
18926,2009,False,76.0
18942,2009,False,74.0
18943,2005,False,91.0
18967,2004,False,58.0
18976,2006,False,78.0
18983,2011,False,81.0
18989,2013,False,60.0
18991,2008,False,50.0
18993,2005,False,69.0
18994,2010,False,64.0
18999,2003,False,57.0
19001,2007,False,85.0
19005,2006,False,78.0
19007,2010,False,66.0
19009,2003,False,44.0
19020,2006,False,90.0
19021,2007,True,189.0
19024,2012,False,82.0
19027,2008,False,85.0
19036,2013,False,57.0
19049,2009,False,42.0
19050,2003,False,88.0
19052,2008,False,50.0
19058,2011,False,74.0
19066,2004,False,45.0
19068,2008,False,55.0
19085,2005,False,128.0
19086,2010,False,49.0
19089,2010,False,78.0
19097,2011,False,54.0
19106,2005,False,50.0
19109,2004,False,39.0
19115,2012,False,60.0
19118,2008,False,59.0
19122,2012,False,58.0
19127,2008,False,63.0
19131,2011,False,79.0
19134,2005,False,91.0
19140,2003,False,67.0
19145,2008,False,64.0
19161,2007,False,75.0
19162,2004,True,101.0
19163,2006,False,65.0
19167,2005,False,58.0
19169,2008,False,62.0
19173,2014,False,52.0
19174,2014,False,53.0
19178,2013,False,59.0
19179,2003,False,66.0
19184,2007,False,49.0
19185,2003,False,61.0
19190,2007,False,54.0
19196,2011,False,57.0
19198,2005,False,68.0
19199,2013,False,58.0
19201,2012,True,296.0
19208,2003,False,76.0
19215,2011,False,60.0
19217,2013,False,74.0
19219,2003,False,59.0
19220,2007,False,79.0
19221,2012,False,70.0
19225,2003,False,104.0
19231,2005,True,160.0
19235,2008,False,78.0
19246,2005,False,56.0
19249,2003,False,156.0
19251,2009,False,52.0
19257,2009,False,66.0
19267,2013,False,55.0
19273,2008,False,61.0
19274,2006,False,109.0
19275,2006,False,50.0
19281,2006,False,52.0
19284,2006,False,84.0
19288,2006,False,41.0
19289,2014,False,49.0
19290,2004,False,57.0
19291,2007,False,69.0
19293,2005,False,70.0
19295,2008,False,51.0
19299,2005,False,36.0
19302,2012,False,59.0
19304,2009,False,57.0
19306,2013,False,45.0
19307,2010,False,68.0
19310,2004,False,44.0
19314,2007,False,50.0
19315,2003,False,65.0
19318,2004,False,73.0
19324,2004,False,53.0
19329,2010,False,45.0
19338,2003,False,93.0
19347,2006,False,44.0
19350,2013,False,62.0
19351,2010,False,83.0
19352,2006,False,62.0
19359,2009,False,43.0
19372,2003,False,64.0
19376,2014,False,76.0
19378,2012,True,245.0
19382,2007,False,46.0
19383,2003,False,66.0
19384,2004,False,98.0
19391,2009,False,46.0
19394,2012,False,91.0
19397,2011,False,47.0
19399,2014,False,44.0
19405,2008,False,68.0
19409,2003,False,43.0
19415,2008,False,84.0
19418,2004,False,66.0
19421,2010,False,53.0
19422,2006,True,106.0
19428,2007,False,45.0
19435,2006,False,70.0
19437,2005,False,40.0
19441,2009,False,62.0
19455,2009,False,82.0
19464,2008,False,86.0
19465,2005,False,43.0
19468,2013,False,51.0
19470,2012,False,55.0
19473,2011,False,68.0
19492,2009,False,45.0
19495,2007,False,81.0
19499,2013,False,69.0
19501,2013,False,54.0
19502,2012,False,44.0
19513,2010,False,56.0
19529,2013,False,87.0
19534,2004,True,119.0
19536,2009,False,73.0
19538,2013,False,58.0
19539,2005,False,58.0
19544,2013,False,62.0
19547,2008,False,45.0
19549,2007,False,51.0
19552,2013,False,78.0
19556,2005,False,73.0
19560,2006,False,56.0
19572,2005,False,81.0
19577,2011,False,73.0
19578,2009,False,71.0
19583,2005,False,77.0
19588,2006,False,78.0
19596,2013,False,52.0
19601,2010,False,49.0
19602,2003,False,47.0
19603,2007,False,67.0
19606,2009,False,61.0
19612,2011,True,116.0
19613,2009,False,59.0
19615,2007,False,54.0
19627,2005,True,118.0
19648,2008,False,97.0
19662,2003,True,204.0
19664,2003,False,64.0
19665,2012,False,49.0
19666,2009,False,66.0
19668,2010,False,72.0
19675,2005,False,49.0
19679,2007,False,65.0
19681,2010,False,56.0
19684,2006,False,73.0
19686,2013,False,114.0
19689,2007,False,78.0
19690,2006,False,71.0
19706,2010,True,125.0
19708,2014,False,42.0
19710,2011,False,71.0
19718,2008,False,62.0
19719,2007,False,51.0
19720,2004,False,109.0
19730,2012,False,39.0
19731,2004,False,50.0
19732,2008,False,36.0
19738,2009,False,63.0
19743,2009,False,51.0
19748,2006,False,75.0
19750,2005,False,42.0
19756,2010,False,96.0
19759,2011,False,76.0
19770,2006,False,69.0
19781,2004,False,49.0
19784,2008,False,49.0
19785,2007,False,52.0
19787,2007,False,52.0
19798,2003,False,59.0
19801,2008,False,41.0
19811,2003,False,55.0
19812,2006,False,92.0
19818,2011,False,68.0
19826,2003,False,54.0
19833,2009,False,62.0
19837,2003,False,75.0
19840,2009,False,46.0
19841,2013,False,86.0
19850,2012,False,47.0
19854,2013,False,79.0
19855,2009,False,106.0
19860,2004,False,64.0
19868,2012,False,67.0
19870,2009,False,56.0
19875,2009,True,114.0
19876,2005,False,70.0
19877,2013,False,60.0
19880,2005,False,41.0
19883,2005,True,163.0
19885,2014,False,45.0
19886,2011,False,60.0
19905,2005,False,54.0
19908,2009,False,75.0
19912,2003,False,71.0
19917,2003,False,56.0
19920,2003,False,78.0
19923,2013,False,67.0
19929,2009,False,44.0
19930,2004,False,68.0
19931,2011,False,67.0
19932,2010,False,86.0
19938,2010,False,46.0
19940,2010,False,94.0
19960,2006,False,80.0
19963,2006,False,66.0
19965,2007,False,70.0
19967,2006,False,49.0
19969,2004,False,76.0
19975,2007,False,68.0
19987,2013,False,124.0
19989,2011,False,89.0
19993,2004,False,68.0
19996,2011,False,57.0
20004,2006,False,62.0
20005,2012,False,65.0
20011,2005,False,58.0
20017,2005,False,63.0
20025,2011,False,87.0
20030,2007,False,77.0
20034,2008,False,79.0
20037,2006,False,71.0
20045,2004,False,94.0
20047,2003,False,50.0
20048,2007,False,82.0
20049,2005,False,116.0
20054,2003,False,80.0
20055,2013,False,107.0
20063,2003,False,91.0
20065,2014,False,39.0
20070,2008,False,61.0
20073,2013,False,49.0
20075,2009,False,59.0
20077,2010,False,73.0
20088,2004,False,88.0
20091,2007,False,99.0
20094,2005,False,72.0
20106,2008,False,102.0
20109,2011,False,62.0
20110,2006,False,72.0
20114,2007,False,102.0
20117,2011,False,53.0
20123,2008,False,101.0
20141,2006,False,51.0
20143,2011,False,57.0
20148,2011,False,46.0
20149,2007,True,152.0
20150,2008,True,182.0
20151,2003,False,73.0
20157,2008,False,75.0
20163,2006,False,69.0
20167,2003,False,58.0
20168,2011,False,199.0
20170,2012,False,99.0
20182,2011,True,94.0
20184,2013,False,42.0
20190,2007,False,56.0
20195,2008,False,39.0
20207,2006,False,70.0
20208,2008,False,74.0
20210,2009,False,77.0
20218,2008,False,65.0
20219,2011,False,39.0
20220,2007,True,114.0
20224,2009,False,109.0
20228,2007,False,42.0
20232,2006,False,84.0
20235,2010,False,74.0
20238,2003,False,46.0
20239,2004,False,64.0
20243,2014,False,76.0
20244,2008,False,51.0
20253,2010,False,109.0
20264,2013,False,120.0
20265,2004,False,90.0
20269,2013,False,68.0
20273,2012,True,158.0
20274,2010,False,50.0
20291,2003,False,58.0
20292,2005,False,80.0
20295,2009,False,99.0
20298,2010,False,90.0
20300,2008,False,58.0
20307,2009,False,48.0
20309,2011,False,50.0
20310,2008,False,62.0
20327,2011,False,83.0
20335,2006,False,70.0
20336,2005,False,62.0
20342,2008,False,71.0
20343,2014,False,57.0
20348,2011,False,48.0
20352,2010,False,59.0
20357,2003,False,54.0
20359,2007,False,140.0
20360,2006,False,57.0
20366,2010,False,98.0
20368,2014,False,30.0
20374,2003,False,43.0
20376,2005,False,53.0
20384,2004,False,68.0
20393,2010,False,43.0
20394,2007,False,56.0
20395,2005,True,147.0
20400,2009,False,55.0
20402,2008,False,103.0
20405,2012,False,71.0
20409,2013,False,56.0
20412,2003,False,60.0
20423,2003,False,59.0
20425,2012,False,53.0
20427,2004,False,71.0
20428,2005,False,67.0
20431,2010,False,45.0
20453,2004,False,46.0
20473,2004,True,132.0
20475,2010,False,40.0
20478,2004,False,54.0
20483,2013,False,50.0
20486,2004,False,67.0
20488,2004,False,64.0
20489,2003,False,70.0
20504,2009,False,71.0
20507,2008,False,82.0
20509,2013,False,115.0
20510,2006,False,72.0
20520,2003,False,59.0
20530,2007,False,73.0
20536,2010,False,79.0
20538,2008,False,54.0
20542,2010,False,65.0
20548,2012,False,69.0
20553,2009,False,122.0
20563,2007,False,62.0
20564,2011,False,52.0
20566,2007,False,48.0
20570,2006,False,73.0
20572,2007,False,84.0
20574,2004,False,53.0
20576,2010,False,89.0
20579,2011,False,88.0
20588,2010,False,53.0
20598,2007,False,46.0
20599,2009,False,56.0
20603,2003,False,69.0
20604,2008,False,90.0
20605,2006,False,52.0
20608,2011,False,120.0
20609,2011,False,78.0
20629,2014,False,64.0
20631,2014,False,52.0
20633,2004,False,62.0
20637,2009,False,58.0
20640,2008,False,53.0
20647,2010,False,63.0
20657,2011,False,64.0
20663,2011,True,110.0
20667,2003,False,89.0
20671,2004,False,62.0
20673,2008,False,86.0
20675,2013,False,63.0
20686,2013,False,86.0
20688,2004,False,67.0
20698,2013,False,60.0
20699,2003,False,95.0
20702,2011,False,56.0
20707,2011,False,65.0
20708,2014,False,64.0
20712,2006,False,45.0
20713,2003,False,88.0
20731,2003,False,77.0
20736,2003,False,74.0
20743,2009,False,102.0
20744,2008,False,85.0
20763,2004,False,84.0
20780,2012,False,48.0
20784,2006,False,82.0
20787,2004,False,64.0
20789,2013,False,52.0
20790,2010,False,82.0
20793,2009,False,55.0
20803,2009,False,58.0
20814,2007,False,57.0
20818,2005,False,87.0
20819,2008,False,39.0
20821,2009,False,69.0
20822,2006,False,62.0
20823,2014,False,39.0
20836,2003,False,81.0
20845,2014,False,86.0
20846,2003,False,82.0
20849,2007,False,100.0
20858,2008,False,62.0
20863,2005,False,71.0
20871,2009,False,46.0
20873,2003,False,123.0
20880,2003,False,41.0
20884,2003,False,92.0
20887,2005,False,81.0
20889,2004,False,71.0
20890,2009,False,69.0
20891,2010,False,58.0
20906,2011,False,63.0
20908,2003,False,49.0
20915,2013,False,55.0
20916,2006,False,49.0
20917,2013,False,62.0
20919,2005,False,46.0
20921,2006,False,72.0
20924,2005,False,75.0
20927,2013,False,41.0
20937,2008,False,70.0
20946,2005,False,116.0
20956,2008,False,66.0
20957,2009,False,65.0
20962,2004,False,67.0
20964,2006,False,127.0
20969,2013,False,67.0
20972,2011,False,70.0
20975,2013,False,66.0
20976,2004,False,49.0
20977,2004,False,87.0
20978,2003,False,78.0
20980,2014,False,133.0
20983,2012,False,51.0
20987,2007,False,75.0
20993,2014,False,36.0
20994,2003,False,54.0
20995,2014,False,65.0
21001,2008,False,51.0
21002,2003,False,66.0
21011,2012,False,94.0
21013,2006,False,74.0
21014,2014,False,46.0
21020,2008,True,67.0
21023,2006,False,44.0
21038,2009,False,88.0
21042,2003,True,141.0
21047,2003,False,71.0
21050,2010,False,49.0
21052,2010,False,41.0
21054,2009,False,80.0
21059,2009,False,84.0
21060,2003,False,51.0
21063,2008,False,58.0
21064,2004,False,64.0
21065,2005,False,69.0
21069,2013,False,54.0
21077,2003,False,73.0
21088,2006,False,68.0
21092,2006,False,40.0
21097,2011,False,165.0
21101,2008,False,60.0
21102,2010,False,80.0
21105,2012,False,53.0
21107,2009,False,55.0
21110,2013,False,72.0
21112,2009,False,62.0
21118,2005,False,70.0
21119,2003,False,48.0
21120,2006,False,92.0
21122,2013,False,61.0
21124,2013,True,189.0
21133,2009,False,77.0
21135,2011,False,60.0
21149,2014,False,78.0
21156,2007,False,74.0
21163,2008,False,41.0
21173,2007,False,60.0
21175,2012,False,67.0
21181,2011,False,56.0
21202,2007,False,77.0
21204,2005,False,77.0
21210,2010,False,76.0
21218,2003,False,88.0
21222,2008,False,44.0
21236,2004,False,48.0
21245,2013,False,54.0
21257,2006,False,70.0
21263,2004,False,59.0
21266,2003,False,92.0
21271,2009,True,125.0
21274,2006,False,39.0
21276,2014,False,95.0
21280,2004,False,53.0
21283,2012,False,67.0
21285,2011,False,103.0
21291,2005,False,110.0
21295,2003,False,53.0
21298,2004,False,40.0
21313,2008,False,74.0
21317,2011,False,84.0
21318,2003,False,74.0
21323,2004,False,62.0
21325,2006,False,60.0
21332,2003,False,78.0
21333,2006,False,62.0
21345,2010,False,46.0
21363,2013,False,48.0
21365,2010,False,76.0
21367,2006,False,59.0
21368,2012,False,85.0
21376,2003,False,62.0
21377,2009,False,55.0
21379,2010,True,166.0
21380,2007,False,53.0
21383,2006,False,60.0
21388,2008,False,76.0
21389,2005,False,81.0
21395,2013,False,48.0
21409,2004,False,52.0
21410,2008,False,74.0
21412,2014,False,53.0
21416,2012,False,43.0
21432,2004,False,80.0
21433,2012,False,64.0
21434,2005,False,62.0
21438,2011,False,81.0
21442,2006,False,67.0
21444,2004,False,67.0
21447,2004,False,57.0
21457,2011,False,51.0
21458,2011,False,58.0
21459,2004,False,61.0
21460,2003,False,91.0
21464,2009,False,55.0
21465,2003,True,161.0
21470,2004,False,59.0
21472,2009,False,53.0
21480,2012,False,66.0
21485,2009,False,69.0
21488,2006,False,47.0
21491,2005,False,97.0
21493,2003,False,92.0
21503,2006,False,54.0
21505,2004,False,51.0
21510,2007,True,173.0
21513,2004,False,62.0
21515,2006,False,90.0
21525,2008,False,70.0
21536,2010,False,67.0
21540,2010,False,68.0
21542,2004,False,62.0
21545,2006,False,52.0
21546,2007,False,70.0
21550,2007,False,61.0
21551,2004,False,66.0
21553,2007,False,40.0
21556,2008,False,71.0
21558,2010,False,65.0
21559,2007,False,70.0
21562,2003,False,61.0
21566,2006,False,60.0
21568,2009,False,55.0
21575,2005,False,58.0
21577,2009,False,78.0
21578,2008,False,65.0
21579,2011,False,58.0
21580,2008,False,62.0
21582,2011,False,58.0
21584,2004,False,48.0
21587,2012,False,67.0
21588,2004,False,64.0
21593,2004,False,109.0
21595,2003,False,76.0
21597,2010,False,87.0
21601,2013,False,93.0
21613,2007,False,55.0
21633,2006,False,69.0
21636,2003,False,62.0
21638,2011,False,53.0
21662,2011,False,62.0
21663,2011,False,68.0
21669,2012,False,83.0
21670,2009,False,51.0
21677,2012,False,128.0
21680,2003,False,78.0
21683,2006,False,55.0
21684,2005,False,64.0
21697,2003,False,102.0
21705,2003,False,63.0
21707,2012,False,57.0
21709,2007,False,64.0
21712,2007,False,42.0
21717,2009,False,58.0
21720,2012,False,66.0
21722,2003,False,67.0
21728,2005,False,40.0
21731,2004,False,49.0
21736,2003,False,93.0
21739,2011,False,67.0
21744,2012,False,137.0
21746,2010,False,104.0
21772,2003,False,61.0
21775,2003,False,66.0
21782,2007,False,54.0
21784,2004,False,64.0
21799,2003,False,48.0
21806,2004,False,120.0
21808,2006,False,50.0
21809,2010,False,62.0
21815,2003,False,56.0
21817,2004,False,54.0
21819,2011,False,59.0
21824,2004,False,85.0
21826,2013,False,75.0
21827,2003,False,76.0
21830,2006,False,94.0
21832,2012,False,54.0
21833,2003,False,73.0
21836,2004,False,80.0
21840,2004,False,65.0
21849,2004,False,55.0
21854,2005,False,82.0
21858,2007,False,84.0
21864,2010,False,60.0
21865,2004,False,62.0
21877,2005,False,58.0
21885,2011,False,47.0
21886,2007,False,48.0
21898,2009,False,84.0
21903,2004,False,74.0
21905,2009,False,66.0
21906,2010,False,49.0
21918,2005,False,59.0
21921,2008,False,60.0
21922,2006,False,89.0
21923,2013,False,52.0
21926,2005,False,55.0
21929,2012,False,61.0
21949,2014,False,70.0
21950,2005,False,54.0
21954,2010,False,47.0
21959,2010,False,51.0
21962,2014,False,42.0
21966,2005,False,87.0
21976,2014,False,81.0
21988,2007,False,58.0
21992,2007,False,43.0
21994,2013,False,64.0
22003,2008,False,54.0
22020,2009,False,73.0
22022,2013,False,81.0
22028,2012,False,85.0
22029,2014,False,62.0
22034,2011,False,69.0
22043,2004,False,80.0
22044,2003,False,69.0
22046,2014,False,49.0
22056,2014,False,48.0
22057,2005,False,57.0
22058,2008,False,70.0
22066,2009,False,57.0
22077,2009,False,70.0
22080,2005,False,58.0
22093,2010,False,77.0
22108,2009,False,60.0
22111,2007,False,60.0
22128,2006,False,95.0
22142,2007,False,83.0
22143,2004,False,101.0
22144,2005,False,65.0
22146,2004,False,121.0
22147,2005,False,62.0
22150,2005,True,155.0
22152,2007,False,67.0
22168,2014,False,59.0
22180,2003,False,71.0
22193,2008,False,48.0
22197,2012,False,68.0
22202,2012,False,57.0
22223,2012,False,61.0
22237,2003,False,65.0
22239,2008,False,56.0
22247,2003,True,181.0
22252,2008,False,44.0
22255,2003,False,98.0
22257,2008,False,68.0
22259,2004,False,80.0
22262,2012,False,61.0
22276,2006,False,57.0
22278,2006,False,53.0
22282,2012,False,62.0
22286,2005,False,65.0
22304,2010,True,228.0
22310,2006,False,61.0
22312,2013,False,45.0
22325,2004,False,77.0
22329,2003,False,162.0
22335,2005,False,63.0
22353,2009,False,47.0
22354,2014,False,78.0
22359,2011,False,53.0
22361,2003,False,56.0
22371,2013,False,47.0
22377,2004,False,43.0
22384,2011,False,51.0
22387,2014,False,74.0
22393,2003,False,58.0
22395,2013,False,49.0
22396,2003,False,61.0
22401,2006,False,45.0
22407,2004,False,54.0
22411,2004,False,47.0
22413,2011,False,51.0
22415,2014,True,139.0
22417,2013,False,55.0
22422,2014,False,57.0
22423,2004,False,54.0
22431,2006,False,71.0
22435,2003,False,44.0
22443,2013,False,83.0
22447,2007,False,82.0
22456,2014,False,47.0
22462,2008,False,63.0
22473,2003,False,69.0
22477,2005,False,55.0
22478,2007,False,68.0
22480,2003,False,33.0
22483,2006,False,64.0
22486,2007,False,45.0
22499,2009,False,50.0
22500,2004,False,110.0
22510,2007,False,73.0
22517,2003,False,60.0
22537,2008,False,52.0
22547,2003,False,88.0
22549,2007,False,69.0
22552,2010,True,185.0
22554,2012,False,55.0
22557,2013,False,86.0
22565,2012,False,71.0
22566,2010,False,95.0
22573,2011,False,46.0
22578,2004,False,49.0
22581,2010,False,46.0
22583,2005,False,50.0
22589,2013,True,75.0
22592,2006,False,88.0
22601,2003,False,65.0
22603,2011,False,53.0
22604,2008,False,54.0
22608,2005,False,87.0
22611,2007,False,74.0
22631,2010,True,125.0
22634,2006,False,82.0
22635,2008,False,53.0
22642,2007,False,54.0
22652,2003,False,128.0
22660,2003,False,70.0
22663,2004,False,71.0
22678,2005,False,64.0
22680,2008,False,49.0
22683,2005,False,57.0
22694,2013,False,57.0
22696,2003,False,89.0
22697,2006,False,77.0
22719,2011,False,64.0
22722,2007,False,69.0
22725,2003,False,75.0
22726,2005,False,49.0
22727,2008,False,67.0
22731,2007,False,50.0
22743,2010,False,76.0
22744,2011,False,52.0
22749,2008,False,95.0
22752,2006,False,57.0
22753,2010,False,62.0
22756,2010,False,44.0
22759,2004,False,77.0
22784,2006,False,62.0
22791,2005,False,59.0
22805,2009,False,99.0
22814,2004,False,63.0
22819,2004,False,49.0
22822,2004,False,73.0
22823,2009,False,59.0
22826,2003,False,46.0
22829,2007,False,64.0
22834,2007,False,70.0
22838,2008,False,57.0
22849,2004,False,47.0
22863,2003,False,92.0
22865,2007,False,64.0
22882,2008,False,58.0
22885,2013,False,72.0
22890,2006,False,104.0
22892,2010,True,129.0
22893,2003,False,59.0
22898,2011,False,53.0
22899,2006,False,56.0
22905,2008,False,60.0
22906,2011,True,143.0
22924,2008,False,59.0
22930,2013,False,54.0
22934,2008,False,90.0
22961,2004,False,37.0
22966,2014,False,77.0
22967,2006,False,44.0
22969,2004,False,74.0
22970,2012,False,49.0
22975,2009,False,52.0
22976,2004,False,67.0
22979,2012,False,50.0
22980,2007,False,48.0
22981,2006,False,67.0
22982,2004,False,50.0
22983,2007,False,42.0
22990,2009,False,64.0
22992,2011,False,48.0
22993,2011,False,45.0
23003,2008,False,54.0
23005,2003,False,91.0
23006,2003,False,51.0
23012,2011,False,42.0
23014,2007,False,54.0
23015,2004,False,77.0
23016,2007,False,53.0
23022,2006,False,91.0
23024,2014,False,53.0
23027,2007,False,52.0
23032,2010,False,48.0
23038,2003,False,38.0
23042,2004,False,38.0
23043,2005,False,75.0
23046,2006,False,62.0
23049,2005,False,58.0
23056,2007,False,62.0
23059,2004,False,60.0
23061,2012,False,103.0
23066,2009,False,52.0
23068,2008,False,69.0
23077,2007,False,82.0
23083,2005,False,97.0
23102,2003,False,78.0
23103,2014,False,56.0
23105,2011,False,59.0
23109,2009,False,46.0
23112,2009,False,87.0
23121,2008,False,58.0
23135,2005,False,63.0
23145,2006,False,53.0
23149,2009,False,70.0
23160,2008,False,51.0
23161,2004,False,62.0
23168,2011,False,104.0
23173,2009,False,64.0
23179,2006,False,63.0
23185,2010,False,54.0
23188,2012,False,48.0
23194,2003,False,46.0
23200,2005,False,53.0
23201,2003,False,75.0
23202,2005,False,53.0
23218,2009,False,63.0
23221,2010,False,62.0
23225,2003,False,61.0
23234,2013,False,109.0
23238,2006,False,73.0
23240,2007,False,81.0
23244,2004,False,55.0
23248,2008,False,35.0
23251,2014,False,71.0
23253,2003,False,76.0
23256,2013,False,90.0
23257,2012,False,54.0
23260,2004,False,34.0
23268,2012,False,79.0
23270,2006,False,67.0
23273,2004,False,75.0
23278,2005,False,63.0
23286,2005,False,64.0
23287,2009,False,51.0
23288,2006,False,93.0
23294,2010,False,42.0
23295,2010,False,64.0
23300,2006,False,61.0
23301,2005,False,74.0
23310,2007,False,65.0
23321,2004,False,99.0
23326,2014,False,51.0
23338,2008,False,68.0
23340,2010,False,65.0
23342,2005,False,59.0
23364,2009,False,45.0
23366,2007,False,92.0
23368,2007,False,44.0
23378,2005,False,62.0
23379,2013,False,48.0
23381,2007,False,38.0
23382,2004,False,55.0
23387,2010,False,95.0
23390,2014,False,46.0
23397,2005,False,99.0
23405,2004,False,94.0
23408,2004,False,46.0
23413,2007,False,66.0
23415,2003,False,51.0
23429,2003,False,68.0
23430,2003,False,100.0
23435,2013,False,126.0
23438,2005,False,68.0
23441,2011,False,81.0
23442,2011,False,67.0
23457,2013,False,53.0
23462,2007,False,56.0
23470,2009,False,97.0
23477,2014,False,67.0
23480,2005,False,72.0
23481,2008,False,69.0
23491,2010,False,49.0
23507,2009,False,62.0
23514,2013,False,105.0
23526,2014,False,57.0
23533,2012,False,67.0
23540,2006,False,82.0
23542,2004,False,71.0
23546,2010,False,105.0
23549,2009,False,43.0
23550,2014,False,59.0
23554,2013,False,60.0
23568,2012,False,76.0
23581,2005,False,68.0
23584,2005,False,52.0
23592,2003,False,50.0
23612,2003,False,69.0
23615,2011,False,99.0
23616,2006,True,111.0
23617,2011,False,59.0
23634,2014,False,61.0
23636,2004,False,121.0
23637,2009,False,36.0
23640,2005,False,90.0
23642,2008,False,131.0
23643,2013,False,79.0
23649,2005,False,60.0
23650,2006,False,64.0
23663,2010,False,74.0
23671,2007,False,56.0
23678,2010,False,57.0
23680,2004,False,58.0
23681,2003,False,61.0
23694,2005,False,82.0
23701,2006,False,40.0
23702,2004,False,83.0
23706,2014,False,42.0
23707,2011,False,66.0
23708,2005,False,64.0
23717,2006,False,43.0
23733,2004,False,84.0
23737,2005,False,46.0
23739,2005,False,66.0
23743,2012,False,63.0
23759,2004,False,62.0
23761,2009,False,58.0
23764,2003,False,76.0
23774,2006,False,59.0
23776,2006,False,110.0
23779,2010,False,71.0
23781,2006,False,75.0
23782,2008,False,50.0
23784,2011,False,61.0
23797,2003,False,84.0
23800,2003,False,53.0
23805,2009,False,54.0
23812,2008,False,52.0
23820,2004,False,98.0
23824,2009,False,49.0
23827,2008,True,135.0
23828,2013,False,55.0
23834,2012,False,79.0
23835,2003,False,51.0
23843,2008,False,58.0
23845,2010,False,49.0
23847,2007,True,154.0
23851,2013,False,73.0
23852,2013,False,51.0
23862,2010,False,73.0
23869,2003,False,52.0
23870,2011,False,90.0
23875,2010,True,150.0
23883,2014,False,66.0
23885,2005,False,78.0
23886,2009,True,742.0
23906,2011,False,76.0
23916,2011,False,71.0
23918,2007,False,55.0
23922,2013,False,52.0
23938,2014,False,48.0
23942,2004,False,77.0
23944,2005,False,90.0
23947,2004,False,86.0
23949,2012,False,51.0
23952,2003,False,65.0
23956,2006,False,65.0
23962,2011,False,62.0
23968,2007,False,77.0
23979,2007,False,88.0
23981,2006,False,49.0
23985,2006,False,76.0
23986,2009,False,145.0
23987,2010,False,65.0
23995,2003,False,90.0
23996,2009,False,57.0
24002,2006,False,49.0
24015,2006,False,49.0
24018,2014,False,51.0
24027,2009,False,59.0
24032,2011,False,68.0
24037,2009,False,50.0
24039,2013,False,45.0
24046,2009,False,76.0
24053,2004,False,51.0
24056,2013,False,54.0
24059,2012,False,61.0
24060,2009,False,43.0
24062,2004,False,78.0
24065,2004,False,55.0
24075,2003,False,40.0
24082,2004,False,51.0
24084,2011,False,51.0
24089,2014,False,60.0
24092,2006,False,52.0
24095,2007,False,73.0
24101,2007,False,50.0
24103,2003,False,56.0
24110,2004,False,68.0
24113,2012,False,47.0
24114,2003,False,99.0
24115,2014,False,84.0
24130,2005,False,47.0
24133,2011,False,101.0
24134,2005,False,83.0
24135,2014,False,57.0
24140,2004,False,82.0
24144,2003,False,49.0
24145,2007,False,62.0
24150,2005,True,261.0
24152,2005,False,68.0
24157,2011,False,86.0
24158,2003,False,31.0
24164,2011,False,75.0
24165,2006,False,58.0
24169,2008,False,49.0
24172,2011,False,84.0
24174,2004,True,146.0
24181,2003,False,64.0
24186,2008,False,72.0
24194,2010,False,67.0
24195,2009,False,89.0
24200,2004,False,88.0
24202,2004,False,117.0
24217,2005,False,70.0
24219,2004,False,48.0
24220,2012,False,66.0
24224,2006,False,88.0
24236,2008,False,72.0
24243,2006,False,64.0
24245,2007,False,54.0
24250,2003,False,61.0
24254,2003,False,86.0
24256,2009,False,66.0
24259,2012,False,70.0
24262,2013,False,52.0
24267,2008,False,80.0
24269,2005,False,45.0
24273,2007,False,34.0
24281,2012,False,56.0
24290,2005,False,72.0
24292,2004,False,81.0
24296,2008,False,69.0
24301,2003,False,60.0
24302,2009,False,65.0
24309,2007,False,59.0
24311,2007,True,183.0
24317,2013,False,103.0
24321,2003,False,49.0
24324,2004,False,72.0
24334,2013,False,89.0
24339,2008,False,62.0
24341,2010,False,56.0
24354,2008,False,58.0
24361,2008,False,40.0
24365,2012,False,56.0
24368,2007,False,90.0
24370,2004,False,45.0
24380,2010,False,43.0
24385,2003,False,87.0
24386,2013,False,42.0
24388,2012,False,68.0
24393,2008,False,94.0
24398,2005,False,72.0
24400,2012,False,59.0
24409,2012,False,48.0
24410,2004,False,70.0
24414,2006,False,58.0
24417,2006,False,73.0
24418,2009,False,46.0
24422,2012,False,62.0
24423,2009,False,79.0
24425,2003,True,91.0
24426,2006,False,67.0
24430,2008,False,61.0
24433,2011,False,69.0
24434,2006,False,85.0
24454,2009,False,53.0
24464,2005,False,70.0
24468,2005,False,63.0
24471,2014,False,55.0
24472,2008,False,39.0
24476,2003,True,148.0
24477,2012,False,77.0
24479,2010,False,94.0
24487,2008,False,67.0
24493,2010,False,64.0
24496,2010,False,55.0
24507,2008,False,100.0
24512,2008,False,64.0
24513,2013,False,83.0
24522,2003,False,51.0
24523,2007,False,83.0
24525,2007,False,41.0
24533,2010,False,69.0
24539,2010,False,84.0
24543,2005,False,52.0
24561,2004,False,52.0
24563,2008,False,64.0
24568,2011,False,63.0
24574,2003,False,67.0
24581,2005,False,33.0
24583,2012,False,69.0
24589,2007,False,57.0
24591,2003,False,90.0
24597,2004,False,86.0
24598,2010,False,58.0
24599,2012,False,63.0
24612,2010,False,44.0
24621,2004,False,79.0
24628,2011,False,63.0
24637,2005,False,59.0
24642,2007,False,66.0
24643,2013,False,67.0
24645,2007,False,74.0
24653,2011,False,55.0
24657,2003,False,65.0
24667,2006,False,73.0
24670,2006,False,84.0
24679,2003,False,85.0
24683,2004,False,105.0
24689,2007,False,61.0
24691,2007,False,58.0
24694,2003,False,56.0
24696,2008,False,67.0
24701,2009,False,78.0
24703,2011,False,56.0
24705,2013,False,100.0
24706,2009,False,79.0
24708,2006,False,79.0
24711,2004,False,94.0
24713,2012,False,72.0
24715,2011,False,75.0
24730,2012,False,52.0
24732,2011,False,59.0
24733,2003,False,72.0
24736,2012,False,58.0
24738,2010,False,57.0
24750,2003,False,75.0
24757,2012,False,57.0
24761,2006,False,46.0
24762,2003,False,98.0
24765,2011,False,108.0
24767,2009,False,73.0
24768,2010,False,63.0
24772,2009,True,137.0
24775,2012,False,34.0
24789,2007,False,45.0
24791,2007,False,54.0
24807,2011,False,70.0
24812,2012,False,66.0
24817,2004,False,66.0
24831,2006,False,62.0
24837,2007,True,94.0
24846,2004,False,63.0
24847,2008,False,81.0
24865,2007,False,59.0
24871,2007,False,65.0
24872,2003,False,134.0
24874,2009,False,74.0
24876,2007,False,58.0
24877,2009,False,67.0
24879,2009,False,47.0
24891,2008,False,96.0
24892,2008,False,43.0
24895,2010,False,42.0
24900,2006,False,78.0
24901,2012,False,47.0
24905,2013,False,80.0
24911,2013,False,48.0
24917,2012,False,67.0
24931,2007,False,63.0
24933,2009,False,93.0
24935,2008,False,86.0
24938,2008,False,60.0
24942,2004,False,57.0
24945,2003,False,68.0
24946,2003,False,82.0
24951,2004,False,59.0
24959,2004,False,128.0
24970,2004,False,117.0
24972,2008,False,49.0
24973,2004,False,82.0
24979,2003,False,74.0
24982,2006,False,52.0
24993,2014,False,44.0
25003,2006,False,104.0
25005,2011,False,77.0
25017,2008,False,95.0
25024,2009,False,45.0
25033,2006,False,78.0
25041,2004,False,72.0
25062,2007,False,48.0
25065,2005,False,67.0
25066,2006,False,55.0
25070,2014,False,55.0
25073,2007,False,47.0
25078,2003,True,124.0
25079,2004,False,57.0
25082,2007,False,53.0
25083,2003,False,93.0
25085,2010,False,65.0
25086,2006,False,56.0
25090,2007,False,99.0
25092,2007,False,65.0
25096,2007,False,79.0
25097,2007,False,67.0
25103,2011,False,84.0
25104,2003,False,46.0
25106,2013,False,72.0
25118,2010,False,82.0
25127,2010,False,73.0
25132,2005,False,74.0
25142,2004,False,66.0
25147,2014,False,47.0
25156,2006,False,65.0
25162,2004,False,68.0
25167,2004,False,82.0
25173,2005,False,57.0
25179,2008,False,67.0
25182,2008,False,57.0
25198,2008,False,84.0
25200,2005,False,66.0
25201,2010,False,72.0
25206,2007,False,91.0
25207,2013,False,81.0
25211,2006,False,76.0
25228,2008,False,65.0
25233,2005,False,57.0
25234,2008,False,102.0
25237,2013,False,53.0
25244,2003,False,74.0
25246,2014,False,41.0
25249,2010,False,79.0
25250,2003,False,77.0
25253,2012,False,78.0
25258,2012,False,92.0
25259,2003,False,85.0
25268,2012,False,51.0
25271,2004,False,64.0
25276,2011,False,59.0
25284,2008,False,77.0
25285,2006,False,113.0
25286,2003,False,58.0
25289,2004,True,211.0
25300,2008,False,65.0
25310,2013,False,39.0
25313,2013,False,56.0
25314,2007,False,64.0
25318,2008,False,50.0
25321,2005,False,42.0
25325,2007,False,51.0
25339,2010,False,66.0
25341,2013,False,52.0
25342,2005,False,60.0
25345,2008,False,76.0
25349,2013,False,51.0
25363,2003,False,98.0
25386,2004,False,91.0
25387,2007,False,66.0
25389,2013,False,47.0
25407,2014,False,55.0
25409,2007,False,78.0
25419,2003,False,71.0
25420,2006,False,53.0
25423,2005,False,59.0
25426,2007,False,65.0
25427,2008,False,63.0
25429,2004,False,62.0
25433,2009,False,62.0
25439,2008,False,114.0
25441,2013,False,73.0
25447,2003,False,48.0
25448,2006,False,65.0
25451,2013,False,66.0
25457,2004,False,30.0
25461,2010,False,71.0
25468,2005,False,88.0
25485,2003,False,73.0
25491,2012,False,47.0
25492,2006,False,62.0
25496,2011,False,62.0
25503,2014,True,121.0
25507,2004,False,70.0
25508,2007,False,49.0
25520,2011,False,68.0
25524,2007,False,73.0
25525,2009,False,79.0
25529,2006,False,41.0
25536,2010,False,55.0
25539,2004,False,50.0
25542,2004,False,82.0
25548,2010,False,34.0
25549,2008,False,53.0
25552,2005,False,96.0
25554,2006,True,90.0
25559,2013,False,54.0
25566,2006,False,53.0
25579,2009,False,60.0
25581,2004,False,64.0
25584,2004,False,65.0
25590,2014,False,63.0
25593,2004,False,73.0
25596,2003,False,106.0
25604,2003,False,83.0
25607,2004,False,63.0
25613,2003,False,53.0
25615,2008,False,57.0
25622,2010,False,52.0
25623,2008,False,80.0
25624,2008,False,64.0
25626,2012,False,49.0
25629,2009,False,57.0
25635,2013,False,68.0
25636,2005,False,44.0
25639,2013,False,59.0
25646,2004,False,89.0
25650,2013,False,57.0
25652,2006,False,104.0
25659,2005,False,55.0
25662,2009,False,71.0
25666,2004,False,53.0
25672,2005,False,48.0
25675,2010,False,60.0
25676,2010,False,50.0
25686,2007,False,83.0
25691,2012,False,89.0
25718,2013,False,82.0
25736,2013,False,70.0
25737,2009,False,49.0
25738,2006,False,35.0
25739,2003,False,65.0
25740,2003,False,113.0
25742,2008,False,160.0
25748,2003,False,71.0
25758,2009,False,69.0
25760,2005,False,80.0
25768,2003,False,62.0
25771,2007,False,62.0
25773,2012,False,89.0
25778,2004,False,39.0
25782,2012,False,77.0
25788,2009,False,80.0
25792,2003,False,72.0
25794,2005,False,77.0
25799,2006,False,73.0
25801,2009,False,143.0
25806,2005,False,36.0
25807,2006,True,506.0
25808,2006,False,82.0
25809,2005,False,53.0
25810,2011,False,40.0
25815,2003,False,79.0
25832,2010,False,40.0
25833,2011,False,80.0
25834,2008,False,70.0
25836,2006,False,72.0
25843,2003,True,243.0
25844,2006,False,55.0
25845,2010,False,64.0
25853,2006,False,81.0
25855,2003,False,43.0
25858,2004,False,68.0
25868,2006,False,80.0
25871,2004,False,77.0
25875,2005,False,60.0
25879,2008,False,62.0
25880,2004,False,79.0
25883,2008,False,92.0
25884,2005,False,60.0
25886,2010,False,90.0
25896,2012,False,55.0
25899,2009,True,867.0
25903,2006,False,106.0
25904,2004,True,117.0
25909,2014,False,47.0
25912,2006,False,56.0
25913,2010,False,48.0
25917,2005,False,79.0
25918,2004,False,93.0
25921,2008,False,53.0
25922,2005,False,82.0
25929,2013,False,65.0
25932,2006,False,79.0
25935,2006,False,106.0
25937,2008,False,67.0
25941,2012,False,76.0
25944,2007,False,71.0
25947,2005,False,49.0
25948,2004,False,65.0
25950,2004,False,118.0
25960,2007,False,77.0
25965,2009,False,102.0
25966,2006,False,63.0
25968,2005,False,87.0
25976,2012,False,64.0
25980,2007,False,120.0
25983,2008,False,62.0
25986,2003,False,61.0
25991,2013,False,57.0
25993,2009,False,95.0
25999,2006,False,64.0
26000,2005,False,56.0
26003,2005,False,48.0
26009,2004,False,113.0
26011,2010,False,66.0
26020,2009,False,49.0
26021,2005,False,60.0
26022,2004,True,116.0
26023,2012,False,68.0
26028,2012,False,50.0
26030,2013,False,69.0
26032,2003,False,66.0
26033,2003,False,97.0
26040,2003,False,82.0
26044,2009,False,64.0
26051,2011,False,65.0
26056,2007,False,47.0
26058,2012,False,79.0
26059,2011,False,67.0
26064,2010,False,55.0
26067,2008,False,54.0
26071,2006,True,182.0
26077,2010,False,101.0
26085,2014,False,57.0
26086,2007,False,116.0
26089,2008,False,83.0
26107,2007,False,67.0
26119,2009,False,56.0
26121,2014,False,58.0
26123,2004,False,61.0
26126,2013,False,46.0
26127,2005,False,54.0
26130,2011,False,71.0
26135,2004,False,46.0
26136,2005,False,48.0
26138,2003,False,103.0
26143,2008,False,55.0
26144,2003,False,54.0
26147,2012,False,59.0
26154,2003,False,48.0
26155,2006,False,46.0
26157,2008,True,187.0
26167,2011,False,55.0
26170,2013,False,61.0
26174,2008,False,42.0
26180,2006,True,119.0
26188,2003,False,49.0
26191,2011,False,64.0
26194,2010,False,78.0
26206,2005,False,143.0
26208,2006,False,58.0
26209,2014,False,54.0
26213,2004,False,54.0
26219,2010,False,69.0
26220,2004,False,52.0
26225,2003,False,101.0
26228,2007,False,52.0
26229,2009,False,70.0
26242,2011,False,48.0
26243,2012,False,36.0
26244,2010,False,31.0
26245,2003,False,81.0
26247,2011,False,58.0
26248,2014,False,60.0
26252,2010,False,55.0
26256,2011,False,43.0
26257,2011,False,77.0
26258,2005,False,63.0
26260,2010,False,65.0
26262,2012,False,95.0
26276,2011,False,67.0
26278,2013,False,90.0
26282,2010,False,59.0
26288,2013,False,91.0
26293,2003,True,123.0
26294,2012,False,54.0
26296,2004,False,63.0
26300,2010,False,52.0
26301,2005,False,71.0
26302,2003,True,129.0
26313,2010,False,60.0
26315,2003,False,76.0
26316,2003,False,67.0
26319,2011,False,72.0
26325,2008,False,68.0
26326,2008,False,44.0
26331,2008,False,92.0
26336,2003,False,90.0
26349,2004,False,92.0
26351,2014,False,62.0
26356,2006,False,89.0
26362,2009,False,62.0
26364,2010,False,61.0
26366,2008,False,78.0
26367,2004,False,71.0
26381,2011,False,103.0
26382,2004,False,76.0
26384,2003,False,55.0
26385,2008,False,49.0
26388,2006,False,74.0
26389,2011,False,54.0
26398,2009,False,61.0
26400,2014,False,73.0
26403,2004,False,54.0
26408,2006,False,69.0
26411,2008,False,50.0
26414,2005,False,82.0
26415,2005,False,56.0
26422,2003,False,58.0
26426,2005,False,67.0
26434,2004,False,85.0
26442,2013,False,52.0
26449,2006,False,54.0
26458,2012,False,97.0
26461,2003,False,65.0
26468,2006,False,60.0
26473,2005,False,93.0
26476,2004,False,102.0
26477,2014,False,56.0
26484,2014,False,73.0
26486,2003,False,80.0
26488,2004,False,61.0
26489,2012,False,71.0
26490,2005,False,54.0
26491,2003,False,77.0
26497,2009,False,73.0
26499,2007,False,68.0
26503,2003,False,69.0
26505,2008,False,47.0
26506,2011,False,113.0
26507,2006,False,63.0
26509,2009,False,108.0
26510,2009,False,52.0
26511,2014,False,57.0
26512,2010,False,74.0
26513,2006,False,84.0
26519,2007,False,80.0
26524,2006,False,75.0
26526,2006,False,89.0
26535,2006,False,44.0
26539,2008,False,84.0
26548,2013,False,100.0
26551,2004,False,35.0
26552,2003,False,62.0
26554,2010,False,52.0
26555,2012,False,62.0
26557,2007,False,72.0
26558,2004,False,82.0
26561,2003,False,66.0
26565,2005,False,48.0
26567,2008,False,53.0
26570,2013,True,91.0
26573,2007,False,81.0
26578,2006,False,88.0
26583,2012,False,89.0
26586,2006,False,127.0
26589,2014,False,61.0
26591,2009,False,61.0
26597,2013,True,196.0
26599,2010,False,43.0
26604,2003,False,72.0
26613,2012,False,70.0
26617,2014,False,83.0
26618,2014,True,250.0
26619,2006,False,64.0
26620,2006,False,80.0
26628,2009,False,71.0
26629,2004,False,41.0
26632,2006,False,58.0
26635,2005,False,71.0
26638,2012,False,43.0
26643,2003,False,68.0
26645,2006,False,74.0
26647,2006,False,82.0
26649,2009,False,109.0
26652,2003,False,76.0
26654,2004,False,92.0
26657,2011,False,60.0
26663,2011,False,56.0
26669,2007,False,80.0
26671,2010,False,103.0
26672,2006,False,70.0
26674,2009,False,90.0
26676,2012,False,58.0
26677,2004,False,65.0
26680,2008,False,44.0
26681,2010,False,92.0
26685,2004,False,48.0
26696,2012,False,96.0
26699,2008,False,45.0
26700,2006,False,60.0
26701,2011,False,49.0
26704,2003,False,53.0
26708,2008,False,58.0
26709,2007,False,54.0
26713,2007,False,47.0
26724,2013,False,32.0
26732,2010,False,69.0
26733,2012,False,43.0
26734,2003,False,108.0
26737,2008,False,57.0
26740,2009,True,166.0
26741,2006,False,67.0
26742,2012,True,187.0
26743,2007,False,68.0
26744,2008,False,51.0
26745,2005,False,68.0
26746,2011,False,61.0
26748,2003,False,78.0
26752,2004,False,84.0
26753,2010,False,58.0
26754,2004,True,153.0
26759,2010,False,50.0
26760,2006,False,48.0
26763,2007,False,57.0
26766,2006,False,73.0
26773,2007,False,69.0
26777,2009,False,120.0
26778,2010,False,89.0
26780,2011,False,73.0
26787,2003,False,102.0
26789,2004,False,84.0
26791,2009,False,51.0
26794,2004,False,92.0
26795,2012,False,63.0
26804,2012,False,53.0
26811,2006,False,58.0
26812,2011,False,87.0
26815,2005,False,85.0
26816,2003,False,53.0
26819,2004,False,64.0
26824,2013,False,45.0
26827,2011,False,76.0
26838,2010,False,58.0
26840,2008,False,67.0
26842,2009,False,51.0
26843,2006,False,48.0
26844,2011,False,93.0
26845,2009,False,84.0
26849,2003,False,47.0
26850,2005,False,48.0
26855,2012,False,55.0
26859,2012,False,93.0
26860,2008,False,63.0
26862,2008,False,72.0
26865,2004,False,49.0
26866,2008,False,61.0
26867,2011,False,105.0
26868,2003,False,85.0
26872,2014,False,69.0
26874,2011,False,55.0
26882,2009,False,66.0
26893,2011,False,66.0
26894,2011,False,76.0
26900,2006,False,57.0
26903,2011,False,48.0
26909,2010,False,59.0
26910,2005,False,61.0
26911,2006,False,63.0
26915,2008,False,45.0
26924,2010,False,67.0
26930,2012,False,68.0
26931,2011,False,75.0
26932,2009,False,61.0
26937,2006,False,62.0
26939,2013,False,62.0
26942,2003,False,119.0
26945,2003,False,60.0
26946,2009,False,93.0
26950,2005,False,92.0
26951,2014,False,45.0
26956,2006,False,70.0
26957,2013,False,53.0
26962,2007,False,115.0
26970,2006,False,33.0
26979,2012,False,64.0
26980,2006,False,64.0
26988,2006,False,84.0
26991,2013,False,48.0
26994,2012,False,92.0
26999,2007,False,56.0
27004,2011,False,98.0
27005,2014,False,63.0
27006,2013,False,50.0
27007,2006,False,58.0
27008,2003,False,54.0
27010,2010,False,79.0
27014,2012,True,132.0
27018,2014,False,90.0
27027,2003,False,71.0
27029,2003,False,85.0
27030,2011,False,81.0
27032,2009,False,43.0
27033,2007,False,83.0
27036,2009,False,102.0
27041,2013,False,55.0
27044,2008,False,59.0
27046,2014,True,333.0
27047,2012,True,119.0
27052,2004,False,70.0
27054,2004,False,91.0
27058,2009,False,72.0
27062,2008,False,55.0
27064,2009,False,62.0
27067,2009,False,65.0
27070,2014,False,37.0
27071,2003,False,62.0
27076,2006,False,65.0
27078,2006,False,89.0
27079,2005,False,72.0
27087,2007,False,72.0
27089,2004,True,156.0
27091,2003,False,69.0
27094,2008,False,61.0
27095,2010,False,54.0
27103,2005,False,53.0
27104,2005,False,65.0
27105,2009,False,95.0
27112,2011,False,72.0
27115,2008,False,72.0
27116,2008,False,64.0
27121,2003,False,74.0
27124,2003,False,45.0
27128,2014,False,64.0
27129,2008,False,64.0
27130,2006,False,68.0
27131,2010,False,75.0
27136,2004,False,78.0
27138,2013,False,92.0
27140,2003,False,60.0
27145,2014,False,93.0
27150,2006,False,93.0
27155,2008,False,95.0
27159,2005,False,77.0
27168,2010,False,62.0
27172,2013,False,66.0
27174,2003,False,73.0
27181,2011,False,69.0
27182,2003,True,116.0
27190,2003,False,43.0
27191,2008,False,77.0
27192,2012,False,83.0
27194,2004,False,61.0
27199,2005,False,46.0
27201,2005,False,84.0
27203,2005,False,60.0
27206,2004,False,82.0
27209,2003,False,56.0
27210,2004,False,96.0
27214,2011,False,46.0
27216,2006,False,71.0
27217,2009,False,48.0
27219,2008,False,77.0
27220,2011,False,86.0
27221,2011,False,84.0
27229,2007,False,69.0
27236,2008,False,65.0
27244,2010,False,61.0
27245,2006,False,48.0
27246,2007,False,56.0
27247,2014,False,55.0
27248,2011,False,52.0
27249,2006,False,80.0
27250,2008,False,63.0
27259,2006,False,64.0
27265,2004,False,57.0
27268,2006,False,80.0
27269,2004,False,66.0
27270,2003,False,46.0
27271,2014,False,41.0
27272,2008,False,61.0
27274,2006,False,56.0
27279,2011,False,104.0
27281,2007,False,56.0
27285,2004,False,60.0
27288,2012,False,53.0
27289,2009,False,68.0
27292,2004,False,48.0
27293,2004,False,73.0
27294,2014,True,120.0
27295,2010,False,98.0
27296,2005,False,63.0
27297,2004,False,50.0
27301,2008,False,99.0
27305,2009,False,41.0
27307,2011,False,54.0
27308,2009,False,79.0
27309,2005,False,64.0
27310,2005,False,79.0
27314,2005,True,286.0
27320,2011,False,72.0
27330,2004,False,66.0
27333,2008,False,65.0
27336,2014,False,59.0
27340,2003,False,64.0
27341,2004,False,75.0
27343,2008,False,89.0
27344,2003,False,49.0
27350,2006,False,64.0
27351,2010,False,80.0
27352,2003,False,59.0
27355,2005,False,70.0
27356,2011,False,58.0
27362,2006,False,89.0
27366,2012,False,55.0
27369,2005,False,111.0
27370,2004,False,127.0
27373,2003,False,94.0
27385,2011,False,45.0
27389,2009,False,42.0
27390,2008,False,72.0
27392,2004,False,60.0
27393,2003,False,64.0
27395,2006,False,80.0
27397,2006,False,89.0
27398,2010,False,63.0
27399,2009,False,62.0
27402,2009,False,55.0
27403,2008,False,89.0
27405,2006,False,47.0
27406,2007,False,46.0
27408,2005,False,87.0
27409,2005,False,106.0
27411,2010,False,68.0
27416,2010,False,44.0
27426,2003,False,91.0
27431,2012,False,46.0
27438,2005,True,66.0
27442,2003,False,62.0
27445,2006,False,70.0
27450,2009,False,63.0
27455,2006,False,75.0
27461,2005,True,270.0
27462,2013,False,63.0
27464,2003,False,62.0
27468,2008,False,48.0
27469,2012,False,51.0
27471,2003,False,69.0
27473,2004,False,108.0
27474,2005,False,118.0
27476,2013,False,55.0
27478,2004,False,52.0
27480,2003,False,82.0
27481,2003,False,87.0
27485,2010,False,71.0
27491,2005,False,62.0
27492,2010,False,50.0
27497,2005,False,74.0
27499,2004,False,51.0
27500,2006,False,75.0
27501,2011,True,208.0
27503,2005,False,72.0
27504,2010,False,63.0
27506,2008,False,66.0
27508,2011,False,50.0
27509,2010,False,71.0
27511,2010,False,125.0
27516,2010,False,64.0
27522,2012,False,55.0
27524,2009,False,68.0
27531,2005,False,72.0
27534,2006,False,90.0
27538,2004,False,51.0
27539,2003,False,67.0
27543,2006,False,112.0
27545,2005,False,71.0
27553,2003,False,80.0
27559,2003,False,76.0
27561,2006,False,87.0
27564,2004,False,55.0
27566,2011,False,41.0
27572,2007,False,55.0
27573,2006,False,71.0
27575,2011,True,373.0
27576,2010,False,55.0
27578,2008,False,69.0
27590,2007,False,55.0
27591,2003,False,57.0
27593,2009,False,56.0
27594,2003,False,84.0
27598,2011,False,77.0
27599,2008,False,30.0
27610,2005,False,68.0
27613,2008,False,55.0
27614,2009,False,76.0
27615,2012,False,77.0
27616,2003,False,86.0
27618,2010,False,72.0
27619,2008,False,55.0
27625,2010,False,79.0
27628,2009,False,83.0
27629,2009,False,89.0
27641,2006,False,53.0
27643,2007,False,80.0
27654,2008,False,86.0
27658,2011,False,87.0
27663,2011,True,90.0
27672,2007,False,42.0
27673,2008,False,77.0
27678,2010,False,100.0
27679,2013,False,72.0
27683,2007,False,80.0
27684,2011,True,120.0
27691,2003,False,85.0
27692,2008,False,62.0
27693,2008,False,75.0
27696,2008,False,67.0
27698,2005,False,77.0
27704,2004,False,68.0
27707,2013,False,97.0
27712,2008,False,56.0
27715,2009,False,71.0
27716,2003,False,58.0
27723,2014,False,46.0
27727,2010,False,76.0
27730,2008,False,58.0
27731,2003,False,78.0
27738,2005,False,65.0
27740,2013,False,44.0
27744,2005,False,76.0
27747,2005,True,172.0
27758,2004,False,100.0
27763,2004,False,76.0
27767,2008,False,80.0
27769,2005,False,52.0
27770,2008,False,49.0
27771,2010,False,69.0
27775,2004,True,122.0
27777,2006,False,55.0
27780,2011,False,54.0
27781,2011,False,51.0
27787,2012,False,51.0
27789,2006,False,111.0
27792,2003,False,80.0
27796,2007,False,61.0
27799,2006,False,64.0
27801,2014,False,53.0
27802,2009,True,123.0
27806,2009,False,52.0
27808,2006,False,78.0
27817,2009,False,78.0
27819,2012,False,68.0
27825,2006,False,65.0
27830,2003,False,60.0
27831,2009,False,94.0
27841,2003,False,86.0
27850,2013,False,52.0
27852,2011,False,71.0
27853,2013,False,42.0
27854,2004,False,51.0
27858,2005,False,72.0
27860,2005,False,74.0
27868,2011,False,47.0
27870,2013,True,132.0
27873,2012,False,74.0
27876,2007,True,330.0
27880,2011,False,67.0
27883,2007,False,66.0
27888,2008,True,400.0
27889,2010,False,52.0
27890,2003,False,75.0
27891,2005,False,56.0
27898,2011,True,158.0
27899,2003,False,80.0
27900,2003,False,101.0
27901,2003,False,91.0
27907,2007,False,161.0
27914,2008,False,78.0
27916,2008,False,95.0
27919,2008,False,148.0
27926,2006,False,81.0
27928,2008,False,72.0
27929,2013,False,87.0
27930,2004,False,61.0
27932,2007,False,87.0
27934,2003,False,102.0
27936,2005,False,78.0
27938,2003,False,58.0
27939,2011,False,87.0
27940,2005,False,90.0
27941,2004,False,50.0
27943,2009,False,81.0
27946,2012,False,63.0
27952,2003,False,96.0
27954,2003,False,59.0
27955,2006,False,38.0
27956,2010,False,129.0
27965,2004,False,75.0
27969,2014,False,79.0
27970,2009,False,65.0
27971,2009,False,52.0
27975,2005,False,63.0
27977,2013,False,83.0
27979,2011,False,120.0
27980,2011,False,83.0
27984,2004,False,76.0
27987,2003,False,103.0
27992,2009,False,52.0
28001,2009,False,44.0
28012,2011,False,65.0
28017,2014,False,64.0
28018,2008,False,78.0
28022,2004,False,85.0
28025,2007,False,69.0
28027,2013,True,167.0
28030,2006,False,60.0
28031,2003,False,71.0
28034,2010,False,53.0
28040,2005,False,70.0
28043,2012,True,180.0
28045,2003,False,39.0
28050,2010,False,58.0
28052,2009,False,53.0
28057,2006,False,85.0
28058,2004,False,67.0
28060,2003,False,54.0
28072,2005,False,76.0
28074,2006,False,49.0
28093,2005,False,73.0
28096,2012,False,55.0
28097,2006,False,153.0
28099,2009,False,51.0
28100,2014,True,141.0
28101,2004,False,59.0
28108,2004,False,85.0
28109,2005,False,59.0
28110,2013,False,63.0
28111,2003,False,94.0
28114,2013,False,52.0
28117,2003,False,64.0
28128,2011,False,58.0
28129,2006,False,69.0
28132,2006,False,66.0
28139,2003,False,76.0
28141,2007,False,53.0
28142,2008,False,64.0
28146,2007,False,61.0
28154,2009,False,80.0
28159,2011,False,61.0
28160,2011,False,91.0
28162,2007,False,64.0
28164,2006,True,72.0
28170,2011,False,53.0
28171,2010,False,111.0
28172,2011,False,56.0
28174,2008,False,62.0
28176,2004,False,61.0
28177,2005,False,56.0
28178,2011,False,56.0
28185,2005,True,233.0
28187,2004,False,68.0
28188,2011,False,53.0
28198,2005,False,55.0
28200,2005,False,81.0
28201,2008,False,87.0
28208,2009,False,41.0
28214,2010,False,83.0
28215,2004,False,80.0
28216,2005,False,59.0
28220,2014,False,57.0
28223,2009,False,50.0
28224,2006,False,63.0
28225,2006,False,65.0
28226,2009,False,48.0
28227,2011,True,278.0
28228,2004,False,63.0
28229,2006,False,59.0
28232,2006,False,90.0
28234,2014,False,124.0
28238,2013,True,117.0
28239,2011,False,50.0
28240,2006,False,63.0
28243,2007,False,56.0
28246,2012,False,77.0
28248,2004,False,39.0
28252,2010,False,108.0
28254,2008,False,74.0
28257,2011,False,42.0
28261,2003,False,51.0
28264,2003,False,86.0
28267,2007,False,48.0
28269,2008,False,85.0
28274,2010,True,226.0
28276,2004,False,60.0
28281,2007,False,59.0
28282,2011,False,58.0
28284,2003,False,48.0
28288,2009,False,60.0
28290,2012,False,129.0
28292,2004,False,60.0
28293,2012,False,53.0
28299,2006,False,68.0
28302,2004,False,109.0
28305,2004,False,35.0
28306,2005,True,79.0
28307,2004,False,85.0
28318,2007,False,83.0
28319,2004,False,51.0
28329,2007,False,71.0
28334,2012,False,68.0
28342,2009,False,39.0
28345,2005,False,73.0
28350,2012,False,64.0
28351,2004,False,58.0
28354,2009,False,106.0
28355,2006,False,63.0
28356,2007,False,67.0
28363,2007,False,65.0
28364,2006,False,65.0
28381,2010,False,89.0
28386,2005,False,77.0
28387,2005,False,84.0
28388,2006,False,45.0
28392,2008,False,71.0
28398,2004,False,37.0
28406,2012,False,62.0
28407,2008,False,53.0
28409,2011,False,55.0
28415,2004,False,52.0
28418,2006,False,57.0
28421,2013,False,103.0
28426,2003,False,67.0
28427,2006,False,78.0
28428,2005,False,54.0
28440,2008,False,62.0
28441,2006,False,98.0
28446,2014,False,56.0
28447,2010,False,72.0
28451,2005,False,65.0
28452,2005,False,67.0
28455,2007,False,63.0
28456,2005,False,66.0
28460,2006,False,57.0
28461,2005,False,63.0
28462,2009,False,84.0
28463,2005,False,81.0
28464,2013,False,81.0
28469,2003,False,64.0
28470,2010,False,51.0
28472,2005,False,105.0
28473,2006,False,62.0
28478,2010,False,76.0
28488,2013,False,36.0
28489,2007,False,61.0
28494,2004,False,53.0
28501,2003,False,67.0
28502,2006,False,106.0
28508,2003,False,52.0
28510,2006,False,75.0
28512,2009,False,90.0
28515,2005,False,87.0
28519,2011,False,65.0
28520,2008,False,98.0
28525,2004,False,50.0
28527,2009,False,76.0
28528,2008,False,79.0
28529,2006,False,61.0
28536,2009,False,39.0
28539,2003,True,110.0
28540,2008,False,77.0
28548,2014,False,54.0
28552,2009,False,43.0
28555,2006,False,112.0
28559,2010,True,261.0
28560,2012,False,84.0
28561,2010,False,67.0
28566,2013,False,72.0
28569,2003,False,59.0
28570,2007,False,62.0
28576,2008,False,50.0
28579,2009,False,105.0
28588,2010,False,51.0
28591,2004,False,93.0
28595,2003,False,67.0
28596,2009,False,50.0
28598,2011,False,138.0
28600,2012,False,72.0
28606,2012,False,51.0
28609,2007,False,52.0
28619,2003,False,54.0
28620,2004,False,71.0
28625,2005,False,89.0
28629,2006,False,75.0
28630,2004,False,68.0
28632,2008,False,72.0
28634,2013,False,49.0
28643,2004,True,71.0
28646,2012,False,53.0
28650,2004,False,60.0
28653,2003,False,55.0
28657,2003,False,58.0
28662,2004,False,49.0
28665,2013,False,58.0
28668,2005,False,35.0
28670,2013,False,39.0
28672,2014,False,62.0
28673,2003,False,44.0
28675,2003,False,52.0
28679,2003,False,79.0
28681,2010,False,102.0
28684,2011,False,48.0
28685,2006,False,72.0
28690,2005,False,91.0
28695,2003,False,51.0
28699,2008,False,74.0
28709,2003,False,58.0
28711,2013,True,96.0
28718,2006,False,87.0
28723,2011,True,204.0
28737,2003,False,78.0
28738,2003,False,69.0
28740,2005,False,49.0
28742,2011,False,80.0
28750,2012,False,53.0
28753,2004,False,65.0
28754,2003,False,56.0
28765,2006,False,60.0
28767,2003,False,61.0
28768,2007,False,40.0
28770,2005,True,248.0
28772,2010,False,92.0
28773,2005,True,3036.0
28775,2007,False,65.0
28778,2007,False,75.0
28782,2007,False,99.0
28783,2013,False,63.0
28785,2012,False,66.0
28790,2010,False,66.0
28793,2006,False,62.0
28795,2003,False,73.0
28800,2009,False,68.0
28801,2003,False,73.0
28803,2013,True,100.0
28804,2010,False,62.0
28805,2005,False,107.0
28807,2003,False,79.0
28808,2004,False,68.0
28810,2008,False,57.0
28812,2003,False,55.0
28813,2003,False,54.0
28817,2006,False,53.0
28827,2004,False,54.0
28828,2008,False,55.0
28832,2003,False,77.0
28834,2006,False,40.0
28835,2003,True,95.0
28844,2007,False,48.0
28847,2004,False,73.0
28848,2010,False,65.0
28852,2003,False,50.0
28854,2014,True,193.0
28857,2006,False,107.0
28861,2009,False,51.0
28872,2009,False,52.0
28876,2008,False,98.0
28880,2006,False,73.0
28884,2004,False,63.0
28888,2004,False,117.0
28889,2010,False,84.0
28898,2012,False,56.0
28899,2003,False,77.0
28901,2004,False,66.0
28903,2006,False,52.0
28906,2011,False,87.0
28907,2014,False,53.0
28911,2012,False,62.0
28912,2007,True,204.0
28915,2005,False,57.0
28919,2003,True,151.0
28921,2004,True,140.0
28923,2012,False,77.0
28927,2006,False,80.0
28928,2009,False,42.0
28929,2007,False,60.0
28935,2006,False,42.0
28940,2011,False,113.0
28941,2012,False,57.0
28946,2013,False,74.0
28948,2010,False,55.0
28952,2008,False,71.0
28953,2003,False,57.0
28954,2004,False,50.0
28955,2003,False,50.0
28958,2005,False,80.0
28959,2008,False,93.0
28962,2003,False,74.0
28965,2009,False,83.0
28966,2006,False,45.0
28971,2010,False,81.0
28975,2011,False,72.0
28977,2012,False,67.0
28980,2010,False,53.0
28986,2005,False,78.0
28990,2004,False,49.0
28992,2009,False,56.0
28993,2013,False,84.0
29005,2005,False,63.0
29010,2008,False,62.0
29013,2004,False,82.0
29022,2003,False,64.0
29024,2009,False,55.0
29025,2005,False,66.0
29027,2012,True,132.0
29028,2004,False,74.0
29029,2008,False,72.0
29030,2013,False,80.0
29032,2007,False,68.0
29033,2014,False,50.0
29039,2006,False,57.0
29040,2012,False,66.0
29042,2010,False,50.0
29044,2006,False,86.0
29048,2009,False,57.0
29049,2005,False,65.0
29050,2008,False,66.0
29051,2009,True,253.0
29053,2004,False,62.0
29057,2008,False,63.0
29059,2004,False,42.0
29061,2012,False,60.0
29063,2014,False,80.0
29064,2008,False,82.0
29066,2005,False,67.0
29072,2011,False,50.0
29074,2005,False,66.0
29075,2008,False,64.0
29079,2013,False,65.0
29080,2011,False,55.0
29082,2005,False,46.0
29086,2004,False,74.0
29090,2003,False,70.0
29091,2011,False,70.0
29095,2003,False,59.0
29097,2006,False,60.0
29099,2004,False,68.0
29100,2010,False,65.0
29107,2006,False,73.0
29110,2012,False,98.0
29113,2013,True,538.0
29116,2008,False,50.0
29120,2014,False,39.0
29124,2006,False,88.0
29125,2006,False,60.0
29126,2007,False,62.0
29127,2012,False,78.0
29128,2008,False,84.0
29133,2005,False,55.0
29138,2005,False,70.0
29140,2007,False,98.0
29141,2006,False,68.0
29145,2003,False,55.0
29147,2003,False,58.0
29148,2010,False,117.0
29151,2006,False,103.0
29155,2007,False,65.0
29162,2011,False,132.0
29165,2006,True,199.0
29166,2005,False,99.0
29171,2011,False,78.0
29173,2003,False,72.0
29174,2014,False,58.0
29176,2003,False,102.0
29179,2008,False,50.0
29181,2013,False,56.0
29194,2008,False,63.0
29198,2012,False,92.0
29199,2011,False,60.0
29200,2014,False,71.0
29203,2004,False,86.0
29204,2014,False,77.0
29206,2013,False,75.0
29207,2007,False,58.0
29210,2012,True,202.0
29211,2008,False,64.0
29222,2004,False,84.0
29226,2007,False,60.0
29227,2012,False,152.0
29229,2009,True,100.0
29232,2004,False,84.0
29243,2006,False,87.0
29245,2005,False,48.0
29247,2012,False,69.0
29248,2003,False,51.0
29249,2014,False,45.0
29250,2007,False,62.0
29251,2006,False,77.0
29252,2013,False,74.0
29261,2004,False,54.0
29262,2012,False,59.0
29265,2010,False,136.0
29267,2004,False,66.0
29268,2007,False,89.0
29269,2010,False,78.0
29270,2011,False,71.0
29279,2005,False,77.0
29284,2010,False,92.0
29287,2014,False,47.0
29291,2008,False,88.0
29296,2012,False,105.0
29299,2012,False,67.0
29301,2005,False,73.0
29304,2006,False,56.0
29306,2013,False,43.0
29308,2004,False,60.0
29311,2003,False,63.0
29313,2005,False,68.0
29314,2006,False,102.0
29315,2008,False,58.0
29317,2003,False,73.0
29318,2009,False,72.0
29322,2011,False,77.0
29323,2004,False,59.0
29324,2006,False,57.0
29326,2014,False,59.0
29330,2012,False,81.0
29337,2008,False,68.0
29343,2005,False,59.0
29344,2005,False,90.0
29346,2007,False,63.0
29348,2010,False,77.0
29349,2011,False,45.0
29358,2004,False,93.0
29360,2010,False,75.0
29361,2006,False,84.0
29370,2005,False,91.0
29371,2003,False,99.0
29374,2010,False,64.0
29377,2003,False,108.0
29379,2010,False,59.0
29381,2009,False,52.0
29386,2009,False,84.0
29387,2008,False,51.0
29388,2008,False,43.0
29391,2014,False,69.0
29392,2006,False,122.0
29394,2009,False,134.0
29395,2013,False,60.0
29399,2012,False,40.0
29406,2014,False,79.0
29409,2005,False,56.0
29413,2004,False,52.0
29414,2013,False,80.0
29415,2008,False,116.0
29416,2011,False,56.0
29423,2011,False,65.0
29429,2010,False,56.0
29432,2013,False,56.0
29435,2005,False,66.0
29436,2003,False,53.0
29437,2014,False,91.0
29441,2010,True,221.0
29442,2006,False,63.0
29450,2011,False,48.0
29458,2011,False,64.0
29462,2003,False,62.0
29464,2003,False,61.0
29465,2003,False,44.0
29468,2009,False,69.0
29471,2008,False,81.0
29472,2003,False,89.0
29475,2004,False,64.0
29480,2009,False,49.0
29493,2009,False,66.0
29495,2003,False,39.0
29500,2012,False,44.0
29502,2008,False,54.0
29504,2009,True,158.0
29506,2008,False,53.0
29510,2011,False,46.0
29512,2011,False,64.0
29515,2010,False,50.0
29519,2003,False,80.0
29530,2007,False,50.0
29533,2014,False,42.0
29544,2006,False,69.0
29545,2010,True,590.0
29546,2014,False,53.0
29547,2006,False,50.0
29555,2011,False,73.0
29558,2010,False,97.0
29562,2007,False,60.0
29564,2009,False,72.0
29565,2007,False,63.0
29566,2010,False,115.0
29567,2006,False,92.0
29568,2013,False,88.0
29569,2008,False,92.0
29581,2012,False,53.0
29582,2003,False,82.0
29583,2003,False,70.0
29584,2009,False,52.0
29589,2013,False,84.0
29591,2004,False,85.0
29595,2010,False,61.0
29597,2004,False,64.0
29599,2003,False,99.0
29600,2006,False,58.0
29603,2014,False,52.0
29605,2006,False,75.0
29606,2007,False,48.0
29608,2008,False,68.0
29611,2006,False,93.0
29616,2008,False,71.0
29621,2009,False,85.0
29622,2003,False,64.0
29628,2011,False,91.0
29630,2012,False,63.0
29633,2010,False,64.0
29637,2003,False,69.0
29638,2007,False,76.0
29639,2008,False,79.0
29640,2008,False,58.0
29641,2009,False,73.0
29644,2012,False,62.0
29646,2011,False,44.0
29648,2005,False,118.0
29649,2007,False,68.0
29650,2010,False,67.0
29652,2006,False,82.0
29653,2007,False,64.0
29655,2006,False,76.0
29660,2005,False,64.0
29664,2004,False,83.0
29669,2008,False,66.0
29670,2004,False,50.0
29672,2008,False,63.0
29678,2006,False,68.0
29679,2004,False,63.0
29683,2008,False,88.0
29687,2004,False,55.0
29693,2011,False,57.0
29694,2007,False,39.0
29695,2012,False,58.0
29697,2007,False,61.0
29698,2004,False,97.0
29700,2012,False,74.0
29701,2006,False,39.0
29704,2007,False,58.0
29705,2011,False,63.0
29719,2011,True,135.0
29722,2009,False,46.0
29725,2006,False,74.0
29728,2014,False,63.0
29735,2012,False,80.0
29740,2006,False,75.0
29741,2011,False,57.0
29745,2008,False,83.0
29746,2012,False,58.0
29750,2009,False,50.0
29752,2003,False,85.0
29757,2009,False,63.0
29758,2012,False,59.0
29764,2012,False,40.0
29768,2008,False,68.0
29771,2013,False,70.0
29775,2004,False,53.0
29776,2005,False,65.0
29780,2011,False,116.0
29782,2008,False,58.0
29783,2011,True,116.0
29784,2014,False,49.0
29791,2006,False,69.0
29792,2006,False,58.0
29793,2005,False,51.0
29797,2004,False,69.0
29800,2009,False,54.0
29802,2006,False,88.0
29804,2010,False,60.0
29808,2013,False,50.0
29809,2005,False,45.0
29814,2013,False,83.0
29816,2011,False,82.0
29818,2012,False,65.0
29819,2007,False,53.0
29824,2004,False,83.0
29825,2010,False,68.0
29826,2005,False,81.0
29830,2007,False,57.0
29831,2008,False,60.0
29833,2007,False,92.0
29836,2004,True,240.0
29848,2007,False,46.0
29849,2005,False,48.0
29854,2004,False,49.0
29855,2009,False,68.0
29863,2007,False,49.0
29864,2006,False,64.0
29870,2003,False,58.0
29871,2005,False,104.0
29881,2008,False,90.0
29882,2010,False,65.0
29885,2009,False,98.0
29887,2004,False,41.0
29892,2007,False,62.0
29893,2003,False,105.0
29894,2014,False,65.0
29895,2009,False,65.0
29901,2007,False,59.0
29903,2007,False,84.0
29909,2007,False,39.0
29913,2005,False,56.0
29915,2004,False,62.0
29919,2014,False,59.0
29922,2012,False,64.0
29926,2009,True,107.0
29928,2014,False,91.0
29935,2011,False,88.0
29941,2005,True,120.0
29951,2006,False,60.0
29953,2013,False,57.0
29954,2007,False,93.0
29961,2003,False,60.0
29962,2008,False,50.0
29963,2008,False,50.0
29968,2003,False,67.0
29970,2012,False,67.0
29973,2008,False,49.0
29977,2008,False,102.0
29978,2004,False,55.0
29980,2010,False,87.0
29981,2008,False,57.0
29983,2003,False,69.0
29984,2005,False,68.0
29985,2005,False,65.0
29986,2003,False,44.0
29994,2005,False,74.0
29995,2007,False,93.0
30003,2005,False,65.0
30007,2007,False,68.0
30009,2003,False,97.0
30010,2009,False,59.0
30013,2003,False,84.0
30015,2011,False,60.0
30019,2008,False,47.0
30025,2013,False,84.0
30031,2006,False,58.0
30033,2009,False,66.0
30036,2008,False,59.0
30040,2006,False,137.0
30046,2010,False,56.0
30052,2003,True,170.0
30058,2008,False,59.0
30059,2003,False,81.0
30063,2006,False,101.0
30065,2010,False,60.0
30068,2004,False,75.0
30069,2010,False,48.0
30070,2011,False,48.0
30072,2014,False,52.0
30074,2003,False,87.0
30075,2009,False,41.0
30077,2010,False,78.0
30078,2011,False,51.0
30082,2006,False,49.0
30086,2012,False,74.0
30087,2014,False,59.0
30092,2005,False,71.0
30096,2008,False,54.0
30100,2014,False,49.0
30110,2010,False,75.0
30118,2011,False,53.0
30119,2005,False,54.0
30120,2008,False,48.0
30124,2004,False,73.0
30133,2003,False,47.0
30135,2012,False,65.0
30136,2003,False,54.0
30140,2004,False,51.0
30142,2003,False,81.0
30144,2003,False,51.0
30145,2004,False,61.0
30147,2007,False,48.0
30148,2010,False,61.0
30149,2004,False,56.0
30151,2008,False,48.0
30152,2009,False,93.0
30153,2004,False,76.0
30155,2010,False,77.0
30158,2013,False,62.0
30159,2007,False,63.0
30162,2003,False,73.0
30164,2003,False,47.0
30165,2013,False,76.0
30166,2007,False,77.0
30167,2013,False,61.0
30168,2010,False,72.0
30169,2008,False,49.0
30171,2010,False,66.0
30173,2004,False,58.0
30177,2012,False,65.0
30180,2003,False,101.0
30181,2010,False,91.0
30182,2011,False,47.0
30187,2010,False,72.0
30193,2006,False,127.0
30195,2012,False,41.0
30196,2009,False,94.0
30197,2004,False,93.0
30200,2005,False,39.0
30202,2006,True,154.0
30207,2011,False,59.0
30208,2006,False,52.0
30209,2008,False,54.0
30213,2010,False,73.0
30215,2003,False,41.0
30222,2005,False,78.0
30223,2012,False,49.0
30227,2006,False,84.0
30229,2010,False,56.0
30230,2006,False,63.0
30237,2013,False,64.0
30238,2010,False,53.0
30239,2011,False,111.0
30240,2007,False,61.0
30242,2004,False,56.0
30244,2005,False,62.0
30251,2013,False,96.0
30255,2009,False,71.0
30256,2011,False,102.0
30260,2006,False,93.0
30264,2009,False,81.0
30266,2009,False,63.0
30269,2009,True,125.0
30271,2012,False,74.0
30272,2004,False,65.0
30288,2009,False,97.0
30289,2003,False,74.0
30290,2003,False,76.0
30291,2010,False,89.0
30293,2013,False,62.0
30295,2010,False,52.0
30297,2009,False,86.0
30298,2010,False,61.0
30302,2006,False,88.0
30305,2007,False,84.0
30307,2003,False,52.0
30308,2005,False,105.0
30312,2005,False,74.0
30314,2008,False,44.0
30317,2014,False,60.0
30318,2004,False,84.0
30320,2006,False,62.0
30329,2003,False,69.0
30330,2004,False,64.0
30331,2003,False,58.0
30333,2007,False,77.0
30335,2003,False,89.0
30337,2007,False,58.0
30339,2004,False,67.0
30343,2009,False,69.0
30344,2009,False,58.0
30345,2003,False,130.0
30351,2007,False,64.0
30353,2006,False,74.0
30357,2007,False,78.0
30358,2012,False,90.0
30370,2003,False,83.0
30372,2005,False,74.0
30373,2005,False,87.0
30380,2004,False,57.0
30381,2012,False,46.0
30383,2004,False,86.0
30390,2006,False,56.0
30395,2012,False,66.0
30400,2009,False,57.0
30405,2014,False,40.0
30408,2005,True,374.0
30409,2009,True,111.0
30411,2006,False,78.0
30413,2010,False,67.0
30417,2007,False,40.0
30427,2012,False,72.0
30435,2010,False,106.0
30442,2009,False,102.0
30445,2005,False,75.0
30449,2006,False,38.0
30455,2014,False,76.0
30459,2007,False,74.0
30460,2006,False,91.0
30469,2003,False,70.0
30473,2011,False,60.0
30479,2012,False,66.0
30482,2012,False,46.0
30486,2012,False,63.0
30489,2003,False,52.0
30490,2008,False,94.0
30493,2008,False,48.0
30497,2004,False,69.0
30506,2010,True,81.0
30514,2011,False,57.0
30516,2014,False,62.0
30517,2013,False,36.0
30522,2009,False,60.0
30530,2008,False,60.0
30537,2006,False,35.0
30538,2003,False,66.0
30539,2007,False,50.0
30541,2006,False,86.0
30550,2010,False,54.0
30551,2009,False,55.0
30554,2006,False,68.0
30562,2005,False,80.0
30563,2012,False,52.0
30566,2010,False,110.0
30572,2010,True,108.0
30574,2007,False,128.0
30575,2013,False,87.0
30581,2013,False,91.0
30585,2005,False,58.0
30589,2005,False,72.0
30591,2003,False,72.0
30594,2006,False,68.0
30599,2007,False,69.0
30600,2009,False,62.0
30603,2008,False,65.0
30609,2004,False,75.0
30612,2009,False,55.0
30613,2004,False,93.0
30615,2013,False,74.0
30623,2012,False,84.0
30631,2011,False,46.0
30636,2008,False,52.0
30640,2014,False,52.0
30642,2004,True,55.0
30644,2010,False,82.0
30646,2012,False,97.0
30649,2008,True,99.0
30653,2008,False,88.0
30657,2003,False,35.0
30661,2013,False,94.0
30664,2012,False,65.0
30667,2003,False,55.0
30669,2009,False,62.0
30670,2004,False,54.0
30676,2006,False,57.0
30678,2007,False,55.0
30687,2003,False,79.0
30688,2012,False,63.0
30690,2004,False,62.0
30691,2003,False,116.0
30695,2005,False,48.0
30697,2003,False,45.0
30698,2004,True,130.0
30700,2012,False,75.0
30701,2005,False,66.0
30702,2014,False,48.0
30707,2003,False,45.0
30711,2012,False,95.0
30712,2010,False,85.0
30714,2005,False,90.0
30719,2003,False,98.0
30722,2007,False,48.0
30724,2004,False,94.0
30734,2004,False,79.0
30740,2010,False,52.0
30741,2013,True,187.0
30745,2008,False,76.0
30748,2004,False,55.0
30749,2003,False,66.0
30751,2014,False,53.0
30752,2007,False,53.0
30755,2010,False,45.0
30756,2011,False,63.0
30758,2008,False,87.0
30760,2007,False,57.0
30761,2004,False,61.0
30767,2013,False,70.0
30772,2011,False,57.0
30773,2003,False,52.0
30776,2004,False,65.0
30777,2005,False,92.0
30781,2003,False,65.0
30783,2013,False,64.0
30791,2008,False,100.0
30792,2010,False,53.0
30795,2006,False,64.0
30796,2006,False,112.0
30797,2008,False,73.0
30798,2005,False,124.0
30800,2005,False,63.0
30802,2012,False,77.0
30803,2003,False,61.0
30805,2011,False,76.0
30812,2012,False,81.0
30814,2009,False,71.0
30817,2011,False,56.0
30819,2007,False,61.0
30821,2014,False,59.0
30825,2003,False,39.0
30829,2003,False,51.0
30835,2006,False,62.0
30837,2008,False,98.0
30839,2007,False,102.0
30840,2010,False,73.0
30850,2007,False,65.0
30855,2010,False,30.0
30857,2010,True,101.0
30858,2005,False,81.0
30861,2007,False,70.0
30862,2007,False,64.0
30864,2009,False,70.0
30867,2008,False,83.0
30868,2007,False,81.0
30869,2003,False,62.0
30870,2009,False,64.0
30872,2004,False,66.0
30874,2010,False,67.0
30876,2007,False,86.0
30878,2011,False,62.0
30880,2004,False,55.0
30882,2004,False,40.0
30885,2014,False,109.0
30888,2004,False,64.0
30890,2013,True,196.0
30895,2006,False,61.0
30898,2004,False,50.0
30905,2013,False,48.0
30906,2007,False,62.0
30909,2009,False,79.0
30913,2003,False,122.0
30914,2010,False,107.0
30927,2006,False,71.0
30938,2003,False,67.0
30941,2014,False,72.0
30947,2004,False,123.0
30949,2003,False,81.0
30950,2007,False,60.0
30955,2009,False,60.0
30958,2013,False,53.0
30959,2004,False,91.0
30966,2003,False,134.0
30967,2014,False,67.0
30969,2007,False,83.0
30970,2014,False,91.0
30971,2005,False,63.0
30972,2003,False,38.0
30975,2010,False,51.0
30977,2004,False,84.0
30983,2011,False,77.0
30984,2006,False,65.0
30986,2012,False,51.0
30992,2009,False,83.0
30993,2014,False,127.0
30995,2006,False,82.0
30998,2003,False,63.0
30999,2005,False,66.0
31005,2006,False,110.0
31007,2005,False,60.0
31009,2007,False,64.0
31010,2005,False,71.0
31017,2011,False,63.0
31018,2006,False,64.0
31021,2006,False,75.0
31022,2009,False,60.0
31024,2006,False,82.0
31029,2008,False,84.0
31032,2007,False,68.0
31033,2005,False,55.0
31034,2010,False,142.0
31036,2012,False,79.0
31037,2005,False,94.0
31038,2014,False,79.0
31041,2006,False,81.0
31045,2010,False,53.0
31051,2014,False,55.0
31056,2008,False,92.0
31061,2003,False,68.0
31064,2005,True,266.0
31065,2005,False,52.0
31068,2009,False,79.0
31069,2007,True,185.0
31072,2008,False,54.0
31074,2003,False,57.0
31081,2009,False,74.0
31085,2008,False,78.0
31086,2013,False,56.0
31089,2014,False,77.0
31090,2013,False,72.0
31094,2010,False,51.0
31095,2005,False,89.0
31096,2013,False,66.0
31099,2007,False,74.0
31100,2006,False,71.0
31101,2004,False,45.0
31102,2011,False,82.0
31105,2008,False,54.0
31110,2011,False,90.0
31113,2004,True,144.0
31116,2005,False,63.0
31124,2007,False,65.0
31125,2012,False,57.0
31126,2006,False,102.0
31129,2004,False,63.0
31133,2006,False,66.0
31135,2008,False,117.0
31138,2013,False,71.0
31139,2004,False,71.0
31141,2006,False,100.0
31151,2007,False,51.0
31152,2007,False,70.0
31153,2003,True,150.0
31154,2005,False,50.0
31162,2006,False,64.0
31164,2005,False,62.0
31170,2014,True,1927.0
31171,2004,False,45.0
31172,2006,True,219.0
31175,2005,False,78.0
31176,2014,False,59.0
31183,2006,False,66.0
31184,2008,False,74.0
31187,2003,False,72.0
31189,2004,False,61.0
31190,2010,True,237.0
31194,2004,False,61.0
31195,2006,False,103.0
31202,2003,False,63.0
31203,2007,False,79.0
31205,2007,False,55.0
31217,2005,False,69.0
31218,2011,False,58.0
31219,2003,False,43.0
31220,2006,False,98.0
31222,2003,False,63.0
31224,2009,False,68.0
31230,2013,False,93.0
31231,2006,False,83.0
31241,2003,False,54.0
31242,2006,False,82.0
31244,2004,False,53.0
31246,2014,False,41.0
31248,2004,False,64.0
31249,2009,False,58.0
31253,2014,False,66.0
31258,2010,False,53.0
31259,2011,False,50.0
31266,2008,False,87.0
31268,2003,False,68.0
31270,2007,False,41.0
31276,2003,False,75.0
31277,2004,False,55.0
31280,2013,False,61.0
31281,2010,False,54.0
31284,2009,False,32.0
31296,2003,False,59.0
31299,2012,False,63.0
31304,2010,False,74.0
31305,2011,False,53.0
31307,2003,False,51.0
31309,2011,False,48.0
31310,2003,False,105.0
31313,2010,False,52.0
31314,2008,False,85.0
31315,2008,False,82.0
31340,2008,False,50.0
31343,2008,False,107.0
31345,2014,True,191.0
31347,2007,False,53.0
31351,2011,False,64.0
31354,2007,False,50.0
31355,2005,False,65.0
31359,2010,True,233.0
31361,2005,False,70.0
31366,2011,False,109.0
31367,2006,False,45.0
31373,2008,False,92.0
31375,2003,False,69.0
31376,2007,True,215.0
31382,2005,False,66.0
31386,2006,False,79.0
31387,2003,False,83.0
31388,2007,False,72.0
31389,2007,True,77.0
31390,2004,False,75.0
31391,2008,False,36.0
31392,2004,False,72.0
31397,2005,False,60.0
31400,2003,False,60.0
31403,2007,False,111.0
31404,2004,False,60.0
31405,2005,False,59.0
31410,2003,False,52.0
31411,2007,False,65.0
31416,2010,False,66.0
31421,2004,False,63.0
31423,2013,False,72.0
31426,2010,False,49.0
31428,2014,False,46.0
31430,2008,False,66.0
31435,2006,False,47.0
31437,2011,False,67.0
31438,2004,False,85.0
31440,2007,True,99.0
31441,2006,False,73.0
31451,2004,False,46.0
31455,2006,True,118.0
31456,2003,False,56.0
31459,2009,False,45.0
31461,2007,False,62.0
31465,2010,False,56.0
31474,2006,False,90.0
31476,2004,True,109.0
31482,2007,False,48.0
31484,2010,False,78.0
31491,2011,False,67.0
31494,2008,False,126.0
31498,2010,False,47.0
31501,2005,True,224.0
31503,2012,False,61.0
31505,2008,False,52.0
31508,2005,False,53.0
31509,2004,False,59.0
31515,2004,False,48.0
31516,2010,False,61.0
31518,2006,False,54.0
31520,2007,False,74.0
31523,2005,False,77.0
31529,2005,False,63.0
31530,2003,False,81.0
31535,2005,False,79.0
31536,2013,True,136.0
31540,2004,True,63.0
31541,2004,False,64.0
31543,2006,False,56.0
31544,2003,False,79.0
31551,2005,False,45.0
31553,2006,False,74.0
31554,2006,False,47.0
31555,2012,False,84.0
31556,2005,False,91.0
31557,2003,False,41.0
31560,2009,False,53.0
31567,2005,False,71.0
31569,2006,False,103.0
31570,2004,False,68.0
31574,2003,False,67.0
31577,2014,False,68.0
31578,2013,False,98.0
31582,2005,True,176.0
31588,2005,False,71.0
31589,2008,True,241.0
31593,2011,True,311.0
31595,2006,False,43.0
31598,2005,False,80.0
31604,2010,False,57.0
31610,2011,True,129.0
31611,2003,False,55.0
31612,2014,False,56.0
31613,2009,False,48.0
31616,2013,False,38.0
31622,2012,False,43.0
31623,2013,False,52.0
31627,2005,False,53.0
31629,2009,False,53.0
31631,2008,False,66.0
31634,2011,False,47.0
31644,2007,False,77.0
31646,2011,False,87.0
31651,2012,False,65.0
31652,2007,False,73.0
31657,2010,False,64.0
31659,2007,True,143.0
31662,2003,False,121.0
31663,2005,False,66.0
31664,2003,False,55.0
31671,2006,False,85.0
31673,2009,False,62.0
31678,2004,False,67.0
31679,2013,True,137.0
31680,2004,False,60.0
31681,2004,False,38.0
31682,2004,False,59.0
31684,2012,True,111.0
31685,2004,False,70.0
31688,2003,False,105.0
31689,2006,False,61.0
31691,2004,False,65.0
31694,2007,False,116.0
31699,2007,False,100.0
31702,2003,False,63.0
31703,2010,False,60.0
31706,2003,False,75.0
31707,2008,False,53.0
31715,2008,False,59.0
31716,2010,False,59.0
31720,2012,False,59.0
31723,2011,False,61.0
31724,2004,False,61.0
31728,2010,False,52.0
31731,2012,False,57.0
31732,2005,False,71.0
31734,2005,False,57.0
31736,2010,False,60.0
31741,2006,False,52.0
31742,2003,False,57.0
31751,2003,False,61.0
31755,2003,False,73.0
31759,2004,False,66.0
31760,2013,False,69.0
31764,2003,False,61.0
31766,2007,False,71.0
31768,2004,False,65.0
31771,2014,False,65.0
31773,2014,False,80.0
31774,2014,True,441.0
31776,2006,False,55.0
31777,2007,True,211.0
31781,2009,False,87.0
31784,2008,False,71.0
31785,2008,False,59.0
31787,2004,False,45.0
31793,2004,False,60.0
31795,2007,False,59.0
31798,2012,False,55.0
31800,2008,False,73.0
31801,2004,False,49.0
31802,2006,False,68.0
31803,2008,False,93.0
31804,2012,False,67.0
31805,2007,False,73.0
31814,2009,False,66.0
31815,2010,True,162.0
31821,2003,False,58.0
31822,2012,False,74.0
31826,2008,False,37.0
31828,2012,False,59.0
31831,2006,False,51.0
31838,2009,False,92.0
31839,2004,False,54.0
31844,2010,False,53.0
31848,2005,False,117.0
31855,2008,False,76.0
31856,2010,False,58.0
31860,2005,False,56.0
31862,2003,False,47.0
31874,2004,False,59.0
31879,2004,False,88.0
31885,2003,False,65.0
31893,2004,False,56.0
31904,2008,False,61.0
31906,2010,False,66.0
31907,2005,False,46.0
31910,2004,True,146.0
31913,2006,False,78.0
31920,2009,False,48.0
31923,2009,False,75.0
31924,2013,False,63.0
31927,2014,False,94.0
31931,2008,False,74.0
31936,2011,False,38.0
31943,2013,False,61.0
31948,2007,False,88.0
31950,2004,False,102.0
31951,2008,False,57.0
31961,2008,False,79.0
31963,2008,False,58.0
31964,2004,False,89.0
31965,2012,False,77.0
31972,2004,False,123.0
31977,2003,False,61.0
31978,2004,False,52.0
31980,2006,True,92.0
31984,2008,False,47.0
31987,2006,False,131.0
31991,2005,False,53.0
31992,2009,False,46.0
31997,2014,False,79.0
31999,2004,False,60.0
32001,2007,False,51.0
32006,2013,False,55.0
32007,2006,False,62.0
32014,2006,False,113.0
32015,2012,False,95.0
32020,2009,False,76.0
32028,2004,False,77.0
32033,2003,False,108.0
32039,2009,False,51.0
32042,2005,False,48.0
32046,2011,True,96.0
32050,2006,False,47.0
32051,2004,False,93.0
32053,2004,False,66.0
32054,2005,False,58.0
32056,2005,True,106.0
32062,2005,False,85.0
32070,2011,False,60.0
32072,2004,False,141.0
32074,2008,False,111.0
32077,2003,False,84.0
32080,2008,False,47.0
32082,2011,False,53.0
32083,2008,False,77.0
32085,2003,False,42.0
32086,2008,False,68.0
32088,2003,False,77.0
32091,2008,False,65.0
32093,2006,False,63.0
32095,2006,False,71.0
32096,2006,False,90.0
32097,2011,False,65.0
32101,2006,False,56.0
32104,2010,False,37.0
32105,2014,False,65.0
32107,2006,False,54.0
32108,2006,False,50.0
32112,2006,False,85.0
32113,2011,False,50.0
32119,2005,False,52.0
32121,2012,False,61.0
32122,2010,False,80.0
32130,2012,False,63.0
32133,2009,False,71.0
32135,2003,True,120.0
32136,2010,False,59.0
32141,2008,False,73.0
32143,2007,False,52.0
32149,2003,False,52.0
32153,2014,False,50.0
32154,2005,False,79.0
32157,2007,False,79.0
32159,2014,False,52.0
32160,2003,False,72.0
32161,2009,False,53.0
32164,2005,True,69.0
32169,2010,False,56.0
32171,2007,False,79.0
32175,2012,False,79.0
32176,2010,False,79.0
32179,2014,False,52.0
32190,2003,False,77.0
32193,2003,False,87.0
32195,2009,False,129.0
32199,2006,False,62.0
32205,2012,False,105.0
32208,2007,True,270.0
32216,2007,False,56.0
32219,2005,False,56.0
32226,2003,False,38.0
32227,2005,False,46.0
32228,2005,False,58.0
32232,2005,False,96.0
32236,2008,False,42.0
32240,2013,False,64.0
32241,2012,False,52.0
32244,2005,False,72.0
32246,2012,False,62.0
32247,2005,False,67.0
32253,2004,False,65.0
32255,2006,False,45.0
32258,2010,False,59.0
32272,2014,False,142.0
32273,2008,False,55.0
32275,2008,False,86.0
32280,2012,False,60.0
32283,2008,False,67.0
32284,2010,False,87.0
32292,2006,False,84.0
32304,2003,False,70.0
32306,2004,False,57.0
32307,2004,False,134.0
32308,2009,False,47.0
32314,2007,False,62.0
32318,2006,False,58.0
32324,2003,False,98.0
32325,2005,False,56.0
32327,2012,False,55.0
32328,2007,False,71.0
32333,2013,False,85.0
32334,2009,False,55.0
32339,2011,False,104.0
32340,2004,False,109.0
32346,2007,False,69.0
32350,2003,False,72.0
32352,2014,False,59.0
32356,2004,False,61.0
32362,2004,False,71.0
32379,2006,False,97.0
32381,2006,False,91.0
32382,2014,False,45.0
32386,2008,False,62.0
32388,2007,False,41.0
32392,2009,False,75.0
32396,2010,False,58.0
32402,2009,False,90.0
32404,2011,False,110.0
32406,2011,False,53.0
32414,2003,False,91.0
32424,2003,False,63.0
32427,2006,True,153.0
32434,2008,False,50.0
32435,2010,False,57.0
32436,2006,False,66.0
32437,2004,False,73.0
32438,2004,False,58.0
32440,2010,False,66.0
32442,2012,False,68.0
32444,2014,False,65.0
32446,2004,False,53.0
32447,2014,False,71.0
32449,2003,False,59.0
32452,2010,False,69.0
32455,2005,False,56.0
32459,2012,False,60.0
32461,2007,False,64.0
32462,2011,True,107.0
32473,2008,False,56.0
32475,2004,False,73.0
32478,2013,False,64.0
32485,2011,False,49.0
32495,2014,False,44.0
32497,2008,False,78.0
32499,2014,False,75.0
32503,2007,False,79.0
32505,2008,False,124.0
32507,2003,False,53.0
32514,2013,False,57.0
32515,2006,False,68.0
32517,2008,False,58.0
32522,2009,False,63.0
32523,2009,False,65.0
32527,2006,False,47.0
32530,2013,True,105.0
32533,2014,False,49.0
32534,2007,False,55.0
32537,2013,False,59.0
32539,2010,False,39.0
32545,2010,False,44.0
32546,2004,False,48.0
32548,2008,False,66.0
32555,2014,False,54.0
32556,2005,False,60.0
32562,2005,True,146.0
32569,2013,False,46.0
32570,2007,False,86.0
32571,2008,False,75.0
32572,2013,False,87.0
32578,2003,False,73.0
32580,2004,False,105.0
32581,2004,False,79.0
32582,2009,False,38.0
32588,2011,False,87.0
32589,2011,False,84.0
32590,2004,False,86.0
32593,2012,False,58.0
32595,2005,False,42.0
32596,2005,False,48.0
32603,2004,False,56.0
32604,2011,True,117.0
32606,2008,False,103.0
32609,2008,False,50.0
32611,2010,False,73.0
32612,2006,False,80.0
32613,2011,False,58.0
32615,2007,False,64.0
32616,2003,True,104.0
32617,2005,False,118.0
32620,2006,False,112.0
32621,2008,False,83.0
32622,2004,False,62.0
32625,2008,False,46.0
32629,2005,False,72.0
32638,2004,False,92.0
32643,2005,False,64.0
32648,2009,False,41.0
32652,2006,False,81.0
32653,2013,True,432.0
32656,2014,False,73.0
32657,2008,False,65.0
32660,2009,False,46.0
32661,2007,False,63.0
32666,2012,False,93.0
32669,2009,False,49.0
32670,2009,False,71.0
32671,2003,False,100.0
32678,2005,False,61.0
32680,2008,False,48.0
32681,2006,False,58.0
32693,2007,False,83.0
32694,2009,False,67.0
32695,2004,False,53.0
32696,2006,False,82.0
32699,2003,True,179.0
32701,2012,True,160.0
32703,2006,False,50.0
32705,2004,False,71.0
32709,2013,True,330.0
32711,2003,False,65.0
32712,2008,False,60.0
32713,2005,False,74.0
32714,2012,False,61.0
32724,2008,False,48.0
32727,2014,True,587.0
32729,2012,False,76.0
32730,2006,False,75.0
32731,2013,False,93.0
32738,2009,False,84.0
32739,2010,False,80.0
32740,2009,False,78.0
32743,2009,False,61.0
32749,2003,False,81.0
32750,2009,False,78.0
32755,2013,False,89.0
32766,2009,False,63.0
32769,2011,True,395.0
32773,2009,False,69.0
32776,2004,False,81.0
32779,2005,False,92.0
32784,2010,False,62.0
32786,2009,False,53.0
32787,2011,False,89.0
32790,2004,False,57.0
32795,2011,False,53.0
32801,2005,False,52.0
32810,2003,False,87.0
32811,2003,True,353.0
32812,2004,False,64.0
32821,2008,False,58.0
32823,2007,False,76.0
32824,2010,False,63.0
32827,2014,False,54.0
32830,2011,False,55.0
32831,2008,False,150.0
32833,2012,False,103.0
32836,2009,False,50.0
32837,2013,False,71.0
32838,2004,False,87.0
32845,2004,False,77.0
32846,2011,False,85.0
32847,2010,True,64.0
32848,2006,False,71.0
32852,2003,False,138.0
32860,2008,False,60.0
32865,2004,False,97.0
32866,2009,False,84.0
32867,2013,False,67.0
32869,2004,False,61.0
32870,2005,False,66.0
32873,2007,False,74.0
32874,2012,False,80.0
32877,2004,True,151.0
32879,2006,False,107.0
32881,2011,False,76.0
32883,2010,False,83.0
32897,2014,False,62.0
32899,2011,False,51.0
32901,2009,False,53.0
32912,2013,False,69.0
32913,2013,False,42.0
32915,2011,False,72.0
32917,2004,False,61.0
32923,2013,False,72.0
32924,2014,False,114.0
32925,2010,False,81.0
32926,2006,False,115.0
32927,2003,False,51.0
32931,2012,False,63.0
32935,2011,False,62.0
32939,2009,False,127.0
32940,2006,False,53.0
32945,2003,False,61.0
32948,2007,False,63.0
32949,2005,True,144.0
32954,2004,False,118.0
32960,2007,False,95.0
32961,2003,False,71.0
32964,2004,False,53.0
32967,2008,False,50.0
32974,2009,False,88.0
32977,2010,False,100.0
32978,2011,False,65.0
32980,2012,False,80.0
32987,2003,False,54.0
32990,2009,True,242.0
32996,2013,False,52.0
32997,2008,False,64.0
32998,2012,False,65.0
33000,2007,False,55.0
33005,2008,False,62.0
33007,2012,False,70.0
33009,2008,False,74.0
33010,2007,False,87.0
33012,2003,False,51.0
33013,2010,False,67.0
33014,2008,False,118.0
33023,2003,False,59.0
33027,2009,False,83.0
33029,2005,False,100.0
33037,2007,False,91.0
33038,2007,False,80.0
33040,2008,False,83.0
33044,2004,False,76.0
33046,2007,False,75.0
33051,2014,False,61.0
33054,2003,False,119.0
33063,2011,False,48.0
33064,2010,False,38.0
33065,2006,False,50.0
33066,2008,False,60.0
33067,2011,False,61.0
33074,2003,False,92.0
33075,2012,False,58.0
33076,2008,False,95.0
33077,2005,False,74.0
33080,2012,False,65.0
33082,2012,False,63.0
33083,2006,False,72.0
33089,2005,False,77.0
33093,2008,False,61.0
33094,2006,False,80.0
33098,2012,False,76.0
33099,2005,False,112.0
33103,2006,False,69.0
33105,2006,False,76.0
33106,2011,False,49.0
33110,2009,False,43.0
33114,2005,True,190.0
33119,2007,False,90.0
33120,2006,False,88.0
33123,2011,False,57.0
33124,2005,False,115.0
33128,2010,True,166.0
33129,2003,False,61.0
33137,2010,False,58.0
33139,2004,False,57.0
33141,2013,False,59.0
33142,2008,False,61.0
33143,2010,False,71.0
33144,2005,False,54.0
33146,2011,False,45.0
33148,2005,False,88.0
33150,2009,False,85.0
33151,2006,False,92.0
33152,2009,False,53.0
33153,2004,False,74.0
33156,2010,False,45.0
33157,2008,False,81.0
33158,2009,False,73.0
33159,2004,False,61.0
33162,2006,False,93.0
33163,2003,False,54.0
33167,2005,False,59.0
33168,2014,False,83.0
33174,2006,False,62.0
33178,2008,False,47.0
33179,2006,False,60.0
33181,2012,False,69.0
33183,2012,False,103.0
33184,2011,False,71.0
33187,2007,False,87.0
33191,2007,False,128.0
33192,2003,False,80.0
33193,2009,False,88.0
33195,2011,False,73.0
33197,2010,False,58.0
33198,2012,False,70.0
33201,2010,False,62.0
33207,2009,False,80.0
33208,2007,False,113.0
33210,2012,False,155.0
33211,2008,False,77.0
33216,2007,False,51.0
33218,2005,False,59.0
33222,2012,False,63.0
33225,2009,False,43.0
33227,2010,False,55.0
33230,2004,True,128.0
33231,2013,False,60.0
33232,2003,False,82.0
33236,2003,False,66.0
33245,2006,False,62.0
33247,2011,False,76.0
33248,2006,False,59.0
33253,2011,False,36.0
33256,2003,False,75.0
33259,2008,False,94.0
33262,2004,False,89.0
33264,2012,False,125.0
33265,2007,False,71.0
33267,2008,False,60.0
33269,2011,False,88.0
33270,2008,False,106.0
33271,2008,False,127.0
33274,2007,False,72.0
33277,2004,False,75.0
33278,2010,False,57.0
33279,2012,False,66.0
33280,2013,False,89.0
33282,2004,False,69.0
33286,2010,False,64.0
33288,2013,False,51.0
33292,2004,False,53.0
33294,2006,False,66.0
33304,2004,False,124.0
33307,2014,False,44.0
33308,2006,False,57.0
33309,2012,False,64.0
33310,2004,False,62.0
33313,2009,False,67.0
33316,2004,False,40.0
33317,2012,False,80.0
33319,2005,False,83.0
33320,2003,False,64.0
33322,2013,True,146.0
33325,2009,False,59.0
33328,2013,False,66.0
33334,2012,False,55.0
33340,2008,False,50.0
33341,2008,False,43.0
33342,2012,False,82.0
33344,2007,False,38.0
33345,2012,False,64.0
33349,2003,False,60.0
33351,2014,False,50.0
33353,2007,False,84.0
33355,2007,False,67.0
33356,2008,False,86.0
33362,2008,False,48.0
33367,2007,False,55.0
33370,2003,False,81.0
33384,2011,False,64.0
33391,2013,False,36.0
33392,2003,False,62.0
33396,2010,False,62.0
33401,2006,False,68.0
33402,2004,False,71.0
33405,2009,False,60.0
33408,2007,False,57.0
33417,2013,False,48.0
33420,2006,False,52.0
33429,2004,False,95.0
33431,2011,False,77.0
33432,2005,False,57.0
33440,2007,False,104.0
33441,2005,False,73.0
33444,2009,False,57.0
33445,2010,False,72.0
33446,2004,False,43.0
33448,2003,False,60.0
33450,2007,False,57.0
33451,2014,False,54.0
33456,2008,False,55.0
33458,2006,False,64.0
33459,2007,False,51.0
33461,2009,False,103.0
33464,2008,False,89.0
33465,2004,False,62.0
33466,2007,False,77.0
33470,2006,False,63.0
33472,2005,False,44.0
33477,2009,False,64.0
33483,2003,False,53.0
33486,2007,False,71.0
33497,2009,False,62.0
33503,2006,True,70.0
33504,2012,True,225.0
33507,2003,False,86.0
33508,2010,False,41.0
33510,2006,False,70.0
33514,2012,False,67.0
33515,2008,False,54.0
33526,2013,False,48.0
33529,2012,False,49.0
33531,2010,False,50.0
33532,2014,False,60.0
33533,2013,True,133.0
33534,2014,False,63.0
33538,2004,False,80.0
33542,2005,False,64.0
33543,2004,False,75.0
33545,2010,False,79.0
33548,2005,False,117.0
33550,2003,False,73.0
33554,2004,False,70.0
33557,2006,False,66.0
33560,2005,False,68.0
33566,2010,False,80.0
33568,2006,False,63.0
33572,2011,False,138.0
33573,2006,False,79.0
33574,2004,False,97.0
33578,2008,False,111.0
33580,2011,False,58.0
33582,2014,False,64.0
33584,2005,False,76.0
33586,2009,False,73.0
33593,2009,False,64.0
33595,2003,False,45.0
33597,2013,False,52.0
33599,2010,False,54.0
33605,2012,False,71.0
33606,2009,False,102.0
33607,2011,False,64.0
33608,2008,False,65.0
33610,2006,False,72.0
33611,2005,False,62.0
33612,2004,False,37.0
33615,2014,False,42.0
33618,2013,False,73.0
33622,2012,False,83.0
33629,2006,False,127.0
33631,2008,False,114.0
33632,2008,False,68.0
33635,2013,False,54.0
33637,2007,False,61.0
33639,2003,False,36.0
33642,2005,False,85.0
33645,2006,False,63.0
33646,2010,False,97.0
33654,2013,True,684.0
33655,2011,False,74.0
33661,2008,False,65.0
33666,2007,False,75.0
33667,2004,False,57.0
33670,2009,False,44.0
33672,2003,False,198.0
33673,2008,False,58.0
33676,2012,False,63.0
33683,2014,False,51.0
33684,2011,False,58.0
33685,2008,False,52.0
33686,2008,False,102.0
33691,2007,False,98.0
33692,2010,False,69.0
33693,2004,False,87.0
33694,2012,False,74.0
33696,2004,False,74.0
33698,2008,False,79.0
33705,2011,False,53.0
33707,2014,False,75.0
33709,2013,True,129.0
33712,2004,False,49.0
33718,2009,False,85.0
33726,2011,False,89.0
33727,2008,False,50.0
33728,2010,False,52.0
33729,2004,False,70.0
33732,2007,False,79.0
33736,2003,False,84.0
33737,2014,False,63.0
33740,2011,False,45.0
33742,2008,False,61.0
33743,2007,False,73.0
33744,2007,False,63.0
33746,2006,False,54.0
33748,2004,False,56.0
33750,2013,False,77.0
33751,2004,False,40.0
33755,2005,False,49.0
33765,2008,False,51.0
33766,2005,False,70.0
33769,2006,True,132.0
33776,2010,False,67.0
33779,2010,False,57.0
33782,2004,False,40.0
33785,2003,False,74.0
33786,2003,False,70.0
33792,2003,False,86.0
33793,2003,False,60.0
33796,2005,False,74.0
33802,2009,False,57.0
33803,2005,False,71.0
33805,2014,False,133.0
33806,2008,False,71.0
33807,2007,False,53.0
33808,2008,False,83.0
33809,2005,False,85.0
33813,2011,False,60.0
33814,2004,False,83.0
33816,2010,False,121.0
33819,2003,False,45.0
33821,2005,False,60.0
33823,2004,False,63.0
33825,2004,False,80.0
33827,2006,False,38.0
33831,2005,False,65.0
33834,2012,False,70.0
33841,2008,False,77.0
33846,2014,False,57.0
33850,2003,False,80.0
33853,2014,False,50.0
33854,2003,False,94.0
33856,2009,False,80.0
33857,2009,False,56.0
33858,2008,False,75.0
33859,2005,False,55.0
33860,2012,False,83.0
33863,2014,False,79.0
33865,2005,False,54.0
33871,2011,False,66.0
33873,2004,False,67.0
33875,2003,False,59.0
33882,2009,False,54.0
33883,2009,False,95.0
33891,2011,False,64.0
33892,2009,False,56.0
33893,2005,False,75.0
33894,2003,False,79.0
33895,2013,False,48.0
33896,2009,False,79.0
33908,2003,True,116.0
33911,2004,False,45.0
33912,2003,False,49.0
33916,2009,False,91.0
33918,2009,False,41.0
33919,2009,False,46.0
33921,2009,False,46.0
33924,2004,False,61.0
33925,2008,False,92.0
33936,2008,False,74.0
33939,2009,False,67.0
33940,2008,False,45.0
33943,2005,False,51.0
33944,2010,False,91.0
33946,2006,False,54.0
33947,2011,False,91.0
33950,2013,False,61.0
33951,2003,False,80.0
33958,2006,False,76.0
33959,2007,False,69.0
33963,2014,False,78.0
33966,2009,False,120.0
33971,2008,False,64.0
33976,2008,False,73.0
33978,2003,False,83.0
33980,2005,False,87.0
33984,2004,False,76.0
33985,2007,False,81.0
33986,2006,False,52.0
33987,2008,False,79.0
33990,2011,False,91.0
33991,2009,True,100.0
33996,2005,False,69.0
33999,2012,False,69.0
34008,2008,False,84.0
34012,2008,False,71.0
34015,2004,False,70.0
34016,2008,False,52.0
34018,2013,False,70.0
34019,2014,False,62.0
34021,2009,False,64.0
34023,2004,False,65.0
34025,2012,False,72.0
34027,2011,True,139.0
34032,2009,False,78.0
34037,2009,False,68.0
34039,2009,False,61.0
34040,2010,False,101.0
34041,2010,False,59.0
34044,2006,False,55.0
34048,2014,False,55.0
34049,2006,False,60.0
34051,2007,False,54.0
34052,2008,False,55.0
34054,2012,False,102.0
34055,2009,False,106.0
34056,2011,False,53.0
34057,2003,False,77.0
34058,2004,True,450.0
34059,2009,False,67.0
34060,2004,False,55.0
34061,2008,False,66.0
34062,2013,False,98.0
34071,2005,False,76.0
34073,2006,True,116.0
34074,2011,False,93.0
34075,2011,False,64.0
34080,2003,False,69.0
34081,2013,False,85.0
34082,2012,False,54.0
34083,2005,False,117.0
34086,2007,False,67.0
34087,2007,False,62.0
34094,2004,False,65.0
34095,2003,False,49.0
34097,2011,False,68.0
34098,2013,True,410.0
34099,2009,False,59.0
34100,2008,True,91.0
34101,2007,False,59.0
34102,2010,False,75.0
34103,2006,False,81.0
34104,2008,False,87.0
34107,2011,False,53.0
34108,2003,False,67.0
34109,2006,False,71.0
34115,2006,False,100.0
34118,2003,False,198.0
34120,2003,True,150.0
34125,2004,False,84.0
34127,2006,False,64.0
34133,2014,False,52.0
34134,2006,False,73.0
34135,2005,False,52.0
34137,2004,False,54.0
34140,2009,False,72.0
34141,2007,False,111.0
34143,2014,False,84.0
34146,2005,False,79.0
34148,2003,False,120.0
34149,2008,False,85.0
34159,2004,False,59.0
34167,2006,False,101.0
34169,2004,False,72.0
34171,2008,False,71.0
34173,2009,False,70.0
34176,2007,False,42.0
34178,2006,False,75.0
34182,2014,False,70.0
34183,2009,False,54.0
34185,2012,False,70.0
34186,2003,False,89.0
34191,2005,False,87.0
34193,2006,False,67.0
34194,2010,True,621.0
34201,2007,False,55.0
34220,2014,False,71.0
34224,2010,True,153.0
34225,2014,False,65.0
34229,2006,False,47.0
34230,2006,False,72.0
34234,2008,False,47.0
34236,2012,False,91.0
34238,2006,False,68.0
34239,2014,False,91.0
34243,2008,False,98.0
34249,2003,False,250.0
34251,2008,False,40.0
34252,2007,False,55.0
34256,2003,False,65.0
34257,2009,False,62.0
34261,2010,False,68.0
34266,2006,False,52.0
34271,2005,False,108.0
34272,2009,False,71.0
34277,2010,False,75.0
34280,2009,False,64.0
34284,2003,False,47.0
34286,2003,False,90.0
34292,2006,False,51.0
34294,2004,False,45.0
34298,2009,False,71.0
34300,2007,False,85.0
34308,2014,True,91.0
34310,2009,False,72.0
34313,2003,False,78.0
34318,2003,False,48.0
34322,2009,False,63.0
34325,2003,False,106.0
34329,2011,False,64.0
34330,2003,False,54.0
34332,2007,False,64.0
34334,2003,False,63.0
34336,2003,False,58.0
34337,2010,False,84.0
34339,2013,False,68.0
34340,2009,False,70.0
34344,2012,False,51.0
34345,2014,False,67.0
34346,2004,False,73.0
34355,2005,False,69.0
34356,2004,False,71.0
34361,2010,False,80.0
34363,2007,False,44.0
34366,2007,False,80.0
34368,2008,False,67.0
34369,2009,False,67.0
34370,2005,False,139.0
34376,2004,False,70.0
34380,2011,False,66.0
34381,2012,False,80.0
34383,2013,False,50.0
34384,2009,False,110.0
34386,2004,False,115.0
34388,2014,False,56.0
34390,2004,False,44.0
34391,2013,False,60.0
34396,2012,False,58.0
34398,2014,False,39.0
34402,2009,False,64.0
34403,2006,False,68.0
34404,2013,False,54.0
34410,2011,False,50.0
34412,2007,False,54.0
34417,2004,False,68.0
34423,2009,False,94.0
34424,2008,False,65.0
34425,2011,False,70.0
34429,2007,False,54.0
34433,2004,False,47.0
34434,2012,True,316.0
34437,2008,False,57.0
34439,2003,False,49.0
34440,2009,False,111.0
34446,2012,False,66.0
34450,2008,False,50.0
34452,2011,False,69.0
34453,2005,False,89.0
34454,2004,False,76.0
34455,2014,False,67.0
34456,2009,False,57.0
34462,2013,False,70.0
34463,2006,False,55.0
34468,2012,False,88.0
34470,2013,False,77.0
34475,2007,False,96.0
34481,2010,False,93.0
34482,2010,False,49.0
34487,2008,False,93.0
34494,2012,False,57.0
34498,2004,False,59.0
34507,2003,False,90.0
34508,2003,False,72.0
34516,2003,False,66.0
34517,2009,False,48.0
34518,2007,False,67.0
34520,2006,False,181.0
34530,2008,False,73.0
34531,2008,False,70.0
34535,2004,False,86.0
34547,2007,False,69.0
34553,2012,False,112.0
34555,2011,False,59.0
34556,2006,False,61.0
34557,2004,False,61.0
34558,2005,False,45.0
34559,2012,False,126.0
34561,2005,False,51.0
34565,2005,False,80.0
34567,2007,False,54.0
34572,2012,False,60.0
34573,2008,False,67.0
34575,2013,False,65.0
34577,2013,False,72.0
34580,2010,False,64.0
34581,2008,False,80.0
34585,2008,False,70.0
34588,2014,False,71.0
34598,2003,False,56.0
34602,2012,False,70.0
34607,2010,False,58.0
34613,2006,False,59.0
34614,2008,False,70.0
34617,2006,False,77.0
34621,2006,False,64.0
34637,2008,False,44.0
34640,2008,False,70.0
34648,2011,False,47.0
34652,2010,False,54.0
34655,2007,False,48.0
34659,2008,False,63.0
34661,2005,False,112.0
34663,2012,False,57.0
34668,2005,False,51.0
34669,2006,False,70.0
34670,2010,False,120.0
34671,2007,False,54.0
34672,2009,False,51.0
34674,2010,False,53.0
34676,2005,False,54.0
34678,2007,False,56.0
34683,2008,False,40.0
34684,2007,False,102.0
34686,2008,False,54.0
34697,2005,False,76.0
34701,2011,True,152.0
34702,2003,False,47.0
34705,2006,False,62.0
34711,2003,False,55.0
34713,2010,True,225.0
34726,2009,False,65.0
34734,2006,False,53.0
34739,2003,False,71.0
34741,2005,False,74.0
34742,2009,False,69.0
34744,2010,False,77.0
34745,2011,False,63.0
34747,2009,False,46.0
34754,2009,False,86.0
34757,2007,False,80.0
34759,2004,False,74.0
34760,2010,False,94.0
34761,2005,False,84.0
34762,2005,False,64.0
34763,2004,False,53.0
34764,2004,False,58.0
34768,2010,False,72.0
34769,2009,False,106.0
34770,2012,False,54.0
34776,2008,False,43.0
34778,2014,False,51.0
34785,2004,False,69.0
34792,2009,False,62.0
34794,2003,False,49.0
34799,2008,False,57.0
34801,2011,False,63.0
34803,2008,False,48.0
34804,2004,False,45.0
34805,2008,False,63.0
34808,2007,False,107.0
34810,2008,False,103.0
34811,2010,False,44.0
34818,2006,False,79.0
34819,2009,False,105.0
34822,2003,False,52.0
34823,2003,False,60.0
34826,2003,False,56.0
34831,2004,False,72.0
34841,2014,False,42.0
34843,2007,False,48.0
34852,2003,False,59.0
34858,2008,False,50.0
34860,2012,False,89.0
34863,2008,False,87.0
34865,2009,False,74.0
34866,2005,False,66.0
34876,2009,False,74.0
34878,2006,False,94.0
34879,2011,False,58.0
34880,2006,False,52.0
34882,2014,False,94.0
34885,2008,False,66.0
34886,2012,False,51.0
34888,2003,True,85.0
34889,2009,False,78.0
34906,2005,False,92.0
34908,2014,True,116.0
34911,2012,False,58.0
34914,2011,True,213.0
34915,2006,False,76.0
34916,2005,False,50.0
34917,2012,False,60.0
34924,2003,False,51.0
34925,2014,True,127.0
34930,2010,False,61.0
34931,2013,False,78.0
34933,2008,False,92.0
34934,2014,False,46.0
34936,2008,False,50.0
34939,2008,False,70.0
34943,2004,False,65.0
34945,2011,False,49.0
34955,2007,False,96.0
34959,2007,False,85.0
34963,2006,False,57.0
34967,2011,False,87.0
34968,2010,False,61.0
34972,2012,False,99.0
34975,2004,False,85.0
34976,2010,False,73.0
34982,2003,True,147.0
34985,2004,False,70.0
34997,2008,False,66.0
34998,2003,False,86.0
34999,2010,False,36.0
35000,2005,False,90.0
35004,2014,False,55.0
35006,2007,False,95.0
35008,2013,False,52.0
35023,2010,False,63.0
35028,2011,False,94.0
35031,2006,False,70.0
35032,2005,False,55.0
35038,2010,False,47.0
35039,2009,False,83.0
35042,2006,False,64.0
35046,2013,False,88.0
35049,2006,False,42.0
35051,2006,False,74.0
35059,2014,False,72.0
35068,2008,False,90.0
35071,2005,False,56.0
35076,2007,False,82.0
35079,2003,False,65.0
35081,2005,False,71.0
35082,2010,False,55.0
35093,2011,False,103.0
35094,2014,False,60.0
35095,2011,False,89.0
35098,2013,False,48.0
35101,2012,False,74.0
35102,2005,False,57.0
35107,2005,False,86.0
35109,2003,False,61.0
35119,2011,False,62.0
35121,2008,False,133.0
35125,2014,False,84.0
35127,2010,False,55.0
35131,2007,True,105.0
35132,2013,False,68.0
35133,2012,True,138.0
35136,2003,False,55.0
35137,2007,False,98.0
35140,2011,False,125.0
35147,2014,False,63.0
35150,2009,False,51.0
35152,2009,False,75.0
35153,2006,False,69.0
35154,2008,False,49.0
35155,2009,False,92.0
35160,2013,False,88.0
35161,2007,False,58.0
35164,2014,False,59.0
35165,2009,False,66.0
35167,2006,False,68.0
35168,2010,False,71.0
35169,2005,False,58.0
35171,2010,False,82.0
35173,2007,False,36.0
35188,2003,False,48.0
35190,2004,False,63.0
35202,2013,False,73.0
35203,2011,False,90.0
35204,2013,False,69.0
35205,2003,True,135.0
35214,2003,False,60.0
35215,2003,False,56.0
35218,2014,False,35.0
35221,2013,False,90.0
35224,2003,False,100.0
35239,2011,False,89.0
35243,2008,False,79.0
35250,2012,True,113.0
35251,2008,False,59.0
35253,2010,False,52.0
35255,2010,True,790.0
35257,2009,False,55.0
35261,2012,False,58.0
35263,2009,False,59.0
35264,2013,False,56.0
35277,2005,False,75.0
35291,2009,True,379.0
35293,2012,False,49.0
35294,2006,False,90.0
35295,2004,False,57.0
35302,2008,False,71.0
35303,2014,True,137.0
35304,2013,False,59.0
35305,2014,False,58.0
35306,2013,False,55.0
35308,2011,False,40.0
35315,2006,False,60.0
35316,2007,False,58.0
35325,2007,False,62.0
35327,2013,False,74.0
35331,2008,True,325.0
35338,2005,False,103.0
35342,2010,False,72.0
35346,2005,False,84.0
35352,2012,False,74.0
35353,2007,False,54.0
35356,2014,False,68.0
35357,2012,False,62.0
35365,2013,False,55.0
35367,2010,False,68.0
35370,2012,False,60.0
35371,2008,False,43.0
35373,2010,False,77.0
35374,2010,False,94.0
35375,2010,False,51.0
35378,2003,False,53.0
35379,2007,False,37.0
35381,2006,False,67.0
35386,2005,False,65.0
35394,2005,False,42.0
35397,2007,False,89.0
35402,2010,False,65.0
35403,2007,False,72.0
35404,2006,True,102.0
35408,2007,False,40.0
35412,2006,False,51.0
35419,2004,False,72.0
35422,2010,False,52.0
35440,2010,False,81.0
35444,2005,False,48.0
35445,2012,False,104.0
35446,2014,False,52.0
35450,2014,False,48.0
35451,2007,True,121.0
35457,2008,False,57.0
35460,2009,False,54.0
35462,2012,True,342.0
35464,2012,False,59.0
35470,2011,False,77.0
35472,2007,False,71.0
35473,2014,False,92.0
35475,2013,False,96.0
35478,2006,False,71.0
35479,2004,False,72.0
35480,2009,False,41.0
35486,2003,False,38.0
35491,2007,False,59.0
35497,2005,False,77.0
35498,2010,False,84.0
35502,2003,False,47.0
35504,2012,True,143.0
35509,2003,False,49.0
35511,2008,False,73.0
35512,2011,False,107.0
35517,2011,False,55.0
35519,2006,False,75.0
35520,2005,False,48.0
35522,2003,False,83.0
35525,2004,True,107.0
35526,2014,False,79.0
35527,2007,False,69.0
35530,2014,False,57.0
35531,2006,False,65.0
35533,2008,False,88.0
35536,2005,False,66.0
35542,2011,False,91.0
35544,2003,False,73.0
35547,2011,False,75.0
35548,2005,False,97.0
35551,2003,False,76.0
35555,2005,False,119.0
35558,2010,False,97.0
35564,2013,False,61.0
35569,2003,False,65.0
35571,2011,False,53.0
35577,2011,False,57.0
35579,2003,False,77.0
35585,2009,False,72.0
35587,2010,False,64.0
35590,2003,False,56.0
35591,2003,False,59.0
35596,2011,False,47.0
35599,2005,False,78.0
35604,2012,True,237.0
35612,2013,False,65.0
35616,2004,False,43.0
35618,2008,False,41.0
35619,2010,False,85.0
35627,2005,False,56.0
35635,2003,False,67.0
35637,2012,False,41.0
35639,2006,False,67.0
35640,2004,False,65.0
35641,2008,False,68.0
35644,2011,False,70.0
35651,2005,False,62.0
35655,2004,False,74.0
35659,2005,False,65.0
35661,2013,False,51.0
35662,2003,False,62.0
35672,2003,False,73.0
35677,2003,False,74.0
35682,2007,False,103.0
35685,2012,False,87.0
35693,2010,False,73.0
35694,2013,False,58.0
35696,2013,False,73.0
35699,2013,False,66.0
35700,2010,False,81.0
35701,2003,False,69.0
35705,2009,False,45.0
35710,2005,False,33.0
35714,2003,False,87.0
35716,2003,False,57.0
35717,2003,False,113.0
35718,2007,False,65.0
35719,2008,False,43.0
35721,2004,False,93.0
35727,2009,False,57.0
35728,2010,False,78.0
35737,2006,False,60.0
35740,2008,False,77.0
35744,2006,False,62.0
35746,2009,False,89.0
35747,2008,False,88.0
35755,2006,False,54.0
35756,2007,False,61.0
35759,2005,False,65.0
35763,2003,False,84.0
35766,2006,False,62.0
35768,2012,False,95.0
35772,2003,False,65.0
35776,2003,False,82.0
35781,2012,False,65.0
35782,2006,False,61.0
35789,2008,True,190.0
35791,2011,True,116.0
35798,2007,False,82.0
35801,2009,False,63.0
35803,2012,False,61.0
35807,2008,False,75.0
35812,2005,False,51.0
35821,2007,False,57.0
35822,2009,False,61.0
35828,2008,False,71.0
35829,2009,False,42.0
35830,2003,False,75.0
35831,2013,False,51.0
35836,2007,False,60.0
35844,2004,False,41.0
35853,2012,False,67.0
35854,2009,False,63.0
35857,2014,False,75.0
35858,2004,False,46.0
35859,2003,False,55.0
35862,2010,False,61.0
35864,2013,False,67.0
35875,2006,False,71.0
35877,2009,False,54.0
35881,2004,False,94.0
35885,2005,True,110.0
35890,2004,False,60.0
35893,2004,False,72.0
35895,2006,False,72.0
35901,2009,False,62.0
35902,2003,False,56.0
35905,2009,False,81.0
35907,2007,False,109.0
35909,2009,False,49.0
35913,2003,False,71.0
35915,2010,False,46.0
35925,2012,False,47.0
35927,2006,False,60.0
35930,2012,False,69.0
35935,2003,False,117.0
35939,2010,False,62.0
35941,2003,False,66.0
35946,2009,False,43.0
35956,2009,False,62.0
35957,2004,False,77.0
35961,2008,False,45.0
35967,2013,False,131.0
35972,2008,False,110.0
35973,2004,False,51.0
35976,2008,False,78.0
35977,2003,False,75.0
35981,2005,False,70.0
35982,2014,False,85.0
35985,2004,False,56.0
35986,2012,False,72.0
35988,2012,False,71.0
35990,2003,False,81.0
35994,2007,False,68.0
35998,2012,False,69.0
36001,2004,False,59.0
36005,2005,False,57.0
36007,2003,False,99.0
36013,2010,False,51.0
36015,2008,True,136.0
36016,2011,False,50.0
36018,2007,False,68.0
36022,2003,False,56.0
36027,2007,False,52.0
36028,2007,False,82.0
36029,2008,False,42.0
36030,2013,False,71.0
36035,2003,False,69.0
36036,2003,False,56.0
36043,2012,False,65.0
36047,2014,False,56.0
36059,2008,False,58.0
36063,2004,False,63.0
36068,2005,False,60.0
36069,2005,False,57.0
36073,2008,False,54.0
36074,2009,False,75.0
36078,2006,False,75.0
36079,2008,False,58.0
36080,2007,False,71.0
36081,2010,False,63.0
36084,2009,False,67.0
36086,2009,False,41.0
36087,2003,False,70.0
36089,2012,False,55.0
36093,2007,False,87.0
36100,2003,False,37.0
36111,2010,False,67.0
36117,2010,False,54.0
36120,2014,True,145.0
36122,2003,False,98.0
36125,2009,False,62.0
36131,2009,False,41.0
36133,2012,False,65.0
36139,2004,False,82.0
36141,2010,False,83.0
36145,2011,False,64.0
36148,2003,False,41.0
36156,2006,False,67.0
36157,2009,False,116.0
36158,2004,False,85.0
36164,2013,False,43.0
36165,2004,False,81.0
36168,2007,False,111.0
36170,2007,False,47.0
36172,2009,False,53.0
36173,2009,False,57.0
36176,2005,False,62.0
36177,2004,False,55.0
36181,2004,False,55.0
36185,2009,False,59.0
36189,2014,False,72.0
36195,2010,False,55.0
36196,2006,False,54.0
36206,2006,False,56.0
36208,2007,False,68.0
36213,2009,False,92.0
36216,2009,False,74.0
36218,2004,False,55.0
36222,2012,False,87.0
36223,2003,False,70.0
36228,2007,False,61.0
36233,2005,False,54.0
36234,2012,False,71.0
36242,2012,False,84.0
36248,2010,False,60.0
36252,2008,False,35.0
36254,2006,False,72.0
36256,2004,False,53.0
36259,2012,False,50.0
36262,2012,False,71.0
36263,2003,False,67.0
36267,2006,False,54.0
36268,2004,False,93.0
36271,2011,False,95.0
36273,2007,False,65.0
36275,2007,False,60.0
36280,2012,False,85.0
36283,2003,False,49.0
36288,2012,False,60.0
36289,2013,False,90.0
36291,2005,False,94.0
36298,2006,False,81.0
36301,2012,False,81.0
36302,2006,False,60.0
36307,2013,False,58.0
36308,2011,False,108.0
36313,2005,False,66.0
36314,2005,False,95.0
36316,2003,False,60.0
36317,2008,False,61.0
36323,2007,False,51.0
36324,2003,False,66.0
36325,2010,False,67.0
36327,2014,False,64.0
36328,2008,False,73.0
36330,2005,False,66.0
36335,2004,False,78.0
36337,2009,False,85.0
36340,2009,False,76.0
36341,2013,False,60.0
36343,2009,False,66.0
36348,2007,False,58.0
36350,2004,False,58.0
36352,2008,False,76.0
36355,2006,False,96.0
36357,2011,False,63.0
36358,2008,False,73.0
36359,2007,False,114.0
36365,2004,False,118.0
36369,2007,False,65.0
36376,2003,False,88.0
36378,2004,False,63.0
36379,2003,False,55.0
36381,2011,False,62.0
36390,2003,False,46.0
36393,2004,False,53.0
36396,2013,True,596.0
36399,2006,False,61.0
36409,2003,False,50.0
36412,2014,False,57.0
36413,2010,False,46.0
36419,2008,False,60.0
36420,2011,False,74.0
36421,2012,True,93.0
36423,2004,False,101.0
36426,2012,False,89.0
36427,2006,False,117.0
36430,2005,False,43.0
36431,2004,False,79.0
36433,2013,False,73.0
36436,2012,False,55.0
36438,2013,False,61.0
36440,2003,False,83.0
36441,2004,False,62.0
36443,2007,False,53.0
36456,2006,False,61.0
36458,2003,False,84.0
36460,2004,False,54.0
36462,2010,False,48.0
36464,2008,False,61.0
36470,2013,True,254.0
36471,2009,False,71.0
36476,2009,False,64.0
36487,2014,False,60.0
36488,2006,False,55.0
36492,2007,False,63.0
36493,2013,False,56.0
36496,2011,False,49.0
36500,2003,True,121.0
36505,2013,False,93.0
36507,2008,False,58.0
36508,2007,False,82.0
36509,2010,False,49.0
36519,2011,False,43.0
36521,2004,False,54.0
36522,2009,False,72.0
36524,2004,False,94.0
36525,2013,False,63.0
36526,2006,False,61.0
36527,2013,False,56.0
36528,2005,False,85.0
36532,2004,True,162.0
36539,2013,False,64.0
36545,2003,False,59.0
36546,2011,False,68.0
36552,2006,False,74.0
36559,2003,False,77.0
36565,2004,False,60.0
36566,2006,True,207.0
36574,2008,False,48.0
36578,2014,False,60.0
36580,2005,False,48.0
36585,2007,False,47.0
36590,2011,True,279.0
36593,2009,True,133.0
36595,2008,False,59.0
36598,2011,False,70.0
36601,2011,False,86.0
36606,2009,False,57.0
36609,2004,False,72.0
36613,2005,False,83.0
36614,2012,False,63.0
36615,2007,False,85.0
36617,2003,False,57.0
36619,2007,False,70.0
36620,2014,False,89.0
36622,2006,False,77.0
36626,2008,False,63.0
36628,2006,False,109.0
36629,2006,False,73.0
36635,2008,False,95.0
36638,2009,False,74.0
36642,2008,False,119.0
36649,2003,False,43.0
36652,2009,False,85.0
36654,2011,False,74.0
36663,2007,False,83.0
36664,2006,False,96.0
36666,2011,False,95.0
36669,2011,False,52.0
36682,2012,False,43.0
36683,2014,False,101.0
36684,2004,False,102.0
36686,2003,False,71.0
36687,2004,False,69.0
36694,2007,False,95.0
36695,2014,False,45.0
36696,2008,False,47.0
36697,2011,False,68.0
36698,2005,False,55.0
36699,2009,False,96.0
36708,2007,True,139.0
36709,2007,False,62.0
36715,2014,True,218.0
36717,2012,False,47.0
36721,2005,False,65.0
36727,2010,True,101.0
36729,2003,False,73.0
36733,2004,False,60.0
36747,2006,False,62.0
36752,2003,True,205.0
36757,2004,False,57.0
36759,2004,False,50.0
36762,2003,False,63.0
36763,2010,False,82.0
36767,2011,False,62.0
36778,2007,False,63.0
36780,2006,False,73.0
36781,2005,False,75.0
36790,2010,False,94.0
36799,2012,False,49.0
36802,2006,True,147.0
36805,2010,False,74.0
36807,2005,False,48.0
36812,2012,False,62.0
36815,2010,False,145.0
36816,2006,False,46.0
36818,2003,False,69.0
36820,2008,False,53.0
36821,2006,False,80.0
36827,2006,False,45.0
36829,2012,False,56.0
36830,2005,False,109.0
36831,2006,False,51.0
36832,2010,False,66.0
36836,2010,False,75.0
36839,2013,False,35.0
36840,2006,False,96.0
36843,2004,False,91.0
36849,2005,False,57.0
36850,2014,False,117.0
36852,2004,False,55.0
36856,2006,False,69.0
36857,2010,False,86.0
36860,2008,False,99.0
36862,2009,True,121.0
36863,2006,False,55.0
36866,2010,False,49.0
36870,2006,False,69.0
36871,2003,False,50.0
36872,2010,False,62.0
36875,2008,False,62.0
36877,2007,False,70.0
36880,2006,False,73.0
36883,2004,False,128.0
36884,2003,False,42.0
36885,2003,False,59.0
36888,2010,False,77.0
36889,2003,False,72.0
36890,2007,False,81.0
36895,2004,False,51.0
36900,2004,False,42.0
36902,2006,False,55.0
36909,2006,False,70.0
36916,2008,False,103.0
36919,2011,False,136.0
36921,2006,False,80.0
36922,2003,False,41.0
36924,2004,False,67.0
36925,2014,False,75.0
36926,2007,False,118.0
36928,2011,False,80.0
36930,2005,False,104.0
36936,2010,False,83.0
36937,2012,False,90.0
36938,2010,False,84.0
36948,2014,False,58.0
36950,2003,False,51.0
36954,2007,True,118.0
36957,2013,False,97.0
36960,2003,False,64.0
36970,2004,False,59.0
36973,2004,False,89.0
36974,2006,False,61.0
36976,2011,False,83.0
36978,2003,False,62.0
36979,2008,False,60.0
36982,2009,False,83.0
36984,2013,False,62.0
36985,2003,False,77.0
36986,2005,False,62.0
36993,2009,False,59.0
36995,2013,False,71.0
36996,2008,False,71.0
36999,2005,False,86.0
37005,2013,False,62.0
37006,2008,False,55.0
37010,2014,False,46.0
37014,2011,False,73.0
37015,2003,False,56.0
37016,2003,False,118.0
37020,2014,False,79.0
37025,2005,False,72.0
37026,2008,False,63.0
37029,2004,False,89.0
37030,2004,False,44.0
37033,2007,False,87.0
37034,2007,False,100.0
37041,2006,False,79.0
37043,2008,False,59.0
37044,2007,False,102.0
37046,2007,False,64.0
37052,2005,False,59.0
37060,2003,False,69.0
37063,2007,False,70.0
37064,2009,False,66.0
37065,2007,False,89.0
37075,2007,False,77.0
37077,2007,False,57.0
37079,2013,False,66.0
37082,2007,False,113.0
37084,2003,True,91.0
37086,2006,False,63.0
37092,2004,False,69.0
37099,2003,False,52.0
37102,2008,False,54.0
37105,2009,False,88.0
37113,2003,False,87.0
37119,2005,False,68.0
37120,2011,True,146.0
37122,2007,False,82.0
37124,2006,False,73.0
37125,2004,False,61.0
37126,2003,False,58.0
37127,2011,False,84.0
37128,2006,False,96.0
37129,2014,False,46.0
37130,2003,True,107.0
37132,2014,False,38.0
37134,2005,False,84.0
37136,2013,False,60.0
37138,2005,False,104.0
37140,2011,False,78.0
37141,2008,False,95.0
37143,2008,False,77.0
37148,2003,False,49.0
37149,2009,False,51.0
37155,2011,False,70.0
37157,2010,False,62.0
37164,2008,False,62.0
37166,2008,False,58.0
37167,2011,False,42.0
37170,2003,False,71.0
37171,2009,False,48.0
37173,2009,False,118.0
37174,2010,False,50.0
37175,2003,False,55.0
37177,2005,False,65.0
37182,2003,False,79.0
37189,2009,False,75.0
37191,2006,False,68.0
37193,2004,False,63.0
37194,2012,False,59.0
37198,2006,False,93.0
37200,2007,False,66.0
37205,2009,False,48.0
37213,2007,True,201.0
37216,2005,False,88.0
37217,2003,False,79.0
37223,2007,False,77.0
37226,2003,False,53.0
37228,2011,False,54.0
37237,2009,False,86.0
37239,2010,False,105.0
37240,2014,False,77.0
37242,2006,False,95.0
37246,2003,False,48.0
37247,2003,False,51.0
37248,2011,False,83.0
37249,2007,False,61.0
37252,2013,False,63.0
37253,2012,False,57.0
37254,2009,False,63.0
37255,2004,False,58.0
37258,2005,False,60.0
37259,2005,False,83.0
37261,2009,False,104.0
37263,2006,False,69.0
37265,2009,False,81.0
37266,2007,False,63.0
37267,2009,False,97.0
37269,2009,False,85.0
37270,2011,True,255.0
37272,2003,False,81.0
37274,2014,False,60.0
37276,2006,False,64.0
37277,2009,False,42.0
37280,2004,False,49.0
37283,2010,False,61.0
37286,2007,False,69.0
37291,2008,False,72.0
37294,2006,False,82.0
37299,2004,True,143.0
37300,2009,False,91.0
37307,2011,False,77.0
37309,2008,False,47.0
37313,2005,False,67.0
37315,2005,False,52.0
37317,2007,False,65.0
37320,2007,False,69.0
37323,2012,False,60.0
37327,2012,False,38.0
37328,2004,False,76.0
37329,2004,False,53.0
37331,2006,False,64.0
37338,2007,False,100.0
37340,2011,False,60.0
37343,2006,False,79.0
37346,2012,False,74.0
37355,2004,False,106.0
37356,2006,False,76.0
37357,2006,False,35.0
37363,2008,False,94.0
37364,2009,False,79.0
37369,2003,False,81.0
37372,2011,False,54.0
37376,2010,False,77.0
37379,2006,False,81.0
37380,2010,False,86.0
37382,2004,False,62.0
37384,2011,False,74.0
37385,2009,False,58.0
37386,2006,False,103.0
37391,2011,False,68.0
37392,2010,False,74.0
37393,2003,False,54.0
37394,2013,False,43.0
37395,2014,False,58.0
37396,2011,False,42.0
37405,2007,False,60.0
37406,2011,False,53.0
37408,2007,False,79.0
37414,2008,False,100.0
37417,2003,False,60.0
37419,2003,False,50.0
37423,2009,False,51.0
37430,2005,False,73.0
37437,2004,False,100.0
37438,2006,False,73.0
37441,2012,False,46.0
37446,2013,False,107.0
37450,2009,False,92.0
37452,2004,False,51.0
37459,2014,False,60.0
37460,2004,False,77.0
37461,2003,True,156.0
37466,2008,False,62.0
37468,2005,False,77.0
37472,2005,True,171.0
37474,2004,False,61.0
37479,2014,False,43.0
37480,2004,False,58.0
37484,2010,False,70.0
37491,2008,False,60.0
37493,2004,False,126.0
37494,2013,True,122.0
37495,2009,True,200.0
37503,2006,False,76.0
37509,2007,True,170.0
37514,2008,False,56.0
37516,2012,False,48.0
37522,2011,False,62.0
37525,2004,False,62.0
37536,2007,False,67.0
37545,2008,False,67.0
37549,2009,False,86.0
37552,2009,False,67.0
37553,2012,False,59.0
37558,2006,False,57.0
37560,2012,False,61.0
37561,2004,False,111.0
37565,2006,False,112.0
37567,2006,False,57.0
37574,2010,False,60.0
37576,2007,False,65.0
37579,2003,False,112.0
37580,2003,False,79.0
37582,2006,False,75.0
37588,2006,False,81.0
37591,2008,False,42.0
37593,2008,False,49.0
37596,2010,False,47.0
37597,2013,False,54.0
37598,2011,False,53.0
37599,2011,False,57.0
37601,2003,False,80.0
37604,2014,False,54.0
37607,2008,False,75.0
37609,2011,False,100.0
37613,2011,False,60.0
37614,2012,False,68.0
37631,2008,False,60.0
37632,2011,False,74.0
37633,2013,False,44.0
37638,2009,False,62.0
37640,2006,True,471.0
37641,2013,False,63.0
37643,2009,False,101.0
37649,2005,False,76.0
37657,2008,False,47.0
37658,2011,False,66.0
37660,2008,False,75.0
37664,2011,False,51.0
37667,2005,False,75.0
37669,2008,False,62.0
37671,2009,False,92.0
37678,2004,False,70.0
37683,2012,False,99.0
37689,2010,False,53.0
37696,2010,False,82.0
37700,2011,False,80.0
37702,2013,False,108.0
37708,2005,False,79.0
37709,2010,False,93.0
37714,2011,False,74.0
37719,2004,True,63.0
37720,2003,False,49.0
37721,2010,False,114.0
37722,2008,False,120.0
37724,2013,False,82.0
37726,2008,False,85.0
37727,2005,False,57.0
37731,2010,False,96.0
37735,2012,False,75.0
37736,2007,False,80.0
37737,2008,False,99.0
37741,2003,False,70.0
37742,2006,False,70.0
37751,2010,False,77.0
37752,2003,False,41.0
37759,2008,False,54.0
37763,2011,True,110.0
37777,2008,False,104.0
37778,2004,False,61.0
37779,2003,False,75.0
37782,2014,False,94.0
37786,2013,False,92.0
37790,2006,False,39.0
37791,2012,False,132.0
37792,2005,False,70.0
37798,2013,False,166.0
37799,2013,False,64.0
37800,2010,False,62.0
37809,2010,False,88.0
37812,2007,False,69.0
37817,2008,False,59.0
37818,2006,False,52.0
37821,2004,False,65.0
37823,2009,False,69.0
37826,2007,False,58.0
37830,2011,False,76.0
37834,2009,False,62.0
37836,2008,False,78.0
37842,2006,False,65.0
37844,2010,False,69.0
37848,2006,False,59.0
37850,2012,False,58.0
37852,2003,False,53.0
37853,2014,True,482.0
37855,2006,False,59.0
37858,2008,False,76.0
37860,2004,False,79.0
37863,2011,True,228.0
37865,2009,False,62.0
37868,2014,False,53.0
37869,2003,False,50.0
37870,2005,True,129.0
37871,2005,False,43.0
37872,2003,True,314.0
37875,2006,False,89.0
37877,2009,False,43.0
37885,2010,False,58.0
37892,2012,False,62.0
37893,2008,False,73.0
37896,2014,False,46.0
37897,2005,False,48.0
37898,2014,False,67.0
37899,2010,False,98.0
37900,2011,False,73.0
37903,2014,False,37.0
37904,2014,False,61.0
37911,2009,False,68.0
37915,2007,True,84.0
37917,2004,False,86.0
37919,2011,False,72.0
37923,2007,False,92.0
37927,2003,False,65.0
37934,2006,False,62.0
37935,2004,True,120.0
37936,2010,False,76.0
37937,2009,False,63.0
37939,2004,False,138.0
37941,2010,False,60.0
37945,2005,False,41.0
37948,2003,False,52.0
37952,2010,False,72.0
37954,2004,False,58.0
37955,2004,False,92.0
37960,2010,False,67.0
37962,2008,False,51.0
37967,2010,False,65.0
37970,2014,False,62.0
37973,2005,False,62.0
37976,2012,False,51.0
37977,2006,False,85.0
37980,2012,False,56.0
37994,2003,True,124.0
37996,2012,False,70.0
37999,2011,False,56.0
38001,2003,False,63.0
38004,2004,False,90.0
38006,2007,False,48.0
38010,2014,True,167.0
38014,2005,False,74.0
38015,2010,False,57.0
38016,2007,False,67.0
38021,2008,False,64.0
38030,2009,False,71.0
38037,2010,False,57.0
38041,2009,False,76.0
38042,2005,False,55.0
38044,2014,False,72.0
38051,2003,False,60.0
38054,2012,False,66.0
38064,2006,False,57.0
38067,2007,False,57.0
38074,2006,False,66.0
38075,2007,True,359.0
38076,2010,False,111.0
38095,2003,False,91.0
38097,2012,False,60.0
38098,2006,False,81.0
38101,2004,False,57.0
38104,2007,True,98.0
38106,2006,False,45.0
38107,2004,False,30.0
38108,2007,False,65.0
38109,2006,False,57.0
38110,2006,False,49.0
38111,2004,False,55.0
38114,2003,False,67.0
38118,2004,False,61.0
38120,2006,False,69.0
38122,2010,False,56.0
38124,2009,False,94.0
38128,2007,False,54.0
38129,2006,False,43.0
38131,2006,False,60.0
38132,2008,False,114.0
38136,2010,False,82.0
38138,2007,False,59.0
38140,2009,False,60.0
38147,2011,False,92.0
38152,2011,True,159.0
38154,2007,False,50.0
38157,2007,False,59.0
38159,2004,False,87.0
38162,2005,False,57.0
38163,2014,False,62.0
38164,2003,False,89.0
38165,2009,False,50.0
38167,2003,False,118.0
38169,2008,False,40.0
38170,2004,False,77.0
38173,2005,False,68.0
38175,2009,False,53.0
38177,2004,False,48.0
38179,2003,False,66.0
38182,2009,False,74.0
38188,2011,False,76.0
38190,2005,False,84.0
38191,2008,False,73.0
38192,2013,False,71.0
38194,2006,False,45.0
38197,2005,False,63.0
38198,2004,False,104.0
38201,2012,True,143.0
38204,2008,False,86.0
38206,2012,False,64.0
38207,2010,False,67.0
38208,2005,False,120.0
38210,2010,False,76.0
38211,2004,False,81.0
38212,2009,False,91.0
38214,2009,False,57.0
38216,2004,False,59.0
38217,2008,False,55.0
38220,2012,True,220.0
38221,2013,False,92.0
38224,2005,False,55.0
38230,2011,False,67.0
38232,2005,False,75.0
38233,2009,False,65.0
38234,2003,False,61.0
38235,2013,False,78.0
38236,2007,False,156.0
38238,2008,False,61.0
38240,2006,False,83.0
38242,2007,False,66.0
38250,2003,False,69.0
38253,2004,False,57.0
38256,2014,False,61.0
38259,2006,False,48.0
38261,2006,False,48.0
38263,2006,False,50.0
38265,2010,False,80.0
38268,2006,False,66.0
38271,2005,False,96.0
38277,2011,False,64.0
38279,2004,False,82.0
38286,2003,False,70.0
38290,2003,False,88.0
38292,2007,False,86.0
38295,2003,True,1802.0
38298,2007,False,60.0
38307,2005,False,89.0
38310,2013,False,72.0
38314,2009,False,128.0
38315,2004,False,51.0
38327,2008,False,57.0
38328,2014,True,193.0
38333,2006,False,79.0
38336,2007,False,66.0
38338,2009,False,63.0
38340,2014,False,47.0
38345,2009,False,56.0
38346,2010,False,48.0
38349,2005,False,51.0
38350,2008,False,64.0
38352,2011,False,76.0
38353,2003,False,73.0
38354,2004,False,69.0
38356,2007,False,73.0
38358,2006,False,100.0
38364,2005,False,71.0
38370,2003,False,81.0
38372,2014,False,59.0
38375,2004,False,68.0
38379,2006,False,75.0
38383,2004,True,112.0
38385,2009,False,49.0
38391,2014,False,83.0
38395,2003,False,41.0
38396,2010,False,130.0
38403,2006,False,62.0
38405,2011,False,129.0
38411,2009,False,118.0
38412,2010,False,62.0
38415,2003,False,58.0
38420,2003,False,129.0
38421,2004,True,118.0
38422,2013,False,61.0
38424,2006,False,78.0
38425,2011,False,73.0
38426,2006,False,99.0
38430,2010,False,68.0
38434,2008,False,107.0
38438,2003,False,80.0
38443,2008,False,60.0
38444,2005,True,68.0
38449,2004,False,91.0
38450,2011,False,64.0
38451,2009,False,65.0
38459,2004,False,60.0
38460,2010,False,67.0
38461,2007,True,116.0
38462,2014,False,80.0
38464,2013,False,90.0
38465,2006,False,81.0
38470,2007,False,64.0
38471,2011,True,160.0
38481,2008,False,59.0
38482,2003,False,106.0
38487,2011,False,41.0
38492,2011,False,54.0
38495,2005,True,95.0
38496,2004,False,57.0
38498,2011,False,69.0
38501,2011,False,50.0
38509,2010,False,58.0
38512,2006,False,74.0
38522,2009,True,103.0
38523,2006,False,74.0
38524,2012,False,62.0
38526,2012,False,59.0
38529,2011,False,99.0
38530,2004,False,47.0
38532,2011,False,53.0
38533,2007,False,64.0
38534,2013,False,54.0
38536,2011,False,51.0
38538,2007,False,61.0
38540,2013,False,55.0
38547,2013,False,66.0
38551,2009,False,54.0
38553,2008,False,68.0
38558,2005,False,95.0
38559,2009,False,48.0
38561,2004,False,54.0
38566,2005,False,66.0
38567,2010,True,125.0
38571,2007,False,63.0
38585,2005,False,90.0
38591,2012,False,77.0
38593,2014,True,143.0
38599,2011,False,82.0
38600,2007,False,101.0
38607,2004,False,77.0
38610,2006,False,49.0
38611,2011,False,65.0
38614,2012,False,79.0
38616,2014,False,54.0
38619,2013,False,48.0
38621,2008,False,70.0
38623,2007,False,79.0
38627,2006,False,57.0
38631,2006,False,68.0
38633,2006,False,76.0
38634,2003,False,62.0
38641,2011,False,63.0
38647,2011,False,74.0
38651,2004,False,58.0
38652,2003,False,41.0
38653,2004,False,65.0
38658,2006,False,60.0
38659,2005,False,66.0
38664,2007,False,71.0
38669,2011,False,42.0
38671,2006,False,49.0
38672,2009,False,66.0
38674,2005,False,80.0
38676,2005,False,61.0
38685,2009,False,60.0
38689,2005,False,51.0
38690,2009,False,73.0
38692,2007,False,54.0
38693,2003,False,99.0
38699,2003,False,78.0
38702,2003,False,59.0
38705,2011,False,76.0
38707,2005,False,50.0
38709,2007,False,45.0
38711,2009,False,67.0
38712,2011,False,76.0
38716,2007,False,40.0
38722,2010,True,141.0
38727,2004,False,71.0
38730,2014,False,71.0
38733,2003,False,75.0
38736,2011,False,136.0
38751,2003,False,56.0
38753,2004,False,58.0
38754,2010,False,54.0
38755,2004,False,70.0
38759,2003,False,58.0
38761,2010,True,111.0
38762,2012,False,76.0
38773,2005,False,114.0
38776,2013,False,103.0
38778,2006,False,94.0
38780,2007,False,38.0
38782,2005,False,72.0
38785,2008,True,134.0
38789,2011,False,67.0
38790,2008,False,98.0
38792,2004,False,49.0
38795,2006,False,44.0
38797,2013,False,77.0
38798,2014,False,86.0
38799,2009,False,38.0
38800,2005,False,52.0
38801,2004,False,77.0
38804,2006,False,67.0
38818,2008,False,41.0
38819,2007,False,54.0
38820,2009,False,46.0
38828,2008,False,57.0
38833,2006,False,98.0
38834,2003,False,69.0
38838,2013,True,235.0
38840,2009,True,133.0
38842,2008,False,88.0
38849,2006,False,83.0
38851,2008,False,93.0
38852,2014,False,71.0
38853,2008,False,94.0
38857,2011,False,68.0
38860,2009,False,93.0
38862,2012,False,60.0
38863,2013,False,49.0
38864,2007,False,64.0
38871,2003,False,48.0
38878,2007,False,82.0
38881,2004,False,66.0
38886,2014,False,93.0
38891,2004,False,61.0
38892,2009,False,71.0
38893,2004,False,97.0
38896,2006,False,60.0
38898,2009,False,74.0
38902,2007,False,60.0
38903,2006,False,65.0
38905,2004,False,43.0
38908,2008,False,43.0
38910,2003,False,76.0
38911,2013,False,70.0
38913,2009,False,78.0
38915,2004,False,74.0
38919,2009,False,107.0
38922,2010,False,76.0
38923,2007,False,104.0
38924,2005,False,52.0
38926,2011,False,67.0
38927,2009,False,67.0
38928,2005,False,72.0
38959,2014,False,80.0
38964,2010,False,65.0
38966,2003,False,55.0
38969,2003,False,56.0
38973,2012,False,56.0
38978,2004,False,120.0
38980,2013,False,53.0
38989,2003,False,70.0
38995,2004,False,46.0
38996,2004,False,68.0
39000,2004,False,76.0
39007,2010,False,56.0
39009,2003,False,80.0
39011,2012,False,64.0
39012,2005,False,87.0
39015,2003,False,92.0
39017,2003,False,72.0
39018,2007,False,49.0
39023,2008,False,58.0
39026,2007,False,93.0
39027,2004,False,63.0
39028,2009,False,70.0
39029,2003,False,62.0
39030,2014,False,53.0
39034,2005,False,70.0
39036,2013,False,66.0
39039,2009,False,60.0
39040,2004,False,133.0
39041,2005,False,67.0
39048,2008,False,114.0
39052,2009,False,62.0
39054,2007,False,52.0
39056,2012,False,95.0
39065,2008,False,73.0
39069,2003,False,55.0
39072,2003,False,73.0
39080,2012,False,62.0
39082,2007,False,53.0
39083,2009,False,85.0
39086,2009,False,89.0
39087,2003,False,83.0
39089,2008,False,87.0
39092,2003,False,46.0
39100,2013,False,55.0
39103,2011,False,57.0
39104,2010,False,58.0
39109,2008,False,73.0
39113,2008,False,83.0
39115,2003,False,45.0
39119,2014,False,51.0
39125,2006,False,56.0
39126,2011,False,119.0
39132,2008,False,41.0
39136,2014,False,95.0
39137,2005,False,64.0
39138,2008,False,160.0
39139,2006,False,44.0
39140,2011,False,75.0
39141,2003,False,137.0
39142,2009,False,71.0
39144,2011,False,62.0
39146,2004,False,71.0
39148,2011,False,86.0
39149,2007,False,74.0
39156,2012,False,98.0
39165,2010,False,59.0
39166,2014,False,81.0
39169,2010,False,52.0
39173,2014,False,126.0
39175,2006,False,51.0
39180,2007,False,79.0
39182,2007,False,85.0
39190,2011,False,64.0
39191,2012,False,45.0
39196,2005,False,92.0
39201,2008,False,140.0
39203,2006,False,71.0
39206,2005,False,65.0
39207,2003,False,57.0
39217,2008,False,68.0
39228,2008,False,78.0
39232,2010,False,59.0
39234,2003,False,59.0
39235,2003,False,48.0
39240,2008,False,71.0
39246,2006,False,79.0
39249,2012,False,69.0
39251,2006,False,52.0
39253,2003,False,48.0
39254,2008,False,62.0
39255,2010,True,132.0
39256,2005,False,66.0
39258,2009,False,36.0
39259,2012,True,103.0
39261,2011,False,56.0
39264,2004,False,110.0
39270,2008,False,54.0
39271,2009,False,50.0
39273,2005,False,49.0
39274,2008,False,77.0
39275,2014,False,31.0
39276,2004,False,58.0
39279,2010,False,45.0
39280,2010,True,158.0
39282,2012,False,146.0
39292,2003,False,117.0
39299,2009,False,60.0
39300,2008,False,114.0
39304,2003,True,135.0
39315,2004,False,100.0
39316,2004,False,49.0
39317,2006,False,66.0
39320,2011,False,55.0
39324,2008,False,50.0
39329,2007,False,100.0
39333,2003,False,117.0
39338,2003,False,74.0
39342,2014,False,50.0
39345,2007,False,53.0
39347,2006,False,61.0
39348,2013,False,73.0
39351,2007,False,75.0
39352,2011,False,64.0
39354,2004,False,98.0
39358,2004,False,78.0
39360,2012,False,54.0
39363,2003,False,48.0
39373,2003,False,44.0
39378,2008,False,62.0
39379,2007,False,61.0
39386,2005,False,71.0
39390,2008,False,95.0
39392,2006,False,53.0
39393,2003,False,72.0
39398,2007,False,56.0
39405,2004,False,45.0
39409,2014,True,240.0
39410,2008,False,82.0
39412,2011,False,50.0
39417,2004,False,85.0
39423,2013,False,92.0
39425,2010,False,117.0
39427,2009,False,77.0
39428,2009,False,63.0
39430,2010,False,68.0
39433,2007,False,97.0
39435,2004,True,135.0
39437,2005,False,78.0
39442,2003,False,43.0
39443,2004,False,102.0
39445,2008,False,55.0
39450,2003,False,72.0
39451,2006,False,65.0
39455,2006,False,61.0
39463,2012,False,67.0
39464,2005,False,64.0
39471,2006,False,116.0
39472,2013,False,140.0
39473,2005,False,74.0
39481,2013,False,88.0
39496,2006,False,51.0
39508,2011,False,94.0
39513,2014,False,68.0
39514,2003,False,74.0
39517,2008,False,52.0
39518,2004,False,66.0
39527,2006,True,39.0
39532,2003,False,88.0
39542,2008,False,93.0
39543,2007,False,111.0
39544,2004,False,60.0
39545,2006,False,101.0
39548,2004,False,47.0
39551,2010,False,53.0
39555,2012,False,77.0
39557,2004,False,70.0
39558,2009,False,91.0
39564,2005,False,72.0
39566,2005,False,106.0
39568,2008,False,84.0
39571,2010,False,50.0
39585,2003,False,44.0
39586,2009,False,66.0
39588,2005,False,59.0
39591,2008,False,86.0
39592,2007,False,78.0
39595,2004,True,92.0
39596,2005,False,67.0
39597,2014,False,73.0
39599,2007,False,63.0
39603,2003,True,121.0
39605,2005,False,54.0
39613,2007,False,199.0
39615,2010,False,57.0
39616,2012,False,54.0
39618,2008,False,59.0
39619,2012,False,89.0
39620,2009,False,70.0
39622,2011,True,109.0
39625,2005,False,99.0
39628,2008,False,66.0
39630,2012,False,82.0
39631,2004,False,65.0
39636,2003,False,40.0
39638,2004,False,61.0
39645,2009,False,40.0
39647,2013,False,57.0
39652,2011,False,69.0
39658,2012,True,257.0
39661,2008,False,64.0
39663,2009,False,50.0
39664,2004,False,73.0
39665,2003,False,69.0
39672,2003,False,66.0
39673,2007,False,65.0
39674,2007,False,96.0
39680,2014,False,42.0
39685,2008,False,94.0
39686,2005,False,97.0
39687,2003,False,45.0
39690,2012,True,159.0
39691,2011,False,70.0
39692,2005,True,73.0
39697,2012,False,76.0
39699,2014,False,58.0
39702,2009,True,125.0
39704,2009,False,65.0
39710,2004,False,65.0
39712,2006,False,68.0
39713,2011,False,62.0
39723,2008,False,60.0
39725,2014,False,161.0
39726,2004,False,77.0
39728,2014,False,72.0
39735,2009,False,53.0
39737,2011,False,112.0
39740,2006,False,85.0
39742,2010,False,90.0
39743,2006,False,56.0
39750,2008,False,72.0
39752,2007,False,46.0
39753,2004,False,49.0
39755,2014,False,46.0
39759,2010,False,83.0
39760,2006,False,82.0
39761,2003,False,90.0
39762,2003,False,52.0
39765,2003,False,54.0
39770,2010,False,69.0
39772,2007,False,56.0
39774,2004,False,46.0
39787,2014,True,143.0
39788,2004,False,58.0
39794,2010,False,66.0
39796,2004,False,57.0
39805,2008,False,61.0
39807,2007,False,57.0
39810,2006,False,86.0
39812,2003,False,63.0
39817,2007,False,61.0
39818,2006,False,115.0
39819,2008,False,70.0
39826,2010,False,76.0
39836,2005,False,54.0
39838,2005,False,62.0
39843,2011,False,54.0
39845,2003,False,75.0
39856,2009,False,66.0
39859,2013,False,79.0
39862,2012,False,103.0
39863,2004,False,81.0
39873,2007,False,62.0
39876,2009,True,98.0
39880,2008,False,76.0
39883,2007,False,34.0
39884,2008,False,73.0
39885,2006,False,81.0
39887,2006,False,135.0
39888,2014,False,48.0
39889,2011,False,54.0
39890,2008,False,56.0
39896,2007,False,76.0
39897,2005,False,50.0
39899,2003,False,62.0
39900,2010,False,63.0
39901,2010,False,59.0
39903,2014,False,43.0
39905,2009,False,71.0
39911,2007,False,97.0
39919,2003,False,92.0
39921,2014,False,40.0
39924,2014,False,41.0
39925,2006,False,54.0
39927,2013,True,158.0
39932,2004,False,97.0
39937,2004,False,98.0
39938,2008,False,60.0
39942,2011,False,128.0
39948,2012,False,59.0
39951,2010,False,57.0
39952,2010,False,48.0
39956,2008,False,77.0
39959,2011,False,45.0
39962,2014,False,55.0
39964,2009,False,84.0
39965,2005,False,78.0
39970,2012,False,54.0
39971,2003,False,59.0
39976,2006,False,44.0
39977,2013,False,71.0
39979,2012,False,125.0
39982,2008,False,84.0
39985,2004,False,75.0
39988,2009,True,162.0
39991,2010,False,76.0
39995,2007,False,44.0
39997,2006,False,77.0
40000,2010,False,42.0
40002,2004,False,89.0
40003,2011,False,64.0
40004,2013,False,68.0
40006,2003,False,106.0
40007,2007,False,46.0
40008,2011,False,62.0
40010,2006,False,70.0
40014,2004,False,79.0
40019,2009,False,86.0
40023,2006,True,139.0
40024,2003,False,66.0
40025,2006,False,58.0
40026,2007,False,59.0
40028,2005,False,68.0
40031,2008,False,103.0
40035,2006,False,71.0
40036,2012,False,93.0
40039,2008,False,84.0
40040,2010,False,84.0
40042,2012,False,58.0
40046,2010,False,60.0
40057,2004,False,61.0
40060,2005,False,93.0
40065,2014,False,53.0
40067,2012,False,107.0
40069,2008,False,67.0
40072,2007,False,60.0
40077,2004,False,51.0
40088,2009,False,63.0
40089,2013,False,74.0
40091,2003,False,50.0
40095,2004,False,52.0
40097,2012,False,54.0
40100,2005,False,88.0
40101,2011,False,79.0
40103,2003,False,73.0
40109,2004,False,64.0
40119,2006,False,50.0
40120,2004,False,64.0
40122,2008,False,119.0
40129,2006,False,89.0
40130,2009,False,76.0
40131,2009,False,72.0
40136,2009,False,80.0
40137,2006,False,86.0
40138,2013,False,43.0
40139,2013,False,93.0
40141,2005,True,130.0
40144,2007,False,55.0
40151,2009,True,125.0
40153,2009,False,92.0
40161,2004,False,61.0
40163,2005,False,52.0
40167,2009,False,77.0
40169,2003,False,63.0
40170,2003,False,108.0
40186,2010,False,62.0
40187,2007,False,44.0
40192,2006,False,54.0
40195,2011,False,55.0
40201,2004,False,55.0
40205,2009,True,108.0
40211,2004,False,41.0
40220,2012,False,58.0
40222,2007,False,51.0
40223,2012,False,68.0
40225,2010,False,120.0
40227,2005,False,64.0
40234,2013,False,71.0
40239,2010,False,60.0
40241,2005,False,108.0
40242,2005,False,51.0
40252,2004,False,92.0
40253,2011,False,95.0
40257,2010,False,85.0
40260,2003,False,43.0
40262,2008,False,43.0
40264,2008,False,57.0
40266,2003,False,51.0
40272,2003,False,68.0
40275,2004,False,47.0
40276,2013,False,71.0
40277,2004,False,54.0
40278,2007,False,57.0
40279,2006,False,65.0
40283,2012,False,56.0
40288,2005,False,91.0
40291,2009,False,81.0
40300,2010,False,60.0
40302,2003,False,77.0
40303,2008,False,44.0
40306,2012,False,87.0
40310,2005,True,118.0
40321,2012,False,57.0
40343,2011,False,116.0
40352,2008,False,68.0
40356,2006,False,39.0
40357,2004,False,76.0
40359,2005,False,86.0
40361,2005,False,57.0
40362,2010,False,70.0
40364,2012,False,113.0
40366,2009,False,55.0
40371,2007,False,57.0
40373,2007,False,117.0
40379,2012,False,73.0
40380,2008,False,61.0
40381,2013,False,51.0
40382,2006,False,58.0
40384,2003,False,79.0
40387,2013,False,112.0
40391,2009,False,58.0
40392,2007,False,71.0
40394,2008,False,59.0
40401,2004,False,63.0
40406,2013,False,48.0
40408,2009,False,87.0
40419,2005,False,74.0
40423,2003,False,57.0
40427,2006,False,122.0
40428,2004,False,76.0
40430,2010,False,50.0
40432,2012,False,58.0
40433,2007,False,75.0
40434,2003,True,169.0
40437,2007,False,82.0
40438,2007,False,79.0
40440,2003,False,51.0
40445,2009,False,103.0
40448,2007,False,95.0
40450,2005,False,105.0
40455,2005,False,94.0
40462,2009,False,70.0
40464,2005,False,48.0
40465,2006,False,49.0
40474,2008,False,71.0
40475,2010,False,72.0
40482,2009,False,89.0
40483,2012,False,75.0
40485,2013,False,68.0
40488,2005,False,99.0
40492,2004,False,66.0
40499,2010,False,79.0
40501,2007,False,81.0
40504,2005,False,66.0
40506,2014,False,51.0
40513,2003,False,64.0
40527,2005,False,57.0
40528,2009,False,51.0
40536,2004,False,71.0
40541,2011,False,76.0
40542,2012,False,60.0
40549,2014,True,196.0
40551,2008,False,78.0
40558,2009,False,51.0
40565,2011,True,250.0
40567,2010,False,81.0
40572,2013,False,59.0
40573,2006,False,123.0
40574,2007,True,100.0
40575,2008,False,54.0
40577,2010,False,74.0
40580,2007,False,96.0
40582,2007,False,77.0
40583,2009,False,76.0
40587,2008,False,87.0
40588,2009,False,52.0
40599,2003,False,55.0
40600,2005,False,56.0
40607,2013,False,42.0
40609,2013,False,50.0
40611,2006,False,50.0
40613,2006,False,60.0
40614,2007,False,68.0
40617,2008,False,57.0
40618,2004,True,258.0
40619,2006,False,71.0
40622,2007,False,53.0
40623,2014,False,73.0
40626,2007,False,85.0
40632,2003,False,80.0
40634,2003,False,65.0
40636,2005,False,87.0
40637,2008,False,47.0
40639,2004,False,90.0
40641,2009,False,62.0
40643,2006,False,68.0
40644,2010,False,59.0
40645,2014,False,61.0
40656,2008,False,62.0
40658,2004,False,69.0
40662,2004,False,74.0
40665,2003,False,100.0
40666,2011,False,65.0
40667,2005,False,52.0
40671,2013,False,142.0
40674,2006,False,76.0
40675,2011,False,83.0
40689,2011,False,64.0
40692,2009,False,54.0
40693,2005,False,55.0
40694,2012,False,64.0
40698,2008,False,85.0
40705,2008,False,61.0
40711,2008,False,56.0
40712,2003,False,64.0
40715,2008,False,49.0
40717,2007,False,53.0
40718,2008,False,127.0
40719,2005,False,66.0
40724,2010,False,65.0
40726,2007,False,106.0
40730,2006,True,181.0
40731,2012,False,63.0
40732,2003,False,68.0
40741,2003,False,70.0
40742,2010,False,62.0
40746,2003,False,92.0
40750,2009,False,52.0
40751,2009,False,64.0
40752,2003,False,79.0
40756,2007,False,56.0
40757,2010,False,90.0
40760,2006,False,41.0
40762,2003,False,60.0
40764,2006,False,71.0
40767,2009,False,105.0
40770,2012,False,56.0
40773,2013,False,64.0
40778,2010,False,88.0
40779,2008,False,83.0
40780,2008,False,53.0
40781,2004,False,59.0
40784,2007,False,78.0
40786,2011,False,55.0
40791,2011,False,67.0
40794,2013,False,52.0
40798,2009,False,100.0
40801,2004,False,102.0
40803,2008,False,138.0
40804,2005,False,82.0
40810,2012,False,63.0
40817,2010,False,54.0
40819,2009,False,41.0
40820,2005,False,50.0
40824,2007,False,63.0
40826,2004,False,98.0
40828,2014,False,63.0
40829,2008,False,87.0
40831,2005,False,61.0
40835,2006,True,439.0
40839,2008,False,114.0
40842,2013,False,58.0
40843,2005,False,84.0
40845,2004,False,69.0
40848,2003,False,79.0
40849,2011,False,51.0
40850,2013,False,54.0
40854,2003,False,41.0
40856,2006,False,70.0
40857,2009,False,87.0
40858,2003,False,72.0
40859,2010,True,192.0
40862,2007,False,69.0
40863,2007,False,81.0
40865,2009,False,51.0
40869,2004,False,57.0
40875,2013,False,74.0
40877,2008,False,58.0
40880,2010,False,37.0
40881,2009,False,107.0
40882,2004,True,78.0
40883,2013,True,198.0
40884,2008,False,79.0
40885,2005,False,106.0
40887,2003,True,217.0
40900,2012,False,102.0
40903,2014,False,56.0
40904,2014,False,31.0
40906,2003,False,54.0
40914,2003,False,78.0
40915,2010,True,155.0
40916,2010,False,59.0
40917,2006,False,79.0
40920,2005,False,52.0
40923,2003,False,113.0
40925,2006,False,56.0
40926,2013,False,87.0
40929,2009,False,65.0
40930,2010,False,38.0
40931,2012,False,55.0
40936,2004,False,91.0
40937,2013,False,50.0
40939,2011,False,51.0
40941,2004,False,129.0
40944,2009,True,180.0
40946,2008,False,52.0
40950,2005,False,87.0
40953,2006,False,94.0
40959,2010,False,46.0
40960,2010,False,51.0
40963,2003,False,83.0
40966,2005,False,89.0
40971,2006,False,76.0
40973,2006,False,71.0
40975,2010,False,70.0
40977,2008,False,63.0
40979,2010,False,86.0
40984,2011,False,69.0
40985,2008,False,55.0
40987,2005,False,90.0
40996,2003,True,159.0
40998,2013,False,56.0
40999,2014,True,312.0
41000,2007,False,46.0
41006,2006,False,70.0
41014,2007,False,62.0
41018,2006,False,49.0
41022,2006,False,54.0
41023,2005,False,87.0
41024,2008,False,60.0
41025,2005,True,240.0
41032,2008,False,68.0
41033,2008,False,49.0
41040,2004,False,56.0
41043,2012,False,127.0
41045,2005,False,54.0
41052,2013,False,61.0
41055,2008,False,80.0
41061,2005,False,52.0
41063,2011,True,117.0
41065,2004,False,59.0
41066,2011,False,44.0
41068,2005,False,141.0
41073,2004,False,53.0
41078,2005,False,64.0
41081,2014,False,47.0
41082,2004,False,91.0
41083,2012,False,53.0
41084,2010,False,81.0
41085,2014,True,212.0
41086,2003,False,96.0
41091,2007,False,55.0
41092,2012,False,70.0
41095,2005,False,92.0
41098,2007,False,48.0
41099,2009,False,63.0
41103,2003,True,157.0
41105,2004,False,50.0
41110,2012,False,58.0
41113,2004,False,83.0
41116,2011,False,84.0
41121,2006,False,87.0
41123,2011,False,51.0
41125,2005,False,93.0
41127,2006,False,86.0
41128,2003,False,66.0
41130,2003,False,52.0
41132,2007,False,66.0
41136,2013,False,68.0
41139,2007,False,125.0
41143,2004,False,49.0
41147,2014,False,39.0
41149,2007,False,79.0
41151,2010,False,124.0
41152,2006,False,69.0
41173,2007,False,84.0
41175,2006,False,50.0
41176,2007,False,73.0
41177,2004,False,41.0
41183,2005,False,55.0
41185,2005,False,51.0
41188,2007,False,62.0
41189,2010,False,51.0
41197,2007,False,61.0
41201,2010,False,52.0
41211,2005,False,75.0
41213,2003,False,67.0
41214,2003,False,90.0
41217,2013,False,56.0
41222,2006,False,81.0
41230,2004,False,45.0
41231,2004,False,66.0
41232,2008,False,59.0
41237,2014,False,86.0
41238,2003,False,82.0
41239,2012,False,53.0
41246,2009,False,80.0
41252,2010,False,49.0
41254,2009,False,74.0
41256,2003,False,103.0
41258,2011,True,155.0
41264,2003,False,62.0
41265,2004,False,83.0
41273,2009,False,85.0
41281,2004,False,46.0
41285,2011,True,197.0
41295,2008,False,110.0
41301,2010,False,79.0
41304,2011,True,123.0
41308,2009,False,48.0
41311,2003,False,89.0
41312,2004,False,55.0
41313,2006,False,76.0
41321,2011,False,54.0
41324,2009,False,52.0
41326,2005,False,61.0
41328,2012,False,49.0
41336,2006,False,41.0
41337,2006,False,63.0
41340,2007,False,100.0
41343,2003,False,50.0
41345,2006,False,72.0
41349,2003,False,70.0
41352,2007,False,70.0
41356,2012,False,62.0
41357,2009,False,73.0
41362,2006,False,57.0
41363,2004,False,57.0
41364,2005,False,83.0
41367,2009,False,56.0
41373,2006,False,72.0
41374,2008,False,83.0
41376,2005,False,63.0
41377,2012,False,66.0
41378,2003,False,70.0
41381,2007,False,92.0
41382,2012,False,63.0
41384,2006,False,83.0
41385,2010,False,76.0
41386,2005,False,95.0
41389,2009,False,56.0
41402,2012,False,54.0
41403,2005,False,53.0
41407,2005,False,46.0
41409,2013,False,144.0
41411,2003,False,93.0
41417,2004,False,60.0
41418,2006,False,55.0
41432,2011,False,86.0
41433,2012,False,82.0
41434,2009,False,82.0
41438,2003,False,82.0
41439,2004,False,81.0
41442,2014,False,44.0
41444,2005,False,56.0
41445,2011,False,82.0
41446,2003,False,88.0
41447,2011,False,50.0
41451,2008,False,68.0
41455,2009,False,49.0
41458,2006,False,68.0
41461,2013,False,97.0
41465,2005,False,59.0
41470,2014,True,167.0
41472,2010,False,52.0
41473,2006,False,89.0
41475,2008,False,90.0
41479,2005,False,125.0
41482,2004,False,90.0
41491,2007,False,75.0
41494,2003,False,64.0
41495,2003,False,77.0
41497,2008,False,67.0
41505,2006,True,214.0
41506,2011,False,51.0
41508,2013,False,131.0
41510,2004,False,57.0
41511,2006,False,69.0
41513,2012,False,63.0
41514,2010,False,67.0
41515,2003,False,116.0
41519,2003,False,83.0
41521,2011,False,55.0
41523,2009,False,82.0
41525,2004,False,66.0
41526,2005,False,88.0
41527,2005,False,96.0
41532,2005,False,93.0
41533,2004,False,73.0
41536,2011,False,80.0
41544,2006,False,59.0
41555,2003,False,148.0
41556,2005,False,132.0
41560,2010,False,62.0
41563,2006,False,77.0
41565,2007,False,48.0
41570,2013,True,107.0
41572,2004,False,53.0
41580,2013,False,98.0
41582,2010,False,67.0
41583,2007,False,54.0
41588,2011,False,71.0
41604,2011,False,74.0
41609,2003,False,84.0
41610,2005,False,63.0
41611,2003,False,69.0
41612,2004,False,41.0
41614,2004,False,47.0
41615,2013,True,155.0
41616,2006,False,78.0
41617,2013,False,42.0
41618,2006,False,65.0
41634,2003,False,59.0
41643,2006,False,48.0
41645,2009,False,59.0
41647,2008,False,69.0
41648,2012,False,54.0
41649,2011,False,58.0
41650,2011,False,57.0
41651,2009,False,52.0
41660,2010,False,78.0
41670,2012,False,53.0
41673,2003,False,56.0
41676,2005,False,119.0
41682,2009,False,48.0
41686,2008,False,73.0
41689,2008,False,64.0
41693,2008,False,52.0
41695,2003,False,60.0
41698,2010,False,57.0
41701,2012,False,52.0
41703,2011,False,50.0
41706,2009,False,110.0
41707,2005,False,75.0
41708,2008,False,66.0
41709,2011,False,49.0
41711,2009,False,101.0
41721,2013,False,82.0
41722,2005,False,59.0
41724,2007,False,89.0
41728,2007,False,82.0
41733,2004,True,91.0
41736,2007,False,69.0
41745,2003,False,76.0
41748,2007,False,67.0
41751,2004,False,47.0
41754,2006,False,54.0
41756,2012,False,80.0
41762,2007,False,57.0
41765,2009,False,59.0
41769,2011,False,105.0
41772,2010,False,68.0
41775,2003,False,66.0
41776,2004,True,383.0
41778,2011,True,127.0
41780,2003,False,68.0
41781,2008,False,70.0
41788,2009,False,55.0
41791,2006,False,62.0
41796,2014,False,45.0
41804,2004,True,229.0
41809,2005,False,84.0
41812,2008,False,58.0
41815,2008,False,67.0
41818,2012,False,58.0
41822,2014,False,88.0
41823,2009,False,97.0
41827,2004,False,77.0
41840,2013,False,65.0
41843,2005,False,57.0
41848,2008,False,115.0
41850,2003,False,63.0
41851,2004,False,56.0
41852,2007,False,56.0
41856,2014,True,155.0
41867,2009,False,47.0
41872,2014,False,55.0
41875,2004,False,107.0
41882,2004,False,80.0
41885,2014,True,136.0
41886,2009,False,76.0
41887,2012,False,82.0
41896,2012,False,61.0
41897,2006,False,37.0
41903,2004,False,56.0
41905,2010,False,67.0
41906,2010,False,61.0
41907,2010,False,56.0
41908,2005,False,72.0
41912,2003,False,76.0
41915,2006,False,65.0
41924,2003,False,82.0
41929,2004,False,58.0
41930,2012,False,57.0
41931,2010,False,108.0
41933,2003,False,80.0
41937,2006,False,48.0
41943,2006,False,66.0
41944,2010,False,68.0
41945,2006,False,51.0
41953,2013,False,51.0
41955,2007,False,55.0
41958,2011,False,43.0
41959,2009,False,77.0
41960,2008,False,115.0
41961,2014,False,61.0
41962,2013,True,211.0
41963,2007,False,63.0
41969,2012,False,99.0
41975,2003,False,46.0
41979,2003,False,87.0
41980,2003,False,49.0
41981,2011,False,43.0
41987,2009,False,98.0
41989,2010,False,56.0
41993,2007,False,59.0
41995,2013,False,76.0
41996,2011,False,58.0
42000,2008,True,207.0
42002,2003,False,56.0
42007,2005,False,82.0
42008,2004,False,64.0
42009,2006,False,108.0
42010,2004,False,60.0
42012,2004,False,72.0
42014,2012,False,50.0
42015,2003,False,65.0
42016,2003,False,83.0
42021,2010,False,61.0
42029,2008,False,58.0
42032,2014,False,75.0
42035,2007,False,63.0
42036,2012,False,50.0
42039,2003,False,71.0
42043,2003,False,63.0
42044,2012,False,64.0
42051,2009,True,222.0
42055,2008,False,69.0
42056,2013,True,133.0
42063,2011,False,97.0
42064,2013,False,84.0
42065,2010,False,59.0
42067,2012,False,65.0
42070,2007,False,48.0
42075,2005,False,51.0
42076,2013,False,85.0
42077,2005,False,142.0
42078,2003,False,48.0
42081,2005,False,51.0
42082,2011,False,137.0
42087,2012,False,99.0
42088,2004,False,80.0
42100,2003,False,67.0
42105,2012,False,86.0
42108,2008,False,48.0
42109,2005,False,65.0
42112,2014,False,46.0
42113,2009,False,55.0
42114,2011,False,109.0
42116,2003,False,61.0
42118,2012,False,87.0
42125,2010,False,53.0
42128,2005,False,86.0
42132,2003,False,55.0
42133,2011,False,54.0
42135,2012,False,62.0
42142,2009,False,96.0
42145,2005,False,69.0
42146,2008,False,42.0
42147,2010,False,80.0
42149,2003,False,80.0
42151,2004,False,51.0
42153,2005,False,42.0
42155,2010,True,186.0
42157,2007,False,63.0
42158,2010,False,90.0
42159,2008,False,84.0
42163,2013,False,60.0
42164,2008,False,43.0
42166,2014,False,67.0
42167,2014,False,62.0
42168,2004,True,110.0
42169,2013,False,95.0
42171,2005,False,109.0
42179,2012,False,74.0
42180,2010,False,68.0
42181,2005,False,57.0
42183,2006,False,44.0
42185,2010,False,61.0
42191,2008,False,62.0
42193,2009,False,58.0
42194,2011,False,57.0
42201,2003,False,54.0
42202,2011,False,62.0
42205,2005,False,88.0
42206,2006,False,54.0
42207,2007,False,56.0
42209,2004,False,57.0
42213,2009,False,53.0
42225,2004,False,48.0
42228,2014,True,124.0
42232,2004,False,91.0
42233,2014,False,64.0
42234,2012,False,45.0
42237,2009,False,38.0
42243,2009,False,87.0
42244,2008,False,54.0
42245,2013,False,46.0
42246,2014,False,63.0
42249,2011,False,55.0
42250,2005,False,61.0
42252,2005,False,87.0
42256,2005,True,122.0
42257,2003,False,47.0
42259,2009,False,49.0
42262,2009,False,64.0
42263,2006,True,193.0
42265,2004,False,44.0
42269,2003,False,81.0
42270,2007,False,61.0
42274,2009,False,64.0
42275,2004,False,58.0
42293,2003,False,52.0
42294,2008,False,52.0
42300,2010,False,77.0
42306,2007,False,79.0
42309,2008,True,247.0
42313,2005,False,49.0
42314,2013,False,50.0
42315,2014,False,74.0
42316,2007,False,69.0
42317,2013,False,71.0
42324,2008,False,86.0
42332,2003,False,82.0
42334,2006,False,59.0
42339,2006,False,47.0
42345,2010,False,68.0
42348,2008,False,83.0
42351,2013,False,78.0
42355,2007,True,101.0
42356,2011,False,68.0
42357,2010,False,74.0
42361,2007,False,81.0
42364,2009,False,117.0
42366,2003,False,77.0
42371,2005,False,124.0
42374,2014,False,42.0
42385,2003,False,77.0
42390,2014,False,70.0
42393,2011,False,57.0
42396,2011,True,247.0
42400,2003,False,53.0
42404,2007,False,77.0
42406,2009,False,48.0
42408,2009,False,43.0
42410,2014,False,41.0
42419,2010,False,57.0
42423,2003,False,66.0
42424,2012,True,253.0
42425,2004,False,62.0
42428,2004,False,52.0
42430,2005,False,52.0
42439,2004,False,46.0
42447,2005,False,49.0
42451,2005,False,87.0
42453,2009,False,76.0
42455,2009,False,94.0
42456,2009,False,72.0
42458,2008,False,64.0
42459,2003,False,77.0
42461,2009,False,49.0
42463,2012,False,120.0
42475,2010,False,80.0
42477,2006,False,54.0
42482,2007,False,57.0
42483,2012,False,50.0
42488,2003,False,107.0
42494,2011,False,109.0
42498,2010,False,53.0
42500,2006,False,62.0
42503,2013,False,48.0
42506,2010,False,73.0
42509,2012,False,118.0
42510,2006,False,54.0
42512,2010,False,42.0
42514,2014,False,61.0
42519,2008,False,49.0
42539,2003,False,78.0
42540,2010,False,69.0
42543,2005,True,183.0
42545,2009,False,65.0
42548,2007,False,52.0
42549,2004,False,52.0
42550,2003,False,68.0
42551,2005,False,71.0
42554,2012,False,54.0
42555,2010,False,53.0
42556,2006,False,60.0
42559,2011,False,63.0
42564,2003,False,55.0
42566,2005,False,77.0
42568,2014,False,57.0
42573,2009,False,61.0
42582,2008,False,33.0
42583,2005,False,49.0
42586,2005,False,89.0
42588,2014,False,56.0
42591,2004,False,55.0
42592,2010,False,57.0
42595,2008,False,44.0
42597,2006,False,64.0
42598,2007,False,91.0
42601,2014,False,60.0
42604,2003,False,82.0
42606,2014,False,51.0
42607,2003,False,81.0
42609,2010,False,79.0
42612,2011,False,64.0
42614,2012,False,54.0
42616,2014,False,96.0
42617,2004,False,60.0
42621,2010,False,59.0
42623,2003,False,45.0
42624,2010,False,46.0
42625,2010,False,79.0
42638,2008,False,63.0
42639,2009,False,88.0
42641,2011,False,77.0
42642,2008,False,46.0
42644,2011,False,116.0
42649,2007,False,64.0
42651,2006,False,78.0
42655,2013,False,70.0
42657,2005,False,48.0
42662,2012,False,98.0
42668,2011,False,76.0
42671,2005,False,83.0
42675,2005,False,65.0
42676,2012,False,100.0
42678,2007,False,50.0
42679,2008,False,76.0
42681,2004,False,61.0
42693,2009,False,60.0
42694,2005,False,51.0
42695,2010,False,70.0
42696,2004,False,69.0
42697,2005,False,44.0
42702,2008,False,64.0
42703,2010,False,51.0
42704,2004,False,54.0
42705,2010,False,67.0
42706,2003,False,79.0
42710,2006,False,88.0
42714,2013,False,79.0
42719,2006,True,145.0
42722,2009,False,45.0
42724,2005,False,69.0
42737,2005,True,76.0
42741,2007,False,59.0
42742,2011,False,67.0
42743,2006,False,58.0
42744,2014,False,74.0
42746,2009,False,106.0
42750,2004,False,71.0
42751,2003,False,64.0
42755,2006,False,57.0
42769,2010,False,73.0
42772,2005,False,56.0
42775,2009,False,31.0
42777,2005,False,67.0
42779,2009,False,45.0
42786,2005,False,87.0
42787,2010,True,134.0
42791,2009,False,101.0
42800,2013,False,52.0
42805,2008,False,68.0
42806,2009,False,54.0
42810,2013,False,41.0
42816,2004,False,78.0
42822,2009,False,64.0
42824,2004,False,69.0
42826,2005,True,253.0
42829,2009,False,72.0
42830,2007,False,63.0
42831,2008,False,79.0
42832,2008,False,91.0
42833,2005,False,68.0
42834,2004,False,44.0
42845,2003,False,73.0
42851,2005,False,56.0
42852,2004,False,53.0
42855,2011,False,63.0
42857,2005,False,65.0
42858,2010,False,47.0
42859,2005,False,83.0
42860,2007,False,61.0
42861,2003,False,83.0
42862,2012,False,55.0
42864,2008,False,57.0
42865,2006,False,75.0
42866,2008,False,53.0
42869,2006,False,53.0
42870,2004,False,72.0
42874,2006,False,58.0
42876,2013,False,55.0
42880,2004,True,80.0
42885,2003,False,36.0
42887,2014,False,74.0
42890,2004,False,62.0
42892,2010,False,50.0
42895,2006,False,69.0
42897,2008,False,63.0
42898,2005,True,91.0
42902,2013,False,45.0
42907,2007,False,41.0
42909,2006,False,91.0
42910,2010,False,61.0
42914,2003,False,59.0
42915,2007,False,64.0
42917,2014,False,55.0
42918,2013,False,68.0
42920,2009,False,66.0
42922,2006,False,65.0
42924,2004,False,64.0
42930,2007,False,61.0
42931,2005,True,244.0
42932,2004,False,59.0
42936,2007,False,67.0
42939,2008,False,66.0
42943,2003,False,57.0
42945,2013,False,141.0
42953,2003,False,51.0
42954,2004,False,52.0
42956,2006,False,39.0
42957,2012,False,62.0
42962,2005,False,92.0
42967,2010,False,76.0
42969,2008,False,55.0
42971,2011,False,57.0
42973,2009,False,67.0
42982,2008,False,68.0
42984,2006,False,69.0
42987,2009,False,55.0
42990,2006,False,64.0
42991,2010,False,52.0
42992,2013,False,52.0
42996,2014,False,81.0
43006,2007,False,58.0
43008,2011,False,61.0
43012,2004,False,54.0
43014,2012,False,36.0
43019,2009,False,62.0
43021,2014,True,773.0
43022,2014,False,76.0
43023,2003,False,63.0
43025,2011,False,85.0
43026,2011,True,187.0
43027,2013,False,65.0
43028,2004,False,72.0
43039,2012,False,71.0
43040,2006,False,62.0
43041,2004,False,54.0
43044,2011,False,55.0
43048,2009,False,47.0
43051,2003,False,107.0
43054,2008,False,61.0
43056,2012,True,74.0
43064,2007,False,100.0
43066,2013,False,62.0
43069,2012,False,60.0
43071,2011,False,73.0
43077,2008,False,105.0
43079,2005,False,46.0
43083,2004,False,76.0
43085,2010,False,76.0
43087,2005,False,72.0
43089,2006,False,61.0
43095,2007,False,60.0
43098,2003,False,61.0
43099,2009,False,30.0
43100,2004,False,86.0
43104,2005,False,54.0
43107,2005,False,74.0
43112,2010,False,61.0
43113,2004,False,81.0
43116,2005,False,63.0
43117,2007,False,80.0
43127,2007,False,91.0
43128,2014,True,521.0
43134,2012,False,67.0
43140,2004,False,72.0
43146,2013,False,55.0
43148,2005,False,83.0
43153,2005,False,112.0
43155,2005,False,72.0
43157,2006,False,86.0
43159,2011,False,94.0
43163,2007,False,86.0
43165,2011,False,92.0
43166,2012,False,60.0
43168,2013,False,37.0
43169,2009,False,53.0
43179,2011,False,57.0
43184,2012,False,71.0
43186,2004,False,86.0
43190,2008,False,78.0
43191,2006,False,78.0
43202,2013,False,58.0
43205,2005,False,69.0
43212,2012,False,79.0
43213,2005,False,66.0
43215,2003,False,41.0
43217,2007,False,39.0
43219,2010,False,34.0
43220,2006,False,89.0
43225,2014,True,247.0
43226,2003,False,64.0
43228,2006,False,65.0
43231,2011,False,101.0
43233,2012,False,77.0
43235,2004,False,90.0
43236,2013,True,93.0
43237,2011,False,45.0
43238,2013,False,69.0
43245,2013,False,62.0
43247,2005,False,35.0
43248,2014,True,2211.0
43251,2011,False,94.0
43252,2005,False,114.0
43257,2003,False,61.0
43260,2009,False,55.0
43261,2014,False,61.0
43269,2006,False,80.0
43270,2008,False,71.0
43271,2011,False,39.0
43275,2009,False,57.0
43276,2014,False,52.0
43277,2009,False,80.0
43285,2012,False,37.0
43287,2006,False,64.0
43289,2006,False,85.0
43292,2007,False,72.0
43295,2005,False,77.0
43296,2004,False,51.0
43297,2012,False,61.0
43298,2004,False,55.0
43306,2007,False,78.0
43309,2003,False,53.0
43315,2004,False,80.0
43317,2003,False,55.0
43319,2011,False,104.0
43322,2006,False,73.0
43326,2014,False,66.0
43328,2011,True,165.0
43330,2003,False,59.0
43332,2007,True,240.0
43337,2004,False,48.0
43343,2004,False,72.0
43344,2003,False,47.0
43345,2005,True,120.0
43346,2004,False,64.0
43351,2011,False,92.0
43356,2006,False,109.0
43358,2012,False,45.0
43362,2004,False,79.0
43363,2005,False,70.0
43366,2011,False,71.0
43372,2005,False,68.0
43376,2003,False,93.0
43377,2013,False,70.0
43378,2013,False,35.0
43380,2009,False,156.0
43382,2007,False,75.0
43383,2004,False,63.0
43384,2003,False,44.0
43387,2008,False,70.0
43394,2003,False,122.0
43395,2010,False,58.0
43397,2006,False,52.0
43399,2009,False,63.0
43400,2010,False,77.0
43405,2005,False,63.0
43408,2005,False,74.0
43413,2010,False,54.0
43416,2004,False,66.0
43421,2003,False,54.0
43423,2004,False,55.0
43424,2010,False,86.0
43430,2003,True,184.0
43431,2008,False,72.0
43432,2005,False,72.0
43433,2011,False,107.0
43436,2006,False,77.0
43438,2006,False,45.0
43442,2009,False,80.0
43446,2013,False,58.0
43450,2012,False,52.0
43451,2005,False,51.0
43452,2003,False,56.0
43453,2010,False,61.0
43458,2011,False,78.0
43466,2012,False,82.0
43467,2012,False,52.0
43473,2010,False,52.0
43477,2012,False,55.0
43478,2011,False,59.0
43486,2004,False,139.0
43487,2008,False,58.0
43494,2003,False,77.0
43496,2010,True,218.0
43499,2003,False,61.0
43502,2011,False,109.0
43503,2011,False,57.0
43505,2004,False,68.0
43510,2013,False,50.0
43511,2012,False,49.0
43514,2006,False,60.0
43516,2011,False,103.0
43519,2011,False,69.0
43520,2007,False,79.0
43522,2008,False,70.0
43526,2009,False,73.0
43528,2010,False,68.0
43532,2010,False,57.0
43533,2009,False,47.0
43536,2008,False,90.0
43537,2004,False,75.0
43548,2012,False,66.0
43549,2005,False,76.0
43551,2007,False,82.0
43552,2010,False,51.0
43556,2004,False,62.0
43557,2006,False,78.0
43559,2003,False,83.0
43560,2007,False,63.0
43561,2009,False,46.0
43563,2010,False,65.0
43566,2014,False,144.0
43567,2003,False,56.0
43569,2005,False,82.0
43574,2014,True,250.0
43577,2009,False,103.0
43580,2008,False,52.0
43583,2008,False,50.0
43584,2003,False,66.0
43586,2006,False,68.0
43590,2007,False,129.0
43591,2010,False,37.0
43592,2011,False,64.0
43593,2011,True,180.0
43603,2004,False,68.0
43605,2005,False,51.0
43614,2005,False,148.0
43617,2007,False,120.0
43619,2003,False,69.0
43622,2010,False,77.0
43626,2014,False,78.0
43630,2003,False,67.0
43636,2013,False,71.0
43638,2009,False,64.0
43639,2005,False,69.0
43640,2011,False,61.0
43643,2004,False,71.0
43645,2004,False,61.0
43646,2010,False,67.0
43650,2009,False,54.0
43652,2014,False,55.0
43654,2004,True,84.0
43655,2009,False,51.0
43656,2009,False,68.0
43662,2008,False,65.0
43663,2006,False,82.0
43664,2005,False,74.0
43666,2005,False,58.0
43678,2005,False,52.0
43686,2011,False,76.0
43687,2012,False,53.0
43689,2007,True,226.0
43697,2004,False,68.0
43703,2003,False,56.0
43706,2011,False,52.0
43707,2003,True,67.0
43709,2005,False,59.0
43712,2009,False,57.0
43714,2012,False,106.0
43717,2006,False,83.0
43719,2012,False,60.0
43721,2003,False,73.0
43722,2008,False,77.0
43725,2010,False,140.0
43737,2004,False,94.0
43745,2014,False,74.0
43747,2006,False,64.0
43753,2007,False,51.0
43754,2007,False,67.0
43757,2005,False,70.0
43759,2006,False,50.0
43761,2007,False,72.0
43762,2012,False,94.0
43770,2009,False,61.0
43771,2010,False,59.0
43772,2009,True,148.0
43774,2007,False,105.0
43779,2008,False,111.0
43781,2009,False,54.0
43786,2007,False,89.0
43788,2012,True,156.0
43789,2006,False,82.0
43792,2007,False,61.0
43793,2009,False,79.0
43802,2007,False,55.0
43809,2004,False,61.0
43810,2011,False,65.0
43811,2014,False,52.0
43812,2006,False,65.0
43815,2007,False,54.0
43819,2003,False,50.0
43823,2010,False,77.0
43824,2003,False,65.0
43826,2005,False,65.0
43830,2008,False,86.0
43831,2007,False,86.0
43833,2013,False,42.0
43834,2007,False,63.0
43835,2003,False,89.0
43838,2009,False,77.0
43847,2009,False,68.0
43848,2011,False,70.0
43849,2007,False,66.0
43850,2014,False,73.0
43856,2005,False,61.0
43861,2007,False,49.0
43864,2008,False,40.0
43866,2003,False,91.0
43869,2004,False,35.0
43872,2005,False,49.0
43876,2009,False,66.0
43883,2013,False,54.0
43895,2010,False,56.0
43897,2007,False,60.0
43898,2006,False,47.0
43900,2003,False,64.0
43902,2004,False,71.0
43903,2012,False,74.0
43906,2011,False,47.0
43910,2003,False,91.0
43911,2008,False,72.0
43915,2006,False,93.0
43920,2011,False,81.0
43924,2007,False,54.0
43928,2006,False,70.0
43931,2003,False,54.0
43934,2008,False,66.0
43935,2011,False,44.0
43937,2007,False,54.0
43938,2012,False,64.0
43942,2012,False,65.0
43943,2007,False,54.0
43948,2011,True,83.0
43957,2007,False,46.0
43965,2010,False,49.0
43967,2008,False,48.0
43968,2008,False,105.0
43970,2005,False,61.0
43975,2013,False,71.0
43977,2009,False,46.0
43978,2005,False,72.0
43983,2009,True,106.0
43984,2006,False,72.0
43985,2010,False,49.0
43986,2006,False,58.0
43987,2010,False,75.0
43990,2012,False,48.0
43992,2006,False,78.0
43993,2006,False,43.0
43996,2007,False,67.0
43999,2006,False,67.0
44001,2011,False,65.0
44002,2012,False,44.0
44003,2013,False,72.0
44006,2005,False,64.0
44007,2005,False,47.0
44009,2013,True,188.0
44010,2005,False,62.0
44012,2006,False,77.0
44013,2006,False,59.0
44016,2006,False,89.0
44018,2004,False,46.0
44020,2009,False,66.0
44023,2008,False,73.0
44027,2006,False,76.0
44031,2012,False,83.0
44032,2008,False,63.0
44033,2004,False,59.0
44034,2006,False,54.0
44035,2004,False,58.0
44040,2009,False,46.0
44041,2008,False,80.0
44042,2008,False,96.0
44046,2014,False,43.0
44047,2004,False,40.0
44054,2006,True,170.0
44060,2005,False,117.0
44062,2009,False,52.0
44067,2003,False,50.0
44068,2006,False,81.0
44070,2008,True,175.0
44071,2008,False,43.0
44072,2010,False,41.0
44076,2005,False,71.0
44078,2011,False,74.0
44079,2004,False,46.0
44082,2012,False,58.0
44085,2004,False,47.0
44086,2014,False,41.0
44093,2009,False,95.0
44096,2006,False,71.0
44099,2014,False,59.0
44101,2009,False,85.0
44103,2004,False,48.0
44104,2008,False,79.0
44106,2005,False,73.0
44107,2003,False,91.0
44109,2011,False,60.0
44114,2013,False,88.0
44123,2005,False,83.0
44125,2009,False,66.0
44128,2010,False,88.0
44129,2007,False,61.0
44130,2009,False,71.0
44131,2005,False,49.0
44133,2013,False,50.0
44145,2004,False,59.0
44147,2014,False,65.0
44148,2013,True,152.0
44150,2012,False,86.0
44151,2012,False,73.0
44153,2011,False,45.0
44154,2004,False,58.0
44155,2007,False,67.0
44156,2007,False,59.0
44159,2011,False,43.0
44160,2004,False,86.0
44163,2012,False,82.0
44166,2008,False,91.0
44167,2004,False,82.0
44169,2006,False,79.0
44170,2005,False,77.0
44173,2008,False,110.0
44175,2011,False,104.0
44176,2014,False,63.0
44177,2003,False,86.0
44187,2005,False,46.0
44188,2010,False,49.0
44195,2014,False,48.0
44196,2010,False,72.0
44202,2007,False,58.0
44213,2009,False,46.0
44214,2008,True,170.0
44217,2013,False,74.0
44221,2004,False,65.0
44223,2014,False,84.0
44225,2011,False,74.0
44230,2012,False,115.0
44233,2005,False,63.0
44244,2005,False,55.0
44246,2011,False,68.0
44247,2013,False,64.0
44252,2009,False,72.0
44253,2006,False,64.0
44254,2005,False,41.0
44257,2003,False,67.0
44261,2005,False,59.0
44265,2010,False,71.0
44267,2010,False,80.0
44269,2010,False,81.0
44270,2008,False,72.0
44286,2010,False,73.0
44289,2011,False,100.0
44292,2008,False,69.0
44293,2004,False,87.0
44296,2006,False,65.0
44298,2004,False,69.0
44300,2010,False,81.0
44302,2004,False,85.0
44303,2005,False,55.0
44306,2011,False,52.0
44312,2003,False,77.0
44313,2008,False,94.0
44315,2006,False,69.0
44317,2009,True,96.0
44318,2006,False,71.0
44320,2006,False,59.0
44325,2006,False,50.0
44327,2011,True,186.0
44335,2010,False,82.0
44339,2011,False,54.0
44351,2003,False,48.0
44357,2013,False,64.0
44358,2013,False,73.0
44360,2006,False,73.0
44365,2009,False,88.0
44368,2012,False,48.0
44370,2012,False,177.0
44372,2004,False,43.0
44378,2006,False,62.0
44380,2012,False,59.0
44382,2007,False,70.0
44385,2010,False,67.0
44388,2004,False,76.0
44393,2004,False,59.0
44395,2011,False,60.0
44396,2003,False,66.0
44402,2006,False,70.0
44405,2006,True,276.0
44407,2008,False,118.0
44416,2006,False,71.0
44421,2010,False,83.0
44422,2014,False,52.0
44430,2007,False,76.0
44432,2005,False,57.0
44437,2003,False,69.0
44441,2005,False,56.0
44449,2012,True,147.0
44452,2013,False,45.0
44454,2010,False,45.0
44456,2006,False,35.0
44457,2013,False,57.0
44458,2009,False,109.0
44459,2007,True,214.0
44462,2004,False,51.0
44463,2003,False,53.0
44476,2004,False,62.0
44479,2003,True,181.0
44484,2013,False,57.0
44489,2012,False,77.0
44497,2006,False,75.0
44498,2009,True,291.0
44503,2012,False,111.0
44506,2009,False,81.0
44509,2011,True,92.0
44512,2011,False,69.0
44519,2005,False,45.0
44521,2010,False,133.0
44524,2004,False,54.0
44527,2011,False,121.0
44530,2011,False,44.0
44532,2006,False,55.0
44533,2005,False,53.0
44534,2009,False,64.0
44535,2003,False,60.0
44537,2005,True,216.0
44539,2004,False,59.0
44542,2012,False,95.0
44544,2008,False,120.0
44546,2008,False,68.0
44550,2005,False,55.0
44552,2006,False,65.0
44553,2006,True,141.0
44557,2004,False,67.0
44560,2006,False,52.0
44561,2007,False,61.0
44562,2011,True,146.0
44564,2005,False,102.0
44567,2008,False,96.0
44572,2003,False,48.0
44584,2010,True,118.0
44586,2008,False,53.0
44588,2014,False,69.0
44589,2003,False,40.0
44590,2005,False,111.0
44592,2009,False,80.0
44594,2011,False,71.0
44598,2003,False,53.0
44599,2012,False,61.0
44603,2006,False,75.0
44604,2004,False,72.0
44606,2014,False,43.0
44609,2003,False,53.0
44613,2003,False,64.0
44618,2012,False,74.0
44622,2010,False,58.0
44624,2006,False,73.0
44626,2008,False,45.0
44638,2009,False,72.0
44639,2003,False,70.0
44640,2005,False,73.0
44642,2003,False,48.0
44646,2010,False,78.0
44654,2004,False,58.0
44655,2006,False,82.0
44657,2005,False,56.0
44658,2013,False,105.0
44659,2005,False,78.0
44661,2010,False,65.0
44664,2005,False,73.0
44673,2010,False,71.0
44674,2008,False,64.0
44675,2003,False,45.0
44677,2005,False,65.0
44683,2009,False,55.0
44687,2004,False,53.0
44691,2006,False,62.0
44693,2003,False,42.0
44696,2007,False,73.0
44699,2011,False,77.0
44702,2006,True,564.0
44705,2006,False,74.0
44711,2010,False,62.0
44714,2014,False,74.0
44715,2003,False,52.0
44717,2005,False,69.0
44718,2007,False,56.0
44719,2003,True,191.0
44720,2004,False,46.0
44721,2012,False,91.0
44724,2003,False,71.0
44727,2006,False,63.0
44730,2006,False,41.0
44731,2004,False,45.0
44734,2006,False,64.0
44745,2005,False,74.0
44746,2011,False,67.0
44751,2009,False,54.0
44752,2003,False,66.0
44758,2005,False,95.0
44762,2005,False,57.0
44769,2004,False,55.0
44774,2005,False,60.0
44776,2003,False,75.0
44779,2003,False,58.0
44783,2008,False,61.0
44785,2004,False,68.0
44790,2009,False,75.0
44793,2003,False,56.0
44800,2006,False,64.0
44801,2009,False,68.0
44802,2014,False,56.0
44806,2011,False,58.0
44808,2010,True,112.0
44809,2003,False,66.0
44810,2012,False,89.0
44814,2010,False,90.0
44816,2014,False,49.0
44818,2005,False,45.0
44821,2003,False,73.0
44826,2010,False,82.0
44828,2005,False,73.0
44829,2004,False,98.0
44830,2009,False,130.0
44831,2003,False,105.0
44834,2003,False,61.0
44835,2012,False,57.0
44836,2009,False,69.0
44838,2014,False,63.0
44839,2010,False,73.0
44841,2013,False,68.0
44844,2004,False,64.0
44846,2004,False,78.0
44848,2005,False,86.0
44849,2004,False,75.0
44850,2008,False,60.0
44852,2009,False,71.0
44854,2003,False,107.0
44857,2014,False,53.0
44864,2012,False,55.0
44874,2008,False,63.0
44875,2005,False,85.0
44877,2004,False,57.0
44878,2008,False,56.0
44879,2006,False,103.0
44884,2004,False,76.0
44885,2003,False,67.0
44886,2011,False,66.0
44892,2013,False,88.0
44895,2005,False,87.0
44902,2013,False,69.0
44903,2004,False,48.0
44904,2010,False,79.0
44906,2010,False,62.0
44915,2009,False,55.0
44918,2008,False,78.0
44919,2005,True,169.0
44925,2005,True,133.0
44927,2007,False,72.0
44932,2007,False,56.0
44934,2009,False,54.0
44937,2012,False,60.0
44939,2008,False,61.0
44942,2011,False,59.0
44943,2003,False,54.0
44946,2009,False,62.0
44949,2003,False,59.0
44950,2010,False,115.0
44951,2007,False,92.0
44953,2007,False,67.0
44959,2009,False,71.0
44960,2013,True,119.0
44962,2004,False,59.0
44965,2003,False,167.0
44966,2007,False,61.0
44969,2003,True,99.0
44970,2006,False,86.0
44979,2004,False,59.0
44985,2003,False,52.0
44988,2006,False,103.0
44990,2008,False,83.0
44995,2004,False,69.0
44996,2010,False,63.0
44997,2003,False,46.0
45000,2008,False,49.0
45014,2011,False,75.0
45019,2009,False,74.0
45020,2008,False,44.0
45027,2006,True,120.0
45030,2005,False,90.0
45032,2006,False,73.0
45035,2003,False,70.0
45036,2013,False,70.0
45037,2011,False,101.0
45041,2005,False,58.0
45042,2003,False,84.0
45052,2009,False,69.0
45053,2013,False,66.0
45057,2006,False,78.0
45063,2008,False,57.0
45066,2004,True,82.0
45067,2013,False,87.0
45070,2004,False,51.0
45077,2009,False,48.0
45081,2006,False,64.0
45082,2006,False,63.0
45083,2003,True,89.0
45084,2009,False,84.0
45085,2011,False,66.0
45086,2006,False,52.0
45088,2003,False,63.0
45091,2005,False,39.0
45103,2008,False,79.0
45104,2006,False,77.0
45106,2012,False,49.0
45120,2011,False,90.0
45121,2006,False,32.0
45122,2008,False,65.0
45125,2009,False,64.0
45126,2008,False,92.0
45130,2012,True,195.0
45133,2006,False,67.0
45134,2007,False,49.0
45137,2003,False,85.0
45139,2006,False,61.0
45143,2008,False,99.0
45148,2004,False,51.0
45149,2009,False,74.0
45150,2011,False,50.0
45151,2003,False,66.0
45152,2013,False,53.0
45158,2008,False,50.0
45161,2011,False,74.0
45162,2011,False,79.0
45170,2013,False,75.0
45171,2009,True,125.0
45172,2004,False,83.0
45174,2006,False,60.0
45180,2008,False,49.0
45182,2008,False,50.0
45184,2007,False,75.0
45186,2010,False,57.0
45190,2012,False,69.0
45192,2013,False,78.0
45197,2004,False,57.0
45199,2009,False,102.0
45200,2005,False,55.0
45201,2006,False,42.0
45202,2011,False,56.0
45206,2008,False,50.0
45207,2009,False,46.0
45209,2006,False,64.0
45211,2008,False,95.0
45215,2012,False,71.0
45216,2011,False,67.0
45220,2007,False,55.0
45224,2006,False,79.0
45227,2003,False,88.0
45234,2012,True,146.0
45239,2007,False,55.0
45240,2003,False,97.0
45241,2014,False,72.0
45247,2010,False,57.0
45250,2007,False,62.0
45258,2004,False,82.0
45264,2005,False,77.0
45266,2007,False,122.0
45268,2009,False,124.0
45284,2005,False,54.0
45286,2006,False,30.0
45291,2013,False,32.0
45293,2008,False,40.0
45299,2004,False,82.0
45305,2007,False,72.0
45309,2014,False,117.0
45311,2008,False,55.0
45313,2013,False,42.0
45314,2003,False,62.0
45316,2008,False,68.0
45320,2009,False,82.0
45321,2011,False,58.0
45325,2010,False,76.0
45330,2006,False,77.0
45336,2010,True,197.0
45337,2010,False,60.0
45339,2008,False,57.0
45340,2008,False,74.0
45346,2007,False,53.0
45354,2014,False,58.0
45368,2005,False,73.0
45372,2011,False,45.0
45379,2010,False,64.0
45380,2003,False,46.0
45388,2011,False,43.0
45389,2006,False,64.0
45391,2010,False,61.0
45392,2011,False,74.0
45395,2006,False,112.0
45403,2005,False,54.0
45406,2012,False,53.0
45407,2013,False,56.0
45408,2005,False,55.0
45415,2005,False,53.0
45416,2006,False,58.0
45419,2005,False,52.0
45421,2007,False,72.0
45423,2005,False,71.0
45427,2013,False,47.0
45429,2003,False,49.0
45434,2010,False,71.0
45436,2012,False,59.0
45438,2005,False,93.0
45439,2006,False,59.0
45451,2003,False,78.0
45453,2004,False,60.0
45454,2005,False,84.0
45464,2006,False,68.0
45470,2005,False,54.0
45472,2008,False,67.0
45473,2006,False,90.0
45474,2006,False,68.0
45475,2003,False,59.0
45476,2005,False,76.0
45478,2013,False,131.0
45485,2007,False,90.0
45492,2006,False,81.0
45494,2012,False,92.0
45495,2011,False,47.0
45498,2004,True,77.0
45503,2005,False,58.0
45509,2010,False,80.0
45512,2011,False,57.0
45517,2004,False,85.0
45524,2006,False,74.0
45526,2009,False,87.0
45527,2004,False,103.0
45530,2014,False,62.0
45532,2011,False,56.0
45534,2003,False,61.0
45536,2007,False,56.0
45538,2005,False,55.0
45540,2006,False,64.0
45550,2003,False,64.0
45551,2012,False,68.0
45558,2014,True,108.0
45559,2011,False,60.0
45562,2003,False,64.0
45564,2009,False,66.0
45565,2005,False,74.0
45567,2003,False,82.0
45573,2005,False,74.0
45574,2007,False,74.0
45575,2004,False,55.0
45576,2014,False,40.0
45577,2009,False,41.0
45579,2010,False,98.0
45580,2014,False,67.0
45591,2006,False,153.0
45593,2014,False,46.0
45594,2014,False,62.0
45595,2008,False,117.0
45601,2009,False,87.0
45605,2009,False,50.0
45611,2003,False,75.0
45612,2004,False,73.0
45615,2008,False,51.0
45616,2005,False,79.0
45617,2006,False,84.0
45619,2003,False,84.0
45620,2004,False,45.0
45630,2008,False,69.0
45635,2012,False,77.0
45636,2007,False,58.0
45638,2013,False,60.0
45645,2006,False,82.0
45646,2008,False,63.0
45647,2009,False,61.0
45649,2013,False,55.0
45651,2013,False,47.0
45654,2005,False,57.0
45662,2004,False,90.0
45663,2010,False,108.0
45676,2012,False,91.0
45677,2014,False,58.0
45678,2007,False,47.0
45688,2006,True,171.0
45690,2005,False,86.0
45691,2003,False,78.0
45692,2008,False,82.0
45694,2004,False,59.0
45699,2004,False,47.0
45704,2005,False,83.0
45705,2013,True,211.0
45706,2010,True,118.0
45707,2008,False,62.0
45709,2007,False,59.0
45710,2010,False,75.0
45711,2003,False,73.0
45713,2003,False,95.0
45718,2008,False,64.0
45719,2005,False,43.0
45721,2004,False,48.0
45724,2003,False,43.0
45725,2003,False,77.0
45727,2011,False,44.0
45731,2007,False,106.0
45733,2010,False,98.0
45735,2003,False,80.0
45736,2010,False,59.0
45740,2008,False,57.0
45744,2013,False,136.0
45747,2010,False,62.0
45749,2007,False,88.0
45752,2012,False,53.0
45753,2010,True,422.0
45757,2006,False,70.0
45759,2013,False,62.0
45765,2006,False,73.0
45769,2008,True,110.0
45772,2011,False,64.0
45775,2007,False,60.0
45776,2005,False,57.0
45782,2008,True,122.0
45784,2006,False,56.0
45787,2005,False,64.0
45788,2011,False,58.0
45789,2005,False,74.0
45791,2008,False,49.0
45794,2006,False,70.0
45795,2014,False,44.0
45796,2004,False,53.0
45799,2010,False,110.0
45801,2011,False,78.0
45805,2011,False,83.0
45807,2006,False,68.0
45808,2007,False,45.0
45813,2006,False,99.0
45814,2007,False,56.0
45820,2014,False,72.0
45823,2004,False,57.0
45829,2011,False,41.0
45831,2006,False,74.0
45834,2009,False,64.0
45840,2011,False,54.0
45841,2011,False,66.0
45849,2004,False,44.0
45852,2007,False,92.0
45853,2009,False,41.0
45855,2011,False,56.0
45859,2012,False,106.0
45863,2010,False,60.0
45866,2006,False,59.0
45868,2012,False,68.0
45870,2008,False,62.0
45872,2011,False,62.0
45875,2008,False,44.0
45877,2005,False,71.0
45884,2006,False,94.0
45887,2010,False,73.0
45889,2012,False,49.0
45890,2012,False,80.0
45894,2006,False,62.0
45895,2003,False,65.0
45896,2006,False,60.0
45906,2003,False,63.0
45907,2014,False,50.0
45911,2004,False,59.0
45912,2005,False,48.0
45913,2006,False,55.0
45917,2009,False,62.0
45920,2005,False,70.0
45923,2007,False,66.0
45924,2003,False,87.0
45927,2004,False,62.0
45930,2014,False,75.0
45933,2003,False,59.0
45936,2011,True,163.0
45938,2012,False,67.0
45939,2005,False,62.0
45940,2008,False,63.0
45944,2010,False,74.0
45947,2013,False,59.0
45951,2007,False,58.0
45952,2008,False,69.0
45954,2012,False,69.0
45958,2006,False,53.0
45959,2006,False,74.0
45966,2007,False,60.0
45967,2014,False,60.0
45970,2004,False,62.0
45980,2005,False,69.0
45981,2003,False,55.0
45982,2012,False,82.0
45988,2005,False,110.0
45989,2005,False,75.0
45993,2011,False,66.0
45996,2006,False,47.0
46000,2011,False,58.0
46004,2008,False,79.0
46009,2012,False,84.0
46016,2003,True,162.0
46022,2006,True,107.0
46025,2014,False,59.0
46029,2004,False,77.0
46030,2011,False,64.0
46033,2003,False,65.0
46035,2011,False,44.0
46038,2010,False,85.0
46039,2008,False,72.0
46041,2003,False,64.0
46043,2004,True,182.0
46046,2006,True,140.0
46048,2014,False,46.0
46050,2003,False,45.0
46053,2005,False,52.0
46054,2004,False,84.0
46056,2007,False,61.0
46058,2009,False,54.0
46060,2007,False,46.0
46064,2005,False,43.0
46071,2006,False,81.0
46079,2008,False,78.0
46080,2012,False,59.0
46086,2012,True,114.0
46090,2008,False,81.0
46091,2005,False,53.0
46093,2004,False,113.0
46094,2008,False,59.0
46095,2012,False,131.0
46100,2010,False,52.0
46107,2003,True,98.0
46108,2008,False,74.0
46112,2005,False,72.0
46113,2008,False,116.0
46114,2008,False,60.0
46115,2005,False,75.0
46124,2010,False,65.0
46129,2013,False,34.0
46130,2013,False,68.0
46136,2004,False,50.0
46147,2005,True,107.0
46148,2008,False,101.0
46155,2013,True,289.0
46160,2007,False,35.0
46161,2012,False,59.0
46164,2008,False,45.0
46167,2011,False,93.0
46168,2010,False,44.0
46170,2003,False,62.0
46174,2011,False,60.0
46179,2013,False,94.0
46180,2006,False,89.0
46181,2009,False,72.0
46184,2010,False,71.0
46188,2003,False,70.0
46190,2006,False,71.0
46191,2007,False,151.0
46196,2003,False,64.0
46197,2008,False,81.0
46200,2013,False,76.0
46213,2007,False,64.0
46220,2006,False,70.0
46222,2003,False,71.0
46224,2004,False,74.0
46227,2012,False,49.0
46232,2003,True,90.0
46233,2010,False,61.0
46240,2013,False,72.0
46241,2003,True,105.0
46242,2003,False,73.0
46251,2005,False,90.0
46258,2009,False,85.0
46260,2012,False,75.0
46262,2012,False,54.0
46263,2005,False,71.0
46269,2009,False,48.0
46270,2009,True,100.0
46271,2013,False,100.0
46282,2004,False,60.0
46287,2010,False,66.0
46295,2004,False,78.0
46300,2008,False,66.0
46302,2009,True,156.0
46303,2007,False,98.0
46304,2007,False,66.0
46306,2012,False,55.0
46312,2003,False,53.0
46313,2008,False,51.0
46314,2003,False,100.0
46324,2012,False,114.0
46328,2004,False,50.0
46331,2008,False,68.0
46332,2003,False,56.0
46336,2013,False,49.0
46338,2008,False,83.0
46339,2012,False,51.0
46344,2014,True,124.0
46345,2008,False,57.0
46350,2009,False,94.0
46354,2006,False,48.0
46356,2008,False,67.0
46361,2008,False,79.0
46362,2009,False,107.0
46364,2006,False,94.0
46366,2003,False,65.0
46371,2014,False,80.0
46372,2003,False,49.0
46374,2004,False,98.0
46378,2007,False,58.0
46379,2006,False,63.0
46381,2007,False,60.0
46383,2006,False,81.0
46384,2004,False,78.0
46385,2007,False,51.0
46386,2009,False,44.0
46388,2008,False,102.0
46389,2012,False,54.0
46390,2003,False,48.0
46391,2012,False,45.0
46394,2012,False,55.0
46397,2005,False,59.0
46405,2003,False,76.0
46406,2003,False,46.0
46407,2006,False,82.0
46413,2004,False,67.0
46414,2011,False,78.0
46416,2009,False,91.0
46417,2009,False,75.0
46420,2004,False,94.0
46421,2006,False,40.0
46425,2008,False,79.0
46429,2004,False,66.0
46432,2009,False,47.0
46435,2011,False,67.0
46439,2012,False,61.0
46441,2009,False,81.0
46443,2008,False,78.0
46444,2013,False,62.0
46446,2012,False,56.0
46449,2004,False,56.0
46452,2012,False,68.0
46453,2007,False,86.0
46454,2010,False,47.0
46455,2009,False,69.0
46459,2003,False,67.0
46464,2005,False,44.0
46465,2012,False,81.0
46467,2008,False,76.0
46471,2005,False,92.0
46472,2005,False,65.0
46474,2006,False,106.0
46476,2012,False,50.0
46478,2007,True,230.0
46480,2006,False,46.0
46481,2009,False,80.0
46486,2003,False,67.0
46489,2004,False,42.0
46492,2003,False,88.0
46495,2007,False,133.0
46498,2011,False,51.0
46503,2005,False,51.0
46504,2010,False,51.0
46505,2009,False,76.0
46506,2003,False,77.0
46508,2006,False,83.0
46510,2005,False,57.0
46511,2003,False,57.0
46512,2014,False,60.0
46517,2005,False,56.0
46521,2005,False,69.0
46522,2009,False,79.0
46524,2003,False,41.0
46526,2006,True,129.0
46534,2003,False,61.0
46535,2004,False,43.0
46536,2008,False,93.0
46537,2009,False,73.0
46538,2013,False,68.0
46551,2013,False,65.0
46552,2013,False,51.0
46556,2011,False,49.0
46560,2007,False,60.0
46561,2007,False,72.0
46563,2009,False,54.0
46569,2012,False,66.0
46571,2010,False,50.0
46576,2006,False,64.0
46580,2003,False,65.0
46582,2005,False,67.0
46588,2005,False,66.0
46593,2003,False,48.0
46595,2009,False,75.0
46597,2003,False,77.0
46600,2003,False,62.0
46603,2008,False,52.0
46606,2003,True,111.0
46607,2006,False,58.0
46611,2003,False,60.0
46614,2009,False,58.0
46617,2007,False,111.0
46620,2008,False,76.0
46622,2012,False,63.0
46623,2005,False,97.0
46624,2006,False,90.0
46627,2014,False,103.0
46628,2007,False,110.0
46631,2013,False,45.0
46632,2009,False,55.0
46634,2003,False,48.0
46636,2003,False,60.0
46637,2006,False,72.0
46638,2003,False,87.0
46641,2005,False,55.0
46645,2007,False,63.0
46646,2010,False,67.0
46649,2005,False,61.0
46651,2008,False,67.0
46654,2012,False,64.0
46656,2011,False,69.0
46659,2003,True,119.0
46662,2004,False,73.0
46663,2004,False,71.0
46667,2007,False,54.0
46670,2005,False,49.0
46672,2010,False,58.0
46674,2005,False,71.0
46678,2011,False,125.0
46690,2004,False,59.0
46695,2007,False,169.0
46698,2005,False,59.0
46702,2009,False,88.0
46707,2006,False,55.0
46709,2006,False,63.0
46711,2011,False,56.0
46714,2003,False,55.0
46715,2006,False,80.0
46716,2003,False,99.0
46717,2012,False,78.0
46720,2003,False,96.0
46721,2012,False,38.0
46727,2012,False,56.0
46732,2007,False,74.0
46733,2004,False,45.0
46738,2003,True,97.0
46739,2005,False,47.0
46741,2010,False,39.0
46744,2003,False,84.0
46754,2010,False,62.0
46755,2006,False,111.0
46757,2006,False,50.0
46759,2006,False,89.0
46762,2006,False,82.0
46763,2010,False,54.0
46768,2006,False,54.0
46772,2004,False,68.0
46773,2010,False,62.0
46777,2009,False,50.0
46779,2011,False,52.0
46784,2009,False,63.0
46785,2003,False,55.0
46789,2004,False,55.0
46790,2014,False,55.0
46796,2013,False,50.0
46801,2009,False,65.0
46803,2007,False,79.0
46807,2013,False,57.0
46808,2004,False,46.0
46813,2012,False,45.0
46814,2004,False,70.0
46817,2004,False,84.0
46818,2003,False,69.0
46820,2007,False,102.0
46822,2005,False,80.0
46826,2006,False,58.0
46828,2010,False,67.0
46832,2005,False,66.0
46836,2011,False,74.0
46837,2010,False,78.0
46842,2006,False,69.0
46843,2006,False,52.0
46845,2005,False,44.0
46850,2007,False,62.0
46855,2007,False,61.0
46857,2013,True,94.0
46858,2008,False,111.0
46859,2004,False,83.0
46862,2004,False,60.0
46863,2003,False,107.0
46865,2003,False,143.0
46867,2010,False,50.0
46868,2004,False,101.0
46872,2003,False,64.0
46877,2009,False,55.0
46884,2009,False,86.0
46885,2003,False,54.0
46886,2004,False,58.0
46888,2005,False,69.0
46895,2003,False,37.0
46897,2013,False,70.0
46902,2003,False,53.0
46911,2014,False,74.0
46917,2012,False,62.0
46918,2003,False,56.0
46922,2009,False,100.0
46928,2006,False,102.0
46931,2005,True,123.0
46933,2004,False,54.0
46937,2011,False,45.0
46938,2013,False,72.0
46946,2005,False,52.0
46951,2008,False,89.0
46952,2003,False,86.0
46957,2010,False,71.0
46965,2003,False,71.0
46969,2009,False,41.0
46976,2008,False,55.0
46979,2004,False,101.0
46980,2013,False,117.0
46986,2011,False,80.0
46988,2005,False,51.0
46990,2008,False,74.0
46998,2005,False,34.0
47007,2009,False,61.0
47012,2008,False,45.0
47016,2007,False,74.0
47022,2004,False,73.0
47030,2006,False,64.0
47031,2008,False,69.0
47035,2007,False,85.0
47046,2009,False,46.0
47049,2010,False,68.0
47052,2007,False,57.0
47054,2008,False,109.0
47056,2012,False,111.0
47058,2006,False,57.0
47060,2006,False,58.0
47062,2004,False,110.0
47064,2011,False,72.0
47065,2013,False,85.0
47067,2010,False,72.0
47069,2009,False,76.0
47071,2014,False,48.0
47074,2014,False,92.0
47077,2010,False,50.0
47082,2003,False,57.0
47090,2003,False,77.0
47093,2006,False,62.0
47098,2008,False,72.0
47100,2008,False,53.0
47101,2005,False,98.0
47103,2007,False,67.0
47104,2010,False,63.0
47108,2005,False,58.0
47111,2014,False,139.0
47113,2006,False,54.0
47114,2004,False,89.0
47119,2007,False,68.0
47124,2013,False,79.0
47126,2006,True,328.0
47128,2010,False,83.0
47131,2004,False,52.0
47136,2008,False,71.0
47137,2011,False,62.0
47139,2008,False,68.0
47140,2009,False,70.0
47142,2011,False,73.0
47151,2003,False,59.0
47155,2012,False,78.0
47159,2008,True,309.0
47161,2005,False,48.0
47172,2007,False,65.0
47173,2003,False,61.0
47174,2005,False,94.0
47178,2003,False,80.0
47183,2006,False,66.0
47184,2006,False,52.0
47188,2010,False,63.0
47193,2013,False,62.0
47195,2004,False,58.0
47196,2011,False,64.0
47199,2006,False,66.0
47202,2010,False,57.0
47208,2014,False,55.0
47211,2004,False,90.0
47212,2009,False,47.0
47218,2008,False,40.0
47223,2004,False,59.0
47224,2011,False,50.0
47225,2004,False,77.0
47228,2014,False,74.0
47237,2013,True,198.0
47239,2003,False,65.0
47241,2007,False,48.0
47243,2003,False,52.0
47244,2012,False,62.0
47255,2010,False,80.0
47256,2003,False,54.0
47264,2009,False,100.0
47268,2004,False,109.0
47270,2005,False,62.0
47274,2006,False,52.0
47275,2012,False,46.0
47277,2006,True,132.0
47279,2004,False,61.0
47280,2013,False,74.0
47285,2005,False,56.0
47286,2006,False,74.0
47288,2014,False,62.0
47293,2012,False,69.0
47300,2008,False,59.0
47301,2008,False,93.0
47303,2006,False,106.0
47304,2004,False,77.0
47308,2013,False,46.0
47309,2008,False,97.0
47310,2007,False,66.0
47313,2008,False,64.0
47314,2006,True,132.0
47316,2003,False,51.0
47318,2003,False,41.0
47327,2010,False,41.0
47329,2011,False,84.0
47336,2012,True,181.0
47339,2005,False,41.0
47342,2008,False,55.0
47343,2012,False,67.0
47344,2008,False,60.0
47349,2014,False,66.0
47350,2008,True,183.0
47353,2012,False,56.0
47355,2005,False,59.0
47358,2003,False,121.0
47362,2008,True,126.0
47366,2013,False,72.0
47368,2006,False,63.0
47375,2012,False,73.0
47378,2005,False,67.0
47381,2012,False,162.0
47382,2009,True,79.0
47384,2008,False,82.0
47386,2010,False,76.0
47387,2008,False,76.0
47388,2005,False,70.0
47390,2011,False,34.0
47392,2005,False,60.0
47400,2013,False,44.0
47402,2003,False,67.0
47403,2004,False,58.0
47405,2006,False,77.0
47407,2009,False,83.0
47410,2005,False,72.0
47411,2010,False,102.0
47421,2009,False,62.0
47422,2011,False,68.0
47424,2014,False,55.0
47426,2005,False,69.0
47436,2010,False,77.0
47437,2012,False,62.0
47438,2014,False,43.0
47439,2003,False,62.0
47440,2005,False,99.0
47443,2003,False,40.0
47447,2008,False,66.0
47450,2003,False,31.0
47451,2013,False,49.0
47454,2011,False,106.0
47455,2013,False,67.0
47458,2007,False,65.0
47461,2004,False,44.0
47462,2008,False,62.0
47466,2004,False,98.0
47467,2003,True,110.0
47476,2003,False,116.0
47477,2011,False,74.0
47481,2008,False,66.0
47483,2007,False,84.0
47489,2005,False,55.0
47491,2009,False,64.0
47494,2010,False,94.0
47499,2003,False,66.0
47505,2012,False,69.0
47506,2010,False,63.0
47507,2006,False,63.0
47508,2010,False,70.0
47510,2004,False,77.0
47520,2007,False,72.0
47521,2004,False,78.0
47528,2004,False,61.0
47531,2003,False,49.0
47533,2005,False,63.0
47536,2006,False,84.0
47538,2014,False,73.0
47542,2011,False,109.0
47545,2012,False,70.0
47550,2005,False,56.0
47554,2011,False,36.0
47556,2009,False,118.0
47558,2007,False,72.0
47559,2004,False,44.0
47561,2006,False,47.0
47565,2010,False,61.0
47566,2005,False,67.0
47572,2005,False,54.0
47575,2003,False,41.0
47580,2004,False,83.0
47581,2007,False,78.0
47587,2013,False,53.0
47589,2003,False,74.0
47590,2009,False,50.0
47592,2014,False,49.0
47594,2005,False,60.0
47595,2010,False,69.0
47601,2013,True,81.0
47604,2012,False,55.0
47605,2003,False,42.0
47606,2008,False,76.0
47608,2008,False,102.0
47617,2003,False,39.0
47619,2014,False,47.0
47620,2008,False,76.0
47621,2011,False,67.0
47628,2008,False,105.0
47634,2010,False,48.0
47638,2003,False,89.0
47640,2003,False,83.0
47642,2011,True,295.0
47647,2005,False,48.0
47649,2011,False,71.0
47651,2008,False,74.0
47656,2005,False,64.0
47657,2004,False,72.0
47662,2005,False,67.0
47665,2003,False,52.0
47670,2007,False,107.0
47672,2003,False,77.0
47675,2007,False,64.0
47676,2003,False,62.0
47682,2014,False,68.0
47683,2007,False,54.0
47686,2007,False,55.0
47692,2004,False,84.0
47694,2013,False,96.0
47700,2006,False,51.0
47703,2003,True,158.0
47704,2010,False,50.0
47708,2011,False,63.0
47711,2005,False,55.0
47713,2009,False,61.0
47714,2007,False,74.0
47716,2010,False,129.0
47717,2005,False,78.0
47721,2007,False,62.0
47725,2011,False,109.0
47726,2009,False,63.0
47727,2012,False,91.0
47728,2003,False,61.0
47730,2011,False,85.0
47732,2010,False,135.0
47733,2007,False,77.0
47735,2009,False,70.0
47741,2006,False,53.0
47742,2014,False,66.0
47743,2011,False,59.0
47746,2004,False,56.0
47748,2003,False,83.0
47749,2008,False,58.0
47752,2005,False,57.0
47754,2005,False,77.0
47755,2009,False,106.0
47759,2007,False,77.0
47760,2003,False,63.0
47761,2007,False,57.0
47764,2005,False,69.0
47765,2005,False,84.0
47772,2011,False,74.0
47775,2004,False,51.0
47778,2011,False,67.0
47786,2004,False,89.0
47788,2010,False,71.0
47791,2012,False,81.0
47794,2010,False,97.0
47795,2004,False,55.0
47798,2006,True,452.0
47799,2009,False,64.0
47800,2012,False,87.0
47801,2010,False,56.0
47803,2005,False,72.0
47808,2014,False,85.0
47811,2004,False,53.0
47812,2006,False,65.0
47813,2012,False,75.0
47815,2007,False,69.0
47817,2008,False,81.0
47818,2005,False,50.0
47825,2012,False,48.0
47826,2007,False,86.0
47831,2011,False,44.0
47832,2009,False,69.0
47835,2009,False,44.0
47837,2014,True,151.0
47839,2009,False,71.0
47845,2011,True,100.0
47846,2011,False,76.0
47853,2006,False,46.0
47863,2009,False,50.0
47867,2013,False,72.0
47868,2010,False,40.0
47874,2009,False,110.0
47876,2005,False,75.0
47889,2004,False,74.0
47892,2008,False,47.0
47897,2009,False,56.0
47899,2004,False,90.0
47908,2008,False,64.0
47914,2003,False,77.0
47915,2003,False,67.0
47919,2011,False,46.0
47925,2006,False,54.0
47931,2003,False,45.0
47932,2008,False,56.0
47934,2003,False,104.0
47936,2013,False,61.0
47942,2008,False,57.0
47946,2011,False,65.0
47949,2014,False,99.0
47950,2006,False,63.0
47952,2011,False,317.0
47953,2008,True,211.0
47954,2012,False,71.0
47956,2009,True,169.0
47958,2004,True,117.0
47960,2013,False,64.0
47965,2010,False,53.0
47968,2014,False,79.0
47978,2009,False,81.0
47984,2005,False,86.0
47985,2011,False,75.0
47988,2012,False,122.0
47993,2009,False,65.0
47995,2004,False,104.0
48000,2004,False,63.0
48007,2004,False,63.0
48008,2008,False,66.0
48009,2007,False,138.0
48010,2009,False,61.0
48016,2008,True,139.0
48021,2009,False,71.0
48022,2007,False,53.0
48026,2010,False,69.0
48029,2005,True,80.0
48034,2008,False,102.0
48035,2007,False,56.0
48037,2011,False,49.0
48038,2006,False,59.0
48039,2012,False,51.0
48040,2012,False,68.0
48046,2004,False,75.0
48048,2004,False,72.0
48051,2014,True,203.0
48054,2011,False,85.0
48055,2008,False,37.0
48056,2003,False,90.0
48060,2009,False,103.0
48063,2006,False,49.0
48065,2011,False,78.0
48067,2005,False,72.0
48072,2005,False,54.0
48074,2011,False,122.0
48077,2003,False,56.0
48081,2008,False,53.0
48082,2006,False,64.0
48084,2004,False,120.0
48090,2008,False,79.0
48095,2005,False,85.0
48096,2013,False,46.0
48097,2008,False,62.0
48105,2008,False,56.0
48109,2009,False,45.0
48121,2006,False,53.0
48126,2010,False,93.0
48128,2003,False,80.0
48129,2006,False,55.0
48130,2009,False,64.0
48132,2006,False,41.0
48134,2010,False,63.0
48136,2013,False,78.0
48137,2009,False,59.0
48138,2008,False,85.0
48139,2012,False,62.0
48148,2006,False,82.0
48154,2007,False,54.0
48157,2005,False,102.0
48159,2005,False,58.0
48163,2010,False,46.0
48164,2010,False,48.0
48169,2003,False,60.0
48171,2003,False,91.0
48173,2005,False,84.0
48176,2009,False,47.0
48177,2009,False,77.0
48184,2010,False,103.0
48187,2012,False,61.0
48190,2006,False,123.0
48194,2010,False,81.0
48195,2014,False,52.0
48196,2009,False,51.0
48201,2012,False,65.0
48202,2008,False,40.0
48206,2005,False,124.0
48212,2003,False,70.0
48214,2006,False,81.0
48218,2012,False,48.0
48227,2009,False,64.0
48237,2010,False,76.0
48241,2007,False,56.0
48243,2005,False,91.0
48245,2011,False,46.0
48248,2004,False,59.0
48256,2007,True,234.0
48258,2011,False,50.0
48259,2004,False,73.0
48262,2005,False,66.0
48264,2014,False,56.0
48267,2004,False,30.0
48269,2007,False,61.0
48271,2013,False,76.0
48274,2008,False,49.0
48277,2004,False,50.0
48279,2007,False,76.0
48281,2010,False,51.0
48282,2005,True,210.0
48285,2010,True,184.0
48297,2005,False,74.0
48299,2003,False,60.0
48312,2003,False,101.0
48313,2010,True,630.0
48314,2007,False,60.0
48316,2007,False,82.0
48321,2009,False,65.0
48326,2013,False,73.0
48327,2010,False,95.0
48329,2006,False,49.0
48333,2005,False,51.0
48337,2007,False,53.0
48344,2004,False,66.0
48345,2013,False,53.0
48347,2005,False,65.0
48348,2008,False,60.0
48353,2006,False,92.0
48355,2007,False,96.0
48359,2013,False,58.0
48361,2009,False,97.0
48362,2008,False,92.0
48368,2010,False,90.0
48370,2010,False,40.0
48376,2003,False,55.0
48378,2011,False,55.0
48384,2007,False,61.0
48389,2009,False,55.0
48391,2003,False,107.0
48395,2007,False,61.0
48396,2011,False,59.0
48398,2012,True,74.0
48400,2013,False,63.0
48413,2005,False,59.0
48415,2004,False,77.0
48416,2013,False,55.0
48417,2008,False,79.0
48418,2009,False,57.0
48419,2012,False,84.0
48425,2003,False,67.0
48429,2003,False,71.0
48430,2009,True,168.0
48433,2010,False,116.0
48434,2008,False,66.0
48436,2004,False,61.0
48439,2010,False,57.0
48441,2008,False,55.0
48442,2011,False,67.0
48443,2010,False,46.0
48445,2007,False,83.0
48446,2010,True,95.0
48449,2009,False,64.0
48450,2009,False,95.0
48457,2005,False,93.0
48461,2014,False,47.0
48462,2007,False,118.0
48465,2003,False,48.0
48469,2003,False,50.0
48470,2008,False,87.0
48473,2010,False,104.0
48484,2007,False,45.0
48485,2006,False,48.0
48497,2011,False,43.0
48501,2010,False,64.0
48502,2003,False,63.0
48503,2004,False,76.0
48504,2011,False,113.0
48506,2009,False,51.0
48508,2011,False,63.0
48509,2008,False,71.0
48513,2010,False,89.0
48514,2009,False,91.0
48517,2003,False,51.0
48520,2004,False,53.0
48521,2014,False,72.0
48523,2011,False,71.0
48524,2009,False,78.0
48525,2004,False,88.0
48527,2011,False,114.0
48529,2003,False,56.0
48531,2012,False,106.0
48535,2005,False,58.0
48536,2006,False,75.0
48538,2011,False,73.0
48540,2014,False,36.0
48542,2010,False,71.0
48544,2003,False,44.0
48547,2009,False,36.0
48550,2004,False,38.0
48551,2007,False,56.0
48552,2010,False,62.0
48556,2007,False,67.0
48561,2003,False,72.0
48565,2009,False,49.0
48566,2005,True,194.0
48570,2014,False,61.0
48571,2003,False,73.0
48576,2003,False,79.0
48578,2011,False,55.0
48583,2006,False,69.0
48588,2010,False,53.0
48589,2006,False,52.0
48591,2011,False,57.0
48595,2014,False,54.0
48597,2003,False,61.0
48601,2010,False,47.0
48607,2010,False,49.0
48609,2013,False,59.0
48614,2012,False,74.0
48615,2004,False,63.0
48616,2009,False,44.0
48618,2003,False,53.0
48621,2003,False,52.0
48622,2008,False,56.0
48624,2014,False,71.0
48634,2003,False,65.0
48643,2004,False,50.0
48647,2003,False,68.0
48648,2013,False,49.0
48649,2012,False,50.0
48651,2008,False,90.0
48653,2012,False,79.0
48654,2011,False,37.0
48668,2005,False,60.0
48669,2004,False,73.0
48680,2004,False,54.0
48683,2003,False,68.0
48686,2009,False,92.0
48688,2009,False,100.0
48689,2007,False,65.0
48692,2005,False,69.0
48693,2009,False,42.0
48694,2005,False,75.0
48695,2011,False,55.0
48696,2011,False,62.0
48698,2009,False,79.0
48702,2003,False,78.0
48710,2011,False,132.0
48715,2011,False,52.0
48723,2010,False,85.0
48728,2006,False,73.0
48729,2007,False,78.0
48732,2008,False,68.0
48738,2006,False,66.0
48740,2013,False,49.0
48743,2003,False,50.0
48748,2003,False,67.0
48751,2010,False,66.0
48752,2012,False,55.0
48756,2008,False,88.0
48757,2014,False,51.0
48762,2011,False,76.0
48765,2008,False,61.0
48770,2012,False,61.0
48773,2008,False,57.0
48776,2012,False,91.0
48777,2008,False,60.0
48780,2008,False,51.0
48781,2003,False,66.0
48783,2010,False,49.0
48784,2005,False,145.0
48786,2004,False,63.0
48787,2009,False,46.0
48788,2009,False,67.0
48789,2006,False,49.0
48790,2007,False,106.0
48792,2004,False,55.0
48798,2008,False,140.0
48799,2006,False,95.0
48800,2013,False,59.0
48801,2010,False,49.0
48802,2011,False,72.0
48803,2012,False,70.0
48808,2008,False,49.0
48816,2007,False,73.0
48822,2004,False,87.0
48824,2014,False,62.0
48826,2010,False,54.0
48827,2003,False,65.0
48830,2005,False,132.0
48842,2005,False,85.0
48846,2005,False,62.0
48847,2007,False,72.0
48850,2010,False,50.0
48857,2012,False,53.0
48858,2007,False,39.0
48860,2008,False,67.0
48861,2004,False,80.0
48872,2011,False,46.0
48876,2012,False,54.0
48877,2010,False,48.0
48879,2014,True,171.0
48885,2008,False,73.0
48887,2010,False,79.0
48892,2005,False,62.0
48893,2006,False,74.0
48895,2014,False,54.0
48901,2008,False,48.0
48902,2003,False,100.0
48913,2011,False,53.0
48915,2004,False,52.0
48916,2003,False,50.0
48918,2005,False,55.0
48927,2006,False,73.0
48928,2012,False,54.0
48932,2010,False,53.0
48934,2012,False,70.0
48936,2013,False,44.0
48938,2005,False,63.0
48941,2009,False,51.0
48942,2009,False,93.0
48944,2006,False,65.0
48946,2005,False,80.0
48956,2003,False,58.0
48961,2005,False,51.0
48962,2009,False,65.0
48969,2008,False,69.0
48974,2003,False,71.0
48977,2009,False,68.0
48978,2005,False,56.0
48980,2003,False,70.0
48981,2014,False,62.0
48988,2009,False,67.0
48990,2014,False,39.0
48992,2005,False,100.0
48993,2004,False,68.0
48996,2009,False,65.0
48998,2003,False,73.0
49000,2005,False,58.0
49002,2012,False,58.0
49003,2010,False,71.0
49012,2007,False,62.0
49015,2004,False,74.0
49022,2010,False,82.0
49035,2005,False,64.0
49039,2003,False,65.0
49041,2005,False,103.0
49046,2004,False,48.0
49051,2008,False,74.0
49052,2011,False,81.0
49055,2010,False,64.0
49056,2014,False,56.0
49057,2005,False,67.0
49064,2004,False,80.0
49068,2008,False,86.0
49072,2008,False,64.0
49073,2006,False,53.0
49074,2005,False,75.0
49081,2011,False,93.0
49084,2014,False,74.0
49085,2004,False,104.0
49088,2012,False,68.0
49092,2011,False,60.0
49099,2007,True,81.0
49100,2004,False,62.0
49110,2008,False,59.0
49115,2013,False,75.0
49116,2005,False,40.0
49118,2006,False,69.0
49119,2005,False,53.0
49125,2007,False,84.0
49126,2012,False,56.0
49127,2005,False,72.0
49130,2004,False,58.0
49131,2004,False,59.0
49134,2010,False,72.0
49137,2013,False,80.0
49139,2006,True,208.0
49141,2012,False,46.0
49145,2012,True,112.0
49148,2004,False,84.0
49149,2008,False,54.0
49151,2008,False,66.0
49152,2005,False,62.0
49156,2009,False,56.0
49157,2010,False,52.0
49158,2005,False,49.0
49161,2003,False,50.0
49171,2010,True,132.0
49178,2008,False,54.0
49185,2007,False,85.0
49187,2013,False,69.0
49189,2006,False,75.0
49190,2014,False,64.0
49194,2011,False,47.0
49198,2009,False,57.0
49200,2007,False,59.0
49203,2008,False,87.0
49204,2013,False,58.0
49205,2005,False,65.0
49212,2006,False,52.0
49214,2010,False,74.0
49218,2004,False,83.0
49219,2004,False,70.0
49221,2003,False,67.0
49224,2011,False,76.0
49225,2013,False,75.0
49227,2003,False,70.0
49230,2003,False,37.0
49235,2009,False,57.0
49236,2008,False,50.0
49242,2010,False,69.0
49243,2014,False,65.0
49246,2004,False,73.0
49255,2009,False,46.0
49256,2004,False,61.0
49261,2009,False,66.0
49263,2004,False,75.0
49266,2008,False,56.0
49273,2009,False,78.0
49275,2013,False,68.0
49280,2009,False,54.0
49282,2010,False,95.0
49292,2011,False,72.0
49297,2006,False,61.0
49298,2011,False,37.0
49300,2011,False,63.0
49302,2013,False,93.0
49304,2010,False,91.0
49305,2010,False,89.0
49307,2006,False,49.0
49309,2005,False,119.0
49312,2008,False,53.0
49313,2012,False,56.0
49317,2007,False,71.0
49326,2011,False,70.0
49330,2004,False,74.0
49345,2005,False,64.0
49352,2010,False,50.0
49354,2005,False,86.0
49357,2006,False,79.0
49358,2007,False,49.0
49359,2003,False,48.0
49360,2010,False,65.0
49361,2006,False,85.0
49363,2008,False,76.0
49364,2010,False,91.0
49370,2005,True,215.0
49371,2008,False,73.0
49372,2010,False,84.0
49374,2003,False,59.0
49390,2010,False,103.0
49396,2012,False,71.0
49399,2004,False,70.0
49400,2014,False,49.0
49401,2006,False,60.0
49402,2006,False,68.0
49403,2006,False,70.0
49404,2004,False,69.0
49405,2007,False,90.0
49408,2005,False,62.0
49409,2012,False,59.0
49410,2012,False,69.0
49411,2008,False,52.0
49412,2008,False,52.0
49413,2005,False,70.0
49415,2010,False,90.0
49427,2004,False,45.0
49434,2004,False,42.0
49436,2012,False,66.0
49437,2009,False,93.0
49439,2010,False,63.0
49441,2010,False,64.0
49449,2007,False,71.0
49450,2012,False,73.0
49452,2007,False,69.0
49461,2010,False,32.0
49464,2007,False,54.0
49465,2006,False,54.0
49470,2004,False,80.0
49472,2007,False,61.0
49474,2003,False,115.0
49475,2009,False,63.0
49477,2006,False,84.0
49478,2003,False,93.0
49479,2010,False,105.0
49482,2010,False,57.0
49484,2003,False,54.0
49488,2010,False,57.0
49491,2011,False,59.0
49492,2009,False,98.0
49493,2003,False,63.0
49494,2010,False,50.0
49503,2008,False,69.0
49506,2006,False,67.0
49508,2006,False,64.0
49513,2008,False,69.0
49523,2005,False,68.0
49524,2007,False,108.0
49528,2011,False,62.0
49532,2008,False,50.0
49537,2008,False,160.0
49538,2003,False,74.0
49539,2005,False,84.0
49540,2011,False,60.0
49542,2012,False,70.0
49543,2003,False,95.0
49546,2011,False,64.0
49550,2010,False,76.0
49551,2013,False,70.0
49552,2003,False,115.0
49555,2011,False,67.0
49558,2009,False,119.0
49561,2003,False,73.0
49562,2004,False,56.0
49566,2010,False,48.0
49572,2010,False,63.0
49578,2011,False,51.0
49582,2004,False,118.0
49585,2005,False,78.0
49586,2012,False,83.0
49588,2009,False,53.0
49600,2014,False,49.0
49604,2011,False,61.0
49605,2004,False,66.0
49611,2010,False,62.0
49612,2005,False,64.0
49614,2009,False,71.0
49619,2004,False,152.0
49620,2005,False,54.0
49621,2014,False,73.0
49624,2005,False,50.0
49626,2004,False,52.0
49631,2007,False,71.0
49632,2009,False,46.0
49633,2005,False,35.0
49637,2012,False,37.0
49639,2006,False,94.0
49641,2006,False,68.0
49642,2003,False,56.0
49648,2008,False,81.0
49650,2013,False,33.0
49651,2010,False,60.0
49654,2013,False,63.0
49656,2003,False,52.0
49659,2013,False,48.0
49665,2005,False,53.0
49667,2004,False,63.0
49669,2010,False,49.0
49672,2009,False,99.0
49679,2009,False,85.0
49680,2008,False,54.0
49684,2006,False,91.0
49687,2007,False,75.0
49689,2004,False,53.0
49698,2012,False,45.0
49699,2010,False,75.0
49700,2009,False,49.0
49701,2008,False,66.0
49702,2011,False,48.0
49705,2009,False,113.0
49708,2006,False,85.0
49711,2004,False,48.0
49712,2006,False,75.0
49713,2006,False,87.0
49715,2014,False,72.0
49718,2010,False,79.0
49719,2012,True,108.0
49723,2008,False,63.0
49724,2003,False,77.0
49729,2007,True,96.0
49734,2003,False,99.0
49735,2003,False,44.0
49738,2014,False,60.0
49739,2008,False,65.0
49745,2005,False,64.0
49746,2011,False,54.0
49749,2012,False,73.0
49754,2014,False,56.0
49755,2003,False,117.0
49757,2009,False,90.0
49760,2012,False,54.0
49762,2009,False,51.0
49763,2012,False,35.0
49765,2013,False,58.0
49767,2008,False,51.0
49768,2011,False,77.0
49769,2003,False,68.0
49770,2014,False,83.0
49774,2003,False,79.0
49777,2008,False,71.0
49782,2008,False,64.0
49783,2006,False,48.0
49787,2011,False,81.0
49789,2005,False,36.0
49790,2003,False,52.0
49792,2011,False,97.0
49793,2007,False,45.0
49794,2005,False,54.0
49800,2004,False,72.0
49806,2009,False,46.0
49812,2003,False,119.0
49813,2006,False,61.0
49814,2008,False,52.0
49816,2008,False,95.0
49818,2011,True,240.0
49819,2010,True,131.0
49821,2007,False,48.0
49825,2008,False,81.0
49826,2008,False,67.0
49829,2008,False,74.0
49831,2005,False,53.0
49836,2004,False,75.0
49837,2014,False,64.0
49839,2008,False,66.0
49841,2008,False,64.0
49846,2005,False,54.0
49847,2006,False,58.0
49849,2003,False,74.0
49850,2010,False,65.0
49851,2008,False,59.0
49855,2010,False,68.0
49858,2003,False,38.0
49859,2008,False,89.0
49862,2013,False,47.0
49864,2011,False,50.0
49865,2007,False,90.0
49867,2005,False,57.0
49868,2007,False,65.0
49871,2011,False,54.0
49873,2007,False,37.0
49878,2009,False,89.0
49886,2008,False,51.0
49887,2004,False,60.0
49889,2005,False,60.0
49891,2008,False,49.0
49893,2003,False,53.0
49894,2010,False,44.0
49895,2004,False,71.0
49901,2009,False,49.0
49903,2003,False,68.0
49904,2008,False,71.0
49905,2014,False,61.0
49907,2010,False,49.0
49910,2010,False,60.0
49911,2003,False,65.0
49912,2013,False,61.0
49913,2006,True,129.0
49915,2009,False,72.0
49918,2014,False,50.0
49921,2012,False,65.0
49926,2004,False,100.0
49928,2007,False,71.0
49935,2014,False,71.0
49940,2012,False,95.0
49941,2008,False,49.0
49942,2014,False,55.0
49947,2006,False,95.0
49954,2013,False,86.0
49961,2004,False,83.0
49972,2006,False,49.0
49981,2007,False,64.0
49984,2004,False,83.0
49986,2006,False,46.0
49989,2003,False,60.0
49991,2014,False,67.0
49994,2008,False,67.0
49996,2003,True,316.0
49998,2011,False,65.0
49999,2007,False,56.0
50000,2004,False,69.0
50005,2003,False,67.0
50007,2009,False,61.0
50009,2006,False,74.0
50014,2005,False,72.0
50023,2005,False,58.0
50027,2010,False,139.0
50029,2005,False,61.0
50032,2008,False,61.0
50035,2003,False,64.0
50038,2010,False,54.0
50039,2011,False,78.0
50043,2010,False,68.0
50048,2009,False,61.0
50049,2011,False,65.0
50050,2011,False,69.0
50058,2009,False,82.0
50064,2008,False,72.0
50069,2010,False,47.0
50070,2005,False,82.0
50074,2009,False,53.0
50076,2007,False,73.0
50078,2009,False,79.0
50079,2007,False,49.0
50080,2005,False,71.0
50087,2009,False,79.0
50090,2008,False,81.0
50091,2014,False,64.0
50095,2014,False,77.0
50097,2011,False,71.0
50099,2007,False,80.0
50100,2004,False,57.0
50102,2010,False,46.0
50103,2007,False,68.0
50111,2007,False,84.0
50122,2011,False,63.0
50128,2006,False,95.0
50130,2010,False,61.0
50131,2010,True,229.0
50134,2004,False,73.0
50145,2009,False,49.0
50147,2008,False,61.0
50149,2007,False,60.0
50151,2007,False,54.0
50152,2012,False,57.0
50156,2003,False,66.0
50160,2004,False,84.0
50162,2005,False,82.0
50165,2009,False,43.0
50171,2006,False,81.0
50172,2012,False,46.0
50173,2006,False,105.0
50178,2003,False,57.0
50179,2008,False,61.0
50181,2003,False,66.0
50183,2003,False,67.0
50191,2011,False,70.0
50192,2007,False,75.0
50195,2004,False,76.0
50197,2012,False,47.0
50199,2003,False,38.0
50201,2008,False,60.0
50202,2006,False,70.0
50214,2009,False,73.0
50216,2006,False,60.0
50219,2006,False,56.0
50223,2009,False,55.0
50225,2003,False,61.0
50229,2006,False,72.0
50231,2012,False,48.0
50236,2012,False,40.0
50239,2003,False,80.0
50240,2013,False,58.0
50243,2009,False,54.0
50246,2008,False,51.0
50257,2004,False,60.0
50258,2014,False,43.0
50260,2008,False,61.0
50261,2006,False,64.0
50265,2011,False,49.0
50266,2005,False,49.0
50267,2009,False,60.0
50276,2007,False,80.0
50281,2006,False,39.0
50282,2005,False,67.0
50291,2007,False,107.0
50292,2010,False,85.0
50301,2007,False,80.0
50302,2008,False,56.0
50306,2014,False,52.0
50311,2003,False,68.0
50313,2008,False,82.0
50317,2007,False,65.0
50318,2003,False,89.0
50319,2007,False,69.0
50320,2012,False,38.0
50322,2003,False,76.0
50324,2012,False,95.0
50327,2013,False,67.0
50331,2007,False,85.0
50336,2012,False,48.0
50339,2006,False,56.0
50340,2008,False,59.0
50347,2011,False,73.0
50349,2012,False,55.0
50350,2005,False,60.0
50353,2008,False,66.0
50357,2006,False,92.0
50358,2005,False,58.0
50359,2004,True,264.0
50360,2005,False,50.0
50361,2007,False,46.0
50365,2008,False,47.0
50366,2005,False,52.0
50367,2004,False,62.0
50375,2008,False,72.0
50376,2014,False,114.0
50377,2007,False,58.0
50378,2007,False,59.0
50379,2003,False,73.0
50382,2006,False,66.0
50385,2006,False,118.0
50392,2014,False,72.0
50397,2010,False,84.0
50403,2006,False,50.0
50409,2003,False,55.0
50415,2006,False,76.0
50416,2010,False,93.0
50420,2009,False,59.0
50421,2010,False,66.0
50428,2010,False,59.0
50429,2004,False,92.0
50430,2011,False,67.0
50432,2013,False,64.0
50449,2004,False,65.0
50451,2006,False,51.0
50459,2009,False,55.0
50461,2009,False,43.0
50470,2005,False,94.0
50474,2004,False,61.0
50478,2007,False,44.0
50479,2009,True,182.0
50484,2008,False,70.0
50488,2008,False,43.0
50493,2003,False,58.0
50495,2007,False,77.0
50501,2014,True,1127.0
50503,2004,False,78.0
50512,2003,False,49.0
50514,2012,False,58.0
50519,2011,False,130.0
50521,2004,False,51.0
50527,2010,False,77.0
50529,2007,False,55.0
50534,2006,False,43.0
50535,2011,False,98.0
50538,2014,False,42.0
50539,2012,False,50.0
50542,2011,False,46.0
50543,2005,False,94.0
50552,2009,False,64.0
50553,2014,False,83.0
50554,2006,False,64.0
50564,2012,False,75.0
50566,2013,False,58.0
50571,2012,False,76.0
50576,2003,False,77.0
50578,2005,False,61.0
50581,2008,False,60.0
50585,2013,False,58.0
50586,2003,False,47.0
50587,2013,False,60.0
50589,2011,False,50.0
50593,2008,False,58.0
50601,2009,False,90.0
50602,2011,False,59.0
50607,2010,False,69.0
50608,2003,False,77.0
50609,2006,False,67.0
50615,2011,False,60.0
50616,2007,False,50.0
50617,2005,False,73.0
50619,2010,False,67.0
50627,2007,False,56.0
50630,2006,False,62.0
50645,2008,False,61.0
50648,2010,False,84.0
50655,2009,False,68.0
50657,2004,False,91.0
50664,2007,False,57.0
50668,2005,False,43.0
50670,2006,False,52.0
50675,2005,False,48.0
50680,2010,False,53.0
50682,2007,False,54.0
50684,2008,False,56.0
50685,2006,False,47.0
50687,2014,False,64.0
50690,2006,False,39.0
50692,2013,False,54.0
50699,2007,False,74.0
50704,2003,False,66.0
50707,2006,False,68.0
50710,2008,False,96.0
50716,2007,False,57.0
50719,2011,False,59.0
50720,2004,False,58.0
50721,2008,False,47.0
50722,2006,False,53.0
50724,2013,False,49.0
50726,2009,False,64.0
50732,2009,False,66.0
50739,2014,False,56.0
50742,2007,False,49.0
50743,2011,False,56.0
50744,2009,False,85.0
50750,2004,False,58.0
50753,2004,False,41.0
50754,2005,False,59.0
50757,2005,False,77.0
50758,2005,False,78.0
50759,2007,False,81.0
50764,2014,False,50.0
50765,2014,False,56.0
50767,2007,False,77.0
50772,2004,False,52.0
50774,2007,False,46.0
50777,2012,True,119.0
50778,2004,True,164.0
50780,2004,False,85.0
50781,2004,False,58.0
50783,2009,False,77.0
50797,2006,False,67.0
50802,2011,False,71.0
50803,2013,False,60.0
50807,2004,False,45.0
50808,2010,False,58.0
50810,2008,False,51.0
50813,2009,False,56.0
50815,2009,False,84.0
50819,2009,False,44.0
50821,2010,False,62.0
50824,2011,False,67.0
50826,2005,False,81.0
50827,2006,False,58.0
50830,2007,False,73.0
50832,2005,False,54.0
50835,2008,False,60.0
50839,2013,False,54.0
50844,2004,False,71.0
50847,2010,False,83.0
50849,2007,False,64.0
50853,2009,False,50.0
50857,2005,False,40.0
50860,2003,False,63.0
50862,2003,False,69.0
50864,2008,False,49.0
50866,2003,False,68.0
50867,2009,False,61.0
50869,2004,False,111.0
50873,2004,False,51.0
50876,2009,False,69.0
50877,2013,False,59.0
50878,2007,False,69.0
50892,2003,False,37.0
50901,2007,False,91.0
50902,2003,False,60.0
50903,2007,False,65.0
50906,2007,False,54.0
50910,2008,False,66.0
50914,2008,False,48.0
50921,2009,False,48.0
50923,2011,False,95.0
50929,2013,False,59.0
50934,2011,False,59.0
50935,2013,False,50.0
50937,2013,False,70.0
50940,2008,False,57.0
50941,2008,False,54.0
50942,2006,False,51.0
50948,2009,False,82.0
50951,2005,False,55.0
50952,2004,False,69.0
50957,2011,False,47.0
50964,2004,True,176.0
50965,2009,True,2177.0
50966,2005,False,109.0
50970,2003,False,55.0
50977,2012,False,74.0
50978,2009,False,72.0
50981,2007,False,56.0
50982,2004,False,88.0
50984,2014,False,43.0
50986,2009,False,97.0
50998,2007,False,74.0
51001,2007,False,62.0
51005,2009,False,44.0
51008,2007,False,55.0
51009,2009,False,79.0
51012,2006,False,72.0
51014,2006,False,50.0
51022,2013,False,91.0
51026,2005,False,47.0
51027,2004,False,56.0
51033,2009,False,65.0
51034,2008,False,68.0
51037,2009,False,67.0
51038,2010,False,67.0
51041,2007,False,61.0
51044,2007,False,71.0
51048,2014,False,73.0
51053,2003,False,67.0
51065,2012,False,54.0
51067,2003,False,52.0
51068,2010,False,41.0
51071,2009,False,55.0
51073,2007,False,60.0
51075,2010,False,50.0
51077,2006,False,70.0
51078,2011,False,71.0
51079,2011,True,127.0
51080,2004,False,65.0
51081,2009,False,79.0
51082,2008,False,67.0
51084,2004,False,58.0
51087,2008,False,83.0
51088,2004,False,57.0
51091,2011,False,94.0
51100,2009,False,64.0
51101,2009,False,63.0
51102,2005,False,148.0
51103,2008,True,121.0
51105,2005,False,65.0
51110,2009,True,229.0
51113,2006,False,58.0
51116,2004,False,65.0
51117,2008,False,70.0
51121,2004,False,49.0
51122,2012,False,117.0
51124,2011,False,81.0
51125,2012,False,54.0
51135,2003,False,60.0
51136,2011,False,57.0
51137,2004,False,59.0
51138,2013,False,46.0
51141,2013,False,68.0
51146,2007,False,57.0
51147,2006,False,81.0
51149,2014,True,584.0
51150,2009,False,59.0
51151,2013,False,71.0
51163,2008,False,68.0
51164,2007,False,42.0
51169,2007,False,45.0
51170,2013,False,106.0
51171,2006,False,66.0
51172,2011,False,109.0
51174,2004,False,71.0
51176,2011,False,99.0
51178,2006,False,61.0
51179,2006,False,51.0
51185,2004,False,72.0
51188,2008,False,58.0
51189,2003,False,76.0
51198,2004,False,44.0
51207,2010,False,49.0
51215,2004,False,103.0
51216,2014,False,64.0
51219,2005,False,72.0
51221,2010,False,50.0
51225,2008,False,47.0
51227,2004,False,77.0
51228,2007,False,57.0
51236,2009,False,69.0
51237,2014,False,98.0
51241,2003,False,72.0
51242,2007,False,53.0
51243,2007,False,54.0
51244,2005,False,85.0
51245,2010,False,58.0
51246,2003,False,82.0
51250,2008,False,48.0
51252,2008,False,55.0
51256,2006,False,52.0
51259,2009,False,85.0
51260,2008,False,75.0
51262,2011,False,54.0
51264,2014,False,67.0
51265,2008,False,58.0
51267,2010,False,71.0
51273,2005,False,73.0
51278,2012,False,68.0
51279,2004,False,72.0
51283,2011,False,48.0
51287,2003,False,79.0
51290,2005,False,80.0
51293,2010,False,88.0
51298,2013,False,64.0
51299,2013,False,72.0
51301,2010,False,69.0
51303,2011,False,50.0
51304,2003,False,63.0
51305,2013,False,47.0
51307,2010,False,53.0
51311,2011,False,49.0
51312,2011,False,67.0
51314,2013,False,98.0
51315,2008,True,59.0
51317,2009,False,49.0
51319,2012,False,109.0
51320,2012,False,83.0
51322,2007,False,81.0
51323,2012,False,62.0
51325,2012,False,58.0
51335,2004,False,55.0
51340,2013,False,55.0
51342,2005,False,63.0
51345,2012,False,61.0
51351,2008,False,51.0
51356,2003,False,77.0
51358,2010,False,61.0
51363,2006,False,64.0
51370,2014,False,56.0
51372,2013,False,56.0
51374,2006,False,66.0
51376,2014,False,52.0
51380,2014,False,77.0
51381,2008,False,85.0
51383,2012,False,45.0
51385,2010,False,58.0
51388,2004,False,53.0
51391,2013,False,84.0
51392,2004,False,64.0
51395,2003,True,238.0
51398,2013,False,42.0
51402,2010,False,84.0
51404,2008,False,71.0
51405,2003,False,101.0
51408,2004,False,121.0
51409,2003,False,48.0
51411,2005,False,108.0
51417,2007,False,66.0
51419,2013,False,63.0
51420,2014,False,79.0
51424,2010,True,152.0
51425,2007,False,75.0
51428,2007,False,55.0
51439,2007,False,91.0
51443,2006,False,74.0
51444,2009,False,65.0
51449,2003,False,62.0
51451,2003,False,53.0
51453,2011,False,88.0
51455,2007,False,73.0
51458,2004,True,108.0
51459,2008,False,78.0
51460,2009,False,62.0
51462,2012,False,65.0
51463,2003,False,94.0
51471,2005,False,75.0
51472,2005,False,63.0
51477,2011,False,69.0
51479,2005,False,70.0
51480,2007,False,84.0
51488,2003,False,85.0
51489,2003,False,77.0
51492,2004,False,78.0
51494,2005,False,50.0
51497,2006,False,65.0
51499,2003,False,92.0
51505,2004,False,71.0
51506,2003,True,113.0
51507,2004,False,53.0
51512,2008,False,62.0
51515,2005,False,85.0
51516,2010,False,69.0
51520,2004,False,69.0
51522,2004,False,88.0
51530,2005,False,69.0
51532,2007,False,37.0
51535,2006,False,76.0
51536,2012,False,84.0
51542,2013,False,76.0
51543,2013,False,47.0
51544,2008,False,55.0
51549,2009,False,70.0
51555,2009,False,85.0
51563,2012,True,113.0
51564,2003,False,62.0
51565,2006,False,71.0
51567,2008,False,97.0
51569,2007,False,79.0
51570,2006,False,73.0
51571,2004,False,85.0
51572,2004,False,69.0
51573,2014,False,85.0
51579,2004,False,129.0
51581,2007,False,94.0
51584,2005,False,81.0
51585,2014,False,81.0
51586,2006,False,75.0
51588,2008,False,120.0
51591,2012,False,58.0
51594,2011,False,64.0
51595,2003,False,79.0
51597,2012,False,79.0
51603,2009,False,79.0
51604,2011,False,63.0
51608,2003,False,77.0
51609,2006,True,125.0
51611,2004,False,59.0
51614,2011,False,69.0
51618,2009,False,69.0
51640,2007,False,78.0
51641,2003,False,53.0
51643,2009,False,73.0
51650,2003,False,119.0
51653,2003,True,88.0
51659,2006,False,39.0
51660,2005,False,84.0
51662,2005,False,83.0
51664,2003,False,111.0
51665,2013,True,313.0
51666,2004,False,55.0
51670,2007,False,114.0
51672,2011,False,53.0
51675,2007,False,59.0
51677,2011,False,58.0
51678,2008,False,80.0
51682,2011,False,47.0
51684,2010,False,71.0
51687,2005,False,96.0
51689,2006,False,48.0
51690,2012,False,58.0
51691,2003,False,98.0
51692,2005,False,46.0
51694,2005,False,53.0
51695,2006,False,74.0
51697,2005,False,73.0
51699,2005,False,134.0
51707,2010,False,65.0
51710,2005,False,73.0
51713,2006,False,67.0
51714,2003,False,57.0
51715,2005,False,55.0
51716,2003,False,52.0
51717,2006,False,58.0
51719,2011,False,85.0
51722,2013,False,112.0
51727,2008,True,190.0
51729,2007,False,55.0
51731,2014,False,59.0
51734,2003,False,73.0
51738,2013,True,180.0
51741,2011,False,64.0
51742,2003,False,42.0
51746,2011,False,61.0
51748,2008,False,58.0
51750,2008,False,49.0
51751,2004,False,86.0
51764,2003,True,588.0
51766,2005,False,69.0
51770,2004,False,69.0
51772,2012,False,59.0
51774,2007,False,66.0
51779,2011,False,84.0
51780,2012,False,76.0
51787,2004,False,70.0
51788,2012,False,75.0
51789,2009,False,66.0
51793,2004,False,93.0
51794,2005,False,81.0
51797,2013,False,75.0
51798,2011,True,147.0
51800,2008,False,132.0
51807,2003,False,68.0
51817,2007,False,64.0
51818,2010,False,89.0
51819,2003,False,90.0
51823,2014,False,70.0
51825,2005,False,83.0
51826,2008,False,85.0
51833,2012,False,76.0
51843,2012,False,56.0
51851,2008,False,61.0
51855,2007,False,66.0
51857,2009,True,151.0
51858,2012,False,54.0
51861,2004,False,50.0
51866,2003,False,78.0
51873,2007,False,56.0
51879,2005,False,86.0
51881,2012,True,248.0
51882,2012,False,77.0
51883,2003,False,47.0
51886,2007,False,117.0
51888,2005,False,53.0
51889,2006,False,66.0
51892,2009,False,87.0
51901,2005,False,64.0
51902,2011,False,174.0
51910,2004,False,68.0
51915,2004,False,91.0
51922,2005,False,56.0
51927,2004,False,86.0
51928,2009,False,63.0
51929,2003,False,60.0
51931,2011,False,58.0
51934,2005,False,68.0
51941,2003,False,72.0
51942,2010,False,52.0
51950,2010,False,75.0
51955,2006,False,60.0
51957,2010,False,141.0
51958,2009,False,69.0
51963,2005,False,55.0
51966,2005,False,58.0
51969,2003,False,57.0
51970,2009,False,59.0
51971,2013,False,48.0
51973,2007,False,106.0
51976,2005,False,64.0
51978,2011,False,55.0
51980,2007,False,41.0
51981,2003,False,77.0
51984,2003,False,121.0
51990,2013,False,50.0
51992,2005,False,69.0
51995,2003,False,69.0
51998,2008,False,53.0
52002,2006,False,64.0
52004,2003,False,69.0
52008,2007,False,83.0
52011,2005,False,61.0
52013,2007,False,81.0
52014,2014,False,52.0
52015,2010,False,88.0
52020,2010,False,53.0
52021,2009,False,89.0
52032,2007,False,43.0
52036,2005,False,55.0
52037,2004,False,79.0
52041,2004,False,81.0
52045,2010,False,96.0
52049,2008,False,68.0
52050,2003,False,100.0
52051,2011,False,56.0
52056,2003,False,82.0
52060,2004,False,77.0
52063,2011,False,69.0
52066,2003,False,72.0
52070,2003,False,109.0
52071,2005,False,44.0
52072,2003,False,91.0
52074,2004,False,49.0
52075,2011,False,67.0
52076,2014,False,39.0
52078,2012,False,75.0
52084,2008,False,64.0
52096,2008,False,91.0
52097,2014,True,356.0
52099,2003,False,96.0
52107,2003,False,150.0
52110,2003,False,79.0
52111,2004,False,96.0
52114,2004,False,69.0
52122,2013,False,97.0
52123,2011,False,66.0
52124,2007,False,62.0
52129,2005,False,64.0
52130,2009,False,58.0
52131,2006,False,54.0
52132,2008,False,86.0
52136,2003,False,67.0
52137,2011,True,194.0
52141,2014,False,86.0
52143,2005,False,62.0
52145,2007,False,63.0
52150,2006,False,98.0
52153,2003,True,117.0
52154,2007,False,58.0
52155,2010,False,55.0
52156,2013,False,50.0
52164,2003,False,50.0
52165,2008,False,116.0
52166,2005,False,58.0
52169,2003,False,94.0
52172,2010,False,80.0
52175,2010,False,66.0
52176,2007,False,63.0
52179,2006,False,74.0
52182,2013,False,66.0
52185,2006,False,48.0
52186,2007,False,43.0
52191,2005,False,74.0
52194,2003,False,94.0
52198,2010,False,57.0
52199,2004,False,72.0
52201,2007,False,43.0
52202,2007,False,58.0
52203,2004,False,66.0
52205,2005,False,67.0
52207,2005,False,100.0
52214,2008,False,56.0
52216,2004,False,73.0
52224,2011,False,65.0
52226,2011,False,61.0
52227,2010,False,73.0
52234,2006,False,69.0
52238,2009,False,31.0
52246,2013,False,39.0
52253,2005,False,64.0
52254,2006,False,47.0
52255,2003,False,74.0
52258,2006,False,74.0
52262,2004,False,85.0
52264,2013,True,82.0
52267,2007,False,58.0
52268,2007,False,82.0
52270,2006,False,88.0
52271,2003,False,55.0
52276,2011,True,384.0
52277,2012,False,61.0
52282,2008,True,129.0
52286,2011,False,74.0
52288,2003,False,154.0
52291,2012,False,48.0
52298,2003,False,75.0
52300,2008,False,78.0
52301,2007,False,55.0
52304,2009,False,54.0
52306,2004,False,63.0
52308,2008,False,61.0
52312,2003,False,51.0
52315,2005,False,71.0
52316,2007,False,82.0
52317,2009,False,64.0
52331,2009,False,69.0
52332,2005,False,74.0
52334,2009,False,79.0
52338,2008,False,50.0
52339,2011,False,55.0
52340,2005,False,116.0
52341,2009,False,58.0
52347,2009,False,50.0
52350,2009,False,79.0
52351,2011,False,55.0
52358,2004,False,122.0
52359,2004,False,57.0
52360,2006,False,82.0
52361,2003,False,60.0
52364,2012,False,47.0
52367,2011,False,61.0
52370,2008,False,98.0
52376,2007,True,145.0
52378,2005,False,56.0
52379,2006,False,72.0
52383,2003,False,55.0
52386,2007,False,75.0
52390,2006,False,58.0
52399,2011,True,186.0
52411,2007,True,294.0
52412,2010,False,57.0
52418,2007,False,65.0
52419,2007,False,80.0
52423,2004,False,55.0
52427,2007,False,56.0
52429,2006,True,129.0
52430,2006,False,53.0
52431,2005,False,55.0
52432,2004,False,168.0
52433,2003,False,101.0
52438,2006,False,71.0
52439,2014,False,102.0
52441,2003,False,93.0
52442,2003,False,55.0
52452,2012,False,61.0
52455,2004,False,86.0
52458,2011,False,53.0
52460,2010,False,102.0
52461,2005,False,75.0
52468,2009,False,71.0
52470,2003,False,44.0
52481,2009,False,74.0
52483,2010,False,41.0
52484,2007,False,69.0
52488,2005,False,73.0
52503,2007,False,65.0
52506,2005,False,87.0
52511,2011,False,57.0
52512,2006,False,94.0
52514,2005,False,108.0
52518,2003,False,69.0
52521,2006,False,55.0
52522,2007,False,49.0
52523,2007,False,67.0
52524,2003,False,99.0
52525,2006,False,50.0
52526,2005,False,101.0
52527,2003,False,81.0
52528,2013,False,57.0
52534,2003,False,64.0
52536,2005,False,78.0
52538,2004,False,82.0
52540,2008,False,55.0
52544,2008,False,50.0
52545,2008,False,65.0
52549,2007,False,81.0
52551,2009,False,46.0
52554,2010,False,63.0
52557,2003,False,50.0
52563,2006,False,56.0
52565,2007,False,59.0
52575,2007,False,116.0
52576,2006,False,78.0
52579,2005,False,119.0
52582,2006,False,84.0
52585,2014,False,48.0
52589,2011,False,69.0
52599,2009,False,54.0
52601,2004,False,71.0
52604,2007,False,62.0
52605,2007,False,72.0
52608,2011,False,68.0
52609,2009,False,63.0
52610,2009,False,79.0
52614,2008,False,79.0
52617,2010,False,70.0
52621,2004,False,110.0
52623,2003,True,523.0
52624,2003,False,38.0
52626,2003,False,66.0
52627,2009,False,40.0
52628,2007,False,50.0
52641,2006,False,69.0
52643,2008,False,59.0
52647,2004,False,51.0
52652,2005,False,80.0
52653,2008,False,54.0
52655,2004,False,67.0
52660,2007,False,86.0
52663,2011,False,66.0
52667,2007,False,62.0
52672,2003,False,71.0
52673,2004,False,54.0
52676,2005,False,67.0
52679,2003,False,59.0
52685,2004,False,64.0
52686,2009,False,73.0
52688,2007,False,51.0
52692,2004,False,59.0
52697,2010,False,81.0
52698,2004,False,52.0
52702,2009,False,102.0
52704,2007,False,63.0
52708,2003,False,46.0
52710,2003,False,72.0
52713,2007,False,68.0
52715,2006,False,61.0
52716,2005,False,87.0
52718,2003,False,61.0
52721,2004,False,76.0
52722,2008,False,71.0
52724,2010,False,66.0
52725,2007,False,50.0
52728,2011,False,95.0
52732,2004,False,68.0
52733,2009,False,86.0
52734,2014,False,75.0
52738,2009,False,67.0
52739,2006,False,71.0
52743,2003,False,65.0
52745,2003,False,59.0
52747,2006,False,76.0
52751,2010,False,68.0
52761,2010,False,86.0
52762,2010,False,74.0
52764,2007,False,66.0
52766,2005,False,58.0
52768,2011,False,72.0
52771,2007,False,73.0
52772,2010,False,64.0
52774,2008,False,86.0
52776,2013,False,55.0
52781,2005,False,55.0
52783,2004,False,54.0
52784,2004,False,121.0
52787,2005,False,69.0
52790,2006,False,81.0
52797,2004,False,101.0
52800,2011,True,191.0
52801,2011,False,69.0
52805,2007,False,44.0
52807,2007,False,87.0
52809,2014,False,54.0
52810,2012,False,69.0
52811,2007,False,79.0
52816,2006,False,51.0
52823,2007,False,100.0
52828,2003,False,57.0
52832,2005,False,67.0
52836,2007,False,54.0
52838,2008,False,63.0
52850,2009,False,75.0
52851,2013,False,64.0
52852,2003,False,54.0
52857,2009,False,61.0
52858,2005,False,76.0
52859,2006,False,58.0
52860,2010,True,493.0
52861,2012,False,66.0
52867,2004,False,101.0
52872,2004,False,76.0
52882,2008,False,75.0
52883,2011,False,85.0
52885,2004,False,50.0
52895,2007,False,64.0
52897,2011,False,56.0
52898,2006,True,198.0
52899,2006,False,62.0
52903,2009,False,84.0
52904,2012,False,52.0
52908,2008,False,64.0
52909,2005,False,61.0
52910,2008,False,61.0
52911,2008,False,73.0
52912,2003,False,111.0
52913,2003,False,70.0
52914,2005,False,61.0
52916,2003,False,69.0
52918,2009,False,53.0
52922,2005,False,88.0
52925,2003,True,235.0
52928,2008,False,67.0
52929,2010,False,41.0
52930,2010,False,84.0
52931,2005,False,49.0
52933,2013,False,59.0
52936,2004,False,99.0
52939,2004,False,52.0
52942,2012,False,44.0
52943,2010,False,79.0
52944,2011,False,94.0
52947,2004,False,63.0
52948,2003,False,81.0
52955,2004,False,81.0
52957,2008,False,64.0
52958,2006,False,87.0
52959,2007,False,74.0
52961,2003,False,65.0
52973,2006,False,89.0
52974,2005,False,57.0
52975,2011,False,88.0
52978,2007,False,49.0
52982,2006,False,66.0
52984,2009,False,56.0
52985,2004,False,57.0
52988,2009,False,44.0
52996,2007,False,64.0
52998,2003,False,71.0
53002,2009,False,68.0
53009,2003,False,66.0
53014,2013,False,57.0
53018,2010,False,76.0
53020,2004,False,57.0
53024,2007,False,76.0
53028,2008,False,56.0
53031,2008,False,67.0
53033,2010,False,70.0
53038,2004,False,50.0
53041,2010,False,83.0
53044,2005,False,71.0
53050,2012,False,41.0
53051,2007,False,78.0
53054,2004,False,75.0
53055,2003,True,667.0
53056,2007,False,66.0
53061,2004,False,54.0
53067,2011,False,55.0
53071,2007,False,89.0
53075,2005,False,123.0
53076,2012,False,69.0
53082,2003,False,41.0
53086,2004,False,53.0
53088,2009,False,58.0
53093,2003,False,94.0
53094,2009,False,63.0
53099,2004,False,62.0
53100,2006,False,64.0
53102,2003,False,71.0
53103,2004,False,59.0
53105,2010,False,59.0
53106,2010,False,73.0
53115,2004,False,62.0
53119,2007,False,54.0
53124,2007,False,66.0
53129,2003,False,59.0
53131,2003,False,67.0
53135,2006,False,84.0
53139,2011,False,89.0
53142,2009,False,63.0
53147,2007,False,70.0
53148,2003,False,59.0
53150,2011,False,83.0
53151,2005,False,70.0
53152,2008,False,49.0
53153,2013,False,45.0
53157,2007,False,59.0
53159,2004,False,65.0
53161,2006,False,62.0
53164,2006,False,68.0
53165,2006,False,66.0
53166,2012,False,58.0
53172,2003,False,71.0
53173,2003,False,43.0
53180,2009,True,156.0
53182,2012,False,78.0
53184,2004,False,68.0
53192,2005,False,91.0
53193,2005,False,89.0
53194,2011,False,54.0
53195,2010,False,46.0
53196,2005,False,61.0
53202,2008,False,43.0
53206,2003,False,82.0
53212,2003,False,75.0
53213,2004,False,118.0
53215,2003,False,71.0
53217,2003,False,53.0
53218,2007,False,60.0
53224,2006,False,75.0
53225,2004,False,60.0
53228,2012,False,64.0
53229,2004,False,49.0
53231,2009,False,81.0
53234,2005,False,51.0
53235,2010,False,83.0
53238,2013,False,86.0
53249,2011,False,68.0
53253,2005,False,82.0
53257,2004,False,74.0
53260,2006,False,49.0
53261,2004,False,53.0
53262,2003,False,69.0
53264,2005,False,56.0
53267,2003,False,54.0
53269,2009,False,103.0
53271,2005,False,70.0
53273,2003,False,64.0
53276,2014,False,54.0
53280,2004,False,61.0
53288,2009,False,115.0
53297,2003,False,84.0
53299,2008,False,78.0
53300,2007,False,77.0
53303,2004,False,82.0
53305,2009,False,55.0
53312,2003,False,51.0
53314,2007,False,64.0
53317,2003,False,40.0
53325,2010,False,55.0
53328,2009,False,63.0
53331,2005,False,44.0
53332,2005,False,85.0
53333,2008,False,81.0
53336,2008,False,49.0
53341,2011,False,50.0
53342,2013,False,71.0
53343,2003,False,81.0
53348,2007,False,58.0
53349,2007,False,47.0
53350,2013,False,42.0
53354,2003,False,69.0
53355,2010,False,82.0
53357,2014,False,76.0
53365,2008,False,76.0
53366,2014,False,53.0
53368,2006,False,87.0
53371,2008,False,88.0
53372,2005,False,74.0
53373,2006,False,44.0
53376,2011,False,70.0
53377,2007,False,77.0
53378,2003,False,55.0
53379,2009,False,87.0
53381,2004,False,57.0
53382,2008,False,56.0
53383,2004,True,315.0
53384,2006,False,54.0
53388,2007,False,79.0
53394,2007,False,89.0
53395,2009,False,67.0
53396,2010,False,78.0
53397,2004,False,54.0
53398,2004,False,63.0
53399,2006,False,79.0
53400,2009,False,52.0
53409,2007,False,62.0
53410,2004,False,39.0
53412,2005,False,64.0
53414,2008,False,81.0
53415,2003,False,45.0
53419,2007,True,321.0
53426,2014,False,56.0
53427,2008,False,57.0
53428,2013,False,69.0
53429,2005,False,82.0
53431,2007,False,63.0
53435,2006,False,78.0
53438,2003,False,46.0
53439,2003,False,81.0
53441,2005,False,53.0
53447,2005,False,58.0
53452,2005,False,58.0
53454,2004,False,71.0
53455,2003,False,60.0
53458,2007,False,114.0
53459,2004,False,76.0
53461,2011,False,58.0
53466,2006,False,98.0
53469,2003,False,64.0
53471,2010,False,57.0
53474,2010,False,52.0
53478,2005,False,56.0
53479,2005,False,61.0
53480,2004,False,71.0
53482,2006,False,67.0
53483,2004,False,73.0
53485,2008,False,70.0
53498,2004,False,73.0
53503,2006,False,67.0
53507,2007,False,78.0
53511,2003,False,55.0
53528,2008,False,77.0
53530,2013,False,57.0
53531,2003,False,95.0
53540,2003,False,75.0
53543,2011,False,81.0
53545,2003,False,61.0
53547,2005,False,64.0
53548,2006,False,79.0
53550,2009,False,74.0
53551,2010,False,63.0
53553,2005,False,89.0
53554,2011,False,64.0
53556,2005,False,70.0
53557,2010,False,68.0
53558,2004,False,79.0
53571,2009,False,72.0
53574,2010,False,139.0
53577,2005,False,77.0
53584,2003,False,120.0
53588,2011,False,57.0
53589,2005,False,56.0
53591,2007,False,68.0
53592,2003,False,73.0
53595,2003,False,83.0
53599,2012,False,64.0
53600,2007,False,86.0
53604,2014,False,92.0
53605,2008,False,90.0
53610,2005,False,56.0
53612,2005,False,56.0
53616,2003,False,59.0
53618,2014,False,48.0
53619,2005,False,65.0
53620,2011,False,63.0
53625,2003,False,52.0
53626,2009,False,51.0
53627,2012,False,65.0
53628,2004,False,60.0
53629,2006,False,81.0
53633,2004,False,41.0
53637,2004,False,66.0
53638,2008,False,63.0
53642,2008,False,158.0
53643,2008,True,167.0
53648,2005,False,87.0
53654,2012,False,79.0
53655,2009,False,64.0
53659,2003,False,71.0
53660,2007,False,36.0
53663,2011,False,48.0
53664,2014,False,84.0
53665,2011,False,68.0
53668,2007,False,73.0
53670,2011,False,64.0
53672,2010,False,32.0
53677,2007,False,82.0
53678,2005,False,91.0
53681,2007,False,78.0
53683,2005,False,83.0
53687,2009,False,51.0
53688,2011,False,57.0
53689,2003,False,55.0
53693,2003,False,61.0
53697,2014,False,64.0
53698,2007,False,73.0
53699,2009,False,63.0
53706,2003,False,64.0
53711,2010,False,67.0
53715,2007,False,69.0
53716,2008,False,68.0
53717,2006,False,61.0
53719,2009,False,78.0
53723,2006,False,86.0
53726,2005,False,79.0
53727,2009,False,61.0
53729,2006,False,85.0
53731,2012,False,37.0
53732,2009,False,83.0
53735,2012,False,54.0
53736,2006,False,52.0
53737,2006,False,68.0
53742,2006,False,77.0
53747,2009,False,62.0
53750,2014,True,85.0
53757,2009,False,63.0
53759,2003,False,67.0
53760,2011,False,110.0
53761,2008,False,42.0
53763,2004,True,193.0
53766,2010,False,62.0
53773,2004,False,66.0
53778,2003,False,94.0
53781,2003,False,53.0
53784,2003,False,68.0
53793,2013,False,120.0
53794,2011,False,55.0
53795,2003,False,50.0
53798,2005,False,65.0
53799,2004,False,82.0
53806,2013,False,60.0
53807,2014,False,127.0
53810,2011,False,56.0
53812,2005,False,47.0
53814,2013,False,82.0
53816,2003,False,61.0
53817,2003,False,135.0
53819,2005,True,143.0
53821,2007,False,57.0
53822,2010,False,124.0
53825,2009,False,62.0
53826,2004,False,71.0
53827,2007,False,81.0
53832,2003,False,68.0
53833,2014,False,74.0
53834,2005,False,61.0
53837,2014,False,55.0
53843,2007,False,53.0
53844,2003,False,59.0
53846,2009,False,92.0
53848,2012,False,66.0
53857,2008,False,50.0
53858,2010,True,127.0
53860,2006,False,76.0
53861,2010,False,57.0
53865,2003,False,86.0
53872,2005,False,87.0
53883,2006,False,62.0
53894,2006,True,159.0
53903,2003,False,99.0
53904,2014,False,80.0
53907,2012,False,69.0
53908,2005,False,60.0
53909,2005,False,71.0
53910,2005,False,75.0
53912,2013,False,56.0
53913,2010,False,57.0
53914,2004,False,69.0
53918,2010,False,50.0
53921,2012,False,112.0
53922,2004,False,71.0
53923,2007,False,67.0
53929,2007,False,57.0
53930,2006,False,73.0
53932,2005,False,65.0
53935,2003,False,72.0
53936,2012,False,59.0
53942,2004,False,57.0
53944,2006,False,76.0
53949,2004,False,116.0
53958,2007,False,52.0
53961,2010,False,76.0
53965,2005,False,89.0
53968,2009,False,65.0
53969,2005,False,59.0
53971,2003,False,76.0
53973,2006,False,38.0
53975,2010,False,57.0
53987,2007,False,79.0
53991,2004,False,91.0
53992,2008,False,53.0
53998,2004,False,74.0
54000,2010,True,364.0
54002,2006,False,83.0
54006,2005,False,75.0
54011,2003,False,40.0
54013,2007,False,70.0
54021,2004,False,65.0
54023,2013,False,55.0
54024,2009,False,50.0
54027,2006,False,56.0
54028,2005,False,56.0
54031,2009,False,57.0
54032,2006,False,66.0
54033,2005,False,54.0
54036,2005,False,51.0
54041,2003,False,67.0
54046,2006,False,84.0
54047,2014,False,81.0
54049,2005,False,48.0
54051,2011,False,58.0
54059,2005,False,60.0
54060,2004,False,61.0
54063,2003,False,75.0
54069,2006,False,59.0
54073,2003,False,57.0
54075,2013,False,53.0
54078,2011,False,75.0
54079,2007,False,55.0
54084,2007,False,49.0
54090,2008,False,70.0
54092,2010,False,55.0
54097,2006,False,60.0
54099,2008,False,96.0
54100,2012,False,69.0
54101,2004,False,85.0
54104,2011,False,49.0
54105,2006,False,80.0
54106,2003,False,64.0
54107,2011,False,57.0
54110,2010,False,105.0
54111,2009,False,60.0
54113,2003,False,64.0
54118,2012,False,68.0
54120,2011,False,65.0
54121,2012,False,60.0
54122,2005,False,61.0
54126,2003,False,52.0
54127,2006,False,102.0
54130,2004,False,61.0
54132,2005,False,57.0
54133,2003,False,89.0
54134,2006,False,64.0
54137,2011,False,81.0
54139,2005,False,78.0
54142,2013,False,74.0
54143,2003,False,61.0
54148,2004,False,96.0
54149,2005,True,130.0
54157,2005,False,61.0
54161,2011,False,98.0
54162,2003,False,71.0
54169,2007,False,60.0
54180,2003,False,66.0
54182,2008,False,65.0
54185,2008,False,80.0
54188,2003,False,81.0
54191,2007,False,44.0
54196,2010,False,50.0
54199,2008,False,59.0
54202,2010,False,85.0
54211,2005,False,49.0
54214,2010,False,43.0
54221,2012,False,63.0
54228,2013,False,52.0
54229,2011,False,51.0
54235,2010,False,83.0
54240,2006,False,74.0
54241,2007,False,41.0
54242,2010,False,62.0
54244,2012,False,60.0
54246,2005,False,41.0
54247,2007,False,64.0
54248,2005,False,76.0
54249,2012,False,77.0
54250,2007,False,91.0
54252,2011,False,46.0
54253,2010,False,120.0
54255,2003,False,51.0
54256,2009,True,148.0
54258,2004,False,69.0
54259,2004,False,64.0
54260,2004,False,85.0
54262,2006,False,72.0
54264,2005,False,57.0
54265,2014,False,67.0
54266,2011,False,81.0
54267,2014,False,62.0
54272,2004,False,72.0
54274,2013,True,205.0
54281,2012,False,93.0
54283,2007,False,94.0
54287,2013,False,44.0
54294,2013,False,77.0
54295,2006,False,50.0
54297,2008,False,73.0
54299,2007,False,54.0
54300,2004,False,49.0
54303,2007,False,46.0
54304,2005,False,57.0
54305,2005,False,90.0
54311,2006,False,51.0
54314,2004,False,81.0
54320,2009,False,71.0
54322,2005,False,67.0
54327,2009,False,63.0
54328,2003,False,72.0
54329,2008,False,80.0
54331,2004,False,43.0
54337,2010,False,51.0
54338,2007,False,69.0
54347,2012,False,62.0
54348,2007,True,242.0
54353,2007,False,65.0
54358,2006,False,42.0
54359,2005,False,77.0
54364,2010,False,61.0
54366,2009,False,78.0
54368,2010,False,85.0
54377,2011,False,52.0
54378,2004,False,88.0
54379,2007,False,47.0
54386,2007,False,54.0
54387,2012,False,107.0
54390,2009,False,50.0
54395,2008,False,47.0
54397,2005,False,56.0
54401,2013,False,97.0
54402,2012,False,58.0
54403,2003,False,58.0
54407,2008,False,59.0
54408,2003,False,69.0
54409,2008,False,59.0
54410,2013,False,92.0
54412,2007,False,53.0
54413,2008,False,54.0
54418,2005,False,91.0
54419,2006,False,64.0
54420,2010,False,66.0
54428,2003,False,51.0
54430,2009,False,89.0
54431,2008,False,45.0
54433,2010,False,71.0
54434,2005,False,57.0
54446,2006,False,55.0
54449,2011,False,80.0
54452,2006,False,81.0
54454,2010,False,56.0
54456,2003,False,68.0
54462,2008,False,70.0
54466,2007,False,44.0
54470,2006,False,80.0
54478,2006,False,48.0
54483,2003,False,68.0
54484,2006,False,63.0
54485,2010,False,50.0
54486,2006,False,62.0
54487,2007,False,64.0
54494,2003,False,65.0
54500,2010,False,34.0
54502,2008,True,193.0
54503,2003,False,50.0
54506,2014,False,72.0
54510,2007,False,61.0
54511,2011,False,69.0
54512,2007,False,71.0
54516,2007,False,63.0
54518,2006,True,69.0
54523,2008,False,63.0
54525,2007,False,116.0
54526,2010,False,61.0
54527,2009,False,66.0
54530,2006,False,55.0
54531,2003,False,94.0
54532,2003,False,72.0
54536,2008,False,55.0
54542,2007,True,89.0
54544,2010,False,75.0
54547,2008,False,57.0
54552,2010,False,84.0
54554,2006,False,59.0
54558,2007,False,58.0
54559,2003,False,71.0
54561,2005,False,58.0
54567,2003,False,47.0
54570,2003,False,99.0
54571,2014,False,51.0
54573,2010,False,82.0
54578,2004,False,51.0
54579,2010,False,60.0
54580,2010,False,58.0
54581,2012,False,53.0
54595,2007,False,118.0
54596,2003,False,78.0
54597,2010,False,68.0
54599,2004,False,69.0
54604,2010,False,76.0
54606,2009,False,84.0
54607,2008,False,60.0
54612,2004,False,58.0
54613,2008,False,68.0
54618,2008,False,44.0
54620,2009,False,68.0
54629,2011,False,99.0
54631,2005,False,65.0
54635,2007,False,62.0
54636,2006,False,54.0
54639,2006,False,46.0
54640,2003,False,78.0
54642,2007,False,61.0
54643,2007,False,49.0
54645,2003,False,121.0
54647,2004,False,71.0
54652,2009,False,82.0
54655,2005,False,62.0
54657,2004,False,67.0
54661,2004,False,74.0
54665,2004,False,67.0
54670,2005,False,43.0
54671,2006,False,60.0
54672,2007,False,38.0
54674,2004,False,76.0
54675,2005,False,73.0
54676,2011,False,71.0
54682,2004,False,68.0
54684,2004,False,59.0
54688,2012,False,64.0
54689,2014,False,57.0
54694,2010,False,63.0
54706,2008,False,60.0
54707,2003,False,95.0
54709,2009,False,81.0
54710,2008,False,98.0
54713,2014,False,68.0
54716,2006,False,82.0
54719,2014,False,70.0
54724,2006,False,80.0
54727,2006,False,61.0
54728,2004,True,91.0
54730,2003,False,63.0
54731,2008,False,69.0
54732,2009,False,68.0
54734,2005,False,64.0
54738,2006,False,78.0
54742,2003,False,55.0
54743,2013,False,46.0
54746,2011,False,63.0
54748,2004,False,47.0
54750,2011,False,54.0
54753,2012,False,51.0
54754,2008,False,52.0
54757,2006,False,46.0
54758,2009,False,80.0
54762,2009,False,59.0
54764,2011,False,58.0
54765,2004,False,65.0
54767,2008,False,58.0
54773,2014,False,53.0
54777,2012,False,52.0
54780,2009,False,78.0
54782,2005,False,63.0
54784,2014,False,49.0
54786,2008,False,55.0
54787,2003,False,54.0
54788,2005,False,36.0
54789,2004,False,72.0
54794,2003,False,77.0
54795,2003,False,88.0
54802,2003,False,77.0
54810,2014,False,74.0
54817,2012,False,62.0
54822,2012,False,65.0
54833,2003,False,70.0
54834,2004,False,70.0
54837,2011,False,96.0
54843,2004,False,71.0
54851,2007,False,52.0
54857,2005,False,69.0
54861,2013,False,71.0
54868,2014,False,56.0
54870,2007,False,84.0
54871,2013,False,68.0
54872,2003,False,57.0
54873,2003,False,78.0
54874,2005,False,70.0
54876,2005,True,132.0
54880,2010,False,65.0
54884,2003,False,134.0
54885,2014,False,68.0
54886,2009,False,73.0
54888,2006,False,62.0
54889,2013,False,50.0
54891,2011,False,83.0
54896,2008,False,73.0
54897,2003,False,98.0
54904,2013,False,54.0
54905,2005,False,96.0
54911,2006,False,74.0
54912,2008,False,88.0
54914,2009,False,36.0
54919,2007,False,63.0
54920,2004,False,54.0
54922,2004,False,65.0
54923,2003,False,74.0
54927,2012,False,75.0
54929,2006,False,56.0
54931,2008,False,68.0
54940,2012,False,66.0
54943,2005,False,85.0
54945,2012,False,59.0
54950,2003,False,62.0
54951,2010,False,108.0
54956,2003,True,139.0
54959,2006,False,64.0
54961,2009,False,94.0
54967,2009,False,80.0
54968,2007,False,112.0
54976,2005,False,51.0
54979,2007,False,78.0
54984,2005,False,62.0
54989,2014,False,58.0
54992,2004,False,56.0
54994,2012,False,87.0
55000,2008,False,76.0
55006,2006,False,60.0
55012,2005,False,58.0
55013,2004,False,108.0
55014,2006,False,73.0
55016,2010,False,67.0
55017,2003,False,88.0
55021,2008,False,70.0
55022,2004,False,75.0
55024,2013,True,155.0
55030,2006,False,52.0
55033,2003,False,117.0
55036,2009,False,65.0
55040,2008,False,60.0
55042,2007,False,62.0
55044,2004,False,65.0
55047,2009,False,61.0
55051,2009,False,78.0
55056,2005,False,83.0
55065,2013,False,47.0
55066,2011,False,66.0
55069,2005,False,94.0
55076,2007,False,66.0
55077,2007,False,61.0
55085,2013,False,55.0
55094,2005,False,56.0
55098,2011,False,71.0
55103,2008,False,66.0
55107,2004,False,74.0
55108,2009,True,355.0
55110,2008,False,86.0
55112,2009,False,58.0
55125,2007,False,66.0
55128,2008,False,84.0
55129,2005,False,63.0
55135,2007,False,59.0
55139,2008,False,96.0
55140,2005,False,58.0
55141,2007,False,100.0
55143,2007,False,67.0
55145,2007,False,88.0
55146,2011,False,86.0
55152,2007,False,80.0
55153,2007,False,72.0
55161,2011,True,169.0
55169,2009,False,38.0
55177,2012,False,67.0
55188,2006,False,49.0
55190,2005,False,161.0
55191,2009,False,106.0
55198,2006,False,75.0
55203,2006,False,96.0
55209,2010,False,63.0
55218,2005,False,100.0
55221,2004,False,115.0
55230,2004,False,89.0
55240,2012,False,136.0
55242,2003,False,82.0
55246,2008,False,86.0
55248,2003,False,48.0
55252,2004,True,207.0
55256,2012,False,65.0
55258,2008,False,97.0
55260,2004,False,49.0
55267,2006,False,71.0
55270,2006,False,81.0
55273,2011,False,67.0
55274,2005,False,67.0
55275,2008,False,44.0
55281,2003,False,77.0
55286,2003,False,50.0
55291,2005,False,64.0
55294,2010,False,52.0
55298,2005,False,61.0
55299,2008,False,56.0
55302,2008,False,74.0
55309,2011,False,65.0
55310,2009,False,45.0
55318,2004,False,90.0
55321,2005,False,48.0
55326,2012,False,70.0
55328,2003,False,95.0
55332,2012,False,61.0
55335,2005,False,84.0
55336,2009,False,52.0
55340,2006,False,85.0
55348,2005,False,62.0
55349,2011,False,52.0
55359,2007,False,58.0
55361,2011,False,60.0
55363,2004,False,108.0
55364,2003,False,63.0
55367,2007,False,82.0
55372,2004,False,73.0
55375,2006,False,106.0
55384,2005,False,66.0
55396,2004,False,53.0
55399,2005,False,80.0
55400,2010,False,67.0
55403,2006,False,69.0
55405,2008,False,82.0
55411,2007,False,73.0
55413,2012,False,102.0
55415,2004,True,257.0
55416,2010,False,85.0
55417,2011,False,100.0
55420,2009,False,87.0
55426,2013,False,91.0
55431,2006,False,79.0
55436,2006,False,102.0
55445,2010,False,56.0
55452,2006,False,79.0
55457,2013,True,233.0
55477,2007,False,54.0
55479,2006,False,74.0
55484,2008,False,50.0
55487,2007,False,76.0
55489,2003,False,50.0
55495,2003,False,102.0
55500,2003,False,88.0
55501,2011,False,83.0
55506,2004,False,160.0
55509,2004,False,60.0
55512,2004,False,86.0
55516,2003,False,58.0
55521,2012,False,53.0
55522,2006,False,75.0
55525,2003,False,90.0
55527,2004,False,94.0
55533,2005,False,64.0
55536,2012,False,57.0
55540,2014,False,77.0
55543,2009,False,64.0
55549,2007,False,64.0
55558,2004,False,58.0
55560,2003,False,63.0
55565,2005,False,57.0
55566,2008,False,87.0
55567,2006,False,50.0
55571,2005,False,86.0
55573,2009,False,62.0
55576,2010,False,116.0
55582,2013,True,231.0
55583,2003,False,74.0
55584,2005,False,47.0
55586,2007,False,56.0
55587,2012,False,81.0
55590,2005,False,91.0
55592,2013,False,54.0
55593,2013,False,60.0
55596,2008,True,303.0
55597,2003,False,121.0
55598,2003,False,66.0
55602,2003,False,46.0
55603,2007,True,143.0
55605,2003,False,81.0
55606,2009,False,66.0
55610,2004,False,86.0
55611,2008,False,69.0
55619,2003,False,57.0
55624,2003,False,46.0
55626,2007,False,83.0
55628,2003,False,64.0
55629,2014,False,60.0
55634,2009,False,48.0
55636,2003,False,60.0
55637,2005,False,61.0
55641,2008,False,77.0
55644,2012,False,62.0
55645,2005,False,72.0
55650,2008,False,50.0
55651,2008,False,61.0
55653,2011,False,42.0
55654,2011,False,65.0
55659,2008,False,71.0
55661,2008,False,93.0
55665,2007,False,66.0
55666,2006,False,81.0
55669,2003,False,76.0
55670,2004,False,106.0
55671,2010,False,49.0
55672,2006,False,78.0
55676,2006,False,61.0
55677,2009,False,58.0
55683,2005,False,72.0
55684,2008,False,75.0
55687,2009,False,54.0
55690,2014,False,58.0
55691,2008,True,317.0
55692,2003,False,76.0
55697,2005,False,99.0
55698,2007,True,121.0
55700,2003,False,87.0
55704,2004,False,65.0
55717,2013,False,62.0
55718,2006,False,44.0
55720,2008,False,77.0
55725,2012,False,54.0
55728,2004,False,60.0
55729,2006,False,53.0
55730,2003,False,73.0
55739,2010,False,76.0
55740,2005,False,75.0
55741,2010,False,74.0
55744,2007,False,100.0
55747,2003,False,81.0
55748,2011,False,69.0
55749,2012,False,63.0
55753,2013,False,74.0
55771,2008,False,57.0
55772,2004,False,87.0
55775,2011,False,53.0
55780,2007,False,99.0
55781,2005,False,52.0
55783,2006,False,84.0
55784,2003,False,59.0
55786,2006,False,51.0
55789,2007,False,64.0
55791,2006,False,76.0
55793,2005,False,72.0
55796,2007,False,67.0
55797,2009,False,54.0
55802,2004,False,60.0
55812,2003,False,68.0
55815,2008,False,77.0
55820,2004,False,60.0
55822,2007,False,48.0
55828,2011,False,49.0
55830,2010,False,37.0
55834,2012,False,61.0
55835,2006,False,70.0
55837,2006,False,102.0
55845,2014,True,260.0
55846,2004,False,56.0
55850,2003,False,59.0
55853,2013,False,64.0
55855,2008,False,60.0
55859,2012,False,59.0
55860,2009,True,250.0
55864,2003,False,56.0
55867,2005,False,53.0
55873,2012,True,248.0
55880,2008,False,51.0
55882,2012,False,65.0
55892,2006,False,104.0
55895,2004,False,61.0
55907,2012,False,99.0
55909,2006,False,81.0
55913,2004,True,73.0
55914,2003,False,54.0
55915,2003,False,67.0
55917,2005,False,52.0
55918,2005,False,70.0
55922,2010,False,60.0
55924,2011,False,89.0
55925,2006,False,68.0
55928,2009,False,67.0
55933,2009,False,51.0
55934,2005,True,141.0
55939,2008,False,70.0
55940,2004,False,58.0
55944,2006,False,73.0
55946,2006,False,97.0
55954,2004,False,58.0
55961,2004,False,144.0
55962,2010,False,113.0
55964,2008,False,43.0
55966,2008,False,87.0
55970,2003,False,95.0
55974,2006,False,68.0
55975,2004,False,77.0
55977,2012,False,49.0
55979,2007,False,64.0
55984,2005,False,50.0
55985,2005,False,57.0
55986,2008,False,115.0
55989,2005,False,48.0
55990,2004,False,43.0
56001,2004,False,108.0
56004,2005,False,114.0
56005,2004,True,207.0
56006,2012,False,110.0
56008,2004,False,87.0
56010,2009,False,51.0
56013,2006,False,51.0
56018,2012,True,272.0
56020,2006,False,74.0
56025,2009,False,80.0
56026,2004,False,75.0
56027,2003,False,62.0
56031,2012,False,54.0
56038,2006,False,78.0
56041,2004,False,66.0
56042,2006,False,61.0
56043,2008,False,98.0
56044,2009,True,358.0
56045,2009,False,80.0
56048,2008,False,98.0
56056,2005,False,52.0
56057,2003,False,68.0
56058,2009,False,51.0
56065,2008,False,49.0
56069,2006,False,71.0
56071,2004,False,51.0
56074,2005,False,72.0
56076,2009,False,45.0
56077,2004,False,66.0
56085,2011,False,114.0
56087,2003,False,44.0
56089,2004,False,71.0
56090,2014,False,41.0
56092,2003,False,53.0
56101,2004,False,71.0
56107,2010,False,72.0
56110,2006,False,72.0
56112,2012,False,95.0
56116,2009,False,81.0
56118,2004,True,136.0
56119,2007,False,78.0
56122,2003,False,82.0
56125,2008,False,59.0
56131,2003,False,49.0
56136,2009,False,63.0
56137,2003,False,170.0
56141,2006,False,75.0
56151,2007,False,79.0
56155,2007,False,113.0
56161,2009,False,60.0
56165,2011,False,79.0
56166,2012,False,58.0
56167,2006,False,82.0
56168,2007,False,94.0
56169,2010,False,65.0
56171,2004,True,224.0
56173,2004,False,79.0
56176,2012,False,100.0
56184,2004,False,79.0
56187,2010,False,57.0
56189,2012,False,73.0
56194,2014,False,58.0
56197,2003,False,70.0
56200,2003,False,79.0
56201,2003,False,70.0
56203,2011,True,188.0
56204,2003,False,99.0
56207,2006,False,53.0
56208,2007,False,73.0
56217,2011,False,47.0
56224,2004,False,76.0
56237,2004,False,56.0
56238,2010,False,55.0
56246,2004,False,59.0
56248,2012,True,207.0
56251,2011,True,207.0
56252,2005,True,851.0
56253,2003,False,61.0
56254,2014,False,55.0
56255,2005,False,74.0
56256,2004,False,50.0
56258,2010,False,61.0
56262,2003,False,87.0
56263,2006,False,51.0
56265,2010,False,75.0
56269,2003,False,76.0
56270,2009,False,64.0
56271,2009,False,90.0
56274,2009,False,52.0
56277,2003,False,101.0
56279,2004,False,56.0
56280,2008,False,80.0
56285,2003,False,48.0
56290,2005,False,61.0
56291,2009,False,73.0
56292,2009,False,55.0
56300,2007,False,67.0
56301,2007,False,68.0
56303,2003,False,78.0
56305,2003,False,50.0
56308,2012,False,103.0
56309,2007,False,54.0
56310,2004,False,68.0
56311,2009,False,121.0
56313,2006,False,77.0
56315,2014,False,68.0
56318,2003,False,82.0
56322,2011,False,75.0
56331,2004,False,56.0
56335,2005,False,61.0
56336,2008,False,74.0
56337,2003,False,60.0
56338,2006,False,74.0
56340,2014,False,51.0
56341,2004,False,47.0
56344,2011,False,61.0
56345,2010,False,62.0
56346,2011,True,226.0
56352,2006,False,66.0
56354,2007,False,60.0
56356,2006,False,63.0
56358,2005,False,68.0
56359,2003,False,67.0
56360,2009,False,53.0
56362,2013,False,80.0
56366,2003,False,59.0
56369,2012,False,59.0
56370,2013,False,146.0
56373,2003,False,52.0
56375,2005,False,56.0
56379,2003,False,92.0
56382,2009,False,47.0
56386,2004,False,53.0
56388,2004,False,67.0
56394,2007,False,106.0
56395,2011,False,98.0
56397,2003,False,63.0
56398,2004,False,81.0
56404,2007,False,62.0
56406,2008,False,69.0
56407,2006,False,58.0
56413,2006,False,99.0
56416,2010,False,73.0
56421,2006,False,84.0
56423,2004,False,73.0
56425,2010,False,65.0
56436,2008,True,119.0
56437,2012,False,77.0
56438,2008,False,61.0
56442,2003,False,56.0
56449,2005,False,82.0
56452,2005,True,161.0
56454,2011,False,56.0
56455,2009,False,105.0
56460,2004,False,73.0
56461,2014,False,48.0
56463,2003,False,65.0
56464,2012,True,118.0
56475,2010,False,46.0
56479,2004,False,95.0
56482,2003,False,60.0
56490,2011,False,76.0
56492,2004,False,85.0
56496,2003,False,79.0
56501,2007,False,50.0
56511,2009,False,87.0
56512,2003,False,87.0
56519,2005,False,62.0
56520,2005,False,84.0
56533,2004,False,79.0
56537,2009,False,56.0
56546,2005,False,73.0
56547,2010,False,77.0
56548,2011,False,56.0
56549,2007,False,47.0
56550,2009,False,68.0
56553,2011,False,46.0
56554,2003,False,59.0
56556,2009,False,69.0
56557,2006,False,118.0
56561,2004,False,60.0
56568,2004,False,64.0
56573,2006,False,118.0
56574,2012,False,73.0
56579,2003,False,56.0
56581,2009,False,82.0
56586,2010,False,55.0
56588,2012,False,69.0
56593,2006,False,128.0
56594,2004,False,70.0
56600,2004,False,79.0
56604,2007,False,86.0
56606,2004,False,69.0
56607,2008,False,67.0
56608,2009,False,53.0
56609,2012,False,60.0
56611,2003,False,87.0
56613,2008,False,66.0
56616,2005,False,81.0
56617,2005,False,65.0
56619,2004,False,57.0
56621,2012,False,65.0
56626,2004,False,68.0
56630,2004,False,62.0
56631,2003,True,118.0
56635,2003,False,59.0
56641,2010,False,59.0
56642,2004,False,58.0
