ci,t0,extension,name,key,aliases,t_det,n_tokens,home,home_status,n_home_fields,intersection_born,weak_home,home_top_share,group,agroup,N_t0,N_t0p2,early_volume
22,2012,0,bola voli,bola voli,,2013,2,33,ok,1,0,0,0.978125,SOC,SOC,26.0,145.0,274.0
140,2014,0,ukrainian crisis,ukrainian crisi,,2014,2,33,ok,1,0,0,0.9598639455782313,SOC,SOC,50.0,43.0,165.0
364,2007,0,cell lymphoma patients,cell lymphoma patient,cell lymphoma patient,2007,3,27,ok,1,0,0,0.9333333333333333,Med,BGM+Med,22.0,21.0,61.0
388,2010,0,kecamatan sukorejo,kecamatan sukorejo,,2010,2,33,ok,1,0,0,0.8636363636363636,SOC,SOC,23.0,9.0,36.0
391,2012,0,interferon free,interferon free,,2012,2,27,ok,1,0,0,0.9551724137931035,Med,BGM+Med,20.0,45.0,101.0
416,2004,0,recycling economy,recycl economi,recycle economy|recycled economy,2004,2,22,ok,1,0,0,0.4902439024390244,Eng,CS+Eng,24.0,109.0,210.0
430,2009,0,pembelajaran model,pembelajaran model,pembelajaran modeling,2010,2,33,ok,1,0,0,0.9666666666666667,SOC,SOC,21.0,37.0,108.0
458,2009,0,explication de texte,explic de text,,2009,3,33,ok,1,0,0,1.0,SOC,SOC,23.0,48.0,99.0
473,2011,0,pbpb collisions,pbpb collis,,2011,2,31,ok,1,0,0,1.0,PHYS,PHYS,23.0,45.0,96.0
500,2013,0,pengaruh permainan,pengaruh permainan,,2013,2,33,ok,1,0,0,0.9444444444444444,SOC,SOC,35.0,60.0,158.0
685,2009,0,belajar siswa dalam,belajar siswa dalam,,2010,3,33,ok,1,0,0,0.9444444444444444,SOC,SOC,20.0,38.0,109.0
815,2004,0,credit agreement,credit agreement,credit agreements,2004,2,33,ok,1,0,0,1.0,SOC,SOC,105.0,36.0,243.0
915,2005,0,nsw health,nsw health,,2005,2,36,ok,1,0,0,1.0,Med,BGM+Med,112.0,34.0,177.0
929,2006,0,plasma by lc,plasma by lc,,2005,3,16,ok,1,0,0,0.7916666666666666,PHYS,PHYS,25.0,67.0,134.0
937,2007,0,airway scope,airwai scope,,2008,2,27,ok,1,0,0,0.9516666666666667,Med,BGM+Med,26.0,25.0,76.0
950,2012,0,porous graphene,porou graphen,,2012,2,22,ok,1,0,0,0.4626016260162602,Eng,CS+Eng,25.0,70.0,140.0
956,2006,0,education exam,educ exam,education exams,2006,2,27,ok,1,0,0,1.0,Med,BGM+Med,41.0,40.0,110.0
969,2005,0,space aeronautical,space aeronaut,,2005,2,33,ok,1,0,0,1.0,SOC,SOC,36.0,14.0,50.0
1024,2010,0,realidad aumentada,realidad aumentada,realidade aumentada,2010,2,33,ok,1,0,0,0.5566666666666666,SOC,SOC,42.0,71.0,174.0
1036,2014,0,antagonist oral,antagonist oral,,2014,2,27,ok,1,0,0,0.9172690763052209,Med,BGM+Med,22.0,91.0,211.0
1046,2010,0,ieee membership form,ieee membership form,,2010,3,22,ok,1,0,0,0.7192090395480226,Eng,CS+Eng,24.0,42.0,126.0
1047,2009,0,model tgt,model tgt,,2009,2,33,ok,1,0,0,1.0,SOC,SOC,30.0,10.0,59.0
1348,2009,0,belajar dengan,belajar dengan,,2010,2,33,ok,1,0,0,0.8385964912280702,SOC,SOC,21.0,51.0,99.0
1404,2006,0,modified particle,modifi particl,modified particles,2007,2,22,ok,1,0,0,0.675,Eng,CS+Eng,20.0,36.0,83.0
1556,2006,0,federation of sports,feder of sport,,2006,3,33,ok,1,0,0,1.0,SOC,SOC,50.0,1.0,51.0
1693,2013,0,materials project,materi project,,2013,2,22,ok,1,0,0,0.5,Eng,CS+Eng,63.0,44.0,4378.0
1730,2009,0,kemampuan membaca,kemampuan membaca,,2009,2,33,ok,1,0,0,1.0,SOC,SOC,47.0,114.0,242.0
1768,2011,0,matematika materi,matematika materi,,2011,2,33,ok,1,0,0,0.9729166666666667,SOC,SOC,23.0,58.0,108.0
1879,2011,0,radio kit,radio kit,,2011,2,17,ok,1,0,0,1.0,CS,CS+Eng,175.0,101.0,429.0
1964,2008,0,pt bank negara,pt bank negara,,2008,3,14;33,ok,2,1,0,0.5,SOC,SOC,30.0,33.0,80.0
1972,2006,0,h5n1 virus,h5n1 viru,,2005,2,27,ok,1,0,0,0.75,Med,BGM+Med,29.0,50.0,117.0
1977,2011,0,physics and topology,physic and topologi,,2011,3,31,ok,1,0,0,1.0,PHYS,PHYS,25.0,1.0,26.0
2041,2014,0,suhu dan kalor,suhu dan kalor,,2015,3,33,ok,1,0,0,0.9937853107344632,SOC,SOC,27.0,79.0,181.0
2101,2010,0,pengelolaan sampah,pengelolaan sampah,,2008,2,23,ok,1,0,0,0.5166666666666667,LIFEENV,LIFEENV,22.0,62.0,126.0
2200,2013,0,research datalink,research datalink,,2013,2,27,ok,1,0,0,0.6686274509803921,Med,BGM+Med,20.0,33.0,71.0
2234,2007,0,picture power,pictur power,picturing power,2007,2,33,ok,1,0,0,1.0,SOC,SOC,29.0,40.0,110.0
2307,2009,0,directiva de servicios,directiva de servicio,,2008,3,33,ok,1,0,0,0.9666666666666667,SOC,SOC,62.0,48.0,156.0
2313,2012,0,grb 120422a,grb 120422a,,2012,2,31,ok,1,0,0,1.0,PHYS,PHYS,31.0,1.0,32.0
2430,2014,0,calr mutations,calr mutat,calr mutation|calr mutated,2014,2,27,ok,1,0,0,1.0,Med,BGM+Med,38.0,30.0,99.0
2548,2009,0,globalnego kryzysu,globalnego kryzysu,,2009,2,14,weak_home,1,0,1,0.38571428571428573,SOC,SOC,26.0,32.0,86.0
2588,2014,0,wates kulon progo,wate kulon progo,,2014,3,11;33,ok,2,1,0,0.5,LIFEENV,LIFEENV,49.0,9.0,81.0
2611,2014,0,french supreme administrative,french suprem administr,,2014,3,33,ok,1,0,0,1.0,SOC,SOC,20.0,28.0,62.0
2622,2009,0,ciudad de loja,ciudad de loja,,2009,3,17,ok,1,0,0,1.0,CS,CS+Eng,21.0,24.0,62.0
2674,2013,0,berbasis inkuiri terbimbing,berbasi inkuiri terbimb,,2014,3,33,ok,1,0,0,1.0,SOC,SOC,28.0,41.0,113.0
2761,2012,0,pp collision data,pp collis data,,2012,3,31,ok,1,0,0,1.0,PHYS,PHYS,26.0,12.0,44.0
2782,2012,0,provinsi gorontalo,provinsi gorontalo,,2012,2,33,ok,1,0,0,0.775,SOC,SOC,42.0,107.0,194.0
2840,2014,0,teks eksposisi,tek eksposisi,,2015,2,33,ok,1,0,0,1.0,SOC,SOC,22.0,32.0,91.0
2895,2011,0,perancangan komunikasi visual,perancangan komunikasi visual,,2013,3,33,ok,1,0,0,1.0,SOC,SOC,27.0,107.0,162.0
2898,2009,0,belajar siswa pada,belajar siswa pada,,2009,3,33,ok,1,0,0,1.0,SOC,SOC,145.0,275.0,683.0
2975,2003,0,nuclear crisis,nuclear crisi,,2003,2,33,ok,1,0,0,1.0,SOC,SOC,26.0,19.0,67.0
3049,2013,0,sungai raya,sungai raya,,2013,2,33,ok,1,0,0,0.6745098039215686,SOC,SOC,36.0,52.0,122.0
3078,2011,0,bank umum syariah,bank umum syariah,,2011,3,14,ok,1,0,0,0.7692307692307693,SOC,SOC,21.0,45.0,84.0
3104,2009,0,strategi pembelajaran,strategi pembelajaran,,2009,2,33,ok,1,0,0,0.9229885057471264,SOC,SOC,82.0,185.0,368.0
3471,2003,0,proxy signature,proxi signatur,proxy signatures,2003,2,17,ok,1,0,0,0.7055555555555555,CS,CS+Eng,25.0,55.0,117.0
3490,2005,0,education questions,educ question,education question|education questioning|educational question,2005,2,27,ok,1,0,0,0.8181818181818182,Med,BGM+Med,42.0,47.0,129.0
3557,2011,0,cloud environment,cloud environ,cloud environments|clouds environments,2010,2,17,ok,1,0,0,0.5454545454545454,CS,CS+Eng,45.0,198.0,361.0
3576,2004,0,scanner multibarrette,scanner multibarrett,scanner multibarrettes,2004,2,27,ok,1,0,0,0.9666666666666667,Med,BGM+Med,22.0,12.0,43.0
3578,2014,0,bank sampah,bank sampah,,2014,2,33,ok,1,0,0,0.6833333333333333,SOC,SOC,21.0,58.0,113.0
3637,2011,0,recensement agricole,recens agricol,,2011,2,33,ok,1,0,0,1.0,SOC,SOC,22.0,33.0,92.0
3641,2009,0,kryzysu gospodarczego,kryzysu gospodarczego,,2009,2,14,ok,1,0,0,0.4527777777777777,SOC,SOC,35.0,67.0,183.0
3650,2009,0,gigantea reptilia testudines,gigantea reptilia testudin,,2009,3,23,ok,1,0,0,1.0,LIFEENV,LIFEENV,25.0,3.0,40.0
3653,2006,0,endothelial keratoplasty,endotheli keratoplasti,,2004,2,27,ok,1,0,0,1.0,Med,BGM+Med,31.0,125.0,226.0
3761,2013,0,bank pembangunan daerah,bank pembangunan daerah,,2012,3,14,ok,1,0,0,0.6125,SOC,SOC,29.0,70.0,123.0
3770,2013,0,pelajaran sosiologi,pelajaran sosiologi,,2013,2,33,ok,1,0,0,1.0,SOC,SOC,32.0,42.0,99.0
3815,2004,0,ipv6 networks,ipv6 network,ipv6 network,2004,2,17,ok,1,0,0,0.4533333333333333,CS,CS+Eng,27.0,49.0,106.0
3834,2009,0,pada anak usia,pada anak usia,,2009,3,33,ok,1,0,0,0.7407407407407407,SOC,SOC,28.0,65.0,137.0
3844,2011,0,quality nursing,qualiti nurs,,2011,2,27,ok,1,0,0,0.6567164179104477,Med,BGM+Med,84.0,136.0,342.0
3943,2008,0,library music,librari music,libraries music,2008,2,12,ok,1,0,0,1.0,SOC,SOC,21.0,71.0,179.0
4073,2009,0,belajar fisika siswa,belajar fisika siswa,,2009,3,33,ok,1,0,0,1.0,SOC,SOC,40.0,53.0,159.0
4089,2013,0,day photo,dai photo,,2013,2,31,ok,1,0,0,1.0,PHYS,PHYS,27.0,3.0,40.0
4090,2013,0,polyangiitis churg strauss,polyangi churg strauss,,2013,3,27,ok,1,0,0,0.9666666666666667,Med,BGM+Med,22.0,17.0,57.0
4148,2007,0,graphene sheets,graphen sheet,graphene sheet,2007,2,31,ok,1,0,0,0.5418439716312057,PHYS,PHYS,35.0,107.0,199.0
4150,2006,0,post katrina,post katrina,,2007,2,33,ok,1,0,0,0.5675925925925926,SOC,SOC,34.0,65.0,157.0
4233,2009,0,gaya bahasa,gaya bahasa,,2009,2,33,ok,1,0,0,1.0,SOC,SOC,23.0,19.0,55.0
4248,2009,0,stimulus funds,stimulu fund,stimulus funding,2009,2,33,weak_home,1,0,1,0.3076923076923077,SOC,SOC,30.0,2.0,44.0
4320,2014,0,motorik kasar melalui,motorik kasar melalui,,2014,3,33,ok,1,0,0,1.0,SOC,SOC,22.0,26.0,60.0
4377,2012,0,microsoft kinect,microsoft kinect,,2012,2,22,weak_home,1,0,1,0.33452380952380956,Eng,CS+Eng,37.0,50.0,127.0
4394,2003,0,obstet gynecol,obstet gynecol,,2003,2,27,ok,1,0,0,0.9796296296296296,Med,BGM+Med,22.0,20.0,51.0
4481,2014,0,ice bucket,ic bucket,,2014,2,27,weak_home,1,0,1,0.3,Med,BGM+Med,23.0,10.0,47.0
4584,2011,0,morgan state university,morgan state univers,,2011,3,19,ok,1,0,0,1.0,PHYS,PHYS,22.0,11.0,47.0
4691,2014,0,dispositions relatives,disposit rel,,2014,2,33,ok,1,0,0,0.7777777777777778,SOC,SOC,24.0,21.0,62.0
4716,2006,0,mars science laboratory,mar scienc laboratori,,2006,3,31,ok,1,0,0,0.5866666666666667,PHYS,PHYS,25.0,29.0,61.0
5050,2012,0,gev higgs,gev higg,,2012,2,31,ok,1,0,0,1.0,PHYS,PHYS,43.0,39.0,136.0
5057,2009,0,resolution melting curve,resolut melt curv,resolution melt curve|resolution melt curves,2008,3,27,ok,1,0,0,0.593939393939394,Med,BGM+Med,21.0,29.0,76.0
5065,2006,0,online material,onlin materi,online materials,2006,2,33,weak_home,1,0,1,0.3333333333333333,SOC,SOC,28.0,29.0,89.0
5105,2013,0,18th presidential,18th presidenti,,2013,2,33,ok,1,0,0,0.9259259259259259,SOC,SOC,22.0,6.0,38.0
5122,2003,0,political civilization,polit civil,politics civilization|politics civil|political civility,2003,2,33,ok,1,0,0,0.7941176470588236,SOC,SOC,183.0,113.0,490.0
5157,2010,0,ipa kelas,ipa kela,,2010,2,33,ok,1,0,0,1.0,SOC,SOC,30.0,52.0,154.0
5172,2003,0,sars cases,sar case,,2003,2,27,ok,1,0,0,0.7916666666666666,Med,BGM+Med,20.0,1.0,32.0
5190,2009,0,kabupaten pasuruan,kabupaten pasuruan,,2009,2,33,ok,1,0,0,0.9318181818181818,SOC,SOC,115.0,112.0,509.0
5225,2011,0,front back matter,front back matter,,2011,3,27,ok,1,0,0,0.7122324159021407,Med,BGM+Med,28.0,417.0,921.0
5273,2014,0,universitas telkom,universita telkom,,2014,2,17;33,ok,2,1,0,0.5693333333333332,CS,CS+Eng,41.0,72.0,220.0
5288,2014,0,belum menghasilkan,belum menghasilkan,,2014,2,11,ok,1,0,0,1.0,LIFEENV,LIFEENV,21.0,15.0,50.0
5305,2013,0,kabupaten parigi moutong,kabupaten parigi moutong,,2013,3,33,ok,1,0,0,0.5726190476190477,SOC,SOC,23.0,29.0,88.0
5309,2014,0,ekonomi asean,ekonomi asean,,2014,2,33,ok,1,0,0,0.6592592592592593,SOC,SOC,40.0,172.0,317.0
5411,2007,0,prestasi belajar,prestasi belajar,,2009,2,33,ok,1,0,0,0.6989189189189189,SOC,SOC,63.0,539.0,727.0
5423,2011,0,ultrasonic electronics,ultrason electron,,2011,2,22,ok,1,0,0,0.8246376811594203,Eng,CS+Eng,20.0,47.0,90.0
5463,2005,0,navigational electronics,navig electron,navigation electronic,2005,2,33,ok,1,0,0,1.0,SOC,SOC,37.0,18.0,56.0
5519,2007,0,cognitive wireless cloud,cognit wireless cloud,cognitive wireless clouds,2007,3,33;22,ok,2,1,0,0.5333333333333333,SOC,SOC,32.0,1.0,38.0
5577,2004,0,multivariate statistik,multivari statistik,,2005,2,22;23,ok,2,1,0,0.5,Eng,CS+Eng,25.0,26.0,74.0
5636,2012,0,dr zainoel abidin,dr zainoel abidin,,2012,3,27,ok,1,0,0,1.0,Med,BGM+Med,56.0,143.0,258.0
5687,2007,0,phenylenebis nitrilomethylidyne,phenylenebi nitrilomethylidyn,,2007,2,16,ok,1,0,0,1.0,PHYS,PHYS,21.0,19.0,53.0
5724,2007,0,yu jiao,yu jiao,,2007,2,33,ok,1,0,0,1.0,SOC,SOC,24.0,54.0,120.0
5741,2009,0,siswa studi,siswa studi,,2009,2,33,ok,1,0,0,1.0,SOC,SOC,30.0,88.0,163.0
5815,2003,0,music cataloging,music catalog,,2003,2,17,ok,1,0,0,1.0,CS,CS+Eng,28.0,27.0,81.0
5867,2013,0,steam program,steam program,steam programs,2013,2,17,ok,1,0,0,0.9280701754385965,CS,CS+Eng,20.0,31.0,70.0
6026,2011,0,kemampuan komunikasi,kemampuan komunikasi,,2009,2,33,ok,1,0,0,0.9234567901234567,SOC,SOC,25.0,141.0,215.0
6066,2010,0,choroidal thickness,choroid thick,choroid thickness|choroidal thicknesses,2010,2,27,ok,1,0,0,1.0,Med,BGM+Med,24.0,122.0,210.0
6098,2011,0,post fukushima,post fukushima,,2011,2,33,ok,1,0,0,0.6148148148148148,SOC,SOC,20.0,23.0,77.0
6248,2006,0,ultra performance liquid,ultra perform liquid,,2006,3,16,ok,1,0,0,0.9609929078014184,PHYS,PHYS,32.0,117.0,209.0
6327,2010,0,complete digital,complet digit,completely digital,2010,2,33,ok,1,0,0,0.8529411764705883,SOC,SOC,36.0,20.0,118.0
6566,2009,0,metode demonstrasi,metod demonstrasi,,2009,2,33,ok,1,0,0,0.96,SOC,SOC,22.0,45.0,85.0
6579,2004,0,seldi tof,seldi tof,,2003,2,27,ok,1,0,0,0.5945945945945946,Med,BGM+Med,47.0,91.0,189.0
6647,2011,0,pengaruh customer,pengaruh custom,,2011,2,14,ok,1,0,0,0.6923076923076923,SOC,SOC,23.0,29.0,62.0
6793,2014,0,blurred lines,blur line,blurred line|blurring lines,2014,2,33,ok,1,0,0,0.6833333333333333,SOC,SOC,29.0,39.0,122.0
6807,2011,0,central plains economic,central plain econom,central plain economic,2011,3,33,weak_home,1,0,1,0.35333333333333333,SOC,SOC,20.0,39.0,94.0
6829,2011,0,festival internacional,festiv internacion,,2013,2,12,ok,1,0,0,0.6933333333333334,SOC,SOC,24.0,163.0,216.0
6910,2013,0,degree profiles,degre profil,,2013,2,33,ok,1,0,0,1.0,SOC,SOC,60.0,3.0,66.0
7004,2013,0,rsu prof dr,rsu prof dr,,2013,3,33,ok,1,0,0,1.0,SOC,SOC,22.0,5.0,35.0
7065,2003,0,zno nanorods,zno nanorod,zno nanorod,2003,2,22,ok,1,0,0,0.42444444444444446,Eng,CS+Eng,22.0,120.0,204.0
7077,2006,0,exercise file,exercis file,,2006,2,33,ok,1,0,0,1.0,SOC,SOC,25.0,8.0,39.0
7079,2011,0,cosmology the next,cosmologi the next,,2011,3,31,ok,1,0,0,1.0,PHYS,PHYS,29.0,1.0,30.0
7114,2013,0,pada kinerja,pada kinerja,,2011,2,14,ok,1,0,0,0.78125,SOC,SOC,61.0,113.0,269.0
7191,2013,0,sungai penuh,sungai penuh,,2013,2,33,ok,1,0,0,0.95,SOC,SOC,30.0,19.0,62.0
7194,2013,0,kepolisian dalam,kepolisian dalam,,2014,2,33,ok,1,0,0,1.0,SOC,SOC,20.0,26.0,68.0
7302,2014,0,signatures of selection,signatur of select,signature of selection,2016,3,13,ok,1,0,0,0.7686274509803922,BGM,BGM+Med,24.0,100.0,149.0
7312,2012,0,fiscal cliff,fiscal cliff,,2012,2,33,weak_home,1,0,1,0.3222222222222222,SOC,SOC,35.0,6.0,77.0
7331,2013,0,dimensional dirac,dimension dirac,,2014,2,31,ok,1,0,0,0.7888888888888889,PHYS,PHYS,22.0,47.0,106.0
7605,2012,0,kalimantan province,kalimantan provinc,,2012,2,11,weak_home,1,0,1,0.337037037037037,LIFEENV,LIFEENV,23.0,39.0,87.0
7721,2010,0,anak kelompok,anak kelompok,,2010,2,33,ok,1,0,0,1.0,SOC,SOC,54.0,256.0,476.0
7730,2010,0,inflammasome activation,inflammasom activ,inflammasome activity,2010,2,24,ok,1,0,0,0.4689655172413793,LIFEENV,LIFEENV,29.0,84.0,149.0
7829,2004,0,donghai bridge,donghai bridg,,2004,2,22,ok,1,0,0,1.0,Eng,CS+Eng,26.0,10.0,52.0
7917,2009,0,human pluripotent stem,human pluripot stem,,2009,3,13,ok,1,0,0,0.6559748427672957,BGM,BGM+Med,27.0,97.0,188.0
8011,2013,0,kabupaten sanggau,kabupaten sanggau,,2013,2,33,ok,1,0,0,0.5466666666666666,SOC,SOC,26.0,60.0,119.0
8113,2013,0,pdf ebook,pdf ebook,,2013,2,12,ok,1,0,0,1.0,SOC,SOC,26.0,14.0,42.0
8132,2012,0,ipa dengan,ipa dengan,,2010,2,33,ok,1,0,0,1.0,SOC,SOC,21.0,90.0,188.0
8212,2013,0,data relay satellite,data relai satellit,,2013,3,22,ok,1,0,0,0.9285714285714286,Eng,CS+Eng,24.0,22.0,58.0
8310,2004,0,additives and products,addit and product,addition and product,2004,3,11,ok,1,0,0,1.0,LIFEENV,LIFEENV,38.0,32.0,102.0
8357,2007,0,mirna expression,mirna express,mirnas expression|mirna expressions|mirnas expressed,2007,2,27;13,ok,2,1,0,0.5,Med,BGM+Med,25.0,41.0,88.0
8506,2008,0,pada perpustakaan,pada perpustakaan,,2008,2,17,ok,1,0,0,0.8,CS,CS+Eng,67.0,31.0,109.0
8591,2009,0,tgt teams games,tgt team game,tgt team game|tgt team games,2009,3,33,ok,1,0,0,0.9523809523809523,SOC,SOC,33.0,27.0,78.0
8783,2006,0,concept of honor,concept of honor,concept of honors,2006,3,33,ok,1,0,0,0.6714285714285714,SOC,SOC,44.0,18.0,95.0
8792,2006,0,socialist honor,socialist honor,socialist honors|socialistic honor,2006,2,33,ok,1,0,0,0.5652173913043478,SOC,SOC,24.0,3.0,46.0
8797,2009,0,melalui kepuasan kerja,melalui kepuasan kerja,,2009,3,33,ok,1,0,0,0.9333333333333333,SOC,SOC,25.0,27.0,78.0
8798,2012,0,anestesi pada,anestesi pada,,2012,2,27,ok,1,0,0,0.956140350877193,Med,BGM+Med,27.0,21.0,59.0
8811,2014,0,masyarakat ekonomi,masyarakat ekonomi,,2014,2,33,ok,1,0,0,0.6266666666666667,SOC,SOC,37.0,173.0,309.0
8818,2006,0,berbasis multimedia,berbasi multimedia,,2006,2,33,ok,1,0,0,0.6666666666666666,SOC,SOC,22.0,38.0,72.0
8844,2009,0,signless laplacian,signless laplacian,signless laplacians,2009,2,26,ok,1,0,0,0.6649122807017543,MATHDEC,MATHDEC,23.0,33.0,79.0
8898,2011,0,topological invariants,topolog invari,topological invariant|topological invariance,2011,2,26,ok,1,0,0,0.65,MATHDEC,MATHDEC,42.0,56.0,117.0
8962,2003,0,arrangements and mobility,arrang and mobil,,2003,3,33,ok,1,0,0,1.0,SOC,SOC,23.0,1.0,24.0
9055,2008,0,kesehatan kerja,kesehatan kerja,,2008,2,33,ok,1,0,0,0.72,SOC,SOC,23.0,48.0,118.0
9105,2004,0,systems society,system societi,system society,2004,2,22,ok,1,0,0,1.0,Eng,CS+Eng,48.0,30.0,123.0
9201,2006,0,financing agreement,financ agreement,financing agreements,2004,2,27,ok,1,0,0,1.0,Med,BGM+Med,118.0,183.0,490.0
9280,2011,0,drug shortages,drug shortag,drug shortage,2011,2,27,ok,1,0,0,0.8421052631578948,Med,BGM+Med,69.0,69.0,247.0
9404,2013,0,dinas koperasi,dina koperasi,,2013,2,33,ok,1,0,0,0.6230769230769231,SOC,SOC,21.0,42.0,86.0
9438,2011,0,program studi,program studi,programming studi,2009,2,33,ok,1,0,0,0.75,SOC,SOC,161.0,428.0,938.0
9451,2014,0,suan sunandha rajabhat,suan sunandha rajabhat,,2014,3,14,ok,1,0,0,0.6333333333333333,SOC,SOC,35.0,19.0,68.0
9556,2007,0,tho ws,tho w,,2007,2,27,ok,1,0,0,1.0,Med,BGM+Med,25.0,16.0,54.0
9589,2004,0,direct aldol,direct aldol,directed aldol,2003,2,16,ok,1,0,0,0.9,PHYS,PHYS,21.0,48.0,92.0
9625,2010,0,bermain peran,bermain peran,,2010,2,33,ok,1,0,0,0.9933333333333334,SOC,SOC,40.0,39.0,109.0
9888,2011,0,bisnis online,bisni onlin,,2011,2,33,ok,1,0,0,0.9982905982905983,SOC,SOC,29.0,6.0,76.0
10031,2006,0,earth syst,earth syst,,2006,2,23,ok,1,0,0,1.0,LIFEENV,LIFEENV,21.0,14.0,61.0
10096,2009,0,guru dengan,guru dengan,,2009,2,33,ok,1,0,0,0.8823529411764706,SOC,SOC,21.0,16.0,50.0
10543,2006,0,variational iteration,variat iter,variational iterative|variation iteration,2006,2,26;31,ok,2,1,0,0.5641025641025641,MATHDEC,MATHDEC,43.0,96.0,237.0
10559,2003,0,research on urban,research on urban,research on urbanization|researches on urban,2003,3,33,weak_home,1,0,1,0.28,SOC,SOC,20.0,25.0,61.0
10601,2008,0,pt bpr,pt bpr,pt bprs,2008,2,33;14,ok,2,1,0,0.5833333333333334,SOC,SOC,28.0,37.0,84.0
10644,2008,0,hasil belajar siswa,hasil belajar siswa,,2009,3,33,ok,1,0,0,0.9567765567765568,SOC,SOC,25.0,516.0,806.0
10651,2014,0,khusus tahun,khusu tahun,,2014,2,33,ok,1,0,0,1.0,SOC,SOC,51.0,108.0,272.0
10687,2013,0,dr soedarso pontianak,dr soedarso pontianak,,2013,3,14,ok,1,0,0,1.0,SOC,SOC,24.0,25.0,64.0
10698,2011,0,ips di sma,ip di sma,,2011,3,33,ok,1,0,0,0.9333333333333333,SOC,SOC,30.0,69.0,114.0
10775,2007,0,kerja karyawan pada,kerja karyawan pada,,2008,3,14;33,ok,2,1,0,0.6,SOC,SOC,28.0,42.0,135.0
10824,2005,0,amendment bill,amend bill,amendments bill|amended bill,2005,2,33,ok,1,0,0,0.6666666666666666,SOC,SOC,34.0,32.0,117.0
10828,2005,0,japanese circulation society,japanes circul societi,,2005,3,33,ok,1,0,0,0.9983221476510067,SOC,SOC,1192.0,153.0,1464.0
10985,2009,0,monolayer graphene,monolay graphen,monolayer graphenes,2010,2,31,ok,1,0,0,0.6846153846153846,PHYS,PHYS,22.0,67.0,136.0
11033,2010,0,risk of bias,risk of bia,risks of bias,2010,3,27,ok,1,0,0,0.7619047619047619,Med,BGM+Med,20.0,68.0,111.0
11039,2007,0,micro and macroscopic,micro and macroscop,,2007,3,22,ok,1,0,0,0.7142857142857143,Eng,CS+Eng,102.0,5.0,110.0
11048,2004,0,images in emergency,imag in emerg,imaging in emergency,2004,3,27,ok,1,0,0,1.0,Med,BGM+Med,27.0,30.0,101.0
11061,2008,0,rsud dr,rsud dr,,2007,2,27,weak_home,1,0,1,0.3,Med,BGM+Med,65.0,82.0,226.0
11072,2009,0,unique child,uniqu child,,2009,2,33,ok,1,0,0,1.0,SOC,SOC,70.0,42.0,178.0
11092,2003,0,patients with sars,patient with sar,patient with sars,2003,3,27,ok,1,0,0,0.7650793650793651,Med,BGM+Med,39.0,13.0,87.0
11182,2014,0,liver partition,liver partit,,2014,2,27,ok,1,0,0,0.9047619047619048,Med,BGM+Med,22.0,62.0,111.0
11192,2012,0,pathogenic variants,pathogen variant,pathogenic variant,2011,2,27;13,ok,2,1,0,0.49411764705882355,Med,BGM+Med,38.0,72.0,178.0
11216,2010,0,implantable electronic device,implant electron devic,implantable electronic devices|implanted electronic device,2010,3,27,ok,1,0,0,0.9666666666666667,Med,BGM+Med,21.0,63.0,122.0
11230,2014,0,generalized periodontitis,gener periodont,generalized periodontal,2013,2,27;35,ok,2,1,0,0.5631578947368421,Med,BGM+Med,22.0,45.0,109.0
11337,2011,0,state revenue,state revenu,state revenues,2011,2,33,ok,1,0,0,0.5833333333333334,SOC,SOC,58.0,84.0,167.0
11395,2009,0,aldabrachelys gigantea reptilia,aldabrach gigantea reptilia,,2009,3,23,ok,1,0,0,1.0,LIFEENV,LIFEENV,25.0,3.0,40.0
11427,2009,0,library copyright,librari copyright,libraries copyright,2009,2,17,ok,1,0,0,0.75,CS,CS+Eng,28.0,134.0,194.0
11514,2010,0,university for example,univers for exampl,universities for example,2010,3,33,ok,1,0,0,0.7069444444444445,SOC,SOC,31.0,51.0,126.0
11615,2013,0,droplet digital,droplet digit,,2013,2,27,ok,1,0,0,0.4782312925170068,Med,BGM+Med,21.0,69.0,149.0
11655,2007,0,online social,onlin social,online socialization,2007,2,33,ok,1,0,0,0.6436781609195402,SOC,SOC,48.0,107.0,225.0
11675,2008,0,care seminar,care seminar,,2008,2,33,ok,1,0,0,0.9677419354838709,SOC,SOC,31.0,41.0,107.0
11744,2004,0,dietetic products nutrition,dietet product nutrit,,2004,3,11,ok,1,0,0,1.0,LIFEENV,LIFEENV,33.0,8.0,61.0
11872,2003,0,marrow mesenchymal,marrow mesenchym,,2003,2,27,ok,1,0,0,0.5681818181818182,Med,BGM+Med,72.0,205.0,401.0
12008,2014,0,sentolo kulon progo,sentolo kulon progo,,2014,3,33,ok,1,0,0,1.0,SOC,SOC,22.0,11.0,34.0
12062,2008,0,castration resistant prostate,castrat resist prostat,castrate resistant prostate|castration resistant prostatic,2008,3,27,ok,1,0,0,0.926829268292683,Med,BGM+Med,43.0,146.0,283.0
12400,2013,0,menulis teks,menuli tek,,2013,2,33,ok,1,0,0,0.9846846846846847,SOC,SOC,34.0,151.0,275.0
12404,2013,0,kebugaran jasmani,kebugaran jasmani,,2013,2,33,ok,1,0,0,0.6206896551724138,SOC,SOC,64.0,98.0,248.0
12449,2005,0,stress and inflammation,stress and inflamm,,2005,3,27,ok,1,0,0,0.7426666666666667,Med,BGM+Med,22.0,45.0,101.0
12499,2009,0,library guides,librari guid,library guide|libraries guide|library guided|libraries guided,2010,2,33;17,ok,2,1,0,0.6,SOC,SOC,86.0,309.0,656.0
12528,2006,0,rural construction,rural construct,,2006,2,33,ok,1,0,0,0.5421052631578948,SOC,SOC,77.0,156.0,389.0
12553,2008,0,efficient dye sensitized,effici dye sensit,efficiency dye sensitized,2009,3,16,weak_home,1,0,1,0.3697916666666667,PHYS,PHYS,24.0,47.0,105.0
12585,2012,0,trayvon martin,trayvon martin,,2012,2,33,ok,1,0,0,0.7230769230769231,SOC,SOC,21.0,23.0,79.0
12849,2009,0,doctrina registral,doctrina registr,,2009,2,33,ok,1,0,0,1.0,SOC,SOC,38.0,41.0,91.0
12922,2009,0,safety nutrition,safeti nutrit,,2009,2,11,ok,1,0,0,0.6666666666666666,LIFEENV,LIFEENV,78.0,2.0,82.0
13120,2014,0,nagan raya,nagan raya,,2014,2,11,ok,1,0,0,0.45,LIFEENV,LIFEENV,53.0,52.0,144.0
13149,2013,0,manfaat hasil,manfaat hasil,,2013,2,33,ok,1,0,0,1.0,SOC,SOC,31.0,22.0,85.0
13806,2013,0,age of big,ag of big,,2014,3,17,weak_home,1,0,1,0.3097560975609756,CS,CS+Eng,21.0,54.0,143.0
13918,2004,0,countryside and farmers,countrysid and farmer,,2004,3,33,ok,1,0,0,0.56,SOC,SOC,20.0,9.0,40.0
14020,2012,0,ingenol mebutate,ingenol mebut,,2012,2,27,ok,1,0,0,0.9761904761904762,Med,BGM+Med,26.0,26.0,71.0
14258,2006,0,ghg emissions,ghg emiss,ghg emission|ghgs emission|ghgs emissions,2008,2,22,ok,1,0,0,0.4218390804597701,Eng,CS+Eng,22.0,58.0,99.0
14403,2010,0,journal cme questions,journal cme question,,2010,3,27,ok,1,0,0,1.0,Med,BGM+Med,34.0,36.0,106.0
14435,2010,0,endothelin research,endothelin research,,2010,2,27,ok,1,0,0,1.0,Med,BGM+Med,23.0,1.0,24.0
14438,2008,0,pelanggan pada,pelanggan pada,,2008,2,33;14,ok,2,1,0,0.6,SOC,SOC,25.0,33.0,85.0
14444,2008,0,melalui pembelajaran,melalui pembelajaran,,2009,2,33,ok,1,0,0,0.8951612903225806,SOC,SOC,23.0,129.0,223.0
14550,2008,0,hubungan pengetahuan,hubungan pengetahuan,,2008,2,33,ok,1,0,0,0.8,SOC,SOC,20.0,44.0,93.0
14555,2013,0,courses moocs,cours mooc,course mooc|courses mooc,2014,2,33,ok,1,0,0,0.6666666666666666,SOC,SOC,21.0,48.0,118.0
14769,2009,0,jurusan akuntansi,jurusan akuntansi,,2009,2,14,ok,1,0,0,0.5,SOC,SOC,25.0,23.0,73.0
14805,2013,0,effectiveness of structured,effect of structur,effectiveness of structural,2014,3,27,ok,1,0,0,0.4,Med,BGM+Med,27.0,82.0,174.0
14842,2011,0,world academy,world academi,,2011,2,27,ok,1,0,0,0.75,Med,BGM+Med,79.0,33.0,114.0
14864,2012,0,home union,home union,,2012,2,33,ok,1,0,0,1.0,SOC,SOC,23.0,2.0,25.0
14917,2005,0,rm mgb,rm mgb,,2005,2,22,ok,1,0,0,1.0,Eng,CS+Eng,44.0,49.0,104.0
14936,2006,0,honor and dishonor,honor and dishonor,honors and dishonors,2006,3,33,ok,1,0,0,0.6,SOC,SOC,23.0,9.0,51.0
14944,2014,0,analisis putusan,analisi putusan,,2014,2,33,ok,1,0,0,0.9848484848484849,SOC,SOC,34.0,73.0,149.0
14946,2011,0,occupy wall street,occupi wall street,occupies wall street,2011,3,33,ok,1,0,0,0.9137254901960785,SOC,SOC,46.0,59.0,207.0
14981,2013,0,carry select adder,carri select adder,,2013,3,17;22,ok,2,1,0,0.5203703703703704,CS,CS+Eng,33.0,55.0,123.0
15034,2013,0,partisipasi belajar,partisipasi belajar,,2013,2,33,ok,1,0,0,1.0,SOC,SOC,26.0,15.0,67.0
15085,2009,0,pelaksanaan strategi,pelaksanaan strategi,,2009,2,33,ok,1,0,0,1.0,SOC,SOC,20.0,9.0,39.0
15098,2009,0,penerapan model pembelajaran,penerapan model pembelajaran,,2009,3,33,ok,1,0,0,0.9841269841269842,SOC,SOC,161.0,511.0,991.0
15173,2012,0,moringa oleifera leaf,moringa oleifera leaf,,2010,3,11,ok,1,0,0,0.7666666666666667,LIFEENV,LIFEENV,25.0,48.0,106.0
15280,2009,0,siklus belajar,siklu belajar,,2009,2,33,ok,1,0,0,0.9742424242424242,SOC,SOC,46.0,31.0,127.0
15339,2009,0,kelas iv sdn,kela iv sdn,,2009,3,33,ok,1,0,0,1.0,SOC,SOC,80.0,426.0,806.0
15357,2005,0,tod und geschlecht,tod und geschlecht,,2005,3,33,ok,1,0,0,1.0,SOC,SOC,34.0,1.0,35.0
15364,2006,0,swift observations,swift observ,swift observation|swift observes,2006,2,31,ok,1,0,0,0.611111111111111,PHYS,PHYS,49.0,111.0,296.0
15495,2008,0,earthquake rescue,earthquak rescu,earthquake rescuing,2008,2,36,ok,1,0,0,0.6416666666666667,Med,BGM+Med,31.0,11.0,64.0
15625,2003,0,blu ray,blu rai,blu rays,2003,2,33,ok,1,0,0,0.693939393939394,SOC,SOC,22.0,29.0,97.0
15675,2009,0,kerja ilmiah,kerja ilmiah,,2009,2,33,ok,1,0,0,1.0,SOC,SOC,20.0,17.0,64.0
15727,2014,0,materi fluida,materi fluida,,2013,2,33,ok,1,0,0,1.0,SOC,SOC,21.0,58.0,126.0
15728,2009,0,geomechanics and tunnelling,geomechan and tunnel,geomechanics and tunneling,2009,3,22,ok,1,0,0,1.0,Eng,CS+Eng,28.0,32.0,92.0
15854,2010,0,pembelajaran cooperative,pembelajaran cooper,,2010,2,33,ok,1,0,0,0.9666666666666667,SOC,SOC,34.0,42.0,113.0
15961,2009,0,nlrp3 inflammasome,nlrp3 inflammasom,nlrp3 inflammasomes,2009,2,24,ok,1,0,0,0.6897435897435897,LIFEENV,LIFEENV,25.0,55.0,128.0
15970,2013,0,quantified self,quantifi self,quantifying self,2013,2,33,weak_home,1,0,1,0.34705882352941175,SOC,SOC,26.0,30.0,91.0
16007,2012,0,kongresse symposien seminare,kongress symposien seminar,,2012,3,22,ok,1,0,0,1.0,Eng,CS+Eng,22.0,24.0,70.0
16200,2013,0,park geun hye,park geun hye,,2013,3,33,ok,1,0,0,0.9166666666666666,SOC,SOC,42.0,21.0,91.0
16221,2012,0,listrik dinamis,listrik dinami,,2012,2,33,ok,1,0,0,0.972972972972973,SOC,SOC,23.0,41.0,125.0
16325,2013,0,kabupaten madiun,kabupaten madiun,,2013,2,33,ok,1,0,0,0.9752380952380953,SOC,SOC,35.0,50.0,141.0
16350,2007,0,asthma control test,asthma control test,,2007,3,27,ok,1,0,0,0.9,Med,BGM+Med,23.0,32.0,74.0
16378,2013,0,literasi sains,literasi sain,,2013,2,33,ok,1,0,0,1.0,SOC,SOC,36.0,66.0,146.0
16454,2006,0,search form,search form,search forms,2006,2,14;17,ok,2,1,0,0.5,SOC,SOC,64.0,2.0,118.0
16480,2012,0,kabupaten gorontalo,kabupaten gorontalo,,2012,2,33,ok,1,0,0,0.989010989010989,SOC,SOC,119.0,321.0,631.0
16571,2008,0,penggunaan media,penggunaan media,,2009,2,33,ok,1,0,0,0.9013333333333333,SOC,SOC,20.0,143.0,229.0
16575,2009,0,usage of testudo,usag of testudo,,2009,3,23,ok,1,0,0,1.0,LIFEENV,LIFEENV,24.0,3.0,39.0
16593,2012,0,gorontalo tahun,gorontalo tahun,,2012,2,33,ok,1,0,0,1.0,SOC,SOC,26.0,49.0,111.0
16670,2008,0,wenchuan earthquake,wenchuan earthquak,wenchuan earthquakes,2008,2,27,weak_home,1,0,1,0.3956834532374101,Med,BGM+Med,537.0,583.0,1939.0
16709,2012,0,pasien dengan,pasien dengan,,2012,2,27,ok,1,0,0,0.7444444444444444,Med,BGM+Med,27.0,71.0,137.0
16841,2013,0,martin buber,martin buber,martin bubers,2015,2,33,ok,1,0,0,0.6359999999999999,SOC,SOC,29.0,150.0,194.0
16847,2012,0,ley reguladora,lei reguladora,,2014,2,33,ok,1,0,0,1.0,SOC,SOC,35.0,181.0,234.0
16848,2009,0,sekolah terhadap,sekolah terhadap,,2009,2,33,ok,1,0,0,0.8822222222222222,SOC,SOC,36.0,51.0,133.0
16859,2009,0,obat pada,obat pada,,2011,2,11,ok,1,0,0,0.6923076923076923,LIFEENV,LIFEENV,21.0,35.0,72.0
16924,2013,0,strain dsm,strain dsm,,2013,2,13,ok,1,0,0,0.8888888888888888,BGM,BGM+Med,22.0,14.0,58.0
17047,2007,0,detall aeri,detal aeri,,2007,2,12,ok,1,0,0,1.0,SOC,SOC,28.0,15.0,44.0
17067,2013,0,kabupaten landak,kabupaten landak,,2013,2,11,ok,1,0,0,0.4666666666666667,LIFEENV,LIFEENV,29.0,52.0,111.0
17136,2013,0,aplikasi android,aplikasi android,,2013,2,17,ok,1,0,0,0.6813333333333332,CS,CS+Eng,24.0,56.0,102.0
17138,2003,0,throughput experimentation,throughput experiment,throughput experimental,2003,2,16,weak_home,1,0,1,0.3844444444444444,PHYS,PHYS,22.0,25.0,62.0
17157,2011,0,karakteristik perusahaan,karakteristik perusahaan,,2009,2,14,ok,1,0,0,0.8946236559139785,SOC,SOC,24.0,64.0,124.0
17170,2008,0,liver stiffness,liver stiff,,2008,2,27,ok,1,0,0,0.9772727272727272,Med,BGM+Med,47.0,81.0,190.0
17268,2004,0,fig ds,fig d,,2004,2,12,ok,1,0,0,1.0,SOC,SOC,28.0,20.0,116.0
17415,2003,0,zno nanowires,zno nanowir,zno nanowire,2003,2,22,weak_home,1,0,1,0.3422222222222222,Eng,CS+Eng,28.0,117.0,218.0
17524,2004,0,shrimp zircon,shrimp zircon,,2004,2,19,ok,1,0,0,0.9380952380952381,PHYS,PHYS,21.0,40.0,76.0
17546,2008,0,aktiva tetap pada,aktiva tetap pada,,2008,3,14,ok,1,0,0,1.0,SOC,SOC,58.0,15.0,83.0
17558,2013,0,nakuru county,nakuru counti,,2013,2,33,ok,1,0,0,0.5175438596491229,SOC,SOC,23.0,57.0,126.0
17639,2014,0,ebola crisis,ebola crisi,,2014,2,33,weak_home,1,0,1,0.35714285714285715,SOC,SOC,31.0,18.0,91.0
17683,2012,0,tikus sprague dawley,tiku spragu dawlei,,2012,3,27,ok,1,0,0,0.8142857142857144,Med,BGM+Med,25.0,33.0,85.0
17701,2012,0,bermain pada siswa,bermain pada siswa,,2012,3,33,ok,1,0,0,1.0,SOC,SOC,35.0,23.0,78.0
17705,2009,0,tough economic times,tough econom time,,2009,3,33,weak_home,1,0,1,0.39285714285714285,SOC,SOC,21.0,10.0,48.0
17719,2013,0,hulu kabupaten,hulu kabupaten,,2013,2,33;11,ok,2,1,0,0.5316666666666666,SOC,SOC,32.0,39.0,112.0
17745,2011,0,medida socioeducativa,medida socioeducativa,medidas socioeducativas,2012,2,33,ok,1,0,0,0.7606060606060606,SOC,SOC,23.0,26.0,72.0
17897,2008,0,university of economics,univers of econom,universities of economics|university of economic,2008,3,33,ok,1,0,0,0.6153846153846154,SOC,SOC,30.0,74.0,150.0
17909,2003,0,unit information,unit inform,uniting information,2003,2,27;33,ok,2,1,0,0.5,Med,BGM+Med,20.0,18.0,78.0
17985,2013,0,media sosial,media sosial,,2013,2,33,ok,1,0,0,0.84,SOC,SOC,49.0,236.0,383.0
18049,2014,0,terhadap kualitas laporan,terhadap kualita laporan,,2014,3,33;14,ok,2,1,0,0.5666666666666667,SOC,SOC,43.0,71.0,154.0
18218,2009,0,mhd free convection,mhd free convect,mhd free convective,2011,3,22,ok,1,0,0,0.7528735632183907,Eng,CS+Eng,23.0,40.0,83.0
18339,2009,0,informasi berbasis,informasi berbasi,,2009,2,17,ok,1,0,0,0.6153846153846154,CS,CS+Eng,28.0,47.0,106.0
18494,2004,0,indice analitico giurisprudenza,indic analitico giurisprudenza,,2004,3,14,ok,1,0,0,1.0,SOC,SOC,61.0,69.0,172.0
18525,2010,0,students entrepreneurial,student entrepreneuri,student entrepreneurial,2010,2,33,weak_home,1,0,1,0.316,SOC,SOC,24.0,38.0,93.0
18567,2005,0,swift bat trigger,swift bat trigger,,2005,3,31,ok,1,0,0,1.0,PHYS,PHYS,24.0,8.0,47.0
18581,2008,0,writing citing,write cite,write cite,2008,2,33,ok,1,0,0,1.0,SOC,SOC,25.0,64.0,108.0
18659,2005,0,data watch,data watch,,2005,2,27,ok,1,0,0,0.9900990099009902,Med,BGM+Med,205.0,135.0,455.0
18675,2011,0,king speech,king speech,,2011,2,32,weak_home,1,0,1,0.375,SOC,SOC,21.0,8.0,44.0
18877,2003,0,human mesenchymal stem,human mesenchym stem,,2004,3,27,ok,1,0,0,0.65625,Med,BGM+Med,43.0,152.0,304.0
18942,2014,0,child sexual exploitation,child sexual exploit,,2014,3,33,ok,1,0,0,0.5980392156862745,SOC,SOC,22.0,41.0,100.0
19039,2013,0,nanosheet arrays,nanosheet arrai,nanosheet array|nanosheets array|nanosheets arrays,2014,2,22;25,ok,2,1,0,0.45,Eng,CS+Eng,30.0,72.0,155.0
19086,2012,0,deskriptif kualitatif,deskriptif kualitatif,,2012,2,33,ok,1,0,0,1.0,SOC,SOC,22.0,60.0,139.0
19109,2013,0,library print collections,librari print collect,,2013,3,33,ok,1,0,0,1.0,SOC,SOC,232.0,1.0,234.0
19111,2012,0,radioactive cesium,radioact cesium,,2012,2,11,weak_home,1,0,1,0.35714285714285715,LIFEENV,LIFEENV,63.0,149.0,346.0
19193,2013,0,slb negeri,slb negeri,,2013,2,33,ok,1,0,0,0.8888888888888888,SOC,SOC,30.0,34.0,103.0
19207,2012,0,daily journal,daili journal,,2012,2,33,weak_home,1,0,1,0.3333333333333333,SOC,SOC,178.0,287.0,519.0
19211,2006,0,cardiometabolic risk,cardiometabol risk,cardiometabolic risks,2007,2,27,ok,1,0,0,0.696969696969697,Med,BGM+Med,47.0,114.0,244.0
19347,2010,0,sar adc,sar adc,sar adcs,2009,2,22,ok,1,0,0,0.78125,Eng,CS+Eng,37.0,42.0,119.0
19379,2009,0,teams games tournament,team game tournament,team games tournament|teams games tournaments|team game tournament|teams game tournament|team games tournaments,2009,3,33,ok,1,0,0,0.9980952380952381,SOC,SOC,68.0,80.0,235.0
19477,2013,0,proses berpikir,prose berpikir,,2011,2,33,ok,1,0,0,1.0,SOC,SOC,29.0,57.0,111.0
19532,2006,0,journal usual peer,journal usual peer,,2006,3,13,ok,1,0,0,1.0,BGM,BGM+Med,39.0,11.0,77.0
19570,2011,0,syntax score,syntax score,syntax scores,2009,2,27,ok,1,0,0,1.0,Med,BGM+Med,40.0,84.0,168.0
19672,2014,0,post transplant cyclophosphamide,post transplant cyclophosphamid,post transplantation cyclophosphamide,2013,3,27,ok,1,0,0,0.9955974842767296,Med,BGM+Med,23.0,78.0,154.0
19784,2013,0,raya kabupaten,raya kabupaten,,2013,2,33,ok,1,0,0,0.5585858585858586,SOC,SOC,27.0,65.0,133.0
19869,2003,0,c2 ed board,c2 ed board,,2003,3,26,ok,1,0,0,0.4166666666666667,MATHDEC,MATHDEC,21.0,31.0,86.0
19958,2010,0,ifrs adoption,ifr adopt,,2008,2,14,ok,1,0,0,0.6181818181818183,SOC,SOC,24.0,56.0,119.0
20057,2013,0,image gallery,imag galleri,,2013,2,22;33,ok,2,1,0,0.5,Eng,CS+Eng,80.0,65.0,155.0
20076,2011,0,ramifications to structure,ramif to structur,,2011,3,31,ok,1,0,0,1.0,PHYS,PHYS,25.0,1.0,26.0
20088,2014,0,berbasis arduino,berbasi arduino,,2013,2,17,ok,1,0,0,0.8263565891472868,CS,CS+Eng,50.0,191.0,345.0
20092,2008,0,library physics,librari physic,library physical|libraries physics|libraries physical,2008,2,17,ok,1,0,0,1.0,CS,CS+Eng,23.0,42.0,160.0
20108,2008,0,intensive blood,intens blood,,2008,2,27,ok,1,0,0,0.8941176470588236,Med,BGM+Med,20.0,25.0,55.0
20199,2011,0,spectrum of topics,spectrum of topic,,2011,3,27,ok,1,0,0,1.0,Med,BGM+Med,22.0,60.0,133.0
20420,2011,0,jean guillaume lanuque,jean guillaum lanuqu,,2011,3,33,ok,1,0,0,1.0,SOC,SOC,41.0,1.0,78.0
20483,2005,0,research and simulation,research and simul,research and simulating,2005,3,22,ok,1,0,0,0.9111111111111112,Eng,CS+Eng,21.0,40.0,82.0
20621,2003,0,overall construction,overal construct,overall constructing,2003,2,33,ok,1,0,0,0.47368421052631576,SOC,SOC,21.0,7.0,40.0
20637,2004,0,abu ghraib,abu ghraib,,2004,2,33,ok,1,0,0,0.8666666666666667,SOC,SOC,31.0,49.0,127.0
20682,2009,0,belajar geografi,belajar geografi,,2009,2,33,ok,1,0,0,1.0,SOC,SOC,24.0,64.0,110.0
20826,2013,0,cas campus,ca campu,,2013,2,17,ok,1,0,0,1.0,CS,CS+Eng,32.0,1.0,34.0
20890,2012,0,reading promotion,read promot,,2013,2,17,ok,1,0,0,0.85,CS,CS+Eng,21.0,46.0,117.0
21152,2014,0,waals heterostructures,waal heterostructur,waals heterostructure|waals heterostructured,2014,2,31,weak_home,1,0,1,0.3333333333333333,PHYS,PHYS,26.0,93.0,166.0
21168,2013,0,mikrokontroler arduino,mikrokontrol arduino,mikrokontroller arduino,2013,2,17,ok,1,0,0,0.7037037037037037,CS,CS+Eng,24.0,32.0,80.0
21186,2008,0,economic downturn,econom downturn,economic downturns,2009,2,33,weak_home,1,0,1,0.3745098039215686,SOC,SOC,26.0,111.0,257.0
21222,2012,0,library gallery,librari galleri,,2012,2,33,ok,1,0,0,1.0,SOC,SOC,73.0,1.0,74.0
21261,2007,0,pso algorithm,pso algorithm,pso algorithms,2008,2,22,ok,1,0,0,0.7555555555555556,Eng,CS+Eng,48.0,86.0,208.0
21320,2011,0,kabupaten cianjur,kabupaten cianjur,,2013,2,11,ok,1,0,0,0.47619047619047616,LIFEENV,LIFEENV,24.0,95.0,152.0
21384,2011,0,real sala,real sala,,2011,2,12,ok,1,0,0,1.0,SOC,SOC,197.0,89.0,302.0
21446,2004,0,privacy preserving,privaci preserv,privacy preservation|privacy preserved,2004,2,17,ok,1,0,0,0.8533333333333334,CS,CS+Eng,29.0,57.0,128.0
21502,2010,0,ckd epi,ckd epi,,2010,2,27,ok,1,0,0,0.9933333333333334,Med,BGM+Med,27.0,37.0,108.0
21563,2008,0,zhi yuan,zhi yuan,,2010,2,27,ok,1,0,0,0.75,Med,BGM+Med,20.0,48.0,84.0
21747,2013,0,ratir optical,ratir optic,,2013,2,31,ok,1,0,0,1.0,PHYS,PHYS,49.0,24.0,114.0
21786,2006,0,areas of science,area of scienc,,2006,3,31,ok,1,0,0,1.0,PHYS,PHYS,30.0,30.0,85.0
21881,2007,0,dynamic spectrum,dynam spectrum,dynamical spectrum,2006,2,22,ok,1,0,0,0.7142857142857142,Eng,CS+Eng,43.0,68.0,168.0
21930,2011,0,pendekatan contextual teaching,pendekatan contextu teach,,2010,3,33,ok,1,0,0,0.9333333333333333,SOC,SOC,24.0,70.0,115.0
21967,2011,0,information and technology,inform and technologi,information and technologies,2011,3,33,ok,1,0,0,0.4,SOC,SOC,54.0,91.0,182.0
22090,2006,0,late preterm,late preterm,late preterms,2006,2,27,ok,1,0,0,1.0,Med,BGM+Med,31.0,79.0,140.0
22222,2009,0,topology of polymers,topologi of polym,,2009,3,31,ok,1,0,0,0.9259259259259259,PHYS,PHYS,37.0,26.0,63.0
22241,2007,0,human pathological mutations,human patholog mutat,,2007,3,13,ok,1,0,0,1.0,BGM,BGM+Med,27.0,39.0,68.0
22265,2008,0,lambeth palace ms,lambeth palac m,,2008,3,12,ok,1,0,0,1.0,SOC,SOC,154.0,1.0,155.0
22347,2014,0,ebola outbreak,ebola outbreak,ebola outbreaks,2014,2,27,ok,1,0,0,0.675,Med,BGM+Med,101.0,106.0,355.0
22392,2014,0,kesadaran wajib pajak,kesadaran wajib pajak,,2014,3,14,ok,1,0,0,0.7238095238095238,SOC,SOC,23.0,47.0,92.0
22402,2009,0,profesional guru,profesion guru,,2009,2,33,ok,1,0,0,0.9,SOC,SOC,29.0,19.0,68.0
22460,2011,0,android smartphone,android smartphon,android smartphones,2011,2,17,ok,1,0,0,0.5303030303030304,CS,CS+Eng,20.0,45.0,87.0
22485,2008,0,draft common frame,draft common frame,,2008,3,33,ok,1,0,0,1.0,SOC,SOC,24.0,18.0,70.0
22559,2012,0,adv healthcare mater,adv healthcar mater,,2013,3,22,ok,1,0,0,1.0,Eng,CS+Eng,22.0,38.0,98.0
22643,2005,0,amendment order,amend order,amendment orders,2005,2,27,ok,1,0,0,1.0,Med,BGM+Med,32.0,26.0,99.0
22728,2007,0,orl ws,orl w,,2007,2,27,ok,1,0,0,1.0,Med,BGM+Med,23.0,24.0,55.0
22738,2008,0,hukum perjanjian,hukum perjanjian,,2008,2,33,ok,1,0,0,1.0,SOC,SOC,23.0,15.0,45.0
22749,2010,0,peningkatan motivasi,peningkatan motivasi,,2010,2,33,ok,1,0,0,0.9666666666666667,SOC,SOC,30.0,56.0,123.0
22845,2005,0,handed metamaterials,hand metamateri,handed metamaterial,2005,2,22;31,ok,2,1,0,0.5026666666666667,Eng,CS+Eng,28.0,38.0,102.0
22865,2011,0,printemps arabe,printemp arab,printemps arabes,2011,2,33,ok,1,0,0,0.9705882352941176,SOC,SOC,48.0,38.0,167.0
22877,2007,0,locked frequency,lock frequenc,lock frequency,2007,2,22,ok,1,0,0,0.9549019607843138,Eng,CS+Eng,20.0,35.0,91.0
22915,2006,0,world voice,world voic,world voices,2006,2,33,ok,1,0,0,1.0,SOC,SOC,37.0,43.0,120.0
22940,2013,0,crispr cas9,crispr cas9,,2013,2,13,ok,1,0,0,0.9032258064516129,BGM,BGM+Med,37.0,503.0,787.0
22952,2008,0,carbon society,carbon societi,carbon societies,2008,2,33,ok,1,0,0,0.435632183908046,SOC,SOC,20.0,58.0,113.0
23045,2008,0,jurisprudencia tribunal,jurisprudencia tribun,,2008,2,33,ok,1,0,0,1.0,SOC,SOC,51.0,58.0,173.0
23057,2014,0,3rd december,3rd decemb,,2014,2,33,ok,1,0,0,0.6666666666666666,SOC,SOC,22.0,3.0,30.0
23058,2013,0,terhadap pelaku,terhadap pelaku,,2012,2,33,ok,1,0,0,0.9962962962962963,SOC,SOC,38.0,81.0,169.0
23132,2009,0,singosari malang,singosari malang,,2009,2,33,ok,1,0,0,0.8266666666666667,SOC,SOC,34.0,45.0,114.0
23482,2008,0,sub prime,sub prime,,2008,2,20,ok,1,0,0,0.45454545454545453,SOC,SOC,73.0,43.0,189.0
23574,2012,0,emc society,emc societi,,2012,2,22,ok,1,0,0,1.0,Eng,CS+Eng,20.0,17.0,52.0
23706,2009,0,siswa smp,siswa smp,,2009,2,33,ok,1,0,0,0.9444444444444444,SOC,SOC,98.0,164.0,387.0
23718,2011,0,sp cultivated,sp cultiv,sp cultivation,2011,2,11,ok,1,0,0,0.8571428571428571,LIFEENV,LIFEENV,140.0,10.0,153.0
23813,2009,0,negeri malang,negeri malang,,2009,2,33,ok,1,0,0,0.9663865546218487,SOC,SOC,223.0,259.0,716.0
23949,2014,0,latino art,latino art,,2014,2,12;33,ok,2,1,0,0.5,SOC,SOC,112.0,9.0,122.0
23973,2007,0,rm sn,rm sn,,2007,2,22,ok,1,0,0,0.9772727272727272,Eng,CS+Eng,44.0,36.0,91.0
23982,2007,0,esmo clinical,esmo clinic,,2007,2,27,ok,1,0,0,1.0,Med,BGM+Med,38.0,54.0,141.0
24067,2007,0,gilliam elizabeth gilliam,gilliam elizabeth gilliam,,2007,3,33,ok,1,0,0,1.0,SOC,SOC,32.0,27.0,60.0
24095,2011,0,tohoku earthquake,tohoku earthquak,tohoku earthquakes,2011,2,19,ok,1,0,0,0.7113402061855669,PHYS,PHYS,252.0,223.0,894.0
24210,2012,0,circulatory death,circulatori death,,2011,2,27,ok,1,0,0,0.9666666666666667,Med,BGM+Med,29.0,65.0,138.0
24278,2003,0,research young investigator,research young investig,,2003,3,28,ok,1,0,0,1.0,LIFEENV,LIFEENV,140.0,146.0,460.0
24287,2010,0,pengaruh model pembelajaran,pengaruh model pembelajaran,,2012,3,33,ok,1,0,0,0.8710144927536232,SOC,SOC,21.0,129.0,194.0
24570,2012,0,terhadap pemahaman konsep,terhadap pemahaman konsep,,2012,3,33,ok,1,0,0,1.0,SOC,SOC,31.0,82.0,199.0
24582,2004,0,s3 leitlinie,s3 leitlini,,2004,2,27,ok,1,0,0,1.0,Med,BGM+Med,25.0,2.0,29.0
24611,2012,0,serum metabolomics,serum metabolom,serum metabolomic|serum metabolome,2012,2,27,ok,1,0,0,0.5137254901960785,Med,BGM+Med,20.0,37.0,78.0
24671,2014,0,consumo seguridad alimentaria,consumo seguridad alimentaria,,2014,3,33,ok,1,0,0,0.8550724637681159,SOC,SOC,29.0,6.0,58.0
24716,2007,0,journals chem eur,journal chem eur,,2007,3,16,ok,1,0,0,1.0,PHYS,PHYS,66.0,47.0,150.0
24817,2005,0,brumaire an iii,brumair an iii,,2005,3,12,ok,1,0,0,1.0,SOC,SOC,216.0,2.0,218.0
24921,2010,0,diri siswa,diri siswa,,2010,2,33,ok,1,0,0,0.995,SOC,SOC,25.0,37.0,85.0
25046,2004,0,ferroelectrics and frequency,ferroelectr and frequenc,,2004,3,22,ok,1,0,0,1.0,Eng,CS+Eng,38.0,23.0,78.0
25102,2011,0,resources for faculty,resourc for faculti,resource for faculty,2011,3,27,ok,1,0,0,1.0,Med,BGM+Med,90.0,5.0,115.0
25186,2009,0,library environmental,librari environment,libraries environmental,2009,2,17,ok,1,0,0,0.6666666666666666,CS,CS+Eng,30.0,38.0,101.0
25188,2013,0,seguros privados,seguro privado,seguro privado,2014,2,33,ok,1,0,0,1.0,SOC,SOC,22.0,28.0,86.0
25252,2009,0,bidang studi,bidang studi,,2009,2,33,ok,1,0,0,0.9666666666666667,SOC,SOC,28.0,25.0,84.0
25404,2009,0,menggunakan php,menggunakan php,,2009,2,17,ok,1,0,0,1.0,CS,CS+Eng,22.0,56.0,111.0
25461,2013,0,massive mimo,massiv mimo,,2013,2,22,ok,1,0,0,0.4923611111111111,Eng,CS+Eng,35.0,253.0,404.0
25551,2009,0,slumdog millionaire,slumdog millionair,,2009,2,33,ok,1,0,0,0.48,SOC,SOC,21.0,9.0,47.0
25584,2012,0,braf mutant,braf mutant,,2013,2,27,ok,1,0,0,0.898611111111111,Med,BGM+Med,24.0,39.0,91.0
25699,2013,0,terhadap peserta didik,terhadap peserta didik,,2013,3,33,ok,1,0,0,1.0,SOC,SOC,36.0,36.0,97.0
25724,2008,0,jurisprudence en bref,jurisprud en bref,,2008,3,33,ok,1,0,0,1.0,SOC,SOC,22.0,23.0,45.0
25740,2007,0,artificial fish,artifici fish,,2007,2,22,ok,1,0,0,0.6348484848484849,Eng,CS+Eng,22.0,47.0,95.0
25792,2014,0,l1 expression,l1 express,l1 expressing,2014,2,27,ok,1,0,0,0.6916666666666667,Med,BGM+Med,36.0,184.0,316.0
25819,2005,0,mrs john,mr john,mr john,2005,2,12;27,ok,2,1,0,0.5,SOC,SOC,30.0,12.0,50.0
25827,2011,0,growth of graphene,growth of graphen,,2010,3,22,weak_home,1,0,1,0.34393939393939393,Eng,CS+Eng,34.0,59.0,127.0
25932,2012,0,abidin banda aceh,abidin banda aceh,,2012,3,27,ok,1,0,0,1.0,Med,BGM+Med,55.0,164.0,278.0
26069,2009,0,kemampuan menulis,kemampuan menuli,,2009,2,33,ok,1,0,0,0.9811320754716981,SOC,SOC,88.0,126.0,338.0
26074,2009,0,vacuum sealing drainage,vacuum seal drainag,,2010,3,27,ok,1,0,0,0.9,Med,BGM+Med,22.0,81.0,155.0
26135,2005,0,french competition council,french competit council,,2004,3,33,ok,1,0,0,1.0,SOC,SOC,67.0,99.0,233.0
26223,2012,0,ips terpadu,ip terpadu,,2010,2,33,ok,1,0,0,1.0,SOC,SOC,44.0,90.0,218.0
26242,2011,0,tev pp collisions,tev pp collis,,2011,3,31,ok,1,0,0,1.0,PHYS,PHYS,37.0,28.0,115.0
26249,2014,0,internet of vehicles,internet of vehicl,internet of vehicle,2013,3,22,ok,1,0,0,0.6411764705882352,Eng,CS+Eng,26.0,38.0,89.0
26265,2011,0,estimated state,estim state,estimating state,2011,2,22,ok,1,0,0,0.4444444444444444,Eng,CS+Eng,40.0,83.0,138.0
26285,2006,0,passive rfid,passiv rfid,,2005,2,22,ok,1,0,0,0.8043478260869565,Eng,CS+Eng,23.0,37.0,95.0
26304,2013,0,serta dampaknya pada,serta dampaknya pada,,2012,3,14,ok,1,0,0,0.7166666666666667,SOC,SOC,22.0,68.0,132.0
26387,2011,0,library homepage,librari homepag,library homepages,2011,2,17,ok,1,0,0,1.0,CS,CS+Eng,111.0,54.0,255.0
26468,2013,0,implementasi peraturan,implementasi peraturan,,2013,2,33,ok,1,0,0,0.9506666666666667,SOC,SOC,41.0,84.0,204.0
26482,2006,0,windows live,window live,,2006,2,33,ok,1,0,0,0.9051282051282051,SOC,SOC,29.0,13.0,56.0
26501,2005,0,iodp expedition,iodp expedit,iodp expeditions,2005,2,19,ok,1,0,0,0.9444444444444445,PHYS,PHYS,23.0,14.0,60.0
26561,2005,0,nano to macro,nano to macro,,2005,3,17,weak_home,1,0,1,0.3888888888888889,CS,CS+Eng,22.0,25.0,54.0
26734,2009,0,meningkatkan penguasaan,meningkatkan penguasaan,,2009,2,33,ok,1,0,0,1.0,SOC,SOC,23.0,41.0,113.0
26809,2009,0,meningkatkan hasil belajar,meningkatkan hasil belajar,,2007,3,33,ok,1,0,0,0.9873417721518988,SOC,SOC,267.0,656.0,1636.0
26843,2013,0,life of pi,life of pi,,2013,3,33;12,ok,2,1,0,0.44166666666666665,SOC,SOC,26.0,23.0,83.0
26889,2013,0,penerapan konseling,penerapan konsel,,2013,2,33,ok,1,0,0,1.0,SOC,SOC,55.0,20.0,157.0
26962,2010,0,usia subur,usia subur,,2010,2,27,ok,1,0,0,0.4444444444444444,Med,BGM+Med,25.0,48.0,97.0
27077,2009,0,hasil belajar matematika,hasil belajar matematika,,2010,3,33,ok,1,0,0,0.9923497267759562,SOC,SOC,45.0,154.0,332.0
27245,2009,0,hasil belajar ips,hasil belajar ip,,2010,3,33,ok,1,0,0,1.0,SOC,SOC,22.0,168.0,312.0
27377,2012,0,konsep siswa,konsep siswa,,2013,2,33,ok,1,0,0,1.0,SOC,SOC,22.0,106.0,211.0
27420,2012,0,komite audit,komit audit,,2012,2,14,ok,1,0,0,0.9195402298850575,SOC,SOC,23.0,52.0,113.0
27485,2009,0,kerja studi pada,kerja studi pada,,2009,3,33,ok,1,0,0,1.0,SOC,SOC,25.0,28.0,90.0
27527,2006,0,society membership information,societi membership inform,,2006,3,17,ok,1,0,0,0.9030303030303031,CS,CS+Eng,20.0,7.0,49.0
27533,2007,0,miguel de unamuno,miguel de unamuno,,2009,3,12,ok,1,0,0,0.7921568627450981,SOC,SOC,32.0,159.0,220.0
27574,2006,0,hu jintao,hu jintao,,2007,2,33,ok,1,0,0,0.8866666666666667,SOC,SOC,21.0,27.0,76.0
27595,2013,0,kabupaten pesisir selatan,kabupaten pesisir selatan,,2013,3,33,ok,1,0,0,0.8767123287671232,SOC,SOC,88.0,87.0,252.0
27612,2013,0,bank supplies,bank suppli,bank supply,2013,2,18;27,ok,2,1,0,0.5,MATHDEC,MATHDEC,45.0,1.0,48.0
27627,2004,0,bgh njw,bgh njw,,2004,2,33,ok,1,0,0,1.0,SOC,SOC,53.0,62.0,174.0
27650,2011,0,estudiantes de grado,estudiant de grado,estudiantes de grados,2011,3,33,ok,1,0,0,0.88,SOC,SOC,32.0,60.0,142.0
27734,2014,0,cell rna,cell rna,cells rna,2016,2,13,ok,1,0,0,0.7344444444444443,BGM,BGM+Med,21.0,202.0,263.0
27784,2004,0,antisera expanded hormone,antisera expand hormon,,2004,3,27,ok,1,0,0,0.6470588235294117,Med,BGM+Med,34.0,36.0,103.0
27968,2003,0,special edition theme,special edit theme,,2003,3,33,ok,1,0,0,1.0,SOC,SOC,34.0,43.0,120.0
28076,2010,0,ansys workbench,ansi workbench,,2010,2,22,ok,1,0,0,0.9784313725490196,Eng,CS+Eng,23.0,60.0,121.0
28115,2010,0,citizens united,citizen unit,,2010,2,33,ok,1,0,0,0.8933333333333333,SOC,SOC,55.0,47.0,182.0
28121,2013,0,kabupaten padang pariaman,kabupaten padang pariaman,,2012,3,33,ok,1,0,0,0.8947368421052632,SOC,SOC,51.0,73.0,172.0
28193,2013,0,s1 ison,s1 ison,,2013,2,31,ok,1,0,0,0.8431372549019609,PHYS,PHYS,25.0,10.0,73.0
28336,2014,0,wall imaging,wall imag,wall image|wall images,2016,2,27,ok,1,0,0,0.6280701754385966,Med,BGM+Med,23.0,301.0,349.0
28367,2013,0,kepala desa,kepala desa,,2013,2,33,ok,1,0,0,0.9727272727272728,SOC,SOC,29.0,53.0,138.0
28373,2010,0,meningkatkan pembelajaran,meningkatkan pembelajaran,,2011,2,33,ok,1,0,0,1.0,SOC,SOC,33.0,52.0,219.0
28509,2013,0,hasil belajar lompat,hasil belajar lompat,,2013,3,33,ok,1,0,0,1.0,SOC,SOC,23.0,18.0,67.0
28515,2014,0,industrial usando,industri usando,,2014,2,22,ok,1,0,0,1.0,Eng,CS+Eng,25.0,2.0,28.0
28566,2009,0,toxin research,toxin research,,2009,2,27,ok,1,0,0,0.9642857142857143,Med,BGM+Med,27.0,1.0,29.0
28652,2008,0,equilibrium soft,equilibrium soft,,2008,2,31,ok,1,0,0,1.0,PHYS,PHYS,20.0,1.0,22.0
28843,2009,0,kelas ii sdn,kela ii sdn,,2009,3,33,ok,1,0,0,1.0,SOC,SOC,25.0,55.0,152.0
28970,2008,0,generation biofuels,gener biofuel,generation biofuel,2008,2,22,ok,1,0,0,0.4948717948717949,Eng,CS+Eng,23.0,46.0,96.0
28971,2014,0,checkpoint inhibitors,checkpoint inhibitor,checkpoint inhibitor,2015,2,27,ok,1,0,0,0.7615384615384616,Med,BGM+Med,32.0,243.0,372.0
29027,2014,0,magazine archive,magazin archiv,,2014,2,33,ok,1,0,0,1.0,SOC,SOC,48.0,1.0,50.0
29177,2006,0,asamblea constituyente,asamblea constituyent,asambleas constituyentes,2007,2,33,ok,1,0,0,1.0,SOC,SOC,26.0,18.0,113.0
29183,2013,0,bahan ajar sastra,bahan ajar sastra,,2013,3,33,ok,1,0,0,1.0,SOC,SOC,29.0,28.0,90.0
29191,2007,0,stress on seed,stress on seed,stress on seeds|stresses on seed,2005,3,11,ok,1,0,0,0.7549019607843138,LIFEENV,LIFEENV,30.0,50.0,109.0
29219,2012,0,sequencing ngs,sequenc ng,,2011,2,27,ok,1,0,0,0.7483870967741936,Med,BGM+Med,20.0,39.0,75.0
29267,2004,0,northeast old,northeast old,,2004,2,14,weak_home,1,0,1,0.3543859649122807,SOC,SOC,20.0,30.0,73.0
29278,2013,0,tahun di tk,tahun di tk,,2013,3,33,ok,1,0,0,0.9666666666666667,SOC,SOC,37.0,59.0,141.0
29288,2010,0,resources division,resourc divis,resource division,2010,2,22,ok,1,0,0,1.0,Eng,CS+Eng,118.0,48.0,204.0
29316,2009,0,pembelajaran ipa,pembelajaran ipa,,2009,2,33,ok,1,0,0,1.0,SOC,SOC,38.0,187.0,294.0
29325,2008,0,valley experimental,vallei experiment,,2008,2,23,ok,1,0,0,1.0,LIFEENV,LIFEENV,26.0,1.0,28.0
29544,2007,0,sistem pendukung keputusan,sistem pendukung keputusan,,2008,3,17,ok,1,0,0,0.7222222222222222,CS,CS+Eng,21.0,63.0,168.0
29590,2004,0,cap reform,cap reform,cap reforms,2004,2,11,ok,1,0,0,0.6666666666666666,LIFEENV,LIFEENV,24.0,40.0,83.0
29592,2009,0,seton hall university,seton hall univers,,2009,3,12,ok,1,0,0,1.0,SOC,SOC,138.0,86.0,439.0
29739,2011,0,berbasis web studi,berbasi web studi,,2011,3,17,ok,1,0,0,0.9,CS,CS+Eng,57.0,61.0,160.0
29787,2012,0,pada kpp pratama,pada kpp pratama,,2012,3,14,ok,1,0,0,0.7333333333333333,SOC,SOC,20.0,44.0,98.0
29916,2011,0,royal oak,royal oak,,2011,2,19,ok,1,0,0,1.0,PHYS,PHYS,22.0,29.0,77.0
29995,2014,0,national cancer data,nation cancer data,,2014,3,27,ok,1,0,0,1.0,Med,BGM+Med,55.0,166.0,278.0
30007,2010,0,ipa pada siswa,ipa pada siswa,,2010,3,33,ok,1,0,0,1.0,SOC,SOC,24.0,28.0,79.0
30038,2013,0,eosinophilic granulomatosis,eosinophil granulomatosi,,2013,2,27,ok,1,0,0,0.975,Med,BGM+Med,47.0,66.0,161.0
30048,2005,0,moll op,moll op,,2005,2,33,ok,1,0,0,0.6666666666666666,SOC,SOC,47.0,14.0,72.0
30066,2013,0,weapon sights,weapon sight,weapon sight,2013,2,22,ok,1,0,0,1.0,Eng,CS+Eng,33.0,26.0,62.0
30069,2004,0,allergies nda,allergi nda,,2004,2,11,ok,1,0,0,1.0,LIFEENV,LIFEENV,32.0,7.0,58.0
30084,2005,0,building harmonious,build harmoni,build harmonious|building harmony,2005,2,33,ok,1,0,0,0.6151515151515151,SOC,SOC,32.0,117.0,232.0
30088,2014,0,eurasian integration,eurasian integr,,2014,2,33,ok,1,0,0,0.9,SOC,SOC,25.0,26.0,70.0
30095,2013,0,aktivitas pembelajaran matematika,aktivita pembelajaran matematika,,2013,3,33,ok,1,0,0,1.0,SOC,SOC,24.0,4.0,57.0
30152,2007,0,rp ws,rp w,,2007,2,27,ok,1,0,0,1.0,Med,BGM+Med,23.0,37.0,89.0
30171,2014,0,internet finance,internet financ,,2014,2,14,weak_home,1,0,1,0.391304347826087,SOC,SOC,72.0,28.0,154.0
30206,2009,0,h1n1 vaccine,h1n1 vaccin,h1n1 vaccination|h1n1 vaccines,2009,2,27,ok,1,0,0,0.8936170212765957,Med,BGM+Med,82.0,166.0,382.0
30314,2013,0,jasa keuangan,jasa keuangan,,2012,2,33,ok,1,0,0,0.65,SOC,SOC,30.0,66.0,139.0
30347,2014,0,uk biobank,uk biobank,,2014,2,27,ok,1,0,0,0.6933333333333334,Med,BGM+Med,25.0,63.0,120.0
30373,2013,0,kantor camat,kantor camat,,2013,2,33,ok,1,0,0,0.6833333333333333,SOC,SOC,38.0,66.0,152.0
30405,2007,0,direct renin,direct renin,,2007,2,27,ok,1,0,0,1.0,Med,BGM+Med,23.0,28.0,84.0
30413,2009,0,melalui media,melalui media,,2007,2,33,ok,1,0,0,0.9797979797979798,SOC,SOC,34.0,101.0,201.0
30635,2011,0,date current,date current,,2011,2,33,ok,1,0,0,1.0,SOC,SOC,20.0,4.0,36.0
30636,2012,0,tk aisyiyah,tk aisyiyah,,2012,2,33,ok,1,0,0,0.9666666666666667,SOC,SOC,25.0,70.0,142.0
30679,2010,0,paul society,paul societi,,2010,2,33,ok,1,0,0,1.0,SOC,SOC,114.0,26.0,158.0
30686,2014,0,classification of asassn,classif of asassn,,2014,3,31,ok,1,0,0,1.0,PHYS,PHYS,29.0,55.0,150.0
30757,2013,0,pt pegadaian persero,pt pegadaian persero,,2013,3,14,ok,1,0,0,0.5512820512820513,SOC,SOC,27.0,23.0,74.0
30862,2013,0,dengan keterampilan,dengan keterampilan,,2013,2,33,ok,1,0,0,1.0,SOC,SOC,22.0,40.0,95.0
30874,2008,0,committee hearings,committe hear,committee hearing|committee hears,2008,2,33,ok,1,0,0,0.6666666666666666,SOC,SOC,20.0,122.0,282.0
30879,2007,0,mediziner kunstkolumne,medizin kunstkolumn,,2007,2,27,ok,1,0,0,1.0,Med,BGM+Med,36.0,24.0,87.0
30919,2009,0,head shop,head shop,head shops,2009,2,27,ok,1,0,0,1.0,Med,BGM+Med,42.0,6.0,61.0
31011,2012,0,antimicrobial and anticancer,antimicrobi and anticanc,,2012,3,16,ok,1,0,0,0.6484848484848484,PHYS,PHYS,20.0,33.0,74.0
31037,2011,0,biodiversity an outline,biodivers an outlin,,2011,3,11,ok,1,0,0,1.0,LIFEENV,LIFEENV,45.0,14.0,59.0
31159,2009,0,skynet prompt,skynet prompt,,2009,2,31,ok,1,0,0,1.0,PHYS,PHYS,20.0,1.0,24.0
31224,2014,0,jalan nasional,jalan nasion,,2015,2,22,ok,1,0,0,0.631578947368421,Eng,CS+Eng,23.0,30.0,82.0
31259,2012,0,islam pada,islam pada,,2012,2,33,ok,1,0,0,0.925,SOC,SOC,35.0,50.0,116.0
31309,2011,0,draft genome,draft genom,draft genomes|draft genomic,2012,2,13,ok,1,0,0,0.9682539682539683,BGM,BGM+Med,74.0,411.0,701.0
31462,2006,0,rights council,right council,,2006,2,33,ok,1,0,0,0.9333333333333333,SOC,SOC,25.0,15.0,63.0
31967,2011,0,bath salts,bath salt,bath salt,2011,2,27,ok,1,0,0,0.8408163265306122,Med,BGM+Med,24.0,52.0,143.0
31971,2014,0,figures bibliogr,figur bibliogr,,2014,2,33,ok,1,0,0,1.0,SOC,SOC,29.0,19.0,74.0
31999,2013,0,siswa terhadap hasil,siswa terhadap hasil,,2014,3,33,ok,1,0,0,0.9555555555555555,SOC,SOC,26.0,54.0,118.0
32054,2011,0,tk dharma wanita,tk dharma wanita,,2010,3,33,ok,1,0,0,1.0,SOC,SOC,40.0,39.0,108.0
32100,2012,0,ilmu pengetahuan alam,ilmu pengetahuan alam,,2010,3,33,ok,1,0,0,0.882962962962963,SOC,SOC,28.0,85.0,234.0
32239,2009,0,risk mds,risk md,,2011,2,27,ok,1,0,0,0.9666666666666667,Med,BGM+Med,20.0,54.0,95.0
32360,2009,0,village officials,villag offici,village official,2009,2,33,ok,1,0,0,0.7727272727272727,SOC,SOC,27.0,51.0,141.0
32574,2013,0,ultrathin nanosheets,ultrathin nanosheet,ultrathin nanosheet,2014,2,16,weak_home,1,0,1,0.33999999999999997,PHYS,PHYS,21.0,52.0,105.0
32623,2010,0,dokument elektroniczny,dokument elektroniczni,,2009,2,12,ok,1,0,0,1.0,SOC,SOC,41.0,68.0,145.0
32663,2011,0,blog post,blog post,blog posts,2010,2,33,ok,1,0,0,0.5714285714285714,SOC,SOC,43.0,38.0,126.0
32678,2013,0,studi pada dinas,studi pada dina,,2014,3,33,ok,1,0,0,0.925,SOC,SOC,39.0,95.0,221.0
32738,2004,0,peptides natural hormones,peptid natur hormon,,2004,3,27,ok,1,0,0,0.6470588235294117,Med,BGM+Med,34.0,36.0,103.0
32776,2012,0,decoction in treatment,decoct in treatment,,2012,3,27,ok,1,0,0,0.9245614035087719,Med,BGM+Med,22.0,42.0,115.0
32788,2004,0,spitzer observations,spitzer observ,spitzer observed,2004,2,31,ok,1,0,0,1.0,PHYS,PHYS,21.0,42.0,95.0
32900,2004,0,theory and surrounding,theori and surround,,2004,3,26,ok,1,0,0,0.8181818181818182,MATHDEC,MATHDEC,33.0,20.0,53.0
33005,2009,0,bimbingan dan konseling,bimbingan dan konsel,,2009,3,33,ok,1,0,0,1.0,SOC,SOC,22.0,39.0,103.0
33108,2011,0,didik kelas,didik kela,,2013,2,33,ok,1,0,0,0.888888888888889,SOC,SOC,23.0,114.0,172.0
33136,2004,0,significance of survivin,signific of survivin,,2004,3,27,ok,1,0,0,0.8666666666666667,Med,BGM+Med,21.0,36.0,88.0
33159,2013,0,pengaruh store,pengaruh store,,2012,2,14,ok,1,0,0,0.7727272727272727,SOC,SOC,23.0,43.0,88.0
33286,2014,0,genetics handling,genet handl,,2014,2,11,ok,1,0,0,1.0,LIFEENV,LIFEENV,33.0,18.0,79.0
33382,2013,0,guru bk,guru bk,,2013,2,33,ok,1,0,0,1.0,SOC,SOC,27.0,20.0,65.0
33420,2009,0,function projective,function project,functional project|functional projections|functional projection|functional projects,2011,2,31,ok,1,0,0,0.6,PHYS,PHYS,22.0,35.0,79.0
33497,2013,0,grande guerra,grand guerra,,2014,2,33,ok,1,0,0,0.7875,SOC,SOC,29.0,177.0,326.0
33555,2009,0,pada sma,pada sma,,2009,2,33,ok,1,0,0,0.6291666666666667,SOC,SOC,44.0,67.0,163.0
33563,2009,0,h1n1 flu,h1n1 flu,,2009,2,27,ok,1,0,0,0.6666666666666666,Med,BGM+Med,70.0,32.0,162.0
33582,2013,0,melalui modifikasi,melalui modifikasi,,2013,2,33,ok,1,0,0,0.88,SOC,SOC,22.0,27.0,80.0
33662,2014,0,islamic state,islam state,islam state|islamic states,2012,2,33,ok,1,0,0,0.9655172413793103,SOC,SOC,116.0,301.0,648.0
33674,2008,0,genetic constitution,genet constitut,,2008,2,13,ok,1,0,0,0.9928057553956834,BGM,BGM+Med,140.0,12.0,155.0
33730,2003,0,respiratory syndrome sars,respiratori syndrom sar,,2003,3,27,ok,1,0,0,0.8536585365853658,Med,BGM+Med,145.0,91.0,359.0
33737,2010,0,belajar matematika melalui,belajar matematika melalui,,2010,3,33,ok,1,0,0,0.9904761904761905,SOC,SOC,33.0,53.0,131.0
33738,2005,0,algebra languages,algebra languag,algebras languages|algebraic languages,2005,2,26,ok,1,0,0,0.9878787878787879,MATHDEC,MATHDEC,46.0,37.0,129.0
33821,2012,0,real decreto,real decreto,reales decretos,2014,2,33,ok,1,0,0,0.903030303030303,SOC,SOC,247.0,1097.0,1488.0
33912,2006,0,danish cartoon,danish cartoon,danish cartoons,2006,2,33,ok,1,0,0,0.9444444444444444,SOC,SOC,21.0,4.0,33.0
33978,2006,0,rau hinengaro,rau hinengaro,,2006,2,32,ok,1,0,0,1.0,SOC,SOC,24.0,1.0,25.0
33981,2011,0,tohoku oki earthquake,tohoku oki earthquak,,2011,3,19,ok,1,0,0,0.9677419354838709,PHYS,PHYS,71.0,90.0,249.0
34010,2011,0,kompetensi pedagogik,kompetensi pedagogik,,2011,2,33,ok,1,0,0,0.9,SOC,SOC,25.0,67.0,118.0
34136,2008,0,technology focus,technologi focu,,2008,2,22,ok,1,0,0,1.0,Eng,CS+Eng,35.0,46.0,125.0
34192,2009,0,campus andaluz,campu andaluz,,2009,2,33,ok,1,0,0,1.0,SOC,SOC,27.0,5.0,37.0
34214,2013,0,wujud benda,wujud benda,,2013,2,33,ok,1,0,0,1.0,SOC,SOC,20.0,7.0,35.0
34314,2012,0,berbasis mobile,berbasi mobil,,2013,2,17,ok,1,0,0,0.7888888888888889,CS,CS+Eng,35.0,65.0,164.0
34483,2012,0,multiple breath,multipl breath,,2012,2,27,ok,1,0,0,1.0,Med,BGM+Med,20.0,27.0,57.0
34497,2013,0,kabupaten pelalawan,kabupaten pelalawan,,2012,2,33,ok,1,0,0,0.41818181818181815,SOC,SOC,24.0,62.0,120.0
34612,2012,0,suatu penelitian,suatu penelitian,,2012,2,33,ok,1,0,0,1.0,SOC,SOC,29.0,172.0,266.0
34735,2009,0,buku teks,buku tek,,2009,2,33,ok,1,0,0,0.9578947368421052,SOC,SOC,33.0,31.0,96.0
34755,2008,0,dr moewardi surakarta,dr moewardi surakarta,,2007,3,27;33,ok,2,1,0,0.5,Med,BGM+Med,52.0,52.0,160.0
34765,2013,0,ipa di sekolah,ipa di sekolah,,2013,3,33,ok,1,0,0,0.9310344827586207,SOC,SOC,25.0,37.0,86.0
34796,2013,0,kabupaten melawi,kabupaten melawi,,2013,2,33,ok,1,0,0,0.5222222222222223,SOC,SOC,25.0,25.0,65.0
34797,2009,0,accommodation services,accommod servic,accommodation service,2009,2,32,weak_home,1,0,1,0.3333333333333333,SOC,SOC,20.0,50.0,98.0
34844,2014,0,aceh dalam,aceh dalam,,2014,2,33,ok,1,0,0,0.9523809523809523,SOC,SOC,32.0,44.0,107.0
35020,2004,0,ieee circuits,ieee circuit,,2004,2,22,ok,1,0,0,1.0,Eng,CS+Eng,24.0,19.0,59.0
35067,2008,0,early evaluation program,earli evalu program,,2008,3,27,ok,1,0,0,1.0,Med,BGM+Med,20.0,16.0,47.0
35127,2013,0,solok selatan,solok selatan,,2013,2,33,ok,1,0,0,0.984375,SOC,SOC,73.0,34.0,136.0
35223,2005,0,clinical capsules,clinic capsul,,2005,2,27,ok,1,0,0,1.0,Med,BGM+Med,182.0,35.0,329.0
35266,2009,0,rotterdam rules,rotterdam rule,,2009,2,33,ok,1,0,0,0.6052631578947368,SOC,SOC,59.0,49.0,176.0
35276,2010,0,institutional subscribers,institut subscrib,,2011,2,33,ok,1,0,0,0.8494252873563218,SOC,SOC,24.0,19.0,102.0
35326,2005,0,terhadap harga saham,terhadap harga saham,,2005,3,14,ok,1,0,0,1.0,SOC,SOC,20.0,38.0,74.0
35387,2006,0,cover daftar isi,cover daftar isi,,2006,3,33,ok,1,0,0,1.0,SOC,SOC,29.0,1.0,33.0
35425,2009,0,model pembelajaran problem,model pembelajaran problem,,2009,3,33,ok,1,0,0,0.9933333333333334,SOC,SOC,23.0,61.0,116.0
35653,2013,0,oleh guru,oleh guru,,2013,2,33,ok,1,0,0,0.9555555555555555,SOC,SOC,38.0,66.0,143.0
35805,2009,0,smk ardjuna,smk ardjuna,,2009,2,33,ok,1,0,0,1.0,SOC,SOC,28.0,16.0,68.0
35811,2012,0,myrtle beach,myrtl beach,,2012,2,27;33,ok,2,1,0,0.5,Med,BGM+Med,24.0,80.0,134.0
35843,2004,0,circuits and systems,circuit and system,circuit and system,2004,3,22,ok,1,0,0,0.828125,Eng,CS+Eng,82.0,76.0,252.0
35904,2012,0,h1n1 pdm09 virus,h1n1 pdm09 viru,,2012,3,27,ok,1,0,0,0.9391304347826087,Med,BGM+Med,21.0,19.0,68.0
35943,2010,0,transformation and upgrading,transform and upgrad,transformation and upgrade,2010,3,33,weak_home,1,0,1,0.26666666666666666,SOC,SOC,34.0,55.0,135.0
35965,2009,0,h1n1 infection,h1n1 infect,h1n1 infected|h1n1 infections,2009,2,27,ok,1,0,0,0.7777777777777779,Med,BGM+Med,38.0,129.0,297.0
35986,2011,0,bac pro,bac pro,bacs pros,2011,2,33,ok,1,0,0,1.0,SOC,SOC,107.0,46.0,221.0
36132,2012,0,phys rev d85,phy rev d85,,2012,3,31,ok,1,0,0,1.0,PHYS,PHYS,22.0,1.0,25.0
36157,2013,0,belajar siswa menggunakan,belajar siswa menggunakan,,2013,3,33,ok,1,0,0,0.9583333333333334,SOC,SOC,29.0,57.0,130.0
36158,2014,0,daya dukung pondasi,daya dukung pondasi,,2014,3,22,ok,1,0,0,1.0,Eng,CS+Eng,34.0,25.0,80.0
36168,2009,0,keaktifan siswa,keaktifan siswa,,2009,2,33,ok,1,0,0,1.0,SOC,SOC,27.0,47.0,107.0
36196,2003,0,us product,u product,us production|us productivity|us productive,2003,2,27,ok,1,0,0,0.9129943502824858,Med,BGM+Med,20.0,70.0,151.0
36331,2009,0,pelajaran sejarah,pelajaran sejarah,,2009,2,33,ok,1,0,0,1.0,SOC,SOC,24.0,10.0,50.0
36447,2013,0,konsep matematis siswa,konsep matemati siswa,,2013,3,33,ok,1,0,0,1.0,SOC,SOC,52.0,30.0,109.0
36468,2012,0,berhubungan dengan kejadian,berhubungan dengan kejadian,,2010,3,33,ok,1,0,0,0.5416666666666666,SOC,SOC,35.0,104.0,217.0
36705,2011,0,library data services,librari data servic,,2011,3,17,ok,1,0,0,1.0,CS,CS+Eng,33.0,2.0,36.0
36749,2014,0,syariah terhadap,syariah terhadap,,2014,2,33,ok,1,0,0,0.6626666666666666,SOC,SOC,26.0,54.0,109.0
36851,2007,0,public signs,public sign,public sign,2007,2,33,weak_home,1,0,1,0.31666666666666665,SOC,SOC,23.0,44.0,93.0
36868,2007,0,university budget,univers budget,,2007,2,14,ok,1,0,0,0.6666666666666666,SOC,SOC,20.0,28.0,70.0
36891,2009,0,fiscal stimulus,fiscal stimulu,,2009,2,20,ok,1,0,0,0.889855072463768,SOC,SOC,32.0,17.0,82.0
36902,2004,0,higher vocational institutions,higher vocat institut,higher vocational institutes|higher vocational institute|higher vocational institution,2004,3,17,ok,1,0,0,0.8572649572649573,CS,CS+Eng,26.0,47.0,99.0
36905,2005,0,swift uvot,swift uvot,,2005,2,31,ok,1,0,0,1.0,PHYS,PHYS,84.0,59.0,224.0
37022,2007,0,sick children,sick children,,2009,2,27,ok,1,0,0,0.6166666666666667,Med,BGM+Med,25.0,143.0,199.0
37028,2004,0,ieee antennas,ieee antenna,,2004,2,22,ok,1,0,0,1.0,Eng,CS+Eng,24.0,18.0,67.0
37311,2008,0,multilayer graphene,multilay graphen,multilayered graphene|multilayer graphenes,2010,2,31,ok,1,0,0,0.7777777777777779,PHYS,PHYS,23.0,50.0,92.0
37346,2012,0,pengembangan lembar,pengembangan lembar,,2011,2,33,ok,1,0,0,0.9813333333333333,SOC,SOC,28.0,99.0,200.0
37348,2011,0,pada siswa sekolah,pada siswa sekolah,,2009,3,33,ok,1,0,0,1.0,SOC,SOC,20.0,65.0,111.0
37433,2003,0,sars associated coronavirus,sar associ coronaviru,,2003,3,27,ok,1,0,0,0.7200000000000001,Med,BGM+Med,24.0,31.0,109.0
37559,2009,0,single incision laparoscopic,singl incis laparoscop,,2010,3,27,ok,1,0,0,0.9387755102040816,Med,BGM+Med,51.0,215.0,463.0
37581,2013,0,metode discovery,metod discoveri,,2013,2,33,ok,1,0,0,0.9844444444444443,SOC,SOC,37.0,37.0,110.0
37605,2007,0,forward relaying,forward relai,forward relay|forward relays|forward relayed,2007,2,22,ok,1,0,0,0.7307692307692307,Eng,CS+Eng,23.0,58.0,113.0
37653,2012,0,tlantic salmon,tlantic salmon,,2012,2,24,ok,1,0,0,0.4881720430107527,LIFEENV,LIFEENV,21.0,19.0,73.0
37690,2012,0,ieee xplore digital,ieee xplore digit,,2012,3,22,ok,1,0,0,0.7457627118644068,Eng,CS+Eng,61.0,84.0,262.0
37745,2010,0,combined dosage,combin dosag,combination dosage,2008,2,16,ok,1,0,0,0.9873015873015873,PHYS,PHYS,31.0,66.0,136.0
37824,2005,0,great sumatra,great sumatra,,2005,2,19;22,ok,2,1,0,0.5631578947368421,PHYS,PHYS,20.0,7.0,70.0
37841,2011,0,pkn melalui,pkn melalui,,2010,2,33,ok,1,0,0,1.0,SOC,SOC,42.0,83.0,149.0
37907,2007,0,journals angew chem,journal angew chem,,2007,3,16,ok,1,0,0,1.0,PHYS,PHYS,36.0,51.0,139.0
37908,2010,0,eur spine,eur spine,,2010,2,27,ok,1,0,0,1.0,Med,BGM+Med,35.0,17.0,99.0
38001,2012,0,juan francisco,juan francisco,,2014,2,12,ok,1,0,0,0.6583333333333333,SOC,SOC,22.0,323.0,380.0
38047,2009,0,penjualan di smk,penjualan di smk,,2009,3,33,ok,1,0,0,1.0,SOC,SOC,20.0,4.0,29.0
38053,2004,0,ieee member digital,ieee member digit,,2004,3,22,ok,1,0,0,0.7916666666666666,Eng,CS+Eng,52.0,19.0,101.0
38130,2009,0,dengan model pembelajaran,dengan model pembelajaran,,2009,3,33,ok,1,0,0,0.9592592592592593,SOC,SOC,20.0,47.0,94.0
38385,2012,0,crispr cas,crispr ca,,2013,2,13,ok,1,0,0,0.8658008658008658,BGM,BGM+Med,27.0,119.0,241.0
38419,2006,0,perancangan dan implementasi,perancangan dan implementasi,,2006,3,17,ok,1,0,0,0.75,CS,CS+Eng,26.0,33.0,92.0
38460,2014,0,pada sumur,pada sumur,,2014,2,22,ok,1,0,0,0.47619047619047616,Eng,CS+Eng,52.0,69.0,140.0
38464,2009,0,laparoendoscopic single site,laparoendoscop singl site,,2009,3,27,ok,1,0,0,1.0,Med,BGM+Med,43.0,197.0,365.0
38580,2010,0,sentenza sez,sentenza sez,,2010,2,33,ok,1,0,0,1.0,SOC,SOC,68.0,53.0,250.0
38586,2009,0,pulp lestari,pulp lestari,,2009,2,11,ok,1,0,0,1.0,LIFEENV,LIFEENV,21.0,34.0,77.0
38687,2009,0,aktivitas dan hasil,aktivita dan hasil,,2009,3,33,ok,1,0,0,0.9666666666666667,SOC,SOC,58.0,289.0,459.0
38723,2010,0,frontiers in brain,frontier in brain,,2010,3,33,ok,1,0,0,0.9166666666666666,SOC,SOC,36.0,1.0,38.0
38732,2013,0,tipe jigsaw terhadap,tipe jigsaw terhadap,,2013,3,33,ok,1,0,0,1.0,SOC,SOC,27.0,18.0,67.0
38815,2009,0,paula meehan,paula meehan,,2009,2,12,ok,1,0,0,0.9523809523809523,SOC,SOC,22.0,2.0,25.0
38886,2005,0,rfid system,rfid system,rfid systems,2005,2,22,ok,1,0,0,0.5371428571428571,Eng,CS+Eng,35.0,97.0,189.0
38958,2008,0,arc therapy,arc therapi,,2006,2,27,ok,1,0,0,1.0,Med,BGM+Med,43.0,123.0,271.0
38976,2009,0,simple atomic,simpl atom,simple atoms|simple atom,2009,2,31,ok,1,0,0,0.9666666666666667,PHYS,PHYS,23.0,27.0,51.0
39125,2007,0,addressing climate,address climat,address climate|addresses climate,2007,2,33,weak_home,1,0,1,0.26666666666666666,SOC,SOC,22.0,37.0,87.0
39156,2014,0,raamatu tutvustus,raamatu tutvustu,,2014,2,33,ok,1,0,0,1.0,SOC,SOC,21.0,3.0,30.0
39278,2008,0,global partner,global partner,global partners,2008,2,33;36,ok,2,1,0,0.4,SOC,SOC,30.0,20.0,69.0
39322,2012,0,chromosomal microarray,chromosom microarrai,chromosome microarray|chromosomal microarrays,2012,2,27;13,ok,2,1,0,0.5294117647058824,Med,BGM+Med,37.0,47.0,113.0
39333,2009,0,model teams,model team,model team|modeling team|models team,2009,2,33,ok,1,0,0,0.9256410256410257,SOC,SOC,20.0,24.0,82.0
39573,2010,0,kecamatan bangil kabupaten,kecamatan bangil kabupaten,,2010,3,33,ok,1,0,0,1.0,SOC,SOC,21.0,13.0,45.0
39600,2007,0,like breast,like breast,,2006,2,27,ok,1,0,0,0.778125,Med,BGM+Med,28.0,30.0,94.0
39604,2010,0,analisis kesalahan,analisi kesalahan,,2011,2,33,ok,1,0,0,1.0,SOC,SOC,20.0,46.0,104.0
39701,2006,0,harmonious relationship,harmoni relationship,harmonious relationships|harmony relationship,2006,2,33,ok,1,0,0,0.4242424242424242,SOC,SOC,24.0,40.0,103.0
39707,2005,0,philip roth,philip roth,,2005,2,12,ok,1,0,0,0.7352941176470588,SOC,SOC,38.0,39.0,109.0
39757,2011,0,voorwoord foreword,voorwoord foreword,,2011,2,12,ok,1,0,0,1.0,SOC,SOC,20.0,6.0,30.0
39841,2010,0,nir flare,nir flare,nir flaring,2010,2,31,ok,1,0,0,1.0,PHYS,PHYS,20.0,8.0,41.0
39866,2007,0,pada remaja,pada remaja,,2007,2,33,ok,1,0,0,0.76,SOC,SOC,33.0,82.0,159.0
39890,2014,0,outbreak in west,outbreak in west,outbreaks in west,2014,3,27,ok,1,0,0,0.8083333333333333,Med,BGM+Med,32.0,28.0,96.0
39897,2011,0,semester gasal,semest gasal,,2011,2,33,ok,1,0,0,0.8076923076923077,SOC,SOC,21.0,33.0,74.0
39899,2009,0,land circulation,land circul,,2008,2,33,ok,1,0,0,0.4298245614035088,SOC,SOC,54.0,55.0,160.0
40073,2013,0,lapangan ppl,lapangan ppl,,2013,2,33,ok,1,0,0,0.8,SOC,SOC,132.0,2222.0,4047.0
40095,2007,0,painleve hierarchies,painlev hierarchi,painlev hierarchy|painlev hierarchies,2007,2,26,ok,1,0,0,1.0,MATHDEC,MATHDEC,20.0,3.0,24.0
40132,2008,0,kerja puskesmas,kerja puskesma,,2008,2,23,ok,1,0,0,0.6,LIFEENV,LIFEENV,33.0,90.0,168.0
40168,2011,0,perbedaan hasil belajar,perbedaan hasil belajar,,2009,3,33;17,ok,2,1,0,0.5803030303030303,SOC,SOC,35.0,78.0,166.0
40430,2009,0,pemahaman siswa,pemahaman siswa,,2010,2,33,ok,1,0,0,0.9666666666666667,SOC,SOC,30.0,31.0,90.0
40530,2004,0,enginyeria de vilanova,enginyeria de vilanova,,2004,3,33,ok,1,0,0,1.0,SOC,SOC,28.0,18.0,49.0
40691,2005,0,teachers job,teacher job,teacher job,2006,2,33,ok,1,0,0,0.55,SOC,SOC,20.0,33.0,81.0
40698,2009,0,belajar pada,belajar pada,,2009,2,33,ok,1,0,0,0.9606060606060607,SOC,SOC,71.0,107.0,270.0
40727,2011,0,berbasis web untuk,berbasi web untuk,,2011,3,17,ok,1,0,0,0.7814814814814814,CS,CS+Eng,38.0,53.0,140.0
40834,2011,0,doctrina institucional,doctrina institucion,,2011,2,33,ok,1,0,0,1.0,SOC,SOC,27.0,20.0,62.0
40899,2011,0,great east,great east,,2011,2,33,ok,1,0,0,0.65,SOC,SOC,182.0,469.0,1172.0
40907,2010,0,generation sequencing data,gener sequenc data,generation sequence data,2011,3,13,ok,1,0,0,0.9494949494949495,BGM,BGM+Med,25.0,74.0,144.0
40928,2006,0,crt fed vfd,crt fed vfd,,2006,3,33,ok,1,0,0,1.0,SOC,SOC,35.0,33.0,104.0
40997,2010,0,veterinary journals,veterinari journal,veterinary journal,2010,2,34,ok,1,0,0,0.8571428571428571,LIFEENV,LIFEENV,52.0,49.0,158.0
41074,2003,0,back cover,back cover,back covers,2004,2,22,ok,1,0,0,0.5,Eng,CS+Eng,46.0,238.0,518.0
41388,2012,0,reduced port,reduc port,reduce port|reducing port,2012,2,27,ok,1,0,0,0.7009803921568628,Med,BGM+Med,24.0,40.0,101.0
41532,2004,0,additives flavourings,addit flavour,,2004,2,11,ok,1,0,0,1.0,LIFEENV,LIFEENV,26.0,27.0,90.0
41538,2011,0,former city,former citi,,2011,2,33,ok,1,0,0,1.0,SOC,SOC,28.0,16.0,58.0
41617,2004,0,webcast video,webcast video,,2004,2,27,ok,1,0,0,1.0,Med,BGM+Med,30.0,1.0,40.0
41770,2006,0,academic profession,academ profess,,2006,2,33,ok,1,0,0,1.0,SOC,SOC,37.0,33.0,103.0
41797,2011,0,smart tv,smart tv,smart tvs,2011,2,17,weak_home,1,0,1,0.33999999999999997,CS,CS+Eng,20.0,55.0,112.0
41916,2009,0,swine flu vaccine,swine flu vaccin,swine flu vaccination,2009,3,27,ok,1,0,0,0.44285714285714284,Med,BGM+Med,35.0,8.0,53.0
41941,2011,0,world of reproductive,world of reproduct,,2011,3,27,ok,1,0,0,1.0,Med,BGM+Med,42.0,62.0,169.0
41966,2006,0,kerja pada,kerja pada,,2008,2,14,ok,1,0,0,0.6470588235294118,SOC,SOC,24.0,147.0,211.0
42014,2014,0,ppb collisions,ppb collis,,2014,2,31,ok,1,0,0,1.0,PHYS,PHYS,31.0,25.0,74.0
42029,2011,0,king james bible,king jame bibl,king james bibles,2011,3,12,ok,1,0,0,0.8377777777777777,SOC,SOC,31.0,16.0,72.0
42325,2013,0,estate yang terdaftar,estat yang terdaftar,,2013,3,14,ok,1,0,0,0.9666666666666667,SOC,SOC,22.0,74.0,128.0
42332,2013,0,fakultas ilmu sosial,fakulta ilmu sosial,,2013,3,33,ok,1,0,0,0.9333333333333333,SOC,SOC,23.0,49.0,95.0
42399,2013,0,author profiling,author profil,author profile|author profiles,2013,2,17,ok,1,0,0,0.5745098039215686,CS,CS+Eng,26.0,24.0,67.0
42459,2010,0,grb 100418a,grb 100418a,,2010,2,31,ok,1,0,0,1.0,PHYS,PHYS,30.0,3.0,36.0
42485,2013,0,declined presentation,declin present,,2013,2,27,ok,1,0,0,1.0,Med,BGM+Med,26.0,20.0,68.0
42498,2010,0,iranian efl learners,iranian efl learner,iranian efl learner,2011,3,12,ok,1,0,0,0.8205673758865247,SOC,SOC,29.0,167.0,263.0
42616,2014,0,jian zhu,jian zhu,,2015,2,33,ok,1,0,0,0.625,SOC,SOC,23.0,147.0,312.0
42629,2013,0,miskonsepsi siswa,miskonsepsi siswa,,2012,2,33,ok,1,0,0,1.0,SOC,SOC,35.0,63.0,145.0
42632,2005,0,free piezoelectric ceramics,free piezoelectr ceram,free piezoelectric ceramic,2005,3,22,ok,1,0,0,0.5944444444444444,Eng,CS+Eng,22.0,60.0,109.0
42640,2011,0,arab spring,arab spring,arab springs|arabic spring,2011,2,33,ok,1,0,0,0.9385964912280702,SOC,SOC,208.0,411.0,1046.0
42656,2009,0,pandemic h1n1,pandem h1n1,,2009,2,27,ok,1,0,0,0.8901098901098902,Med,BGM+Med,128.0,396.0,961.0
42689,2006,0,pada bank,pada bank,,2008,2,14,ok,1,0,0,0.75,SOC,SOC,31.0,156.0,228.0
42696,2008,0,fermi gbm detection,fermi gbm detect,,2008,3,31,ok,1,0,0,1.0,PHYS,PHYS,54.0,28.0,203.0
42716,2009,0,substantiation of health,substanti of health,,2009,3,11,ok,1,0,0,1.0,LIFEENV,LIFEENV,94.0,142.0,343.0
42727,2012,0,kabupaten kudus,kabupaten kudu,,2012,2,33,weak_home,1,0,1,0.39761904761904765,SOC,SOC,42.0,90.0,214.0
42745,2012,0,rhetoric of written,rhetor of written,,2012,3,12,ok,1,0,0,1.0,SOC,SOC,48.0,33.0,99.0
42782,2007,0,uhf rfid,uhf rfid,,2005,2,22,ok,1,0,0,0.5952380952380952,Eng,CS+Eng,64.0,113.0,274.0
42785,2009,0,sekolah dasar negeri,sekolah dasar negeri,,2009,3,33,ok,1,0,0,0.8816666666666666,SOC,SOC,44.0,87.0,204.0
42831,2007,0,applied electromagnetics,appli electromagnet,applied electromagnetic|applying electromagnetic,2007,2,22,ok,1,0,0,0.9,Eng,CS+Eng,83.0,63.0,150.0
42864,2013,0,perjanjian jual beli,perjanjian jual beli,,2013,3,33,ok,1,0,0,0.9825396825396825,SOC,SOC,21.0,40.0,77.0
42887,2008,0,reviews livres nouveaux,review livr nouveaux,,2008,3,27,ok,1,0,0,1.0,Med,BGM+Med,286.0,12.0,458.0
43053,2010,0,qr code,qr code,qr codes|qr coded,2010,2,22,weak_home,1,0,1,0.35510204081632657,Eng,CS+Eng,42.0,135.0,283.0
43115,2014,0,structured teaching programme,structur teach programm,,2014,3,27,ok,1,0,0,0.40606060606060607,Med,BGM+Med,42.0,75.0,197.0
43168,2013,0,prokrastinasi akademik,prokrastinasi akademik,,2013,2,33,ok,1,0,0,0.9666666666666667,SOC,SOC,32.0,52.0,121.0
43350,2006,0,enfermedad renal,enfermedad renal,enfermedades renales,2006,2,27,ok,1,0,0,0.9541666666666667,Med,BGM+Med,33.0,65.0,145.0
43447,2012,0,ciudades inteligentes,ciudad inteligent,ciudad inteligente,2012,2,33,ok,1,0,0,0.6923076923076923,SOC,SOC,21.0,26.0,55.0
43469,2010,0,karanganyar tahun,karanganyar tahun,,2011,2,36,ok,1,0,0,0.7142857142857143,Med,BGM+Med,45.0,77.0,185.0
43477,2010,0,lte system,lte system,lte systems,2010,2,22,ok,1,0,0,0.775,Eng,CS+Eng,51.0,56.0,170.0
43490,2012,0,kabupaten aceh besar,kabupaten aceh besar,,2011,3,33,ok,1,0,0,0.44285714285714284,SOC,SOC,30.0,174.0,293.0
43527,2014,0,silk road economic,silk road econom,,2014,3,33,ok,1,0,0,0.7,SOC,SOC,50.0,42.0,170.0
43536,2011,0,experts highlight,expert highlight,expert highlights|experts highlights,2011,2,27,ok,1,0,0,1.0,Med,BGM+Med,20.0,51.0,121.0
43678,2009,0,phenacoccus solenopsis,phenacoccu solenopsi,,2009,2,11,ok,1,0,0,1.0,LIFEENV,LIFEENV,20.0,33.0,87.0
43738,2009,0,implementasi pembelajaran,implementasi pembelajaran,,2009,2,33,ok,1,0,0,0.9666666666666667,SOC,SOC,44.0,39.0,132.0
43897,2004,0,project agreement,project agreement,project agreements,2004,2,21,ok,1,0,0,1.0,PHYS,PHYS,49.0,67.0,183.0
43899,2003,0,line version,line version,line versions,2003,2,28,ok,1,0,0,1.0,LIFEENV,LIFEENV,30.0,17.0,50.0
43982,2009,0,model think pair,model think pair,,2009,3,33,ok,1,0,0,1.0,SOC,SOC,26.0,34.0,93.0
44136,2011,0,coli o104,coli o104,,2011,2,27,ok,1,0,0,0.9,Med,BGM+Med,47.0,28.0,119.0
44232,2013,0,siswa tunagrahita,siswa tunagrahita,,2014,2,33,ok,1,0,0,0.9666666666666667,SOC,SOC,23.0,70.0,139.0
44315,2008,0,financiera internacional,financiera internacion,,2008,2,33,ok,1,0,0,0.7916666666666666,SOC,SOC,24.0,24.0,99.0
44342,2005,0,independent college,independ colleg,independent colleges|independence college,2004,2,33,ok,1,0,0,0.5333333333333333,SOC,SOC,26.0,69.0,135.0
44494,2004,0,instructor note,instructor note,instructors notes,2004,2,14,ok,1,0,0,1.0,SOC,SOC,37.0,32.0,101.0
44622,2005,0,presentation soft,present soft,,2005,2,33,ok,1,0,0,0.6666666666666666,SOC,SOC,64.0,1.0,65.0
44644,2012,0,costa concordia,costa concordia,,2012,2,33,ok,1,0,0,0.5384615384615384,SOC,SOC,34.0,10.0,64.0
44696,2011,0,circulation clinical summaries,circul clinic summari,,2011,3,27,ok,1,0,0,1.0,Med,BGM+Med,49.0,49.0,148.0
44709,2014,0,jaminan kesehatan nasional,jaminan kesehatan nasion,,2014,3,33,ok,1,0,0,0.6619047619047619,SOC,SOC,28.0,89.0,208.0
44776,2014,0,kabupaten kutai timur,kabupaten kutai timur,,2013,3,33,ok,1,0,0,0.5115646258503401,SOC,SOC,23.0,101.0,182.0
44920,2008,0,academic success,academ success,academically successful|academic successes,2010,2,33,ok,1,0,0,0.6756756756756757,SOC,SOC,77.0,617.0,786.0
44942,2008,0,pengetahuan dan sikap,pengetahuan dan sikap,,2008,3,33,weak_home,1,0,1,0.375,SOC,SOC,22.0,64.0,119.0
44951,2012,0,device communications,devic commun,device communication|devices communication,2014,2,22,ok,1,0,0,0.6246376811594203,Eng,CS+Eng,20.0,84.0,140.0
44954,2004,0,ieee computer society,ieee comput societi,,2004,3,17,ok,1,0,0,0.7727272727272728,CS,CS+Eng,68.0,155.0,248.0
44972,2006,0,island methylator phenotype,island methyl phenotyp,,2006,3,27,ok,1,0,0,0.662962962962963,Med,BGM+Med,24.0,25.0,67.0
45035,2010,0,metode bermain,metod bermain,,2010,2,33,ok,1,0,0,1.0,SOC,SOC,27.0,85.0,156.0
45073,2014,0,calreticulin mutations,calreticulin mutat,calreticulin mutation,2014,2,27,ok,1,0,0,0.9677419354838709,Med,BGM+Med,32.0,15.0,60.0
45109,2011,0,pengembangan multimedia,pengembangan multimedia,,2011,2,33,ok,1,0,0,0.9742424242424242,SOC,SOC,20.0,82.0,141.0
45111,2004,0,old industrial base,old industri base,old industrial bases|old industry base,2004,3,22,weak_home,1,0,1,0.3050847457627119,Eng,CS+Eng,95.0,72.0,262.0
45178,2007,0,universitas muhammadiyah,universita muhammadiyah,,2006,2,14,weak_home,1,0,1,0.3648148148148148,SOC,SOC,35.0,70.0,158.0
45190,2008,0,groups and algebraic,group and algebra,groups and algebras,2008,3,26,ok,1,0,0,1.0,MATHDEC,MATHDEC,40.0,43.0,84.0
45212,2004,0,bulk heterojunction,bulk heterojunct,bulk heterojunctions,2004,2,22,ok,1,0,0,0.5,Eng,CS+Eng,25.0,57.0,118.0
45343,2010,0,sociala medier,sociala medier,,2010,2,33,ok,1,0,0,1.0,SOC,SOC,37.0,53.0,134.0
45354,2011,0,polyangiitis wegener,polyangi wegen,,2011,2,27,ok,1,0,0,0.9297619047619048,Med,BGM+Med,27.0,54.0,113.0
45414,2011,0,prophylaxis for hiv,prophylaxi for hiv,,2011,3,27,ok,1,0,0,0.8901960784313725,Med,BGM+Med,21.0,33.0,83.0
45417,2013,0,plaasbestuur finansies,plaasbestuur finansi,,2013,2,33,ok,1,0,0,1.0,SOC,SOC,22.0,20.0,68.0
45434,2006,0,light photocatalytic,light photocatalyt,,2006,2,25,weak_home,1,0,1,0.3608695652173913,PHYS,PHYS,26.0,42.0,95.0
45475,2014,0,2d materials,2d materi,2d material,2015,2,31,ok,1,0,0,0.4,PHYS,PHYS,26.0,138.0,243.0
45486,2008,0,persero cabang,persero cabang,,2006,2,14;33,ok,2,1,0,0.5,SOC,SOC,64.0,31.0,134.0
45545,2013,0,boston de gruyter,boston de gruyter,,2013,3,12,ok,1,0,0,0.9230769230769231,SOC,SOC,47.0,49.0,139.0
45808,2007,0,college ms,colleg m,,2007,2,12,ok,1,0,0,1.0,SOC,SOC,66.0,208.0,488.0
45905,2012,0,rsup dr kariadi,rsup dr kariadi,,2012,3,27,ok,1,0,0,0.72,Med,BGM+Med,38.0,46.0,130.0
45908,2008,0,bluetongue virus serotype,bluetongu viru serotyp,bluetongue virus serotypes,2008,3,27,ok,1,0,0,0.5771929824561404,Med,BGM+Med,28.0,49.0,96.0
45978,2004,0,spect ct,spect ct,,2003,2,27,ok,1,0,0,0.86,Med,BGM+Med,22.0,74.0,132.0
45987,2006,0,unmanned aircraft,unman aircraft,unmanned aircrafts,2004,2,22,ok,1,0,0,0.7924242424242425,Eng,CS+Eng,20.0,44.0,99.0
46026,2012,0,status gizi dengan,statu gizi dengan,,2012,3,27,ok,1,0,0,0.4166666666666667,Med,BGM+Med,32.0,42.0,106.0
46169,2011,0,higher level classification,higher level classif,,2011,3,11,ok,1,0,0,1.0,LIFEENV,LIFEENV,47.0,16.0,65.0
46173,2014,0,oxide rgo,oxid rgo,,2014,2,22,ok,1,0,0,0.6444444444444444,Eng,CS+Eng,22.0,36.0,85.0
46183,2006,0,light extraction,light extract,,2006,2,22,ok,1,0,0,0.7611111111111111,Eng,CS+Eng,46.0,61.0,145.0
46296,2009,0,lissabon urteil,lissabon urteil,,2010,2,33,ok,1,0,0,1.0,SOC,SOC,24.0,4.0,45.0
46346,2012,0,braf inhibitor,braf inhibitor,braf inhibitors,2012,2,27,ok,1,0,0,0.8085106382978723,Med,BGM+Med,61.0,90.0,235.0
46438,2012,0,journal of engineering,journal of engin,,2012,3,22,ok,1,0,0,0.9570776255707762,Eng,CS+Eng,34.0,136.0,189.0
46482,2013,0,wwwforeurope working,wwwforeurop work,,2013,2,33,ok,1,0,0,0.9574468085106383,SOC,SOC,47.0,31.0,101.0
46598,2011,0,related aspects sft2010,relat aspect sft2010,,2011,3,31,ok,1,0,0,1.0,PHYS,PHYS,32.0,1.0,33.0
46671,2008,0,intravitreal ranibizumab,intravitr ranibizumab,intravitreous ranibizumab,2008,2,27,ok,1,0,0,1.0,Med,BGM+Med,30.0,76.0,155.0
46792,2009,0,pengembangan media pembelajaran,pengembangan media pembelajaran,,2009,3,33,ok,1,0,0,0.8666666666666667,SOC,SOC,25.0,90.0,160.0
46812,2013,0,kabupaten ketapang,kabupaten ketapang,,2013,2,33,ok,1,0,0,0.7219047619047619,SOC,SOC,33.0,49.0,129.0
46882,2009,0,pb pb collisions,pb pb collis,,2011,3,31,ok,1,0,0,0.9297101449275362,PHYS,PHYS,20.0,107.0,142.0
46916,2010,0,cancer literature,cancer literatur,,2011,2,13,ok,1,0,0,0.9358974358974359,BGM,BGM+Med,21.0,30.0,79.0
46995,2007,0,perusahaan terhadap,perusahaan terhadap,,2007,2,14,ok,1,0,0,0.95,SOC,SOC,24.0,54.0,120.0
47012,2013,0,pelaku usaha,pelaku usaha,,2013,2,33,ok,1,0,0,0.8200000000000001,SOC,SOC,43.0,65.0,159.0
47013,2003,0,sars patients,sar patient,sars patient,2003,2,27,ok,1,0,0,0.75,Med,BGM+Med,98.0,52.0,273.0
47021,2013,0,pengaruh experiential marketing,pengaruh experienti market,,2013,3,14,ok,1,0,0,0.88,SOC,SOC,22.0,22.0,59.0
47076,2009,0,experimental ageing,experiment ag,experimental aging,2009,2,27,ok,1,0,0,0.9666666666666667,Med,BGM+Med,31.0,1.0,34.0
47262,2011,0,favorite mistake,favorit mistak,,2012,2,33,ok,1,0,0,1.0,SOC,SOC,20.0,2.0,56.0
47276,2012,0,bimbingan kelompok,bimbingan kelompok,,2010,2,33,ok,1,0,0,1.0,SOC,SOC,27.0,70.0,201.0
47310,2012,0,hl lhc,hl lhc,,2012,2,31,ok,1,0,0,0.8777777777777779,PHYS,PHYS,34.0,95.0,173.0
47316,2012,0,spectroscopic classification,spectroscop classif,spectroscopic classifications,2012,2,31,ok,1,0,0,1.0,PHYS,PHYS,43.0,105.0,195.0
47361,2007,0,kabupaten malang,kabupaten malang,,2009,2,11,ok,1,0,0,0.5666666666666667,LIFEENV,LIFEENV,28.0,137.0,199.0
47421,2013,0,asas sn discovery,asa sn discoveri,,2013,3,31,ok,1,0,0,1.0,PHYS,PHYS,26.0,155.0,265.0
47460,2014,0,checkpoint blockade,checkpoint blockad,checkpoint blockades,2015,2,27,ok,1,0,0,0.8,Med,BGM+Med,37.0,131.0,241.0
47504,2014,0,magna carta,magna carta,,2015,2,33,ok,1,0,0,0.9197530864197531,SOC,SOC,20.0,97.0,235.0
47534,2013,0,universitas syiah kuala,universita syiah kuala,,2012,3,33,ok,1,0,0,1.0,SOC,SOC,38.0,79.0,200.0
47573,2007,0,place on earth,place on earth,places on earth,2007,3,19,ok,1,0,0,0.5,PHYS,PHYS,22.0,6.0,32.0
47672,2010,0,smart energy,smart energi,,2010,2,22,ok,1,0,0,0.6518518518518519,Eng,CS+Eng,26.0,29.0,80.0
47696,2006,0,meticillin resistant staphylococcus,meticillin resist staphylococcu,,2006,3,27,ok,1,0,0,1.0,Med,BGM+Med,49.0,82.0,170.0
47802,2011,0,concilio vaticano ii,concilio vaticano ii,,2012,3,33,ok,1,0,0,0.7058823529411764,SOC,SOC,34.0,113.0,248.0
47906,2012,0,schmallenberg virus,schmallenberg viru,,2012,2,27,ok,1,0,0,0.65625,Med,BGM+Med,104.0,73.0,271.0
47936,2012,0,flow of nanofluid,flow of nanofluid,flow of nanofluids,2013,3,22,ok,1,0,0,0.6555555555555556,Eng,CS+Eng,21.0,55.0,98.0
47990,2014,0,nasa astronaut,nasa astronaut,nasa astronauts,2014,2,31,ok,1,0,0,1.0,PHYS,PHYS,29.0,130.0,226.0
48074,2008,0,acer aspire,acer aspir,,2008,2,33,ok,1,0,0,0.9259259259259259,SOC,SOC,26.0,25.0,81.0
48209,2004,0,processing edics,process edic,,2004,2,17,ok,1,0,0,1.0,CS,CS+Eng,23.0,33.0,77.0
48398,2008,0,biophysical society,biophys societi,,2008,2,13,ok,1,0,0,0.9855072463768116,BGM,BGM+Med,139.0,189.0,502.0
48437,2009,0,melalui strategi,melalui strategi,,2010,2,33,ok,1,0,0,0.8777777777777779,SOC,SOC,23.0,84.0,145.0
48498,2012,0,kabupaten pohuwato,kabupaten pohuwato,,2012,2,33,ok,1,0,0,0.9666666666666667,SOC,SOC,22.0,75.0,141.0
48606,2009,0,melamine in milk,melamin in milk,,2009,3,11,weak_home,1,0,1,0.3222222222222222,LIFEENV,LIFEENV,37.0,25.0,93.0
48636,2005,0,hemiptera psyllidae,hemiptera psyllida,,2005,2,11,ok,1,0,0,0.9,LIFEENV,LIFEENV,22.0,31.0,79.0
48689,2010,0,sweet life,sweet life,,2010,2,13,ok,1,0,0,0.6,BGM,BGM+Med,102.0,82.0,213.0
48884,2003,0,direct financial interest,direct financi interest,,2003,3,27,ok,1,0,0,1.0,Med,BGM+Med,198.0,1.0,356.0
48915,2011,0,extended summaries,extend summari,extended summary,2011,2,22,ok,1,0,0,1.0,Eng,CS+Eng,41.0,66.0,180.0
48924,2005,0,registration required,registr requir,registration requirements|registration requirement,2005,2,27,ok,1,0,0,0.9598484848484848,Med,BGM+Med,21.0,27.0,100.0
48943,2009,0,sma laboratorium,sma laboratorium,,2009,2,33,ok,1,0,0,0.9666666666666667,SOC,SOC,35.0,36.0,114.0
49042,2007,0,constructing skill,construct skill,construction skill|constructional skill|constructing skills|construction skills|constructive skills,2007,2,22,ok,1,0,0,0.9848484848484849,Eng,CS+Eng,70.0,30.0,111.0
49074,2005,0,amendment regulations,amend regul,amendment regulation|amendments regulations,2005,2,33,ok,1,0,0,1.0,SOC,SOC,597.0,75.0,771.0
49119,2014,0,maker space,maker space,maker spaces,2014,2,17,ok,1,0,0,0.4444444444444444,CS,CS+Eng,22.0,14.0,40.0
49191,2005,0,themen heft,themen heft,,2005,2,22,ok,1,0,0,1.0,Eng,CS+Eng,21.0,17.0,56.0
49226,2009,0,motivasi berprestasi,motivasi berprestasi,,2007,2,33,ok,1,0,0,0.9565217391304348,SOC,SOC,51.0,73.0,176.0
49235,2011,0,dilma rousseff,dilma rousseff,,2012,2,33,ok,1,0,0,0.7666666666666667,SOC,SOC,21.0,20.0,61.0
49353,2009,0,nonlinear fractional differential,nonlinear fraction differenti,,2008,3,26,ok,1,0,0,0.7529411764705881,MATHDEC,MATHDEC,27.0,58.0,109.0
49453,2013,0,ipr policy,ipr polici,,2013,2,20,ok,1,0,0,1.0,SOC,SOC,20.0,6.0,36.0
49463,2008,0,gigi pada,gigi pada,,2010,2,35,ok,1,0,0,1.0,Med,BGM+Med,26.0,11.0,41.0
49720,2014,0,dana desa,dana desa,,2013,2,33,ok,1,0,0,0.7888888888888889,SOC,SOC,20.0,82.0,146.0
49775,2014,0,ebola response,ebola respons,,2014,2,27,ok,1,0,0,0.4814814814814815,Med,BGM+Med,29.0,14.0,68.0
49843,2012,0,hyperbolic metamaterials,hyperbol metamateri,hyperbolic metamaterial,2012,2,22;31,ok,2,1,0,0.5078431372549019,Eng,CS+Eng,26.0,64.0,130.0
49844,2005,0,post tsunami,post tsunami,,2005,2,33,weak_home,1,0,1,0.38,SOC,SOC,41.0,38.0,127.0
50005,2014,0,riesgo otras entidades,riesgo otra entidad,,2014,3,33,ok,1,0,0,1.0,SOC,SOC,51.0,1.0,71.0
50054,2011,0,unit pelaksana teknis,unit pelaksana tekni,,2011,3,33,ok,1,0,0,0.5833333333333334,SOC,SOC,24.0,40.0,81.0
50126,2005,0,iraqi patients,iraqi patient,iraqi patient,2005,2,27,ok,1,0,0,0.927536231884058,Med,BGM+Med,21.0,24.0,63.0
50127,2013,0,belajar dan hasil,belajar dan hasil,,2011,3,33,ok,1,0,0,0.9666666666666667,SOC,SOC,25.0,63.0,116.0
50188,2012,0,patient engagement,patient engag,patients engaged|patients engagement|patients engaging,2010,2,27,weak_home,1,0,1,0.397037037037037,Med,BGM+Med,31.0,84.0,193.0
50202,2007,0,anonymous poems,anonym poem,,2007,2,12,ok,1,0,0,1.0,SOC,SOC,52.0,16.0,68.0
50224,2008,0,penerapan pembelajaran,penerapan pembelajaran,,2009,2,33,ok,1,0,0,0.944186046511628,SOC,SOC,24.0,477.0,862.0
50309,2008,0,science notebook,scienc notebook,science notebooks,2008,2,33,ok,1,0,0,1.0,SOC,SOC,20.0,28.0,75.0
50315,2010,0,media benda,media benda,,2010,2,33,ok,1,0,0,1.0,SOC,SOC,22.0,9.0,39.0
50375,2007,0,graph cuts,graph cut,graph cut,2006,2,17,ok,1,0,0,0.6354166666666666,CS,CS+Eng,35.0,62.0,144.0
50410,2013,0,android dengan,android dengan,,2013,2,17,ok,1,0,0,0.9351851851851852,CS,CS+Eng,24.0,40.0,84.0
50421,2012,0,efektivitas model,efektivita model,,2012,2,33,ok,1,0,0,0.9933333333333334,SOC,SOC,36.0,84.0,208.0
50465,2007,0,kerja dengan,kerja dengan,,2007,2,33,ok,1,0,0,0.875,SOC,SOC,21.0,50.0,119.0
50496,2004,0,deceased donor,deceas donor,deceased donors,2004,2,27,ok,1,0,0,0.935483870967742,Med,BGM+Med,33.0,53.0,122.0
50530,2014,0,kabupaten polewali mandar,kabupaten polewali mandar,,2016,3,33,ok,1,0,0,0.75,SOC,SOC,21.0,40.0,69.0
50599,2013,0,xi jinping,xi jinp,,2013,2,33,ok,1,0,0,0.972972972972973,SOC,SOC,35.0,130.0,220.0
50638,2012,0,ici rs,ici r,,2012,2,27,ok,1,0,0,1.0,Med,BGM+Med,21.0,13.0,34.0
50665,2012,0,historyczno geograficznego mazowsza,historyczno geograficznego mazowsza,,2012,3,12,ok,1,0,0,1.0,SOC,SOC,34.0,8.0,67.0
50679,2011,0,graphene nanoplatelets,graphen nanoplatelet,graphene nanoplatelet,2012,2,25;22,ok,2,1,0,0.5533333333333333,PHYS,PHYS,20.0,82.0,157.0
50739,2011,0,private cloud,privat cloud,private clouds,2010,2,17,ok,1,0,0,0.5985507246376811,CS,CS+Eng,37.0,67.0,152.0
50765,2013,0,berbantuan media,berbantuan media,,2011,2,33,ok,1,0,0,1.0,SOC,SOC,35.0,91.0,188.0
50812,2008,0,pada toko,pada toko,,2008,2,33;17,ok,2,1,0,0.5,SOC,SOC,20.0,27.0,67.0
50951,2014,0,cabang banda aceh,cabang banda aceh,,2014,3,14,ok,1,0,0,0.6666666666666666,SOC,SOC,39.0,46.0,119.0
51010,2013,0,materi perubahan,materi perubahan,,2013,2,33,ok,1,0,0,1.0,SOC,SOC,29.0,15.0,70.0
51050,2013,0,elsa brasil,elsa brasil,,2013,2,36;27,ok,2,1,0,0.4666666666666667,Med,BGM+Med,52.0,44.0,124.0
51167,2013,0,konseling behavioral,konsel behavior,,2013,2,33,ok,1,0,0,1.0,SOC,SOC,25.0,9.0,82.0
51255,2006,0,dosidicus gigas,dosidicu giga,,2006,2,23,ok,1,0,0,0.6561403508771929,LIFEENV,LIFEENV,25.0,29.0,65.0
51259,2013,0,presupuestos generales,presupuesto general,,2014,2,33,ok,1,0,0,0.9333333333333333,SOC,SOC,22.0,281.0,733.0
51408,2006,0,composite right,composit right,,2006,2,22,ok,1,0,0,0.9375,Eng,CS+Eng,36.0,53.0,125.0
51410,2007,0,tratado de lisboa,tratado de lisboa,,2007,3,33,ok,1,0,0,1.0,SOC,SOC,27.0,103.0,218.0
51496,2006,0,bevacizumab avastin,bevacizumab avastin,bevacizumabe avastin,2005,2,27,ok,1,0,0,0.9850746268656716,Med,BGM+Med,69.0,141.0,365.0
51506,2006,0,commercial bribery,commerci briberi,commercial briberies,2006,2,33,ok,1,0,0,0.65,SOC,SOC,25.0,14.0,83.0
51580,2012,0,anticoagulants for stroke,anticoagul for stroke,anticoagulation for stroke|anticoagulant for stroke,2012,3,27,ok,1,0,0,0.9797101449275362,Med,BGM+Med,20.0,20.0,68.0
51758,2003,0,state of play,state of plai,,2005,3,33,ok,1,0,0,0.5121212121212121,SOC,SOC,20.0,62.0,103.0
51846,2011,0,timbal pb,timbal pb,,2013,2,11,ok,1,0,0,0.592,LIFEENV,LIFEENV,21.0,73.0,137.0
51848,2014,0,glucosamina sulfato,glucosamina sulfato,,2014,2,27,ok,1,0,0,1.0,Med,BGM+Med,202.0,1.0,204.0
52053,2014,0,summer student,summer student,summer students,2014,2,31,ok,1,0,0,0.75,PHYS,PHYS,62.0,62.0,188.0
52090,2013,0,hasil belajar keterampilan,hasil belajar keterampilan,,2013,3,33,ok,1,0,0,1.0,SOC,SOC,29.0,29.0,88.0
52094,2004,0,sequential therapy,sequenti therapi,sequential therapies,2004,2,27,ok,1,0,0,0.8566666666666667,Med,BGM+Med,36.0,44.0,117.0
52142,2004,0,grid resource,grid resourc,grid resources,2005,2,17,ok,1,0,0,0.74,CS,CS+Eng,21.0,75.0,130.0
52186,2005,0,evaluasi kinerja,evaluasi kinerja,,2005,2,14,weak_home,1,0,1,0.3333333333333333,SOC,SOC,22.0,35.0,77.0
52299,2013,0,studi putusan,studi putusan,,2014,2,33,ok,1,0,0,1.0,SOC,SOC,31.0,97.0,185.0
52454,2006,0,self innovation,self innov,self innovative,2006,2,14,weak_home,1,0,1,0.25555555555555554,SOC,SOC,29.0,19.0,83.0
52543,2004,0,economic census,econom censu,,2004,2,33,ok,1,0,0,0.75,SOC,SOC,54.0,8.0,64.0
52549,2013,0,sekretariat daerah kabupaten,sekretariat daerah kabupaten,,2013,3,33,ok,1,0,0,0.6982456140350877,SOC,SOC,24.0,41.0,83.0
52585,2007,0,ying yu,ying yu,,2007,2,27,weak_home,1,0,1,0.3333333333333333,Med,BGM+Med,24.0,56.0,139.0
52621,2013,0,enjuiciamiento civil,enjuiciamiento civil,,2014,2,33,ok,1,0,0,0.9965949820788531,SOC,SOC,32.0,112.0,341.0
52670,2013,0,metal dichalcogenides,metal dichalcogenid,metal dichalcogenide,2013,2,31,ok,1,0,0,0.46,PHYS,PHYS,70.0,266.0,508.0
52740,2011,0,arab revolutions,arab revolut,arab revolution,2012,2,33,ok,1,0,0,0.9583333333333334,SOC,SOC,29.0,21.0,105.0
52829,2010,0,library legal,librari legal,libraries legal,2010,2,17,ok,1,0,0,0.75,CS,CS+Eng,22.0,27.0,77.0
52890,2012,0,banda aceh tahun,banda aceh tahun,,2011,3,33,ok,1,0,0,0.8571428571428571,SOC,SOC,38.0,220.0,352.0
52918,2010,0,twelfth five year,twelfth five year,twelfth five years,2010,3,22,ok,1,0,0,0.6756756756756757,Eng,CS+Eng,48.0,61.0,275.0
52969,2009,0,smk pgri,smk pgri,,2009,2,33,ok,1,0,0,0.9536231884057972,SOC,SOC,62.0,69.0,197.0
53026,2013,0,siswa ekstrakurikuler,siswa ekstrakurikul,,2013,2,33,ok,1,0,0,0.7,SOC,SOC,22.0,19.0,55.0
53048,2009,0,recovery and reinvestment,recoveri and reinvest,,2009,3,33,ok,1,0,0,0.44166666666666665,SOC,SOC,65.0,82.0,175.0
53055,2008,0,vertrag von lissabon,vertrag von lissabon,,2008,3,33,ok,1,0,0,1.0,SOC,SOC,25.0,35.0,76.0
53095,2012,0,heart team,heart team,,2012,2,27,ok,1,0,0,0.9783333333333334,Med,BGM+Med,23.0,21.0,64.0
53468,2005,0,berbasis mikrokontroler,berbasi mikrokontrol,berbasis mikrokontroller,2005,2,22,ok,1,0,0,0.7407407407407407,Eng,CS+Eng,20.0,31.0,72.0
53559,2014,0,map and processing,map and process,,2014,3,22,ok,1,0,0,1.0,Eng,CS+Eng,29.0,376.0,428.0
53565,2011,0,student profiles,student profil,student profile|students profiles|students profile|student profiling,2013,2,12,ok,1,0,0,0.4782608695652174,SOC,SOC,20.0,129.0,164.0
53612,2005,0,katrina and rita,katrina and rita,,2005,3,33,ok,1,0,0,0.44959349593495934,SOC,SOC,25.0,61.0,122.0
53637,2008,0,food crisis,food crisi,,2008,2,33,ok,1,0,0,0.6666666666666666,SOC,SOC,96.0,59.0,257.0
53652,2013,0,grb 130603b,grb 130603b,,2013,2,31,ok,1,0,0,1.0,PHYS,PHYS,29.0,1.0,31.0
53670,2013,0,siak hulu,siak hulu,,2013,2,11,ok,1,0,0,0.5444444444444444,LIFEENV,LIFEENV,21.0,11.0,54.0
53676,2008,0,peloponnesischen krieges,peloponnesischen krieg,,2008,2,12,ok,1,0,0,1.0,SOC,SOC,39.0,1.0,41.0
53684,2005,0,swift xrt,swift xrt,,2005,2,31,ok,1,0,0,1.0,PHYS,PHYS,93.0,114.0,336.0
53722,2013,0,responsive web,respons web,,2013,2,17,ok,1,0,0,0.6111111111111112,CS,CS+Eng,26.0,29.0,96.0
53760,2011,0,parallel control,parallel control,parallel controlled|parallel controller|parallel controllers,2013,2,22;27,ok,2,1,0,0.5041666666666667,Eng,CS+Eng,29.0,216.0,279.0
53772,2012,0,asam basa,asam basa,,2012,2,33,ok,1,0,0,0.946031746031746,SOC,SOC,29.0,60.0,126.0
53811,2013,0,kesalahan penggunaan,kesalahan penggunaan,,2013,2,33,ok,1,0,0,1.0,SOC,SOC,22.0,35.0,78.0
53866,2014,0,baijiu liquor,baijiu liquor,,2014,2,11,ok,1,0,0,1.0,LIFEENV,LIFEENV,21.0,1.0,33.0
53901,2009,0,hasil belajar ipa,hasil belajar ipa,,2009,3,33,ok,1,0,0,1.0,SOC,SOC,36.0,139.0,335.0
54003,2012,0,protein corona,protein corona,,2012,2,22,weak_home,1,0,1,0.37066666666666664,Eng,CS+Eng,23.0,47.0,99.0
54031,2011,0,human epididymis protein,human epididymi protein,,2011,3,27,ok,1,0,0,0.91,Med,BGM+Med,20.0,24.0,70.0
54131,2009,0,festival du film,festiv du film,,2009,3,33,ok,1,0,0,1.0,SOC,SOC,100.0,108.0,320.0
54140,2003,0,protocol review scenario,protocol review scenario,,2003,3,34,ok,1,0,0,1.0,LIFEENV,LIFEENV,31.0,30.0,85.0
54220,2013,0,jaminan fidusia,jaminan fidusia,,2013,2,33,ok,1,0,0,0.9857142857142857,SOC,SOC,36.0,45.0,118.0
54261,2006,0,klinische bedeutung,klinisch bedeutung,,2008,2,27,ok,1,0,0,0.9777777777777779,Med,BGM+Med,23.0,80.0,119.0
54275,2014,0,umeclidinium vilanterol,umeclidinium vilanterol,,2015,2,27,ok,1,0,0,0.9,Med,BGM+Med,20.0,14.0,58.0
54412,2013,0,aset tetap,aset tetap,,2013,2,14,ok,1,0,0,0.8507246376811594,SOC,SOC,32.0,50.0,124.0
54466,2003,0,nod2 card15,nod2 card15,,2003,2,27,ok,1,0,0,0.8919191919191919,Med,BGM+Med,31.0,38.0,104.0
54503,2011,0,marcellus shale,marcellu shale,,2011,2,23,weak_home,1,0,1,0.26021505376344084,LIFEENV,LIFEENV,36.0,73.0,171.0
54505,2013,0,peraturan menteri,peraturan menteri,,2013,2,33,ok,1,0,0,0.6813333333333332,SOC,SOC,31.0,52.0,124.0
54519,2014,0,periscope internationalist,periscop internationalist,,2015,2,33,ok,1,0,0,1.0,SOC,SOC,20.0,49.0,144.0
54552,2005,0,ji yu,ji yu,,2005,2,27,ok,1,0,0,0.43478260869565216,Med,BGM+Med,29.0,47.0,102.0
54598,2008,0,useful websites,us websit,,2008,2,27,weak_home,1,0,1,0.36363636363636365,Med,BGM+Med,21.0,12.0,42.0
54634,2010,0,youth olympic games,youth olymp game,,2010,3,27,ok,1,0,0,0.6333333333333333,Med,BGM+Med,26.0,28.0,92.0
54641,2012,0,national case law,nation case law,,2014,3,33,ok,1,0,0,1.0,SOC,SOC,22.0,37.0,63.0
54673,2007,0,xuebijing injection,xuebij inject,,2006,2,27,ok,1,0,0,0.9864197530864198,Med,BGM+Med,23.0,39.0,98.0
54970,2010,0,tarlton law,tarlton law,,2010,2,33,ok,1,0,0,1.0,SOC,SOC,33.0,9.0,44.0
55092,2014,0,teknik elektronika,teknik elektronika,,2014,2,17,ok,1,0,0,0.8291666666666667,CS,CS+Eng,27.0,27.0,107.0
55153,2005,0,tools and products,tool and product,,2005,3,17,ok,1,0,0,0.9375,CS,CS+Eng,42.0,6.0,55.0
55215,2008,0,chambre sociale,chambr social,,2006,2,33,ok,1,0,0,1.0,SOC,SOC,25.0,54.0,125.0
55234,2014,0,dalhousie college,dalhousi colleg,,2014,2,27,ok,1,0,0,1.0,Med,BGM+Med,26.0,1.0,28.0
55240,2007,0,trinity college,triniti colleg,,2009,2,12,ok,1,0,0,0.5888888888888889,SOC,SOC,21.0,214.0,259.0
55328,2013,0,kualitas tidur,kualita tidur,,2013,2,36,ok,1,0,0,0.6428571428571429,Med,BGM+Med,21.0,60.0,118.0
55453,2008,0,initiating cells,initi cell,initiating cell|initial cell|initiated cells|initial cells|initiated cell|initiates cell,2008,2,13;27,ok,2,1,0,0.4666666666666667,BGM,BGM+Med,67.0,145.0,297.0
55475,2005,0,ii bis perchlorate,ii bi perchlor,,2005,3,16,ok,1,0,0,1.0,PHYS,PHYS,21.0,34.0,76.0
55550,2012,0,lzheimer disease,lzheimer diseas,,2012,2,27,ok,1,0,0,0.6470588235294117,Med,BGM+Med,34.0,59.0,152.0
55633,2003,0,doha round,doha round,,2003,2,20;33,ok,2,1,0,0.45416666666666666,SOC,SOC,24.0,56.0,98.0
55692,2014,0,badan penyelenggara,badan penyelenggara,,2015,2,33,ok,1,0,0,0.903030303030303,SOC,SOC,20.0,70.0,139.0
55725,2012,0,mathrm tev,mathrm tev,,2012,2,31,ok,1,0,0,1.0,PHYS,PHYS,24.0,10.0,52.0
55775,2013,0,executive appointment,execut appoint,executive appointments,2013,2,33,weak_home,1,0,1,0.3,SOC,SOC,50.0,13.0,86.0
55781,2012,0,small and micro,small and micro,,2013,3,14,weak_home,1,0,1,0.3357142857142857,SOC,SOC,21.0,63.0,131.0
55789,2007,0,vorm van een,vorm van een,vorming van een,2007,3,33,ok,1,0,0,1.0,SOC,SOC,37.0,98.0,220.0
55871,2010,0,reading and composition,read and composit,,2010,3,33,ok,1,0,0,0.9115384615384615,SOC,SOC,25.0,29.0,101.0
55998,2008,0,messenger flyby,messeng flybi,messenger flybys,2008,2,31;19,ok,2,1,0,0.5111111111111112,PHYS,PHYS,33.0,17.0,62.0
56056,2007,0,lettre type,lettr type,lettres type,2007,2,33,ok,1,0,0,1.0,SOC,SOC,33.0,48.0,82.0
56148,2003,0,online version,onlin version,online versions,2003,2,28,ok,1,0,0,0.9230769230769231,LIFEENV,LIFEENV,41.0,77.0,220.0
56149,2011,0,picture and picture,pictur and pictur,,2013,3,33,ok,1,0,0,0.9666666666666667,SOC,SOC,21.0,71.0,102.0
56165,2006,0,disciplinary physics,disciplinari physic,,2006,2,31,ok,1,0,0,1.0,PHYS,PHYS,30.0,29.0,83.0
56386,2007,0,mata pelajaran,mata pelajaran,,2009,2,33,ok,1,0,0,0.8917602996254682,SOC,SOC,32.0,414.0,496.0
56396,2009,0,kryzysu finansowego,kryzysu finansowego,,2009,2,20,ok,1,0,0,0.46,SOC,SOC,54.0,90.0,229.0
56436,2012,0,frimaire an iii,frimair an iii,,2012,3,12,ok,1,0,0,1.0,SOC,SOC,220.0,3.0,223.0
56534,2004,0,minimally invasive percutaneous,minim invas percutan,minimal invasive percutaneous,2004,3,27,ok,1,0,0,0.9188405797101449,Med,BGM+Med,21.0,52.0,100.0
56597,2010,0,history resources,histori resourc,history resource,2010,2,17;33,ok,2,1,0,0.5,CS,CS+Eng,43.0,26.0,87.0
56776,2013,0,sma kartika,sma kartika,,2013,2,33,ok,1,0,0,1.0,SOC,SOC,20.0,13.0,46.0
56833,2008,0,kinerja pegawai,kinerja pegawai,,2006,2,14,ok,1,0,0,0.5652173913043478,SOC,SOC,25.0,52.0,108.0
56940,2011,0,mexican cartel,mexican cartel,,2011,2,33,ok,1,0,0,1.0,SOC,SOC,22.0,5.0,36.0
57152,2013,0,grb 130831a,grb 130831a,,2013,2,31,ok,1,0,0,1.0,PHYS,PHYS,31.0,1.0,33.0
57226,2011,0,enhanced depth imaging,enhanc depth imag,,2010,3,27,ok,1,0,0,0.9666666666666667,Med,BGM+Med,22.0,54.0,114.0
57317,2014,0,search smart,search smart,,2014,2,33,ok,1,0,0,1.0,SOC,SOC,52.0,31.0,167.0
57319,2014,0,leap motion,leap motion,,2014,2,33,weak_home,1,0,1,0.36790123456790125,SOC,SOC,34.0,40.0,127.0
57395,2004,0,ieee communications,ieee commun,,2004,2,22,ok,1,0,0,0.896551724137931,Eng,CS+Eng,59.0,45.0,149.0
57436,2013,0,bulk fill,bulk fill,bulk filling|bulk filled,2012,2,35,ok,1,0,0,0.9634146341463414,Med,BGM+Med,29.0,81.0,165.0
57440,2004,0,ultrasonics ferroelectrics,ultrason ferroelectr,,2004,2,22,ok,1,0,0,1.0,Eng,CS+Eng,38.0,23.0,78.0
57561,2011,0,direct acting antiviral,direct act antivir,direct acting antivirals,2012,3,27,ok,1,0,0,0.9533333333333334,Med,BGM+Med,27.0,58.0,134.0
57601,2012,0,triple gauge,tripl gaug,,2012,2,31,ok,1,0,0,0.9444444444444444,PHYS,PHYS,21.0,15.0,47.0
57640,2012,0,stad terhadap,stad terhadap,,2012,2,33,ok,1,0,0,1.0,SOC,SOC,24.0,56.0,155.0
57669,2005,0,superhydrophobic surfaces,superhydrophob surfac,superhydrophobic surface,2005,2,22,ok,1,0,0,0.5710144927536231,Eng,CS+Eng,27.0,82.0,151.0
57816,2004,0,double pulsar,doubl pulsar,,2004,2,31,ok,1,0,0,1.0,PHYS,PHYS,26.0,11.0,54.0
57818,2009,0,malang pada,malang pada,,2009,2,33,ok,1,0,0,0.9933333333333334,SOC,SOC,39.0,33.0,136.0
57836,2005,0,translation strategies,translat strategi,translation strategy|translating strategies|translating strategy|translational strategies|translational strategy|translations strategies,2007,2,33,weak_home,1,0,1,0.34234234234234234,SOC,SOC,29.0,91.0,155.0
57934,2007,0,beibu gulf,beibu gulf,,2005,2,33,ok,1,0,0,0.6,SOC,SOC,27.0,96.0,200.0
57979,2011,0,studi fenomenologi,studi fenomenologi,studi fenomenologis,2012,2,33,ok,1,0,0,0.8,SOC,SOC,21.0,50.0,120.0
57993,2010,0,graphene electrodes,graphen electrod,graphene electrode,2010,2,22,ok,1,0,0,0.5666666666666667,Eng,CS+Eng,23.0,47.0,100.0
57995,2013,0,eksperimentasi model pembelajaran,eksperimentasi model pembelajaran,,2013,3,33,ok,1,0,0,0.9658119658119658,SOC,SOC,32.0,90.0,206.0
58009,2014,0,monolithic zirconia,monolith zirconia,,2014,2,35,ok,1,0,0,0.9421052631578948,Med,BGM+Med,21.0,57.0,101.0
58125,2012,0,republic of tatarstan,republ of tatarstan,,2012,3,27,ok,1,0,0,0.475,Med,BGM+Med,23.0,59.0,119.0
58142,2008,0,kantor pelayanan pajak,kantor pelayanan pajak,,2008,3,14,ok,1,0,0,0.7777777777777778,SOC,SOC,21.0,64.0,115.0
58159,2005,0,alonso quijano,alonso quijano,,2005,2,12,ok,1,0,0,0.6842105263157895,SOC,SOC,25.0,6.0,43.0
58191,2008,0,lesley university,leslei univers,,2008,2,33,ok,1,0,0,1.0,SOC,SOC,124.0,85.0,315.0
58310,2014,0,data on zn,data on zn,,2014,3,19,ok,1,0,0,1.0,PHYS,PHYS,49.0,9.0,58.0
58393,2013,0,matematika menggunakan,matematika menggunakan,,2013,2,33,ok,1,0,0,0.9333333333333333,SOC,SOC,36.0,62.0,177.0
58560,2006,0,rnai screen,rnai screen,rnai screening|rnai screens,2005,2,13,ok,1,0,0,0.6682539682539682,BGM,BGM+Med,20.0,43.0,87.0
58632,2009,0,nursery management,nurseri manag,nursery manager,2009,2,33,ok,1,0,0,0.8722222222222222,SOC,SOC,29.0,25.0,82.0
58643,2007,0,gift planning,gift plan,,2007,2,32,ok,1,0,0,0.986111111111111,SOC,SOC,26.0,24.0,73.0
58756,2006,0,socialist countryside,socialist countrysid,socialistic countryside,2006,2,33,ok,1,0,0,0.43548387096774194,SOC,SOC,111.0,138.0,428.0
58965,2014,0,digest april,digest april,,2014,2,36,ok,1,0,0,0.8695652173913043,Med,BGM+Med,25.0,4.0,33.0
59016,2008,0,project teaching,project teach,projects teaching|project teaches|projected teaching,2008,2,17,ok,1,0,0,0.7200000000000001,CS,CS+Eng,33.0,83.0,185.0
59069,2008,0,struktur mikro,struktur mikro,,2010,2,22,ok,1,0,0,0.8181818181818182,Eng,CS+Eng,21.0,45.0,104.0
59086,2011,0,tk pertiwi,tk pertiwi,,2011,2,33,ok,1,0,0,0.9333333333333333,SOC,SOC,20.0,52.0,109.0
59194,2009,0,energy series,energi seri,,2009,2,31,ok,1,0,0,1.0,PHYS,PHYS,25.0,1.0,27.0
59209,2004,0,obituaire du saint,obituair du saint,,2004,3,12,ok,1,0,0,1.0,SOC,SOC,69.0,1.0,70.0
59227,2012,0,kulit pisang,kulit pisang,,2013,2,11,ok,1,0,0,0.6513888888888889,LIFEENV,LIFEENV,23.0,49.0,101.0
59243,2010,0,escola estadual,escola estadu,,2010,2,33,ok,1,0,0,0.769047619047619,SOC,SOC,22.0,64.0,108.0
59384,2014,0,lapangan ii,lapangan ii,,2014,2,33,ok,1,0,0,1.0,SOC,SOC,28.0,15.0,68.0
59405,2013,0,papa francisco,papa francisco,,2013,2,33,ok,1,0,0,0.9444444444444444,SOC,SOC,49.0,112.0,253.0
59600,2007,0,exp function method,exp function method,,2007,3,31,ok,1,0,0,0.6839999999999999,PHYS,PHYS,30.0,43.0,108.0
59624,2014,0,culinary and hospitality,culinari and hospit,,2014,3,14;33,ok,2,1,0,0.5,SOC,SOC,66.0,6.0,89.0
59639,2013,0,superior lithium storage,superior lithium storag,,2013,3,22,ok,1,0,0,0.4642857142857143,Eng,CS+Eng,21.0,32.0,81.0
59681,2009,0,siswa smk,siswa smk,,2007,2,33,ok,1,0,0,0.9347826086956521,SOC,SOC,52.0,53.0,150.0
59688,2009,0,pelajaran ipa,pelajaran ipa,,2010,2,33,ok,1,0,0,1.0,SOC,SOC,20.0,46.0,117.0
59691,2006,0,inhaled human,inhal human,,2006,2,27,ok,1,0,0,0.9666666666666667,Med,BGM+Med,22.0,7.0,40.0
59703,2013,0,terhadap hasil jadi,terhadap hasil jadi,,2013,3,11,ok,1,0,0,1.0,LIFEENV,LIFEENV,28.0,19.0,72.0
59725,2013,0,fuel debris,fuel debri,,2013,2,33,ok,1,0,0,0.625,SOC,SOC,32.0,51.0,135.0
59795,2004,0,mechanisms of disease,mechan of diseas,mechanism of disease|mechanism of diseases,2006,3,27,ok,1,0,0,0.825,Med,BGM+Med,22.0,79.0,147.0
59878,2009,0,kemampuan berpikir,kemampuan berpikir,,2009,2,33,ok,1,0,0,1.0,SOC,SOC,108.0,116.0,365.0
59880,2008,0,library citation,librari citat,library citations|libraries citation|libraries citations,2010,2,17,ok,1,0,0,1.0,CS,CS+Eng,26.0,56.0,82.0
59913,2014,0,virus ebola,viru ebola,,2014,2,36,weak_home,1,0,1,0.38115942028985506,Med,BGM+Med,25.0,34.0,103.0
59936,2013,0,store atmosphere,store atmospher,store atmospherics|store atmospheric,2013,2,14,ok,1,0,0,0.7782051282051282,SOC,SOC,23.0,61.0,124.0
59995,2009,0,benjamin button,benjamin button,,2009,2,12,ok,1,0,0,0.5357142857142857,SOC,SOC,26.0,5.0,43.0
60000,2012,0,hubungan dukungan,hubungan dukungan,,2010,2,33,ok,1,0,0,0.6086956521739131,SOC,SOC,35.0,93.0,171.0
60087,2010,0,note hr zaaknr,note hr zaaknr,,2010,3,14,ok,1,0,0,0.7941176470588236,SOC,SOC,34.0,29.0,80.0
60177,2007,0,universitas negeri,universita negeri,,2005,2,33,ok,1,0,0,0.9035230352303523,SOC,SOC,31.0,245.0,301.0
60196,2011,0,randomized parallel,random parallel,random parallel,2013,2,27,ok,1,0,0,0.9380952380952381,Med,BGM+Med,24.0,220.0,287.0
60273,2013,0,m2m machine,m2m machin,,2013,2,33,ok,1,0,0,0.9838709677419355,SOC,SOC,64.0,3.0,129.0
60294,2008,0,grb 080319b,grb 080319b,,2008,2,31,ok,1,0,0,1.0,PHYS,PHYS,43.0,9.0,67.0
60490,2008,0,fermi lat,fermi lat,,2008,2,31,ok,1,0,0,1.0,PHYS,PHYS,23.0,182.0,316.0
60510,2004,0,phononic crystals,phonon crystal,phononic crystal|phonon crystal,2003,2,31,ok,1,0,0,0.9466666666666667,PHYS,PHYS,29.0,57.0,131.0
60672,2004,0,materials in contact,materi in contact,material in contact,2004,3,11,ok,1,0,0,0.8980952380952381,LIFEENV,LIFEENV,33.0,30.0,102.0
60758,2013,0,english module,english modul,,2013,2,33,ok,1,0,0,0.6666666666666666,SOC,SOC,27.0,1.0,31.0
60979,2009,0,student teams achievement,student team achiev,student team achievement|students teams achievement|student teams achievment|student team achievment|students team achievement,2008,3,33,ok,1,0,0,0.9801801801801802,SOC,SOC,62.0,81.0,222.0
60991,2008,0,guide home,guid home,guides home|guided home,2008,2,27,ok,1,0,0,0.6666666666666666,Med,BGM+Med,83.0,83.0,249.0
61068,2009,0,second land,second land,second landing,2009,2,22,ok,1,0,0,0.7727272727272727,Eng,CS+Eng,22.0,19.0,66.0
61178,2008,0,pt petrokimia gresik,pt petrokimia gresik,,2008,3,14,ok,1,0,0,0.6666666666666666,SOC,SOC,26.0,35.0,80.0
61236,2010,0,pain manipulation,pain manipul,,2010,2,27,ok,1,0,0,1.0,Med,BGM+Med,24.0,1.0,25.0
61526,2009,0,generalized equilibrium problems,gener equilibrium problem,generalized equilibrium problem|general equilibrium problems,2010,3,26,ok,1,0,0,0.7053333333333334,MATHDEC,MATHDEC,24.0,34.0,92.0
61561,2007,0,continuous bottom temperature,continu bottom temperatur,,2007,3,23,ok,1,0,0,1.0,LIFEENV,LIFEENV,42.0,7.0,52.0
61595,2011,0,udupi district,udupi district,udupi districts,2011,2,35,ok,1,0,0,0.6153846153846154,Med,BGM+Med,20.0,23.0,55.0
61604,2004,0,oxide nanostructures,oxid nanostructur,oxide nanostructured|oxide nanostructure|oxide nanostructural,2004,2,22,weak_home,1,0,1,0.29365079365079366,Eng,CS+Eng,23.0,42.0,98.0
61716,2005,0,swift detection,swift detect,swift detects,2005,2,31,ok,1,0,0,1.0,PHYS,PHYS,34.0,80.0,213.0
61721,2014,0,buyers club,buyer club,,2014,2,33,ok,1,0,0,0.4375,SOC,SOC,20.0,6.0,31.0
61726,2012,0,peraturan pemerintah,peraturan pemerintah,,2010,2,33,ok,1,0,0,0.6639344262295082,SOC,SOC,24.0,101.0,156.0
61763,2009,0,obama administration,obama administr,obama administrations,2009,2,33,ok,1,0,0,0.7802197802197802,SOC,SOC,141.0,74.0,315.0
61813,2007,0,elizabeth gilliam elizabeth,elizabeth gilliam elizabeth,,2007,3,33,ok,1,0,0,1.0,SOC,SOC,32.0,27.0,60.0
62044,2010,0,ips kelas,ip kela,,2010,2,33,ok,1,0,0,1.0,SOC,SOC,41.0,58.0,166.0
62061,2007,0,free communication slide,free commun slide,,2007,3,27,ok,1,0,0,1.0,Med,BGM+Med,55.0,84.0,202.0
62064,2004,0,cover picture macromol,cover pictur macromol,,2004,3,25,ok,1,0,0,1.0,PHYS,PHYS,72.0,81.0,227.0
62175,2013,0,kabupaten sigi,kabupaten sigi,,2013,2,11;33,ok,2,1,0,0.4822916666666667,LIFEENV,LIFEENV,26.0,45.0,114.0
62260,2013,0,peserta didik dalam,peserta didik dalam,,2014,3,33,ok,1,0,0,1.0,SOC,SOC,28.0,58.0,167.0
62310,2011,0,pada komunitas,pada komunita,,2009,2,33,ok,1,0,0,0.5711111111111111,SOC,SOC,22.0,53.0,111.0
62320,2010,0,pembelajaran ips,pembelajaran ip,,2010,2,33,ok,1,0,0,1.0,SOC,SOC,44.0,81.0,214.0
62359,2007,0,leonhard euler,leonhard euler,,2007,2,26,ok,1,0,0,0.5,MATHDEC,MATHDEC,34.0,14.0,63.0
62399,2012,0,pendekatan bermain,pendekatan bermain,,2012,2,33,ok,1,0,0,1.0,SOC,SOC,33.0,37.0,112.0
62414,2011,0,fractional boundary,fraction boundari,,2011,2,26,ok,1,0,0,0.965432098765432,MATHDEC,MATHDEC,23.0,47.0,106.0
62571,2009,0,pembelajaran menulis,pembelajaran menuli,,2009,2,33,ok,1,0,0,1.0,SOC,SOC,32.0,27.0,80.0
62608,2013,0,kitui county,kitui counti,,2012,2,11,weak_home,1,0,1,0.38461538461538464,LIFEENV,LIFEENV,30.0,93.0,162.0
62805,2012,0,yang dipelihara,yang dipelihara,,2012,2,11,ok,1,0,0,0.9666666666666667,LIFEENV,LIFEENV,23.0,37.0,89.0
62866,2010,0,frog leaping algorithm,frog leap algorithm,frog leap algorithm,2010,3,22,ok,1,0,0,0.5225000000000001,Eng,CS+Eng,26.0,49.0,123.0
62893,2011,0,customs control,custom control,customized control|custom control|customers control,2011,2,22,ok,1,0,0,0.5,Eng,CS+Eng,27.0,18.0,53.0
62912,2009,0,madrasah ibtidaiyah,madrasah ibtidaiyah,,2009,2,33,ok,1,0,0,0.9666666666666667,SOC,SOC,37.0,55.0,116.0
62958,2009,0,menggunakan media,menggunakan media,,2009,2,33,ok,1,0,0,0.8166666666666667,SOC,SOC,41.0,82.0,190.0
62993,2009,0,age of obama,ag of obama,,2010,3,33,ok,1,0,0,0.8261904761904761,SOC,SOC,25.0,21.0,80.0
63260,2006,0,anniversary gala,anniversari gala,,2006,2,17,ok,1,0,0,1.0,CS,CS+Eng,41.0,3.0,44.0
63270,2014,0,branded medicines,brand medicin,,2014,2,27,ok,1,0,0,0.4,Med,BGM+Med,23.0,7.0,34.0
63284,2005,0,arquitetura brasileira,arquitetura brasileira,arquitetura brasileiras,2005,2,33,ok,1,0,0,1.0,SOC,SOC,26.0,1.0,32.0
63366,2004,0,scientific view,scientif view,scientific views,2004,2,33,ok,1,0,0,0.42571428571428577,SOC,SOC,33.0,49.0,146.0
63581,2013,0,critical synthesis package,critic synthesi packag,,2013,3,27,ok,1,0,0,1.0,Med,BGM+Med,52.0,26.0,111.0
63584,2008,0,pnictide superconductors,pnictid superconductor,pnictide superconductor|pnictides superconductors,2008,2,31,ok,1,0,0,0.9903030303030304,PHYS,PHYS,24.0,76.0,159.0
63589,2012,0,boyolali tahun pelajaran,boyolali tahun pelajaran,,2010,3,33,ok,1,0,0,1.0,SOC,SOC,20.0,40.0,88.0
63623,2011,0,fukushima accident,fukushima accid,fukushima accidents,2011,2,33,ok,1,0,0,0.49444444444444446,SOC,SOC,25.0,51.0,123.0
63702,2014,0,kualitas laporan keuangan,kualita laporan keuangan,,2014,3,14;33,ok,2,1,0,0.5142857142857143,SOC,SOC,49.0,100.0,195.0
63709,2007,0,siswa kelas,siswa kela,,2009,2,33,ok,1,0,0,0.7654492753623188,SOC,SOC,95.0,1465.0,1746.0
63736,2010,0,montelukast sodium,montelukast sodium,,2010,2,27,ok,1,0,0,0.6333333333333333,Med,BGM+Med,23.0,61.0,114.0
63768,2004,0,epigenetic silencing,epigenet silenc,epigenetically silenced|epigenetic silenced|epigenetically silencing,2004,2,13,ok,1,0,0,0.6416666666666667,BGM,BGM+Med,23.0,45.0,98.0
63848,2009,0,bagi siswa,bagi siswa,,2009,2,33,ok,1,0,0,1.0,SOC,SOC,64.0,125.0,288.0
63898,2005,0,benedicto xvi,benedicto xvi,,2005,2,33,ok,1,0,0,0.85,SOC,SOC,21.0,63.0,129.0
63982,2009,0,single port access,singl port access,,2008,3,27,ok,1,0,0,0.9261261261261261,Med,BGM+Med,28.0,52.0,120.0
64005,2012,0,sesiones del consejo,sesion del consejo,,2012,3,33,ok,1,0,0,1.0,SOC,SOC,39.0,1.0,40.0
64236,2010,0,rosetta orbiter,rosetta orbit,,2010,2,31,ok,1,0,0,1.0,PHYS,PHYS,28.0,37.0,65.0
64257,2011,0,gerak dasar,gerak dasar,,2011,2,33,ok,1,0,0,1.0,SOC,SOC,25.0,123.0,201.0
64444,2008,0,wimax networks,wimax network,wimax network,2008,2,17,ok,1,0,0,0.5764705882352941,CS,CS+Eng,33.0,62.0,155.0
64484,2008,0,pada pokok bahasan,pada pokok bahasan,,2009,3,33,ok,1,0,0,0.9677419354838709,SOC,SOC,30.0,113.0,236.0
64541,2009,0,urban rural integration,urban rural integr,urban rural integrated|urban rural integrative,2009,3,33,ok,1,0,0,0.5428571428571428,SOC,SOC,40.0,80.0,176.0
64546,2005,0,tsunami disaster,tsunami disast,tsunami disasters,2005,2,27,weak_home,1,0,1,0.29523809523809524,Med,BGM+Med,59.0,27.0,114.0
64566,2003,0,civil uses,civil us,,2003,2,22,ok,1,0,0,1.0,Eng,CS+Eng,20.0,8.0,56.0
64605,2014,0,navigation sensors,navig sensor,navigation sensor,2014,2,22,ok,1,0,0,0.9,Eng,CS+Eng,39.0,389.0,461.0
64623,2009,0,pemanfaatan media,pemanfaatan media,,2008,2,33,ok,1,0,0,0.9677419354838709,SOC,SOC,31.0,66.0,172.0
64660,2012,0,biologic dmards,biolog dmard,biological dmards|biologic dmard|biological dmard,2012,2,27,ok,1,0,0,0.7666666666666667,Med,BGM+Med,34.0,16.0,67.0
64754,2011,0,mathematik und physik,mathematik und physik,,2011,3,12,ok,1,0,0,1.0,SOC,SOC,37.0,2.0,41.0
64785,2005,0,cf patients,cf patient,cf patient|cfs patients,2004,2,27,ok,1,0,0,0.9318181818181818,Med,BGM+Med,46.0,50.0,147.0
64888,2013,0,pengaruh penggunaan model,pengaruh penggunaan model,,2013,3,33,ok,1,0,0,0.9846153846153847,SOC,SOC,33.0,54.0,126.0
64897,2012,0,texto refundido,texto refundido,textos refundidos,2014,2,33,ok,1,0,0,0.9665308893414799,SOC,SOC,32.0,503.0,558.0
65027,2013,0,grb 130702a,grb 130702a,,2013,2,31,ok,1,0,0,1.0,PHYS,PHYS,26.0,3.0,29.0
65045,2014,0,cancer data base,cancer data base,,2014,3,27,ok,1,0,0,1.0,Med,BGM+Med,55.0,166.0,279.0
65100,2011,0,georges ubbiali,georg ubbiali,,2011,2,33,ok,1,0,0,1.0,SOC,SOC,75.0,1.0,109.0
65251,2013,0,peran pemerintah,peran pemerintah,,2013,2,33,ok,1,0,0,0.9,SOC,SOC,37.0,66.0,150.0
65284,2013,0,tasikmalaya tahun,tasikmalaya tahun,,2013,2,33,ok,1,0,0,1.0,SOC,SOC,20.0,26.0,66.0
65287,2013,0,kinerja aparatur,kinerja aparatur,,2013,2,33,ok,1,0,0,0.7333333333333333,SOC,SOC,22.0,34.0,86.0
65381,2013,0,transcatheter mitral,transcathet mitral,,2013,2,27,ok,1,0,0,1.0,Med,BGM+Med,22.0,64.0,124.0
65436,2010,0,administration arrangement,administr arrang,administrative arrangement,2010,2,33,ok,1,0,0,1.0,SOC,SOC,28.0,40.0,70.0
65446,2013,0,keputusan pendanaan,keputusan pendanaan,,2013,2,14,ok,1,0,0,0.9666666666666667,SOC,SOC,23.0,30.0,87.0
65478,2004,0,transactions on ultrasonics,transact on ultrason,,2004,3,22,ok,1,0,0,1.0,Eng,CS+Eng,27.0,12.0,50.0
65573,2003,0,adiponectin concentrations,adiponectin concentr,adiponectin concentration,2003,2,27,ok,1,0,0,0.9422222222222222,Med,BGM+Med,20.0,38.0,90.0
65598,2009,0,eksperimen pada,eksperimen pada,,2009,2,33,ok,1,0,0,0.9473684210526315,SOC,SOC,25.0,48.0,93.0
65617,2008,0,multicultural families,multicultur famili,multicultural family,2009,2,33,ok,1,0,0,0.7043478260869566,SOC,SOC,27.0,75.0,145.0
65721,2006,0,rs ophiuchi,r ophiuchi,,2006,2,31,ok,1,0,0,1.0,PHYS,PHYS,26.0,42.0,83.0
65744,2014,0,osiris rex,osiri rex,,2014,2,31,ok,1,0,0,0.7777777777777778,PHYS,PHYS,22.0,69.0,111.0
65854,2009,0,ekonomi kelas,ekonomi kela,,2009,2,33,ok,1,0,0,1.0,SOC,SOC,41.0,38.0,114.0
65887,2005,0,legislation amendment,legisl amend,legislative amendment|legislative amendments,2005,2,33,ok,1,0,0,0.75,SOC,SOC,57.0,52.0,161.0
65893,2013,0,universitas riau,universita riau,,2013,2,33,weak_home,1,0,1,0.37083333333333335,SOC,SOC,81.0,104.0,257.0
65913,2014,0,prelim ii,prelim ii,,2014,2,23,ok,1,0,0,0.6333333333333333,LIFEENV,LIFEENV,30.0,34.0,95.0
65939,2007,0,diylbis nitrilomethylidyne diphenolato,diylbi nitrilomethylidyn diphenolato,,2008,3,16,ok,1,0,0,1.0,PHYS,PHYS,22.0,36.0,75.0
65944,2012,0,bahan kering,bahan kere,,2012,2,11,ok,1,0,0,0.9666666666666667,LIFEENV,LIFEENV,37.0,44.0,102.0
65947,2014,0,telangana state,telangana state,telangana states,2015,2,27,weak_home,1,0,1,0.3051282051282051,Med,BGM+Med,25.0,94.0,196.0
66030,2010,0,kecamatan winongan,kecamatan winongan,,2010,2,33,ok,1,0,0,0.9411764705882353,SOC,SOC,22.0,5.0,31.0
66069,2010,0,ipa melalui,ipa melalui,,2009,2,33,ok,1,0,0,1.0,SOC,SOC,20.0,58.0,113.0
66076,2013,0,negeri yogyakarta,negeri yogyakarta,,2014,2,33,ok,1,0,0,0.6730769230769231,SOC,SOC,26.0,185.0,339.0
66098,2009,0,minat belajar,minat belajar,,2010,2,33,ok,1,0,0,0.9333333333333333,SOC,SOC,39.0,68.0,152.0
66285,2012,0,belanja modal,belanja modal,,2013,2,14,ok,1,0,0,0.8272727272727274,SOC,SOC,30.0,92.0,170.0
66322,2013,0,iv pada pembelajaran,iv pada pembelajaran,,2013,3,33,ok,1,0,0,1.0,SOC,SOC,23.0,36.0,88.0
66434,2007,0,print and media,print and media,printing and media,2007,3,27,ok,1,0,0,0.9666666666666667,Med,BGM+Med,31.0,25.0,93.0
66592,2006,0,cell hybrid,cell hybrid,cell hybrids|cell hybridization|cells hybrids,2008,2,22,ok,1,0,0,0.75,Eng,CS+Eng,34.0,180.0,253.0
66720,2009,0,ba fe1,ba fe1,,2009,2,31,ok,1,0,0,0.9573643410852714,PHYS,PHYS,35.0,14.0,98.0
66746,2005,0,quantum secret,quantum secret,quantum secrets,2005,2,31,ok,1,0,0,0.7212121212121212,PHYS,PHYS,33.0,27.0,96.0
66861,2010,0,pp ill,pp ill,,2010,2,12,ok,1,0,0,0.8523809523809524,SOC,SOC,20.0,29.0,63.0
66923,2003,0,east technical,east technic,,2003,2,17;33,ok,2,1,0,0.5,CS,CS+Eng,36.0,21.0,83.0
66955,2013,0,world scope,world scope,,2013,2,33,ok,1,0,0,1.0,SOC,SOC,99.0,98.0,295.0
66956,2010,0,closing date,close date,close date,2010,2,11,ok,1,0,0,1.0,LIFEENV,LIFEENV,23.0,27.0,75.0
67072,2014,0,road economic belt,road econom belt,,2014,3,33,ok,1,0,0,0.7,SOC,SOC,46.0,41.0,160.0
67083,2012,0,kooperatif teknik,kooperatif teknik,,2013,2,33,ok,1,0,0,0.9666666666666667,SOC,SOC,20.0,54.0,129.0
67154,2012,0,research exercise,research exercis,research exercises,2012,2,32;36,ok,2,1,0,0.5,SOC,SOC,58.0,46.0,159.0
67288,2005,0,flora da reserva,flora da reserva,,2005,3,11,ok,1,0,0,1.0,LIFEENV,LIFEENV,35.0,11.0,57.0
67369,2009,0,viii smp negeri,viii smp negeri,,2009,3,33,ok,1,0,0,1.0,SOC,SOC,63.0,108.0,255.0
67456,2013,0,aceh tengah,aceh tengah,,2011,2,33,ok,1,0,0,0.6086956521739131,SOC,SOC,31.0,66.0,158.0
67498,2009,0,general court,gener court,,2009,2,33,ok,1,0,0,0.9857677902621723,SOC,SOC,21.0,109.0,224.0
67505,2006,0,perancangan perangkat,perancangan perangkat,,2006,2,17,ok,1,0,0,1.0,CS,CS+Eng,21.0,5.0,32.0
67681,2004,0,nbl square nbl,nbl squar nbl,,2004,3,33,ok,1,0,0,1.0,SOC,SOC,21.0,40.0,100.0
67699,2009,0,pengaruh bauran pemasaran,pengaruh bauran pemasaran,,2008,3,33,ok,1,0,0,0.7894736842105263,SOC,SOC,28.0,33.0,78.0
67711,2014,0,gamping sleman,gamp sleman,,2014,2,33,ok,1,0,0,0.8571428571428571,SOC,SOC,21.0,29.0,64.0
67720,2011,0,o104 h4,o104 h4,,2011,2,27,ok,1,0,0,0.7,Med,BGM+Med,61.0,34.0,163.0
67735,2012,0,kerja serta,kerja serta,,2013,2,14,ok,1,0,0,0.6818181818181818,SOC,SOC,22.0,38.0,86.0
67897,2010,0,cerebrospinal venous insufficiency,cerebrospin venou insuffici,,2010,3,27,ok,1,0,0,0.9555555555555555,Med,BGM+Med,20.0,47.0,113.0
67959,2003,0,peer systems,peer system,peer system,2003,2,17,ok,1,0,0,0.7490196078431371,CS,CS+Eng,37.0,38.0,117.0
68081,2013,0,clinical essay,clinic essai,,2013,2,33,ok,1,0,0,0.9333333333333333,SOC,SOC,26.0,17.0,64.0
68268,2013,0,masalah matematis,masalah matemati,,2012,2,33,ok,1,0,0,1.0,SOC,SOC,60.0,80.0,190.0
68350,2011,0,pembelajaran ekonomi,pembelajaran ekonomi,,2010,2,33,ok,1,0,0,1.0,SOC,SOC,21.0,39.0,77.0
68364,2014,0,rich layered oxide,rich layer oxid,rich layered oxides,2014,3,22,ok,1,0,0,0.7074074074074074,Eng,CS+Eng,24.0,44.0,99.0
68416,2009,0,short read,short read,short reads,2009,2,13,ok,1,0,0,0.9242424242424242,BGM,BGM+Med,39.0,58.0,128.0
68425,2008,0,pengaruh rasio,pengaruh rasio,,2008,2,14,ok,1,0,0,0.6538461538461539,SOC,SOC,23.0,60.0,119.0
68500,2011,0,concept stage,concept stage,,2011,2,22,ok,1,0,0,1.0,Eng,CS+Eng,84.0,352.0,722.0
68517,2010,0,pada kompetensi,pada kompetensi,,2010,2,33,ok,1,0,0,0.7866666666666667,SOC,SOC,21.0,50.0,99.0
68570,2004,0,radiat oncol biol,radiat oncol biol,,2004,3,27,ok,1,0,0,1.0,Med,BGM+Med,34.0,37.0,118.0
68664,2004,0,author author,author author,authority authorizes,2004,2,33,ok,1,0,0,0.7058823529411765,SOC,SOC,42.0,17.0,69.0
68682,2009,0,bahasa jerman,bahasa jerman,,2009,2,33,ok,1,0,0,1.0,SOC,SOC,46.0,39.0,113.0
68732,2012,0,pada ruas jalan,pada rua jalan,,2012,3,22,ok,1,0,0,0.871604938271605,Eng,CS+Eng,21.0,53.0,113.0
68808,2008,0,library business,librari busi,libraries business,2008,2,17;33,ok,2,1,0,0.45454545454545453,CS,CS+Eng,37.0,126.0,228.0
68847,2008,0,relay selection,relai select,,2010,2,22,ok,1,0,0,0.5951219512195122,Eng,CS+Eng,24.0,106.0,181.0
68862,2004,0,systems magazine,system magazin,,2004,2,22,ok,1,0,0,1.0,Eng,CS+Eng,45.0,30.0,106.0
68906,2011,0,coast of tohoku,coast of tohoku,,2011,3,19,ok,1,0,0,0.7232142857142858,PHYS,PHYS,131.0,91.0,435.0
68943,2010,0,iv sd negeri,iv sd negeri,,2011,3,33,ok,1,0,0,1.0,SOC,SOC,33.0,104.0,202.0
68993,2008,0,terhadap pemberian,terhadap pemberian,,2008,2,11,ok,1,0,0,0.5,LIFEENV,LIFEENV,25.0,29.0,70.0
69002,2008,0,zivilgerichtsbarkeit bgh,zivilgerichtsbarkeit bgh,,2008,2,14,ok,1,0,0,1.0,SOC,SOC,99.0,131.0,343.0
69023,2009,0,persepsi siswa tentang,persepsi siswa tentang,,2010,3,33,ok,1,0,0,0.98125,SOC,SOC,20.0,37.0,104.0
69088,2012,0,kuasi eksperimen,kuasi eksperimen,,2013,2,33,ok,1,0,0,0.8333333333333334,SOC,SOC,35.0,124.0,267.0
69304,2013,0,typhoon haiyan,typhoon haiyan,,2014,2,19,weak_home,1,0,1,0.38416666666666666,PHYS,PHYS,20.0,78.0,159.0
69309,2009,0,sebagai faktor,sebagai faktor,,2009,2,27,ok,1,0,0,0.42105263157894735,Med,BGM+Med,20.0,25.0,64.0
69316,2013,0,gadjah mada,gadjah mada,,2015,2,17,ok,1,0,0,0.40512820512820513,CS,CS+Eng,44.0,95.0,178.0
69317,2008,0,hebei spirit,hebei spirit,,2008,2,33,ok,1,0,0,0.5555555555555556,SOC,SOC,20.0,18.0,65.0
69486,2004,0,polymorphisms and haplotypes,polymorph and haplotyp,polymorphisms and haplotype|polymorphism and haplotype|polymorphism and haplotypes,2004,3,27,ok,1,0,0,0.5428571428571428,Med,BGM+Med,20.0,28.0,73.0
69556,2009,0,homoclinic solutions,homoclin solut,,2009,2,26,ok,1,0,0,0.8818181818181817,MATHDEC,MATHDEC,21.0,23.0,71.0
69581,2011,0,library policies,librari polici,library policy|libraries policies,2011,2,33,ok,1,0,0,0.8571428571428571,SOC,SOC,55.0,61.0,159.0
69726,2007,0,socialist core value,socialist core valu,socialist core values|socialistic core value,2007,3,33,ok,1,0,0,0.5688172043010752,SOC,SOC,42.0,116.0,265.0
69740,2007,0,terhadap loyalitas,terhadap loyalita,,2007,2,33,ok,1,0,0,0.7248062015503877,SOC,SOC,21.0,106.0,164.0
69756,2014,0,lhc run,lhc run,lhc running|lhc runs,2014,2,31,ok,1,0,0,0.9666666666666667,PHYS,PHYS,28.0,91.0,189.0
69827,2010,0,finding aid,find aid,finding aids,2012,2,12,ok,1,0,0,0.75,SOC,SOC,33.0,201.0,263.0
69857,2014,0,crown initiative journal,crown initi journal,,2014,3,27,ok,1,0,0,1.0,Med,BGM+Med,30.0,4.0,41.0
69883,2004,0,hypothalamic peptides natural,hypothalam peptid natur,,2004,3,27,ok,1,0,0,0.6470588235294117,Med,BGM+Med,34.0,36.0,103.0
69951,2011,0,christchurch earthquake,christchurch earthquak,christchurch earthquakes,2011,2,22,ok,1,0,0,0.4285714285714286,Eng,CS+Eng,62.0,27.0,116.0
69968,2013,0,pendekatan taktis,pendekatan takti,,2013,2,33,ok,1,0,0,1.0,SOC,SOC,34.0,9.0,64.0
70047,2009,0,surgical safety checklist,surgic safeti checklist,surgical safety checklists,2010,3,27,ok,1,0,0,0.8613333333333333,Med,BGM+Med,20.0,19.0,73.0
70121,2004,0,systems and integration,system and integr,system and integrated|system and integral|system and integration,2004,3,22,ok,1,0,0,0.4,Eng,CS+Eng,53.0,62.0,187.0
70217,2010,0,envejecimiento activo,envejecimiento activo,,2010,2,33,ok,1,0,0,0.8333333333333334,SOC,SOC,23.0,74.0,131.0
70275,2013,0,kabupaten bireuen,kabupaten bireuen,,2013,2,33,ok,1,0,0,0.9166666666666666,SOC,SOC,20.0,53.0,116.0
70321,2009,0,follicular helper,follicular helper,,2009,2,24,ok,1,0,0,0.7333333333333333,LIFEENV,LIFEENV,35.0,41.0,104.0
70528,2012,0,cmip5 models,cmip5 model,cmip5 model,2012,2,19,ok,1,0,0,0.9,PHYS,PHYS,57.0,116.0,302.0
70601,2010,0,maxi j1659,maxi j1659,,2010,2,31,ok,1,0,0,1.0,PHYS,PHYS,35.0,5.0,55.0
70699,2004,0,aids and materials,aid and materi,,2004,3,11,ok,1,0,0,1.0,LIFEENV,LIFEENV,25.0,27.0,89.0
70704,2010,0,library databases,librari databas,library database|libraries databases|libraries database,2009,2,17,ok,1,0,0,0.6842105263157895,CS,CS+Eng,82.0,83.0,242.0
70736,2009,0,libraries government,librari govern,library government|library governance,2009,2,17,ok,1,0,0,0.75,CS,CS+Eng,821.0,74.0,929.0
70749,2003,0,detrusor overactivity,detrusor overact,,2003,2,27,ok,1,0,0,0.9753086419753086,Med,BGM+Med,22.0,63.0,121.0
70784,2012,0,terhadap peningkatan kemampuan,terhadap peningkatan kemampuan,,2011,3,33,ok,1,0,0,1.0,SOC,SOC,21.0,63.0,163.0
70829,2010,0,world neurosurgery,world neurosurgeri,,2010,2,27,ok,1,0,0,1.0,Med,BGM+Med,27.0,1.0,31.0
71082,2013,0,abdul moeloek,abdul moeloek,,2013,2,14,ok,1,0,0,1.0,SOC,SOC,22.0,41.0,98.0
71090,2012,0,taphylococcus aureus,taphylococcu aureu,,2012,2,27,ok,1,0,0,0.4,Med,BGM+Med,31.0,40.0,103.0
71104,2011,0,plant accident,plant accid,plant accidents|plants accident,2011,2,33,ok,1,0,0,0.40625,SOC,SOC,63.0,168.0,364.0
71201,2004,0,crashworthiness and occupant,crashworthi and occup,,2004,3,22,ok,1,0,0,1.0,Eng,CS+Eng,27.0,1.0,28.0
71239,2006,0,sonntag nach trinitatis,sonntag nach trinitati,,2007,3,12,ok,1,0,0,0.9908675799086758,SOC,SOC,20.0,58.0,151.0
71250,2013,0,interpersonal siswa,interperson siswa,,2014,2,33,ok,1,0,0,1.0,SOC,SOC,21.0,33.0,77.0
71257,2008,0,pada hotel,pada hotel,,2008,2,14,ok,1,0,0,0.5933333333333334,SOC,SOC,35.0,43.0,97.0
71295,2006,0,diary electrophoresis,diari electrophoresi,,2006,2,22,ok,1,0,0,1.0,Eng,CS+Eng,23.0,15.0,62.0
71298,2004,0,management and homeland,manag and homeland,,2004,3,33,ok,1,0,0,1.0,SOC,SOC,20.0,2.0,23.0
71353,2013,0,hubungan gaya,hubungan gaya,,2012,2,33,ok,1,0,0,0.8941176470588236,SOC,SOC,22.0,47.0,104.0
71401,2011,0,translational highlights,translat highlight,,2011,2,27,ok,1,0,0,0.775,Med,BGM+Med,40.0,58.0,156.0
71423,2013,0,jasmani siswa,jasmani siswa,,2013,2,33,ok,1,0,0,0.75,SOC,SOC,30.0,39.0,106.0
71557,2014,0,kualitas hidup pada,kualita hidup pada,,2014,3,33,ok,1,0,0,0.625,SOC,SOC,29.0,37.0,76.0
71561,2011,0,xpert mtb rif,xpert mtb rif,,2012,3,27,ok,1,0,0,0.9607843137254902,Med,BGM+Med,35.0,56.0,135.0
71586,2013,0,pada perusahaan pertambangan,pada perusahaan pertambangan,,2011,3,14,ok,1,0,0,0.8043478260869565,SOC,SOC,36.0,64.0,152.0
71635,2005,0,h5n1 influenza,h5n1 influenza,,2004,2,27,ok,1,0,0,0.7448275862068966,Med,BGM+Med,24.0,68.0,139.0
71637,2011,0,dagstuhl seminar,dagstuhl seminar,,2011,2,17,ok,1,0,0,0.6666666666666666,CS,CS+Eng,41.0,69.0,154.0
71650,2011,0,panel of experts,panel of expert,panel of expert,2011,3,27,ok,1,0,0,0.9777777777777779,Med,BGM+Med,27.0,52.0,117.0
71682,2005,0,university center,univers center,university centers|university centered,2007,2,33,ok,1,0,0,0.4,SOC,SOC,22.0,70.0,106.0
71706,2010,0,horizon oil,horizon oil,,2010,2,19,ok,1,0,0,0.7,PHYS,PHYS,43.0,67.0,169.0
71888,2005,0,chem ing tech,chem ing tech,,2005,3,22,ok,1,0,0,1.0,Eng,CS+Eng,37.0,76.0,171.0
71966,2012,0,unesp univesp,unesp univesp,,2012,2,33,ok,1,0,0,1.0,SOC,SOC,33.0,1.0,79.0
72031,2014,0,sleeping bear dunes,sleep bear dune,,2014,3,23;33,ok,2,1,0,0.5,LIFEENV,LIFEENV,40.0,1.0,43.0
72057,2013,0,kecamatan lembang kabupaten,kecamatan lembang kabupaten,,2013,3,11,ok,1,0,0,0.5,LIFEENV,LIFEENV,42.0,20.0,120.0
72081,2006,0,anti vegf,anti vegf,anti vegfs,2007,2,27,ok,1,0,0,0.7978835978835979,Med,BGM+Med,28.0,102.0,203.0
72159,2005,0,anti secession law,anti secess law,,2005,3,33,ok,1,0,0,0.8421052631578947,SOC,SOC,20.0,5.0,32.0
72164,2014,0,mooc platform,mooc platform,mooc platforms|moocs platform,2014,2,33,weak_home,1,0,1,0.3125,SOC,SOC,20.0,11.0,46.0
72181,2012,0,editor title,editor titl,,2012,2,28,ok,1,0,0,1.0,LIFEENV,LIFEENV,23.0,52.0,126.0
72276,2008,0,hematopoietic sct,hematopoiet sct,,2008,2,27,ok,1,0,0,1.0,Med,BGM+Med,48.0,56.0,140.0
72330,2013,0,google glass,googl glass,,2013,2,33,weak_home,1,0,1,0.3555555555555555,SOC,SOC,32.0,89.0,213.0
72411,2006,0,socialist rural,socialist rural,,2006,2,33,ok,1,0,0,0.48333333333333334,SOC,SOC,28.0,15.0,77.0
72624,2009,0,iron pnictides,iron pnictid,iron pnictide,2008,2,31,ok,1,0,0,0.950354609929078,PHYS,PHYS,164.0,114.0,429.0
72656,2009,0,pada smk,pada smk,,2009,2,33,ok,1,0,0,0.6551724137931034,SOC,SOC,29.0,29.0,79.0
72689,2009,0,curtin university,curtin univers,,2011,2,33,ok,1,0,0,0.7142857142857143,SOC,SOC,25.0,26.0,62.0
72717,2013,0,sequence of bacillus,sequenc of bacillu,sequences of bacillus,2011,3,13,ok,1,0,0,0.9333333333333333,BGM,BGM+Med,27.0,70.0,144.0
72720,2012,0,jacs publications,jac public,,2012,2,16,ok,1,0,0,1.0,PHYS,PHYS,49.0,51.0,151.0
72763,2003,0,month diagnosis,month diagnosi,,2003,2,27,ok,1,0,0,1.0,Med,BGM+Med,28.0,17.0,56.0
72774,2009,0,teks bahasa,tek bahasa,,2011,2,33,ok,1,0,0,0.9565217391304348,SOC,SOC,20.0,17.0,47.0
72866,2005,0,serum biomarkers,serum biomark,serum biomarker,2005,2,27,ok,1,0,0,0.7698924731182796,Med,BGM+Med,29.0,54.0,119.0
72885,2003,0,response to protocol,respons to protocol,,2003,3,34,ok,1,0,0,1.0,LIFEENV,LIFEENV,31.0,34.0,93.0
72890,2005,0,outstanding doctoral research,outstand doctor research,,2005,3,14,weak_home,1,0,1,0.3939393939393939,SOC,SOC,37.0,4.0,48.0
72916,2009,0,sekolah studi,sekolah studi,,2009,2,33,ok,1,0,0,0.94,SOC,SOC,25.0,31.0,91.0
72917,2003,0,free colour illustrations,free colour illustr,,2003,3,28,ok,1,0,0,1.0,LIFEENV,LIFEENV,85.0,94.0,279.0
72958,2006,0,ibc guide,ibc guid,,2006,2,16,ok,1,0,0,1.0,PHYS,PHYS,45.0,54.0,148.0
73006,2011,0,jean paul salles,jean paul sall,,2011,3,33,ok,1,0,0,1.0,SOC,SOC,37.0,2.0,45.0
73062,2012,0,nasa glenn,nasa glenn,,2013,2,22,ok,1,0,0,0.8333333333333334,Eng,CS+Eng,20.0,43.0,138.0
73190,2013,0,pada tema,pada tema,,2013,2,33,ok,1,0,0,1.0,SOC,SOC,32.0,116.0,231.0
73192,2009,0,pair share,pair share,paire share|pairs share,2009,2,33,ok,1,0,0,0.9978260869565218,SOC,SOC,82.0,126.0,335.0
73239,2008,0,bahan pustaka,bahan pustaka,,2008,2,17;33,ok,2,1,0,0.5,CS,CS+Eng,24.0,10.0,39.0
73319,2004,0,society of exercise,societi of exercis,,2004,3,27,ok,1,0,0,1.0,Med,BGM+Med,62.0,41.0,145.0
73515,2011,0,biotechnology and bioengineering,biotechnologi and bioengin,,2011,3,13,ok,1,0,0,1.0,BGM,BGM+Med,28.0,24.0,76.0
73701,2008,0,siswa dalam pembelajaran,siswa dalam pembelajaran,,2008,3,33,ok,1,0,0,0.8888888888888888,SOC,SOC,29.0,51.0,130.0
73803,2007,0,ls svm,l svm,ls svms,2007,2,22,ok,1,0,0,0.7659574468085106,Eng,CS+Eng,54.0,75.0,183.0
73814,2014,0,provinsi kalimantan selatan,provinsi kalimantan selatan,,2012,3,33,weak_home,1,0,1,0.39166666666666666,SOC,SOC,27.0,79.0,140.0
73863,2009,0,malang tesis,malang tesi,,2009,2,33,ok,1,0,0,1.0,SOC,SOC,32.0,39.0,105.0
73890,2007,0,ejves vol,ejv vol,,2007,2,27,ok,1,0,0,1.0,Med,BGM+Med,20.0,23.0,65.0
73897,2011,0,journal of pharmacy,journal of pharmaci,,2011,3,35,ok,1,0,0,0.75,Med,BGM+Med,63.0,106.0,296.0
73952,2012,0,complete bibliography,complet bibliographi,,2012,2,33,ok,1,0,0,1.0,SOC,SOC,36.0,32.0,93.0
74072,2012,0,pengaruh teknik,pengaruh teknik,,2012,2,33,ok,1,0,0,0.84,SOC,SOC,27.0,45.0,104.0
74100,2013,0,tunagrahita ringan,tunagrahita ringan,,2013,2,33,ok,1,0,0,0.9666666666666667,SOC,SOC,72.0,62.0,205.0
74149,2012,0,pajak orang pribadi,pajak orang pribadi,,2010,3,14,ok,1,0,0,0.8844444444444444,SOC,SOC,42.0,87.0,186.0
74191,2014,0,geology geophysics,geologi geophys,,2014,2,19,ok,1,0,0,1.0,PHYS,PHYS,35.0,20.0,76.0
74226,2008,0,research on food,research on food,,2008,3,22,weak_home,1,0,1,0.25,Eng,CS+Eng,50.0,49.0,161.0
74271,2013,0,kemampuan mengenal,kemampuan mengen,,2013,2,33,ok,1,0,0,1.0,SOC,SOC,48.0,69.0,194.0
74298,2012,0,perusahaan studi empiris,perusahaan studi empiri,,2013,3,14,ok,1,0,0,0.9666666666666667,SOC,SOC,22.0,47.0,110.0
74338,2006,0,countryside construction,countrysid construct,,2006,2,33,ok,1,0,0,0.5461538461538461,SOC,SOC,36.0,137.0,311.0
74442,2004,0,array cgh,arrai cgh,,2004,2,13,ok,1,0,0,0.611111111111111,BGM,BGM+Med,36.0,83.0,206.0
74568,2012,0,occupy movement,occupi movement,occupy movements,2012,2,33,ok,1,0,0,0.7837837837837838,SOC,SOC,53.0,38.0,122.0
74577,2014,0,scholarly record,scholarli record,,2014,2,33,weak_home,1,0,1,0.3333333333333333,SOC,SOC,27.0,5.0,35.0
74726,2011,0,lingkungan kerja terhadap,lingkungan kerja terhadap,,2013,3,14,ok,1,0,0,0.6555555555555556,SOC,SOC,22.0,84.0,147.0
74767,2005,0,commission for africa,commiss for africa,,2005,3,33,ok,1,0,0,1.0,SOC,SOC,21.0,5.0,30.0
74785,2011,0,terhadap nilai perusahaan,terhadap nilai perusahaan,,2009,3,14,ok,1,0,0,0.8012345679012346,SOC,SOC,34.0,138.0,240.0
74908,2009,0,aktivitas antibakteri ekstrak,aktivita antibakteri ekstrak,aktivitas antibakterial ekstrak,2009,3,11,ok,1,0,0,0.8181818181818182,LIFEENV,LIFEENV,25.0,33.0,82.0
74959,2010,0,administration agreement,administr agreement,administrative agreement|administration agreements|administrative agreements,2010,2,33,ok,1,0,0,0.75,SOC,SOC,93.0,253.0,500.0
75003,2009,0,belajar matematika siswa,belajar matematika siswa,,2009,3,33,ok,1,0,0,0.9777777777777779,SOC,SOC,49.0,75.0,219.0
75027,2008,0,pengadilan negeri,pengadilan negeri,,2008,2,33,ok,1,0,0,1.0,SOC,SOC,69.0,41.0,155.0
75135,2013,0,gezi park,gezi park,,2013,2,33,ok,1,0,0,0.8666666666666667,SOC,SOC,22.0,18.0,70.0
75178,2009,0,vanadium redox flow,vanadium redox flow,,2011,3,22,ok,1,0,0,0.7190476190476189,Eng,CS+Eng,26.0,63.0,115.0
75218,2004,0,diabetic macular oedema,diabet macular oedema,,2004,3,27,ok,1,0,0,1.0,Med,BGM+Med,21.0,21.0,64.0
75228,2005,0,naip imagery,naip imageri,,2005,2,23,ok,1,0,0,1.0,LIFEENV,LIFEENV,106.0,1.0,107.0
75327,2012,0,orden social,orden social,,2014,2,33,ok,1,0,0,0.9662626262626263,SOC,SOC,22.0,181.0,236.0
75404,2014,0,additive weighting saw,addit weight saw,additive weight saw,2015,3,17,ok,1,0,0,0.8666666666666667,CS,CS+Eng,28.0,66.0,142.0
75411,2007,0,warm mix,warm mix,warm mixed,2007,2,22,ok,1,0,0,1.0,Eng,CS+Eng,23.0,58.0,117.0
75415,2007,0,flurbiprofen axetil,flurbiprofen axetil,,2007,2,27,ok,1,0,0,0.8484848484848484,Med,BGM+Med,33.0,55.0,130.0
75516,2010,0,yushu earthquake,yushu earthquak,yushu earthquakes,2010,2,19,weak_home,1,0,1,0.34146341463414637,PHYS,PHYS,58.0,58.0,189.0
75580,2009,0,pengetahuan ibu,pengetahuan ibu,,2010,2,36,ok,1,0,0,0.8,Med,BGM+Med,23.0,91.0,188.0
75595,2004,0,honor of david,honor of david,,2004,3,33,ok,1,0,0,0.7666666666666667,SOC,SOC,26.0,13.0,43.0
75625,2011,0,keterampilan sosial,keterampilan sosial,,2009,2,33,ok,1,0,0,0.9796296296296296,SOC,SOC,21.0,58.0,107.0
75687,2005,0,ducke amazonas brasil,duck amazona brasil,,2005,3,11,ok,1,0,0,1.0,LIFEENV,LIFEENV,28.0,11.0,50.0
75694,2008,0,management and rural,manag and rural,,2008,3,11,ok,1,0,0,0.6,LIFEENV,LIFEENV,47.0,46.0,144.0
75697,2014,0,pendekatan saintifik,pendekatan saintifik,,2014,2,33,ok,1,0,0,1.0,SOC,SOC,95.0,344.0,781.0
75709,2010,0,yl methylidene,yl methyliden,,2010,2,16,ok,1,0,0,0.9333333333333333,PHYS,PHYS,20.0,47.0,104.0
75740,2012,0,duration of prophylaxis,durat of prophylaxi,,2012,3,27,ok,1,0,0,0.75,Med,BGM+Med,23.0,1.0,25.0
75798,2012,0,opening reception,open recept,,2012,2,22,ok,1,0,0,1.0,Eng,CS+Eng,38.0,7.0,51.0
75960,2010,0,farnham ashgate,farnham ashgat,,2010,2,12;33,ok,2,1,0,0.5777777777777777,SOC,SOC,29.0,34.0,100.0
76089,2005,0,ca mrsa,ca mrsa,,2005,2,27,ok,1,0,0,0.9363636363636364,Med,BGM+Med,21.0,38.0,83.0
76167,2010,0,methanol monosolvate,methanol monosolv,,2010,2,16,ok,1,0,0,1.0,PHYS,PHYS,23.0,40.0,110.0
76177,2013,0,kabupaten aceh barat,kabupaten aceh barat,,2013,3,11,ok,1,0,0,0.47368421052631576,LIFEENV,LIFEENV,24.0,62.0,129.0
76263,2013,0,pencatatan sipil,pencatatan sipil,,2013,2,33,ok,1,0,0,0.7333333333333333,SOC,SOC,26.0,52.0,98.0
76439,2009,0,matters management focus,matter manag focu,,2009,3,33,ok,1,0,0,1.0,SOC,SOC,34.0,1.0,76.0
76442,2003,0,round way,round wai,,2003,2,33,ok,1,0,0,0.6493506493506493,SOC,SOC,125.0,66.0,287.0
76573,2011,0,best proximity points,best proxim point,best proximity point,2011,3,26,ok,1,0,0,0.9066666666666666,MATHDEC,MATHDEC,21.0,41.0,93.0
76662,2010,0,national essential,nation essenti,,2010,2,27,ok,1,0,0,0.7363636363636364,Med,BGM+Med,27.0,43.0,112.0
76725,2009,0,komunikacji marketingowej,komunikacji marketingowej,,2010,2,14,ok,1,0,0,0.4444444444444444,SOC,SOC,25.0,48.0,116.0
76768,2011,0,gold buyers,gold buyer,,2011,2,27,ok,1,0,0,1.0,Med,BGM+Med,62.0,1.0,100.0
76779,2009,0,caritas in veritate,carita in verit,,2009,3,33,ok,1,0,0,0.918918918918919,SOC,SOC,59.0,57.0,204.0
76954,2014,0,daily tiotropium,daili tiotropium,,2014,2,27,ok,1,0,0,1.0,Med,BGM+Med,23.0,12.0,50.0
77044,2010,0,grb 100901a,grb 100901a,,2010,2,31,ok,1,0,0,0.9333333333333333,PHYS,PHYS,25.0,2.0,27.0
77052,2009,0,risk variants,risk variant,risk variant,2009,2,27,ok,1,0,0,0.55,Med,BGM+Med,22.0,53.0,102.0
77071,2010,0,graphene composite,graphen composit,graphene composites,2010,2,25,ok,1,0,0,0.4407407407407407,PHYS,PHYS,36.0,162.0,270.0
77087,2013,0,terbimbing pada,terbimb pada,,2011,2,33,ok,1,0,0,0.962962962962963,SOC,SOC,37.0,61.0,152.0
77113,2012,0,written arguments,written argument,written argument|written argumentation|written argumentative,2012,2,33,ok,1,0,0,0.75,SOC,SOC,53.0,37.0,112.0
77128,2006,0,asbury theological,asburi theolog,,2006,2,33,ok,1,0,0,1.0,SOC,SOC,57.0,57.0,157.0
77179,2010,0,library academic,librari academ,libraries academic,2012,2,17,ok,1,0,0,1.0,CS,CS+Eng,23.0,58.0,84.0
77193,2013,0,witt lining systems,witt line system,,2013,3,25,ok,1,0,0,1.0,PHYS,PHYS,40.0,1.0,41.0
77217,2012,0,platform android,platform android,,2012,2,17,ok,1,0,0,0.9130434782608695,CS,CS+Eng,22.0,28.0,91.0
77298,2009,0,hj 1a,hj 1a,,2009,2,22,ok,1,0,0,0.8444444444444444,Eng,CS+Eng,22.0,24.0,62.0
77343,2004,0,financial corp,financi corp,,2004,2,14,ok,1,0,0,1.0,SOC,SOC,40.0,84.0,195.0
77459,2012,0,belajar anak,belajar anak,,2012,2,33,ok,1,0,0,0.9333333333333333,SOC,SOC,27.0,49.0,103.0
77593,2008,0,analisis dan implementasi,analisi dan implementasi,,2006,3,17,ok,1,0,0,1.0,CS,CS+Eng,36.0,65.0,154.0
77607,2011,0,crucero bic,crucero bic,,2011,2,23,ok,1,0,0,1.0,LIFEENV,LIFEENV,22.0,1.0,24.0
77630,2009,0,pembelajaran berbasis masalah,pembelajaran berbasi masalah,,2009,3,33,ok,1,0,0,1.0,SOC,SOC,52.0,64.0,175.0
77635,2003,0,watermarking scheme,watermark scheme,watermark scheme|watermarking schemes,2003,2,17,ok,1,0,0,0.6387387387387388,CS,CS+Eng,35.0,71.0,154.0
77676,2004,0,dividend achievers,dividend achiev,dividend achievement,2004,2,14,ok,1,0,0,1.0,SOC,SOC,21.0,72.0,164.0
77679,2012,0,hunger games,hunger game,,2012,2,33,ok,1,0,0,0.5166666666666667,SOC,SOC,50.0,77.0,171.0
77780,2006,0,matter structure,matter structur,matter structures|matter structural|matters structure|matters structures,2006,2,31,ok,1,0,0,0.9333333333333333,PHYS,PHYS,63.0,70.0,204.0
77824,2005,0,integrated waveguide,integr waveguid,integrated waveguides,2005,2,22,ok,1,0,0,0.9333333333333333,Eng,CS+Eng,24.0,50.0,100.0
78028,2013,0,syndrome coronavirus mers,syndrom coronaviru mer,,2013,3,27,ok,1,0,0,0.7564102564102565,Med,BGM+Med,30.0,40.0,104.0
78040,2007,0,optimization of issr,optim of issr,,2007,3,11,ok,1,0,0,0.5666666666666667,LIFEENV,LIFEENV,20.0,43.0,94.0
78106,2008,0,publications in pss,public in pss,,2008,3,25;31,ok,2,1,0,0.5976190476190476,PHYS,PHYS,27.0,30.0,85.0
78162,2005,0,management during anaesthesia,manag dure anaesthesia,,2005,3,36,ok,1,0,0,0.92,Med,BGM+Med,23.0,2.0,25.0
78225,2013,0,kesiapan kerja,kesiapan kerja,,2012,2,33,ok,1,0,0,0.9,SOC,SOC,21.0,37.0,86.0
78243,2012,0,tahun pembelajaran,tahun pembelajaran,,2012,2,33,ok,1,0,0,1.0,SOC,SOC,46.0,72.0,218.0
78337,2004,0,mind body science,mind bodi scienc,,2004,3,33,ok,1,0,0,1.0,SOC,SOC,46.0,1.0,48.0
78365,2003,0,fbg sensors,fbg sensor,fbg sensor,2003,2,22,ok,1,0,0,0.9666666666666667,Eng,CS+Eng,23.0,25.0,67.0
78450,2013,0,gong cheng,gong cheng,,2015,2,22,ok,1,0,0,0.5,Eng,CS+Eng,36.0,266.0,330.0
78483,2014,0,sysmex xn,sysmex xn,,2014,2,27,ok,1,0,0,0.7416666666666667,Med,BGM+Med,21.0,31.0,81.0
78484,2013,0,terhadap disiplin,terhadap disiplin,,2013,2,33,ok,1,0,0,0.6518518518518519,SOC,SOC,34.0,79.0,142.0
78503,2008,0,neuro images,neuro imag,neuro imaging|neuro image,2008,2,27,ok,1,0,0,0.9583333333333334,Med,BGM+Med,52.0,72.0,175.0
78543,2013,0,apex pada,apex pada,,2013,2,17,ok,1,0,0,1.0,CS,CS+Eng,22.0,1.0,23.0
78573,2005,0,reserva ducke amazonas,reserva duck amazona,,2005,3,11,ok,1,0,0,1.0,LIFEENV,LIFEENV,28.0,10.0,49.0
78607,2009,0,gaya belajar,gaya belajar,,2009,2,33,ok,1,0,0,0.8666666666666667,SOC,SOC,31.0,32.0,79.0
78715,2009,0,pembelajaran kontekstual,pembelajaran kontekstu,,2009,2,33,ok,1,0,0,1.0,SOC,SOC,64.0,86.0,220.0
78737,2011,0,wave elastography,wave elastographi,waves elastography,2011,2,27,ok,1,0,0,0.9597701149425287,Med,BGM+Med,31.0,86.0,149.0
78776,2006,0,harmonious university,harmoni univers,harmonious universities,2006,2,33,ok,1,0,0,0.5333333333333333,SOC,SOC,23.0,39.0,104.0
78852,2010,0,ngn ims,ngn im,,2011,2,33,ok,1,0,0,0.9666666666666667,SOC,SOC,20.0,33.0,73.0
78863,2013,0,student interview,student interview,student interviews|student interviewers|students interview|students interviewing,2013,2,33,ok,1,0,0,0.6666666666666666,SOC,SOC,81.0,163.0,453.0
78868,2013,0,tert promoter mutations,tert promot mutat,tert promoter mutation,2013,3,27,ok,1,0,0,0.653125,Med,BGM+Med,24.0,45.0,104.0
79020,2004,0,uwb system,uwb system,uwb systems,2003,2,22,ok,1,0,0,0.4782051282051282,Eng,CS+Eng,28.0,98.0,195.0
79044,2005,0,cohen grossberg,cohen grossberg,,2004,2,31,ok,1,0,0,0.4372549019607843,PHYS,PHYS,28.0,44.0,110.0
79164,2007,0,scientific opinion,scientif opinion,scientific opinions,2007,2,11,ok,1,0,0,0.9655677655677656,LIFEENV,LIFEENV,38.0,232.0,513.0
79312,2004,0,research of web,research of web,,2004,3,17;22,ok,2,1,0,0.4777777777777778,CS,CS+Eng,27.0,28.0,71.0
79358,2010,0,jet and dijet,jet and dijet,,2010,3,31,ok,1,0,0,1.0,PHYS,PHYS,27.0,6.0,36.0
79371,2013,0,pope francis,pope franci,,2013,2,33,ok,1,0,0,0.6770833333333334,SOC,SOC,33.0,123.0,215.0
79376,2012,0,multimedia pembelajaran,multimedia pembelajaran,,2011,2,33,ok,1,0,0,0.9064814814814814,SOC,SOC,36.0,82.0,191.0
79397,2011,0,pengelolaan pembelajaran,pengelolaan pembelajaran,,2011,2,33,ok,1,0,0,0.9629629629629629,SOC,SOC,36.0,53.0,133.0
79570,2013,0,intensitas nyeri,intensita nyeri,,2013,2,36,ok,1,0,0,0.42857142857142855,Med,BGM+Med,22.0,46.0,113.0
79634,2014,0,kabupaten gunungkidul,kabupaten gunungkidul,,2014,2,33,ok,1,0,0,0.4583333333333333,SOC,SOC,50.0,81.0,185.0
79697,2009,0,course group,cours group,courses group|course groups,2009,2,17,ok,1,0,0,0.7254901960784313,CS,CS+Eng,22.0,24.0,63.0
79702,2012,0,pussy riot,pussi riot,,2012,2,33,ok,1,0,0,0.7933333333333333,SOC,SOC,29.0,54.0,121.0
79847,2013,0,kecamatan pontianak,kecamatan pontianak,,2013,2,33,ok,1,0,0,0.4,SOC,SOC,26.0,83.0,163.0
79853,2010,0,center of hirosaki,center of hirosaki,,2010,3,33,ok,1,0,0,0.9428571428571428,SOC,SOC,36.0,8.0,44.0
79960,2012,0,anak tunagrahita,anak tunagrahita,,2012,2,33,ok,1,0,0,0.9758620689655172,SOC,SOC,22.0,104.0,208.0
80034,2011,0,aktivitas belajar siswa,aktivita belajar siswa,,2013,3,33,ok,1,0,0,0.9943502824858756,SOC,SOC,26.0,108.0,161.0
80129,2004,0,gay marriage,gai marriag,gay marriages,2004,2,33,ok,1,0,0,0.8333333333333334,SOC,SOC,32.0,24.0,82.0
80142,2012,0,euroscore ii,euroscor ii,,2012,2,27,ok,1,0,0,0.9928571428571428,Med,BGM+Med,23.0,44.0,111.0
80223,2009,0,transumbilical laparoscopic,transumbil laparoscop,transumbilical laparoscopically,2009,2,27,ok,1,0,0,0.9333333333333333,Med,BGM+Med,21.0,28.0,79.0
80364,2012,0,world bank group,world bank group,,2012,3,33,ok,1,0,0,0.8,SOC,SOC,28.0,83.0,169.0
80469,2009,0,pada materi,pada materi,pada material,2007,2,33,ok,1,0,0,1.0,SOC,SOC,100.0,261.0,512.0
80567,2009,0,dot sensitized,dot sensit,dots sensitized,2009,2,25,ok,1,0,0,0.4563218390804598,PHYS,PHYS,25.0,102.0,184.0
80586,2007,0,scripta materialia,scripta materialia,,2007,2,22,ok,1,0,0,1.0,Eng,CS+Eng,20.0,23.0,69.0
80588,2012,0,serviced apartments,servic apart,serviced apartment|service apartment,2012,2,22,ok,1,0,0,0.5714285714285714,Eng,CS+Eng,180.0,19.0,264.0
80591,2008,0,snow disaster,snow disast,snow disasters,2008,2,23,ok,1,0,0,0.44509803921568625,LIFEENV,LIFEENV,33.0,32.0,90.0
80819,2006,0,pada cv,pada cv,,2008,2,14,ok,1,0,0,0.8,SOC,SOC,24.0,111.0,175.0
80832,2004,0,athens olympic,athen olymp,athens olympics,2005,2,33,ok,1,0,0,0.56,SOC,SOC,25.0,31.0,110.0
80938,2005,0,construction of harmonious,construct of harmoni,construction of harmony|constructing of harmonious,2005,3,33,ok,1,0,0,0.7419354838709677,SOC,SOC,65.0,273.0,514.0
81054,2009,0,yang dirawat,yang dirawat,,2009,2,27,ok,1,0,0,1.0,Med,BGM+Med,24.0,21.0,62.0
81065,2009,0,untuk pembelajaran,untuk pembelajaran,,2009,2,33,ok,1,0,0,0.7904761904761906,SOC,SOC,35.0,41.0,105.0
81136,2003,0,government affairs,govern affair,government affair,2003,2,17,ok,1,0,0,0.5071428571428572,CS,CS+Eng,28.0,26.0,81.0
81153,2012,0,kabupaten indragiri,kabupaten indragiri,,2013,2,33,ok,1,0,0,0.4121212121212121,SOC,SOC,26.0,54.0,119.0
81280,2009,0,library computer,librari comput,library computers|library computing|libraries computer|libraries computing,2009,2,17,ok,1,0,0,0.6363636363636364,CS,CS+Eng,39.0,65.0,122.0
81315,2010,0,kemampuan kognitif,kemampuan kognitif,,2010,2,33,ok,1,0,0,1.0,SOC,SOC,34.0,112.0,219.0
81330,2012,0,elicobacter pylori,elicobact pylori,,2012,2,27,ok,1,0,0,0.9591836734693878,Med,BGM+Med,49.0,54.0,159.0
81392,2008,0,tugas akhir,tuga akhir,,2008,2,33,ok,1,0,0,0.5,SOC,SOC,47.0,27.0,80.0
81397,2006,0,seminar summary,seminar summari,,2006,2,27,ok,1,0,0,1.0,Med,BGM+Med,39.0,1.0,41.0
81401,2003,0,wilkinson microwave anisotropy,wilkinson microwav anisotropi,,2003,3,31,ok,1,0,0,0.9894736842105263,PHYS,PHYS,33.0,14.0,68.0
81484,2004,0,domain optical,domain optic,domain optic,2004,2,22,ok,1,0,0,0.788888888888889,Eng,CS+Eng,31.0,70.0,137.0
81693,2009,0,anak usia dini,anak usia dini,,2009,3,33,ok,1,0,0,0.9777777777777777,SOC,SOC,63.0,115.0,257.0
81782,2006,0,deus caritas,deu carita,,2006,2,33,ok,1,0,0,0.5703703703703703,SOC,SOC,41.0,13.0,84.0
81788,2011,0,turbine gearbox,turbin gearbox,turbine gearboxes|turbines gearbox,2010,2,22,ok,1,0,0,0.9902439024390244,Eng,CS+Eng,28.0,42.0,117.0
81858,2007,0,appel de saint,appel de saint,,2007,3,33,ok,1,0,0,1.0,SOC,SOC,31.0,24.0,80.0
81883,2007,0,kulit batang,kulit batang,,2007,2,11,ok,1,0,0,0.75,LIFEENV,LIFEENV,25.0,34.0,73.0
81888,2006,0,brycon amazonicus,brycon amazonicu,,2006,2,11,ok,1,0,0,0.6818181818181818,LIFEENV,LIFEENV,29.0,14.0,59.0
81891,2013,0,kabupaten pasaman barat,kabupaten pasaman barat,,2013,3,33,ok,1,0,0,0.9098039215686275,SOC,SOC,26.0,31.0,100.0
81892,2013,0,hesitant fuzzy,hesit fuzzi,,2013,2,17,ok,1,0,0,0.611111111111111,CS,CS+Eng,46.0,130.0,306.0
81916,2014,0,sunandha rajabhat university,sunandha rajabhat univers,,2014,3,14,ok,1,0,0,0.6333333333333333,SOC,SOC,35.0,19.0,68.0
81939,2004,0,products or substances,product or substanc,,2004,3,11,ok,1,0,0,1.0,LIFEENV,LIFEENV,38.0,32.0,102.0
81984,2008,0,wilayah kerja,wilayah kerja,,2008,2,20,weak_home,1,0,1,0.25,SOC,SOC,45.0,95.0,192.0
82022,2005,0,statement of principles,statement of principl,,2005,3,27,ok,1,0,0,0.5,Med,BGM+Med,145.0,45.0,232.0
82027,2011,0,provinsi jawa tengah,provinsi jawa tengah,,2012,3,33,weak_home,1,0,1,0.26436781609195403,SOC,SOC,36.0,131.0,263.0
82035,2012,0,dalam membentuk,dalam membentuk,,2011,2,33,ok,1,0,0,0.7,SOC,SOC,39.0,70.0,153.0
82053,2010,0,surakarta tahun pelajaran,surakarta tahun pelajaran,,2010,3,33,ok,1,0,0,1.0,SOC,SOC,27.0,46.0,96.0
82099,2011,0,euro crisis,euro crisi,,2011,2,33,ok,1,0,0,0.528125,SOC,SOC,27.0,69.0,155.0
82129,2005,0,sutong bridge,sutong bridg,,2005,2,22,ok,1,0,0,1.0,Eng,CS+Eng,24.0,15.0,57.0
82164,2013,0,badan kepegawaian daerah,badan kepegawaian daerah,,2013,3,33,ok,1,0,0,0.8037037037037037,SOC,SOC,39.0,55.0,129.0
82291,2010,0,dodd frank,dodd frank,,2010,2,14,ok,1,0,0,0.42380952380952386,SOC,SOC,42.0,92.0,268.0
82375,2011,0,media kartu,media kartu,,2009,2,33,ok,1,0,0,1.0,SOC,SOC,36.0,99.0,156.0
82420,2014,0,south napa earthquake,south napa earthquak,,2014,3,19,ok,1,0,0,0.9777777777777777,PHYS,PHYS,27.0,8.0,59.0
82434,2009,0,keahlian teknik,keahlian teknik,,2009,2,33,ok,1,0,0,0.8783333333333334,SOC,SOC,26.0,36.0,96.0
82509,2013,0,terhadap kesiapan,terhadap kesiapan,,2012,2,33,ok,1,0,0,0.8222222222222223,SOC,SOC,37.0,54.0,140.0
82596,2013,0,terhadap minat berwirausaha,terhadap minat berwirausaha,,2013,3,33,ok,1,0,0,0.854320987654321,SOC,SOC,32.0,46.0,117.0
82648,2012,0,islander primary health,island primari health,,2012,3,36,ok,1,0,0,0.6666666666666666,Med,BGM+Med,24.0,1.0,29.0
82666,2013,0,undang undang hukum,undang undang hukum,,2011,3,33,ok,1,0,0,0.9892473118279571,SOC,SOC,25.0,51.0,131.0
82715,2013,0,3d graphene,3d graphen,,2013,2,22,ok,1,0,0,0.5121212121212121,Eng,CS+Eng,22.0,73.0,140.0
82743,2008,0,kimia farma,kimia farma,,2008,2,11,ok,1,0,0,1.0,LIFEENV,LIFEENV,26.0,13.0,54.0
82803,2011,0,yolk shell,yolk shell,,2010,2,16,ok,1,0,0,0.4857142857142857,PHYS,PHYS,22.0,70.0,129.0
82908,2010,0,kabupaten gowa,kabupaten gowa,,2010,2,36,ok,1,0,0,0.4,Med,BGM+Med,22.0,34.0,83.0
83071,2009,0,perbankan yang,perbankan yang,,2007,2,14;33,ok,2,1,0,0.49333333333333335,SOC,SOC,38.0,72.0,159.0
83089,2013,0,kependudukan dan pencatatan,kependudukan dan pencatatan,,2013,3,33,ok,1,0,0,0.7666666666666667,SOC,SOC,25.0,49.0,90.0
83146,2009,0,pembelajaran kimia,pembelajaran kimia,,2009,2,33,ok,1,0,0,0.9296296296296297,SOC,SOC,23.0,36.0,84.0
83195,2004,0,aerospace and electronic,aerospac and electron,aerospace and electronics,2004,3,22,ok,1,0,0,1.0,Eng,CS+Eng,54.0,29.0,127.0
83211,2008,0,jacc cardiovascular,jacc cardiovascular,,2008,2,27,ok,1,0,0,1.0,Med,BGM+Med,24.0,48.0,156.0
83380,2006,0,museum home,museum home,,2006,2,22,ok,1,0,0,1.0,Eng,CS+Eng,32.0,1.0,35.0
83445,2013,0,medidas de apoyo,medida de apoyo,medida de apoyo,2013,3,33,ok,1,0,0,1.0,SOC,SOC,22.0,27.0,72.0
83494,2014,0,pajak studi pada,pajak studi pada,,2014,3,33,ok,1,0,0,0.954954954954955,SOC,SOC,22.0,28.0,89.0
83518,2010,0,belajar ilmu,belajar ilmu,,2010,2,33,ok,1,0,0,1.0,SOC,SOC,20.0,13.0,47.0
83576,2012,0,kemampuan motorik,kemampuan motorik,,2011,2,33,ok,1,0,0,1.0,SOC,SOC,49.0,134.0,257.0
83598,2012,0,driver mutations,driver mutat,driver mutation,2012,2,27,ok,1,0,0,0.6015873015873016,Med,BGM+Med,28.0,38.0,90.0
83677,2010,0,pendidikan karakter,pendidikan karakt,,2010,2,33,ok,1,0,0,1.0,SOC,SOC,37.0,198.0,334.0
83775,2008,0,beitrag zur frage,beitrag zur frage,,2008,3,27,ok,1,0,0,0.9631578947368421,Med,BGM+Med,32.0,43.0,119.0
83789,2009,0,sifat organoleptik,sifat organoleptik,,2009,2,11;33,ok,2,1,0,0.6,LIFEENV,LIFEENV,20.0,23.0,68.0
83869,2009,0,media komunikasi visual,media komunikasi visual,,2009,3,33,ok,1,0,0,1.0,SOC,SOC,45.0,20.0,87.0
83890,2012,0,tellin lies,tellin li,,2012,2,33,ok,1,0,0,1.0,SOC,SOC,44.0,1.0,49.0
83922,2014,0,kalasan sleman,kalasan sleman,,2014,2,33,ok,1,0,0,0.6666666666666666,SOC,SOC,29.0,17.0,49.0
84331,2008,0,body brain,bodi brain,,2008,2,33,ok,1,0,0,0.6842105263157895,SOC,SOC,54.0,84.0,205.0
84383,2014,0,information and power,inform and power,,2014,3,22,ok,1,0,0,0.7914529914529915,Eng,CS+Eng,26.0,49.0,117.0
84411,2014,0,ley general presupuestaria,lei gener presupuestaria,,2014,3,33,ok,1,0,0,1.0,SOC,SOC,28.0,1.0,45.0
84432,2008,0,rancang bangun aplikasi,rancang bangun aplikasi,,2008,3,17,ok,1,0,0,1.0,CS,CS+Eng,41.0,42.0,122.0
84441,2013,0,tari topeng,tari topeng,,2013,2,33,ok,1,0,0,1.0,SOC,SOC,25.0,22.0,57.0
84443,2012,0,tikus wistar,tiku wistar,,2013,2,11,ok,1,0,0,0.6333333333333333,LIFEENV,LIFEENV,25.0,71.0,162.0
84707,2010,0,anak melalui,anak melalui,,2011,2,33,ok,1,0,0,0.9922480620155039,SOC,SOC,21.0,131.0,181.0
84743,2003,0,contemporary psychology,contemporari psychologi,,2003,2,32,ok,1,0,0,0.7333333333333333,SOC,SOC,40.0,5.0,49.0
84841,2009,0,economic crises,econom crise,,2009,2,33,ok,1,0,0,0.42833333333333334,SOC,SOC,54.0,71.0,200.0
84845,2006,0,considerations for university,consider for univers,,2006,3,33,ok,1,0,0,1.0,SOC,SOC,32.0,1.0,33.0
84956,2010,0,pls ii,pl ii,,2010,2,33,ok,1,0,0,0.5263157894736842,SOC,SOC,21.0,8.0,42.0
85009,2014,0,beton mutu tinggi,beton mutu tinggi,,2014,3,22,ok,1,0,0,0.9025641025641026,Eng,CS+Eng,23.0,35.0,90.0
85051,2009,0,influenza h1n1,influenza h1n1,,2009,2,27,ok,1,0,0,0.8809523809523809,Med,BGM+Med,66.0,106.0,300.0
85129,2014,0,ebola epidemic,ebola epidem,ebola epidemics,2014,2,27,ok,1,0,0,0.4155038759689923,Med,BGM+Med,48.0,62.0,178.0
85191,2009,0,governance terhadap,govern terhadap,government terhadap,2009,2,14,ok,1,0,0,0.8015151515151515,SOC,SOC,36.0,68.0,148.0
85216,2013,0,pada pembelajaran matematika,pada pembelajaran matematika,,2013,3,33,ok,1,0,0,0.9807692307692307,SOC,SOC,107.0,91.0,297.0
85378,2014,0,civil art,civil art,civiles art|civil arts,2014,2,33,ok,1,0,0,1.0,SOC,SOC,333.0,2.0,530.0
85440,2004,0,observation on germicidal,observ on germicid,,2004,3,27,ok,1,0,0,1.0,Med,BGM+Med,22.0,25.0,59.0
85483,2004,0,african burial ground,african burial ground,,2004,3,33,ok,1,0,0,1.0,SOC,SOC,20.0,27.0,49.0
85615,2014,0,halide perovskite,halid perovskit,halide perovskites,2013,2,22,ok,1,0,0,0.5222222222222223,Eng,CS+Eng,129.0,410.0,754.0
85629,2011,0,penguasaan kosakata,penguasaan kosakata,,2013,2,33,ok,1,0,0,1.0,SOC,SOC,20.0,74.0,111.0
85691,2011,0,bolezn yu serdtsa,bolezn yu serdtsa,,2011,3,27,ok,1,0,0,1.0,Med,BGM+Med,20.0,21.0,42.0
85771,2003,0,prelim iii,prelim iii,,2003,2,23,ok,1,0,0,0.4166666666666667,LIFEENV,LIFEENV,21.0,34.0,87.0
85888,2011,0,residue levels mrls,residu level mrl,residue level mrl,2011,3,11,ok,1,0,0,1.0,LIFEENV,LIFEENV,34.0,50.0,135.0
86030,2014,0,ka leo,ka leo,,2014,2,12,ok,1,0,0,1.0,SOC,SOC,59.0,28.0,133.0
86165,2009,0,siswa yang,siswa yang,,2009,2,33,ok,1,0,0,0.9983333333333333,SOC,SOC,25.0,37.0,86.0
86189,2007,0,electromagnetics and mechanics,electromagnet and mechan,electromagnetic and mechanical,2007,3,22,ok,1,0,0,0.8,Eng,CS+Eng,79.0,67.0,149.0
86219,2009,0,membaca pemahaman,membaca pemahaman,,2009,2,33,ok,1,0,0,1.0,SOC,SOC,23.0,41.0,95.0
86281,2011,0,perencanaan bisnis,perencanaan bisni,,2011,2,14,ok,1,0,0,0.8,SOC,SOC,28.0,17.0,52.0
86359,2007,0,border wall,border wall,border walls,2007,2,33,ok,1,0,0,1.0,SOC,SOC,40.0,15.0,128.0
86402,2014,0,model discovery,model discoveri,,2015,2,33,ok,1,0,0,0.9228070175438597,SOC,SOC,25.0,93.0,232.0
86457,2004,0,electron devices society,electron devic societi,,2004,3,22,ok,1,0,0,1.0,Eng,CS+Eng,20.0,20.0,60.0
86482,2014,0,lightning talks,lightn talk,lightning talk,2014,2,17;36,ok,2,1,0,0.6,CS,CS+Eng,48.0,90.0,226.0
86490,2008,0,pengaruh penerapan,pengaruh penerapan,,2009,2,33,ok,1,0,0,0.5375,SOC,SOC,25.0,69.0,166.0
86540,2006,0,xiao xue,xiao xue,,2006,2,27,ok,1,0,0,0.8,Med,BGM+Med,23.0,30.0,82.0
86613,2004,0,administrative committee,administr committe,administration committee,2005,2,22,ok,1,0,0,0.6843137254901961,Eng,CS+Eng,20.0,29.0,70.0
86705,2014,0,liposomal bupivacaine,liposom bupivacain,liposome bupivacaine,2014,2,27,ok,1,0,0,0.9922480620155039,Med,BGM+Med,31.0,69.0,151.0
86738,2008,0,pegawai pada,pegawai pada,,2008,2,33,ok,1,0,0,0.4444444444444444,SOC,SOC,29.0,29.0,80.0
86767,2004,0,expanded hormone assay,expand hormon assai,,2004,3,27,ok,1,0,0,0.6470588235294117,Med,BGM+Med,34.0,36.0,103.0
86798,2012,0,cfr interview,cfr interview,,2012,2,33,ok,1,0,0,1.0,SOC,SOC,20.0,9.0,50.0
86900,2003,0,psychology members,psychologi member,,2003,2,32,ok,1,0,0,0.8333333333333334,SOC,SOC,20.0,1.0,21.0
86929,2014,0,bpjs kesehatan,bpj kesehatan,,2014,2,33,ok,1,0,0,0.768421052631579,SOC,SOC,22.0,87.0,159.0
86933,2008,0,spectrum sharing,spectrum share,spectrum shared,2007,2,22,ok,1,0,0,0.7,Eng,CS+Eng,46.0,78.0,182.0
86998,2004,0,food afc,food afc,,2004,2,11,ok,1,0,0,1.0,LIFEENV,LIFEENV,26.0,27.0,88.0
87018,2011,0,fukushima dai ichi,fukushima dai ichi,,2011,3,33,ok,1,0,0,0.4,SOC,SOC,28.0,95.0,211.0
87257,2006,0,condition optimization,condit optim,conditions optimization|condition optimizing|conditions optimized|conditional optimal|conditional optimization,2006,2,22,weak_home,1,0,1,0.3111111111111111,Eng,CS+Eng,24.0,51.0,104.0
87353,2009,0,teams achievement division,team achiev divis,team achievement division|teams achievement divisions|team achievement divisions|teams achievment division|team achievment division,2008,3,33,ok,1,0,0,0.9764705882352942,SOC,SOC,60.0,81.0,218.0
87362,2003,0,treatment of sars,treatment of sar,,2003,3,27,ok,1,0,0,0.9407407407407408,Med,BGM+Med,40.0,2.0,58.0
87598,2011,0,reabilitatsii bol,reabilitatsii bol,,2011,2,27,ok,1,0,0,1.0,Med,BGM+Med,20.0,5.0,25.0
87599,2012,0,perairan sungai,perairan sungai,,2012,2,11,ok,1,0,0,0.75,LIFEENV,LIFEENV,23.0,33.0,75.0
87675,2006,0,sister journals,sister journal,sister journal,2007,2,16;22,ok,2,1,0,0.5118721461187214,PHYS,PHYS,22.0,238.0,431.0
87707,2014,0,momentum in pp,momentum in pp,,2014,3,31,ok,1,0,0,1.0,PHYS,PHYS,21.0,26.0,69.0
87854,2008,0,forest right,forest right,forest rights,2008,2,33,ok,1,0,0,0.5714285714285714,SOC,SOC,23.0,35.0,84.0
87885,2013,0,voer weidings,voer weid,voer weiding,2013,2,33,ok,1,0,0,1.0,SOC,SOC,37.0,45.0,123.0
87909,2007,0,oa ws,oa w,,2007,2,27,ok,1,0,0,1.0,Med,BGM+Med,23.0,41.0,103.0
88050,2006,0,dewan redaksi,dewan redaksi,,2006,2,33,ok,1,0,0,1.0,SOC,SOC,32.0,2.0,37.0
88148,2014,0,effectiveness of mindfulness,effect of mind,effectiveness of mind|effectiveness of mindful,2012,3,27,ok,1,0,0,0.49714285714285716,Med,BGM+Med,27.0,72.0,137.0
88190,2010,0,functionalization of graphene,function of graphen,function of graphene|functions of graphene,2010,3,25,weak_home,1,0,1,0.38070175438596493,PHYS,PHYS,21.0,47.0,94.0
88247,2013,0,flexible supercapacitors,flexibl supercapacitor,flexible supercapacitor,2012,2,22,ok,1,0,0,0.6079365079365079,Eng,CS+Eng,33.0,65.0,145.0
88253,2014,0,topological kondo,topolog kondo,,2014,2,31,ok,1,0,0,0.9479166666666666,PHYS,PHYS,26.0,22.0,82.0
88371,2003,0,outbreak of severe,outbreak of sever,outbreaks of severe,2003,3,27,ok,1,0,0,0.8666666666666667,Med,BGM+Med,27.0,12.0,54.0
88445,2014,0,probable supernova,probabl supernova,probable supernovae,2014,2,31,ok,1,0,0,1.0,PHYS,PHYS,48.0,121.0,302.0
88450,2004,0,course proposal,cours propos,,2004,2,33,ok,1,0,0,1.0,SOC,SOC,112.0,69.0,196.0
88536,2005,0,trust model,trust model,trust models|trust modeling|trusted model,2005,2,17,ok,1,0,0,0.6555555555555556,CS,CS+Eng,39.0,72.0,168.0
88566,2003,0,ohu university dental,ohu univers dental,,2003,3,33,ok,1,0,0,1.0,SOC,SOC,37.0,2.0,59.0
88578,2005,0,comet 9p tempel,comet 9p tempel,,2005,3,31,ok,1,0,0,1.0,PHYS,PHYS,35.0,49.0,127.0
88611,2008,0,forthcoming publications,forthcom public,forthcoming publication,2008,2,25;31,ok,2,1,0,0.5976190476190476,PHYS,PHYS,27.0,30.0,85.0
88650,2005,0,american geophysical union,american geophys union,,2005,3,19,ok,1,0,0,1.0,PHYS,PHYS,54.0,55.0,163.0
88747,2007,0,improved pso,improv pso,,2007,2,22,ok,1,0,0,0.7393939393939394,Eng,CS+Eng,20.0,33.0,77.0
88789,2005,0,miljoen euro,miljoen euro,,2005,2,27,ok,1,0,0,1.0,Med,BGM+Med,22.0,29.0,65.0
88805,2012,0,multiscale multiphase,multiscal multiphas,,2012,2,22,ok,1,0,0,0.8214285714285714,Eng,CS+Eng,28.0,1.0,29.0
88880,2012,0,kiambu county,kiambu counti,kiambu counties,2012,2,33,weak_home,1,0,1,0.36363636363636365,SOC,SOC,30.0,62.0,120.0
88904,2012,0,cervical vestibular,cervic vestibular,,2012,2,27;28,ok,2,1,0,0.6,Med,BGM+Med,21.0,30.0,63.0
88969,2013,0,acknowledgement of manuscript,acknowledg of manuscript,acknowledgment of manuscript,2013,3,27,ok,1,0,0,0.5,Med,BGM+Med,34.0,20.0,81.0
89072,2013,0,studi deskriptif terhadap,studi deskriptif terhadap,,2011,3,33,ok,1,0,0,1.0,SOC,SOC,43.0,46.0,131.0
89090,2013,0,pidana terhadap,pidana terhadap,,2012,2,33,ok,1,0,0,1.0,SOC,SOC,44.0,100.0,214.0
89174,2010,0,valve in valve,valv in valv,,2010,3,27,ok,1,0,0,1.0,Med,BGM+Med,23.0,58.0,120.0
89197,2010,0,keterampilan berpikir,keterampilan berpikir,,2009,2,33,ok,1,0,0,0.9791666666666666,SOC,SOC,21.0,74.0,125.0
89219,2011,0,social management innovation,social manag innov,,2011,3,33,ok,1,0,0,0.863768115942029,SOC,SOC,29.0,33.0,100.0
89220,2011,0,lte networks,lte network,lte network,2011,2,17,ok,1,0,0,0.5236111111111111,CS,CS+Eng,43.0,65.0,168.0
89438,2012,0,xix early xx,xix earli xx,,2012,3,33,ok,1,0,0,0.7866666666666667,SOC,SOC,20.0,40.0,81.0
89442,2014,0,flight engineer,flight engin,flight engineers,2014,2,27,ok,1,0,0,1.0,Med,BGM+Med,42.0,66.0,164.0
89472,2012,0,uplc qtof,uplc qtof,,2010,2,13,weak_home,1,0,1,0.31333333333333335,BGM,BGM+Med,21.0,24.0,67.0
89574,2010,0,sensitivity troponin,sensit troponin,sensitive troponin|sensitivity troponins|sensitive troponins,2010,2,27,ok,1,0,0,1.0,Med,BGM+Med,45.0,86.0,218.0
89625,2010,0,comet 103p hartley,comet 103p hartlei,comets 103p hartley,2011,3,31,ok,1,0,0,1.0,PHYS,PHYS,21.0,38.0,99.0
89710,2010,0,hifi observations,hifi observ,,2010,2,31,ok,1,0,0,1.0,PHYS,PHYS,24.0,6.0,43.0
89749,2012,0,abb nbsp,abb nbsp,,2012,2,12,ok,1,0,0,1.0,SOC,SOC,30.0,29.0,89.0
89789,2011,0,research of cloud,research of cloud,,2011,3,17,ok,1,0,0,0.5666666666666667,CS,CS+Eng,20.0,22.0,55.0
89808,2009,0,akt mtor signaling,akt mtor signal,akt mtor signal|akt mtor signalling,2009,3,27,ok,1,0,0,0.5666666666666667,Med,BGM+Med,20.0,29.0,77.0
89856,2009,0,ii kecamatan,ii kecamatan,,2010,2,33,ok,1,0,0,0.9787037037037037,SOC,SOC,22.0,56.0,149.0
89860,2014,0,thomas piketty,thoma piketti,,2014,2,33,ok,1,0,0,0.7704918032786885,SOC,SOC,87.0,45.0,229.0
89888,2010,0,post 90s,post 90,,2010,2,33,ok,1,0,0,0.4166666666666667,SOC,SOC,21.0,25.0,79.0
89961,2005,0,perusahaan manufaktur,perusahaan manufaktur,,2007,2,14,ok,1,0,0,0.9733333333333333,SOC,SOC,25.0,113.0,181.0
89964,2005,0,unscented kalman,unscent kalman,,2005,2,22,ok,1,0,0,0.6519999999999999,Eng,CS+Eng,29.0,54.0,115.0
90063,2014,0,center gamma,center gamma,,2014,2,31,ok,1,0,0,1.0,PHYS,PHYS,21.0,8.0,44.0
90154,2006,0,matter front,matter front,,2006,2,33,ok,1,0,0,1.0,SOC,SOC,30.0,1.0,34.0
90161,2009,0,malang tahun,malang tahun,,2009,2,33,ok,1,0,0,1.0,SOC,SOC,105.0,86.0,316.0
90173,2011,0,polymers with ramifications,polym with ramif,,2011,3,31,ok,1,0,0,1.0,PHYS,PHYS,25.0,1.0,26.0
90184,2011,0,partnerships and cooperations,partnership and cooper,partnership and cooperation|partnerships and cooperation,2011,3,33,ok,1,0,0,0.6666666666666666,SOC,SOC,47.0,52.0,104.0
90242,2009,0,semester ii,semest ii,,2009,2,33,ok,1,0,0,0.9805555555555555,SOC,SOC,59.0,77.0,227.0
90281,2007,0,secolo xix,secolo xix,,2007,2,33,ok,1,0,0,1.0,SOC,SOC,65.0,14.0,80.0
90346,2009,0,group investigation gi,group investig gi,,2009,3,33,ok,1,0,0,0.9848484848484849,SOC,SOC,28.0,47.0,115.0
90378,2013,0,lumen fidei,lumen fidei,,2013,2,33,ok,1,0,0,0.6466666666666666,SOC,SOC,27.0,11.0,69.0
90420,2010,0,mark zuckerberg,mark zuckerberg,,2010,2,33,ok,1,0,0,1.0,SOC,SOC,24.0,17.0,53.0
90449,2014,0,untuk melatihkan keterampilan,untuk melatihkan keterampilan,,2014,3,33,ok,1,0,0,1.0,SOC,SOC,24.0,49.0,112.0
90573,2006,0,interest litigation,interest litig,interests litigation,2005,2,33,ok,1,0,0,0.7425925925925926,SOC,SOC,23.0,37.0,85.0
90688,2007,0,tomato solanum lycopersicum,tomato solanum lycopersicum,tomatoes solanum lycopersicum,2007,3,11,ok,1,0,0,0.6777777777777778,LIFEENV,LIFEENV,21.0,76.0,139.0
90890,2008,0,reviews cinema,review cinema,,2008,2,33,ok,1,0,0,1.0,SOC,SOC,29.0,1.0,32.0
90936,2008,0,library university,librari univers,libraries university,2010,2,33,ok,1,0,0,0.8555555555555556,SOC,SOC,26.0,105.0,161.0
91027,2003,0,pros 4sb,pro 4sb,,2003,2,33,ok,1,0,0,0.9333333333333333,SOC,SOC,40.0,18.0,74.0
91062,2013,0,library finance,librari financ,library finances,2013,2,33,ok,1,0,0,1.0,SOC,SOC,21.0,18.0,40.0
91123,2012,0,hexanucleotide repeat expansions,hexanucleotid repeat expans,hexanucleotide repeat expansion,2012,3,27,ok,1,0,0,0.7583333333333333,Med,BGM+Med,23.0,17.0,54.0
91219,2014,0,effectiveness and durability,effect and durabl,effective and durable,2014,3,11;27,ok,2,1,0,0.5666666666666667,LIFEENV,LIFEENV,24.0,10.0,39.0
91256,2010,0,tandan kosong kelapa,tandan kosong kelapa,,2011,3,11,ok,1,0,0,1.0,LIFEENV,LIFEENV,26.0,26.0,72.0
91283,2006,0,plenary lecture,plenari lectur,plenary lectures,2008,2,27,ok,1,0,0,0.41333333333333333,Med,BGM+Med,28.0,137.0,205.0
91350,2014,0,model bisnis,model bisni,,2014,2,33,ok,1,0,0,0.5,SOC,SOC,25.0,39.0,89.0
91384,2011,0,cd ii coordination,cd ii coordin,,2009,3,25;16,ok,2,1,0,0.5399999999999999,PHYS,PHYS,23.0,57.0,113.0
91413,2009,0,perancangan media komunikasi,perancangan media komunikasi,,2009,3,33,ok,1,0,0,1.0,SOC,SOC,33.0,8.0,58.0
91432,2011,0,online reviews,onlin review,,2009,2,14,weak_home,1,0,1,0.3487179487179487,SOC,SOC,22.0,71.0,132.0
91492,2004,0,ministeriali questioni generali,ministeriali questioni generali,,2004,3,14,ok,1,0,0,1.0,SOC,SOC,27.0,27.0,73.0
91587,2013,0,materi kelarutan,materi kelarutan,,2012,2,33,ok,1,0,0,1.0,SOC,SOC,22.0,35.0,79.0
91686,2009,0,orang tua terhadap,orang tua terhadap,,2009,3,33,ok,1,0,0,0.976388888888889,SOC,SOC,27.0,52.0,100.0
91694,2007,0,survei pada,survei pada,survey pada,2007,2,33,ok,1,0,0,0.8,SOC,SOC,45.0,67.0,205.0
91703,2013,0,dimensional materials,dimension materi,dimensional material,2014,2,31,weak_home,1,0,1,0.3054054054054054,PHYS,PHYS,30.0,123.0,256.0
91715,2009,0,fuzzy topsis,fuzzi topsi,,2007,2,17,ok,1,0,0,0.4549019607843138,CS,CS+Eng,27.0,61.0,111.0
91738,2011,0,renal denervation,renal denerv,renale denervation|renaler denervation,2011,2,27,ok,1,0,0,0.9943859649122807,Med,BGM+Med,31.0,186.0,324.0
91758,2014,0,library center,librari center,,2014,2,12,ok,1,0,0,1.0,SOC,SOC,77.0,10.0,103.0
91765,2012,0,genomic prediction,genom predict,genomic predictions|genome prediction,2011,2,11;13,ok,2,1,0,0.5160919540229885,LIFEENV,LIFEENV,35.0,108.0,191.0
91777,2014,0,adv mater interfaces,adv mater interfac,,2014,3,25,ok,1,0,0,1.0,PHYS,PHYS,41.0,70.0,167.0
91834,2014,0,reality berbasis,realiti berbasi,,2014,2,17,ok,1,0,0,0.8933333333333333,CS,CS+Eng,23.0,16.0,60.0
91842,2005,0,harmonious socialist society,harmoni socialist societi,harmonious socialistic society,2005,3,33,ok,1,0,0,0.6342857142857142,SOC,SOC,35.0,52.0,162.0
91904,2012,0,physics on materials,physic on materi,,2012,3,22,ok,1,0,0,0.6521739130434783,Eng,CS+Eng,22.0,1.0,23.0
91925,2010,0,typhoon morakot,typhoon morakot,,2011,2,19,ok,1,0,0,0.55,PHYS,PHYS,27.0,41.0,107.0
91933,2008,0,m2 branes,m2 brane,m2 brane,2008,2,31,ok,1,0,0,1.0,PHYS,PHYS,33.0,18.0,81.0
91979,2011,0,personen unternehmen,personen unternehmen,,2011,2,22,ok,1,0,0,1.0,Eng,CS+Eng,30.0,22.0,84.0
92111,2012,0,sequence of pseudomonas,sequenc of pseudomona,sequences of pseudomonas,2012,3,13,ok,1,0,0,0.8148148148148148,BGM,BGM+Med,24.0,31.0,79.0
92125,2008,0,saving and emission,save and emiss,saving and emissions|savings and emission|savings and emissions,2008,3,22,ok,1,0,0,0.8260869565217391,Eng,CS+Eng,55.0,140.0,295.0
92132,2012,0,terhadap kepatuhan,terhadap kepatuhan,,2010,2,14,ok,1,0,0,0.9095238095238095,SOC,SOC,46.0,115.0,227.0
92186,2011,0,speciosa native,speciosa nativ,,2011,2,11,ok,1,0,0,1.0,LIFEENV,LIFEENV,28.0,1.0,29.0
92198,2011,0,municipal code,municip code,,2011,2,33,ok,1,0,0,1.0,SOC,SOC,55.0,57.0,165.0
92256,2006,0,harmonious campus,harmoni campu,harmony campus,2005,2,33,ok,1,0,0,0.5490196078431372,SOC,SOC,100.0,198.0,499.0
92319,2011,0,act in relation,act in relat,,2011,3,27,weak_home,1,0,1,0.3333333333333333,Med,BGM+Med,69.0,6.0,77.0
92341,2008,0,terhadap komitmen,terhadap komitmen,,2007,2,33,ok,1,0,0,0.6896551724137931,SOC,SOC,22.0,32.0,82.0
92417,2009,0,studi eksperimen,studi eksperimen,,2009,2,33,ok,1,0,0,0.875,SOC,SOC,48.0,70.0,168.0
92506,2012,0,crime commissioner,crime commission,crime commissioners,2012,2,33,ok,1,0,0,0.9375,SOC,SOC,21.0,17.0,54.0
92575,2013,0,kitab undang undang,kitab undang undang,,2011,3,33,ok,1,0,0,0.9881720430107527,SOC,SOC,22.0,51.0,127.0
92582,2009,0,library leadership,librari leadership,,2009,2,33,ok,1,0,0,0.9230769230769231,SOC,SOC,32.0,17.0,69.0
92656,2011,0,adventure time,adventur time,,2011,2,33,ok,1,0,0,1.0,SOC,SOC,37.0,39.0,110.0
92657,2013,0,field service,field servic,field services,2013,2,22,ok,1,0,0,0.5384615384615384,Eng,CS+Eng,38.0,41.0,131.0
92661,2005,0,circulation economy,circul economi,circulating economy|circulated economy|circulate economy|circulative economy,2004,2,22,weak_home,1,0,1,0.38275862068965516,Eng,CS+Eng,37.0,53.0,143.0
92833,2012,0,dante alighieri,dant alighieri,,2014,2,12,ok,1,0,0,0.7809523809523811,SOC,SOC,25.0,126.0,167.0
92939,2004,0,serum proteomic,serum proteom,serum proteomics|serum proteome|serum proteomes,2004,2,27,ok,1,0,0,0.5625,Med,BGM+Med,44.0,72.0,152.0
92994,2011,0,electromembrane extraction,electromembran extract,,2011,2,16,ok,1,0,0,0.7958333333333333,PHYS,PHYS,21.0,19.0,52.0
93109,2010,0,reforma laboral,reforma labor,,2010,2,33,ok,1,0,0,0.9743589743589743,SOC,SOC,101.0,212.0,389.0
93141,2008,0,resources by subject,resourc by subject,,2008,3,17,ok,1,0,0,1.0,CS,CS+Eng,70.0,34.0,125.0
93214,2014,0,services rapid,servic rapid,,2014,2,36,ok,1,0,0,1.0,Med,BGM+Med,22.0,2.0,48.0
93248,2012,0,physics of exotic,physic of exot,,2012,3,31,ok,1,0,0,1.0,PHYS,PHYS,71.0,1.0,73.0
93324,2012,0,specific instrumentation,specif instrument,specific instrument|specific instruments,2010,2,27,ok,1,0,0,0.9349593495934959,Med,BGM+Med,21.0,56.0,123.0
93360,2009,0,sekolah menengah kejuruan,sekolah menengah kejuruan,,2009,3,33,ok,1,0,0,0.9428571428571428,SOC,SOC,51.0,65.0,168.0
93365,2014,0,4g lte,4g lte,,2014,2,17;22,ok,2,1,0,0.45256410256410257,CS,CS+Eng,26.0,45.0,108.0
93438,2014,0,release dimethyl,releas dimethyl,,2015,2,27,ok,1,0,0,0.8983333333333333,Med,BGM+Med,23.0,16.0,79.0
93479,2003,0,aluminum electrolysis,aluminum electrolysi,,2003,2,22,ok,1,0,0,0.7493333333333333,Eng,CS+Eng,26.0,32.0,84.0
93501,2010,0,everolimus eluting stent,everolimu elut stent,everolimus eluting stents,2009,3,27,ok,1,0,0,1.0,Med,BGM+Med,25.0,78.0,156.0
93563,2014,0,pemuda dan olahraga,pemuda dan olahraga,,2014,3,33,ok,1,0,0,0.9515151515151515,SOC,SOC,46.0,62.0,162.0
93588,2013,0,auditor switching,auditor switch,auditor switch|auditor switches,2014,2,14,ok,1,0,0,0.9708333333333333,SOC,SOC,22.0,38.0,86.0
93601,2009,0,fakultas ekonomi universitas,fakulta ekonomi universita,,2009,3,33,ok,1,0,0,0.861111111111111,SOC,SOC,76.0,145.0,290.0
93632,2010,0,scotland bill,scotland bill,,2010,2,22;33,ok,2,1,0,0.5,Eng,CS+Eng,30.0,40.0,100.0
93800,2014,0,kebutuhan dasar,kebutuhan dasar,,2015,2,33,ok,1,0,0,0.6363636363636364,SOC,SOC,21.0,52.0,154.0
93825,2004,0,ias ifrs,ia ifr,,2004,2,14,ok,1,0,0,0.5,SOC,SOC,36.0,38.0,97.0
93827,2013,0,pengaruh insentif,pengaruh insentif,,2013,2,14,ok,1,0,0,0.8066666666666666,SOC,SOC,22.0,26.0,67.0
93879,2004,0,matter supersites program,matter supersit program,,2004,3,23,ok,1,0,0,0.8,LIFEENV,LIFEENV,23.0,4.0,27.0
93882,2011,0,real audiencia,real audiencia,reales audiencias,2011,2,12,ok,1,0,0,0.6818181818181818,SOC,SOC,218.0,91.0,381.0
93896,2007,0,estatuto del trabajo,estatuto del trabajo,,2007,3,33,ok,1,0,0,0.9638888888888889,SOC,SOC,22.0,16.0,57.0
93980,2008,0,crisis alimentaria,crisi alimentaria,crisis alimentarias,2008,2,33,ok,1,0,0,0.8666666666666667,SOC,SOC,34.0,12.0,72.0
94086,2006,0,notes and tips,note and tip,,2006,3,27,ok,1,0,0,1.0,Med,BGM+Med,66.0,66.0,205.0
94166,2013,0,fakultas pendidikan,fakulta pendidikan,,2013,2,33,ok,1,0,0,0.9473684210526315,SOC,SOC,20.0,29.0,69.0
94232,2003,0,ftp file,ftp file,,2003,2,17,ok,1,0,0,0.6333333333333333,CS,CS+Eng,21.0,5.0,34.0
94254,2013,0,hemiptera liviidae,hemiptera liviida,,2013,2,11,ok,1,0,0,0.95,LIFEENV,LIFEENV,23.0,55.0,107.0
94346,2009,0,belajar ekonomi,belajar ekonomi,,2009,2,33,ok,1,0,0,1.0,SOC,SOC,46.0,55.0,156.0
94464,2003,0,planet observations,planet observ,planets observed|planet observer,2003,2,31,ok,1,0,0,1.0,PHYS,PHYS,116.0,78.0,317.0
94622,2003,0,online game,onlin game,online games|online gaming,2004,2,33,ok,1,0,0,0.5264367816091954,SOC,SOC,20.0,55.0,113.0
95040,2013,0,tunarungu kelas,tunarungu kela,,2013,2,33,ok,1,0,0,1.0,SOC,SOC,32.0,66.0,147.0
95051,2008,0,cover picture electrophoresis,cover pictur electrophoresi,,2008,3,22,ok,1,0,0,1.0,Eng,CS+Eng,24.0,23.0,73.0
95227,2008,0,post crisis,post crisi,post crisi,2010,2,33,ok,1,0,0,0.512280701754386,SOC,SOC,25.0,239.0,326.0
95282,2005,0,ocean tsunami,ocean tsunami,ocean tsunamis,2005,2,19,weak_home,1,0,1,0.3548387096774193,PHYS,PHYS,56.0,53.0,201.0
95304,2006,0,thur eve,thur ev,thurs eve,2006,2,27,ok,1,0,0,1.0,Med,BGM+Med,38.0,43.0,81.0
95459,2014,0,mbbs students,mbb student,,2013,2,27,ok,1,0,0,0.8984848484848484,Med,BGM+Med,24.0,61.0,117.0
95543,2009,0,teaching team,teach team,teaching teams,2009,2,22,weak_home,1,0,1,0.31153846153846154,Eng,CS+Eng,50.0,66.0,172.0
95559,2013,0,amplification strategy,amplif strategi,amplification strategies,2013,2,16,ok,1,0,0,0.6144927536231884,PHYS,PHYS,37.0,58.0,139.0
95771,2009,0,state university school,state univers school,,2009,3,27,ok,1,0,0,1.0,Med,BGM+Med,28.0,153.0,322.0
95812,2009,0,motivasi dan prestasi,motivasi dan prestasi,,2009,3,33,ok,1,0,0,0.975,SOC,SOC,50.0,36.0,142.0
95920,2013,0,pengembangan soal,pengembangan soal,,2013,2,33,ok,1,0,0,1.0,SOC,SOC,24.0,18.0,50.0
96022,2006,0,quai branly,quai branli,,2006,2,12;33,ok,2,1,0,0.5466666666666666,SOC,SOC,20.0,28.0,72.0
96027,2013,0,roa pada,roa pada,,2013,2,33;14,ok,2,1,0,0.5555555555555556,SOC,SOC,21.0,42.0,74.0
96095,2009,0,provincial panel,provinci panel,,2008,2,20,ok,1,0,0,0.6080459770114942,SOC,SOC,32.0,85.0,168.0
96145,2007,0,liquid microextraction,liquid microextract,,2008,2,16,ok,1,0,0,0.9098039215686275,PHYS,PHYS,23.0,94.0,183.0
96165,2013,0,berbasis apex,berbasi apex,,2013,2,17,ok,1,0,0,1.0,CS,CS+Eng,36.0,5.0,43.0
96215,2005,0,arch tunnel,arch tunnel,arch tunnels|arched tunnel|arched tunnels,2005,2,22,ok,1,0,0,0.9714285714285714,Eng,CS+Eng,42.0,68.0,146.0
96267,2004,0,york african burial,york african burial,,2004,3,33,ok,1,0,0,1.0,SOC,SOC,20.0,22.0,43.0
96310,2010,0,melalui permainan,melalui permainan,,2010,2,33,ok,1,0,0,1.0,SOC,SOC,30.0,111.0,193.0
96393,2007,0,lipid technology,lipid technologi,,2007,2,27,ok,1,0,0,1.0,Med,BGM+Med,40.0,27.0,102.0
96400,2009,0,library home,librari home,libraries home,2008,2,33,ok,1,0,0,1.0,SOC,SOC,177.0,633.0,1298.0
96485,2008,0,pt coca,pt coca,,2008,2,14,ok,1,0,0,0.6666666666666666,SOC,SOC,28.0,26.0,73.0
96489,2013,0,monthly heating,monthli heat,,2013,2,23,ok,1,0,0,1.0,LIFEENV,LIFEENV,23.0,1.0,24.0
96539,2013,0,magnetic graphene,magnet graphen,magnetism graphene|magnetized graphene,2012,2,22,weak_home,1,0,1,0.3473118279569893,Eng,CS+Eng,40.0,69.0,155.0
96541,2011,0,lompat jauh,lompat jauh,,2011,2,33,ok,1,0,0,0.8125,SOC,SOC,21.0,75.0,128.0
96565,2009,0,stad student teams,stad student team,stad student team|stad students teams,2009,3,33,ok,1,0,0,0.9895833333333334,SOC,SOC,30.0,34.0,95.0
96581,2009,0,studi pada siswa,studi pada siswa,,2009,3,33,ok,1,0,0,0.9666666666666667,SOC,SOC,50.0,112.0,252.0
96607,2008,0,pt pertamina,pt pertamina,,2008,2,33,ok,1,0,0,0.42857142857142855,SOC,SOC,38.0,37.0,109.0
96641,2004,0,grid environment,grid environ,grid environments,2004,2,17,ok,1,0,0,0.725531914893617,CS,CS+Eng,49.0,102.0,219.0
96700,2004,0,gene symbol,gene symbol,,2004,2,13,ok,1,0,0,1.0,BGM,BGM+Med,22.0,31.0,95.0
96835,2012,0,bibit kelapa sawit,bibit kelapa sawit,,2012,3,11,ok,1,0,0,0.9310344827586207,LIFEENV,LIFEENV,26.0,40.0,83.0
96874,2013,0,intravitreal aflibercept,intravitr aflibercept,,2013,2,27,ok,1,0,0,0.7918367346938775,Med,BGM+Med,27.0,81.0,162.0
96877,2011,0,library career,librari career,library careers|libraries career,2013,2,33,ok,1,0,0,0.5,SOC,SOC,23.0,154.0,211.0
96917,2010,0,alto risco,alto risco,,2012,2,27,ok,1,0,0,0.6083333333333333,Med,BGM+Med,25.0,136.0,193.0
97174,2009,0,p3ht pcbm,p3ht pcbm,,2009,2,22,ok,1,0,0,0.5,Eng,CS+Eng,39.0,95.0,204.0
97246,2009,0,library american,librari american,libraries american,2009,2,17,ok,1,0,0,1.0,CS,CS+Eng,20.0,45.0,87.0
97256,2014,0,life lithium ion,life lithium ion,,2014,3,22,ok,1,0,0,0.5507936507936508,Eng,CS+Eng,30.0,23.0,74.0
97320,2010,0,handmade jewelry,handmad jewelri,,2010,2,22,ok,1,0,0,1.0,Eng,CS+Eng,49.0,19.0,94.0
97501,2014,0,entrustable professional,entrust profession,,2014,2,27,ok,1,0,0,0.9473684210526315,Med,BGM+Med,20.0,46.0,87.0
97737,2013,0,smk pasundan,smk pasundan,,2013,2,33,ok,1,0,0,0.6666666666666666,SOC,SOC,27.0,15.0,57.0
97763,2013,0,belajar sosiologi,belajar sosiologi,,2013,2,33,ok,1,0,0,1.0,SOC,SOC,29.0,31.0,74.0
97790,2009,0,sd oct,sd oct,,2010,2,27,ok,1,0,0,0.9922480620155039,Med,BGM+Med,26.0,55.0,126.0
97799,2008,0,views of jacc,view of jacc,,2008,3,27,ok,1,0,0,1.0,Med,BGM+Med,123.0,63.0,283.0
97814,2003,0,infectious atypical,infecti atyp,,2003,2,27,ok,1,0,0,1.0,Med,BGM+Med,23.0,1.0,43.0
97836,2005,0,rural cooperative medical,rural cooper medic,rural cooperation medical|rural cooperatives medical,2004,3,27,ok,1,0,0,0.49523809523809526,Med,BGM+Med,30.0,101.0,199.0
97861,2013,0,berdasarkan peraturan,berdasarkan peraturan,,2013,2,33,ok,1,0,0,0.6537037037037037,SOC,SOC,46.0,60.0,161.0
97899,2006,0,independent innovation,independ innov,independent innovative|independence innovation|independent innovations|independently innovative,2006,2,22,ok,1,0,0,0.41304347826086957,Eng,CS+Eng,75.0,142.0,350.0
97922,2006,0,frontiers of quantum,frontier of quantum,,2006,3,31,ok,1,0,0,1.0,PHYS,PHYS,23.0,14.0,37.0
97988,2003,0,anisotropy probe wmap,anisotropi probe wmap,,2003,3,31,ok,1,0,0,1.0,PHYS,PHYS,22.0,3.0,26.0
98009,2009,0,tet2 mutations,tet2 mutat,tet2 mutation|tet2 mutational,2009,2,27,ok,1,0,0,0.9416666666666667,Med,BGM+Med,21.0,20.0,54.0
98023,2013,0,pada pembelajaran ilmu,pada pembelajaran ilmu,,2013,3,33,ok,1,0,0,1.0,SOC,SOC,28.0,15.0,56.0
98186,2013,0,topological crystalline insulator,topolog crystallin insul,topological crystalline insulators|topological crystalline insulating,2014,3,31,ok,1,0,0,0.8767676767676769,PHYS,PHYS,24.0,57.0,118.0
98306,2008,0,rules of green,rule of green,rule of green,2008,3,11,ok,1,0,0,1.0,LIFEENV,LIFEENV,43.0,29.0,92.0
98331,2010,0,groups and quantum,group and quantum,group and quantum,2010,3,26,ok,1,0,0,0.8571428571428571,MATHDEC,MATHDEC,24.0,5.0,32.0
98351,2003,0,gefitinib iressa,gefitinib iressa,,2003,2,27,ok,1,0,0,0.6071895424836601,Med,BGM+Med,37.0,34.0,126.0
98412,2012,0,analisis kemampuan,analisi kemampuan,,2012,2,33,ok,1,0,0,0.7256410256410256,SOC,SOC,34.0,76.0,168.0
98506,2005,0,atrial fib,atrial fib,,2005,2,27,ok,1,0,0,1.0,Med,BGM+Med,20.0,8.0,42.0
98543,2007,0,swarm optimisation,swarm optimis,swarm optimiser|swarm optimisers,2006,2,17;22,ok,2,1,0,0.4592592592592593,CS,CS+Eng,21.0,54.0,109.0
98564,2009,0,model numbered heads,model number head,model numbered head|model number head,2009,3,33,ok,1,0,0,0.9888888888888889,SOC,SOC,30.0,42.0,114.0
98570,2014,0,lymphocyte ratio nlr,lymphocyt ratio nlr,,2014,3,27,ok,1,0,0,0.7789473684210526,Med,BGM+Med,26.0,42.0,88.0
98626,2013,0,partisipasi politik,partisipasi politik,,2012,2,33,ok,1,0,0,0.9743589743589743,SOC,SOC,24.0,57.0,140.0
98816,2012,0,sebagai variabel moderasi,sebagai variabel moderasi,,2012,3,14,ok,1,0,0,0.6705128205128205,SOC,SOC,30.0,49.0,124.0
98870,2009,0,fair work,fair work,,2009,2,33,ok,1,0,0,0.851111111111111,SOC,SOC,34.0,32.0,99.0
98999,2012,0,medidas fiscales,medida fiscal,,2014,2,33,ok,1,0,0,0.9,SOC,SOC,23.0,301.0,334.0
99264,2014,0,anode for sodium,anod for sodium,anodes for sodium,2014,3,22,ok,1,0,0,0.7491228070175439,Eng,CS+Eng,24.0,58.0,121.0
99294,2007,0,pembelajaran kooperatif,pembelajaran kooperatif,,2009,2,33,ok,1,0,0,0.8809782608695652,SOC,SOC,22.0,482.0,555.0
99418,2013,0,honorio delgado,honorio delgado,,2013,2,32,ok,1,0,0,0.72,SOC,SOC,20.0,12.0,35.0
99687,2006,0,perancangan aplikasi,perancangan aplikasi,,2006,2,17,ok,1,0,0,1.0,CS,CS+Eng,32.0,33.0,88.0
99718,2005,0,google scholar,googl scholar,,2005,2,33,ok,1,0,0,0.43,SOC,SOC,23.0,31.0,88.0
99751,2013,0,driver genes,driver gene,driver gene,2013,2,13,ok,1,0,0,0.5638095238095239,BGM,BGM+Med,22.0,30.0,92.0
99846,2012,0,internationale studienergebnisse,international studienergebniss,,2012,2,27,ok,1,0,0,1.0,Med,BGM+Med,22.0,24.0,70.0
99849,2007,0,populorum progressio,populorum progressio,,2007,2,33,ok,1,0,0,0.8928571428571429,SOC,SOC,20.0,7.0,39.0
99866,2013,0,danske historiske forening,dansk historisk foren,,2013,3,33,ok,1,0,0,1.0,SOC,SOC,39.0,5.0,49.0
99872,2003,0,energy aware,energi awar,energy awareness,2003,2,17,ok,1,0,0,0.711111111111111,CS,CS+Eng,24.0,44.0,92.0
99976,2010,0,mechanical turk,mechan turk,,2010,2,17,ok,1,0,0,0.45454545454545453,CS,CS+Eng,26.0,11.0,52.0
99984,2014,0,genetika veehantering,genetika veehant,,2014,2,33,ok,1,0,0,1.0,SOC,SOC,27.0,9.0,44.0
100276,2005,0,heart selection,heart select,heart selective,2005,2,33,ok,1,0,0,0.8769230769230769,SOC,SOC,65.0,67.0,193.0
100478,2003,0,essential safety,essenti safeti,,2003,2,22,ok,1,0,0,1.0,Eng,CS+Eng,37.0,2.0,39.0
100486,2014,0,kabupaten kayong,kabupaten kayong,,2014,2,33,ok,1,0,0,0.8952380952380953,SOC,SOC,26.0,31.0,88.0
100885,2010,0,mahasiswa prodi,mahasiswa prodi,,2012,2,33,ok,1,0,0,0.9230769230769231,SOC,SOC,20.0,29.0,64.0
100888,2008,0,diagnostische bedeutung,diagnostisch bedeutung,,2008,2,27,ok,1,0,0,1.0,Med,BGM+Med,24.0,9.0,50.0
100898,2008,0,optical ofdm,optic ofdm,,2007,2,22,ok,1,0,0,0.9909090909090909,Eng,CS+Eng,28.0,75.0,151.0
101097,2009,0,cone metric,cone metric,,2009,2,26,ok,1,0,0,0.9757575757575758,MATHDEC,MATHDEC,37.0,85.0,185.0
101406,2009,0,fermi large area,fermi larg area,,2009,3,31,ok,1,0,0,0.9873563218390804,PHYS,PHYS,44.0,28.0,128.0
101507,2010,0,segon semestre,segon semestr,,2010,2,33,ok,1,0,0,1.0,SOC,SOC,78.0,52.0,220.0
101624,2014,0,bion m1,bion m1,,2014,2,31,ok,1,0,0,0.5357142857142857,PHYS,PHYS,21.0,5.0,32.0
101768,2009,0,peta konsep,peta konsep,,2010,2,33,ok,1,0,0,1.0,SOC,SOC,36.0,63.0,163.0
101803,2008,0,iom recommendations,iom recommend,iom recommended,2008,2,27,ok,1,0,0,0.8333333333333334,Med,BGM+Med,23.0,5.0,31.0
101837,2009,0,single site surgery,singl site surgeri,single site surgeries,2009,3,27,ok,1,0,0,1.0,Med,BGM+Med,38.0,104.0,220.0
101871,2010,0,chambre civile cour,chambr civil cour,,2010,3,33,ok,1,0,0,1.0,SOC,SOC,34.0,5.0,40.0
101872,2008,0,penerapan psak,penerapan psak,,2008,2,14,ok,1,0,0,1.0,SOC,SOC,36.0,5.0,44.0
101911,2008,0,pada karyawan,pada karyawan,,2009,2,33,ok,1,0,0,0.8515151515151516,SOC,SOC,24.0,113.0,217.0
101934,2008,0,dimensional transesophageal,dimension transesophag,,2008,2,27,ok,1,0,0,0.997037037037037,Med,BGM+Med,28.0,58.0,137.0
102258,2003,0,center consultants,center consult,centered consultation,2003,2,22,ok,1,0,0,0.6769230769230768,Eng,CS+Eng,21.0,12.0,48.0
102341,2013,0,mengenal konsep,mengen konsep,,2013,2,33,ok,1,0,0,0.9666666666666667,SOC,SOC,24.0,34.0,92.0
102438,2011,0,smart mobile,smart mobil,smart mobility,2009,2,17,ok,1,0,0,0.4,CS,CS+Eng,28.0,52.0,117.0
102439,2003,0,plasma adiponectin,plasma adiponectin,,2003,2,27,ok,1,0,0,0.8967479674796748,Med,BGM+Med,27.0,66.0,141.0
102481,2006,0,keuangan pada,keuangan pada,,2008,2,14,ok,1,0,0,0.9,SOC,SOC,20.0,106.0,156.0
102564,2014,0,ahli waris,ahli wari,,2014,2,33,ok,1,0,0,1.0,SOC,SOC,22.0,57.0,105.0
102689,2009,0,semester genap,semest genap,,2009,2,33,ok,1,0,0,0.925,SOC,SOC,25.0,77.0,140.0
102695,2012,0,revista completa,revista completa,,2014,2,33,ok,1,0,0,0.6057971014492753,SOC,SOC,31.0,101.0,167.0
102727,2013,0,h7n9 virus,h7n9 viru,,2013,2,27,ok,1,0,0,0.8484848484848484,Med,BGM+Med,132.0,58.0,321.0
102760,2013,0,boston marathon bombing,boston marathon bomb,boston marathon bombings,2013,3,27,ok,1,0,0,0.5393939393939393,Med,BGM+Med,28.0,26.0,89.0
102859,2011,0,members interests,member interest,members interest,2011,2,27,ok,1,0,0,0.75,Med,BGM+Med,21.0,2.0,29.0
102943,2008,0,foxp3 treg,foxp3 treg,foxp3 tregs,2008,2,27,ok,1,0,0,0.5866666666666667,Med,BGM+Med,22.0,24.0,69.0
102958,2014,0,serenissime eminence,serenissim emin,,2014,2,12,ok,1,0,0,1.0,SOC,SOC,25.0,20.0,45.0
102993,2014,0,efficient hydrogen evolution,effici hydrogen evolut,,2014,3,22,ok,1,0,0,0.47171717171717176,Eng,CS+Eng,23.0,74.0,133.0
103023,2010,0,mad men,mad men,,2010,2,33,ok,1,0,0,0.4727272727272727,SOC,SOC,27.0,49.0,105.0
103135,2009,0,h1n1 outbreak,h1n1 outbreak,,2009,2,27,ok,1,0,0,0.8052631578947368,Med,BGM+Med,24.0,25.0,79.0
103264,2008,0,siswa sma,siswa sma,,2009,2,33,ok,1,0,0,1.0,SOC,SOC,35.0,148.0,295.0
103359,2014,0,ahmad dahlan,ahmad dahlan,,2015,2,33,ok,1,0,0,0.75,SOC,SOC,26.0,47.0,110.0
103409,2005,0,sumatra earthquake,sumatra earthquak,sumatra earthquakes,2005,2,19,ok,1,0,0,0.6333333333333333,PHYS,PHYS,59.0,41.0,156.0
103551,2013,0,islamic microfinance,islam microfin,,2013,2,14,ok,1,0,0,0.6242424242424243,SOC,SOC,29.0,39.0,100.0
103558,2013,0,electroacupuncture intervention,electroacupunctur intervent,,2013,2,27,ok,1,0,0,0.8461538461538461,Med,BGM+Med,23.0,22.0,65.0
103671,2013,0,planar heterojunction,planar heterojunct,planar heterojunctions,2011,2,22,ok,1,0,0,0.46060606060606063,Eng,CS+Eng,22.0,83.0,151.0
103720,2008,0,peranan sistem,peranan sistem,,2008,2,14,ok,1,0,0,1.0,SOC,SOC,24.0,10.0,41.0
103764,2008,0,hubungan antara tingkat,hubungan antara tingkat,,2008,3,36,weak_home,1,0,1,0.3333333333333333,Med,BGM+Med,20.0,31.0,66.0
103865,2012,0,safety camera,safeti camera,safety cameras,2012,2,26;27,ok,2,1,0,0.5,MATHDEC,MATHDEC,20.0,32.0,72.0
103914,2012,0,microalgae cultivation,microalga cultiv,microalgae cultivated,2012,2,22,ok,1,0,0,0.49444444444444446,Eng,CS+Eng,22.0,42.0,88.0
104016,2011,0,peraturan daerah,peraturan daerah,,2013,2,33,ok,1,0,0,0.8626126126126127,SOC,SOC,20.0,111.0,162.0
104166,2005,0,soft capsule,soft capsul,soft capsules,2005,2,27,ok,1,0,0,0.8333333333333334,Med,BGM+Med,41.0,59.0,131.0
104197,2007,0,vpn ddos,vpn ddo,,2007,2,33,ok,1,0,0,1.0,SOC,SOC,57.0,23.0,134.0
104343,2006,0,optimization of fermentation,optim of ferment,optimization of fermentative|optimization of fermentational|optimization of fermented,2007,3,13,weak_home,1,0,1,0.375,BGM,BGM+Med,34.0,86.0,175.0
104382,2011,0,notebook for pan,notebook for pan,,2011,3,17,ok,1,0,0,1.0,CS,CS+Eng,20.0,42.0,64.0
104403,2006,0,pada kantor,pada kantor,,2005,2,14,ok,1,0,0,0.9090909090909091,SOC,SOC,20.0,95.0,140.0
104451,2013,0,hubungan motivasi,hubungan motivasi,,2013,2,33,ok,1,0,0,0.8833333333333333,SOC,SOC,47.0,79.0,182.0
104455,2013,0,kabupaten sintang,kabupaten sintang,,2013,2,33,ok,1,0,0,0.512280701754386,SOC,SOC,47.0,35.0,116.0
104610,2006,0,venus express,venu express,,2006,2,31,ok,1,0,0,0.8181818181818182,PHYS,PHYS,45.0,67.0,142.0
104702,2009,0,school enterprise,school enterpris,,2007,2,17,ok,1,0,0,0.5666666666666667,CS,CS+Eng,39.0,146.0,284.0
104728,2010,0,hasil belajar pkn,hasil belajar pkn,,2010,3,33,ok,1,0,0,1.0,SOC,SOC,69.0,44.0,214.0
104803,2012,0,eksperimen terhadap,eksperimen terhadap,,2012,2,33,ok,1,0,0,1.0,SOC,SOC,27.0,93.0,249.0
104880,2004,0,marrow mononuclear cells,marrow mononuclear cell,marrow mononuclear cell,2004,3,27,ok,1,0,0,0.8255555555555555,Med,BGM+Med,45.0,56.0,140.0
104934,2013,0,h7n9 influenza,h7n9 influenza,,2013,2,27,ok,1,0,0,0.6976744186046512,Med,BGM+Med,63.0,44.0,160.0
105040,2009,0,lat detection,lat detect,,2008,2,31,ok,1,0,0,1.0,PHYS,PHYS,37.0,45.0,129.0
105092,2013,0,buku ilustrasi,buku ilustrasi,,2014,2,33,ok,1,0,0,1.0,SOC,SOC,20.0,32.0,66.0
105140,2010,0,furoate formoterol,furoat formoterol,,2010,2,27,ok,1,0,0,1.0,Med,BGM+Med,21.0,8.0,42.0
105253,2011,0,maximum residue levels,maximum residu level,maximum residue level|maximum residues levels,2011,3,11,ok,1,0,0,1.0,LIFEENV,LIFEENV,35.0,50.0,139.0
105286,2009,0,aquila earthquake,aquila earthquak,aquila earthquakes,2009,2,19,ok,1,0,0,0.7350877192982457,PHYS,PHYS,36.0,43.0,130.0
105296,2006,0,large crowd,larg crowd,large crowds,2006,2,22,ok,1,0,0,0.6666666666666666,Eng,CS+Eng,20.0,1.0,26.0
105309,2011,0,peningkatan pembelajaran,peningkatan pembelajaran,,2013,2,33,ok,1,0,0,0.9972222222222222,SOC,SOC,35.0,121.0,184.0
105539,2005,0,rm nb,rm nb,,2005,2,22,ok,1,0,0,1.0,Eng,CS+Eng,47.0,48.0,130.0
105552,2013,0,rsup prof dr,rsup prof dr,,2013,3,14;36,ok,2,1,0,0.4,SOC,SOC,80.0,110.0,272.0
105715,2005,0,orange revolution,orang revolut,,2005,2,33,ok,1,0,0,0.9333333333333333,SOC,SOC,27.0,21.0,70.0
105750,2006,0,google earth,googl earth,,2006,2,19,ok,1,0,0,0.46979166666666666,PHYS,PHYS,49.0,93.0,216.0
105755,2009,0,warunkach kryzysu,warunkach kryzysu,,2009,2,14,ok,1,0,0,0.8611111111111112,SOC,SOC,33.0,38.0,128.0
105828,2012,0,tenth grade students,tenth grade student,tenth grade student,2010,3,33,ok,1,0,0,0.596078431372549,SOC,SOC,31.0,55.0,124.0
105840,2006,0,honor and disgrace,honor and disgrac,honors and disgrace|honors and disgraces,2006,3,33,ok,1,0,0,0.5581395348837209,SOC,SOC,76.0,24.0,161.0
105943,2008,0,xue jiao xue,xue jiao xue,,2008,3,27,ok,1,0,0,1.0,Med,BGM+Med,29.0,45.0,99.0
105974,2003,0,course codes,cours code,course code,2003,2,27,ok,1,0,0,1.0,Med,BGM+Med,48.0,48.0,144.0
106151,2011,0,conservatorium of music,conservatorium of music,,2011,3,33,ok,1,0,0,1.0,SOC,SOC,40.0,6.0,65.0
106190,2012,0,scheduling in cloud,schedul in cloud,scheduling in clouds,2012,3,17,ok,1,0,0,0.8210526315789474,CS,CS+Eng,20.0,39.0,91.0
106197,2008,0,oseltamivir resistant,oseltamivir resist,oseltamivir resistance,2009,2,27,ok,1,0,0,0.9422764227642275,Med,BGM+Med,21.0,64.0,142.0
106207,2012,0,zainoel abidin banda,zainoel abidin banda,,2012,3,27,ok,1,0,0,1.0,Med,BGM+Med,53.0,144.0,247.0
106290,2009,0,science and international,scienc and intern,,2009,3,33,ok,1,0,0,0.75,SOC,SOC,42.0,73.0,195.0
106398,2009,0,sastra jerman,sastra jerman,,2009,2,33,ok,1,0,0,1.0,SOC,SOC,21.0,6.0,38.0
106467,2006,0,analisis performansi,analisi performansi,,2006,2,17,ok,1,0,0,0.5,CS,CS+Eng,24.0,42.0,87.0
106541,2011,0,evaluasi program,evaluasi program,,2011,2,33,ok,1,0,0,0.8980392156862745,SOC,SOC,26.0,77.0,142.0
106548,2010,0,valve implantation tavi,valv implant tavi,,2010,3,27,ok,1,0,0,0.8666666666666667,Med,BGM+Med,20.0,36.0,92.0
106577,2005,0,physiology july,physiologi juli,,2005,2,27,ok,1,0,0,1.0,Med,BGM+Med,42.0,33.0,116.0
106631,2014,0,sewol ferry,sewol ferri,,2014,2,33,ok,1,0,0,0.6666666666666666,SOC,SOC,24.0,49.0,109.0
106640,2004,0,institutional listings,institut list,institutions listed,2004,2,22,ok,1,0,0,1.0,Eng,CS+Eng,56.0,65.0,179.0
106670,2005,0,publication productivity,public product,public products|public product|public production,2005,2,33,ok,1,0,0,0.6285714285714286,SOC,SOC,29.0,40.0,111.0
106696,2014,0,upaya mewujudkan,upaya mewujudkan,,2014,2,33,ok,1,0,0,0.9509803921568628,SOC,SOC,28.0,31.0,77.0
106875,2010,0,therapeutic delivery,therapeut deliveri,therapeutics delivery,2010,2,27,weak_home,1,0,1,0.3448275862068966,Med,BGM+Med,20.0,30.0,86.0
106908,2013,0,bone trajectory,bone trajectori,,2013,2,33;27,ok,2,1,0,0.5333333333333333,SOC,SOC,20.0,29.0,64.0
107050,2009,0,kepuasan kerja studi,kepuasan kerja studi,,2010,3,33,ok,1,0,0,0.9655172413793104,SOC,SOC,20.0,26.0,72.0
107090,2013,0,liebe leserinnen,lieb leserinnen,,2013,2,27,ok,1,0,0,0.723404255319149,Med,BGM+Med,54.0,65.0,164.0
107124,2009,0,peningkatan hasil belajar,peningkatan hasil belajar,,2009,3,33,ok,1,0,0,0.9555555555555556,SOC,SOC,41.0,225.0,443.0
107217,2013,0,year students ability,year student abil,,2013,3,33,ok,1,0,0,1.0,SOC,SOC,26.0,13.0,66.0
107246,2013,0,pembangunan desa,pembangunan desa,,2015,2,33,ok,1,0,0,0.8958333333333334,SOC,SOC,21.0,47.0,96.0
107387,2008,0,tabungan negara,tabungan negara,,2008,2,33,ok,1,0,0,0.6666666666666666,SOC,SOC,22.0,24.0,61.0
107406,2011,0,dexamethasone intravitreal,dexamethason intravitr,,2011,2,27,ok,1,0,0,0.8666666666666667,Med,BGM+Med,23.0,28.0,68.0
107421,2010,0,editors choice cheminform,editor choic cheminform,,2010,3,16,ok,1,0,0,1.0,PHYS,PHYS,52.0,48.0,152.0
107473,2009,0,rector antoni,rector antoni,,2009,2,12,ok,1,0,0,1.0,SOC,SOC,30.0,24.0,126.0
107542,2006,0,inconvenient truth,inconveni truth,inconvenient truths,2007,2,33,ok,1,0,0,0.4947368421052632,SOC,SOC,23.0,54.0,131.0
107560,2014,0,performing financing,perform financ,performing finance|performances financi,2014,2,33,ok,1,0,0,0.5866666666666667,SOC,SOC,31.0,54.0,117.0
107591,2011,0,web studi kasus,web studi kasu,,2011,3,17,ok,1,0,0,0.9058823529411765,CS,CS+Eng,57.0,66.0,164.0
107605,2014,0,enterovirus d68,enteroviru d68,,2014,2,27,ok,1,0,0,0.9675324675324676,Med,BGM+Med,20.0,56.0,163.0
107782,2014,0,project additional financing,project addit financ,project additional finance,2014,3,33,ok,1,0,0,1.0,SOC,SOC,25.0,40.0,89.0
107795,2013,0,universitas sam ratulangi,universita sam ratulangi,,2013,3,17,ok,1,0,0,0.4717948717948718,CS,CS+Eng,50.0,35.0,128.0
107856,2004,0,panel on additives,panel on addit,,2004,3,11,ok,1,0,0,1.0,LIFEENV,LIFEENV,38.0,32.0,102.0
107866,2004,0,collection lectures,collect lectur,,2004,2,12;33,ok,2,1,0,0.5,SOC,SOC,27.0,1.0,29.0
107878,2003,0,responsabilidad social corporativa,responsabilidad social corporativa,responsabilidade social corporativa,2003,3,33,ok,1,0,0,0.5785714285714286,SOC,SOC,21.0,66.0,129.0
107901,2009,0,literacy center,literaci center,literacy centers,2009,2,33,ok,1,0,0,0.8571428571428571,SOC,SOC,355.0,171.0,532.0
108014,2012,0,siswa lks,siswa lk,,2013,2,33,ok,1,0,0,0.9298245614035088,SOC,SOC,20.0,75.0,154.0
108023,2014,0,irisin levels,irisin level,irisin level,2014,2,27,ok,1,0,0,0.9813333333333334,Med,BGM+Med,28.0,30.0,88.0
108288,2012,0,dalam film,dalam film,,2013,2,33,ok,1,0,0,0.8733333333333333,SOC,SOC,25.0,145.0,285.0
108365,2006,0,household expenditure,household expenditur,household expenditures|households expenditure|households expenditures,2006,2,20,weak_home,1,0,1,0.3972222222222222,SOC,SOC,22.0,35.0,78.0
108375,2014,0,gestroenterological endoscopy society,gestroenterolog endoscopi societi,,2014,3,27,ok,1,0,0,1.0,Med,BGM+Med,31.0,51.0,82.0
108391,2014,0,spin orbit torque,spin orbit torqu,spin orbit torques,2014,3,31,ok,1,0,0,0.611111111111111,PHYS,PHYS,44.0,105.0,219.0
108447,2009,0,pada konsumen,pada konsumen,,2009,2,33,ok,1,0,0,0.9600000000000001,SOC,SOC,55.0,68.0,179.0
108473,2014,0,night dream,night dream,nights dream|night dreaming,2016,2,12,ok,1,0,0,0.8666666666666667,SOC,SOC,27.0,151.0,208.0
108664,2013,0,hrc interview,hrc interview,,2013,2,33,ok,1,0,0,1.0,SOC,SOC,23.0,6.0,38.0
108774,2006,0,suku bunga,suku bunga,,2006,2,14,ok,1,0,0,0.8461538461538461,SOC,SOC,22.0,59.0,103.0
108837,2013,0,pada pemain,pada pemain,,2013,2,36,ok,1,0,0,0.5714285714285714,Med,BGM+Med,30.0,28.0,82.0
109030,2011,0,hot science,hot scienc,,2011,2,33,ok,1,0,0,1.0,SOC,SOC,62.0,73.0,160.0
109048,2007,0,informa healthcare,informa healthcar,,2007,2,27,ok,1,0,0,1.0,Med,BGM+Med,21.0,2.0,35.0
109080,2003,0,guarantee system,guarante system,guarantee systems|guaranteeing system,2003,2,22,weak_home,1,0,1,0.30606060606060603,Eng,CS+Eng,40.0,57.0,132.0
109085,2006,0,motivasi kerja,motivasi kerja,,2005,2,33;14,ok,2,1,0,0.4782608695652174,SOC,SOC,30.0,75.0,152.0
109139,2010,0,haitian earthquake,haitian earthquak,,2010,2,27,ok,1,0,0,0.6363636363636364,Med,BGM+Med,21.0,6.0,40.0
109272,2005,0,grippe aviaire,gripp aviair,,2005,2,36,ok,1,0,0,0.7921568627450981,Med,BGM+Med,34.0,24.0,104.0
109283,2014,0,efficient perovskite,effici perovskit,efficiency perovskite,2014,2,22,ok,1,0,0,0.5532407407407407,Eng,CS+Eng,32.0,104.0,219.0
109285,2012,0,consumption economic,consumpt econom,,2011,2,22,weak_home,1,0,1,0.37037037037037035,Eng,CS+Eng,20.0,20.0,51.0
109286,2007,0,census snapshot,censu snapshot,,2007,2,33,ok,1,0,0,1.0,SOC,SOC,20.0,2.0,68.0
109296,2004,0,contact with food,contact with food,,2004,3,11,ok,1,0,0,0.9333333333333333,LIFEENV,LIFEENV,28.0,34.0,99.0
109310,2004,0,scientific panel,scientif panel,scientific panels,2004,2,11,ok,1,0,0,1.0,LIFEENV,LIFEENV,151.0,103.0,398.0
109381,2010,0,cancellation list,cancel list,,2010,2,22,ok,1,0,0,1.0,Eng,CS+Eng,30.0,1.0,31.0
109407,2008,0,gulf economic zone,gulf econom zone,,2008,3,33,ok,1,0,0,0.6703703703703704,SOC,SOC,28.0,34.0,117.0
109449,2011,0,guides and resources,guid and resourc,guide and resource,2011,3,32,ok,1,0,0,1.0,SOC,SOC,94.0,58.0,219.0
109558,2008,0,cola bottling,cola bottl,,2008,2,33,ok,1,0,0,1.0,SOC,SOC,29.0,22.0,70.0
109648,2010,0,journal correction,journal correct,journal corrections,2010,2,27,ok,1,0,0,1.0,Med,BGM+Med,28.0,7.0,57.0
109811,2010,0,additive manufacturing,addit manufactur,additively manufactured|additive manufactured|additive manufacture,2009,2,22,ok,1,0,0,0.6729559748427673,Eng,CS+Eng,53.0,134.0,268.0
109822,2011,0,department of archaeology,depart of archaeologi,,2013,3,33,ok,1,0,0,0.8333333333333334,SOC,SOC,27.0,6.0,36.0
109823,2004,0,panel on dietetic,panel on dietet,,2004,3,11,ok,1,0,0,1.0,LIFEENV,LIFEENV,33.0,8.0,60.0
109898,2006,0,golden eagle,golden eagl,golden eagles,2006,2,23,ok,1,0,0,0.9222222222222223,LIFEENV,LIFEENV,25.0,273.0,456.0
109914,2007,0,international information,intern inform,internal information|international informed,2005,2,33,ok,1,0,0,0.4,SOC,SOC,36.0,185.0,232.0
109992,2004,0,peptide program nhpp,peptid program nhpp,,2004,3,27,ok,1,0,0,0.6363636363636364,Med,BGM+Med,33.0,36.0,102.0
110067,2007,0,sma negeri,sma negeri,,2009,2,33,ok,1,0,0,0.8596969696969696,SOC,SOC,37.0,486.0,597.0
110086,2004,0,interpretazioni ministeriali,interpretazioni ministeriali,,2004,2,14,ok,1,0,0,1.0,SOC,SOC,53.0,69.0,164.0
110132,2009,0,keterampilan proses,keterampilan prose,,2009,2,33,ok,1,0,0,0.945679012345679,SOC,SOC,39.0,40.0,139.0
110140,2010,0,sekolah menengah pertama,sekolah menengah pertama,,2008,3,33,ok,1,0,0,0.9345679012345679,SOC,SOC,56.0,138.0,260.0
110197,2012,0,pada permainan,pada permainan,,2011,2,33,ok,1,0,0,0.7761904761904762,SOC,SOC,29.0,123.0,227.0
110219,2008,0,earthquake area,earthquak area,earthquake areas,2008,2,27,ok,1,0,0,0.5285714285714286,Med,BGM+Med,26.0,32.0,99.0
110258,2006,0,socialist concept,socialist concept,,2006,2,33,ok,1,0,0,0.6789473684210526,SOC,SOC,39.0,15.0,81.0
110591,2008,0,yu kwang chung,yu kwang chung,,2008,3,33,ok,1,0,0,1.0,SOC,SOC,21.0,1.0,22.0
110687,2003,0,theories fundamental problems,theori fundament problem,theory fundamental problems,2003,3,33,ok,1,0,0,1.0,SOC,SOC,40.0,54.0,142.0
110698,2013,0,laboratorium percontohan upi,laboratorium percontohan upi,,2013,3,33,ok,1,0,0,1.0,SOC,SOC,23.0,24.0,58.0
110741,2014,0,sn 2014j,sn 2014j,,2014,2,31,ok,1,0,0,1.0,PHYS,PHYS,42.0,6.0,61.0
110974,2008,0,biaya operasional pada,biaya operasion pada,,2008,3,14,ok,1,0,0,1.0,SOC,SOC,46.0,9.0,63.0
111128,2011,0,md anderson,md anderson,,2011,2,27,ok,1,0,0,0.9158730158730158,Med,BGM+Med,32.0,30.0,93.0
111133,2013,0,dinas kependudukan,dina kependudukan,,2012,2,33,ok,1,0,0,0.7555555555555556,SOC,SOC,38.0,79.0,150.0
111146,2011,0,policy loan,polici loan,,2011,2,33,ok,1,0,0,1.0,SOC,SOC,33.0,31.0,96.0
111154,2008,0,global crisis,global crisi,globalization crisis,2008,2,33,ok,1,0,0,0.48933333333333334,SOC,SOC,20.0,180.0,368.0
111209,2011,0,great tohoku,great tohoku,,2011,2,19,ok,1,0,0,0.6666666666666666,PHYS,PHYS,20.0,11.0,53.0
111242,2008,0,kepala sekolah,kepala sekolah,,2009,2,33,ok,1,0,0,0.9357142857142857,SOC,SOC,23.0,97.0,209.0
111353,2007,0,characteristics and causes,characterist and caus,characteristics and cause|characteristic and cause,2007,3,22,weak_home,1,0,1,0.252,Eng,CS+Eng,22.0,41.0,83.0
111431,2013,0,daya tarik wisata,daya tarik wisata,,2011,3,33,ok,1,0,0,0.7782608695652175,SOC,SOC,23.0,51.0,110.0
111507,2011,0,fernando urdiales,fernando urdial,,2011,2,12,ok,1,0,0,1.0,SOC,SOC,28.0,1.0,29.0
111711,2011,0,arab uprisings,arab upris,arab uprising,2011,2,33,ok,1,0,0,0.945977011494253,SOC,SOC,21.0,61.0,134.0
111748,2009,0,mengajar guru,mengajar guru,,2009,2,33,ok,1,0,0,0.975,SOC,SOC,32.0,30.0,92.0
111812,2003,0,comet observations,comet observ,comets observed,2003,2,31,ok,1,0,0,1.0,PHYS,PHYS,61.0,68.0,250.0
111833,2007,0,sirna delivery,sirna deliveri,,2007,2,13,ok,1,0,0,0.6527777777777778,BGM,BGM+Med,42.0,82.0,181.0
111839,2009,0,penguasaan konsep,penguasaan konsep,,2009,2,33,ok,1,0,0,1.0,SOC,SOC,34.0,37.0,125.0
112007,2014,0,contemporaine des affleurements,contemporain de affleur,,2014,3,12,ok,1,0,0,1.0,SOC,SOC,21.0,2.0,23.0
112124,2008,0,library health,librari health,libraries health,2009,2,17,ok,1,0,0,1.0,CS,CS+Eng,23.0,52.0,124.0
112137,2009,0,belajar biologi siswa,belajar biologi siswa,,2009,3,33,ok,1,0,0,0.9473684210526316,SOC,SOC,98.0,57.0,267.0
112241,2013,0,sub sektor,sub sektor,,2014,2,14,ok,1,0,0,0.744,SOC,SOC,22.0,91.0,161.0
112285,2009,0,model pembelajaran berbasis,model pembelajaran berbasi,,2009,3,33,ok,1,0,0,0.9541666666666667,SOC,SOC,37.0,37.0,110.0
112305,2011,0,evacuated tube,evacu tube,evacuated tubes,2010,2,22,ok,1,0,0,0.8333333333333334,Eng,CS+Eng,40.0,46.0,120.0
112362,2004,0,ieee copyright form,ieee copyright form,,2004,3,22,ok,1,0,0,0.7,Eng,CS+Eng,94.0,58.0,235.0
112371,2008,0,tbk cabang,tbk cabang,,2008,2,33,ok,1,0,0,0.7777777777777778,SOC,SOC,66.0,71.0,170.0
112428,2008,0,spectrum sensing,spectrum sens,,2008,2,22,ok,1,0,0,0.7049180327868853,Eng,CS+Eng,70.0,248.0,463.0
112482,2005,0,aeronautical and navigational,aeronaut and navig,,2005,3,33,ok,1,0,0,1.0,SOC,SOC,36.0,14.0,50.0
112483,2013,0,state supercapacitors,state supercapacitor,state supercapacitor,2013,2,22,ok,1,0,0,0.7256410256410256,Eng,CS+Eng,27.0,66.0,136.0
112563,2009,0,melalui model pembelajaran,melalui model pembelajaran,,2010,3,33,ok,1,0,0,0.9700000000000001,SOC,SOC,29.0,98.0,190.0
112639,2012,0,berbasis android,berbasi android,,2012,2,17,ok,1,0,0,1.0,CS,CS+Eng,108.0,462.0,788.0
112661,2013,0,terhadap anak,terhadap anak,,2013,2,33,ok,1,0,0,0.9672131147540984,SOC,SOC,101.0,179.0,397.0
112823,2013,0,current courses,current cours,,2013,2,33,ok,1,0,0,1.0,SOC,SOC,49.0,3.0,54.0
112975,2009,0,sumber belajar,sumber belajar,,2009,2,33,ok,1,0,0,0.9,SOC,SOC,32.0,71.0,154.0
113020,2011,0,provinsi jawa timur,provinsi jawa timur,,2011,3,33,ok,1,0,0,0.5180180180180181,SOC,SOC,33.0,100.0,179.0
113040,2004,0,cdn p2p,cdn p2p,,2004,2,33,ok,1,0,0,1.0,SOC,SOC,20.0,1.0,49.0
113053,2007,0,editors for scripta,editor for scripta,,2007,3,22,ok,1,0,0,1.0,Eng,CS+Eng,20.0,23.0,69.0
113119,2008,0,assembly house,assembli hous,,2008,2,33,ok,1,0,0,1.0,SOC,SOC,23.0,17.0,72.0
113124,2012,0,kabupaten bone bolango,kabupaten bone bolango,,2012,3,33,ok,1,0,0,0.9333333333333333,SOC,SOC,38.0,181.0,316.0
113348,2009,0,pt toba pulp,pt toba pulp,,2009,3,11,ok,1,0,0,1.0,LIFEENV,LIFEENV,20.0,31.0,71.0
113434,2011,0,tk negeri,tk negeri,,2011,2,33,ok,1,0,0,0.9,SOC,SOC,31.0,27.0,86.0
113495,2004,0,multipurpose dam,multipurpos dam,multipurpose dams,2004,2,22,ok,1,0,0,0.8125,Eng,CS+Eng,25.0,10.0,43.0
113510,2012,0,77th birthday,77th birthdai,,2012,2,33,ok,1,0,0,0.9849624060150376,SOC,SOC,133.0,129.0,264.0
113669,2012,0,motorik kasar anak,motorik kasar anak,,2012,3,33,ok,1,0,0,1.0,SOC,SOC,27.0,39.0,100.0
113718,2012,0,symposien seminare messen,symposien seminar messen,,2012,3,22,ok,1,0,0,1.0,Eng,CS+Eng,22.0,24.0,70.0
113820,2005,0,form for reprints,form for reprint,,2005,3,22,ok,1,0,0,0.8181818181818182,Eng,CS+Eng,112.0,53.0,263.0
113822,2008,0,sn 2008d,sn 2008d,,2008,2,31,ok,1,0,0,0.9545454545454546,PHYS,PHYS,24.0,6.0,32.0
113917,2010,0,accountable care organizations,account care organ,accountable care organization,2010,3,27,ok,1,0,0,0.5770833333333333,Med,BGM+Med,43.0,64.0,204.0
113927,2007,0,rm cu,rm cu,,2007,2,22,ok,1,0,0,1.0,Eng,CS+Eng,27.0,31.0,59.0
114059,2009,0,penerapan strategi,penerapan strategi,,2009,2,33,ok,1,0,0,0.88125,SOC,SOC,64.0,142.0,276.0
114087,2004,0,survivin gene,survivin gene,survivin genes,2003,2,27,ok,1,0,0,0.638888888888889,Med,BGM+Med,41.0,80.0,169.0
114141,2011,0,databases electronic resources,databas electron resourc,,2011,3,17,ok,1,0,0,1.0,CS,CS+Eng,32.0,1.0,34.0
114179,2014,0,pendekatan scientific,pendekatan scientif,,2014,2,33,ok,1,0,0,1.0,SOC,SOC,64.0,45.0,191.0
114198,2006,0,komitmen organisasi,komitmen organisasi,,2006,2,14,ok,1,0,0,0.8888888888888888,SOC,SOC,21.0,49.0,85.0
114236,2007,0,dig ws,dig w,,2008,2,27,ok,1,0,0,1.0,Med,BGM+Med,29.0,22.0,77.0
114295,2008,0,ice disaster,ic disast,icing disaster,2008,2,22,ok,1,0,0,0.8238095238095239,Eng,CS+Eng,21.0,10.0,41.0
114356,2006,0,sci fri,sci fri,,2006,2,27,ok,1,0,0,1.0,Med,BGM+Med,22.0,22.0,44.0
114364,2006,0,intravitreal bevacizumab,intravitr bevacizumab,intravitreous bevacizumab,2006,2,27,ok,1,0,0,1.0,Med,BGM+Med,75.0,255.0,553.0
114495,2009,0,foster and thomas,foster and thoma,,2009,3,12,ok,1,0,0,1.0,SOC,SOC,30.0,1.0,31.0
114668,2008,0,assignment writing,assign write,assignments write,2008,2,33,ok,1,0,0,0.75,SOC,SOC,25.0,5.0,30.0
114695,2007,0,oa wp,oa wp,,2007,2,27,ok,1,0,0,1.0,Med,BGM+Med,31.0,35.0,90.0
114739,2014,0,engineering aspects,engin aspect,engineering aspect,2016,2,22,weak_home,1,0,1,0.38461538461538464,Eng,CS+Eng,23.0,114.0,153.0
114906,2013,0,kabupaten tanah datar,kabupaten tanah datar,,2013,3,33,ok,1,0,0,0.7807692307692308,SOC,SOC,31.0,33.0,86.0
115010,2014,0,science and manufacturing,scienc and manufactur,,2014,3,22,ok,1,0,0,0.9850746268656716,Eng,CS+Eng,67.0,67.0,229.0
115036,2009,0,sez iii,sez iii,,2009,2,33,ok,1,0,0,0.8652173913043479,SOC,SOC,29.0,36.0,85.0
115134,2009,0,travail cdd,travail cdd,,2009,2,33,ok,1,0,0,1.0,SOC,SOC,34.0,1.0,79.0
115234,2008,0,earthquake relief,earthquak relief,earthquakes relief,2008,2,36,weak_home,1,0,1,0.27956989247311825,Med,BGM+Med,43.0,26.0,114.0
115299,2013,0,konseling kelompok,konsel kelompok,,2013,2,33,ok,1,0,0,1.0,SOC,SOC,68.0,58.0,184.0
115333,2013,0,taun ajaran,taun ajaran,,2013,2,33,ok,1,0,0,1.0,SOC,SOC,31.0,18.0,83.0
115344,2009,0,kompetensi guru,kompetensi guru,,2009,2,33,ok,1,0,0,0.8973333333333334,SOC,SOC,38.0,57.0,154.0
115419,2011,0,chromatography quadrupole time,chromatographi quadrupol time,,2009,3,16,ok,1,0,0,0.8292929292929293,PHYS,PHYS,25.0,66.0,136.0
115421,2013,0,smp pada,smp pada,,2013,2,33,ok,1,0,0,1.0,SOC,SOC,38.0,53.0,131.0
115431,2013,0,stent retriever,stent retriev,stent retrievers|stent retrieval,2015,2,27,ok,1,0,0,0.9666666666666667,Med,BGM+Med,27.0,62.0,120.0
115492,2004,0,ieee aerospace,ieee aerospac,,2004,2,22,ok,1,0,0,1.0,Eng,CS+Eng,65.0,33.0,154.0
115579,2010,0,library and academic,librari and academ,libraries and academic,2010,3,33,ok,1,0,0,1.0,SOC,SOC,481.0,76.0,650.0
115612,2010,0,pembelajaran pkn,pembelajaran pkn,,2010,2,33,ok,1,0,0,1.0,SOC,SOC,25.0,38.0,101.0
115673,2008,0,terhadap pelaksanaan,terhadap pelaksanaan,,2008,2,33,ok,1,0,0,0.6842105263157895,SOC,SOC,27.0,31.0,86.0
115725,2012,0,berbasis karakter,berbasi karakt,,2012,2,33,ok,1,0,0,0.9583333333333334,SOC,SOC,31.0,44.0,104.0
115971,2008,0,lafeaso1 xfx,lafeaso1 xfx,,2008,2,31,ok,1,0,0,1.0,PHYS,PHYS,33.0,16.0,69.0
115989,2013,0,ecli nl hr,ecli nl hr,,2013,3,33,ok,1,0,0,1.0,SOC,SOC,20.0,66.0,139.0
116021,2013,0,material for sodium,materi for sodium,materials for sodium,2013,3,22,ok,1,0,0,0.5,Eng,CS+Eng,37.0,124.0,221.0
116040,2013,0,desa dalam,desa dalam,,2013,2,33,ok,1,0,0,0.9316666666666666,SOC,SOC,53.0,97.0,220.0
116073,2009,0,multi cultural families,multi cultur famili,multi cultural family|multi culture families,2009,3,33,ok,1,0,0,0.5733333333333334,SOC,SOC,37.0,45.0,129.0
116292,2012,0,penelitian eksperimen,penelitian eksperimen,,2013,2,33,ok,1,0,0,1.0,SOC,SOC,20.0,59.0,179.0
116344,2012,0,cq core,cq core,,2012,2,33,ok,1,0,0,1.0,SOC,SOC,20.0,10.0,39.0
116402,2009,0,pengetahuan sosial,pengetahuan sosial,,2009,2,33,ok,1,0,0,0.9787878787878788,SOC,SOC,20.0,31.0,77.0
116428,2011,0,materi sistem,materi sistem,material sistem,2010,2,33,ok,1,0,0,0.9666666666666667,SOC,SOC,27.0,72.0,145.0
116472,2009,0,library social,librari social,libraries social|library socialization|library socialized,2009,2,17,ok,1,0,0,1.0,CS,CS+Eng,36.0,102.0,175.0
116478,2013,0,rich cathode,rich cathod,rich cathodes,2013,2,22,ok,1,0,0,0.782608695652174,Eng,CS+Eng,23.0,44.0,98.0
116520,2008,0,biomarker candidates,biomark candid,biomarker candidate,2008,2,27,weak_home,1,0,1,0.37368421052631573,Med,BGM+Med,20.0,22.0,52.0
116566,2004,0,autothermal reforming,autotherm reform,autothermal reformer|autothermal reformation,2004,2,22,ok,1,0,0,0.8536231884057971,Eng,CS+Eng,32.0,48.0,99.0
116578,2012,0,grb 120326a,grb 120326a,,2012,2,31,ok,1,0,0,0.9444444444444444,PHYS,PHYS,27.0,4.0,32.0
116599,2004,0,lake taihu,lake taihu,,2004,2,23,ok,1,0,0,0.75,LIFEENV,LIFEENV,26.0,59.0,115.0
116644,2008,0,speckle tracking imaging,speckl track imag,,2008,3,27,ok,1,0,0,0.9666666666666667,Med,BGM+Med,29.0,49.0,123.0
116693,2009,0,tapentadol extended,tapentadol extend,,2009,2,27,ok,1,0,0,0.9333333333333333,Med,BGM+Med,21.0,3.0,30.0
116738,2012,0,note ecli nl,note ecli nl,,2014,3,33,ok,1,0,0,1.0,SOC,SOC,21.0,165.0,230.0
116762,2012,0,kinect sensor,kinect sensor,kinect sensors,2012,2,22,ok,1,0,0,0.4979166666666667,Eng,CS+Eng,32.0,61.0,139.0
116870,2008,0,lee myung bak,lee myung bak,,2008,3,33,ok,1,0,0,0.9685185185185186,SOC,SOC,23.0,16.0,65.0
116880,2003,0,frequent itemsets,frequent itemset,frequent itemset,2003,2,17,ok,1,0,0,0.7285714285714285,CS,CS+Eng,27.0,43.0,98.0
116885,2011,0,health financing,health financ,health finance,2013,2,20,weak_home,1,0,1,0.3233333333333333,SOC,SOC,23.0,225.0,278.0
117069,2013,0,triboelectric nanogenerator,triboelectr nanogener,triboelectric nanogenerators,2013,2,22,ok,1,0,0,0.9375,Eng,CS+Eng,34.0,94.0,185.0
117076,2010,0,official documents,offici document,official document,2012,2,33,ok,1,0,0,0.6,SOC,SOC,51.0,2065.0,2236.0
117158,2013,0,draft profile,draft profil,,2013,2,33,ok,1,0,0,1.0,SOC,SOC,114.0,1.0,157.0
117240,2012,0,tasas judiciales,tasa judicial,,2012,2,33,ok,1,0,0,1.0,SOC,SOC,20.0,21.0,92.0
117276,2011,0,classiques garnier,classiqu garnier,,2010,2,12,ok,1,0,0,0.84,SOC,SOC,33.0,85.0,157.0
117412,2009,0,agro waste,agro wast,agro wastes,2009,2,11,ok,1,0,0,0.4181818181818182,LIFEENV,LIFEENV,29.0,33.0,83.0
117541,2011,0,fiscal consolidation,fiscal consolid,fiscal consolidations,2010,2,20,ok,1,0,0,0.930952380952381,SOC,SOC,23.0,65.0,130.0
117746,2007,0,harmonious culture,harmoni cultur,harmonious cultural|harmony culture,2007,2,33,ok,1,0,0,0.6666666666666666,SOC,SOC,90.0,66.0,240.0
117894,2013,0,equations and conservation,equat and conserv,equation and conservation,2013,3,26,ok,1,0,0,0.9,MATHDEC,MATHDEC,28.0,16.0,45.0
117960,2007,0,zigbee technology,zigbe technologi,,2007,2,22,ok,1,0,0,0.8222222222222222,Eng,CS+Eng,20.0,61.0,127.0
118025,2007,0,clean soil air,clean soil air,,2007,3,23,ok,1,0,0,1.0,LIFEENV,LIFEENV,22.0,34.0,86.0
118064,2013,0,sulfide donor,sulfid donor,sulfide donors,2013,2,27,ok,1,0,0,0.5809523809523809,Med,BGM+Med,29.0,21.0,68.0
118284,2013,0,pemahaman konsep matematis,pemahaman konsep matemati,,2013,3,33,ok,1,0,0,1.0,SOC,SOC,60.0,41.0,133.0
118310,2005,0,secondary publication,secondari public,secondary public,2005,2,33,ok,1,0,0,0.5714285714285714,SOC,SOC,28.0,19.0,62.0
118428,2008,0,network corporate,network corpor,network corporation|networks corporate,2008,2,14;20,ok,2,1,0,0.5,SOC,SOC,29.0,17.0,64.0
118448,2013,0,kecamatan sungai,kecamatan sungai,,2013,2,33,ok,1,0,0,0.65,SOC,SOC,60.0,91.0,209.0
118451,2013,0,orangtua dengan,orangtua dengan,,2013,2,33,ok,1,0,0,0.9388888888888889,SOC,SOC,27.0,27.0,74.0
118567,2014,0,registered dietitian nutritionists,regist dietitian nutritionist,registered dietitian nutritionist,2014,3,27,ok,1,0,0,0.75,Med,BGM+Med,20.0,19.0,70.0
118617,2013,0,hasil pertanian,hasil pertanian,,2013,2,33,ok,1,0,0,0.5789473684210527,SOC,SOC,39.0,31.0,92.0
118621,2010,0,edwards sapien,edward sapien,,2010,2,27,ok,1,0,0,1.0,Med,BGM+Med,31.0,59.0,123.0
118695,2011,0,scanning arm cloud,scan arm cloud,,2011,3,19,ok,1,0,0,1.0,PHYS,PHYS,23.0,2.0,35.0
118852,2003,0,earthworm ecology,earthworm ecologi,,2003,2,11,ok,1,0,0,1.0,LIFEENV,LIFEENV,80.0,2.0,82.0
118864,2009,0,studi multi,studi multi,,2009,2,33,ok,1,0,0,1.0,SOC,SOC,22.0,19.0,58.0
118888,2008,0,pei yang,pei yang,,2008,2,27;33,ok,2,1,0,0.42857142857142855,Med,BGM+Med,71.0,86.0,206.0
118910,2007,0,ecology vol,ecologi vol,,2007,2,11,ok,1,0,0,0.75,LIFEENV,LIFEENV,98.0,1.0,105.0
119084,2009,0,fakultas teknik,fakulta teknik,,2009,2,33,ok,1,0,0,0.6785714285714286,SOC,SOC,28.0,44.0,109.0
119088,2010,0,greek crisis,greek crisi,,2010,2,33,ok,1,0,0,0.6857142857142857,SOC,SOC,24.0,20.0,63.0
119191,2013,0,kabupaten kuantan singingi,kabupaten kuantan singingi,,2013,3,33,ok,1,0,0,0.5380952380952381,SOC,SOC,39.0,57.0,139.0
119227,2007,0,saham pada perusahaan,saham pada perusahaan,,2007,3,14,ok,1,0,0,0.8,SOC,SOC,39.0,72.0,137.0
119322,2010,0,pendidikan inklusif,pendidikan inklusif,,2010,2,33,ok,1,0,0,1.0,SOC,SOC,20.0,17.0,38.0
119335,2011,0,classification and survey,classif and survei,,2011,3,11,ok,1,0,0,1.0,LIFEENV,LIFEENV,48.0,15.0,63.0
119373,2014,0,korean academy,korean academi,,2016,2,33,ok,1,0,0,0.7916666666666666,SOC,SOC,22.0,272.0,305.0
119525,2014,0,ieee access,ieee access,,2014,2,22,ok,1,0,0,0.7333333333333333,Eng,CS+Eng,31.0,54.0,108.0
119722,2013,0,perancangan interior,perancangan interior,,2013,2,12,ok,1,0,0,0.7317073170731708,SOC,SOC,50.0,68.0,176.0
119767,2009,0,library film,librari film,libraries film|library films,2011,2,33,ok,1,0,0,1.0,SOC,SOC,22.0,55.0,79.0
119884,2008,0,mahasiswa fakultas,mahasiswa fakulta,,2009,2,33,ok,1,0,0,0.7703703703703704,SOC,SOC,24.0,65.0,156.0
119963,2013,0,universitas tanjungpura,universita tanjungpura,,2013,2,17,ok,1,0,0,0.4391304347826087,CS,CS+Eng,30.0,68.0,133.0
120018,2009,0,pengembangan paket,pengembangan paket,,2009,2,33,ok,1,0,0,1.0,SOC,SOC,31.0,44.0,122.0
120140,2013,0,online casino,onlin casino,online casinos,2013,2,22;33,ok,2,1,0,0.5,Eng,CS+Eng,21.0,32.0,71.0
120177,2009,0,menulis karangan,menuli karangan,,2009,2,33,ok,1,0,0,1.0,SOC,SOC,23.0,55.0,114.0
120243,2014,0,kalimantan utara,kalimantan utara,,2014,2,11,ok,1,0,0,0.5761904761904761,LIFEENV,LIFEENV,20.0,43.0,87.0
120349,2014,0,hobby lobby,hobbi lobbi,,2014,2,33,ok,1,0,0,0.8911111111111112,SOC,SOC,61.0,37.0,140.0
120381,2011,0,pengembangan perangkat pembelajaran,pengembangan perangkat pembelajaran,,2009,3,33,ok,1,0,0,0.9755555555555555,SOC,SOC,25.0,145.0,244.0
120417,2008,0,bank mandiri,bank mandiri,banking mandiri,2008,2,33,ok,1,0,0,0.5,SOC,SOC,33.0,36.0,109.0
120442,2013,0,radioactive cs,radioact c,,2013,2,19,weak_home,1,0,1,0.3448275862068966,PHYS,PHYS,22.0,23.0,60.0
120557,2013,0,daya ledak otot,daya ledak otot,,2013,3,33,ok,1,0,0,0.8571428571428571,SOC,SOC,22.0,30.0,86.0
120604,2010,0,femtocell networks,femtocel network,femtocell network|femtocells networks,2010,2,22,ok,1,0,0,0.6777777777777778,Eng,CS+Eng,22.0,58.0,108.0
120659,2010,0,wlan wimax,wlan wimax,,2008,2,22,ok,1,0,0,0.98,Eng,CS+Eng,22.0,45.0,99.0
120692,2003,0,chinese listed,chines list,,2003,2,14,weak_home,1,0,1,0.3466666666666667,SOC,SOC,22.0,63.0,123.0
120798,2004,0,phytochemical society,phytochem societi,,2004,2,13,ok,1,0,0,1.0,BGM,BGM+Med,24.0,24.0,75.0
120803,2008,0,cas pratique,ca pratiqu,cas pratiques,2008,2,33,ok,1,0,0,0.9858757062146892,SOC,SOC,30.0,163.0,318.0
120857,2003,0,aker kvaerner,aker kvaerner,,2003,2,14;33,ok,2,1,0,0.5,SOC,SOC,24.0,13.0,57.0
120886,2008,0,problems in hot,problem in hot,,2008,3,31,ok,1,0,0,0.9803921568627451,PHYS,PHYS,51.0,2.0,53.0
120894,2009,0,lutheran church,lutheran church,lutheran churches,2009,2,33,ok,1,0,0,0.7,SOC,SOC,289.0,199.0,505.0
120978,2011,0,myns insiens,myn insien,,2011,2,33,ok,1,0,0,1.0,SOC,SOC,26.0,15.0,78.0
121190,2008,0,sichuan earthquake,sichuan earthquak,sichuan earthquakes,2008,2,19,weak_home,1,0,1,0.37301587301587297,PHYS,PHYS,48.0,39.0,161.0
121291,2011,0,pengaruh pendekatan,pengaruh pendekatan,,2009,2,33,ok,1,0,0,0.9141414141414141,SOC,SOC,20.0,78.0,122.0
121330,2014,0,pendekatan ilmiah,pendekatan ilmiah,,2015,2,33,ok,1,0,0,1.0,SOC,SOC,20.0,18.0,68.0
121390,2013,0,kandou manado,kandou manado,,2013,2,14,ok,1,0,0,0.6,SOC,SOC,110.0,113.0,314.0
121453,2005,0,dur op,dur op,,2005,2,33,ok,1,0,0,0.6666666666666666,SOC,SOC,57.0,20.0,87.0
121546,2003,0,braf mutation,braf mutat,braf mutations|braf mutated|braf mutational,2003,2,27,ok,1,0,0,0.701111111111111,Med,BGM+Med,21.0,44.0,98.0
121615,2009,0,citing sources,cite sourc,cite sources,2009,2,27,ok,1,0,0,1.0,Med,BGM+Med,132.0,127.0,380.0
121658,2005,0,service for readers,servic for reader,services for readers,2006,3,17,ok,1,0,0,0.9604651162790697,CS,CS+Eng,25.0,51.0,121.0
121675,2014,0,data on ca,data on ca,,2014,3,25,ok,1,0,0,1.0,PHYS,PHYS,53.0,1.0,55.0
121785,2011,0,penelitian tindakan kelas,penelitian tindakan kela,,2009,3,33,ok,1,0,0,0.9615384615384616,SOC,SOC,38.0,348.0,444.0
121838,2012,0,baccalaureate high school,baccalaur high school,,2012,3,32,ok,1,0,0,1.0,SOC,SOC,29.0,1.0,30.0
121860,2014,0,pemilu legislatif,pemilu legislatif,,2014,2,33,ok,1,0,0,0.8808333333333334,SOC,SOC,34.0,45.0,153.0
121871,2013,0,sub county,sub counti,sub counties,2014,2,33,ok,1,0,0,0.5284313725490196,SOC,SOC,30.0,482.0,685.0
121875,2012,0,putusan mahkamah konstitusi,putusan mahkamah konstitusi,,2011,3,33,ok,1,0,0,1.0,SOC,SOC,21.0,55.0,110.0
121894,2008,0,pacto global,pacto global,,2008,2,33,ok,1,0,0,1.0,SOC,SOC,34.0,51.0,133.0
121938,2004,0,artikel zum thema,artikel zum thema,,2005,3,14,ok,1,0,0,1.0,SOC,SOC,25.0,28.0,125.0
121954,2008,0,tinjauan yuridis terhadap,tinjauan yuridi terhadap,,2008,3,33,ok,1,0,0,1.0,SOC,SOC,44.0,25.0,85.0
121969,2009,0,work matters management,work matter manag,,2009,3,33,ok,1,0,0,1.0,SOC,SOC,44.0,1.0,87.0
121996,2005,0,abuse of dominant,abus of domin,abuse of dominance|abuses of dominance,2006,3,33,ok,1,0,0,1.0,SOC,SOC,24.0,50.0,118.0
122076,2014,0,gene editing,gene edit,gene edited|gene edits,2014,2,13,ok,1,0,0,0.6458333333333334,BGM,BGM+Med,58.0,236.0,416.0
122101,2013,0,kabupaten jember,kabupaten jember,,2015,2,33,ok,1,0,0,0.5666666666666667,SOC,SOC,39.0,132.0,250.0
122246,2010,0,flexible dye,flexibl dye,,2010,2,22,ok,1,0,0,0.5833333333333334,Eng,CS+Eng,29.0,49.0,120.0
122328,2009,0,library journal,librari journal,library journalism|library journals|libraries journalism,2009,2,17;33,ok,2,1,0,0.5,CS,CS+Eng,38.0,58.0,122.0
122447,2008,0,madrasah aliyah,madrasah aliyah,,2009,2,33,ok,1,0,0,0.9927536231884058,SOC,SOC,20.0,59.0,141.0
122545,2013,0,implementasi pasal,implementasi pasal,,2013,2,33,ok,1,0,0,1.0,SOC,SOC,22.0,31.0,98.0
122597,2011,0,spectral ct,spectral ct,,2011,2,27,ok,1,0,0,0.9885057471264368,Med,BGM+Med,34.0,68.0,136.0
122620,2011,0,military sexual,militari sexual,,2011,2,32,ok,1,0,0,0.49259259259259264,SOC,SOC,22.0,29.0,60.0
122664,2004,0,section sign,section sign,,2005,2,33,ok,1,0,0,0.9666666666666667,SOC,SOC,21.0,17.0,55.0
122717,2010,0,angewandten chemie,angewandten chemi,,2010,2,16,ok,1,0,0,1.0,PHYS,PHYS,32.0,51.0,132.0
122771,2006,0,dual source,dual sourc,dual sourcing|dual sources,2007,2,27,ok,1,0,0,0.5453900709219859,Med,BGM+Med,22.0,176.0,307.0
122778,2014,0,digest june,digest june,,2014,2,36,ok,1,0,0,1.0,Med,BGM+Med,26.0,4.0,33.0
122785,2011,0,melalui penggunaan,melalui penggunaan,,2009,2,33,ok,1,0,0,0.907843137254902,SOC,SOC,25.0,101.0,183.0
122814,2007,0,layer graphene,layer graphen,layered graphene|layer graphenes|layers graphene,2007,2,31,ok,1,0,0,0.8142857142857144,PHYS,PHYS,21.0,111.0,186.0
122866,2013,0,nhs england,nh england,,2013,2,36,ok,1,0,0,0.8530864197530865,Med,BGM+Med,32.0,41.0,119.0
123021,2011,0,ishemicheskoy bolezn yu,ishemicheskoi bolezn yu,,2011,3,27,ok,1,0,0,1.0,Med,BGM+Med,20.0,20.0,41.0
123129,2011,0,peningkatan aktivitas,peningkatan aktivita,,2013,2,33,ok,1,0,0,0.8380952380952381,SOC,SOC,32.0,337.0,421.0
123253,2014,0,things iot,thing iot,,2014,2,22,weak_home,1,0,1,0.32248062015503876,Eng,CS+Eng,28.0,129.0,230.0
123264,2003,0,sars outbreak,sar outbreak,,2003,2,27,ok,1,0,0,0.6511111111111111,Med,BGM+Med,38.0,40.0,128.0
123364,2010,0,herschel hifi,herschel hifi,,2010,2,31,ok,1,0,0,1.0,PHYS,PHYS,33.0,15.0,70.0
123384,2006,0,mo p1,mo p1,,2006,2,27,ok,1,0,0,1.0,Med,BGM+Med,24.0,1.0,25.0
123441,2007,0,leadership team,leadership team,leadership teams|leadership teaming,2009,2,33,ok,1,0,0,0.43478260869565216,SOC,SOC,20.0,109.0,152.0
123475,2014,0,planck and bicep2,planck and bicep2,,2014,3,31,ok,1,0,0,1.0,PHYS,PHYS,24.0,2.0,28.0
123598,2010,0,question prioritaire,question prioritair,questions prioritaires,2010,2,33,ok,1,0,0,0.9545454545454546,SOC,SOC,83.0,33.0,184.0
123693,2013,0,lateral lumbar interbody,later lumbar interbodi,,2013,3,27,ok,1,0,0,1.0,Med,BGM+Med,20.0,28.0,68.0
123891,2012,0,strait islander primary,strait island primari,,2012,3,36,ok,1,0,0,0.6666666666666666,Med,BGM+Med,24.0,1.0,29.0
123926,2013,0,merek terhadap keputusan,merek terhadap keputusan,,2014,3,14,ok,1,0,0,1.0,SOC,SOC,29.0,50.0,122.0
123985,2011,0,power prediction,power predict,power predicts|power predict|power predicting|power predictive|powerful predictive,2012,2,22,ok,1,0,0,0.696969696969697,Eng,CS+Eng,30.0,76.0,168.0
123999,2014,0,ley del irpf,lei del irpf,,2014,3,33,ok,1,0,0,1.0,SOC,SOC,24.0,3.0,46.0
124097,2009,0,president obama,presid obama,,2009,2,33,ok,1,0,0,0.574468085106383,SOC,SOC,101.0,63.0,215.0
124152,2014,0,mercantiles art,mercantil art,mercantil art,2014,2,33,ok,1,0,0,1.0,SOC,SOC,66.0,1.0,118.0
124176,2005,0,dengan menggunakan metode,dengan menggunakan metod,,2006,3,14,ok,1,0,0,0.6420289855072464,SOC,SOC,22.0,75.0,182.0
124342,2006,0,automorphic representations,automorph represent,automorphic representation,2006,2,26,ok,1,0,0,1.0,MATHDEC,MATHDEC,34.0,38.0,76.0
124443,2010,0,kosong kelapa sawit,kosong kelapa sawit,,2011,3,11,ok,1,0,0,1.0,LIFEENV,LIFEENV,26.0,28.0,74.0
124451,2005,0,egfr mutation,egfr mutat,egfr mutations|egfr mutated|egfr mutational,2005,2,27,ok,1,0,0,0.7351851851851853,Med,BGM+Med,26.0,54.0,122.0
124470,2013,0,pengaruh metode pembelajaran,pengaruh metod pembelajaran,,2013,3,33,ok,1,0,0,0.9909090909090909,SOC,SOC,62.0,75.0,188.0
124567,2005,0,sumatra andaman earthquake,sumatra andaman earthquak,,2005,3,19,ok,1,0,0,0.8425287356321839,PHYS,PHYS,30.0,31.0,101.0
124711,2005,0,pp xvi,pp xvi,,2007,2,33;12,ok,2,1,0,0.45555555555555555,SOC,SOC,21.0,154.0,206.0
124757,2014,0,asuhan kebidanan pada,asuhan kebidanan pada,,2016,3,36,ok,1,0,0,1.0,Med,BGM+Med,31.0,42.0,91.0
124836,2007,0,contourlet transform,contourlet transform,contourlet transformation|contourlet transforms,2008,2,22,ok,1,0,0,0.5242424242424242,Eng,CS+Eng,32.0,100.0,208.0
124855,2005,0,asian tsunami,asian tsunami,,2005,2,33,weak_home,1,0,1,0.25,SOC,SOC,39.0,13.0,69.0
124896,2014,0,sistem pakar diagnosa,sistem pakar diagnosa,,2013,3,17,ok,1,0,0,0.9333333333333333,CS,CS+Eng,38.0,84.0,162.0
124913,2010,0,patients with h1n1,patient with h1n1,patient with h1n1,2010,3,27,ok,1,0,0,0.8818181818181817,Med,BGM+Med,27.0,9.0,48.0
125221,2012,0,strategi komunikasi,strategi komunikasi,,2012,2,33,ok,1,0,0,0.7777777777777779,SOC,SOC,49.0,86.0,216.0
125257,2009,0,american recovery,american recoveri,,2009,2,33,ok,1,0,0,0.44,SOC,SOC,64.0,80.0,169.0
125323,2008,0,kidney early,kidnei earli,,2008,2,27,ok,1,0,0,1.0,Med,BGM+Med,21.0,16.0,48.0
125399,2011,0,insurance exchanges,insur exchang,insurance exchange,2011,2,27,ok,1,0,0,0.47126436781609193,Med,BGM+Med,28.0,75.0,144.0
125408,2014,0,card on physical,card on physic,,2014,3,27,ok,1,0,0,1.0,Med,BGM+Med,32.0,43.0,76.0
125420,2004,0,york palgrave macmillan,york palgrav macmillan,,2004,3,33,ok,1,0,0,0.9577464788732395,SOC,SOC,73.0,73.0,198.0
125618,2013,0,electrocatalytic hydrogen,electrocatalyt hydrogen,electrocatalytic hydrogenation,2013,2,22,ok,1,0,0,0.6388888888888888,Eng,CS+Eng,20.0,51.0,95.0
125700,2011,0,opini audit,opini audit,,2011,2,14,ok,1,0,0,0.9753086419753086,SOC,SOC,28.0,49.0,102.0
125714,2008,0,pemberian kredit pada,pemberian kredit pada,,2008,3,14,ok,1,0,0,0.8571428571428571,SOC,SOC,23.0,20.0,60.0
125730,2008,0,schweizerische mikrobiologische gesellschaft,schweizerisch mikrobiologisch gesellschaft,,2008,3,27,ok,1,0,0,1.0,Med,BGM+Med,27.0,4.0,31.0
125797,2008,0,pt perkebunan nusantara,pt perkebunan nusantara,,2008,3,14,ok,1,0,0,0.5,SOC,SOC,50.0,49.0,146.0
126062,2011,0,reduced ejection,reduc eject,reducing ejection,2010,2,27,ok,1,0,0,1.0,Med,BGM+Med,29.0,59.0,134.0
126082,2008,0,pengakuan dan pengukuran,pengakuan dan pengukuran,,2008,3,33,ok,1,0,0,1.0,SOC,SOC,34.0,2.0,37.0
126089,2007,0,surgery notes,surgeri note,,2008,2,27,ok,1,0,0,1.0,Med,BGM+Med,23.0,53.0,112.0
126267,2014,0,internet gaming disorder,internet game disord,,2014,3,27,ok,1,0,0,0.4666666666666667,Med,BGM+Med,36.0,59.0,150.0
126354,2009,0,graphene films,graphen film,graphene film,2008,2,22,weak_home,1,0,1,0.34967320261437906,Eng,CS+Eng,24.0,86.0,174.0
126501,2010,0,carbon economic,carbon econom,carbon economics,2010,2,22,ok,1,0,0,0.6070175438596491,Eng,CS+Eng,36.0,26.0,103.0
126558,2010,0,graphene hybrid,graphen hybrid,graphene hybrids|graphene hybridized,2009,2,25,ok,1,0,0,0.428,PHYS,PHYS,21.0,56.0,108.0
126714,2007,0,pla general aeri,pla gener aeri,,2007,3,12,ok,1,0,0,1.0,SOC,SOC,34.0,16.0,56.0
126752,2008,0,transplant tourism,transplant tourism,,2008,2,27,ok,1,0,0,0.9288888888888889,Med,BGM+Med,24.0,17.0,52.0
126826,2013,0,grb 130427a,grb 130427a,,2013,2,31,ok,1,0,0,1.0,PHYS,PHYS,88.0,1.0,102.0
126830,2004,0,convergencia europea,convergencia europea,,2003,2,33,ok,1,0,0,0.7771929824561404,SOC,SOC,43.0,50.0,184.0
126844,2013,0,cabang manado,cabang manado,,2013,2,14,ok,1,0,0,0.9047619047619048,SOC,SOC,21.0,15.0,52.0
126878,2006,0,persediaan bahan,persediaan bahan,,2006,2,14,ok,1,0,0,0.8888888888888888,SOC,SOC,20.0,24.0,62.0
126899,2011,0,sp native,sp nativ,,2011,2,11,ok,1,0,0,1.0,LIFEENV,LIFEENV,168.0,1.0,169.0
126913,2004,0,nutrition and allergies,nutrit and allergi,,2004,3,11,ok,1,0,0,1.0,LIFEENV,LIFEENV,33.0,8.0,61.0
126934,2012,0,editors repeat,editor repeat,,2012,2,31,ok,1,0,0,1.0,PHYS,PHYS,28.0,52.0,126.0
126997,2013,0,santa teresa,santa teresa,,2015,2,12,ok,1,0,0,0.4850340136054421,SOC,SOC,58.0,290.0,441.0
127036,2006,0,distribution extension,distribut extens,distribution extensions,2006,2,23,ok,1,0,0,1.0,LIFEENV,LIFEENV,43.0,60.0,146.0
127120,2013,0,polydopamine coated,polydopamin coat,polydopamine coating|polydopamine coatings,2013,2,25,weak_home,1,0,1,0.3962962962962963,PHYS,PHYS,26.0,41.0,107.0
127175,2011,0,life tech,life tech,,2011,2,33,ok,1,0,0,1.0,SOC,SOC,65.0,61.0,146.0
127442,2013,0,tj sala,tj sala,,2013,2,33,ok,1,0,0,1.0,SOC,SOC,59.0,42.0,148.0
127445,2003,0,tibet railway,tibet railwai,,2003,2,19;22,ok,2,1,0,0.5084745762711864,PHYS,PHYS,65.0,59.0,170.0
127558,2004,0,recommendation statement,recommend statement,recommendation statements,2004,2,27,ok,1,0,0,0.7212121212121212,Med,BGM+Med,29.0,16.0,58.0
127687,2008,0,adam malik,adam malik,,2008,2,27,ok,1,0,0,1.0,Med,BGM+Med,30.0,69.0,146.0
127744,2004,0,feed feedap,feed feedap,,2004,2,11,ok,1,0,0,1.0,LIFEENV,LIFEENV,38.0,32.0,102.0
127751,2013,0,skripsi mahasiswa,skripsi mahasiswa,,2013,2,33,ok,1,0,0,0.7666666666666667,SOC,SOC,21.0,50.0,98.0
127753,2012,0,arkinson disease,arkinson diseas,,2012,2,27,ok,1,0,0,0.8240740740740741,Med,BGM+Med,29.0,51.0,136.0
127819,2009,0,library biology,librari biologi,libraries biology,2009,2,33,ok,1,0,0,1.0,SOC,SOC,38.0,68.0,158.0
127936,2007,0,untuk meningkatkan,untuk meningkatkan,,2009,2,33,weak_home,1,0,1,0.34375,SOC,SOC,137.0,1167.0,1503.0
127979,2007,0,upaya meningkatkan,upaya meningkatkan,,2008,2,33,ok,1,0,0,0.8114942528735632,SOC,SOC,23.0,130.0,205.0
128085,2003,0,phase ii npp,phase ii npp,,2003,3,22,ok,1,0,0,1.0,Eng,CS+Eng,63.0,1.0,64.0
128189,2014,0,beginners zone,beginn zone,,2014,2,33,ok,1,0,0,1.0,SOC,SOC,48.0,53.0,209.0
128206,2011,0,egyptian revolution,egyptian revolut,egyptian revolutions,2011,2,33,ok,1,0,0,0.796875,SOC,SOC,60.0,48.0,165.0
128213,2014,0,digest july,digest juli,,2014,2,36,ok,1,0,0,0.88,Med,BGM+Med,29.0,5.0,41.0
128224,2007,0,global economic,global econom,global economics|globalization economic|globalization economics|globalized economic,2009,2,33,ok,1,0,0,0.6066666666666667,SOC,SOC,54.0,331.0,453.0
128233,2009,0,konsumen studi pada,konsumen studi pada,,2009,3,33,ok,1,0,0,0.8925925925925926,SOC,SOC,36.0,22.0,87.0
128237,2006,0,reform and opening,reform and open,reform and open|reforming and opening|reform and openness|reformation and opening|reform and openning,2008,3,33,ok,1,0,0,0.6888888888888888,SOC,SOC,33.0,391.0,459.0
128252,2004,0,ieee transactions,ieee transact,ieee transaction,2004,2,22,ok,1,0,0,0.5465587044534412,Eng,CS+Eng,267.0,227.0,682.0
128272,2011,0,fuzzy soft,fuzzi soft,,2010,2,17,ok,1,0,0,0.43043478260869567,CS,CS+Eng,46.0,66.0,167.0
128299,2009,0,program keahlian,program keahlian,,2009,2,33,ok,1,0,0,1.0,SOC,SOC,103.0,85.0,300.0
128338,2007,0,furoate nasal,furoat nasal,,2007,2,27,ok,1,0,0,1.0,Med,BGM+Med,40.0,25.0,91.0
128405,2009,0,geochelone aldabrachelys gigantea,geochelon aldabrach gigantea,,2009,3,23,ok,1,0,0,1.0,LIFEENV,LIFEENV,24.0,3.0,39.0
128533,2008,0,barack obama,barack obama,barack obamas,2008,2,33,ok,1,0,0,0.8636363636363636,SOC,SOC,133.0,177.0,549.0
128559,2013,0,energy technol,energi technol,,2013,2,22,ok,1,0,0,1.0,Eng,CS+Eng,26.0,30.0,81.0
128659,2009,0,antimicrobial potential,antimicrobi potenti,antimicrobial potentials|antimicrobial potentialities|antimicrobial potentiality,2011,2,11,ok,1,0,0,0.5166666666666667,LIFEENV,LIFEENV,28.0,65.0,133.0
128763,2008,0,medicine syndrome,medicin syndrom,medicine syndromes,2008,2,27,ok,1,0,0,0.9212121212121213,Med,BGM+Med,21.0,54.0,100.0
128935,2013,0,pembelajaran penemuan,pembelajaran penemuan,,2013,2,33,ok,1,0,0,0.9816666666666667,SOC,SOC,20.0,37.0,71.0
128957,2013,0,apoyo al emprendedor,apoyo al emprendedor,,2013,3,33,ok,1,0,0,1.0,SOC,SOC,21.0,16.0,57.0
128978,2008,0,keputusan pada,keputusan pada,,2008,2,17,ok,1,0,0,0.75,CS,CS+Eng,29.0,9.0,47.0
129039,2013,0,beverages yang terdaftar,beverag yang terdaftar,beverage yang terdaftar,2013,3,14,ok,1,0,0,0.7188405797101449,SOC,SOC,30.0,55.0,118.0
129096,2013,0,bung hatta,bung hatta,,2013,2,33,ok,1,0,0,0.725,SOC,SOC,48.0,48.0,150.0
129118,2009,0,h1n1 swine,h1n1 swine,,2009,2,27,ok,1,0,0,0.6129032258064516,Med,BGM+Med,50.0,24.0,107.0
129127,2004,0,oncol biol phys,oncol biol phy,,2004,3,27,ok,1,0,0,1.0,Med,BGM+Med,36.0,37.0,120.0
129130,2010,0,castles forts,castl fort,,2010,2,12;33,ok,2,1,0,0.5,SOC,SOC,38.0,1.0,40.0
129144,2003,0,sars epidemic,sar epidem,sars epidemics,2003,2,27,ok,1,0,0,0.4956521739130435,Med,BGM+Med,54.0,41.0,157.0
129145,2004,0,square nbl times,squar nbl time,,2004,3,33,ok,1,0,0,1.0,SOC,SOC,21.0,40.0,100.0
129191,2004,0,geoscience and remote,geoscienc and remot,,2004,3,22,ok,1,0,0,1.0,Eng,CS+Eng,26.0,24.0,72.0
129223,2012,0,events exhibits,event exhibit,event exhibition,2012,2,12,ok,1,0,0,1.0,SOC,SOC,56.0,3.0,60.0
129251,2004,0,logistics enterprises,logist enterpris,logistics enterprise|logistic enterprises|logistic enterprise|logistical enterprises,2003,2,22,ok,1,0,0,0.6358333333333334,Eng,CS+Eng,31.0,82.0,173.0
129325,2010,0,technology phra nakhon,technologi phra nakhon,,2010,3,22;27,ok,2,1,0,0.5,Eng,CS+Eng,28.0,17.0,54.0
129340,2013,0,lushan earthquake,lushan earthquak,lushan earthquakes,2013,2,19,ok,1,0,0,0.4172661870503597,PHYS,PHYS,164.0,43.0,291.0
129362,2005,0,teaching platform,teach platform,,2004,2,17;22,ok,2,1,0,0.46,CS,CS+Eng,23.0,44.0,99.0
129363,2008,0,antenna with dual,antenna with dual,,2008,3,22,ok,1,0,0,0.9666666666666667,Eng,CS+Eng,20.0,21.0,56.0
129379,2014,0,sebagai variabel mediasi,sebagai variabel mediasi,,2014,3,14,ok,1,0,0,0.8333333333333334,SOC,SOC,49.0,114.0,220.0
129477,2003,0,materials resource center,materi resourc center,,2003,3,22,ok,1,0,0,0.9916666666666667,Eng,CS+Eng,24.0,22.0,70.0
129573,2006,0,pada pt,pada pt,pada pts,2008,2,14,ok,1,0,0,0.888888888888889,SOC,SOC,272.0,1280.0,1874.0
129643,2008,0,kas pada,ka pada,,2008,2,14,ok,1,0,0,0.9,SOC,SOC,187.0,37.0,252.0
129680,2007,0,environmental revolution,environment revolut,,2007,2,22,ok,1,0,0,0.625,Eng,CS+Eng,32.0,1.0,34.0
129737,2004,0,germicidal efficacy,germicid efficaci,,2004,2,27,ok,1,0,0,0.9,Med,BGM+Med,39.0,39.0,109.0
129783,2006,0,evo morales,evo moral,,2006,2,33,ok,1,0,0,0.9714285714285714,SOC,SOC,26.0,16.0,71.0
129828,2004,0,gusev crater,gusev crater,,2004,2,19,ok,1,0,0,0.6020202020202021,PHYS,PHYS,44.0,37.0,99.0
129852,2007,0,mobile wimax,mobil wimax,,2007,2,22,ok,1,0,0,0.41333333333333333,Eng,CS+Eng,36.0,87.0,189.0
129883,2009,0,phys status solidi,phy statu solidi,,2009,3,25,ok,1,0,0,0.7384615384615384,PHYS,PHYS,80.0,77.0,211.0
129993,2004,0,molecular junctions,molecular junction,molecular junction,2004,2,31,ok,1,0,0,0.42916666666666664,PHYS,PHYS,25.0,69.0,129.0
130322,2005,0,sparre andersen,sparr andersen,,2005,2,26,ok,1,0,0,0.625,MATHDEC,MATHDEC,22.0,16.0,43.0
130335,2011,0,field activity,field activ,field activated|field activities|field activation|field active|fields activated,2013,2,22,ok,1,0,0,0.5222222222222223,Eng,CS+Eng,26.0,471.0,517.0
130367,2005,0,brac commission,brac commiss,,2005,2,33,ok,1,0,0,1.0,SOC,SOC,56.0,1.0,57.0
130371,2009,0,secara spektrofotometri,secara spektrofotometri,,2010,2,11,ok,1,0,0,0.9166666666666666,LIFEENV,LIFEENV,20.0,56.0,114.0
130400,2012,0,belajar peserta didik,belajar peserta didik,,2013,3,33,ok,1,0,0,0.9438095238095238,SOC,SOC,26.0,161.0,275.0
130579,2009,0,pembelajaran inkuiri,pembelajaran inkuiri,,2010,2,33,ok,1,0,0,0.9692307692307692,SOC,SOC,20.0,39.0,110.0
130593,2004,0,nanorod arrays,nanorod arrai,nanorod array|nanorods array|nanorods arrays,2004,2,25,weak_home,1,0,1,0.3260416666666667,PHYS,PHYS,28.0,76.0,151.0
130604,2014,0,ppl ii,ppl ii,,2014,2,33,ok,1,0,0,0.6,SOC,SOC,36.0,21.0,81.0
130709,2006,0,union in june,union in june,,2006,3,33,ok,1,0,0,1.0,SOC,SOC,52.0,1.0,53.0
130716,2010,0,scope clip,scope clip,scope clips|scope clipping,2010,2,27,ok,1,0,0,0.9666666666666667,Med,BGM+Med,22.0,47.0,88.0
130755,2014,0,future circular collider,futur circular collid,future circular colliders,2014,3,22;31,ok,2,1,0,0.5217391304347826,Eng,CS+Eng,26.0,22.0,62.0
130871,2004,0,york routledgecurzon,york routledgecurzon,,2004,2,33,ok,1,0,0,1.0,SOC,SOC,21.0,20.0,58.0
130876,2010,0,stony brook university,stoni brook univers,,2010,3,27,ok,1,0,0,0.5714285714285714,Med,BGM+Med,58.0,93.0,189.0
130917,2008,0,akuntansi pada,akuntansi pada,,2008,2,14,ok,1,0,0,0.8,SOC,SOC,59.0,29.0,106.0
130962,2010,0,services library,servic librari,service library|service libraries,2010,2,17,ok,1,0,0,0.6428571428571429,CS,CS+Eng,22.0,20.0,61.0
131012,2012,0,pasien stroke,pasien stroke,,2012,2,11,weak_home,1,0,1,0.35,LIFEENV,LIFEENV,27.0,54.0,118.0
131253,2008,0,standard flat bed,standard flat bed,,2008,3,27,ok,1,0,0,1.0,Med,BGM+Med,26.0,30.0,56.0
131274,2012,0,exponentially stretching,exponenti stretch,exponential stretching,2012,2,22,ok,1,0,0,0.6782608695652175,Eng,CS+Eng,22.0,37.0,87.0
131334,2008,0,beitrag zur kenntnis,beitrag zur kenntni,,2008,3,11,ok,1,0,0,0.7551020408163266,LIFEENV,LIFEENV,78.0,48.0,178.0
131372,2009,0,level cities,level citi,level city,2009,2,33,weak_home,1,0,1,0.26666666666666666,SOC,SOC,22.0,32.0,77.0
131474,2014,0,tanpa izin,tanpa izin,,2014,2,33,ok,1,0,0,0.8929824561403509,SOC,SOC,21.0,55.0,101.0
131642,2014,0,materials data,materi data,material data|materializing data,2014,2,22,ok,1,0,0,0.6,Eng,CS+Eng,4280.0,1813.0,6147.0
131787,2009,0,kemampuan siswa,kemampuan siswa,,2009,2,33,ok,1,0,0,0.9575757575757575,SOC,SOC,30.0,32.0,89.0
131819,2009,0,motivasi dan hasil,motivasi dan hasil,,2009,3,33,ok,1,0,0,1.0,SOC,SOC,123.0,107.0,398.0
131904,2009,0,swine origin influenza,swine origin influenza,,2009,3,27,ok,1,0,0,0.8653846153846153,Med,BGM+Med,80.0,41.0,197.0
132015,2013,0,classification of psn,classif of psn,classifications of psn,2013,3,31,ok,1,0,0,1.0,PHYS,PHYS,23.0,50.0,118.0
132038,2009,0,crisi economica,crisi economica,crisis economica,2010,2,33,ok,1,0,0,0.7142857142857143,SOC,SOC,20.0,27.0,71.0
132060,2003,0,data focus,data focu,,2003,2,33,ok,1,0,0,0.9696969696969696,SOC,SOC,33.0,50.0,130.0
227,2015,1,gorkha earthquake,gorkha earthquak,,2015,2,19,ok,1,0,0,0.8278787878787879,PHYS,PHYS,31.0,38.0,138.0
239,2015,1,pengembangan keprofesian berkelanjutan,pengembangan keprofesian berkelanjutan,,2017,3,33,ok,1,0,0,1.0,SOC,SOC,20.0,59.0,85.0
1388,2015,1,adv electron mater,adv electron mater,,2015,3,22,ok,1,0,0,1.0,Eng,CS+Eng,27.0,33.0,105.0
3134,2015,1,fisika peserta didik,fisika peserta didik,,2015,3,33,ok,1,0,0,1.0,SOC,SOC,27.0,47.0,88.0
4900,2015,1,prakarya dan kewirausahaan,prakarya dan kewirausahaan,,2015,3,33,ok,1,0,0,0.9333333333333333,SOC,SOC,32.0,27.0,81.0
5964,2015,1,fcc ee,fcc ee,,2015,2,31,ok,1,0,0,0.8125,PHYS,PHYS,23.0,34.0,74.0
6382,2015,1,theatre and media,theatr and media,,2015,3,33,ok,1,0,0,1.0,SOC,SOC,32.0,1.0,34.0
6779,2015,1,universidad laica,universidad laica,,2015,2,33,ok,1,0,0,1.0,SOC,SOC,21.0,20.0,65.0
6795,2015,1,subcutaneous implantable cardioverter,subcutan implant cardiovert,,2015,3,27,ok,1,0,0,0.9756097560975611,Med,BGM+Med,42.0,71.0,160.0
7125,2015,1,veno arterial extracorporeal,veno arteri extracorpor,,2015,3,27,ok,1,0,0,1.0,Med,BGM+Med,30.0,67.0,138.0
8112,2015,1,escuela de verano,escuela de verano,escuelas de verano,2015,3,12;33,ok,2,1,0,0.5,SOC,SOC,40.0,60.0,137.0
8590,2015,1,studi pustaka,studi pustaka,,2015,2,14,ok,1,0,0,0.5714285714285714,SOC,SOC,25.0,82.0,246.0
8710,2015,1,major gift,major gift,major gifts,2015,2,33,ok,1,0,0,1.0,SOC,SOC,25.0,27.0,69.0
8725,2015,1,kompetensi sumber daya,kompetensi sumber daya,,2014,3,14,ok,1,0,0,0.6766666666666666,SOC,SOC,28.0,69.0,140.0
10194,2015,1,profiling of serine,profil of serin,,2015,3,13,ok,1,0,0,0.6666666666666666,BGM,BGM+Med,20.0,5.0,25.0
10344,2015,1,belt and road,belt and road,,2015,3,33,ok,1,0,0,0.66,SOC,SOC,40.0,194.0,302.0
11173,2015,1,irf1 axis,irf1 axi,,2015,2,13,ok,1,0,0,1.0,BGM,BGM+Med,32.0,1.0,33.0
11679,2015,1,m6a methylation patterns,m6a methyl pattern,,2015,3,13,ok,1,0,0,1.0,BGM,BGM+Med,23.0,1.0,24.0
13634,2015,1,audio summary,audio summari,,2015,2,27,ok,1,0,0,1.0,Med,BGM+Med,33.0,52.0,144.0
14472,2015,1,charlie hebdo,charli hebdo,,2015,2,33,ok,1,0,0,0.823529411764706,SOC,SOC,183.0,38.0,303.0
15095,2015,1,psma pet,psma pet,,2016,2,27,ok,1,0,0,0.9919999999999999,Med,BGM+Med,29.0,102.0,214.0
15615,2015,1,commemoration number,commemor number,,2015,2,33,ok,1,0,0,1.0,SOC,SOC,27.0,18.0,67.0
16135,2015,1,ligo virgo,ligo virgo,,2015,2,31,ok,1,0,0,1.0,PHYS,PHYS,71.0,504.0,588.0
20081,2015,1,national inpatient sample,nation inpati sampl,,2016,3,27,ok,1,0,0,0.9612121212121212,Med,BGM+Med,21.0,81.0,157.0
20325,2015,1,abdul wahab sjahranie,abdul wahab sjahrani,,2015,3,11,ok,1,0,0,0.4166666666666667,LIFEENV,LIFEENV,67.0,74.0,156.0
20686,2015,1,theoretical domains framework,theoret domain framework,,2017,3,27,ok,1,0,0,0.45789473684210524,Med,BGM+Med,29.0,89.0,147.0
21862,2015,1,neuropsychological domains,neuropsycholog domain,,2015,2,27,ok,1,0,0,1.0,Med,BGM+Med,22.0,3.0,25.0
23642,2015,1,tempat wisata,tempat wisata,,2015,2,17,ok,1,0,0,0.5270833333333333,CS,CS+Eng,21.0,33.0,64.0
24565,2015,1,black lives,black live,,2015,2,33,ok,1,0,0,0.8426900584795322,SOC,SOC,41.0,143.0,304.0
25865,2015,1,model guided discovery,model guid discoveri,,2015,3,33,ok,1,0,0,1.0,SOC,SOC,23.0,26.0,60.0
26419,2015,1,moral et civique,moral et civiqu,morale et civique,2015,3,33,ok,1,0,0,0.9090909090909091,SOC,SOC,20.0,10.0,41.0
26920,2015,1,her2 metastatic breast,her2 metastat breast,,2015,3,27,ok,1,0,0,0.6694444444444444,Med,BGM+Med,20.0,25.0,70.0
26930,2015,1,umbrella movement,umbrella movement,,2015,2,33,ok,1,0,0,0.95,SOC,SOC,35.0,27.0,99.0
27180,2015,1,memediasi pengaruh,memediasi pengaruh,,2016,2,14,ok,1,0,0,0.962962962962963,SOC,SOC,21.0,49.0,98.0
27371,2015,1,senate bill,senat bill,senate bills|senator bill,2017,2,33,ok,1,0,0,0.5789473684210527,SOC,SOC,32.0,1511.0,1590.0
27470,2015,1,togaf adm,togaf adm,,2015,2,17,ok,1,0,0,0.9773333333333334,CS,CS+Eng,20.0,55.0,108.0
31609,2015,1,kim davis,kim davi,,2015,2,33,ok,1,0,0,1.0,SOC,SOC,21.0,3.0,32.0
32715,2015,1,magnetic skyrmions,magnet skyrmion,magnetic skyrmion,2015,2,31,ok,1,0,0,0.5714285714285714,PHYS,PHYS,36.0,50.0,125.0
33884,2015,1,intervening studi kasus,interven studi kasu,,2015,3,14,ok,1,0,0,0.8507246376811594,SOC,SOC,29.0,50.0,124.0
35193,2015,1,nrg oncology,nrg oncologi,,2015,2,27,ok,1,0,0,1.0,Med,BGM+Med,77.0,74.0,217.0
35898,2015,1,medicine basic,medicin basic,,2015,2,27,ok,1,0,0,0.6,Med,BGM+Med,26.0,5.0,32.0
36129,2015,1,hormone sensitive prostate,hormon sensit prostat,,2015,3,27,ok,1,0,0,0.9708333333333333,Med,BGM+Med,22.0,29.0,68.0
36836,2015,1,marston science library,marston scienc librari,,2015,3,33,ok,1,0,0,1.0,SOC,SOC,31.0,12.0,43.0
38416,2015,1,molecular and cell,molecular and cell,,2015,3,13,ok,1,0,0,0.9681159420289854,BGM,BGM+Med,25.0,37.0,86.0
38731,2015,1,idea to market,idea to market,ideas to market,2015,3,22,ok,1,0,0,0.6421052631578947,Eng,CS+Eng,23.0,8.0,53.0
38907,2015,1,pendidikan dan kebudayaan,pendidikan dan kebudayaan,,2013,3,33,ok,1,0,0,0.6666666666666666,SOC,SOC,28.0,64.0,124.0
39406,2015,1,budget pressure,budget pressur,budget pressures,2015,2,14,ok,1,0,0,0.8238095238095239,SOC,SOC,20.0,41.0,84.0
42493,2015,1,characteristic modes,characterist mode,characteristic mode,2013,2,22,ok,1,0,0,1.0,Eng,CS+Eng,20.0,42.0,88.0
42712,2015,1,berbasis akrual,berbasi akrual,,2015,2,14,ok,1,0,0,0.825925925925926,SOC,SOC,38.0,55.0,137.0
43594,2015,1,68ga psma,68ga psma,,2015,2,27,ok,1,0,0,1.0,Med,BGM+Med,29.0,116.0,245.0
43682,2015,1,solutions uk,solut uk,,2015,2,33,ok,1,0,0,1.0,SOC,SOC,27.0,1.0,32.0
43751,2015,1,nasal microbiota,nasal microbiota,,2015,2,27,ok,1,0,0,0.6666666666666666,Med,BGM+Med,28.0,15.0,51.0
46174,2015,1,beneficial rhizobacterium bacillus,benefici rhizobacterium bacillu,,2015,3,11;13,ok,2,1,0,0.5,LIFEENV,LIFEENV,24.0,1.0,25.0
47478,2015,1,level zone,level zone,,2015,2,33,ok,1,0,0,1.0,SOC,SOC,48.0,17.0,104.0
47870,2015,1,pi rads,pi rad,,2014,2,27,ok,1,0,0,0.9416666666666667,Med,BGM+Med,23.0,67.0,142.0
48226,2015,1,uin sunan,uin sunan,,2013,2,33,ok,1,0,0,0.7402298850574713,SOC,SOC,37.0,88.0,179.0
48264,2015,1,acute hypoxemic respiratory,acut hypoxem respiratori,,2015,3,27,ok,1,0,0,1.0,Med,BGM+Med,22.0,32.0,69.0
48609,2015,1,adv sci,adv sci,,2015,2,22,ok,1,0,0,1.0,Eng,CS+Eng,32.0,38.0,109.0
49652,2015,1,menghadapi mea,menghadapi mea,,2015,2,33,ok,1,0,0,0.7125,SOC,SOC,22.0,23.0,64.0
50695,2015,1,hybrid warfare,hybrid warfar,,2015,2,33,ok,1,0,0,0.9041666666666667,SOC,SOC,23.0,51.0,121.0
51288,2015,1,kabupaten luwu,kabupaten luwu,,2016,2,14,ok,1,0,0,0.41333333333333333,SOC,SOC,21.0,84.0,205.0
51313,2015,1,lava jato,lava jato,,2015,2,33,ok,1,0,0,0.908974358974359,SOC,SOC,33.0,63.0,131.0
52111,2015,1,ac microgrids,ac microgrid,ac microgrid,2016,2,22,ok,1,0,0,0.919047619047619,Eng,CS+Eng,22.0,45.0,100.0
52795,2015,1,deep convolutional neural,deep convolut neural,deep convolution neural,2015,3,17,weak_home,1,0,1,0.375,CS,CS+Eng,60.0,266.0,454.0
55262,2015,1,menggunakan raspberry,menggunakan raspberri,,2015,2,17,ok,1,0,0,0.6622222222222223,CS,CS+Eng,24.0,37.0,88.0
56623,2015,1,evolution of plumage,evolut of plumag,,2015,3,13,ok,1,0,0,1.0,BGM,BGM+Med,30.0,3.0,34.0
57594,2015,1,rgo nanocomposite,rgo nanocomposit,rgo nanocomposites,2013,2,25;22,ok,2,1,0,0.5,PHYS,PHYS,34.0,95.0,192.0
58539,2015,1,ajkd atlas,ajkd atla,,2015,2,27,ok,1,0,0,1.0,Med,BGM+Med,25.0,23.0,83.0
58955,2015,1,weekly outlook,weekli outlook,,2015,2,11,ok,1,0,0,1.0,LIFEENV,LIFEENV,34.0,45.0,124.0
59524,2015,1,sosial instagram,sosial instagram,,2015,2,33,ok,1,0,0,0.8333333333333334,SOC,SOC,23.0,87.0,156.0
59998,2015,1,gender profile,gender profil,gender profiling|gender profiles,2015,2,27,weak_home,1,0,1,0.3333333333333333,Med,BGM+Med,59.0,45.0,110.0
62179,2015,1,smart factory,smart factori,smart factories,2015,2,22,ok,1,0,0,0.4914529914529915,Eng,CS+Eng,31.0,85.0,177.0
62499,2015,1,ratio and platelet,ratio and platelet,,2015,3,27,ok,1,0,0,0.8546666666666667,Med,BGM+Med,33.0,54.0,119.0
64371,2015,1,mad max,mad max,,2015,2,33;12,ok,2,1,0,0.4888888888888889,SOC,SOC,33.0,18.0,68.0
65516,2015,1,sensor ultrasonik,sensor ultrasonik,,2016,2,17,ok,1,0,0,0.7076923076923076,CS,CS+Eng,25.0,30.0,88.0
66520,2015,1,korus aq,koru aq,,2015,2,33,ok,1,0,0,0.7,SOC,SOC,27.0,29.0,62.0
66942,2015,1,pcsk9 inhibitors,pcsk9 inhibitor,pcsk9 inhibitor,2014,2,27,ok,1,0,0,0.7906976744186046,Med,BGM+Med,64.0,129.0,290.0
67180,2015,1,arduino mega,arduino mega,,2014,2,22,ok,1,0,0,0.7333333333333333,Eng,CS+Eng,26.0,46.0,103.0
67576,2015,1,quality permanent draft,qualiti perman draft,,2015,3,13,ok,1,0,0,1.0,BGM,BGM+Med,23.0,6.0,35.0
67973,2015,1,stikom bali,stikom bali,,2015,2,17,ok,1,0,0,1.0,CS,CS+Eng,42.0,36.0,105.0
68250,2015,1,handbook of north,handbook of north,,2015,3,33,ok,1,0,0,1.0,SOC,SOC,167.0,1.0,168.0
69643,2015,1,chordate species,chordat speci,,2015,2,13,ok,1,0,0,1.0,BGM,BGM+Med,31.0,1.0,32.0
70988,2015,1,st joseph health,st joseph health,,2015,3,27,ok,1,0,0,1.0,Med,BGM+Med,30.0,1.0,31.0
72349,2015,1,enhanced insecticidal,enhanc insecticid,enhances insecticide,2015,2,13,ok,1,0,0,0.6666666666666666,BGM,BGM+Med,29.0,20.0,50.0
72413,2015,1,enhanced hydrogen evolution,enhanc hydrogen evolut,,2013,3,22,ok,1,0,0,0.4901960784313726,Eng,CS+Eng,26.0,47.0,99.0
73427,2015,1,figure s1,figur s1,figures s1,2015,2,27,ok,1,0,0,0.6666666666666666,Med,BGM+Med,1193.0,3058.0,7681.0
75854,2015,1,hairpin assembly,hairpin assembli,hairpin assemblies,2015,2,16,ok,1,0,0,0.7316666666666667,PHYS,PHYS,20.0,33.0,76.0
76666,2015,1,young scientist presentation,young scientist present,,2015,3,22,ok,1,0,0,1.0,Eng,CS+Eng,73.0,4.0,138.0
77156,2015,1,sebagai pemoderasi,sebagai pemoderasi,,2014,2,14,ok,1,0,0,0.9527777777777778,SOC,SOC,25.0,111.0,269.0
77455,2015,1,test avis,test avi,,2015,2,32,ok,1,0,0,1.0,SOC,SOC,60.0,24.0,204.0
77469,2015,1,space to ground,space to ground,,2015,3,22,ok,1,0,0,0.6,Eng,CS+Eng,69.0,35.0,149.0
77570,2015,1,dengan pendekatan arsitektur,dengan pendekatan arsitektur,,2014,3,22,ok,1,0,0,0.7652173913043477,Eng,CS+Eng,62.0,122.0,229.0
77695,2015,1,wolaita zone,wolaita zone,,2014,2,11,ok,1,0,0,0.5,LIFEENV,LIFEENV,32.0,80.0,177.0
78974,2015,1,efikasi diri terhadap,efikasi diri terhadap,,2015,3,33,ok,1,0,0,0.867948717948718,SOC,SOC,28.0,42.0,84.0
79245,2015,1,cold snare polypectomy,cold snare polypectomi,,2015,3,27,ok,1,0,0,0.9333333333333333,Med,BGM+Med,20.0,15.0,43.0
79341,2015,1,mu text,mu text,,2015,2,22,ok,1,0,0,1.0,Eng,CS+Eng,39.0,61.0,166.0
80180,2015,1,sodium storage,sodium storag,,2015,2,22,ok,1,0,0,0.6956521739130435,Eng,CS+Eng,52.0,132.0,265.0
80434,2015,1,figure s5,figur s5,,2015,2,27,ok,1,0,0,1.0,Med,BGM+Med,186.0,451.0,1212.0
82042,2015,1,toxicology pharmacology,toxicologi pharmacologi,,2015,2,27,ok,1,0,0,1.0,Med,BGM+Med,20.0,23.0,54.0
83313,2015,1,rna malat1,rna malat1,,2015,2,13,ok,1,0,0,0.8,BGM,BGM+Med,22.0,56.0,115.0
83472,2015,1,energy food nexus,energi food nexu,,2014,3,23,ok,1,0,0,0.6571428571428571,LIFEENV,LIFEENV,39.0,53.0,135.0
84755,2015,1,asthma copd overlap,asthma copd overlap,,2015,3,27,ok,1,0,0,0.9032258064516129,Med,BGM+Med,41.0,73.0,176.0
86032,2015,1,replication disease,replic diseas,,2015,2,27,ok,1,0,0,1.0,Med,BGM+Med,22.0,1.0,23.0
86202,2015,1,maven observations,maven observ,,2015,2,19;31,ok,2,1,0,0.5627450980392157,PHYS,PHYS,20.0,32.0,72.0
86592,2015,1,organ tubuh manusia,organ tubuh manusia,,2015,3,33,ok,1,0,0,0.8636363636363636,SOC,SOC,20.0,14.0,38.0
87069,2015,1,financing to deposit,financ to deposit,,2015,3,14;33,ok,2,1,0,0.5357142857142857,SOC,SOC,21.0,33.0,74.0
87778,2015,1,departemen pendidikan bahasa,departemen pendidikan bahasa,,2015,3,17,ok,1,0,0,1.0,CS,CS+Eng,20.0,11.0,38.0
88530,2015,1,dielectric metasurfaces,dielectr metasurfac,dielectric metasurface,2015,2,22,ok,1,0,0,0.796551724137931,Eng,CS+Eng,28.0,76.0,136.0
88968,2015,1,free spins,free spin,free spin|free spinning,2015,2,31,ok,1,0,0,0.5882352941176471,PHYS,PHYS,53.0,72.0,172.0
89125,2015,1,paritaprevir ritonavir,paritaprevir ritonavir,,2015,2,27,ok,1,0,0,0.8333333333333334,Med,BGM+Med,33.0,66.0,175.0
91259,2015,1,physical frailty,physic frailti,,2015,2,27,ok,1,0,0,0.8450000000000001,Med,BGM+Med,27.0,53.0,101.0
92819,2015,1,destinasi wisata,destinasi wisata,,2015,2,33,ok,1,0,0,0.7533333333333334,SOC,SOC,28.0,61.0,129.0
93188,2015,1,centre val,centr val,,2015,2,36,weak_home,1,0,1,0.3,Med,BGM+Med,20.0,33.0,82.0
93450,2015,1,perovskite films,perovskit film,perovskite film,2015,2,22,ok,1,0,0,0.4102564102564103,Eng,CS+Eng,52.0,141.0,311.0
93765,2015,1,potential gene,potenti gene,potential genes|potentiate gene|potentiates gene,2014,2,13,weak_home,1,0,1,0.3941176470588236,BGM,BGM+Med,39.0,50.0,110.0
95357,2015,1,pengaruh efikasi,pengaruh efikasi,,2015,2,33,ok,1,0,0,0.8200000000000001,SOC,SOC,26.0,32.0,81.0
96240,2015,1,pada perusahaan sub,pada perusahaan sub,,2014,3,14,ok,1,0,0,0.8368421052631578,SOC,SOC,29.0,69.0,127.0
96327,2015,1,wireless powered communication,wireless power commun,wireless powered communications,2015,3,22,ok,1,0,0,0.9277777777777778,Eng,CS+Eng,20.0,44.0,89.0
96376,2015,1,dietary inflammatory,dietari inflammatori,,2014,2,27,ok,1,0,0,0.9763440860215054,Med,BGM+Med,21.0,66.0,123.0
97288,2015,1,organic inorganic perovskite,organ inorgan perovskit,organic inorganic perovskites,2015,3,22,ok,1,0,0,0.5121951219512195,Eng,CS+Eng,50.0,71.0,183.0
98888,2015,1,certificate iii,certif iii,,2017,2,11,ok,1,0,0,1.0,LIFEENV,LIFEENV,22.0,34.0,60.0
100260,2015,1,endovascular balloon,endovascular balloon,,2016,2,27,ok,1,0,0,1.0,Med,BGM+Med,21.0,65.0,126.0
100572,2015,1,variational mode,variat mode,variation mode,2016,2,22,ok,1,0,0,0.7658536585365854,Eng,CS+Eng,20.0,65.0,131.0
101180,2015,1,island house,island hous,,2015,2,12,ok,1,0,0,1.0,SOC,SOC,30.0,1.0,31.0
101319,2015,1,migration crisis,migrat crisi,,2015,2,33,ok,1,0,0,0.9162962962962963,SOC,SOC,24.0,83.0,184.0
101645,2015,1,hours image,hour imag,hour image|hours imaging,2015,2,27,ok,1,0,0,1.0,Med,BGM+Med,248.0,1.0,250.0
102772,2015,1,paket keahlian,paket keahlian,,2015,2,33,ok,1,0,0,0.7809523809523811,SOC,SOC,41.0,45.0,194.0
104692,2015,1,differentially abundant,differenti abund,differential abundance|differential abundances,2015,2,13,ok,1,0,0,0.5517241379310345,BGM,BGM+Med,25.0,46.0,107.0
106183,2015,1,sdn nfv,sdn nfv,,2015,2,22,weak_home,1,0,1,0.3823529411764706,Eng,CS+Eng,24.0,26.0,70.0
106506,2015,1,rnai plants,rnai plant,,2015,2,11,ok,1,0,0,0.5,LIFEENV,LIFEENV,32.0,1.0,33.0
106895,2015,1,member mgm program,member mgm program,,2016,3,22,ok,1,0,0,0.7666666666666667,Eng,CS+Eng,22.0,43.0,133.0
106984,2015,1,wahab sjahranie samarinda,wahab sjahrani samarinda,,2015,3,11,weak_home,1,0,1,0.3,LIFEENV,LIFEENV,67.0,74.0,152.0
107234,2015,1,tentang desa,tentang desa,,2015,2,33,ok,1,0,0,0.9935483870967742,SOC,SOC,37.0,48.0,130.0
108226,2015,1,hasan sadikin general,hasan sadikin gener,,2015,3,27,ok,1,0,0,1.0,Med,BGM+Med,21.0,25.0,81.0
109039,2015,1,guru kelas,guru kela,,2015,2,33,ok,1,0,0,0.9666666666666667,SOC,SOC,41.0,65.0,162.0
109116,2015,1,ombitasvir paritaprevir,ombitasvir paritaprevir,,2016,2,27,ok,1,0,0,0.8666666666666667,Med,BGM+Med,34.0,56.0,161.0
109876,2015,1,dalam menghadapi masyarakat,dalam menghadapi masyarakat,,2014,3,33,ok,1,0,0,0.7898550724637681,SOC,SOC,25.0,40.0,101.0
109959,2015,1,terhadap pertumbuhan benih,terhadap pertumbuhan benih,,2015,3,11,ok,1,0,0,0.6888888888888889,LIFEENV,LIFEENV,20.0,25.0,60.0
110987,2015,1,oct angiography,oct angiographi,oct angiographie,2015,2,27,ok,1,0,0,0.9032258064516129,Med,BGM+Med,35.0,170.0,313.0
111057,2015,1,road initiative,road initi,road initiatives,2015,2,33,ok,1,0,0,0.728,SOC,SOC,42.0,191.0,308.0
113960,2015,1,filgueira valverde,filgueira valverd,,2015,2,12,ok,1,0,0,0.9666666666666667,SOC,SOC,27.0,1.0,36.0
116931,2015,1,master saao,master saao,,2015,2,31,ok,1,0,0,1.0,PHYS,PHYS,46.0,2.0,60.0
118831,2015,1,agronomy farm,agronomi farm,,2015,2,27,weak_home,1,0,1,0.3333333333333333,Med,BGM+Med,51.0,1.0,52.0
119002,2015,1,sebagai destinasi,sebagai destinasi,,2015,2,33,ok,1,0,0,0.9568627450980391,SOC,SOC,20.0,33.0,82.0
119027,2015,1,specific expression differences,specif express differ,,2015,3,13,ok,1,0,0,1.0,BGM,BGM+Med,27.0,1.0,28.0
119257,2015,1,jaminan sosial bpjs,jaminan sosial bpj,,2015,3,33,ok,1,0,0,0.8380952380952381,SOC,SOC,24.0,35.0,93.0
120792,2015,1,profitabilitas leverage,profitabilita leverag,,2015,2,14,ok,1,0,0,0.7933333333333333,SOC,SOC,25.0,66.0,139.0
121323,2015,1,density genetic,densiti genet,,2015,2,13,ok,1,0,0,0.582051282051282,BGM,BGM+Med,41.0,52.0,130.0
122184,2015,1,mitophagy regulation,mitophagi regul,,2015,2,13;27,ok,2,1,0,0.5,BGM,BGM+Med,29.0,1.0,31.0
122581,2015,1,atlas of renal,atla of renal,,2015,3,27,ok,1,0,0,1.0,Med,BGM+Med,25.0,23.0,83.0
124017,2015,1,conversion for biofuel,convers for biofuel,,2015,3,22;23,ok,2,1,0,0.5,Eng,CS+Eng,54.0,1.0,56.0
124819,2015,1,biofield treated,biofield treat,,2015,2,11,weak_home,1,0,1,0.3636363636363636,LIFEENV,LIFEENV,119.0,1.0,137.0
125535,2015,1,polymerization induced self,polymer induc self,,2015,3,25,ok,1,0,0,0.9352941176470588,PHYS,PHYS,23.0,50.0,109.0
128587,2015,1,wolf optimizer,wolf optim,wolf optimization,2015,2,22,ok,1,0,0,0.5567375886524822,Eng,CS+Eng,32.0,85.0,171.0
128702,2015,1,figure s3,figur s3,,2015,2,27,ok,1,0,0,1.0,Med,BGM+Med,388.0,970.0,2491.0
128745,2015,1,bifunctional electrocatalyst,bifunct electrocatalyst,bifunctional electrocatalysts,2014,2,22,ok,1,0,0,0.48387096774193544,Eng,CS+Eng,42.0,134.0,284.0
128818,2015,1,biofield energy,biofield energi,,2015,2,11,weak_home,1,0,1,0.3055555555555555,LIFEENV,LIFEENV,111.0,82.0,245.0
129102,2015,1,epithelium gene,epithelium gene,,2015,2,11,ok,1,0,0,1.0,LIFEENV,LIFEENV,25.0,3.0,28.0
129523,2015,1,auto encoder,auto encod,auto encoders,2015,2,17,ok,1,0,0,0.5692307692307692,CS,CS+Eng,22.0,66.0,121.0
129566,2015,1,materials for perovskite,materi for perovskit,material for perovskite,2015,3,22,ok,1,0,0,0.4103448275862069,Eng,CS+Eng,20.0,33.0,83.0
129945,2015,1,orthogonal multiple access,orthogon multipl access,,2015,3,22,ok,1,0,0,0.7073170731707317,Eng,CS+Eng,45.0,112.0,237.0
130689,2015,1,ledipasvir sofosbuvir,ledipasvir sofosbuvir,,2016,2,27,ok,1,0,0,0.9024390243902439,Med,BGM+Med,47.0,124.0,297.0
130712,2015,1,harjosari ii,harjosari ii,,2015,2,33,ok,1,0,0,1.0,SOC,SOC,20.0,1.0,28.0
130968,2015,1,cyber resilience,cyber resili,cyber resiliency|cyber resilient,2015,2,14,ok,1,0,0,0.46153846153846156,SOC,SOC,22.0,27.0,64.0
131374,2015,1,staff profile,staff profil,staff profiles,2015,2,27;33,ok,2,1,0,0.5,Med,BGM+Med,23.0,14.0,67.0
